,Close,High,Low,Open,Volume,SimpleReturn,LogReturn
2018-01-02,40.267066955566406,40.27641925330551,39.56579443310673,39.77617832995853,102223600.0,,
2018-01-03,40.26006317138672,40.80238241744237,40.19695119893329,40.33019115208112,118071600.0,-0.00017393330851278588,-0.00017394843666490944
2018-01-04,40.447059631347656,40.54991350126068,40.22499072141163,40.332517173152446,89738400.0,0.004644713525780997,0.004633960128688992
2018-01-05,40.90757369995117,40.99406285723671,40.45174716352319,40.54291247080879,94640000.0,0.01138560065430827,0.011321272519000935
2018-01-08,40.75563049316406,41.05016372371372,40.657449182790344,40.75563049316406,82271200.0,-0.003714305030691478,-0.0037212201902739723
2018-01-09,40.750953674316406,40.921595685232134,40.53589715868877,40.802380620103136,86336000.0,-0.00011475270511251967,-0.00011475928970792324
2018-01-10,40.741600036621094,40.74393989480724,40.440054379738385,40.477456442146824,95839600.0,-0.00022953174961415357,-0.00022955809605783471
2018-01-11,40.973018646240234,41.02210929584681,40.788351771134415,40.8117253834916,74670800.0,0.005680155158636957,0.005664083906740085
2018-01-12,41.39613723754883,41.45925279544963,41.059525684555624,41.18341694130197,101672400.0,0.010326761495456083,0.010273804762966165
2018-01-16,41.18574905395508,41.933772604993706,41.17406046145214,41.58547252280897,118263600.0,-0.005082314380843167,-0.005095273266643653
2018-01-17,41.8659782409668,41.901040446396664,40.92393560860837,41.176390621417674,137547200.0,0.016516130036158705,0.016381222171047993
2018-01-18,41.903377532958984,42.099736587663685,41.66728368925117,41.9290910063812,124773600.0,0.0008933098798487027,0.0008929111160400815
2018-01-19,41.71637344360352,41.97818075507873,41.47092730566695,41.75143564894141,129700400.0,-0.00446274501878452,-0.004472732791669001
2018-01-22,41.37507247924805,41.55740302177423,41.28157091733676,41.44520043410949,108434400.0,-0.008181462964820807,-0.008215114806161817
2018-01-23,41.38444137573242,41.9454617211586,41.33301798842127,41.44522063076343,130756400.0,0.0002264381890586531,0.00022641255580141357
2018-01-24,40.72523498535156,41.44520856729474,40.48680131877495,41.43351997804808,204420400.0,-0.015928845925353374,-0.016057073492731534
2018-01-25,39.99825668334961,40.89588486778186,39.86267686900453,40.79303096952992,166116000.0,-0.01785080680967066,-0.0180120542751522
2018-01-26,40.09175491333008,40.206297393461384,39.75280718937289,40.206297393461384,156572000.0,0.002337557627090092,0.0023348297894182327
2018-01-29,39.26192092895508,39.7761868421077,39.05387684544463,39.7761868421077,202561600.0,-0.02069837018032572,-0.020915583986708536
2018-01-30,39.03049850463867,39.124000098125286,38.499867866116375,38.69388706111541,184192800.0,-0.005894322509975236,-0.005911762594324072
2018-01-31,39.13802337646485,39.37412077565685,38.92063057543217,39.00711972420556,129915600.0,0.0027548936330752394,0.00275110586860789
2018-02-01,39.219844818115234,39.41620032091382,38.98141109794126,39.07725255770871,188923200.0,0.0020905869686711487,0.0020884047326412223
2018-02-02,37.518089294433594,38.990762671698725,37.42458769489759,38.80375590576933,346375200.0,-0.0433901646366438,-0.044359666204689244
2018-02-05,36.58072662353515,38.30819507475602,36.46618412011472,37.19083407744985,290954000.0,-0.024984285941169082,-0.02530169113075073
2018-02-06,38.10948944091797,38.270782705665994,35.99865925194776,36.19267842788692,272975200.0,0.04179148307019287,0.04094181108934848
2018-02-07,37.293678283691406,38.19598257725575,37.183815515739305,38.12351830681923,206434400.0,-0.021407034552150983,-0.021639488536509568
2018-02-08,36.26748275756836,37.634965863191155,36.23943299272922,37.46899643189285,217562000.0,-0.027516607997656428,-0.027902281267911718
2018-02-09,36.711082458496094,37.05845311203358,35.2629186182967,36.86599229990847,282690400.0,0.012231334164904517,0.012157135814355638
2018-02-12,38.18978118896485,38.46673810761284,36.969282632193874,37.20164752433168,243278000.0,0.040279355209438705,0.039489287862171575
2018-02-13,38.57234191894531,38.66857413140311,37.94096978650724,38.01138368785197,130196800.0,0.010017358520268305,0.009967517359210237
2018-02-14,39.28351211547851,39.32341248785229,38.22966380983118,38.26721478410091,162579600.0,0.018437309251992717,0.018269402754965944
2018-02-15,40.60259246826172,40.62606138201437,39.66609578151257,39.851515600178224,204588800.0,0.03357847304756301,0.033027026669446534
2018-02-16,40.471153259277344,41.032115117639805,40.31624696133215,40.454725377080166,160704400.0,-0.003237212231882003,-0.003242463339093925
2018-02-20,40.33501052856445,40.900660247326115,40.234083127038424,40.38195192353985,135722000.0,-0.0033639449274077693,-0.003369615711186118
2018-02-21,40.151947021484375,40.867811539145606,40.13786137607023,40.56503641863772,149886400.0,-0.004538575909145637,-0.004548906514127849
2018-02-22,40.487579345703125,40.82790900653201,40.30215954364588,40.32328263855121,123967600.0,0.008359054768605878,0.008324311350776938
2018-02-23,41.19171905517578,41.22692422009872,40.73168460558105,40.762198136114456,135249600.0,0.017391499340090544,0.017241998093551043
2018-02-26,42.00614929199219,42.10472729761741,41.358349434426906,41.39120876963531,152648800.0,0.019771698183450148,0.019578776933213603
2018-02-27,41.87002182006836,42.36056609144427,41.816039387401,42.036667914040706,155712400.0,-0.003240655813928184,-0.003245918110918112
2018-02-28,41.80664825439453,42.39342471689793,41.79022037577208,42.07421817804011,151128400.0,-0.001513578520359271,-0.0015147251374706566
2018-03-01,41.07435607910156,42.19627249006448,40.52513412020834,41.90523004911441,195208000.0,-0.017516165630809488,-0.017671388942336122
2018-03-02,41.35834884643555,41.37947193704088,40.47583485955829,40.55798498711084,153816000.0,0.0069141136817110205,0.0068903208058503276
2018-03-05,41.50152969360352,41.71746301418378,40.96169460145311,41.12364548723818,113605600.0,0.0034619575288077353,0.003455978748723664
2018-03-06,41.46633529663086,41.83717859982234,41.33959310558097,41.757377828368675,95154000.0,-0.0008480265000470055,-0.0008483862779345657
2018-03-07,41.0814094543457,41.27387392830294,40.90303062936639,41.06028635297987,126814000.0,-0.009282851728554697,-0.00932620590550923
2018-03-08,41.52969741821289,41.57194361047891,41.09078970758341,41.18701833932262,95096400.0,0.01091218558032625,0.010853077294882664
2018-03-09,42.24322509765625,42.247920313816614,41.63532532601025,41.76911212607628,128740800.0,0.017181143225244,0.017035216471508925
2018-03-12,42.651611328125,42.80886700334209,42.29719960470139,42.31597330142616,128828400.0,0.009667496492624661,0.009621065257760105
2018-03-13,42.240875244140625,43.06940353794993,42.069537475364825,42.855815990569,126774000.0,-0.009630025014167098,-0.00967669355957618
2018-03-14,41.88176727294922,42.369965835063375,41.73389842335402,42.3230244232332,117473600.0,-0.008501433010463466,-0.008537776318805828
2018-03-15,41.93106842041016,42.30426118462739,41.79493935533624,41.89586324520162,90975200.0,0.0011771505996784892,0.0011764583011511505
2018-03-16,41.783180236816406,42.04135973699052,41.689293851971776,41.931045473172695,157618800.0,-0.0035269357344057672,-0.0035331700352117423
2018-03-19,41.144779205322266,41.654100905167574,40.75985386813316,41.618895738906545,133787200.0,-0.015278899975440963,-0.015396825086969103
2018-03-20,41.13069152832031,41.49683953309172,41.06027762400275,41.13069152832031,78597600.0,-0.0003423928205241733,-0.000342451450329278
2018-03-21,40.19889450073242,41.09548733194154,40.19654510210862,41.08375108302355,148219600.0,-0.02265454318817628,-0.0229151000700717
2018-03-22,39.63088607788086,40.52982452051389,39.57220842812468,39.90080183419946,165963200.0,-0.014129951330905666,-0.014230729547069861
2018-03-23,38.713191986083984,39.88205052759265,38.713191986083984,39.5229433637472,164115200.0,-0.02315603264568611,-0.023428345574644408
2018-03-26,40.55094909667969,40.62840402011539,39.06523065201155,39.44781005466082,150164800.0,0.04747108198301797,0.046378765734294294
2018-03-27,39.51118087768555,41.10955946368787,39.177892261077965,40.764534600998445,163690400.0,-0.025641032877311343,-0.02597549382997496
2018-03-28,39.07462310791016,39.90550071027378,38.77184798320467,39.25535128853273,166674000.0,-0.011048967914343844,-0.011110461137632291
2018-03-29,39.37974548339844,40.31154688271614,39.173199002522075,39.386786515119255,153594000.0,0.007808709367346456,0.0077783791870771465
2018-04-02,39.12156677246094,39.65201509761951,38.60285827668735,39.11217992291302,150347200.0,-0.0065561294967317885,-0.006577715311712814
2018-04-03,39.522926330566406,39.607422308079656,38.69909323586246,39.3468933425305,121112000.0,0.010259291516616864,0.010207022179008688
2018-04-04,40.278690338134766,40.372573155198666,38.673270529102645,38.69908884100521,138422000.0,0.019122167251665934,0.01894163640837458
2018-04-05,40.5579948425293,40.89362930170126,40.38900291382461,40.50635822090288,107732800.0,0.006934299552686651,0.006910367866834314
2018-04-06,39.52056884765625,40.482880082690045,39.47831908067078,40.12846839403067,140021200.0,-0.025578828512133334,-0.02591165454511496
2018-04-09,39.91254425048828,40.62606300601005,39.8656028397066,39.872643872253846,116070800.0,0.009918263179435005,0.009869400033243764
2018-04-10,40.66361618041992,40.839649150897934,40.25991361494503,40.60493852359392,113634400.0,0.01881794167813422,0.018643074566975476
2018-04-11,40.47349548339844,40.820866160421915,40.29980835418697,40.42420468274402,89726400.0,-0.004675449821726185,-0.0046864139253366
2018-04-12,40.87250518798828,41.07435645439156,40.61432208628652,40.70116744671329,91557200.0,0.009858543222527327,0.009810264829061015
2018-04-13,41.010986328125,41.27151526401716,40.804443414359966,41.0227225756048,100497200.0,0.0033881245962241735,0.003382397833761952
2018-04-16,41.26683044433594,41.35367224350645,41.03446559890611,41.08140701517665,86313600.0,0.0062384287508705505,0.006219050306500875
2018-04-17,41.83483123779297,41.99912799101432,41.40531028061391,41.42408756403929,106421600.0,0.013764100303831128,0.01367023540508966
2018-04-18,41.74093246459961,41.97095143242037,41.51561229299504,41.73389143307444,83018000.0,-0.002244511819818995,-0.002247034511988807
2018-04-19,40.5579948425293,41.16589447365878,40.525135499803376,40.78331502653571,139235200.0,-0.028339990321815667,-0.028749319992192202
2018-04-20,38.896240234375,40.18714851166951,38.8281721559885,40.04162908827687,261964400.0,-0.040972306806740244,-0.0418353273589521
2018-04-23,38.78358840942383,39.177900575378345,38.51366901785712,39.15677747678798,146062000.0,-0.002896213728431629,-0.0029004158709084018
2018-04-24,38.243751525878906,39.03942043706122,37.84004894625956,38.88451055807703,134768000.0,-0.013919209275997546,-0.014016989882266366
2018-04-25,38.41038513183594,38.82582386282192,38.11934630361461,38.16863352002018,113528400.0,0.004357145920798944,0.004347681043785354
2018-04-26,38.544166564941406,38.89857820390743,38.34466116613745,38.52069407752962,111852000.0,0.0034829495368580154,0.003476898115246523
2018-04-27,38.09824752807617,38.570014807500655,37.7015858201504,38.492559836597856,142623200.0,-0.011569040833038224,-0.01163648285016634
2018-04-30,38.788272857666016,39.25769406239759,37.98556302734298,38.053631107612816,169709600.0,0.01811173411798883,0.01794967057091922
2018-05-01,39.68956756591797,39.71303647925035,38.79062545495093,39.05819542045914,214277600.0,0.023236268125659043,0.0229704164377912
2018-05-02,41.44285583496094,41.719812647104675,40.792706415671205,41.12834088273352,266157600.0,0.0441750408625905,0.04322713906795131
2018-05-03,41.51795959472656,41.66113320985868,40.94291931740563,41.28090316830111,136272800.0,0.0018122245258558323,0.0018105844281743188
2018-05-04,43.146846771240234,43.24542478603207,41.81838401597067,41.83716129232139,224805200.0,0.039233314748939874,0.03848324393290166
2018-05-07,43.45901107788086,44.048133333878766,43.36277888225993,43.4637027107898,169805600.0,0.007234927462850038,0.007208880929553727
2018-05-08,43.66791915893555,43.70781954150424,43.10930664017297,43.419126431506974,113611200.0,0.004807014146739563,0.004795497347101777
2018-05-09,43.97538375854492,43.98477060792433,43.47310315384662,43.78526872136192,92844800.0,0.0070409720804491815,0.007016300178282987
2018-05-10,44.60440444946289,44.68185938348441,44.043446213428126,44.0645728909975,111957200.0,0.014303927269213368,0.014202591293345817
2018-05-11,44.43476867675781,44.78112407982736,44.1661668942968,44.646824986202176,104848800.0,-0.0038031170867279807,-0.0038103673246892714
2018-05-14,44.331085205078125,44.656235967916,44.262758245240285,44.53371481746541,83115200.0,-0.002333386102084556,-0.0023361126897154865
2018-05-15,43.92818832397461,44.076627354090526,43.612464172969005,44.00829679299813,94780800.0,-0.009088360441430465,-0.009129911534996262
2018-05-16,44.338165283203125,44.40414099361598,43.82452472981287,43.84101955621875,76732400.0,0.00933289022085071,0.00928960789198708
2018-05-17,44.05777359008789,44.510155226195536,43.9093345737116,44.295744112587485,69176000.0,-0.0063239354024750005,-0.006344016186449105
2018-05-18,43.89756393432617,44.25098751204256,43.85515483070127,44.104906917053825,73190800.0,-0.003636353875988041,-0.0036429814825037123
2018-05-21,44.20857238769531,44.59498196956539,44.0389288058782,44.29574904119214,73603200.0,0.007084868167956504,0.007059888405629158
2018-05-22,44.09782791137695,44.50308713532342,44.00829280986027,44.385279304995024,60962800.0,-0.0025050452963548686,-0.0025081881721178466
2018-05-23,44.38057327270508,44.41355932680517,43.76797101632021,43.90698701129441,80233600.0,0.0064117752442671705,0.006391307257541012
2018-05-24,44.331085205078125,44.493660586497064,43.87399384244604,44.47716935972642,92936000.0,-0.0011150840103588688,-0.0011157061790905548
2018-05-25,44.43240737915039,44.6845142986647,44.21328291731223,44.34994044932966,69844000.0,0.0022855784739657103,0.0022829705125297804
2018-05-29,44.27217483520508,44.47244955605774,44.02949102723114,44.20149302333628,90056400.0,-0.003606208922645515,-0.0036127269690520796
2018-05-30,44.177940368652344,44.29574820963541,44.00829679001992,44.22977610630169,74762000.0,-0.0021285258043794997,-0.0021307943350851923
2018-05-31,44.029502868652344,44.349940351070494,43.8575044214986,44.11196979829037,109931200.0,-0.003359991406600926,-0.003365648853931457
2018-06-01,44.82353210449219,44.828241829945235,44.23684771666393,44.293396778992886,93770000.0,0.01803402682534405,0.017873342741966045
2018-06-04,45.19816207885742,45.57279019489144,45.085067544721014,45.153394518725605,105064800.0,0.008357886065111897,0.00832315233488302
2018-06-05,45.546871185302734,45.69531022935619,45.32303698544506,45.49032571725215,86264000.0,0.007715116951811485,0.007685507632417171
2018-06-06,45.70473861694336,45.7283016281917,45.219370784997885,45.62227526799568,83734400.0,0.0034660433863471507,0.003460050501708881
2018-06-07,45.58221435546875,45.756567670436446,45.318322329900795,45.74243130384017,85388800.0,-0.002680778080835333,-0.002684377801201574
2018-06-08,45.16753387451172,45.238219311227645,44.71279724984477,45.04265782757154,106627200.0,-0.00909741851773993,-0.009139052731192513
2018-06-11,45.05678176879883,45.23113865191412,44.816456383543546,45.08505809281272,73234000.0,-0.0024520290618609275,-0.0024550402084073755
2018-06-12,45.304176330566406,45.38192992552389,45.037929498912845,45.0944785484845,67644400.0,0.005490728632973507,0.005475709534626586
2018-06-13,44.93191146850586,45.44555554341027,44.870652683238966,45.33717074386563,86553600.0,-0.008217009825855381,-0.008250955533798671
2018-06-14,44.955474853515625,45.13689994342156,44.81881732042377,45.132186622912144,86440400.0,0.00052442427307553,0.0005242868107233976
2018-06-15,44.493656158447266,44.80467052589796,44.3569986571622,44.77403934253134,246876800.0,-0.010272802068561515,-0.010325931471496925
2018-06-18,44.4701042175293,44.5831987359482,44.107254061254174,44.26747459129005,73939600.0,-0.0005293325599967647,-0.0005294727059343551
2018-06-19,43.75148391723633,43.90227783524535,43.22370340659945,43.62189455131984,134314000.0,-0.016159627078402572,-0.01629161773005242
2018-06-20,43.94231033325195,44.10724053771301,43.76088531074038,43.90696943058487,82514800.0,0.0043615987146083945,0.004352114510462906
2018-06-21,43.697288513183594,44.37821773005367,43.57476734474176,44.11903902665944,102847600.0,-0.005575988567969037,-0.0055915924238720514
2018-06-22,43.57005310058594,43.85985939353976,43.51821736100589,43.85279121043432,108801600.0,-0.0029117461729751826,-0.002915993552727952
2018-06-25,42.92210388183594,43.570046939756935,42.58281675990922,43.211910133811,126652400.0,-0.014871435140419553,-0.014983123627312987
2018-06-26,43.45460510253906,43.94939954793936,43.00929153976301,43.11532148892775,98276800.0,0.012406223659704452,0.012329897101489748
2018-06-27,43.3909797668457,44.12609945793199,43.360348581313914,43.64308664748483,101141200.0,-0.001464179355518791,-0.0014652523135746016
2018-06-28,43.70671081542969,43.87399953844859,43.30616485853516,43.37685028509541,69460800.0,0.007276421281116718,0.0072500758508912706
2018-06-29,43.61481094360352,44.104891902626136,43.096457258455715,43.89283567105931,90950800.0,-0.002102649000842227,-0.002104862670844273
2018-07-02,44.10255432128906,44.13083065600819,43.21664039632856,43.310888853373946,70925200.0,0.011182975854606259,0.0111209086819145
2018-07-03,43.334449768066406,44.28398098492946,43.24491462958336,44.246281600809105,55819200.0,-0.017416328034584594,-0.017569776559057726
2018-07-05,43.68313980102539,43.92111390698373,43.41925142512887,43.65015375403833,66416800.0,0.008046485759603206,0.008014285410831972
2018-07-06,44.28866958618164,44.3970507610187,43.63601329433382,43.68784901976342,69940800.0,0.013861864964707316,0.013766668043679393
2018-07-09,44.90364074707031,44.92720016005415,44.60205293727909,44.64917535845704,79026400.0,0.013885518951794129,0.013789998353239156
2018-07-10,44.84944915771485,45.0685700292257,44.80939132562234,44.934270952056835,63756400.0,-0.0012068417717108204,-0.0012075705916810599
2018-07-11,44.267478942871094,44.71514733555964,44.20386169710242,44.41355952665594,75326000.0,-0.01297608389341054,-0.013061008731191209
2018-07-12,45.00965881347656,45.09919391389085,44.60439959451979,44.65623532684284,72164400.0,0.016765803888748154,0.016626809218941916
2018-07-13,45.080352783203125,45.200515497182295,44.979036161635726,45.021448857587984,50055600.0,0.0015706399823984807,0.0015694078174442933
2018-07-16,44.98139572143555,45.3913647528247,44.865942730126086,45.12512144726553,60172400.0,-0.0021951261615780204,-0.002197538982621707
2018-07-17,45.108619689941406,45.20757784076629,44.57848442788754,44.708073766542675,62138000.0,0.002828368628082112,0.00282437631957576
2018-07-18,44.861228942871094,45.191093088092565,44.750489273536566,45.186379767318016,65573600.0,-0.005484334230813959,-0.00549942840475114
2018-07-19,45.20992660522461,45.36778864020919,44.69392781889089,44.69392781889089,81147200.0,0.007772806732458504,0.007742754098629995
2018-07-20,45.10626602172851,45.33952324227363,44.80703310367688,45.18637448948724,82704800.0,-0.0022928721915713712,-0.002295504848014506
2018-07-23,45.14630889892578,45.2287758036567,44.66329616094973,44.92718450375423,63957600.0,0.0008877453340514485,0.0008873515212154877
2018-07-24,45.473819732666016,45.62932692206322,45.24998558773883,45.34423040816834,74791600.0,0.007254432128072086,0.007228245306069092
2018-07-25,45.90265655517578,45.90972473919883,45.33953152979535,45.48797058470053,66839600.0,0.00943041127907951,0.009386222545356497
2018-07-26,45.75893020629883,46.17125771308381,45.617559337316905,45.85317505547975,76304000.0,-0.0031311117844387004,-0.0031360239713595396
2018-07-27,44.99789047241211,45.98983426357745,44.79055107768745,45.94271183728596,96096000.0,-0.016631501882925614,-0.016771358158758493
2018-07-30,44.74576950073242,45.28532776392869,44.547853215165986,45.214642349023656,84118000.0,-0.005602950916871574,-0.005618706325106791
2018-07-31,44.83531188964844,45.27120239138466,44.61147768411243,44.837670347683925,157492000.0,0.0020011364183725178,0.001999136812102281
2018-08-01,47.4765625,47.5378212863695,46.48933216360012,46.91815445381714,271742800.0,0.05891005323777776,0.057240127448090906
2018-08-02,48.864349365234375,49.09761024779304,47.20561609711678,47.25980671197794,249616000.0,0.02923098876912955,0.02881191054186253
2018-08-03,49.005706787109375,49.182418547865296,48.41430912684515,48.7795141514494,133789600.0,0.0028928538640395907,0.002888677614547924
2018-08-06,49.26017761230469,49.30258671388447,48.788946198074015,49.0080670799903,101701600.0,0.005192677381448352,0.005179241922851736
2018-08-07,48.79836654663086,49.36148791169574,48.715899615615555,49.31907881246056,102349600.0,-0.009374937080179557,-0.009419158401217478
2018-08-08,48.83135223388672,48.96329644635382,48.1881224005045,48.548614122141466,90102000.0,0.0006759588402276417,0.0006757304829517524
2018-08-09,49.21540069580078,49.427453353804616,48.81956451359469,49.3685494382247,93970400.0,0.007864792686358424,0.007834026412651426
2018-08-10,49.06881332397461,49.44002903622106,48.86547303748079,49.02861861252826,98444800.0,-0.0029784857941567155,-0.0029829303104494573
2018-08-13,49.38564682006836,49.87744668704269,49.10901007136139,49.4896818929809,103563600.0,0.006456921914982372,0.00643616529600769
2018-08-14,49.59371566772461,49.785233134291715,49.24141574509612,49.690657765657285,82992000.0,0.004213144122913404,0.004204293681295661
2018-08-15,49.70956802368164,49.82778902521528,49.25796293194664,49.46839617036378,115230400.0,0.0023360289584517524,0.002333304684634522
2018-08-16,50.43781661987305,50.55367090797726,50.00039741215219,50.066600893302926,114001600.0,0.014650068893064416,0.014543793339191986
2018-08-17,51.44505310058594,51.532535490008144,50.399979846645785,50.466183320989956,141708000.0,0.019969866822427518,0.019773084528843046
2018-08-20,50.943790435791016,51.82335127939345,50.86103429992759,51.56799711668782,121150800.0,-0.009743651421932564,-0.009791431414504479
2018-08-21,50.84449005126953,51.3528425555406,50.60568491149106,51.26063031267377,104639200.0,-0.0019492146868546056,-0.0019511168780569487
2018-08-22,50.84686279296875,51.156601296459534,50.56076632942316,50.62224357048316,76072400.0,4.666664365848838e-05,4.6665554804548516e-05
2018-08-23,50.95088577270508,51.319734700207334,50.74045254571631,50.75227175897287,75532800.0,0.0020458092008521778,0.0020437193829694086
2018-08-24,51.10929870605469,51.28426346034547,50.861033908194834,51.21333375337259,73905600.0,0.0031091301151524586,0.0031043067651451233
2018-08-27,51.530174255371094,51.71932859234506,51.14950246004533,51.34338303977495,82100400.0,0.008234813624365955,0.008201092544705564
2018-08-28,51.94631576538086,52.14492621424723,51.761891261745056,51.783170179590904,91107200.0,0.00807568606206277,0.008043252209441425
2018-08-29,52.72183609008789,52.84242381895519,51.877740027109745,52.05270479790765,109019200.0,0.01492926520929272,0.01481892061635549
2018-08-30,53.206546783447266,53.970253487975114,52.58470312439228,52.78568028191906,195175200.0,0.009193736965668942,0.009151731825822757
2018-08-31,53.8213005065918,54.11448631513181,53.43589884273721,53.55648297936392,173360400.0,0.011554099266141149,0.011487860393300083
2018-09-04,53.9939079284668,54.1877885378754,53.58486418271568,54.00573075280354,109560400.0,0.0032070466571847422,0.003201915051659114
2018-09-05,53.6415901184082,54.30362837496612,53.22309041713026,54.14284956250599,133332000.0,-0.006525140031081955,-0.00654652182082959
2018-09-06,52.750205993652344,53.75508438603124,52.32460971766941,53.49026692107618,137160000.0,-0.016617406806700208,-0.01675702479823522
2018-09-07,52.32462692260742,53.286944199899885,52.18512697755496,52.45467077300354,150479200.0,-0.008067818182475595,-0.008100539137566459
2018-09-10,51.62238693237305,52.45466385736109,51.18260462853595,52.24186387354506,158066000.0,-0.013420831289882806,-0.013511704625844124
2018-09-11,52.92753982543945,53.03393799720632,51.203875733106486,51.54671589005231,142996000.0,0.025282691689096026,0.02496837133528343
2018-09-12,52.270240783691406,53.19945622059127,51.97941449205581,53.18527027618349,197114800.0,-0.012418847426422741,-0.012496605762092586
2018-09-13,53.5328369140625,53.99153499554689,52.6249004519719,52.849519642275006,166825600.0,0.024155161932313707,0.023868040463038698
2018-09-14,52.925174713134766,53.63450069033738,52.61307315923123,53.37677978449687,127997200.0,-0.011351204904444523,-0.011416121553151845
2018-09-17,51.51598358154297,52.71474263307552,51.371753818722354,52.5255883134687,148780400.0,-0.026626102591628675,-0.026986997836755903
2018-09-18,51.60110855102539,52.45466440089387,51.33629103116489,51.49470675410538,126286800.0,0.0016523991888397482,0.0016510354793550608
2018-09-19,51.63184356689453,51.927396096554034,50.90596843011665,51.66258218448119,108495200.0,0.0005956270462434965,0.0005954497308601198
2018-09-20,52.02433395385742,52.55632846390417,51.81626383542605,52.07398836223533,106435200.0,0.007601711654056542,0.007572964238480355
2018-09-21,51.4639778137207,52.33881268301883,51.37649180131732,52.20167586016159,384986800.0,-0.010771039195498822,-0.010829466767380185
2018-09-24,52.204010009765625,52.31513800096218,51.22041436299189,51.26533890511187,110773600.0,0.014379615169343163,0.01427720904281889
2018-09-25,52.53505325317383,52.68401288099076,51.94631132173357,51.95813414435409,98217600.0,0.006341337444121242,0.006321315762080745
2018-09-26,52.116546630859375,52.903898945307674,51.96049404071963,52.25368342754412,95938800.0,-0.0079662358063598,-0.007998135790967895
2018-09-27,53.1876335144043,53.53993343518666,52.8542493888135,52.92045647589352,120724800.0,0.02055176240151546,0.02034342456986763
2018-09-28,53.37442779541016,53.398069834890045,52.967747195035955,53.14980496952614,91717600.0,0.00351198706660405,0.0035058344411120997
2018-10-01,53.73380279541016,54.244518335419805,53.51864333667554,53.89694833800921,94403200.0,0.006733093259144951,0.006710527222913114
2018-10-02,54.21141815185547,54.38165667005677,53.584848333349555,53.731441209871306,99152800.0,0.008888545600686637,0.00884927501328806
2018-10-03,54.871097564697266,55.20211492695663,54.3296433555075,54.39348370673561,114619200.0,0.012168643347309605,0.012095200605591218
2018-10-04,53.90641403198242,54.937301318347934,53.60849479660541,54.56608563865395,128168000.0,-0.017580904620641213,-0.01773728429917539
2018-10-05,53.03157806396485,54.00572162104816,52.15438020692258,53.89932343564714,134322000.0,-0.016228791763045813,-0.016361920919293664
2018-10-08,52.90862655639648,53.15216152411722,52.06452689730765,52.53977761918133,118655600.0,-0.0023184583988821172,-0.0023211501848898726
2018-10-09,53.6415901184082,53.73616907381262,52.54922934016951,52.87788354358608,107564000.0,0.01385338478273379,0.013758303770663612
2018-10-10,51.15658187866211,53.5186383241125,51.08328544936072,53.30820512703323,167962400.0,-0.04632614794342782,-0.047433540140678396
2018-10-11,50.704986572265625,51.89901940310349,50.20136756167063,50.72153924414712,212497600.0,-0.008827706813321123,-0.008866901855834119
2018-10-12,52.51613235473633,52.69819370350563,51.27008201426514,52.11654480060176,161351600.0,0.035719283346805186,0.03509614509999201
2018-10-15,51.393043518066406,52.44993975756,51.37176459969738,52.2915240188917,123164000.0,-0.021385596888279457,-0.02161758215682108
2018-10-16,52.52558517456055,52.72419918257883,51.251163028216794,51.764241699309125,116736000.0,0.022036866839692193,0.02179756435955106
2018-10-17,52.29861831665039,52.64145857217466,51.86119907516877,52.56106913997548,91541600.0,-0.00432107242891,-0.004330435243713177
2018-10-18,51.07620620727539,51.95577081093266,50.36215029617322,51.51125865851134,130325200.0,-0.023373697981344588,-0.023651195484337844
2018-10-19,51.85409927368164,52.315160495072206,51.40958711776718,51.5585467461468,132314800.0,0.015230047886670262,0.015115234977142906
2018-10-22,52.17093276977539,52.81169226211933,51.766618916580256,51.967592478519066,115168400.0,0.006110095451114184,0.0060915045077618276
2018-10-23,52.66273880004883,52.7856896809397,50.76410935457385,51.0312900357926,155071200.0,0.009426820724937501,0.009382665528956237
2018-10-24,50.8563117980957,53.017391656334006,50.726267969157426,52.63199362779541,163702000.0,-0.03430180509243563,-0.03490392121722044
2018-10-25,51.96995544433594,52.343534259721785,51.2488065794398,51.47579250051913,119423200.0,0.021897845259827298,0.02166153107115265
2018-10-26,51.14239883422851,52.06215795324573,50.28411332859877,51.04781988153455,189033600.0,-0.0159237506176777,-0.016051895722340215
2018-10-29,50.18245315551758,51.94394539631925,48.72833263934348,51.82572439213365,183742000.0,-0.018770055777447392,-0.018948449103261836
2018-10-30,50.433082580566406,50.87759111597405,49.480221547617695,49.92473008302534,146640000.0,0.0049943637524478834,0.004981933288793506
2018-10-31,51.747703552246094,52.123645519315744,51.21807209884028,51.27954933650239,153435600.0,0.026066639285425186,0.02573269520997066
2018-11-01,52.54214096069336,52.57524269602282,51.26298888864335,51.79262026173322,233292800.0,0.015352128769253959,0.01523547722504034
2018-11-02,49.056983947753906,50.51583061906915,48.572277138067086,49.54642060751403,365314800.0,-0.06633070044760248,-0.068632972452239
2018-11-05,47.66434097290039,48.326379281390906,46.85570978180658,48.30510036768756,264654800.0,-0.02838827140976896,-0.028799010508461686
2018-11-06,48.1797981262207,48.40441735489596,47.6879982232851,47.74237888525882,127531600.0,0.010814314072093767,0.010756257563503803
2018-11-07,49.6410026550293,49.66701142221143,48.264911939279166,48.69996440139942,133697600.0,0.030328157975684222,0.029877351475741727
2018-11-08,49.467803955078125,49.854546748716,49.05495802314485,49.82132950962304,101450400.0,-0.0034890250133500222,-0.003495125855917119
2018-11-09,48.51398468017578,48.87937427397922,47.987251640765706,48.77023347938126,137463200.0,-0.019281617509613103,-0.019469932505035047
2018-11-12,46.070125579833984,47.41780380668561,45.97996297573852,47.21612544081099,204542000.0,-0.05037432230011052,-0.05168739550899737
2018-11-13,45.609832763671875,46.78430364755,45.42476479992899,45.46747474101187,187531600.0,-0.009991134392817735,-0.010041380734828673
2018-11-14,44.32146453857422,46.14367287623594,44.11503984158771,46.00605761838032,243204000.0,-0.02824759809520372,-0.02865423752165647
2018-11-15,45.415283203125,45.5481521610165,44.345206577891304,44.69873575688715,185915200.0,0.02467920850401506,0.02437959629272528
2018-11-16,45.91829299926758,46.25995813873549,44.95261796519588,45.1993741101405,147713200.0,0.011075782438541903,0.011014895130755275
2018-11-19,44.09843826293945,45.24680950472581,43.89201716190447,45.080723353294985,167701200.0,-0.03963245620557265,-0.04043920967252857
2018-11-20,41.991512298583984,43.056842423109295,41.642729521839435,42.32131328103685,271300800.0,-0.047777790945629506,-0.04895685855508013
2018-11-21,41.944068908691406,42.7721322184991,41.889498500776384,42.64400598376729,124496800.0,-0.001129832847057921,-0.001130471589349073
2018-11-23,40.87872695922851,41.90135069837952,40.83364927354388,41.507486637209176,94496000.0,-0.02539910831688874,-0.025727233651016337
2018-11-26,41.43156433105469,41.50986287918792,40.39708001756018,41.341405328689035,179994000.0,0.013523840220796668,0.013433209298085709
2018-11-27,41.341400146484375,41.467151357006,40.544182944086934,40.693658680506765,165549600.0,-0.0021762196534473865,-0.0021785910605305386
2018-11-28,42.931095123291016,43.01413640794062,41.505118017849625,41.932199377386205,184250000.0,0.038452857696495535,0.037731968692681736
2018-11-29,42.601280212402344,43.372397774847585,42.16233492100179,43.33918054774312,167080000.0,-0.007682424823813538,-0.007712086663627766
2018-11-30,42.37115478515625,42.786372167358834,42.00339009398088,42.77687945690844,158126000.0,-0.005401842998584261,-0.005416485708025933
2018-12-03,43.851688385009766,43.8801592662894,42.99515437591232,43.76627212076378,163210000.0,0.034942016741355886,0.03434540267589518
2018-12-04,41.922706604003906,43.27512777330079,41.82305489894067,42.9334627157085,165377200.0,-0.04398876878057134,-0.044985617862266916
2018-12-06,41.45529556274414,41.46953100520734,40.4350466147937,40.75298356449691,172393600.0,-0.011149352680752789,-0.011211972596076751
2018-12-07,39.97711563110352,41.40071754199759,39.9320343246601,41.163450556848574,169126400.0,-0.03565720402121697,-0.03630845009302978
2018-12-10,40.24048614501953,40.356744662283546,38.7528209859677,39.14905645625793,248104000.0,0.006588031921720194,0.006566425682566196
2018-12-11,40.01033782958984,40.76009884419869,39.62359143727057,40.729256594178395,189126800.0,-0.005719322440595809,-0.005735740394828617
2018-12-12,40.12185287475586,40.79094396093765,40.10287107949015,40.43029709170368,142510800.0,0.0027871558006078434,0.002783278883922624
2018-12-13,40.5608024597168,40.945177551940816,40.22863002980266,40.45166164149128,127594400.0,0.010940411608884482,0.010880998250741965
2018-12-14,39.262943267822266,40.11710594038405,39.215490590548214,40.09812414539299,162814800.0,-0.0319978677242273,-0.03252098894375812
2018-12-17,38.897552490234375,39.943900827275144,38.61045782776475,39.255824356252,177151600.0,-0.009306250300581631,-0.009349823997094357
2018-12-18,39.4029426574707,39.74935053997611,39.00433211137292,39.2392278057024,135366000.0,0.01299285263162031,0.012909169596660391
2018-12-19,38.173885345458984,39.73035619895045,37.746804045316345,39.386319792315824,196189200.0,-0.031192018390501897,-0.031688848121640786
2018-12-20,37.21059036254883,38.46336004562786,36.847572080543415,38.057631813758896,259092000.0,-0.025234397132822828,-0.025558244202476658
2018-12-21,35.76324462890625,37.52613986469643,35.5022531687816,37.217692120543504,382978400.0,-0.038896070165532315,-0.039672728268876564
2018-12-24,34.83790588378906,35.95780615108884,34.780960513781764,35.15109636781357,148676800.0,-0.025874015479268486,-0.026214636147056724
2018-12-26,37.29125213623047,37.30548757627083,34.81181283127579,35.186695107435334,234330000.0,0.07042174867298812,0.06805272845240565
2018-12-27,37.04923248291016,37.19634045254991,35.60665262499373,36.975680308293434,212468400.0,-0.006489984633290757,-0.006511136148566807
2018-12-28,37.06821823120117,37.61156162757762,36.66961145378511,37.3695483010569,169165600.0,0.0005124464670021034,0.0005123152111504825
2018-12-31,37.42649459838867,37.81086594612177,37.12753588756801,37.61393391895783,140014000.0,0.009665324752132998,0.009618914309220255
2019-01-02,37.46920394897461,37.6898641400753,36.59368814570471,36.75028523353009,148158800.0,0.0011411528395655068,0.0011405022195880646
2019-01-03,33.737003326416016,34.57455574581666,33.6919220064379,34.16170976436273,365248800.0,-0.0996071501182968,-0.10492411102762146
2019-01-04,35.177207946777344,35.24601741169735,34.11899903898665,34.29220295413125,234428400.0,0.042689168520004594,0.04180311484347268
2019-01-07,35.09891128540039,35.31245379240385,34.61725948663249,35.28160791885267,219111200.0,-0.0022257781656638276,-0.0022282588915991898
2019-01-08,35.768001556396484,36.021878993464554,35.238897140785376,35.48565323681881,164101200.0,0.019062992169629034,0.018883569964528692
2019-01-09,36.37540054321289,36.664866551777166,35.502259784558376,35.89612022438251,180396400.0,0.01698163051851531,0.016839054482956493
2019-01-10,36.491661071777344,36.531996022628334,35.79409559379819,36.18321328363876,143122800.0,0.0031961305395480366,0.0031910337714050976
2019-01-11,36.13338851928711,36.46793584598435,35.94832055566885,36.273378795691265,108092800.0,-0.009817929410928405,-0.009866443076883669
2019-01-14,35.590049743652344,35.891379845195914,35.404981774617916,35.79172814036254,129756800.0,-0.01503702802035145,-0.015151230415475267
2019-01-15,36.31847381591797,36.394397399203584,35.60192621779174,35.65412526522925,114843600.0,0.02046707092325839,0.020260435156028937
2019-01-16,36.762149810791016,36.98518137158213,36.30185124837653,36.32083304295525,122278800.0,0.01221626209079818,0.01214224575334888
2019-01-17,36.980438232421875,37.40751959655014,36.36354252641356,36.58657410659207,119284800.0,0.005937857898799637,0.005920298297245327
2019-01-18,37.20821762084961,37.459720094996186,37.008910562862575,37.36955746448795,135004000.0,0.006159456169668509,0.006140564255770704
2019-01-22,36.373046875,37.186871283959576,36.21170336562546,37.11094769515461,121576000.0,-0.02244586812407867,-0.02270161077773392
2019-01-23,36.520137786865234,36.80960382903162,35.99340473442524,36.57470818551413,92522400.0,0.004043953545347145,0.004035798742910545
2019-01-24,36.230674743652344,36.6530097672651,36.00290042236398,36.56522212472766,101766000.0,-0.007926121333446834,-0.007957700008098166
2019-01-25,37.43123626708984,37.519027508765205,36.615040923074886,36.89026785958372,134142000.0,0.03313660404979979,0.03259942152020008
2019-01-28,37.08483123779297,37.09194895785594,36.4584465294026,36.96382275590851,104768400.0,-0.009254437305385887,-0.009297525655294575
2019-01-29,36.70045852661133,37.51903258864824,36.5652182166273,37.07296946155649,166348800.0,-0.010364688158265856,-0.010418775596124582
2019-01-30,39.2083740234375,39.42191288765638,38.017292600660475,38.73383999592237,244439200.0,0.06833471835257021,0.06610109813354621
2019-01-31,39.490718841552734,40.09812176355808,39.044655736776996,39.41242029951825,162958400.0,0.0072011356029826334,0.0071753312324547335
2019-02-01,39.50971221923828,40.09338716493966,39.36972190100189,39.61411030589265,130672400.0,0.00048095801349568035,0.00048084239026210246
2019-02-04,40.63197326660156,40.72925360434192,39.69002299817537,39.72086886633868,125982000.0,0.02840468796978035,0.02800875490735632
2019-02-05,41.32716751098633,41.54070999970741,40.89297205344229,41.01397692943241,144406400.0,0.017109536862099706,0.016964817129001202
2019-02-06,41.341400146484375,41.656965666225744,41.01159918712273,41.43867685735861,112958400.0,0.00034438932922919996,0.00034433004083595924
2019-02-07,40.55842590332031,41.27022697955856,40.416064239909666,40.90483373299473,126966800.0,-0.018939228966357247,-0.019120873288948202
2019-02-08,40.60607147216797,40.66564261030473,40.13188390366319,40.26770784386319,95280000.0,0.0011747391025782594,0.0011740496365077052
2019-02-11,40.372554779052734,40.796704677929405,40.329665299757814,40.75857827237781,83973600.0,-0.005750782694535994,-0.005767382115703976
2019-02-12,40.72046661376953,40.74667807258698,40.43690727818139,40.53222332657913,89134000.0,0.008617533287670787,0.008580614296493308
2019-02-13,40.55126190185547,41.0993170795554,40.4893092294292,40.83958779954494,89960800.0,-0.004155274386193897,-0.004163931528998068
2019-02-14,40.699012756347656,40.80862164255103,40.36064904112932,40.43928339998026,87342800.0,0.003643557501361583,0.0036369358251598432
2019-02-15,40.60847091674805,40.913474987637784,40.44882063244915,40.806247618891994,98507200.0,-0.0022246691864900026,-0.0022271474391951603
2019-02-19,40.729976654052734,40.85150410234934,40.38684995398096,40.43927284620034,75891200.0,0.0029921278630211656,0.002987660357792907
2019-02-20,40.99210739135742,41.299496621052455,40.74429295914237,40.79194916119121,104457600.0,0.006435818501226764,0.006415197051319186
2019-02-21,40.76095199584961,41.073104155107245,40.57985705809458,40.937283860774336,68998800.0,-0.005639022002478122,-0.005654981311927036
2019-02-22,41.2160758972168,41.22322414232056,40.837204362983655,40.884860542319885,75652800.0,0.011165683799866377,0.011103807718974451
2019-02-25,41.51632308959961,41.90710967168657,41.44960369528727,41.49964505898867,87493600.0,0.007284710779637438,0.007258305433393229
2019-02-26,41.540157318115234,41.77129368525542,41.26374629243125,41.392422020496234,68280800.0,0.00057409295288946,0.0005739282245734097
2019-02-27,41.668827056884766,41.699805218546146,41.15889815564964,41.2732773821219,111341600.0,0.003097478369765927,0.0030926910668044004
2019-02-28,41.258975982666016,41.67835919496109,41.20417154412631,41.53777215717325,112861600.0,-0.009835915795259553,-0.009884607966176484
2019-03-01,41.69266128540039,41.73555077281449,41.19702882720667,41.52824431177665,103544800.0,0.010511295843032453,0.01045643626816686
2019-03-04,41.902347564697266,42.35508684168328,41.45437136174755,41.86422115680062,109744800.0,0.005029333048842899,0.005016728198380087
2019-03-05,41.82609558105469,41.938089634020294,41.59019251792692,41.9237931397582,78949600.0,-0.001819754454684075,-0.001821412219276694
2019-03-06,41.58543395996094,41.81657033812453,41.44722844052762,41.621175199497635,83241600.0,-0.005753862935338305,-0.005770480177558175
2019-03-07,41.104103088378906,41.56637590196308,40.98972747176008,41.4305519030308,99185600.0,-0.011574506401579532,-0.011642012405469838
2019-03-08,41.2017936706543,41.23992008169563,40.3892422605175,40.584637390153304,95997600.0,0.002376662545472419,0.002373842749962724
2019-03-11,42.629112243652344,42.68153514499979,41.783204847044914,41.81656454463562,128044000.0,0.034642146514476835,0.034055614771347414
2019-03-12,43.10806655883789,43.52744613325643,42.74110624977912,42.89122670675174,129870400.0,0.011235380939861539,0.011172732860716033
2019-03-13,43.2986946105957,43.677566237487994,43.11044774766869,43.42736668986569,124130000.0,0.004422096998890623,0.004412348257311426
2019-03-14,43.78002166748047,43.86818942807558,43.50122916555662,43.82052960680952,94318000.0,0.011116433444785079,0.01105510001922172
2019-03-15,44.34952163696289,44.63784755758058,43.78240685029037,44.04690286026948,156171600.0,0.013008215797787992,0.012924335596725619
2019-03-18,44.802276611328125,44.89044075986763,44.27089927495176,44.27328444822138,104879200.0,0.010208790481922358,0.010157032738289516
2019-03-19,44.44721984863281,45.033401481377794,44.30186611779311,44.880899504425805,126585600.0,-0.007924971442311413,-0.007956540930640587
2019-03-20,44.83561706542969,45.15253591977119,44.01829925456302,44.37572604181434,124140800.0,0.008738391695129133,0.008700432922553526
2019-03-21,46.4869384765625,46.782412668747526,45.228796167797555,45.278837530094265,204136800.0,0.036830571746631735,0.03616853281949162
2019-03-22,45.524261474609375,47.10647065323844,45.45992363162361,46.546500537486125,169630800.0,-0.02070854811052958,-0.020925977090104027
2019-03-25,44.973838806152344,45.74587861908732,44.46390988385612,45.63388456100003,175381200.0,-0.012090754481849708,-0.01216444221636584
2019-03-26,44.50917053222656,45.96032623886354,43.98256370057389,45.66961879021226,199202000.0,-0.010331968234435385,-0.01038571353523419
2019-03-27,44.90948867797851,45.21687414252472,44.45198278594525,44.97620805998751,119393600.0,0.008994059897433848,0.0089538542356431
2019-03-28,44.96907424926758,45.16923245954408,44.68551496674179,45.02387869438107,83121600.0,0.0013267924673185938,0.0013259130559712168
2019-03-29,45.26216506958008,45.29314323520392,44.926182866218966,45.23357207727188,94256000.0,0.006517608494403859,0.006496460723021892
2019-04-01,45.56954574584961,45.67438790998863,44.8880516813076,45.66485812631572,111448000.0,0.006791117389038037,0.006768161622938996
2019-04-02,46.231971740722656,46.336817529759834,45.524266300655576,45.53379608332538,91062800.0,0.014536594210693421,0.01443195081178673
2019-04-03,46.54888916015625,46.82291494336478,46.02466023168709,46.04849014150251,93087200.0,0.006854940585509173,0.006831552302984034
2019-04-04,46.62990951538086,46.79194128270273,46.02228311605566,46.41545121424215,76457200.0,0.0017405432586339309,0.0017390302685783628
2019-04-05,46.94206237792969,46.965892290363215,46.68709613144077,46.811005131413616,74106400.0,0.006694262669453943,0.0066719555907342985
2019-04-08,47.68074798583984,47.7117225101516,46.78479559908021,46.8038588026213,103526800.0,0.01573611321042967,0.01561358432823162
2019-04-09,47.53776931762695,48.33602404124384,47.47343146891006,47.73316440042131,143072800.0,-0.0029986666370113157,-0.003003171646078981
2019-04-10,47.80465316772461,47.833249790891394,47.22323818776864,47.34238048248308,86781200.0,0.005614143320744613,0.00559844275420865
2019-04-11,47.40671920776367,47.89520335222447,47.28519537386603,47.85946211752939,83603200.0,-0.008324167912373892,-0.008359007271924068
2019-04-12,47.387657165527344,47.690279625122976,46.753822893813584,47.46629151971839,111042800.0,-0.00040209579053107625,-0.0004021766527204148
2019-04-15,47.473445892333984,47.621184835604666,47.18273835239689,47.31856233696164,70146400.0,0.0018103601641874523,0.0018087234373044552
2019-04-16,47.478214263916016,47.983376534492095,47.313797281453226,47.528255637857534,102785600.0,0.00010044292114042008,0.00010043787708797321
2019-04-17,48.40274810791016,48.462319253167394,47.325700783597725,47.54730369870625,115627200.0,0.019472801543355622,0.019285632445365273
2019-04-18,48.57669448852539,48.64579541672132,48.25739402484164,48.400362590881734,96783200.0,0.0035937294351020554,0.0035872874187715654
2019-04-22,48.736351013183594,48.83404857594951,48.214507135311784,48.331267903197975,77758000.0,0.003286689766342832,0.0032813004070720597
2019-04-23,49.43928146362305,49.503619315451935,48.58622226846949,48.71251279943443,93292000.0,0.014423124337915816,0.014320100515441693
2019-04-24,49.363037109375,49.6775708811361,49.33682565873371,49.4106933007407,70162400.0,-0.001542181682072874,-0.001543372068261732
2019-04-25,48.91505432128906,49.50599901366292,48.87692791895943,49.28439611749792,74172800.0,-0.009075267939720355,-0.00911669903986014
2019-04-26,48.68154525756836,48.84834375295251,48.162082930875414,48.82451383821142,74596400.0,-0.0047737668282435974,-0.0047851976463245145
2019-04-29,48.75541305541992,49.079480262865886,48.576699602106366,48.70537168868094,88818800.0,0.0015173675663073816,0.0015162175273493
2019-04-30,47.816558837890625,48.467074622632694,47.44483553232372,48.38605875058526,186139600.0,-0.019256409877239866,-0.0194442296030909
2019-05-01,50.163673400878906,51.30505499845377,49.85628424061624,50.01117140720834,259309200.0,0.04908581085781494,0.04791912860218066
2019-05-02,49.83722305297851,50.671219159962654,49.59417537681596,50.00164001010491,127985200.0,-0.006507704196452968,-0.006528971621694409
2019-05-03,50.45676803588867,50.47821277895846,50.09457439721513,50.25184311826302,83569600.0,0.012431370468847458,0.012354735448246265
2019-05-06,49.67757415771485,49.7633567622048,48.490917825549325,48.679161066436805,129772400.0,-0.015442801996742972,-0.015563284060131617
2019-05-07,48.338417053222656,49.42499431382498,47.854699576559206,49.05803760722793,155054800.0,-0.026956974594626537,-0.027326978446569537
2019-05-08,48.34794616699219,48.92936120017659,48.073920318435675,48.1096615557484,105358000.0,0.00019713334342408295,0.00019711391519979676
2019-05-09,47.82848358154297,48.05723475366527,46.86104872008744,47.75223076687932,139634400.0,-0.010744253409545323,-0.0108023896958668
2019-05-10,47.16588592529297,47.565356793291954,46.111007044630455,47.223295764690995,164834800.0,-0.01385362040843996,-0.013950477394689926
2019-05-13,44.42462921142578,45.32402809525781,43.73812012203512,44.90064286413654,229722400.0,-0.058119478943088665,-0.0598768478461232
2019-05-14,45.12790298461914,45.37667174964744,44.35049557524216,44.58969785505046,146118800.0,0.015830717907544978,0.01570671904153232
2019-05-15,45.668487548828125,45.86702583004832,44.49639812709603,44.55619868228515,106178800.0,0.011978942704101048,0.01190776304414936
2019-05-16,45.467552185058594,46.039245266520595,45.17094015892705,45.42688825122322,132125600.0,-0.004399869024668157,-0.004409576934538574
2019-05-17,45.20920944213867,45.663692098249506,44.67339527551436,44.7140592058034,131516400.0,-0.00568191447536992,-0.005698117958443022
2019-05-20,43.79553985595703,44.09693703228056,43.12338210548431,43.89839872325471,154449200.0,-0.03126950467892908,-0.031768832379389565
2019-05-21,44.6351318359375,44.97001345488248,44.180645467442574,44.30503163302324,113459200.0,0.019170718816159837,0.018989275847078355
2019-05-22,43.72138595581055,44.422250430132046,43.666370461560184,44.17108734343066,118994400.0,-0.0204714502353337,-0.02068389473832738
2019-05-23,42.975067138671875,43.18556258786972,42.53254161888472,43.00855529990352,146118800.0,-0.017069880124408243,-0.01721724999302458
2019-05-24,42.810020446777344,43.56829102566304,42.72629821206873,43.10423814743245,94858800.0,-0.003840522025526094,-0.0038479157668623786
2019-05-28,42.63301086425781,43.19752825231062,42.55646805143749,42.79806098088244,111792800.0,-0.004134769866311894,-0.0041433416636679704
2019-05-29,42.429691314697266,42.90091998412499,42.09959108029265,42.200055575560086,113924800.0,-0.004769063817892438,-0.00478047208837373
2019-05-30,42.64976501464844,42.872221371398474,42.25986415074042,42.56604276106945,84873600.0,0.0051867853178309,0.005173380279588073
2019-05-31,41.87713623046875,42.575606305283934,41.8579996140433,42.15460804379681,108174400.0,-0.018115663331657816,-0.018281760998144575
2019-06-03,41.4537467956543,42.558859919788816,40.72896433762629,42.00391264942133,161584400.0,-0.010110276702885113,-0.010161732666870931
2019-06-04,42.97028732299805,43.01573632949458,41.74557310553312,41.96563871336283,123872000.0,0.036583919297319856,0.035930613723680546
2019-06-05,43.66397476196289,44.25002316291043,43.32909308993842,44.08018796856743,119093600.0,0.01614342100509014,0.01601450160039996
2019-06-06,44.3050422668457,44.36484283100569,43.57068958699141,43.79314958363369,90105200.0,0.014681840312926964,0.01457510553580311
2019-06-07,45.48429489135742,45.90768378892111,44.43659178289126,44.613599067232066,122737600.0,0.02661666853648792,0.026268607654068524
2019-06-10,46.06555938720703,46.732931908705964,45.83592367285824,45.88137267413092,104883600.0,0.012779454913789623,0.012698486769350344
2019-06-11,46.59897994995117,46.88363115164734,46.30954733221378,46.61094078992602,107731600.0,0.011579595902883488,0.011513065486571548
2019-06-12,46.450679779052734,46.87645943951271,46.25931727268128,46.39326993216043,73012800.0,-0.003182476763605502,-0.0031875516127008456
2019-06-13,46.44110870361328,47.072602406865755,46.30955040496847,46.57267065219424,86698400.0,-0.00020604812426816554,-0.0002060693550993548
2019-06-14,46.10383224487305,46.30715192007323,45.520178306772145,45.81918104965697,75046000.0,-0.0072624549274378225,-0.0072889549345813145
2019-06-17,46.37891387939453,46.6348619824245,45.96748580812443,46.142102390137104,58676400.0,0.005966567661022992,0.005948838183992001
2019-06-18,47.46968078613281,47.90981200382238,46.69466791366559,46.89559690653218,106204000.0,0.023518595316284197,0.02324629431399275
2019-06-19,47.33094024658203,47.811739025879014,47.19698759262692,47.76389566380698,84496800.0,-0.0029227190335627817,-0.002926998517357276
2019-06-20,47.71126937866211,47.986350431164496,47.36920835648545,47.9289405928447,86056000.0,0.00803552877037017,0.008003415824025308
2019-06-21,47.548622131347656,48.04377253215675,47.39792354850374,47.553407198246234,191202400.0,-0.003408990149132207,-0.003414813995440638
2019-06-24,47.50078201293945,47.87872199614494,47.40270821699431,47.49121187922274,72881600.0,-0.0010061304884093625,-0.001006636977447091
2019-06-25,46.78078079223633,47.66343393459677,46.71380081144238,47.464895650291474,84281200.0,-0.015157670888596986,-0.015273722591051767
2019-06-26,47.792606353759766,48.07725759186515,47.20656161939147,47.30702611814578,104270000.0,0.021629086654563867,0.021398496997448318
2019-06-27,47.77825927734375,48.215999837860245,47.73759533236944,47.909817596404345,83598800.0,-0.0003001944758947994,-0.00030023954327602323
2019-06-28,47.34291076660156,47.72085077463874,47.13480596879721,47.52470316986103,124442400.0,-0.009111853745342069,-0.009153620593883926
2019-07-01,48.21120834350586,48.91446345681218,47.99592415477376,48.59871477331292,109012000.0,0.018340603964656088,0.018174443666120983
2019-07-02,48.493465423583984,48.5891485023053,48.165759547562075,48.177720388644275,67740800.0,0.005854594601052865,0.005837523060971973
2019-07-03,48.89532470703125,48.90250048134883,48.48389661312159,48.625025041282115,45448000.0,0.008286874941542788,0.008252727315096181
2019-07-05,48.85226821899414,49.05559156534589,48.534128829376186,48.641772747995475,69062000.0,-0.0008805849699351498,-0.0008809729126408517
2019-07-08,47.84523010253906,48.17532669133114,47.46011437400138,48.0341982544595,101354400.0,-0.02061394799399574,-0.020829381181467457
2019-07-09,48.137062072753906,48.201644052257606,47.55579870766386,47.64908743910589,82312000.0,0.006099499774364192,0.0060809731229843865
2019-07-10,48.613059997558594,48.73266109242535,48.21359277869593,48.28296345768267,71588400.0,0.009888387539839227,0.009839817360479203
2019-07-11,48.25905227661133,48.8905460488803,48.24948579291271,48.63220718977892,80767200.0,-0.007282152593666047,-0.007308796897592407
2019-07-12,48.62981414794922,48.79725497916496,48.36669023465564,48.42649079222815,70380800.0,0.0076827424876220185,0.007653380512662011
2019-07-15,49.08669662475586,49.244567339973045,48.797260288640274,48.81878761572397,67789600.0,0.009395110485445057,0.009351250931160541
2019-07-16,48.91685485839844,49.30197058543267,48.67765263415199,48.93838218259591,67467200.0,-0.0034600365890534723,-0.0034660363592664205
2019-07-17,48.64177703857422,49.05798660085317,48.622640421352486,48.80921787684371,56430000.0,-0.0056233750231999835,-0.005639245722420345
2019-07-18,49.194339752197266,49.24696454362219,48.72550169675803,48.797263107786286,74162400.0,0.011359838132246836,0.011295799692248911
2019-07-19,48.45997619628906,49.39525773939744,48.40496070844038,49.2254225596,83717200.0,-0.014927805914407122,-0.01504034700797307
2019-07-22,49.567481994628906,49.569872702739694,48.70396187494887,48.71352835732806,89111600.0,0.022854031001869446,0.022596789596005005
2019-07-23,49.95499038696289,49.97173629421098,49.5842262186613,49.86409602597792,73420800.0,0.00781779458508658,0.007787393970046481
2019-07-24,49.91432189941406,50.02913793173765,49.55551860470898,49.67511970294401,59966400.0,-0.000814102599836386,-0.0008144341613201736
2019-07-25,49.51963806152344,50.050667211733845,49.45026738292767,49.96694498582467,55638400.0,-0.00790722628038465,-0.007938654175390482
2019-07-26,49.69186019897461,50.16787018217037,49.5483374367428,49.629665298704275,70475600.0,0.003477855335638713,0.003471821582404481
2019-07-29,50.155914306640625,50.38555001894711,49.85930592191719,49.8640909877812,86693600.0,0.00933863425132131,0.00929529879355376
2019-07-30,49.940635681152344,50.27073588947548,49.58900815053056,49.93585061510733,135742800.0,-0.004292188238701478,-0.004301426121938838
2019-07-31,50.95963668823242,52.95219151502836,50.54342718307284,51.76814131769529,277125600.0,0.020404245824701128,0.020198868218357223
2019-08-01,49.85691452026367,52.153257179746014,49.45266585421325,51.16535089156151,216071600.0,-0.021639129311598726,-0.021876688572862183
2019-08-02,48.80204772949219,49.37852242130375,48.230354455085056,49.163241840121984,163448400.0,-0.02115788353374226,-0.021384919665177585
2019-08-05,46.24734878540039,47.51751178215939,46.06555644186893,47.35964111669537,209572000.0,-0.052348191581066295,-0.05376813489219143
2019-08-06,47.122833251953125,47.37878135711824,46.41479313620579,46.95778315048192,143299200.0,0.018930479033840486,0.018753527216259197
2019-08-07,47.610809326171875,47.735195505332065,46.36217706782614,46.742507730135785,133457600.0,0.010355406085403862,0.010302156168654068
2019-08-08,48.66090393066406,48.684825611688794,47.694528606203654,47.888281812721345,108038000.0,0.02205580243969818,0.021816091503932638
2019-08-09,48.25992202758789,48.68491595492223,47.851730305039446,48.33435586806552,98478800.0,-0.008240329929906864,-0.008274469123417848
2019-08-12,48.1374626159668,48.514438725738295,47.818114477569125,47.93096696496544,89927600.0,-0.0025374970881861802,-0.0025407219905311607
2019-08-13,50.1760139465332,50.937165649678846,48.13746950693572,48.267131545137225,188874000.0,0.04234854144327582,0.04147638014881328
2019-08-14,48.68252182006836,49.568532297848215,48.64410316767906,48.78096824288931,146189600.0,-0.029765061211444288,-0.030217031874933527
2019-08-15,48.44001388549805,49.2563901473788,47.94298215754146,48.8530052642296,108909600.0,-0.0049814168515474044,-0.0049938654668403816
2019-08-16,49.58293533325195,49.74140951677776,48.944239015747925,49.04988847143179,110481600.0,0.023594573082813985,0.023320523494614057
2019-08-19,50.50736999511719,51.07883190639441,50.43053268655295,50.57219735243816,97654400.0,0.018644210062433997,0.018472537297389527
2019-08-20,50.509769439697266,51.22770292346297,50.50016660809505,50.63462823335315,107537200.0,4.750682089182945e-05,4.7505692478551904e-05
2019-08-21,51.05721664428711,51.29972750063154,50.807502749106995,51.14125698244228,86141600.0,0.010838441962072842,0.010780127033577933
2019-08-22,51.01400375366211,51.48942268562583,50.60341217800857,51.189283823360064,89014800.0,-0.000846362051540317,-0.0008467204181209783
2019-08-23,48.65610122680664,50.91554700309597,48.2623192659155,50.28645358396467,187272000.0,-0.04622069144467422,-0.047322967046629555
2019-08-26,49.580535888671875,49.74861290398016,49.23717515529538,49.429264742992345,104174400.0,0.0189993575020746,0.01882112372230714
2019-08-27,49.02107238769531,50.07515974076012,48.86980125519638,49.90948253160488,103493200.0,-0.011283934127553241,-0.01134808071936834
2019-08-28,49.35002899169922,49.395650682194926,48.819385567248915,49.00667191279658,63755200.0,0.006710514233598808,0.006688098955776091
2019-08-29,50.18561172485352,50.26004923163214,49.621352927714746,50.06315640226348,83962000.0,0.016931757695519245,0.016790013237350795
2019-08-30,50.120792388916016,50.531380318643734,49.75101924277267,50.461749711640046,84573600.0,-0.0012915920262740466,-0.0012924268501672265
2019-09-03,49.39085006713867,49.698191966663735,49.035486682776146,49.56613013550739,80092000.0,-0.01456366284302335,-0.014670754012301763
2019-09-04,50.22884750366211,50.29847811877877,49.77984086626264,50.03675786830555,76752400.0,0.016966653446626623,0.016824327390820442
2019-09-05,51.21089172363281,51.376568957870155,50.785894078911504,50.903549829089826,95654800.0,0.019551398624049643,0.01936272528293581
2019-09-06,51.20608901977539,51.484618759601176,51.02600570478871,51.395778829958495,77449200.0,-9.378285938355102e-05,-9.378725727087454e-05
2019-09-09,51.424591064453125,51.96964425782235,50.680248893016675,51.58546505309072,109237600.0,0.004267110589003309,0.004258032288858555
2019-09-10,52.03206253051758,52.05127185370454,50.83391076513622,51.35014804449725,127111600.0,0.011812859441178158,0.011743632264372826
2019-09-11,53.686424255371094,53.715240070323695,52.27937347467052,52.36101400926539,177158400.0,0.031795044140009,0.03130004669612634
2019-09-12,53.566368103027344,54.365938262129696,53.511143592714376,53.97695957103258,128906800.0,-0.002236247878470654,-0.0022387520147003933
2019-09-13,52.524295806884766,53.014120770564304,52.10890468762575,52.82443464006696,159053200.0,-0.01945385384609799,-0.01964557055325562
2019-09-16,52.8004150390625,52.85564321495497,52.23855609745347,52.27937453367597,84632400.0,0.005256981134843519,0.005243211446430408
2019-09-17,52.992523193359375,53.021339019006504,52.61314718594896,52.814843310259185,73274800.0,0.003638383413364199,0.003631780507521667
2019-09-18,53.489540100097656,53.50874942392138,52.68996985697935,53.07894858894895,101360000.0,0.009379000598344067,0.009335290862113804
2019-09-19,53.0549430847168,53.72725114264616,52.91327477040642,53.307056774538246,88242400.0,-0.008124897214812021,-0.008158084074310259
2019-09-20,52.27937316894531,53.439109875358426,52.21694562055294,53.15578062057358,221652400.0,-0.01461824046315674,-0.01472613976326366
2019-09-23,52.51709747314453,52.78602071935204,52.26017685029636,52.57232199753262,76662000.0,0.004547191172912246,0.004536883933311865
2019-09-24,52.26737594604492,53.42231327005474,52.149723866608696,53.07174949586762,124763200.0,-0.004755051956694789,-0.004766393182611621
2019-09-25,53.071746826171875,53.18459931647141,52.13771495764018,52.4762724285388,87613600.0,0.015389540139862712,0.015272322256770134
2019-09-26,52.79801559448242,53.050132915210256,52.54349848236231,52.82442795501207,75334000.0,-0.005157758092757314,-0.0051711052410508265
2019-09-27,52.54110336303711,53.054940879557066,52.17133028274097,52.95409101125522,101408000.0,-0.004865944838126857,-0.004877822092752085
2019-09-30,53.77766799926758,53.924135874983264,53.01411301418795,53.04052537419581,103909600.0,0.023535185922654245,0.023262503567039704
2019-10-01,53.926536560058594,54.79814079095974,53.832893402806675,54.04179249498683,139223200.0,0.0027682226903749108,0.0027643982183109465
2019-10-02,52.5747184753418,53.68403038252034,52.3274007167669,53.55917160743665,138449200.0,-0.025067771285687157,-0.025387319411114315
2019-10-03,53.02132797241211,53.05494337549281,51.65509540469614,52.447459000713295,114426000.0,0.00849475774710573,0.008458880329314225
2019-10-04,54.50761413574219,54.62287009035569,53.75846874977578,54.178663133484626,138478800.0,0.0280318547302969,0.02764615364461186
2019-10-07,54.51962661743164,55.20874431260177,54.2266907778266,54.329940457591334,122306000.0,0.00022038171877314383,0.00022035743828941013
2019-10-08,53.880916595458984,54.75972389234403,53.86411072762326,54.22187750074084,111820000.0,-0.011715231038806118,-0.011784395070375016
2019-10-09,54.512413024902344,54.694896109411246,54.17865880193493,54.512413024902344,74770400.0,0.011720224327003814,0.011652074468770538
2019-10-10,55.24715042114258,55.331190753868945,54.577242206069194,54.72850967565127,113013600.0,0.013478350259501282,0.013388325319650299
2019-10-11,56.71663284301758,57.059989886560345,55.78019754791175,55.93386847365883,166795600.0,0.0265983387500226,0.026250752937050814
2019-10-14,56.63499450683594,57.17764784685901,56.34686196781524,56.40208648570823,96427600.0,-0.0014394073147395714,-0.0014404442566223708
2019-10-15,56.502933502197266,57.06238901917909,56.397284055002885,56.75985041805286,87360000.0,-0.00233179160320629,-0.0023345144628310055
2019-10-16,56.27482223510742,56.483721327443455,55.99389276314205,56.03471119953323,73903200.0,-0.004037157948285519,-0.004045329270462348
2019-10-17,56.49333190917969,56.70222736637808,56.070737747547255,56.447710219951496,67585200.0,0.0038829029643019375,0.0038753839540267327
2019-10-18,56.7646484375,57.04557789777624,56.25561057187668,56.32764461231242,97433600.0,0.00480262925112096,0.004791133419377788
2019-10-21,57.74910736083984,57.864363302867055,56.983156188347394,57.03117766562347,87247200.0,0.01734281723639608,0.017194147026896145
2019-10-22,57.6170539855957,58.1549004377134,57.535413437281406,57.905186536916496,82293600.0,-0.002286673877381573,-0.0022892923085192766
2019-10-23,58.39020156860352,58.40461130875165,57.91958597693626,58.130884866797174,75828800.0,0.01341872812867373,0.013329494379016489
2019-10-24,58.48625564575195,58.77919144814045,58.06125802035155,58.7095571851868,69275200.0,0.001645037601652577,0.001643686009374209
2019-10-25,59.20658874511719,59.242603940499954,58.31817850890162,58.38540931615225,73477200.0,0.012316279977440336,0.012241051660041146
2019-10-28,59.79966735839844,59.847688843365425,59.24020808221215,59.40828511149882,96572800.0,0.010017104951518752,0.009967266305325623
2019-10-29,58.41661834716797,59.9677374114046,58.24374175415912,59.780451077157984,142839600.0,-0.02312803853809786,-0.023399688278896068
2019-10-30,58.40941619873047,58.89924482176762,57.91719144782321,58.76958279527963,124522000.0,-0.00012328937623018454,-0.00012329697699006522
2019-10-31,59.730018615722656,59.82846501751993,56.96874176554997,59.365052487377525,139162000.0,0.022609409628389532,0.022357605292059924
2019-11-01,61.425201416015625,61.45161011032848,59.82606118200727,59.917300876024065,151125200.0,0.028380751246689595,0.027985479049179342
2019-11-04,61.82859420776367,61.912634539198656,61.31955996379076,61.78777210588694,103272000.0,0.006567219682618308,0.006545749444023698
2019-11-05,61.7397575378418,61.99427467320338,61.545268167001495,61.72054454973453,79897600.0,-0.0014368217660482019,-0.0014378549842607676
2019-11-06,61.76617431640625,61.82620208877956,61.31716775147133,61.65332181124007,75864400.0,0.0004278730532472075,0.0004277815416749866
2019-11-07,62.47903823852539,62.70060689193552,62.16113826391426,62.31286358586997,94940400.0,0.011541331967030777,0.011475238844248628
2019-11-08,62.650028228759766,62.722274875332666,61.85768903983962,62.30081895457208,69986400.0,0.002736757719950633,0.002733019617176362
2019-11-11,63.14613342285156,63.211155396483534,62.202069046791834,62.20688303941407,81821200.0,0.007918674709615825,0.007887486542810981
2019-11-12,63.08834457397461,63.28823923680265,62.83788460192321,62.989602578419984,87388800.0,-0.0009151605291487508,-0.0009155795442093422
2019-11-13,63.692832946777344,63.767490271321854,62.87400569881237,62.88845502939462,102734400.0,0.00958161728421869,0.009536004719293783
2019-11-14,63.252098083496094,63.79155922463415,63.12204679068359,63.519417983025704,89182800.0,-0.006919693203936039,-0.006943745300592829
2019-11-15,64.00350952148438,64.00832351523762,63.34122157477898,63.502574886013555,100206400.0,0.011879628672496922,0.011809619791366344
2019-11-18,64.32621765136719,64.40568896392628,63.63503110569928,64.01313169523063,86703200.0,0.005042038042843311,0.005029369534586652
2019-11-19,64.13113403320312,64.54295455850364,63.914386775129536,64.51886989658281,76167200.0,-0.003032723285882777,-0.003037331310080367
2019-11-20,63.384552001953125,64.0805524112698,62.71262890433902,63.95050846949165,106234400.0,-0.011641491180609198,-0.011709783875669288
2019-11-21,63.100372314453125,63.5820361437923,62.90047770949757,63.50496816719241,121395200.0,-0.0044834218831624195,-0.004493502560958936
2019-11-22,63.04499435424805,63.382157650570974,62.81861170894366,63.240067666749475,65325200.0,-0.0008776170119743076,-0.0008780023432495117
2019-11-25,64.15040588378906,64.1672658843364,63.22320139858819,63.26896005744073,84020400.0,0.01753369226000312,0.017381750572640648
2019-11-26,63.64946746826172,64.3406538731176,63.21837629203759,64.28767055900286,105207600.0,-0.007808811318120279,-0.00783945974131769
2019-11-27,64.50444030761719,64.538160314546,63.89513565756925,63.96015765000588,65235600.0,0.013432521486244964,0.01334310500542439
2019-11-29,64.36233520507812,64.54295915794552,64.03721061999535,64.20579591584789,46617600.0,-0.0022030282235048215,-0.0022054584600908283
2019-12-02,63.61815643310547,64.6031580352692,63.44716783971832,64.36714012426806,94487200.0,-0.011562333305674466,-0.011629696837908331
2019-12-03,62.483856201171875,62.50311952452636,61.72282631052434,62.20930423351439,114430400.0,-0.01782981927692784,-0.01799068551707514
2019-12-04,63.03533935546875,63.41344720358199,62.78005812862185,62.87398609773291,67181600.0,0.008826010234088688,0.008787288676878746
2019-12-05,63.96014404296875,64.03480870676835,63.27377888666242,63.5290601576945,74424400.0,0.014671209784163253,0.014564628769561475
2019-12-06,65.19561004638672,65.26545336433453,64.3743722789269,64.4177276122505,106075600.0,0.019316185444922862,0.019131996046757707
2019-12-09,64.2828598022461,65.21728148518294,63.79878528754208,65.02461888758106,128042400.0,-0.014000179513485644,-0.014099106441876874
2019-12-10,64.65857696533203,65.04149895721667,64.02759096181438,64.68747562892948,90420400.0,0.005844748728381921,0.005827734448470139
2019-12-11,65.21006774902344,65.28954641231785,64.66338184077233,64.73803916107421,78756800.0,0.008529274994516278,0.008493106245172057
2019-12-12,65.37622833251953,65.64114490385342,64.37918804536231,64.48996866624496,137310400.0,0.002548081749210951,0.0025448408930541576
2019-12-13,66.26492309570312,66.30104642565348,65.24861176531338,65.37625243087754,133587600.0,0.013593545939412088,0.013501982541429976
2019-12-16,67.39922332763672,67.62320261796066,66.70563351279964,66.71044750574998,128186000.0,0.017117657109408935,0.01697280074787459
2019-12-17,67.53168487548828,67.85921278461262,67.14394163202556,67.32938692874545,114158400.0,0.001965327511381787,0.0019633987819115753
2019-12-18,67.37032318115234,67.89052104298418,67.22100855730946,67.38477250929151,116028400.0,-0.002389422011807474,-0.00239228123608641
2019-12-19,67.43775177001953,67.71711767990757,67.18006720064264,67.31252181714845,98369200.0,0.0010008648568580192,0.0010003643255754456
2019-12-20,67.298095703125,68.07116437712546,67.08616236392761,67.97001905135092,275978000.0,-0.002070888533929671,-0.002073035788585174
2019-12-23,68.39624786376953,68.45645582843835,67.52202704084159,67.56056102018223,98572000.0,0.016317730080935178,0.016186026725177133
2019-12-24,68.46128845214844,68.61061041883474,68.13617123413715,68.56244109414793,48478800.0,0.0009509379594689893,0.0009504861044023444
2019-12-26,69.81958770751953,69.83644770700805,68.56485537418061,68.59375403067095,93121200.0,0.019840398655665004,0.019646143146963075
2019-12-27,69.7930908203125,70.79736320865955,69.38849493923185,70.11099073385043,146266000.0,-0.00037950506551298613,-0.0003795770957848396
2019-12-30,70.20732116699219,70.4890977572307,68.69008295692782,69.71120798213394,144114400.0,0.0059351196774786175,0.00591757623541385
2019-12-31,70.72028350830078,70.72750817106555,69.72564661991683,69.82438857743935,100805600.0,0.00730639387434362,0.007279831483674031
2020-01-02,72.33386993408203,72.39407791515757,71.09117632272992,71.34404690340438,135480400.0,0.02281645866976567,0.02256005608266774
2020-01-03,71.63064575195312,72.38926493117573,71.40667380039741,71.56321309934685,146322800.0,-0.009721921179797977,-0.009769487597891298
2020-01-06,72.2013931274414,72.23992710936326,70.50353134989086,70.7539985575802,118387200.0,0.00796792168347471,0.007936345416079743
2020-01-07,71.86184692382812,72.46633010238772,71.64268897397623,72.21104883104543,108872000.0,-0.004702765264015807,-0.004713858056108546
2020-01-08,73.01785278320312,73.31889277543256,71.56563615467269,71.56563615467269,132079200.0,0.016086503601839608,0.01595848687236526
2020-01-09,74.56880187988281,74.76146451044018,73.74275001069596,73.99320996049889,170108400.0,0.021240683443329855,0.021018244451153703
2020-01-10,74.73736572265625,75.30091887725054,74.23643856809193,74.80239504412852,140644800.0,0.00226051429718499,0.002257963178577806
2020-01-13,76.33406829833984,76.36056362612658,74.93483570619189,75.0528483215238,121532000.0,0.0213641805574043,0.021139165649767748
2020-01-14,75.30333709716797,76.48100893453174,75.18051779267843,76.27148630079421,161954400.0,-0.013502898825507703,-0.013594892018977206
2020-01-15,74.98062133789062,75.98248317068368,74.54953007278792,75.10344798902688,121923600.0,-0.004285543930953928,-0.004294753194900804
2020-01-16,75.91985321044922,76.03064118697364,75.16123412136378,75.52248200660513,108829200.0,0.012526328213873672,0.0124485228346767
2020-01-17,76.7603530883789,76.76275640961391,75.86204746774389,76.16790133072386,137816400.0,0.011070883864854553,0.01101005020652798
2020-01-21,76.24019622802734,76.8302302819094,76.10292020931296,76.3895109081966,110843200.0,-0.0067763739928693445,-0.00679943786712453
2020-01-22,76.51229858398438,77.06379835057774,76.41837061392836,76.72422448512405,101832400.0,0.0035690143706241795,0.00356266055226022
2020-01-23,76.88076782226562,76.96023911310208,76.01858552983758,76.56527863051073,104472000.0,0.004815817131369915,0.00480425817972509
2020-01-24,76.65922546386719,77.86819933392093,76.46896614550444,77.12644008388187,146537600.0,-0.00288163561153032,-0.00288579551690547
2020-01-27,74.40504455566406,75.08418516629278,73.42485661478304,74.67236453066312,161940000.0,-0.029405213717762058,-0.029846213669547126
2020-01-28,76.5099105834961,76.68089922753784,75.18533472345831,75.2840767149778,162234000.0,0.028289291947904527,0.027896539844616132
2020-01-29,78.1114501953125,78.95677286932231,77.39858953140283,78.13794553717628,216229200.0,0.02093244652362558,0.020716372961883864
2020-01-30,77.99822998046875,78.05121329496869,76.76517176985938,77.19626294921763,126743200.0,-0.001449470142477871,-0.0014505216405243466
2020-01-31,74.5398941040039,77.71164655303768,74.24607885109228,77.29019066933044,199588400.0,-0.04433864559914802,-0.045351660483911496
2020-02-03,74.3351821899414,75.49839714349714,72.78422401879573,73.2851511845041,173788400.0,-0.0027463402856042762,-0.002750118396991546
2020-02-04,76.78926086425781,76.9795201431656,75.53211792000401,75.93671379066781,136616400.0,0.03301369018032063,0.03248044288639266
2020-02-05,77.41541290283203,78.21256585966833,76.8133331862121,77.91392932249283,118826800.0,0.008154161552369699,0.008121096003331697
2020-02-06,78.32096099853516,78.32337167005116,77.12884718583062,77.6851684350144,105425600.0,0.01169725848830283,0.011629374419080333
2020-02-07,77.25636291503906,78.06989154294402,76.76631409771366,77.82124622907054,117684000.0,-0.013592760736375609,-0.013685988083888385
2020-02-10,77.623291015625,77.623291015625,75.7644885208781,75.8441484328751,109348800.0,0.00474948711977885,0.004738243891485903
2020-02-11,77.15496826171875,78.19059132825674,76.93770658748598,78.11817322586252,94323200.0,-0.006033276195568371,-0.006051549943848092
2020-02-12,78.98722839355469,78.9920538114317,77.60398368209574,77.60398368209574,113730400.0,0.02374779191951304,0.023470199327639593
2020-02-13,78.42476654052734,78.75066279160559,78.0578358133656,78.26061390209061,94747600.0,-0.007120921501699851,-0.0071463962711439165
2020-02-14,78.44406127929688,78.69270656111114,77.93711251400148,78.3933612458328,80113600.0,0.0002460286414696089,0.0002459983813865269
2020-02-18,77.00772094726562,77.18877358272158,75.94795598487916,76.12900862033511,152531200.0,-0.018310376956608865,-0.01848008673436269
2020-02-19,78.12300109863281,78.35233737517142,77.24912158938099,77.24912158938099,93984000.0,0.014482705599493384,0.014378832922550537
2020-02-20,77.32154083251953,78.37164756799683,76.81700838375629,77.88401513292217,100566000.0,-0.010258953891203126,-0.01031193965586633
2020-02-21,75.57137298583984,77.35776502195542,74.95579692410486,76.91599243144344,129554000.0,-0.022634932359542503,-0.0228950348702489
2020-02-24,71.981689453125,73.43011036441114,69.82113268068633,71.75960237227564,222195200.0,-0.047500573178516414,-0.04866577374368404
2020-02-25,69.54349517822266,73.03177760353739,69.07276292142255,72.65036343493304,230673600.0,-0.033872423576416844,-0.03445938679857689
2020-02-26,70.64674377441406,71.90928692764982,69.16211349223191,69.16935530367469,198054800.0,0.015864152259877917,0.01573963181089242
2020-02-27,66.02867889404297,69.04139705399142,65.8934935311334,67.85852144500781,320605600.0,-0.06536840388733678,-0.06760284219046475
2020-02-28,65.99004364013672,67.20913548442363,61.88860137685158,62.103453983809466,426510000.0,-0.0005851283798703477,-0.0005852996342879509
2020-03-02,72.13375091552734,72.76864304990521,67.04255398411118,68.14335292241482,341397200.0,0.09310051844932987,0.0890181706102215
2020-03-03,69.84285736083984,73.38665871766685,68.99311238709194,73.3069988099028,319475600.0,-0.031758968937720455,-0.03227422366939324
2020-03-04,73.0824966430664,73.24182384454771,70.76261243598904,71.56165746891385,219178400.0,0.046384689925973666,0.04534107042680857
2020-03-05,70.7119140625,72.31241302487865,70.34739243241086,71.33955724756618,187572800.0,-0.03243707713139976,-0.03297481963629259
2020-03-06,69.77286529541016,70.20497969740977,67.88992061879122,68.07579869358199,226176800.0,-0.013279922903230212,-0.013368889604562874
2020-03-09,64.2543716430664,67.13189718407227,63.489119320777824,63.670171942415024,286744800.0,-0.07909226070878839,-0.08239542223842838
2020-03-10,68.882080078125,69.14762542571471,65.0268655374001,66.90257561810807,285290000.0,0.07202168999123604,0.06954629564470169
2020-03-11,66.48975372314453,67.88748182990133,65.62794159632746,66.96290981260235,255598800.0,-0.03473075075937204,-0.03534820180340221
2020-03-12,59.92359161376953,65.17894700154001,59.86806983845157,61.784814276675704,418474000.0,-0.09875449586887808,-0.10397757887683885
2020-03-13,67.10292053222656,67.57366022928257,61.06300489011421,63.94536649521935,370732000.0,0.11980805430907004,0.11315729053857151
2020-03-16,58.4703369140625,62.54280864814437,57.93683361708763,58.40756965352153,322423600.0,-0.12864691357238633,-0.13770800376020792
2020-03-17,61.04130172729492,62.187964904896894,57.55060477772075,59.74979126293009,324056000.0,0.04397041215977815,0.043031148215713313
2020-03-18,59.5469970703125,60.3508711155952,57.24159305699179,57.88131450093201,300233600.0,-0.024480222647582206,-0.024784845057426487
2020-03-19,59.09075546264648,61.03646731467495,58.56691024737155,59.72081881991735,271857200.0,-0.007661874319662143,-0.007691377273940416
2020-03-20,55.33934020996094,60.79264444451166,55.03999854094989,59.67011594836406,401693200.0,-0.06348565394559813,-0.06559043841724549
2020-03-23,54.16370391845703,55.16070158535809,51.32479999006741,55.05931255400759,336752800.0,-0.021244132782275105,-0.021473037092052272
2020-03-24,59.59770584106445,59.793242114858536,56.56084893172045,57.05813962396852,287531200.0,0.10032552298838837,0.09560606601512624
2020-03-25,59.269386291503906,62.34245170831376,58.97487373705756,60.53192552123785,303602000.0,-0.005508929327516565,-0.005524159438842921
2020-03-26,62.38832092285156,62.446255405203736,59.472166210481355,59.51079165439952,252087200.0,0.052623028961491736,0.05128517186798011
2020-03-27,59.805301666259766,61.767909526223264,59.638732669554486,61.01473181958192,204216800.0,-0.0414022884152615,-0.04228377950675533
2020-03-30,61.51202392578125,61.683422027854625,60.206030134757754,60.52951361729587,167976400.0,0.028537975931394177,0.02813835303776564
2020-03-31,61.38648986816406,63.365997685508034,60.83367751467448,61.702731524008335,197002000.0,-0.002040805189057915,-0.002042890469551616
2020-04-01,58.15650939941406,60.04186986399155,57.726811528152915,59.50595387920076,176218400.0,-0.05261712268752994,-0.05405196200131394
2020-04-02,59.126953125,59.18006218576405,57.1884834576866,58.01891202578832,165934000.0,0.016686760185708804,0.016549065872993603
2020-04-03,58.277217864990234,59.31283722451452,57.68819275537644,58.6127685713981,129880000.0,-0.014371368979783972,-0.014475637294229026
2020-04-06,63.36116790771485,63.515662294825994,60.20119742720632,60.56812804276326,201820400.0,0.08723734984230913,0.08363993742429893
2020-04-07,62.62731170654297,65.58933753055518,62.52350996388426,65.37206847487805,202887200.0,-0.011582112915606957,-0.011649708021725321
2020-04-08,64.23023986816406,64.54406151460887,63.06184765113024,63.42636197678972,168895200.0,0.02559471447747974,0.025272653580387872
2020-04-09,64.69371795654297,65.19584133375365,63.89950579064059,64.86511973614601,161834800.0,0.007215885995914384,0.007189976058003623
2020-04-13,65.96350860595703,66.07214313145124,64.17229133387406,64.77097468626023,131022800.0,0.019627727227967018,0.019437587371298085
2020-04-14,69.29486846923828,69.58455560243435,67.12223707141726,67.59297682109842,194994800.0,0.050503072587930964,0.04926916618005989
2020-04-15,68.66239929199219,69.12106449233013,67.7450688913163,68.17235045630129,131154400.0,-0.009127215206806594,-0.009169123434033984
2020-04-16,69.20800018310547,69.57252198451438,68.16030942029695,69.37456926010336,157125200.0,0.007946137867875347,0.007914733566609275
2020-04-17,68.26892852783203,69.27075926454268,66.83499069320814,68.7251848238726,215250000.0,-0.013568830955798639,-0.01366172884351941
2020-04-20,66.85187530517578,67.99854202997274,66.83256626499734,67.09811161151838,130015200.0,-0.02075692783252847,-0.020975381092345986
2020-04-21,64.78547668457031,66.92914162387588,64.0757495798799,66.69497985985144,180991600.0,-0.030910107026503764,-0.03139790258763278
2020-04-22,66.6515121459961,67.0860355273564,65.71003990834832,66.05041238241853,116862400.0,0.02880329908678747,0.028396281228956845
2020-04-23,66.39319610595703,68.01542772017612,66.35457066668404,66.59597413685326,124814400.0,-0.0038756215984002695,-0.003883151280883611
2020-04-24,68.30994415283203,68.31960235496462,66.86876505886688,66.91704870248016,126161200.0,0.02886964567598249,0.028460768240254612
2020-04-27,68.35823059082031,68.68895219864656,67.58091104598891,68.02750161594408,117087600.0,0.0007068727487209436,0.0007066230318512721
2020-04-28,67.25018310546875,69.00035846269303,67.15845596472252,68.81930583953189,112004800.0,-0.01620942314882501,-0.01634223298433963
2020-04-29,69.45903778076172,69.92736120107678,68.53204914375017,68.73482721743544,137280800.0,0.03284533325104566,0.03231745312984282
2020-04-30,70.92436218261719,71.1005894315717,69.6087172156617,69.99737340670072,183064000.0,0.021096238137944923,0.020876793445592935
2020-05-01,69.78251647949219,72.17965163700352,69.00519685948858,69.1017567929507,240616800.0,-0.01609948497224345,-0.016230489655165967
2020-05-04,70.76984405517578,70.8977876030395,69.11864515995262,69.8066465413913,133568000.0,0.014148638161734173,0.014049480384637361
2020-05-05,71.83202362060547,72.66245223551824,71.08367131021836,71.2285148811078,147751200.0,0.015008929009389327,0.014897409508642349
2020-05-06,72.57312774658203,73.2031872790944,72.14825527383692,72.53208591439893,142333600.0,0.010317182902862987,0.0102643240302327
2020-05-07,73.32390594482422,73.66911859215423,72.89662434827942,73.19837876119128,115215200.0,0.010345126654370373,0.010291982042535895
2020-05-08,75.06912231445312,75.12237513838589,73.65551062741005,73.98228898395239,133838400.0,0.023801464844796616,0.02352262583227049
2020-05-11,76.25037384033203,76.74416477518758,74.36958632362644,74.57775917368724,145946400.0,0.015735518006069427,0.01561299834479863
2020-05-12,75.37895202636719,77.38318317958411,75.25792355724299,76.93295343320654,162301200.0,-0.011428426774530931,-0.011494233099404269
2020-05-13,74.46883392333984,76.47791143801962,73.39410026175051,75.55809041384309,200622400.0,-0.012073902310408724,-0.012147383941242535
2020-05-14,74.92633056640625,74.98684482021679,72.98745151047878,73.7087840752181,158929200.0,0.0061434645738829285,0.006124670430222801
2020-05-15,74.48334503173828,74.52933644505968,72.66791783323735,72.70180935336562,166348400.0,-0.00591228118765752,-0.00592982791705995
2020-05-18,76.23826599121094,76.61103581678174,75.11512542110488,75.80498930633232,135178400.0,0.023561253307365027,0.023287971233547877
2020-05-19,75.7977294921875,77.0999898949941,75.76626090152799,76.25521336264156,101729600.0,-0.005778417088791454,-0.005795176734819558
2020-05-20,77.2718505859375,77.34204178986873,76.61587086677298,76.65460086911052,111504800.0,0.01944809037983042,0.019261392992403363
2020-05-21,76.69577026367188,77.67368271832201,76.45855171857032,77.13389289033314,102688800.0,-0.007455241694062198,-0.007483170907697366
2020-05-22,77.1895523071289,77.27185079219365,76.33266854723075,76.43432834001963,81803200.0,0.006438191333882681,0.006417554707729199
2020-05-26,76.66670227050781,78.48454498542678,76.6110265113562,78.3054252019707,125522000.0,-0.006773585556510642,-0.006796630410302639
2020-05-27,77.0007553100586,77.14599099987917,75.78563172544763,76.52391007078806,112945200.0,0.004357211535878092,0.004347746374208173
2020-05-28,77.03463745117188,78.29091382648822,76.4004493161322,76.67639044487011,133560800.0,0.0004400234903780831,0.00043992670843188655
2020-05-29,76.95957946777344,77.73658013010277,76.6037554918858,77.27667344915052,153532400.0,-0.0009743407106447277,-0.0009748156891072366
2020-06-01,77.90602111816406,78.02704957806893,76.78287346449119,76.91358626954592,80791200.0,0.012297905691999622,0.01222290075941892
2020-06-02,78.2667007446289,78.29090791932163,77.19922860751555,77.63977407114822,87642800.0,0.004629675874702643,0.004618991888255567
2020-06-03,78.69755554199219,78.95898118849432,78.01495316022684,78.58621141173712,104491200.0,0.005504956683546558,0.005489859789325963
2020-06-04,78.01980590820312,78.81859097042819,77.6470360985682,78.5208656190316,87560400.0,-0.008612079868572597,-0.008649378126516593
2020-06-05,80.24191284179688,80.30242710487515,78.24010367848564,78.269149342844,137250400.0,0.02848131840020529,0.028083266018057714
2020-06-08,80.71630096435547,80.75019247995644,79.23007527095147,79.9393002955481,95654400.0,0.005911974250836893,0.005894567104439038
2020-06-09,83.26519012451172,83.6573213064147,80.3653518160227,80.39682040985336,147712400.0,0.031578369297198705,0.031090026694709554
2020-06-10,85.40737915039062,85.87454732273147,83.77349462695621,84.21161714524366,166651600.0,0.02572730600477291,0.02540192780077249
2020-06-11,81.30694580078125,84.97653085136815,81.20528599627451,84.55293109627195,201662400.0,-0.04801029361162201,-0.04920105686647852
2020-06-12,82.00891876220703,84.18743203095863,80.90030081571983,83.44189962926336,200146000.0,0.008633616162950775,0.008596559634072826
2020-06-15,83.02311706542969,83.6742509001126,80.50330314287096,80.6654845616587,138808800.0,0.01236692689685892,0.012291081135523721
2020-06-16,85.22342681884766,85.4945368687229,83.4418908130573,85.07335265810912,165428800.0,0.026502374654084893,0.026157270824477313
2020-06-17,85.10482025146484,86.02705683600927,84.98379175074255,85.96654258564811,114406400.0,-0.001391713192135824,-0.001392682524399787
2020-06-18,85.1386947631836,85.55503301794639,84.53112944713651,85.06123476532262,96820400.0,0.00039803282139194707,0.00039795362734235156
2020-06-19,84.65216827392578,86.30783714893171,83.54596609025744,85.8430918789263,264476000.0,-0.005714516655571322,-0.005730906977546376
2020-06-22,86.86699676513672,87.0098095125726,84.99831637895207,85.04430780115948,135445200.0,0.02616387195238734,0.025827453246655595
2020-06-23,88.72116088867188,90.1371959593026,87.68999560053155,88.10875691220691,212155600.0,0.02134486275090497,0.021120251740747577
2020-06-24,87.15502166748047,89.26818142371512,86.78225190963218,88.35078354810454,192623200.0,-0.017652375211327676,-0.017810036539921685
2020-06-25,88.3120346069336,88.3507645956609,86.55228368101588,87.30992292645324,137522400.0,0.013275344521942012,0.013187999311846915
2020-06-26,85.59860229492188,88.42824869367755,85.4509437109353,88.20797597788908,205256800.0,-0.03072551010843405,-0.031207435903185223
2020-06-29,87.57138061523438,87.66578639039905,85.02978213117639,85.5066347136651,130646000.0,0.023046852021198605,0.022785284572961226
2020-06-30,88.3023910522461,88.58802392767775,87.14052040168764,87.15988171149978,140223200.0,0.00834759520605921,0.008312946720678718
2020-07-01,88.13534545898438,88.92203048346985,88.08693850505696,88.37982532273861,110737200.0,-0.0018917448471229559,-0.0018935364562744123
2020-07-02,88.13534545898438,89.67483137890527,88.02158579310888,89.04064340262327,114041600.0,0.0,0.0
2020-07-06,90.49298095703124,90.96014903943146,89.52959175677846,89.56106033827533,118655600.0,0.026750170272425322,0.026398639690821343
2020-07-07,90.2122039794922,91.64759989931856,90.10085985246305,90.87059916943323,112424400.0,-0.003102748683595169,-0.0031075721882912375
2020-07-08,92.31328582763672,92.34475442259624,91.10057777662374,91.18772214628044,117092000.0,0.02329043915856599,0.023023355920796025
2020-07-09,92.71026611328124,93.25730998199144,91.6645779630297,93.20405713951584,125642800.0,0.0043003591745800485,0.004291139053834381
2020-07-10,92.8724365234375,92.93053523193312,91.6960429410668,92.30602397781524,90257200.0,0.001749217394739322,0.0017476892957177044
2020-07-13,92.44396209716795,96.77920255650146,92.2309508189821,94.17466765194148,191649200.0,-0.004613580113852378,-0.004624255521807307
2020-07-14,93.97378540039062,94.16500509879576,90.89482027358297,91.82673375082923,170989200.0,0.016548655731724926,0.01641321888438117
2020-07-15,94.62007904052734,96.09420527190387,93.42431687945134,95.84488685944432,153198000.0,0.006877382212316707,0.006853840892737893
2020-07-16,93.45578002929688,94.31024088700048,92.85789898357274,93.49451003316076,110577600.0,-0.012304988782896542,-0.012381321989889515
2020-07-17,93.26697540283205,94.06092201052024,92.79496133182224,93.90600938284572,92186800.0,-0.0020202562795542667,-0.002022299749958266
2020-07-20,95.23247528076172,95.37044953138845,93.01039399095431,93.35411815070974,90318000.0,0.021073910346512514,0.020854926715781152
2020-07-21,93.9181137084961,96.09662665534265,93.66879530005892,96.02158957813296,103433200.0,-0.01380161093566723,-0.013897738671104365
2020-07-22,94.18197631835938,94.86215603515758,93.53326519985347,93.62040219174462,89001600.0,0.002809496479904361,0.0028055572211665943
2020-07-23,89.89514923095703,93.99317335196108,89.08667956302143,93.91571332237568,197004400.0,-0.0455164273991423,-0.046584846440227465
2020-07-24,89.67243194580078,90.01615612762265,86.31267968652797,88.09664593771886,185438800.0,-0.0024775228370114144,-0.0024805969752635425
2020-07-27,91.79769897460938,91.88968182119616,90.50996128337567,90.73264959796012,121214000.0,0.02370033891902401,0.023423846016136566
2020-07-28,90.28968048095705,91.54595685387366,90.28483461346656,91.3692525913136,103625600.0,-0.01642762847540913,-0.01656405817186695
2020-07-29,92.02039337158205,92.20435906214746,90.73507124553788,90.77137831946692,90329200.0,0.019168446287613383,0.018987046062570102
2020-07-30,93.1338348388672,93.23791755492836,90.78830239250956,91.19495629734762,158130000.0,0.012099942485455761,0.012027323385778554
2020-07-31,102.88390350341795,103.03397765297316,97.62157959922048,99.61613418906327,374336800.0,0.10468879201011694,0.09956365911285704
2020-08-03,105.4763412475586,108.0905539794476,104.4645447268862,104.76227011908288,308151200.0,0.025197700085849872,0.024885472124312427
2020-08-04,106.18071746826172,107.26997389606046,104.94380243901392,105.6651349105181,173071600.0,0.006678049431482647,0.0066558500370081436
2020-08-05,106.56559753417967,106.88511455690512,105.43761099297777,105.90236369757778,121776800.0,0.0036247642236264532,0.003618210597912169
2020-08-06,110.2835922241211,110.7773905993439,106.30902020460444,106.89721697372634,202428800.0,0.03488925859725889,0.03429442446840839
2020-08-07,107.77620697021484,110.26176460572712,106.98082882286342,109.80587577731004,198045600.0,-0.022735795990492247,-0.022998239741374285
2020-08-10,109.34269714355467,110.35874505613272,106.69709332777636,109.21902314455248,212403600.0,0.014534656742677399,0.014430041102588383
2020-08-11,106.0908660888672,109.10505737675729,105.83139636601508,108.60794885006548,187902400.0,-0.029739810153193713,-0.03019100649833827
2020-08-12,109.61672973632812,109.87377217439806,106.98567459916234,107.17966637873178,165598000.0,0.03323437518652628,0.03269405228861668
2020-08-13,111.5566635131836,112.55816241863091,110.5066629686095,110.9940770606822,210082000.0,0.01769742430304011,0.017542648312516715
2020-08-14,111.45723724365234,111.5469586132698,109.65065854076958,111.3820648853074,165565200.0,-0.0008912624884975795,-0.000891659899058244
2020-08-17,111.166259765625,112.60182410704658,110.54062998121614,112.57757328432731,119561600.0,-0.0026106647286729956,-0.0026140784565294225
2020-08-18,112.09259033203124,112.51695384329368,110.5842808702746,110.9189229946344,105633600.0,0.008332839193827768,0.008298312758867018
2020-08-19,112.23323059082033,113.64454412496904,112.13866200158594,112.49997484302727,145538000.0,0.0012546793536709622,0.0012538929012923382
2020-08-20,114.72361755371094,114.83758973633216,112.25745666606086,112.27443297843882,126907200.0,0.02218939034170786,0.02194678805899517
2020-08-21,120.6356201171875,121.11817961837232,115.6693525872738,115.6814742972318,338054800.0,0.05153256748296564,0.05024868808513424
2020-08-24,122.07845306396484,124.91805616382936,120.21610549023625,124.83317459173284,345937600.0,0.0119602563933916,0.011889297755549474
2020-08-25,121.07696533203124,121.42130925505194,119.35768781992572,120.95329871627834,211495600.0,-0.008203640419729652,-0.008237475451816988
2020-08-26,122.72349548339844,123.17938430241112,121.32673099966804,122.3912806781404,163022400.0,0.013599037164929717,0.013507400108131245
2020-08-27,121.25640869140624,123.65709200762272,120.11425938434616,123.3248772148138,155552400.0,-0.011954408454660337,-0.012026437010124997
2020-08-28,121.05999755859376,122.64589926041506,120.8369003471594,122.22881026536903,187630000.0,-0.0016198000166105508,-0.001621113311031937
2020-08-31,125.16539764404295,127.06655257654673,122.21668415759454,123.74924435405828,225702700.0,0.033912111087414765,0.03334977352528044
2020-09-01,130.15101623535156,130.75240977324506,126.61061944886391,128.7736558625042,151948100.0,0.03983224345667136,0.03905939577374723
2020-09-02,127.45455932617188,133.83698910317142,123.18668026100194,133.45869988967056,200119000.0,-0.020717908988921674,-0.020935535963628175
2020-09-03,117.25041198730467,124.97140134269284,116.8818246649217,123.09935930505593,257599600.0,-0.08006106170555682,-0.08344798256081466
2020-09-04,117.32801818847656,119.98574406174012,107.56038329847304,116.46474218511382,332607200.0,0.000661884251462519,0.0006616653026885218
2020-09-08,109.43242645263672,115.41716207276087,109.29663073421304,110.52849400857392,231366600.0,-0.06729502345429805,-0.0696663376296929
2020-09-09,113.79730224609376,115.5626538988252,111.79915900187883,113.7391061983007,176940500.0,0.03988649374731912,0.03911156656943185
2020-09-10,110.0823211669922,116.88183937183103,109.12204920606632,116.74604363595516,182274400.0,-0.03264559884792073,-0.033190355168213836
2020-09-11,108.63704681396484,111.77006490232608,106.69709954942977,111.12987875287996,180860300.0,-0.013129032325135181,-0.01321597993384992
2020-09-14,111.89615631103516,112.44904097306566,109.41302623599448,111.275373792275,140150100.0,0.029999982442926232,0.02955878519584157
2020-09-15,112.07076263427734,115.26197700807842,110.1987130897774,114.77699015613864,184642000.0,0.0015604318235635795,0.0015592156148683668
2020-09-16,108.76314544677734,112.51694623083202,108.6758513682307,111.77006975767836,154679000.0,-0.02951364932077616,-0.02995794068709637
2020-09-17,107.02687072753906,108.83102200073318,105.44581661191644,106.42549190334796,178011000.0,-0.01596381487594911,-0.01609260910596049
2020-09-18,103.6319808959961,107.5506753180143,102.9045006607274,107.08509211161685,287104900.0,-0.03171997656724379,-0.03223395313332918
2020-09-21,106.77468872070312,106.88138640178968,100.00427017683464,101.40103443810511,195713800.0,0.030325656207045082,0.029874923344803943
2020-09-22,108.45275115966795,109.47122644967509,105.8823269140235,109.29663089711131,183055400.0,0.01571591974718123,0.015593703511041262
2020-09-23,103.9035873413086,108.74375412227576,103.5640906197424,108.26846907252016,150718700.0,-0.04194604350480624,-0.04285118057726669
2020-09-24,104.97054290771484,106.93958810787352,101.84722676940336,102.01212050333626,167743300.0,0.010268707690538559,0.010216342687237683
2020-09-25,108.90863037109376,109.06382969318264,104.43705165768294,105.17423363698332,149981400.0,0.037516119801734193,0.03682951016031394
2020-09-28,111.5081558227539,111.85734688464554,109.39361323699264,111.55665745924858,137672400.0,0.023868865514170556,0.023588457395485516
2020-09-29,110.66429901123048,111.84766814275456,110.1599159291002,111.11049343812664,99382200.0,-0.007567668977189079,-0.0075964490748374434
2020-09-30,112.3326416015625,113.73910777869786,110.2084044241761,110.37329816208845,142675200.0,0.015075707389270221,0.014963198273019625
2020-10-01,113.28323364257812,114.18530951408272,112.35205974301084,114.1077098390407,116120400.0,0.008462295798111086,0.008426691295898379
2020-10-02,109.62641143798828,111.9058552854288,108.8504370093438,109.50031753591524,144712000.0,-0.03228034800037172,-0.0328128493551502
2020-10-05,113.00192260742188,113.14742012517608,110.1405034929378,110.4896945754234,106243800.0,0.03079103954199036,0.03032650703612412
2020-10-06,109.7622299194336,112.63335124814374,108.87955028037824,112.2259566607193,161498200.0,-0.02866935900943246,-0.02908835270000098
2020-10-07,111.62457275390624,112.08046156708008,110.7030933186814,111.17838574960965,96849000.0,0.016967064497866113,0.0168247315841684
2020-10-08,111.51786041259766,112.90492288741171,111.14926572678704,112.75942537460811,83477200.0,-0.0009559932788619774,-0.0009564505318803618
2020-10-09,113.4578094482422,113.48690747123634,111.46936067345082,111.81855175000258,100506900.0,0.01739585953736067,0.017246283747529685
2020-10-12,120.6647491455078,121.42132756900632,115.6984803395375,116.455058763036,240226800.0,0.06352087822172603,0.06158498707968009
2020-10-13,117.4638214111328,121.62500974923826,116.05736241261016,121.5086102333756,262330500.0,-0.02652744697223086,-0.026885648683657403
2020-10-14,117.55110168457033,119.33584953717632,116.02824344500344,117.36680433445795,150712000.0,0.000743039621808661,0.0007427637045387218
2020-10-15,117.08552551269533,117.56081055796656,114.6023951860236,115.15527990408135,112559200.0,-0.003960627890364665,-0.003968491948280227
2020-10-16,115.4462661743164,117.90030584427576,115.24257258596,117.63840880188036,115393800.0,-0.014000529366895775,-0.014099461262907193
2020-10-19,112.4975357055664,116.80421323996534,112.18714446524658,116.358026294525,120639300.0,-0.025542016788118627,-0.025873877216612766
2020-10-20,113.98161315917967,115.4074757022461,112.15805784138064,112.71094256212962,124423700.0,0.013192088558254822,0.013105830743652867
2020-10-21,113.36082458496094,115.14557257156684,112.9534300225298,113.16682541230044,89946000.0,-0.005446392247070442,-0.0054612779147172425
2020-10-22,112.27446746826172,114.49570836063894,111.1492943069264,113.92341996987348,101988000.0,-0.009583179380324824,-0.00962939353318774
2020-10-23,111.58575439453124,113.05041647874276,110.84857244879218,112.89521716371952,82572600.0,-0.006134191408435519,-0.006153082856011679
2020-10-26,111.5954818725586,113.05044248419397,109.49063323015535,110.58670829378724,111850700.0,8.717490937915073e-05,8.717110986755122e-05
2020-10-27,113.09893798828124,113.7585204355671,111.10079442752372,112.02226653167769,92276800.0,0.013472374423183053,0.013382428939195189
2020-10-28,107.86107635498048,111.96406850952522,107.76408046155812,111.5954811543954,143937800.0,-0.04631220881882614,-0.047418924008859505
2020-10-29,111.85736083984376,113.41901900582576,108.83104039265947,108.99594153712782,146129200.0,0.03705029302425222,0.03638042664827899
2020-10-30,105.59132385253906,108.62733847489967,104.48555457025763,107.72526275511105,190272600.0,-0.056018101448650715,-0.057648288283885255
2020-11-02,105.50401306152344,107.35666597624235,104.09755446367568,105.83380789569206,122866900.0,-0.0008268746695283546,-0.0008272167189555782
2020-11-03,107.1239013671875,108.14236934595198,105.46524717293195,106.3673230400161,107624400.0,0.015353807487108906,0.015237130559306986
2020-11-04,111.49846649169922,112.1192490266788,108.97653651830576,110.71279021468384,138235500.0,0.04083649931229694,0.040024716118083455
2020-11-05,115.45598602294922,116.02827444182644,113.36084635798834,114.4084124903122,126387100.0,0.035493936874410936,0.03487854657263291
2020-11-06,115.32477569580078,115.82031028925552,112.83735453132164,114.96526366548072,114457900.0,-0.001136453220557665,-0.0011370994731892436
2020-11-09,113.02200317382812,118.53124107554255,112.75966168887598,117.08348880826458,154515300.0,-0.019967717327686985,-0.020169766357718603
2020-11-10,112.68191528320312,114.25597883957684,110.8940807658282,112.27382528066764,138023400.0,-0.0030090414350729677,-0.003013577702415051
2020-11-11,116.10210418701172,116.23813418126792,113.138585125769,113.86732041488948,112295000.0,0.030352598242696205,0.02990107205151687
2020-11-12,115.8300323486328,117.11260602974936,115.20817889191434,116.22841115754072,103162300.0,-0.0023433842158508966,-0.002346134237721037
2020-11-13,115.87862396240234,116.27699537989376,114.5280352176776,116.05352071993178,81581900.0,0.00041950790122635695,0.0004194199323883165
2020-11-16,116.88916015625,117.559591677798,114.80011721095168,115.54828228699444,91183000.0,0.00872064371575143,0.00868283853370434
2020-11-17,116.00494384765624,117.24865091924096,115.5871353083196,116.16041093814378,74271000.0,-0.00756457063607785,-0.007593327112585783
2020-11-18,114.68348693847656,116.42273584755772,114.65433871642078,115.2470439418146,76322100.0,-0.011391384413021899,-0.011456763209990077
2020-11-19,115.27619171142578,115.6842816447608,113.4980760422232,114.25595946501043,74113000.0,0.005168178861418626,0.005154869661568532
2020-11-20,114.0130615234375,115.40251710432108,113.96448361868472,115.27620565626935,73604300.0,-0.010957424679246097,-0.011017899427806404
2020-11-23,110.62201690673828,114.2851304944073,110.5248536828197,113.85760341347095,127959300.0,-0.02974259765844567,-0.03019387944858946
2020-11-24,111.90459442138672,112.56531474410036,109.39774313111327,110.68032441615657,113874200.0,0.011594233684328215,0.011527535603998846
2020-11-25,112.7402114868164,113.43979858279867,111.90459439029078,112.27382503154756,76499200.0,0.007467227505272067,0.007439485778889538
2020-11-27,113.2843246459961,114.15880846315034,112.92481998616722,113.26489496698316,46691300.0,0.004826256328633205,0.0048146472907028585
2020-11-30,115.6745834350586,117.54014397849063,113.49808872130924,113.65355580646788,169410200.0,0.021099642837010713,0.020880127796717145
2020-12-01,119.2405242919922,119.96925956195165,116.60736173944144,117.57900876605405,127728200.0,0.030827349890009126,0.030361732127449116
2020-12-02,119.59033203125,119.87211059203428,117.46242241782213,118.56038101970898,89004200.0,0.0029336313416503668,0.0029293366425517465
2020-12-03,119.4542999267578,120.27047995352808,118.74499426371094,120.01784962535092,78967600.0,-0.0011374841275351155,-0.0011381315536098016
2020-12-04,118.7838363647461,119.376541580962,118.07453084903472,119.1239113052607,78260400.0,-0.005612720198626575,-0.005628530700342651
2020-12-07,120.24136352539062,121.03811408212653,118.7838924523556,118.842188923091,86712000.0,0.01227041662612205,0.012195745275875853
2020-12-08,120.85345458984376,121.43644873670094,119.60002903502644,120.84374345698704,82225500.0,0.005090519988355746,0.005077607095167554
2020-12-09,118.32718658447266,122.37895334699282,117.56930300737729,120.99921619827668,115089200.0,-0.020903564684558118,-0.021125137405532124
2020-12-10,119.74578857421876,120.35793100204792,116.74340254220034,117.08347755039478,81312200.0,0.011988808579788124,0.011917512088501371
2020-12-11,118.9393310546875,119.27940607418536,117.13206676469385,118.95876073591047,86939800.0,-0.006734746408483705,-0.006757527152376262
2020-12-14,118.32718658447266,119.85267228564852,118.09399334838469,119.12393693642925,79184500.0,-0.005146695082162367,-0.005159984936125066
2020-12-15,124.25424194335938,124.27367903878984,120.6105649235341,120.81460994707471,157243700.0,0.05009039367850976,0.04887624968159632
2020-12-16,124.18621063232422,124.73033062366706,122.9716517851633,123.79755773169585,98208600.0,-0.0005475170100524007,-0.0005476669522236398
2020-12-17,125.05094909667967,125.90600308591694,124.40965860475175,125.24527550528236,94359800.0,0.0069632406041897354,0.006939109201413651
2020-12-18,123.0688247680664,125.43964605507789,122.5441344465272,125.30361605465058,192541500.0,-0.015850534065765753,-0.015977497190326376
2020-12-21,124.59429931640624,124.67203286094654,119.94982751976666,121.47531311924553,121251600.0,0.012395296300380831,0.012319103589912435
2020-12-22,128.14085388183594,130.59912042639044,125.97406967366211,127.87850495293172,168904800.0,0.02846482210573087,0.028067226420180138
2020-12-23,127.24690246582033,128.6752099698852,127.07199828959048,128.4128759447762,88223700.0,-0.006976318550522276,-0.007000766833137659
2020-12-24,128.22824096679688,129.6760001670091,127.38291291879534,127.59667642019996,54930100.0,0.007712081645682156,0.0076824955602059364
2020-12-28,132.81442260742188,133.44598718799116,129.7245776284665,130.19097883452193,124486200.0,0.035765768960462685,0.03514102653769635
2020-12-29,131.0460205078125,134.85487480481046,130.53104880605997,134.1358655444837,121047300.0,-0.013314834826609778,-0.013404272021347221
2020-12-30,129.92864990234375,132.13429294527648,129.61771571736733,131.7359140805847,96452100.0,-0.00852655121566348,-0.008563110216613313
2020-12-31,128.92787170410156,130.91975146585497,127.9853727167279,130.27846074381847,99116600.0,-0.007702521337629387,-0.007732338967748573
2021-01-04,125.7408447265625,129.8217592553949,123.16597863459702,129.73431458165692,143301900.0,-0.024719456975552223,-0.02503011293714786
2021-01-05,127.29549407958984,128.00480720900393,124.7886425294723,125.2356067640872,97664900.0,0.012363916883237902,0.012288107887370498
2021-01-06,123.01050567626952,127.334339167221,122.79674215546176,124.09875295807365,155088000.0,-0.03366174454408566,-0.03424134513420142
2021-01-07,127.2080535888672,127.89792964576662,124.23481543686934,124.720639051932,109578200.0,0.03412349123776881,0.0335541995524267
2021-01-08,128.30596923828125,128.86952618923627,126.53756485844092,128.67518495872093,105158200.0,0.008630865880256966,0.008593832889297123
2021-01-11,125.32303619384766,126.47929859092636,124.85664974689551,125.527088604103,100384500.0,-0.02324859133322077,-0.023523102850117113
2021-01-12,125.14813232421876,126.01289753186738,123.26313483591238,124.85663526886566,91951100.0,-0.001395624259839634,-0.0013965990504434637
2021-01-13,127.17890167236328,127.72302173327904,124.8469543181073,125.1092883878033,88636800.0,0.016226924928319786,0.01609667552450165
2021-01-14,125.2550277709961,127.28576659581172,125.10927181431389,127.09144014639318,90221800.0,-0.015127303947972792,-0.015242888749365375
2021-01-15,123.53520965576172,126.52788445335536,123.39917965706007,125.12871028033412,111598500.0,-0.013730531586953254,-0.013825667181092205
2021-01-19,124.20565032958984,125.0607045202907,123.34088500532488,124.15706500945308,90757300.0,0.005427122159717523,0.005412448399168344
2021-01-20,128.28659057617188,128.7335548533042,124.90526215662156,125.01214395162096,104319500.0,0.032856317210633534,0.03232808773391115
2021-01-21,132.98934936523438,135.7099645282226,129.80234769109845,130.0064001294405,120150900.0,0.036658225680026746,0.036002295059040935
2021-01-22,135.126953125,135.88483658611096,131.19177987621222,132.41604973812463,114459400.0,0.01607349588496021,0.015945685009438264
2021-01-25,138.86778259277344,140.97625472972098,132.6686702057167,139.01353853335786,157611700.0,0.027683814229963133,0.027307546016218206
2021-01-26,139.10098266601562,140.2086596098709,137.36172630104042,139.5285097015661,98390600.0,0.001679295722075702,0.0016778872815862095
2021-01-27,138.03219604492188,140.20869106595407,136.42898412808006,139.36334793740457,140843800.0,-0.007683530343275402,-0.007713200742532884
2021-01-28,133.20309448242188,137.96417406452278,132.82415271471342,135.5642045936499,142621100.0,-0.034985327342965666,-0.035611972932801
2021-01-29,128.21856689453125,132.86303917443942,126.51818434944722,131.97883669271752,177523800.0,-0.037420508939815966,-0.03813862811593141
2021-02-01,130.33673095703125,131.54157860190338,127.21773749244758,129.9577892114423,106239800.0,0.01651994803718515,0.01638497813098164
2021-02-02,131.1626739501953,132.44524067254102,130.79344323298977,131.88168346118144,83305400.0,0.00633699331799531,0.006316999000619618
2021-02-03,130.14239501953125,131.92051071941538,129.82174974648763,131.91078476116337,89880900.0,-0.007778729267531426,-0.007809141396511454
2021-02-04,133.49461364746094,133.50432478243863,130.7739984115147,132.43552171463995,84183100.0,0.025758083116778296,0.02543193251069721
2021-02-05,133.08102416992188,133.7232731231055,132.20524094162676,133.65516390896917,75693800.0,-0.0030981735235496854,-0.00310298279902283
2021-02-08,133.22698974609375,133.27564766652046,131.29051736028654,132.370657861184,71297200.0,0.001096817349297785,0.0010962162846142255
2021-02-09,132.3511962890625,134.17090160726997,132.19551172596402,132.94478730279516,76774200.0,-0.0065736939542081485,-0.00659539584029906
2021-02-10,131.74786376953125,133.3048279995829,130.7844904817518,132.80853804149436,73046600.0,-0.004558572468159161,-0.004568994444584022
2021-02-11,131.49485778808594,132.72095704438246,130.17144270344224,132.24413324277845,64280000.0,-0.001920380142845457,-0.0019222264368949202
2021-02-12,131.7283935546875,131.88409294253404,130.09359452723146,130.7358433658653,60145100.0,0.0017760068380614502,0.0017744316027270741
2021-02-16,129.6070556640625,132.35118706954955,129.2178071626484,131.84518629017936,80576300.0,-0.01610387732956231,-0.01623495389423897
2021-02-17,127.3202896118164,128.66317119438432,125.98714852369966,127.7192638281322,97918500.0,-0.017643839222559965,-0.017801347200764834
2021-02-18,126.22066497802734,126.50285712605177,123.98253453613503,125.72437503561387,96856700.0,-0.00863668027414699,-0.008674192541034296
2021-02-19,126.37637329101562,127.19378780631595,125.33516499223074,126.7364300489586,87668800.0,0.0012336198119016206,0.001232859528184597
2021-02-22,122.6104736328125,126.23040308983671,122.22123254914696,124.56639727156256,103916400.0,-0.029799080003119927,-0.030252094916595123
2021-02-23,122.4742431640625,123.3013758456432,115.20519230196524,120.43073670834654,158273000.0,-0.0011110834557085392,-0.0011117011665258835
2021-02-24,121.97795104980467,122.18230093698556,118.94188709836796,121.57898434363892,111039900.0,-0.004052216216539617,-0.004060448692045905
2021-02-25,117.7352294921875,123.0580814668372,117.29733797299156,121.32596667655264,148199500.0,-0.034782692454678354,-0.03540201382828916
2021-02-26,117.99797058105467,121.49139194672976,117.93957960066368,119.29218643059886,164560400.0,0.002231626761169281,0.00222914038059721
2021-03-01,124.3523406982422,124.48857398468388,119.48684497058966,120.42101925940008,116307900.0,0.05385152037697649,0.052451567688094475
2021-03-02,121.75413513183594,125.25728963208245,121.64709366058167,124.95563135354156,102260900.0,-0.02089390156885873,-0.021115268032438243
2021-03-03,118.77647399902344,122.32828720569532,118.56239100874602,121.45249652917722,112966300.0,-0.0244563449905687,-0.024760368501084297
2021-03-04,116.89839935302734,120.2750546242128,115.42902496763868,118.47482266404644,178155000.0,-0.015811840365050234,-0.015938181068724206
2021-03-05,118.15367126464844,118.65968686991202,114.40724183835442,117.7255127803743,153766600.0,0.010738144564582441,0.010680900124994648
2021-03-08,113.22980499267578,117.74498394850409,113.08383865170995,117.67686731260756,154376600.0,-0.04167340903816563,-0.04256664996163118
2021-03-09,117.83255004882812,118.77645723226702,115.59442688495044,115.827968557669,129525800.0,0.040649589182371715,0.03984512315182657
2021-03-10,116.7524185180664,118.88350022910564,116.23666982400522,118.4164168777091,111943300.0,-0.009166665155885378,-0.009208937560551609
2021-03-11,118.6791534423828,119.89552719538874,117.997987110362,119.24355264557504,103026500.0,0.016502741003332932,0.016368050593531726
2021-03-12,117.77416229248048,117.9103955487277,115.95447204511132,117.16111263936789,88105100.0,-0.007625527513908992,-0.007654750504109062
2021-03-15,120.65454864501952,120.6642817142442,117.18058534747088,118.14395874848536,92403800.0,0.024456861305333533,0.024162580738873018
2021-03-16,122.19204711914062,123.79766203262986,121.36491441345116,122.31854732264156,115227900.0,0.012742979783088249,0.012662471240634883
2021-03-17,121.40384674072266,122.4742542742317,119.04894125801434,120.71294726523811,111932600.0,-0.006450504734153872,-0.006471399141264483
2021-03-18,117.28762817382812,119.8663421601818,117.08327826271947,119.57440947336566,121229700.0,-0.03390517415552219,-0.03449328618724978
2021-03-19,116.7621612548828,118.16342636251116,116.46050290360724,116.6745858977346,185549500.0,-0.004480156408027569,-0.004490222384766026
2021-03-22,120.0706787109375,120.53776947303844,117.02488167357409,117.09299830303092,111912300.0,0.028335527712890274,0.027941502605496514
2021-03-23,119.24353790283205,120.8978030327316,118.85429686516294,120.0122869105858,95467100.0,-0.006888782648566072,-0.0069126198476879485
2021-03-24,116.85945892333984,119.59387224546332,116.84000020937296,119.51602254128296,88530500.0,-0.019993359987649062,-0.02019593181766612
2021-03-25,117.34600067138672,118.3872236915313,115.7987768800299,116.32425121223297,98844700.0,0.004163477672492366,0.004154834381787621
2021-03-26,117.9493408203125,118.21208173439534,115.72094299418823,117.11247500179746,94071200.0,0.005141548459034029,0.005128375831265426
2021-03-29,118.12450408935548,119.28249444245718,117.4822625170894,118.37751194468804,80819200.0,0.001485072047243019,0.0014839704182809835
2021-03-30,116.6745834350586,117.16113298447571,115.66255948137214,116.87893335491496,85671900.0,-0.012274512096153156,-0.012350466091857307
2021-03-31,118.86405181884766,120.19719278132602,117.8909527575786,118.37750228821312,118323800.0,0.018765598464790978,0.018591696832199425
2021-04-01,119.69119262695312,120.83944989383652,119.19490999339445,120.33344161440051,75089100.0,0.00695871287785188,0.006934612774598268
2021-04-05,122.51317596435548,122.76618380455446,119.75930377924526,120.53778601486208,88651200.0,0.02357720125822249,0.023303551958752094
2021-04-06,122.81480407714844,123.71005323086034,122.26987110082902,123.097003632501,80171300.0,0.002462005497928743,0.0024589797276838923
2021-04-07,124.4593734741211,124.47883218903851,121.77361794195266,122.44505868103396,83466700.0,0.013390644632218729,0.013301782353569772
2021-04-08,126.85320281982422,126.882394605776,125.0627039893138,125.48112948683244,88844600.0,0.019233821277437668,0.01905118942709333
2021-04-09,129.4221649169922,129.4610823431084,125.987126690143,126.3082511367721,106686700.0,0.020251456329540174,0.020049122726959363
2021-04-12,127.70954895019533,129.2762393125197,127.11595782289686,128.95511478316322,91420000.0,-0.013232787196036155,-0.013321120655206842
2021-04-13,130.81370544433594,131.03752892907758,128.380957683949,128.87724772998885,91266500.0,0.024306377398225498,0.024015678544870474
2021-04-14,128.478271484375,131.36837696548068,128.1182295730411,131.3099933958929,87222800.0,-0.01785312901295888,-0.018014418687860214
2021-04-15,130.88182067871094,131.36837019796266,130.04495491166549,130.22012045971883,89347100.0,0.01870782636290569,0.018534987280853343
2021-04-16,130.55096435546875,131.04723949609195,129.69463249088383,130.6871976204425,84922400.0,-0.0025279012893194563,-0.0025311018266831894
2021-04-19,131.21266174316406,131.82571884662076,129.75301328602865,129.91843832937323,94264200.0,0.0050684986584519365,0.005055697057503455
2021-04-20,129.52923583984375,131.8841341353887,128.264203903013,131.3878588859704,94812300.0,-0.012829751953477242,-0.01291276400140896
2021-04-21,129.9087371826172,130.15201197134868,127.767922011443,128.79940473993418,68847100.0,0.0029298508580926086,0.0029255672099943357
2021-04-22,128.39071655273438,130.54125756563838,127.87497514158638,129.46111681150813,84566500.0,-0.011685285091709297,-0.011754094599952462
2021-04-23,130.70664978027344,131.4851170121257,128.60475261832673,128.60475261832673,78657500.0,0.01803816732020369,0.017877409881502205
2021-04-26,131.09588623046875,131.42673629598994,129.96708793224363,131.20292770440926,66905100.0,0.0029779391549675793,0.0029735138774569215
2021-04-27,130.7747802734375,131.76734545845767,130.5023137282654,131.37809693084532,66015800.0,-0.0024493976604783585,-0.0024524023423712652
2021-04-28,129.98655700683594,131.38782184344353,129.50000754125335,130.69691506905932,107760100.0,-0.006027333901486687,-0.006045571598520379
2021-04-29,129.8892059326172,133.3826414323713,128.8869154933253,132.79877629276305,151101000.0,-0.0007489318623434826,-0.0007492124519144262
2021-04-30,127.92359161376952,129.96709045367274,127.54408362576528,128.23497554962137,109839500.0,-0.015133007433022372,-0.015248679854740921
2021-05-03,128.97454833984375,130.46340362512916,128.28365629304724,128.48799878924353,75135100.0,0.008215503589418471,0.008181940042128901
2021-05-04,124.41071319580078,127.95280060042847,123.29164779323206,127.66086791309522,137564700.0,-0.035385548565887714,-0.0360267896700323
2021-05-05,124.6540069580078,126.94078104975206,124.52749931714489,125.72440711319194,84000900.0,0.0019555692267765323,0.0019536595904881856
2021-05-06,126.24990844726562,126.25963409486536,123.71011125778644,124.44966880408144,78128300.0,0.012802648933663452,0.012721387860183233
2021-05-07,126.92245483398438,127.94593245749884,126.2108752190309,127.54629547170842,78973300.0,0.005327103955878654,0.005312965128043185
2021-05-10,123.6472625732422,126.26933982071908,123.60827160938824,126.14263220253412,88071200.0,-0.025804671561278525,-0.026143452900681506
2021-05-11,122.73103332519533,123.08193721891008,119.67030506781474,120.3818773315068,126142800.0,-0.007410024524434178,-0.007437615138744892
2021-05-12,119.6702880859375,121.4930768252382,119.16342036759428,120.28438654552215,112172300.0,-0.024938641485628965,-0.02525487815480181
2021-05-13,121.81475830078124,122.96496595514448,121.1226852750631,121.43460561674968,105861300.0,0.01791982161272765,0.01776115433177806
2021-05-14,124.2321319580078,124.66102519199372,122.67253033910512,123.06243260302256,81918000.0,0.01984466981626043,0.01965033120585653
2021-05-17,123.0819320678711,123.72527195908786,122.00970635261076,123.61804864388507,74244600.0,-0.009258473407874002,-0.009301599466837372
2021-05-18,121.69776916503906,123.78373756646234,121.62953683178752,123.36459396598384,63342900.0,-0.011245865900681218,-0.011309578771903068
2021-05-19,121.54180908203124,121.76599784022277,119.75801143334375,120.05043995950336,92612000.0,-0.0012815360879485649,-0.0012823579575663446
2021-05-20,124.09563446044922,124.49528622037604,121.94143413208596,122.0681566104848,76857100.0,0.02101190855810242,0.020794202736548584
2021-05-21,122.26311492919922,124.7682266831002,122.04866834970512,124.59277106685649,79295400.0,-0.014766994336404715,-0.014877111811334543
2021-05-24,123.89096069335938,124.70975612799803,122.76025239580744,122.82848472896345,63092900.0,0.013314283421478557,0.013226427318192582
2021-05-25,123.6960220336914,125.08017543327662,123.1306641265909,124.59279202902988,72009500.0,-0.0015734695943674382,-0.001574708797719424
2021-05-26,123.6472625732422,124.17362943012176,123.22811900776954,123.7544858646491,56575900.0,-0.0003941877810421657,-0.0003942654934683907
2021-05-27,122.11692810058594,124.41734339161216,121.92198067731964,123.24764397847942,94625600.0,-0.012376614255813156,-0.012453842423109993
2021-05-28,121.46385192871094,122.6238092325372,121.40536918625511,122.39961299184344,71311100.0,-0.005347957748634724,-0.0053623092650797845
2021-06-01,121.14218139648438,122.18516577367905,120.81076927511776,121.92198599710954,67637100.0,-0.0026482819959913195,-0.002651794898230982
2021-06-02,121.90247344970705,122.07792909380578,120.91797935921072,121.14216813753484,59278900.0,0.0062760307306528595,0.006256418465134004
2021-06-03,120.42086791992188,121.6977907126188,120.02121601385367,121.53208465063496,76229200.0,-0.012154023522717328,-0.01222848764080394
2021-06-04,122.71151733398438,122.97470451422886,120.72302254551224,120.93746915555828,75169300.0,0.019022030430686954,0.01884337366408649
2021-06-07,122.72127532958984,123.13066937489864,121.67829101219802,122.9844550910691,71057600.0,7.951980235820777e-05,7.951664082632605e-05
2021-06-08,123.5400619506836,125.21664395698274,123.02344459916289,123.40359727053726,74403800.0,0.006671920731712966,0.006649761974961779
2021-06-09,123.92022705078124,124.52457600687696,123.32562769760736,123.99820900061968,56877900.0,0.003077261692238764,0.003072536613531579
2021-06-10,122.92596435546876,124.95345011953232,122.76025831506652,123.81298472926724,71186400.0,-0.00802340924460243,-0.008055770004535218
2021-06-11,124.1346664428711,124.22239799050632,122.9162264357036,123.33537009563992,53522400.0,0.009832764735585808,0.00978473767365727
2021-06-14,127.18560791015624,127.24409063710856,123.86170821216966,124.592772046137,96906500.0,0.024577674832591878,0.024280503131363346
2021-06-15,126.36683654785156,127.30260492232892,126.12314857125716,126.6592650944716,62746300.0,-0.006437610164847007,-0.00645842093968084
2021-06-16,126.86392974853516,127.58525137205336,125.21661184407183,127.0783763157019,91815000.0,0.003933731462014922,0.003926014571237817
2021-06-17,128.4625701904297,129.20339129093645,126.3766013323592,126.52282306860803,96721700.0,0.012601221206558044,0.012522486563766207
2021-06-18,127.16612243652344,128.1895998960208,126.95167585727803,127.40981037898122,108953300.0,-0.010092027210606425,-0.010143296952640858
2021-06-21,128.9596710205078,129.066894317528,125.94769141357573,127.01016734634604,79663300.0,0.014103981073100957,0.014005445348550704
2021-06-22,130.59725952148438,130.69474066397615,128.29684436989922,128.7939773736595,74783600.0,0.012698454392894298,0.012618505130877445
2021-06-23,130.32437133789062,130.9287278398836,129.86623659582412,130.39261113389742,60214200.0,-0.002089539892288883,-0.0020917260266437847
2021-06-24,130.04168701171875,131.24062798342803,129.57379527397197,131.05542269642876,68711000.0,-0.0021690825995926977,-0.0021714384665845253
2021-06-25,129.74923706054688,130.50954241745376,129.4568084909208,130.09040620403312,70783700.0,-0.002248893857748291,-0.00225142641722407
2021-06-28,131.37704467773438,131.83517920756188,129.9831567614525,130.04163948891443,62111300.0,0.012545797216733545,0.012467750794625369
2021-06-29,132.887939453125,133.04390333984907,130.95793469390316,131.39657011097157,64556100.0,0.011500447274459757,0.011434819814848342
2021-06-30,133.5020294189453,133.9406648079474,132.43953852296474,132.73196707347742,63261400.0,0.004621111354028651,0.004610466799472741
2021-07-01,133.80419921875,133.86268195374564,132.3323143115352,133.15111722207564,52485800.0,0.00226340978575279,0.002260852132441629
2021-07-02,136.4263153076172,136.46529884864614,134.27210654572147,134.41831341650158,78852600.0,0.01959666515832148,0.019407122779207177
2021-07-06,138.43426513671875,139.53572463895688,136.53350195950557,136.53350195950557,108181800.0,0.014718200257582303,0.014610938731754963
2021-07-07,140.919921875,141.23183482081484,139.05814174627804,139.9159135024217,104911600.0,0.017955502099327836,0.01779620607211625
2021-07-08,139.6234588623047,140.42274763655988,137.11833949517367,138.00536723887996,105575500.0,-0.00919999809427452,-0.009242579443511608
2021-07-09,141.44622802734375,141.97258743167365,139.04833216120844,139.1458132863032,99890800.0,0.01305489192068121,0.012970411281854733
2021-07-12,140.85166931152344,142.62572515772004,140.36429329314447,142.51850183873523,76299700.0,-0.004203425740737177,-0.004212284969505382
2021-07-13,141.96286010742188,143.7369156295679,140.00361422588887,140.39350901995925,100827100.0,0.00788908503058483,0.007858128903035912
2021-07-14,145.38424682617188,145.79365573228569,143.95136027537654,144.36076918149035,127050800.0,0.024100576137738194,0.023814740678667175
2021-07-15,144.7311553955078,146.21278242197317,143.37625087333885,145.47197634550716,106820300.0,-0.0044921746676235275,-0.004502294803229801
2021-07-16,142.6939239501953,145.97883295333372,142.19680585690423,144.71166743629377,93251400.0,-0.014075970303320973,-0.014175976337096823
2021-07-19,138.8533935546875,140.43250161447835,138.09308832622733,140.1205738932986,121434600.0,-0.02691446341365089,-0.02728329049931604
2021-07-20,142.45994567871094,143.38597163190832,139.35050045305252,139.83787627114395,96350000.0,0.025973813327097472,0.02564222334985421
2021-07-21,141.72894287109375,142.4405225803077,140.97839449756518,141.8556653977963,74993500.0,-0.00513128658118267,-0.005144496841971205
2021-07-22,143.0935821533203,144.4582288663732,142.1285724161041,142.25529492286392,77338200.0,0.009628515210670319,0.009582456473576646
2021-07-23,144.80911254882812,144.96507639303513,143.2105203295334,143.82461867014172,71447400.0,0.011988870288184295,0.011917573065849901
2021-07-26,145.22828674316406,146.04707474588002,143.97084849928373,144.5264642055409,72434100.0,0.0028946672412939467,0.002890485759463849
2021-07-27,143.06430053710938,145.44269688804633,141.8751023616409,145.3549579376863,104818600.0,-0.014900583450947802,-0.01501271239653708
2021-07-28,141.3195343017578,143.25929604709813,138.94113715127986,141.15382825419624,118931200.0,-0.01219567864800053,-0.012270656161553936
2021-07-29,141.96286010742188,142.8498878684949,140.92962551695572,141.03684881635502,56699500.0,0.004552277990743869,0.004541947712293153
2021-07-30,142.17735290527344,142.63548761761535,140.4715365982456,140.7347238502062,70440600.0,0.0015109078366641882,0.0015097675638390082
2021-08-02,141.84588623046875,143.23977416644965,141.5826990796388,142.66467417357077,62880000.0,-0.0023313605720703956,-0.002334082424364554
2021-08-03,143.6394500732422,144.30227426975748,141.51448305654833,142.12858155366985,64786600.0,0.012644454417657824,0.01256518085179921
2021-08-04,143.2397918701172,144.058579914417,142.58670986762564,143.5517196242508,56368300.0,-0.002782370740915585,-0.002786248729390337
2021-08-05,143.34701538085938,144.107320690727,142.47948676454712,143.26903344221475,46397700.0,0.0007485595262481937,0.0007482794953038653
2021-08-06,142.66368103027344,143.61060825982952,142.16581806356817,142.86869219057516,54126800.0,-0.004766993918711049,-0.00477839227257055
2021-08-09,142.61485290527344,143.21034301067533,142.05841963396023,142.72223685529076,48908700.0,-0.0003422603752222253,-0.00034231895967225414
2021-08-10,142.13648986816406,144.1962980261516,141.8436232545715,142.95650446957146,69023100.0,-0.0033542301335689473,-0.0033598681745183458
2021-08-11,142.39036560058594,143.22990900393347,142.06821366601775,142.57584837162412,48493500.0,0.0017861404390762115,0.001784547187141183
2021-08-12,145.3482208251953,145.50441833818107,142.37077090309373,142.71245110077322,72282600.0,0.020772860664648896,0.020560046915475676
2021-08-13,145.55323791503906,145.88514647193662,144.74298004086066,145.4263255685366,59375000.0,0.0014105235597641208,0.0014095297058675832
2021-08-16,147.52523803710938,147.59358006664493,142.9858555687735,145.00660783223563,103296000.0,0.013548308167636858,0.01345735046825652
2021-08-17,146.61729431152344,148.07184077376138,145.54345506788576,146.65633624046745,92229700.0,-0.006154497614554222,-0.006173514601816283
2021-08-18,142.87844848632812,147.13473517673972,142.67343732669485,146.2366215497856,86326000.0,-0.025500714924197476,-0.025831493666599252
2021-08-19,143.21034240722656,144.4794213850425,141.0626783117476,141.5800696426097,86960300.0,0.0023229110087250593,0.00232021722175957
2021-08-20,144.66490173339844,144.9675251601663,143.28843882859866,143.9327425154178,60549600.0,0.010156803633886602,0.01010556992561973
2021-08-23,146.1487274169922,146.61730507779947,144.3720141553827,144.78202147056598,60131800.0,0.010256984699220872,0.010204738784983954
2021-08-24,146.06092834472656,147.2714373635395,145.60210721881165,145.8949739857947,48606400.0,-0.0006007515345317627,-0.0006009320580383535
2021-08-25,144.83087158203125,146.74425443123712,144.28419502392072,146.24637657624294,58991300.0,-0.00842153186779826,-0.008457193324506226
2021-08-26,144.03036499023438,145.57278230599707,144.00107981111,144.82110951404735,48597200.0,-0.005527182036900724,-0.005542513426553771
2021-08-27,145.06515502929688,145.21158091727293,143.33725507209095,143.97178711441077,55802400.0,0.007184526951192982,0.0071588411907524225
2021-08-30,149.47764587402344,149.83885461039787,145.07493307828,145.45565533870288,90956700.0,0.030417303478808666,0.02996386919939803
2021-08-31,148.21829223632812,149.1652192116683,147.69112933468762,149.0285501067643,86453100.0,-0.008425029912209503,-0.008460721084228526
2021-09-01,148.8821258544922,151.293371319359,148.71617155840954,149.1945209265185,80313700.0,0.00447875635421302,0.004468756571582236
2021-09-02,149.99502563476562,151.0395800272227,148.77476016459727,150.20979354918074,71115500.0,0.007475039558214824,0.00744723989975989
2021-09-03,150.6295623779297,150.9517142276546,149.44833892893834,150.1023993889916,57808700.0,0.004230385244302415,0.004221462320729469
2021-09-07,152.96270751953125,153.51914078415754,150.71741625258127,151.2836211735212,82278300.0,0.015489291111048242,0.01537055654798514
2021-09-08,151.42030334472656,153.3043860941943,150.31717858511598,153.24581573453693,74420200.0,-0.010083530814906316,-0.010134713973746337
2021-09-09,150.40505981445312,152.3965266648195,150.28790419091163,151.79127971049817,57305700.0,-0.0067048044935038575,-0.006727382673263422
2021-09-10,145.4263458251953,151.78148246152148,145.16276433644302,151.3129047338198,140893200.0,-0.03310203789287269,-0.0336623091511524
2021-09-13,145.9925537109375,147.81806596111582,145.21158088499752,147.04686479158386,102404300.0,0.0038934340440814896,0.0038858742457843695
2021-09-14,144.59657287597656,147.4764113119793,143.41536423851278,146.77353720711707,109296300.0,-0.009562000249169866,-0.009608009703400757
2021-09-15,145.48492431640625,145.8851749521173,142.88819590848047,145.02610332343372,83281300.0,0.006143654878955074,0.0061248595732832575
2021-09-16,145.2506103515625,145.4263362978241,143.71796490468603,144.90894501042473,68034100.0,-0.0016105721327809297,-0.001611870498339899
2021-09-17,142.58555603027344,145.27991132028194,142.29268938190515,145.27991132028194,129868800.0,-0.01834797330516269,-0.018518385059632193
2021-09-20,139.539794921875,141.3945924183066,137.9095220938746,140.37933813407227,123478900.0,-0.021360937202866248,-0.021592383902385433
2021-09-21,140.0181427001953,141.16032435989862,139.38361057442205,140.50624891873463,75834000.0,0.003428038421499302,0.0034221760914976995
2021-09-22,142.38058471679688,142.94677480134484,140.28171911608493,141.01387841720836,76404300.0,0.016872399326564258,0.01673164147253077
2021-09-23,143.33729553222656,143.58134867828787,142.17560017364323,143.16156952123504,64838200.0,0.006719390971266392,0.006696916484158574
2021-09-24,143.4251251220703,143.96204492535793,142.09747565204063,142.1951028511181,53477900.0,0.0006127476419701683,0.0006125599887859161
2021-09-27,141.9119873046875,142.48796392317834,140.39887004950094,142.00961449990794,74150700.0,-0.010550019155255885,-0.01060606514672318
2021-09-28,138.53428649902344,141.30672576458994,138.31951860844126,139.84240736288436,108972300.0,-0.023801377669471102,-0.024089206787482914
2021-09-29,139.4324188232422,141.013878143942,138.65144592439347,139.08098176355122,74602000.0,0.006483104990944399,0.0064621800561232715
2021-09-30,138.134033203125,140.94552924628812,137.91926531672686,140.24265523549735,89056700.0,-0.009311934993849191,-0.009355562106958275
2021-10-01,139.25668334960938,139.5202648503588,135.80089824481317,138.52452409983053,94639600.0,0.00812725235375944,0.008094404095717744
2021-10-04,135.83018493652344,138.82716398233575,134.9808849639791,138.3878565109193,98322000.0,-0.02460562991065629,-0.024913407622223365
2021-10-05,137.75332641601562,138.8564511470798,136.0449547897289,136.17186716291496,80861100.0,0.014158424950911463,0.014059130589337972
2021-10-06,138.62216186523438,138.76858776803195,135.07850605934124,136.15234566592073,83221100.0,0.006307183077342682,0.006287376038941217
2021-10-07,139.88150024414062,140.78938572967397,139.32506679466488,139.65697551160287,61732700.0,0.009084682867163352,0.009043665369242646
2021-10-08,139.50074768066406,140.75029837603776,139.16883903566588,140.60387247260306,58773200.0,-0.0027219651119841926,-0.0027256763952051006
2021-10-11,139.4128875732422,141.36531233280488,138.43667519346084,138.88573944232053,64452200.0,-0.0006298181829318406,-0.0006300166017198307
2021-10-12,138.14381408691406,139.84242905892054,137.68499305819657,139.82290063970592,73035900.0,-0.009102985444307654,-0.009144670783167969
2021-10-13,137.55810546875,138.03644005527403,135.88877555756454,137.8802573777795,78762700.0,-0.0042398468728795935,-0.004248860510282747
2021-10-14,140.3402557373047,140.45741132647578,138.14377836199483,138.72951162040368,69907100.0,0.02022527323325729,0.020023459022095718
2021-10-15,141.3946075439453,141.45317790755652,140.09624319922384,140.35006796929892,67940300.0,0.007512825176934301,0.007484744461832151
2021-10-18,143.06390380859375,143.34699879821167,139.75454497889402,140.03763996851194,85589200.0,0.011805940082471933,0.011736793665415472
2021-10-19,145.2213897705078,145.6216405356407,143.0639681360734,143.51301761749116,76378900.0,0.01508057521483952,0.014967993791089854
2021-10-20,145.7094268798828,146.1877762179813,144.5965455732881,145.1627504339508,58418800.0,0.0033606420524292524,0.003355007714726238
2021-10-21,145.92422485351562,146.0804224119474,144.35252229936606,145.27016433537898,61421000.0,0.0014741528961601524,0.001473067399440664
2021-10-22,145.15304565429688,146.60759281256946,145.10423204789777,146.12925819899365,58883400.0,-0.005284792158347207,-0.00529880606796443
2021-10-25,145.10423278808594,145.81686377851983,144.1084918165859,145.1432747359116,50720600.0,-0.00033628551155029385,-0.00033634206820274375
2021-10-26,145.76805114746094,147.25188335627817,145.46541277347194,145.77780790953028,60893400.0,0.004574769092673181,0.00456433664181645
2021-10-27,145.30921936035156,146.16827612937263,144.9577823061733,145.80708231384622,56094900.0,-0.0031476841701424396,-0.0031526485482266504
2021-10-28,148.9407196044922,149.52643805425132,146.1585085567286,146.256135746264,100077900.0,0.024991533642025,0.024684352694819632
2021-10-29,146.2366180419922,146.373287179863,142.92725865743117,143.7179883048137,124953200.0,-0.018155555912987786,-0.01832239041879208
2021-11-01,145.41659545898438,146.1389830509936,144.28418557941234,145.44588063726485,74588300.0,-0.005607505110466482,-0.005623286189888077
2021-11-02,146.45135498046875,147.96448683414823,145.11393416867705,145.12370582377017,69122000.0,0.007115828274058655,0.00709063023404703
2021-11-03,147.8864288330078,148.35500663634056,146.25615583539988,146.8125891838913,54511500.0,0.009798979686671094,0.009751281030869623
2021-11-04,147.3690185546875,148.80403696262286,147.0566234619275,147.97426542713765,60394600.0,-0.0034987002012508706,-0.003504834966115114
2021-11-05,147.89694213867188,148.79636649786093,146.70422366033108,148.49330137784227,65463900.0,0.003582324081153221,0.0035759228412309187
2021-11-08,147.0757293701172,148.18046407919945,146.80199217243356,148.02403856122066,55020900.0,-0.00555260140392011,-0.005568074398591901
2021-11-09,147.4374542236328,148.0435844748696,146.70422637098488,146.8410949734435,56787900.0,0.002459446266660059,0.0024564267785232826
2021-11-10,144.612060546875,146.7726448402154,144.54363371528353,146.66510417552325,65187100.0,-0.01916333737336684,-0.019349334169868206
2021-11-11,144.56321716308594,146.0883289050465,144.37746369649008,145.62885311604722,41000000.0,-0.00033775456628137857,-0.00033781161820162654
2021-11-12,146.63577270507812,147.03659252052734,144.18189439318962,145.11064651980587,63804000.0,0.014336672790382643,0.014234874509181246
2021-11-15,146.64556884765625,148.483531417499,146.08830852560698,147.00728981052836,59222800.0,6.680595326380434e-05,6.680372184548939e-05
2021-11-16,147.62319946289062,148.102247003654,146.00031832566742,146.58690654221206,59256200.0,0.006666622271075839,0.006644498617087314
2021-11-17,150.05752563476562,151.53375230300938,147.61343285568483,147.6232038564801,88807000.0,0.01649013285670553,0.01635564706099634
2021-11-18,154.3395538330078,155.12166644396785,149.62735108476016,150.27259510761894,137827700.0,0.02853591101231734,0.02813634541024196
2021-11-19,156.9596405029297,157.41913113659675,153.02953515610952,154.12448394226502,117305600.0,0.016976119243915733,0.01683363522132214
2021-11-22,157.4191436767578,161.99447854129045,157.3995867561447,158.06437288139423,117467900.0,0.0029275243773225768,0.0029232475228632804
2021-11-23,157.80039978027344,158.18167763297342,155.5029467463392,157.51687668201387,96041900.0,0.002421917021086628,0.002418988906871594
2021-11-24,158.3185577392578,158.51408217991855,156.06998937776268,157.15516717862224,69463600.0,0.003283628936972649,0.003278249600088965
2021-11-26,153.3032684326172,156.8618668141861,152.8633347292546,156.001556326016,76959800.0,-0.03167846763043747,-0.0321910853201868
2021-11-29,156.65663146972656,157.5853840703029,155.23904522311855,155.806076738249,88748200.0,0.021874047901224714,0.021638243385591175
2021-11-30,161.60342407226562,161.8185054389282,156.34373142534065,156.41217318635103,174048100.0,0.03157729459729275,0.031088984892653836
2021-12-01,161.08529663085938,166.49162952296948,160.85065831650064,163.7346852701077,152052500.0,-0.0032061662330530316,-0.0032113169964256387
2021-12-02,160.0978546142578,160.52801734787488,154.27114554315142,155.1901268526862,136739200.0,-0.006129932633543667,-0.006148797804920768
2021-12-03,158.22079467773438,161.271032766341,156.14820866843905,160.3520514474846,118023100.0,-0.011724454028731679,-0.011793727434134373
2021-12-06,161.6229705810547,164.12571914002814,160.6062196554979,160.61599065605895,107497000.0,0.02150271024899042,0.02127478847710113
2021-12-07,167.35189819335938,167.74296195252498,164.5754126322905,165.29886939857903,120405400.0,0.035446246234111856,0.03483248957813689
2021-12-08,171.16470336914062,172.02502878126478,166.88264814477856,168.2806769394803,116998900.0,0.02278316061510055,0.022527500293788878
2021-12-09,170.6563262939453,172.79735388590385,170.03063915946248,170.9985052389604,108923700.0,-0.002970104613793656,-0.0029745241276170663
2021-12-10,175.43698120117188,175.61296364291238,170.78343380069845,171.29180928871014,115402700.0,0.028013347123107435,0.027628150531476717
2021-12-13,171.80996704101562,178.05706815750167,171.6046566651188,177.0696450374433,153237000.0,-0.02067417106315339,-0.0208908737059807
2021-12-14,170.43145751953125,173.76520322122326,168.35887188331523,171.3308817563336,139380400.0,-0.00802345489744083,-0.008055816026628757
2021-12-15,175.29034423828125,175.4858686850592,168.45665517933287,171.19404218690133,131063300.0,0.028509330316518477,0.028110501840770272
2021-12-16,168.40774536132812,177.08916675225177,166.9315188519041,175.27076132354634,150185800.0,-0.039263993158671906,-0.04005561447142976
2021-12-17,167.31277465820312,169.59067037342322,165.89520416900396,166.1298274724243,195432700.0,-0.0065019022775685276,-0.006523131715368379
2021-12-20,165.953857421875,166.76529780791768,163.71507557030543,164.51673004048735,107499100.0,-0.008122017216582567,-0.008155180488929187
2021-12-21,169.12142944335938,169.3267248588515,165.33796412188073,167.72340078083394,91185900.0,0.019087064746148297,0.018907191950985187
2021-12-22,171.712158203125,171.92723953166936,168.30019977990446,169.17029609354066,92135300.0,0.015318749186857383,0.015202601801689433
2021-12-23,172.33782958984375,172.89508977696892,171.350421702329,171.91745288802375,68356600.0,0.003643722106029479,0.0036370998322449955
2021-12-27,176.2972869873047,176.38527073958,173.11019564746687,173.12973764737882,74919600.0,0.022974975412445753,0.02271502470787213
2021-12-28,175.28053283691406,177.27492068975482,174.5375340801528,176.1310871789595,79144300.0,-0.005767270544916769,-0.005783965470064335
2021-12-29,175.3685760498047,176.59062262185972,174.15630048000423,175.31969120341034,62348900.0,0.0005022988660843275,0.0005021727562370144
2021-12-30,174.2149200439453,176.53193000592643,174.10737937130014,175.45652327947462,59773000.0,-0.00657846480735369,-0.0066001982746340185
2021-12-31,173.59901428222656,175.22188041192248,173.29593427269404,174.1073747963206,64062300.0,-0.0035353215531906956,-0.0035415855703338425
2022-01-03,177.93972778320312,178.79028222604728,173.73590007898758,173.85321176039008,104487900.0,0.025004252005254468,0.024696760879576573
2022-01-04,175.681396484375,178.8489462858369,175.1143651356069,178.5458811499138,99310400.0,-0.012691551948306956,-0.012772777679278398
2022-01-05,171.00830078125,176.1408961877194,170.73456355297645,175.59342173117227,94537600.0,-0.026599832404796575,-0.026960009407737923
2022-01-06,168.15357971191406,171.3797850968752,167.80162976232634,168.83792269234627,96904000.0,-0.01669346491541157,-0.01683437114408692
2022-01-07,168.31976318359375,170.2457092977057,167.2052575825263,169.0236630282213,86709100.0,0.0009882838769439406,0.000987795845948869
2022-01-10,168.33929443359375,168.64235947540746,164.40919005325154,165.2988431820016,106765600.0,0.00011603658198300337,0.00011602985025956997
2022-01-11,171.16470336914062,171.26245812752686,166.99997473942338,168.46643037323963,76138300.0,0.01678401317442524,0.01664471808502897
2022-01-12,171.60464477539062,173.21774007794218,170.91053076473975,172.18144710369126,74805200.0,0.002570281124498086,0.002566983601134718
2022-01-13,168.33929443359375,172.67021859186923,167.94823073645128,171.84900720420214,84505800.0,-0.019028333097107164,-0.019211701686163575
2022-01-14,169.1996612548828,169.89377524696252,167.26392904254132,167.50833831927105,80440800.0,0.005110909037512101,0.00509789267338141
2022-01-18,166.00279235839844,168.68150862321704,165.62151446360372,167.6745435442064,90956700.0,-0.01889406203756283,-0.019074835479219485
2022-01-19,162.51260375976562,167.25414945182573,162.22909557704548,166.19829964047344,94815000.0,-0.02102487885322757,-0.021249049290595057
2022-01-20,160.8310546875,165.8854360990158,160.50843269303434,163.24581922868165,91420500.0,-0.010347191746132967,-0.010401096096151127
2022-01-21,158.77806091308594,162.61039693927614,158.6705202245997,160.74310631081485,122848900.0,-0.012764908981061529,-0.012847080454919243
2022-01-24,158.00567626953125,158.67047714081284,151.24043048620277,156.44146612794097,162294600.0,-0.004864555210669086,-0.0048764256713550785
2022-01-25,156.20684814453125,159.1202024043847,153.5085752311325,155.4247355135648,115798400.0,-0.011384579133293271,-0.011449879539143287
2022-01-26,156.118896484375,160.71378862428045,154.2907195812304,159.84369205931444,108275300.0,-0.0005630461225033523,-0.0005632046924956585
2022-01-27,155.65936279296875,160.17604091465265,154.7403816352541,158.817126094803,121954600.0,-0.0029434853932127636,-0.0029478259660438507
2022-01-28,166.5209197998047,166.5404767176366,159.1593140383979,162.0042414218655,179935700.0,0.0697777301149698,0.06745089803067163
2022-01-31,170.87139892578125,171.0864802658057,165.71924760028926,166.3547206203823,115541600.0,0.02612572120792267,0.025790274532115298
2022-02-01,170.7052001953125,170.93005253238587,168.4566320719076,170.1186120178827,86213900.0,-0.0009726538877401492,-0.0009731272224849611
2022-02-02,171.90771484375,171.94682868403083,169.4538509394799,170.84209391826516,84914300.0,0.007044393768096402,0.00701969793659576
2022-02-03,169.03343200683594,172.2987509371964,168.27087633720052,170.57810026310062,89418100.0,-0.01671991765771852,-0.0168612733329599
2022-02-04,168.74957275390625,170.42346859121156,167.0756769166009,168.05455952783922,82465400.0,-0.0016793083448616297,-0.0016807199637037494
2022-02-07,168.0350341796875,170.2766693416208,167.34002078176565,169.20969061631618,77251200.0,-0.004234313382593169,-0.004243303474389957
2022-02-08,171.13809204101562,171.64711530996314,167.80988135828758,168.10354920331756,74829200.0,0.018466731515107027,0.01829829195399299
2022-02-09,172.55743408203125,172.91961588647231,171.20657123174874,172.3322952525055,71285000.0,0.008293548350857272,0.008259345855311516
2022-02-10,168.48526000976562,171.77430598076174,167.92730472233933,170.46260694632986,90865900.0,-0.02359894891766745,-0.02388186397647542
2022-02-11,165.0787811279297,169.4250227899619,164.4914455219278,168.690860750742,98670700.0,-0.020218260526995047,-0.02042544694561305
2022-02-14,165.313720703125,165.9989356288058,163.04270559336564,163.83559821712237,86185500.0,0.00142319669184654,0.001422184907299878
2022-02-15,169.14112854003906,169.29775335068365,166.65477315145358,167.35956986279012,62527400.0,0.023152390622115604,0.022888440315384676
2022-02-16,168.9062042236328,169.67951494494773,166.45899759893967,168.2209893560315,61177400.0,-0.001388924848935491,-0.00138989029911553
2022-02-17,165.313720703125,168.2797341887302,164.91237519788157,167.41831260412283,69589300.0,-0.02126910338800425,-0.021498550016269085
2022-02-18,163.76707458496094,166.93864489391834,162.68051421778296,166.23386310925557,82772700.0,-0.009355824256968792,-0.009399864886900103
2022-02-22,160.84999084472656,163.16993775264925,158.72580252665216,161.4960419882263,91162800.0,-0.01781239450986849,-0.017972944587004148
2022-02-23,156.6897430419922,162.64133603328534,156.37649344425944,162.04421705709984,90009200.0,-0.025864146966289803,-0.02620450556523395
2022-02-24,159.30337524414062,159.4110529381091,148.7901697172211,149.3579234730035,141147500.0,0.016680301795172436,0.01654271346308479
2022-02-25,161.3688201904297,161.6331077669388,157.47285626304333,160.38013909716133,91974200.0,0.012965481384959121,0.01288214905413167
2022-02-28,161.6331024169922,161.9267702066246,158.99990563300975,159.6166064975814,95056600.0,0.0016377527347020138,0.0016364130801744608
2022-03-01,159.7536163330078,163.08182569745117,158.5495950755146,161.22194003999604,83474400.0,-0.01162810127306435,-0.011696236345369825
2022-03-02,163.04270935058594,163.82581854222389,159.5089420061074,160.9185355637426,79724800.0,0.020588535602987346,0.020379456587374525
2022-03-03,162.71963500976562,165.34304789639853,162.05400207433684,164.91233720332733,76678400.0,-0.0019815319685690946,-0.0019834978003753128
2022-03-04,159.7242889404297,162.0540345545001,158.67689221468046,161.01642127862274,83737200.0,-0.018408018609162746,-0.01857955453604112
2022-03-07,155.93600463867188,161.53521443024337,155.68148559760553,159.91026569329455,96418800.0,-0.023717646995884745,-0.02400343829632173
2022-03-08,154.11526489257812,159.4403881412621,152.50989817230385,155.4661275372027,131148300.0,-0.01167619851690238,-0.011744900632788888
2022-03-09,159.50892639160156,159.95921898709753,156.04368834876885,158.06996768709067,91454900.0,0.034997581211588136,0.03439908972096697
2022-03-10,155.17251586914062,157.0030220461292,152.6861450287311,156.8170319120158,105342000.0,-0.02718600532621518,-0.027562381901482136
2022-03-11,151.46250915527344,155.91642822664025,151.2373703266691,155.57381332247203,96970100.0,-0.023908916428189486,-0.02419937359162272
2022-03-14,147.43930053710938,150.86538982544317,146.9302923114544,148.2517749321591,108732100.0,-0.02656240571083912,-0.026921560704209757
2022-03-15,151.81491088867188,152.28478532825997,147.20438184151632,147.713390079557,92964300.0,0.02967736780914243,0.029245518036417138
2022-03-16,156.21986389160156,156.62120932527256,151.19820652447248,153.73350876565036,102300200.0,0.029015285633964494,0.02860231158508337
2022-03-17,157.22813415527344,157.60011436017203,154.30128444798586,155.26058530967927,75615400.0,0.00645417451119723,0.006433435514458946
2022-03-18,160.51715087890625,161.00659213717293,156.38626546421042,157.12042735161046,123511700.0,0.02091875440297919,0.020702961484455554
2022-03-21,161.88763427734375,162.8371517415441,159.5676719986422,160.0571133745572,95811400.0,0.008537925018812453,0.00850168307820585
2022-03-22,165.2549285888672,165.8422490479218,161.42749494397242,162.01481540302703,81532000.0,0.02080019469402239,0.020586824335273004
2022-03-23,166.61561584472656,168.9942934206818,164.1096638130363,164.4424952526729,98062700.0,0.008233867924415161,0.008200154568371544
2022-03-24,170.39413452148438,170.4626485498089,166.6156463524789,167.44768776251115,90131400.0,0.022678058461693684,0.022424734078991804
2022-03-25,171.03038024902344,171.57855215101324,169.1019802060181,170.20812239603873,80546200.0,0.0037339649590979462,0.003727011017081567
2022-03-28,171.89181518554688,172.01905978493204,168.3678313455488,168.53423961902578,90371900.0,0.005036736369697481,0.0050240944446614914
2022-03-29,175.1808319091797,175.22976408859992,172.61614940998814,172.95876428530602,100589400.0,0.01913422532703213,0.01895346816360443
2022-03-30,174.01600646972656,175.8171473086946,172.9685946624538,174.77953388921446,92633200.0,-0.006649274505426517,-0.006671479416920871
2022-03-31,170.92269897460938,174.27047582290578,170.7171270473916,174.08448573079536,103049300.0,-0.017775994047164456,-0.017935884672985965
2022-04-01,170.6290283203125,171.18699858724577,168.30908127405286,170.35494237968112,78751300.0,-0.0017181489413556905,-0.0017196266521087118
2022-04-04,174.6718292236328,174.72077634534207,170.75629847192283,170.88355800105404,76468400.0,0.02369351184331303,0.023417176976168057
2022-04-05,171.36318969726562,174.53477477488693,170.73670541562527,173.7516656886956,73401800.0,-0.01894203284566931,-0.01912373130080803
2022-04-06,168.20143127441406,169.96342328033663,166.53733352192953,168.72023795719042,89058800.0,-0.018450627748218262,-0.018622963676175774
2022-04-07,168.50485229492188,169.69909027693134,166.26321768469555,167.5455515170426,77594700.0,0.001803914617187763,0.0018022895172821844
2022-04-08,166.49813842773438,168.1524524173325,165.62693350816983,168.1524524173325,76575500.0,-0.011908938169182814,-0.011980417636507425
2022-04-11,162.2498016357422,165.4605355802755,162.00508096962494,165.14730089465874,72246700.0,-0.02551582157079857,-0.025846995744358527
2022-04-12,164.1194610595703,166.28278325109693,163.1209966207163,164.47185939466212,79265200.0,0.011523338734340083,0.011457450749827573
2022-04-13,166.80160522460938,167.42808955183875,163.24827119923606,163.85517369033073,70618900.0,0.01634263327287866,0.016210529777820556
2022-04-14,161.7995147705078,167.6532440657547,161.55479409572018,167.01696134936807,75329400.0,-0.029988263286590766,-0.03044710785336378
2022-04-18,161.58416748046875,163.08185675186522,160.11584349387897,160.45844346214486,69023900.0,-0.0013309513958957853,-0.001331837898386694
2022-04-19,163.86492919921875,164.2760730051198,160.4486387361769,161.53519893963082,67723800.0,0.014115007394061019,0.014016318258254112
2022-04-20,163.69854736328125,165.31371275678185,162.59242008519655,165.19623667762264,67929800.0,-0.0010153596425457323,-0.001015875469343623
2022-04-21,162.9056396484375,167.90773030576432,162.40641490220864,165.34306268686478,87227800.0,-0.0048437064813050545,-0.004855475245883768
2022-04-22,158.3734130859375,164.32502122927878,158.08954369720692,162.94480808191494,84882400.0,-0.027821176555218652,-0.028215516705545254
2022-04-25,159.44039916992188,159.72426854560663,155.113739965227,157.71755627231695,96046400.0,0.006737154066417617,0.00671456086312018
2022-04-26,153.48878479003906,158.91178747297153,153.41047239469103,158.8236916294158,95623200.0,-0.03732814525595829,-0.03804267837500036
2022-04-27,153.26368713378906,156.41567600749497,152.0988142121799,152.61762090114706,88063200.0,-0.0014665413929617621,-0.0014676178173330466
2022-04-28,160.1844024658203,161.04582422606288,155.5738572819724,155.8871069899036,130216800.0,0.04515561031746507,0.044165783725574344
2022-04-29,154.32083129882812,162.69028026576655,153.9292842451666,158.42235165998022,131747600.0,-0.036605131815148684,-0.037291911575321954
2022-05-02,154.6243133544922,154.88860092145774,150.0333512355366,153.4007100151784,123055300.0,0.001966565713195312,0.001964634554262633
2022-05-03,156.1121826171875,157.31621889046943,153.01892515604405,154.8102670522691,88966500.0,0.009622479352805469,0.00957647815995331
2022-05-04,162.5141143798828,162.96439206944154,155.89685759161674,156.29820309411934,108256500.0,0.04100853408983385,0.04018998757217181
2022-05-05,153.45941162109375,160.61504020896953,151.6778383257631,160.38990141926735,130525300.0,-0.05571640834606739,-0.05732874306451289
2022-05-06,154.18490600585938,156.30240323500155,151.14590452189532,152.93989398337578,116124600.0,0.004727597852107968,0.0047164578578600905
2022-05-09,149.06759643554688,152.76341048572758,148.50882129057032,151.8811126841976,131577900.0,-0.033189432758859216,-0.03375270009137903
2022-05-10,151.4693603515625,153.65548649022554,149.92045170349726,152.4594939260044,115366700.0,0.016111911464635975,0.01598349216969186
2022-05-11,143.6170196533203,152.3908891933398,142.94059580220576,150.4792663261752,142689800.0,-0.05184111611758835,-0.053233191738184166
2022-05-12,139.75454711914062,143.32291464808353,136.06854586723028,139.9604210928437,182602000.0,-0.02689425350493546,-0.027262521822678916
2022-05-13,144.2150115966797,145.18553469561974,140.2937279042498,141.74459868206603,113990900.0,0.03191641752977459,0.031417673013719526
2022-05-16,142.67591857910156,144.61696502202452,141.3426813570236,142.68573136301794,86643800.0,-0.010672210892181178,-0.010729567380208992
2022-05-17,146.30308532714844,146.82265416778552,143.79345144967377,145.93055862687706,78336300.0,0.02542241735094164,0.025104642183242883
2022-05-18,138.04881286621094,144.4601057389983,137.1469043666091,143.960147405131,109742900.0,-0.056418991045063205,-0.0580730578116673
2022-05-19,134.64710998535156,138.87229156176298,133.9118691553446,137.12732118856076,136095600.0,-0.024641304841615086,-0.02494998316999342
2022-05-20,134.8823699951172,137.93116906609265,130.00037534307543,136.3528515735585,137426100.0,0.001747234008893539,0.0017457093712268034
2022-05-23,140.29371643066406,140.4407585737006,134.941158046499,135.07840236616943,117726300.0,0.04011900469826246,0.039335134201426626
2022-05-24,137.5978546142578,139.17617200488684,134.62748321427134,138.03899606760518,104132700.0,-0.01921584148594846,-0.01940286552723178
2022-05-25,137.7546844482422,138.99968110716551,135.61757730341805,135.70580258630076,92482700.0,0.0011397694711450246,0.0011391204270482984
2022-05-26,140.9505615234375,141.4995389264538,134.44123025043575,134.68631051667606,90601500.0,0.02319977057764655,0.022934747062031486
2022-05-27,146.6952362060547,146.7344424649416,142.40142537012454,142.52887188890233,90978500.0,0.04075666404253342,0.039948010188021695
2022-05-31,145.9109649658203,147.69515625482543,143.95032308788612,146.13644955191023,103718400.0,-0.005346262499845267,-0.005360604902877942
2022-06-01,145.78350830078125,148.753879037452,144.77376414576858,146.95007745203338,74286600.0,-0.0008735235564298893,-0.0008739053004561647
2022-06-02,148.23434448242188,148.29316134885798,143.96994216366954,144.92085472708317,72348100.0,0.016811477582114653,0.0166717287740435
2022-06-03,142.51904296875,145.05807025566116,141.61714962601158,144.00911981753086,88570300.0,-0.03855585244855053,-0.039318804510573735
2022-06-06,143.26409912109375,145.64628674294468,142.04849579123675,144.13658414441952,71598400.0,0.00522776561520355,0.0052141482867230264
2022-06-07,145.78350830078125,146.06779474236183,141.26422895235845,141.5093091448792,67808200.0,0.017585767789304763,0.01743292744980711
2022-06-08,145.0482635498047,146.92066479832334,144.5581031788664,145.6560576230458,53950200.0,-0.005043401407651693,-0.005056162280080144
2022-06-09,139.83297729492188,145.0384790561678,139.72514139394366,144.18560463111925,69473000.0,-0.03595552354263143,-0.036617848031979414
2022-06-10,134.431396484375,137.98995082700978,134.36276684809005,137.51940103001422,91437900.0,-0.038628804986068466,-0.03939468547109864
2022-06-13,129.28472900390625,132.53938671229503,128.85338540144875,130.25523715092532,122207100.0,-0.03828471335613137,-0.03903683195084252
2022-06-14,130.14739990234375,131.25516732822615,128.89259032192393,130.5101288143863,84784300.0,0.006672643436576697,0.006650479889695892
2022-06-15,132.764892578125,134.6373096551225,129.55925303289425,131.6473270114773,91533000.0,0.020111755423045663,0.019912185434708525
2022-06-16,127.5005340576172,129.7846835531672,126.50060254968962,129.4807864670593,108123900.0,-0.03965173637609054,-0.04045928569881426
2022-06-17,128.97100830078125,130.4611001773296,127.2554468176956,127.51033981148552,134520300.0,0.011533083010456524,0.011467083972126053
2022-06-21,133.19619750976562,134.36278178825876,130.69639115129178,130.79441426737327,81000500.0,0.032760767436434524,0.03223557322579893
2022-06-22,132.68646240234375,135.04902480535304,131.27479767249656,132.1374700396713,73409200.0,-0.0038269493945913835,-0.0038342909017957073
2022-06-23,135.54896545410156,135.8626603415122,132.9609190593017,134.12750324123766,72433800.0,0.021573437108285187,0.021344024133750056
2022-06-24,138.8722686767578,139.1173489130396,137.01946268880786,137.14689423988725,89116800.0,0.024517363238611756,0.02422163656551161
2022-06-27,138.8722686767578,140.6662578013618,138.19584483125837,139.89179587794544,70207900.0,0.0,0.0
2022-06-28,134.73529052734375,140.59760460905184,134.61765682035212,139.33299738336785,67083400.0,-0.029789807488803888,-0.030242537648801367
2022-06-29,136.49005126953125,137.90171551636791,133.98043259004706,134.7548943447595,66242400.0,0.013023764860115694,0.012939684873021799
2022-06-30,134.02947998046875,135.64700354645933,131.13753620204082,134.5490488814723,98964500.0,-0.018027477212998688,-0.018191951887777072
2022-07-01,136.19595336914062,136.3037892489926,132.99031531614665,133.36282702594735,71051600.0,0.01616415574385255,0.016034906719192357
2022-07-05,138.77423095703125,138.82324999611623,134.23534018265374,135.05882114715405,73353800.0,0.018930647527408917,0.018753692579410036
2022-07-06,140.10743713378906,141.28381901974345,138.30365057809186,138.56834136394644,74064300.0,0.009607015420396214,0.009561161493423244
2022-07-07,143.46998596191406,143.66604717243726,140.4603932776671,140.47019110271424,66253700.0,0.02399978828328786,0.02371631986269297
2022-07-08,144.14639282226562,144.64636610420064,142.1465445700594,142.40142264422445,64547800.0,0.0047146227541357,0.004703543728914862
2022-07-11,142.0190887451172,143.7542609845207,140.95054251842944,142.8033484830433,63141600.0,-0.014757941808307584,-0.014867923643198597
2022-07-12,142.9896240234375,145.52865186539117,142.19556639366533,142.89158593841137,77588800.0,0.006833836823598727,0.006810592001523377
2022-07-13,142.6268768310547,143.5679764107693,139.32318560371215,140.1760748610569,71185600.0,-0.002536877727039477,-0.0025401010539519877
2022-07-14,145.54823303222656,146.0187828364424,140.43095716603992,141.24462523992875,78140700.0,0.020482508388880216,0.02027556288459078
2022-07-15,147.2147979736328,147.89122183493336,145.28356446993823,146.83247339444262,76259900.0,0.011450258836445348,0.011385200772848852
2022-07-18,144.17579650878906,148.58724039251226,143.81306761767442,147.77357228115997,81420900.0,-0.02064331511963935,-0.020859366870851548
2022-07-19,148.0284423828125,148.25391198084102,144.01893385798232,145.0090524915063,82982400.0,0.026721862943122954,0.026371069479154196
2022-07-20,150.02828979492188,150.6949157224323,147.41083503397255,148.1460756395822,64823400.0,0.013509886207798028,0.01341944138409698
2022-07-21,152.2928466796875,152.50851845862235,148.94994906470606,151.45956799212024,65086600.0,0.015094199153113719,0.014981415234845745
2022-07-22,151.05763244628906,153.2045374479934,150.3910214648786,152.3320525114364,66675400.0,-0.00811078301002821,-0.008143854354939514
2022-07-25,149.94009399414062,151.98896129458768,149.28328071900498,150.97923186102722,53623900.0,-0.00739809325785501,-0.0074255948734131775
2022-07-26,148.61663818359375,150.0773065915356,147.83237855759032,149.2636385384265,55138700.0,-0.008826563831543233,-0.008865748694949048
2022-07-27,153.70452880859375,154.23391054533735,149.16565257909815,149.57738561961435,78620700.0,0.03423500011293945,0.03366202310017722
2022-07-28,154.2534942626953,154.53778073211737,151.37134852302864,153.8907653704556,81378700.0,0.0035715632997723734,0.0035652004133706495
2022-07-29,159.31190490722656,160.4098742170783,156.36114510873213,158.06690844043507,101786900.0,0.03279284316189757,0.032266630977387696
2022-08-01,158.33163452148438,160.37070393464464,157.72384030664722,157.84147403635484,67829400.0,-0.006153152122015171,-0.006172160778083076
2022-08-02,156.86114501953125,159.21392420256825,156.48863324172908,156.94938527079637,59907000.0,-0.00928740176527132,-0.009330798585844884
2022-08-03,162.86070251464844,163.3116417148104,157.58657171952115,157.67479700322565,82507500.0,0.03824756917572003,0.0375342622553085
2022-08-04,162.54702758789062,163.89987539598906,161.19417977979222,162.7430888021846,55474100.0,-0.0019260320133372977,-0.0019278891980434355
2022-08-05,162.32122802734375,162.81206933981915,160.01426786699392,160.22042780912037,56697000.0,-0.0013891337411555682,-0.0013900994818966182
2022-08-08,161.85000610351562,164.73615535552312,161.1922805564501,163.32253000929188,60276900.0,-0.0029030209391266437,-0.0029072428773095414
2022-08-09,161.89910888671875,162.78263230320212,160.25970057725633,161.0156004495246,63135500.0,0.0003033845001632063,0.0003033384883916736
2022-08-10,166.13995361328125,166.23811287684435,163.8428051524665,164.60851631297595,70170500.0,0.02619436731754865,0.025857170636709687
2022-08-11,165.40370178222656,167.85790820975464,165.10919401506573,166.9449356294848,57149200.0,-0.004431515809667497,-0.0044413640818057295
2022-08-12,168.94757080078125,169.01628078921996,166.29701596444957,166.70933581222894,68039400.0,0.02142557258616029,0.02119927171665985
2022-08-15,170.01760864257812,170.21394216296972,168.21131628811554,168.3782005294128,54091700.0,0.006333549732174815,0.006313577093509794
2022-08-16,169.8605194091797,170.52807128910433,168.5156191962962,169.61509878760032,56377100.0,-0.000923958610244191,-0.0009243857231109206
2022-08-17,171.35267639160156,172.92335934005538,169.4089493149704,169.60528281111644,79542000.0,0.008784601551979243,0.008746241428342912
2022-08-18,170.96002197265625,171.6962839363271,169.94889007422466,170.56735491708034,62290100.0,-0.0022914986051805197,-0.002294128105875426
2022-08-19,168.3782196044922,170.55755638009072,168.1720596481889,169.86055507755876,70346300.0,-0.015101790104922852,-0.015216983358058867
2022-08-22,164.50054931640625,166.74859572706774,164.0784180378036,166.58171149389958,69026800.0,-0.023029524229406184,-0.023298846668643503
2022-08-23,164.16677856445312,165.6196796113523,163.5974008535258,164.0195321647684,54147100.0,-0.0020289947561885624,-0.0020310559546280315
2022-08-24,164.46128845214844,165.03066617037743,163.2047358944321,164.25514348994625,53841500.0,0.001793967636269933,0.0017923603982648254
2022-08-25,166.91551208496094,167.0234977835924,165.26629230145085,165.68840868200775,51218200.0,0.01492280436272142,0.01481255478638377
2022-08-26,160.62290954589844,167.91681938586046,160.56401098389765,167.44561591056575,78961000.0,-0.037699327404989935,-0.038428327674780334
2022-08-29,158.4239501953125,159.91609703205498,156.89252766433086,158.19815240165843,73314000.0,-0.013690197474337085,-0.013784772385921214
2022-08-30,155.9991912841797,159.58232691391927,154.83098655063566,159.1602105704912,77906200.0,-0.015305507204835256,-0.01542384551830205
2022-08-31,154.34010314941406,157.63855650622187,154.26156676243244,157.37349807256936,87991100.0,-0.010635235484928285,-0.010692193805229394
2022-09-01,155.06658935546875,155.5181549609377,151.83684522830168,153.77076113952282,74229900.0,0.004707047560745581,0.004696004053691824
2022-09-02,152.95594787597656,157.42260624530542,152.1313381712874,156.8237793213389,76957800.0,-0.013611194315068298,-0.013704675853199792
2022-09-06,151.6994171142578,154.21252227519972,150.87480729194033,153.60388383195894,73714800.0,-0.008214984635560585,-0.008248913566707912
2022-09-07,153.10321044921875,153.80019664109167,150.7962505650505,151.98409298992328,87449600.0,0.009253781996430677,0.009211228077486831
2022-09-08,151.63070678710938,153.49589780674214,149.88329791132227,151.8074024718103,84923800.0,-0.009617719039260564,-0.009664268002700253
2022-09-09,154.48741149902344,154.92918072545984,151.91540745534934,152.62222024249937,68028800.0,0.018839882583445933,0.018664609983816634
2022-09-12,160.43638610839844,161.25118449428555,156.38204700518378,156.66672837890903,104956000.0,0.0385078276064752,0.037784901721584475
2022-09-13,151.0220489501953,157.59931943362142,150.56065692569356,156.97104316313002,122656600.0,-0.05867956382314887,-0.06047167007624432
2022-09-14,152.4651641845703,154.2223849107527,150.7963063009738,151.95468489782945,87965400.0,0.009555659219342871,0.009510292683584947
2022-09-15,149.5789794921875,152.3964188629796,148.60712326254628,151.81721471946022,90481100.0,-0.018930125499939554,-0.019111594124547524
2022-09-16,147.93959045410156,148.577693242223,145.65226780231728,148.44025825358446,162278800.0,-0.010960022883239162,-0.011020526420284412
2022-09-19,151.65029907226562,151.72883546494634,146.36885773323408,146.57500265714634,81474200.0,0.025082593555748156,0.02477318842283061
2022-09-20,154.0260009765625,155.18439428665013,150.27598106267698,150.59011171978128,107689800.0,0.015665659209579186,0.01554421941791671
2022-09-21,150.904296875,155.83234923662846,150.7864997201482,154.4579841864241,101696800.0,-0.020267383959656993,-0.020475585320495603
2022-09-22,149.94219970703125,151.6405063427645,148.14571882351763,149.58879338602387,86652500.0,-0.006375545215691836,-0.006395955802752825
2022-09-23,147.67454528808594,148.6955038498408,145.83880313514447,148.4206338476664,96029900.0,-0.015123523753659995,-0.015239050499941575
2022-09-26,148.00831604003906,150.95336436223522,146.89900971197227,146.91864756165486,93339400.0,0.0022601779562076985,0.002257627596132994
2022-09-27,148.9801788330078,151.88596656060932,147.20333533190674,149.94223877822546,84442700.0,0.006566271537781887,0.006544807484793914
2022-09-28,147.09532165527344,147.8806707549768,142.1869085062377,144.93562286555536,146691400.0,-0.012651731206787642,-0.012732445867490536
2022-09-29,139.8701171875,144.03245634378814,138.103085707034,143.4238179924611,128138200.0,-0.04911919962149536,-0.05036656564015393
2022-09-30,135.66854858398438,140.4788028880648,135.47221503631138,138.69213315187477,124925300.0,-0.030039072591061755,-0.030499489317723838
2022-10-03,139.84066772460938,140.44932105441077,135.16786446408517,135.67834355315813,114311700.0,0.0307522943539289,0.03028891850967505
2022-10-04,143.42385864257812,143.54165578156733,141.61755096209856,142.37345088895668,87830100.0,0.025623382498610514,0.02530060577247793
2022-10-05,143.7183380126953,144.68039782185656,140.39043433471556,141.43103055560152,79471000.0,0.002053210483278445,0.002051105527419963
2022-10-06,142.76608276367188,144.8374334955695,142.5599378213271,143.13912691743977,68402200.0,-0.0066258437315029894,-0.006647892080657362
2022-10-07,137.52389526367188,140.47876912027488,136.89561907456743,139.9290143479333,85925600.0,-0.03671871776910529,-0.03740982028983393
2022-10-10,137.847900390625,139.29097534068862,136.03179615324555,137.847900390625,74899000.0,0.0023559914902928636,0.002353220493784401
2022-10-11,136.4342498779297,138.76084793369003,135.68817645989057,137.33739611427865,77033700.0,-0.010255147221607253,-0.010308093536428937
2022-10-12,135.80596923828125,137.78897231294513,135.62927355780317,136.58150689181417,70433700.0,-0.004605006735556305,-0.004615642443305075
2022-10-13,140.3708038330078,140.9598044199806,131.90868942611982,132.5173428390662,113224000.0,0.03361291569383984,0.033060349801951446
2022-10-14,135.8452606201172,141.8727919675868,135.65873850521228,141.66663200393148,88598000.0,-0.03223991805499982,-0.03277107165562825
2022-10-17,139.80140686035156,140.282421693242,137.70060693296034,138.48595592005591,85250900.0,0.029122445804697472,0.02870644472369009
2022-10-18,141.1168670654297,144.0128276023933,138.03438444661543,142.82500010106065,99136600.0,0.009409491897260702,0.009365498384132379
2022-10-19,141.22486877441406,142.29489928414645,138.90809708603376,139.09461918905455,61758300.0,0.0007653352234238131,0.0007650425037646288
2022-10-20,140.76345825195312,143.21766459219867,140.0370077826972,140.40024050696854,64522000.0,-0.003267204469476037,-0.003272553435954505
2022-10-21,144.57240295410156,145.1417806685085,140.03701908535325,140.25299045906925,86548600.0,0.027059186733894958,0.026699559990699548
2022-10-24,146.7124481201172,147.47815927955588,143.32564645655586,144.49385104011358,75981900.0,0.014802584188180479,0.014694095239728195
2022-10-25,149.5495147705078,149.69677613929844,146.62410499116672,147.3407290522299,74732300.0,0.019337600092855345,0.01915300466340972
2022-10-26,146.61431884765625,149.2059606049606,145.32830191392304,148.19482861119383,88194300.0,-0.019626917060585503,-0.01982208288723571
2022-10-27,142.1476287841797,146.3197794029668,141.48990330767347,145.35773474859954,109180200.0,-0.030465578659597425,-0.030939300710605768
2022-10-28,152.8872528076172,154.61500878306214,145.11232844918345,145.4853576495381,164762400.0,0.0755526076326134,0.07283458311106394
2022-10-31,150.53118896484375,151.4147121907347,149.1372016307876,150.35449330723716,97943200.0,-0.015410466206349782,-0.015530441621450992
2022-11-01,147.89048767089844,152.60256746450293,146.39834080336652,152.23934967138234,80379300.0,-0.017542552557410884,-0.017698246667650592
2022-11-02,142.3734130859375,149.38262560122348,142.34396380900958,146.22160672381153,93604600.0,-0.03730513484571174,-0.03801877600875518
2022-11-03,136.3361053466797,140.18429993575015,136.20848179558848,139.4578493069626,97918500.0,-0.04240474122520088,-0.043330075904766924
2022-11-04,136.0706024169922,140.28900066971147,132.13735779737468,139.71867839937045,140814800.0,-0.001947414655951718,-0.0019493133332813136
2022-11-07,136.60157775878906,136.8277351131925,133.40581664759068,134.82178704829124,83374600.0,0.0039022046817260847,0.003894610829802668
2022-11-08,137.17190551757812,139.069688836373,135.19545550623369,138.06672226567505,89908500.0,0.0041751183855003315,0.004166426762704807
2022-11-09,132.619140625,136.23773265765962,132.34381476431366,136.1885641102226,74917800.0,-0.03319021395379462,-0.0337535081041144
2022-11-10,144.4188995361328,144.4188995361328,137.171901375878,138.88286812786214,118854000.0,0.08897478037878681,0.08523668516915017
2022-11-11,147.20167541503906,147.5064994693465,141.9606252113591,143.3864383750097,93979700.0,0.0192687791407109,0.019085487017167033
2022-11-14,145.80535888671875,147.77198095425382,144.96953850636208,146.48384590068005,73374100.0,-0.009485738014756717,-0.009531014173600366
2022-11-15,147.53599548339844,151.02675299903876,146.0806992107757,149.67962155098414,89868300.0,0.011869499241274672,0.011799609231181174
2022-11-16,146.3068389892578,147.36881668355312,144.83187247009243,146.6411761367448,64218300.0,-0.008331231236914927,-0.008366129911669108
2022-11-17,148.2046661376953,148.95197725260945,143.71092672522755,143.98625266251898,80389400.0,0.01297155458725241,0.012888144504321358
2022-11-18,148.76510620117188,150.15157823399846,147.4671435564981,149.7680875657841,74829600.0,0.0037815277891173338,0.003774395787161897
2022-11-21,145.5398712158203,147.8604860232478,145.2547175972566,147.65399909356225,58724100.0,-0.021680050300170173,-0.021918515515867935
2022-11-22,147.67361450195312,147.90961450464576,144.4778542773041,145.65783928663447,51804100.0,0.01466088480296035,0.014554453026290543
2022-11-23,148.54879760742188,149.29610855403772,146.8476588015229,146.95582360996656,58301400.0,0.005926469047435434,0.005908976607992443
2022-11-25,145.63819885253906,146.3953525551104,144.66471552066162,145.8348580598712,35195900.0,-0.01959355310687072,-0.01978805157141424
2022-11-28,141.8131103515625,144.19272111621666,140.9871327315936,142.7177546502144,69246000.0,-0.026264321662268886,-0.02661538964579476
2022-11-29,138.8140411376953,142.393293327039,138.00773375100172,141.88196729880755,83763800.0,-0.021148039179398337,-0.021374862573563302
2022-11-30,145.5595245361328,146.23801151936658,138.20436253781247,139.04016787618127,111380900.0,0.04859366778139096,0.047449902402024506
2022-12-01,145.8348388671875,146.6411610165093,144.16321331865586,145.73651677852905,71250400.0,0.001891420928531229,0.0018896344442745569
2022-12-02,145.3432159423828,145.53004745802463,143.2192602974079,143.5240993516398,65447400.0,-0.0033710938252032863,-0.0033767887643772745
2022-12-05,144.1829376220703,148.40133640660238,143.33728932207632,145.30391187981684,68826400.0,-0.007983023581729864,-0.008015058518826444
2022-12-06,140.5249786376953,144.84171332835018,139.55149534602168,144.61555599946504,64727200.0,-0.02537026256160191,-0.025697636583478015
2022-12-07,138.5878448486328,140.97728320609625,137.6635301739463,139.8169835109002,69721100.0,-0.013784978356459088,-0.013880873465140706
2022-12-08,140.26931762695312,141.12480845757423,138.7451974772698,139.9841640195035,62128300.0,0.012132902276940971,0.012059888603335817
2022-12-09,139.78749084472656,143.14058484738695,138.5485094221092,139.96447961702353,76097000.0,-0.0034350119497121856,-0.003440925148414975
2022-12-12,142.07862854003906,142.08845624970894,138.70586361029962,140.31849324023466,70462700.0,0.016390148227622525,0.01625727960660764
2022-12-13,143.04226684570312,147.4671667934874,141.83279839446703,147.00500937638787,93886200.0,0.006782429669867529,0.006759532467889506
2022-12-14,140.81996154785156,144.21238117508022,138.80417118832523,142.92424628798724,82291200.0,-0.015536004475157794,-0.015657952902489204
2022-12-15,134.22195434570312,139.43350575702271,133.7597969655739,138.75501875197617,98931900.0,-0.04685420397523965,-0.04798740064431029
2022-12-16,132.26516723632812,135.35276341025192,131.49818579850947,134.40879318099954,160156900.0,-0.014578741003391182,-0.014686055128321057
2022-12-19,130.160888671875,132.94366095306307,129.12842399506934,132.85516655290323,79592600.0,-0.015909544503831863,-0.016037459837604566
2022-12-20,130.09207153320312,131.02621414919912,127.72228799900502,129.19725476241064,77432800.0,-0.0005287082730770498,-0.0005288480885793069
2022-12-21,133.1894989013672,134.52680273214906,130.53456166494178,130.7607190395491,85928000.0,0.023809501468146754,0.023530475588383733
2022-12-22,130.02322387695312,132.31434056379908,128.12544063659777,132.10785363301125,77852100.0,-0.02377270768740436,-0.024059838213900914
2022-12-23,129.65940856933594,130.21006041152802,127.4764566205478,128.7350936895975,63814900.0,-0.002798079425883837,-0.0028020013677656384
2022-12-27,127.85995483398438,129.2169290987198,126.57181955561124,129.18743096288975,69007800.0,-0.013878312073198229,-0.01397551624733497
2022-12-28,123.93653106689452,128.84325132058044,123.76936998157429,127.50594763388185,85438400.0,-0.03068532107792543,-0.031165973760343506
2022-12-29,127.44693756103516,128.30241331797103,125.59831560715068,125.8539710621533,75703700.0,0.028324227440623684,0.027930513649021445
2022-12-30,127.76160430908205,127.78127473228464,125.30333405560762,126.26698223669044,77034200.0,0.002469002033855805,0.002465959056050611
2023-01-03,122.98273468017578,128.7154334235932,122.09775307676176,128.10578526507297,112117500.0,-0.03740458375385758,-0.03812208397139855
2023-01-04,124.25118255615234,126.51280092971427,122.9925456360047,124.77233620258212,89113600.0,0.010314032122274996,0.010261205420003814
2023-01-05,122.93356323242188,125.6376690392261,122.67790772126833,125.0083504698081,80962700.0,-0.010604481153610013,-0.010661109361520526
2023-01-06,127.45677947998048,128.115596113896,122.80572219640976,123.907033324828,87754700.0,0.03679398960401792,0.03613324953504423
2023-01-09,127.97792053222656,131.18352399196448,127.72226507394718,128.29258725392592,70790800.0,0.004088766830389945,0.004080430539002044
2023-01-10,128.54824829101562,129.06940194282927,125.98180587179893,128.0860909010472,63896200.0,0.004456454335382443,0.0044465537462120355
2023-01-11,131.26220703125,131.28186245070447,128.28277553296553,129.0595847172529,69458900.0,0.0211123743521604,0.020892596154598396
2023-01-12,131.18356323242188,132.0193688291939,129.24643878440378,131.64572074057682,71379600.0,-0.0005991351250813626,-0.0005993146782517384
2023-01-13,132.510986328125,132.6683196907436,129.46273119909978,129.82655147153693,57809700.0,0.010118821771530007,0.010067969251846866
2023-01-17,133.67132568359375,134.99878678874634,131.89153482883353,132.57984966159466,63646600.0,0.008756552098974746,0.008718435846329831
2023-01-18,132.95352172851562,136.296774002363,132.77651790001315,134.5366534532576,69672800.0,-0.0053699172309938925,-0.005384387060967923
2023-01-19,133.0124969482422,133.9761376268957,131.53753029546905,131.84235433638028,58280400.0,0.0004435777176854394,0.0004434793661729107
2023-01-20,135.569091796875,135.71659745917918,131.98001240951498,133.02231973826562,80223600.0,0.01922071164206196,0.01903832709912459
2023-01-23,138.7550048828125,140.92812862349226,135.5985702195713,135.81489982286553,81760300.0,0.023500290838497362,0.023228410279887226
2023-01-24,140.1513214111328,140.77081216801105,137.95854199183503,137.9683697007518,66435100.0,0.010063179555213742,0.010012882911810381
2023-01-25,139.49249267578125,140.05297211797858,136.49339126221906,138.53867984910516,65799300.0,-0.004700838555912634,-0.004711922246210698
2023-01-26,141.55747985839844,141.8426334902846,139.53184628445516,140.78065564701856,54105100.0,0.01480357217084638,0.01469506881054912
2023-01-27,143.49459838867188,144.77290596887224,140.69217042868402,140.7708371263728,70555800.0,0.013684324786024549,0.0135915399207947
2023-01-30,140.61346435546875,143.12091025214485,140.46597371619012,142.54076039880331,64015300.0,-0.02007834486841964,-0.020282654256476157
2023-01-31,141.88198852539062,141.93115709386973,139.90553810731163,140.31852707508304,65874500.0,0.009021356352582721,0.008980907007322377
2023-02-01,143.00291442871094,144.16322923439725,138.96152054070433,141.56728874190614,77663600.0,0.007900410157556603,0.007869365321321578
2023-02-02,148.302978515625,148.65695608667727,145.69719525256042,146.41500811186492,118339000.0,0.03706262986378661,0.036392322663581146
2023-02-03,151.92160034179688,154.7535417708523,145.362915577376,145.5595748423626,154357300.0,0.02440019655971115,0.024107267221105337
2023-02-06,149.19776916503906,150.54491539574025,148.26362674506663,150.0237617823619,69858300.0,-0.01792918959930434,-0.018091864876339424
2023-02-07,152.06907653808594,152.63939885505883,148.12600388600742,148.12600388600742,83322600.0,0.019244975237335593,0.019062132842268514
2023-02-08,149.38462829589844,152.00023955919008,148.64714493246836,151.3119247541495,64120100.0,-0.01765282135789903,-0.01781049070366312
2023-02-09,148.35211181640625,151.75437415824857,147.90962490884843,151.21355015828513,56007100.0,-0.006911798698906235,-0.006935795818967618
2023-02-10,148.71652221679688,149.04151212756338,146.95371454850684,147.19007494553122,57450700.0,0.002456388358270223,0.002453376367790793
2023-02-13,151.5133819580078,151.9171435900277,148.62787403653363,148.6574172040706,62199000.0,0.018806651066878288,0.018631992436050824
2023-02-14,150.87326049804688,151.43461079325414,148.56880303013764,149.8096612758476,61707600.0,-0.004224850978102657,-0.004233800877886535
2023-02-15,152.9709014892578,153.1383177826238,150.55811427879885,150.78461690781828,65573800.0,0.013903331738748248,0.013807567033477743
2023-02-16,151.37548828125,153.9556914094499,151.02095529189845,151.1785138216891,68167900.0,-0.010429520859690067,-0.010484289451978077
2023-02-17,150.23313903808594,150.67630162569367,148.55896091432058,150.03617955770974,59144100.0,-0.007546461161807239,-0.007575079770229382
2023-02-21,146.22494506835938,149.00212332766463,146.15601601247863,147.91882364629484,58867200.0,-0.02667982573878347,-0.027042192073950404
2023-02-22,146.6484375,147.67263591965713,144.9250155718982,146.60903658364012,51011300.0,0.0028961709060149055,0.0028919850830148013
2023-02-23,147.1309814453125,148.05670759936388,145.00379786650186,147.8105044744373,48394200.0,0.0032904813275798084,0.0032850795403061074
2023-02-24,144.48182678222656,144.95453250364176,143.50685714395402,144.87574571223192,55469600.0,-0.018005416922136197,-0.018169486856873508
2023-02-27,145.6734619140625,146.90447752822308,145.21059884097443,145.46665970602933,44998500.0,0.008247647184251417,0.008213821204770863
2023-02-28,145.17120361328125,146.8158385647427,144.6000106018143,144.8166705381309,50547000.0,-0.003447836649049685,-0.0034537941353971597
2023-03-01,143.10308837890625,144.9939263960711,142.8076416515582,144.60000744430354,55479000.0,-0.014246043174541811,-0.014348492207137686
2023-03-02,143.69400024414062,144.48185327566276,141.7145174362223,142.1872382713636,52238100.0,0.0041292740214646795,0.004120771966333357
2023-03-03,148.73622131347656,148.81500811176437,145.09241829817535,145.79162671403117,70732300.0,0.035089990262425985,0.03448837005110627
2023-03-06,151.4936981201172,153.92618602775224,151.1293223291666,151.4542972077173,87558000.0,0.01853937650351467,0.01836961720741513
2023-03-07,149.2975616455078,151.69064849711955,148.83469862838186,151.3656586110283,56182000.0,-0.014496553334304996,-0.014602655017806733
2023-03-08,150.54827880859375,151.13917230662574,149.52408044265695,150.48919246419973,47204800.0,0.008377344876238757,0.008342449673302978
2023-03-09,148.30288696289062,152.19289270805663,147.9483539187185,151.22778082054958,53833600.0,-0.014914762649381741,-0.015027106172679959
2023-03-10,146.24465942382812,148.64760438030467,145.3681768808884,147.92869544727571,68572400.0,-0.013878539934138456,-0.013975747315132528
2023-03-13,148.1847381591797,150.81418573238946,145.45680332509693,145.56513330123872,84457100.0,0.013265980056947457,0.013178757491923437
2023-03-14,150.2725067138672,151.07020228030825,147.82033368029548,148.98240499263105,73695900.0,0.014088958017018038,0.013990631120778139
2023-03-15,150.66647338867188,150.92251923505987,147.64309172837056,148.89380784086055,77167900.0,0.002621681659672026,0.002618251046984471
2023-03-16,153.48301696777344,154.08375312665916,149.33695019463687,149.84905684492745,76161100.0,0.01869389729349913,0.018521313915168956
2023-03-17,152.6459503173828,154.35952962100535,151.9368840556802,153.70954970993674,98944600.0,-0.005453806335891764,-0.005468732632490654
2023-03-20,155.00949096679688,155.42312546588803,151.80885014610277,152.71489092530072,73641400.0,0.015483808410899691,0.015365157461064831
2023-03-21,156.8609161376953,156.9790888157361,154.1625247817563,154.93069227015488,73938300.0,0.011943947169628544,0.011873181158988532
2023-03-22,155.43296813964844,159.6775078686916,155.41326768087632,156.880643804934,75701800.0,-0.009103274628291746,-0.009144962623815424
2023-03-23,156.5162353515625,159.0964541870748,155.28521978995877,156.41776312286146,67622100.0,0.0069693529299446055,0.006945179241468132
2023-03-24,157.81619262695312,157.9048221395663,155.45264879499626,156.44730394409444,59196500.0,0.008305574641957802,0.008271273155054486
2023-03-27,155.87611389160156,158.32830230982592,155.47233717929535,157.5109061704178,52390300.0,-0.012293280575698118,-0.012369467988734256
2023-03-28,155.2556915283203,156.08294548571627,153.61105638332387,155.57083875533723,45992200.0,-0.0039802272958427976,-0.003988169481981765
2023-03-29,158.3282928466797,158.60403911493316,156.92986104995282,156.94954647836764,51305700.0,0.019790587308671448,0.01959729965777681
2023-03-30,159.8941650390625,160.0024950198449,158.8207229739758,159.07676882534926,49501700.0,0.009890033955580968,0.009841447653905669
2023-03-31,162.39553833007812,162.49402556851254,159.45095924162882,159.972908545837,68749800.0,0.015643931036536163,0.015522826152066753
2023-04-03,163.64627075195312,163.76444342844442,161.725889623748,161.7751332479675,56976200.0,0.0077017659151006335,0.007672258724139638
2023-04-04,163.114501953125,164.3061166832112,162.60239523685718,164.06977129650792,46278300.0,-0.0032495014789194476,-0.0032547925742408613
2023-04-05,161.27288818359375,162.54330471265868,159.34266411557562,162.2380152446489,51511700.0,-0.011290312924233326,-0.011354532336245076
2023-04-06,162.1592254638672,162.45467221127325,159.53962067833683,159.96308282888376,45390100.0,0.0054958852058533125,0.0054808379356257085
2023-04-10,159.56915283203125,159.56915283203125,157.64877164706385,158.96841666370352,47716900.0,-0.01597240381746312,-0.016101337422182397
2023-04-11,158.35784912109375,159.89415417908276,158.07224508795338,159.88431146406083,47644200.0,-0.007591089439527021,-0.0076200484054522654
2023-04-12,157.66848754882812,159.59871163720814,157.35334033527027,158.77147274218814,50133100.0,-0.004353188528965712,-0.004362691242246039
2023-04-13,163.04556274414062,163.28192316496492,158.9684394039646,159.17525665056672,68445600.0,0.03410367714504314,0.03353503909169089
2023-04-14,162.7008819580078,163.79402444901268,161.3319931654023,162.09028798128088,49386500.0,-0.0021140151276223262,-0.0021162528118239383
2023-04-17,162.72056579589844,162.87813940299813,161.53879379674336,162.58269264644778,41516200.0,0.00012098175285668589,0.00012097443515462342
2023-04-18,163.94175720214844,164.86748346446845,163.13420364495934,163.57738134329617,49923000.0,0.007504837512559703,0.007476816328473778
2023-04-19,165.08412170410156,165.60607111909823,163.02585218946157,163.2819130529251,47720200.0,0.00696811185538615,0.006943946755772666
2023-04-20,164.1189727783203,165.3204450523275,163.04553091898333,163.56748026442403,52456400.0,-0.005846406764129619,-0.0058635639045853845
2023-04-21,162.51377868652344,163.9220534848416,161.9918292131701,162.54332186221907,58337300.0,-0.009780673523743344,-0.009828818495074481
2023-04-24,162.8190460205078,163.0849495926161,161.40091367199096,162.49405610505224,41949600.0,0.0018784089352399391,0.0018766469313401424
2023-04-25,161.28274536132812,163.78416246885476,161.24334444666383,162.68117729099055,48714100.0,-0.009435632358306467,-0.00948042995577922
2023-04-26,161.27288818359375,162.7698073781101,160.32747660698578,160.58352244501583,45498800.0,-6.111737317149313e-05,-6.111924091424623e-05
2023-04-27,165.85227966308594,165.99999552987848,162.68118215487013,162.68118215487013,64902300.0,0.028395296513069157,0.02799962280235621
2023-04-28,167.1029510498047,167.2703823718156,165.33030085507357,165.93103698503495,55275900.0,0.00754087546616411,0.007512585198009721
2023-05-01,167.0143280029297,167.86126725124362,166.07875924686118,166.709038569301,52472900.0,-0.0005303499807647327,-0.0005304906660596093
2023-05-02,165.98028564453125,167.76280882251325,164.9954731830596,167.50674796522142,48425700.0,-0.006191339214802527,-0.006210585034827382
2023-05-03,164.90684509277344,168.32414556576836,164.6212560883793,166.925713661642,65136000.0,-0.006467277409419103,-0.006488280853671655
2023-05-04,163.27203369140625,164.50304913491388,161.8145156138655,162.38570858289833,81235400.0,-0.009913544828581644,-0.009963011210430934
2023-05-05,170.93389892578125,171.65280778469676,168.1665634032941,168.38322333782398,113453200.0,0.04692699087007379,0.04585919771879969
2023-05-08,170.86495971679688,171.20965008439242,169.49607101524845,169.86044681233005,55962800.0,-0.00040330917049002935,-0.00040339052150733954
2023-05-09,169.16123962402344,170.9043468501181,168.993823309898,170.421798364417,45326900.0,-0.009971149705576221,-0.010021194566573697
2023-05-10,170.92405700683594,171.38692008917508,169.28926463206565,170.3922648627901,53724500.0,0.010420929680643898,0.01036700609202588
2023-05-11,171.1111602783203,171.93839911576495,169.5551548305296,171.20964753246403,49514700.0,0.001094657327709525,0.0010940586272517004
2023-05-12,170.18417358398438,171.65356424240227,168.63587209674515,171.21964497087455,45533100.0,-0.005417453150502571,-0.00543218076467756
2023-05-15,169.69107055664062,170.81530899814229,169.09935977781652,170.7659972586019,37266700.0,-0.0028974670027139826,-0.0029016727862739224
2023-05-16,169.69107055664062,170.74626955321972,169.42479920138675,169.61217478294208,42110300.0,0.0,0.0
2023-05-17,170.302490234375,170.53916250241704,168.06386972955488,169.3360433616003,57951600.0,0.0036031340702178394,0.0035966583332910597
2023-05-18,172.62986755371094,172.81724313624747,170.19401507639674,170.60820660461047,65496700.0,0.01366613791808291,0.013573598407201765
2023-05-19,172.7383575439453,173.95134816577144,172.5213979143073,173.95134816577144,55809500.0,0.0006284543443828561,0.0006282569496494246
2023-05-22,171.79159545898438,172.2945540862593,171.05196458153654,171.57463586444004,43570900.0,-0.00548090243778121,-0.0054959776927816775
2023-05-23,169.1881103515625,170.9829553293692,168.9119826700276,170.7364116817252,50747300.0,-0.01515490382673268,-0.015270912945390442
2023-05-24,169.4642333984375,170.03621645106807,168.16249079935005,168.7246024757336,45143500.0,0.0016320475847932947,0.001630717242391827
2023-05-25,170.5983428955078,171.4957503105663,169.3163129553576,170.02635984381527,56058300.0,0.006692323650406173,0.006670029463818638
2023-05-26,173.00460815429688,173.33991896491864,170.71669083708804,170.92379413047703,54835000.0,0.014104857163020013,0.014006309253590993
2023-05-30,174.84877014160156,176.51540772383512,174.1288668535482,174.51347436884586,55964400.0,0.010659611943168334,0.0106031988203397
2023-05-31,174.79942321777344,176.8703956050701,174.31619231465004,174.87831898039528,99625300.0,-0.00028222631356322747,-0.0002822661469041155
2023-06-01,177.6001739501953,177.62975798334406,174.4838587106697,175.24321733975688,68901800.0,0.016022654313524676,0.015895646460385184
2023-06-02,178.44827270507812,179.26679934554073,176.78163539298924,178.52716847079088,61996900.0,0.0047753261498530986,0.004763960448858121
2023-06-05,177.0972442626953,182.3929972823034,175.57852688511534,180.10507993454968,121946500.0,-0.007570980777245495,-0.007599786134180162
2023-06-06,176.7323760986328,177.62978364684955,174.97697127382227,177.48186345973468,64848400.0,-0.002060270139050191,-0.002062395415170135
2023-06-07,175.361572265625,178.70470351330488,174.8684849721747,175.97299569419778,61944600.0,-0.0077563820691393115,-0.007786619256139284
2023-06-08,178.0735626220703,178.33981894141047,175.0065588784877,175.44046308150416,50214900.0,0.015465134814926174,0.015346768425696582
2023-06-09,178.4581756591797,179.71060666093933,178.13273621096323,178.99070336218668,48900000.0,0.0021598547894818854,0.002157525656249504
2023-06-12,181.24903869628903,181.34766218390052,178.468033910057,178.76388932505995,54274900.0,0.015638751358970193,0.015517726243904417
2023-06-13,180.775634765625,181.6040176863898,179.917667815392,180.27269121683804,54929100.0,-0.002611897608225666,-0.002615314563906008
2023-06-14,181.4068298339844,181.84074910193183,179.50351991974284,180.8348467124019,57462900.0,0.003491593704968876,0.0034855122435522574
2023-06-15,183.43832397460935,183.94128262941163,181.23915892536104,181.41667817053525,65433200.0,0.011198553783692056,0.011136314211343847
2023-06-16,182.36341857910156,184.4048073735327,181.7224110612984,184.14839232814637,101256200.0,-0.005859764591267025,-0.005877000376544574
2023-06-20,182.45216369628903,183.52710548415504,181.8604679443372,181.8604679443372,49799100.0,0.00048663881100141637,0.0004865204407360498
2023-06-21,181.41668701171875,182.84663717983523,180.0656175699355,182.34367850052172,49515700.0,-0.005675332446558157,-0.005691498339306705
2023-06-22,184.4146270751953,184.46393880857784,181.13066426325057,181.1997036995518,51245300.0,0.016525161565114965,0.01639010691824288
2023-06-23,184.09910583496097,184.9669444808385,182.45219571223123,182.98473853505004,53117000.0,-0.0017109339168941418,-0.0017123992359426895
2023-06-26,182.70855712890625,185.45012108460455,182.66910172140945,184.24698696904443,48088700.0,-0.007553261596508265,-0.007581931937846088
2023-06-27,185.45999145507812,185.78543087633776,183.10303478095216,183.3199943951253,50730800.0,0.015059143202749148,0.014946879961438885
2023-06-28,186.6335296630859,187.27453708797543,185.0063477089331,185.33177206150037,51216800.0,0.006327716284253437,0.006307780342690477
2023-06-29,186.9688415527344,187.4422162021352,186.32783407243755,186.4658979165552,46347300.0,0.0017966326321632309,0.0017950206182648018
2023-06-30,191.28826904296875,191.79121262094537,188.61572952588827,188.9806243235532,85213200.0,0.023102392111768344,0.022839572001644774
2023-07-03,189.7991485595703,191.19951452662892,189.1088143797874,191.10089105870892,31458200.0,-0.0077846931798203345,-0.007815152082220828
2023-07-05,188.68478393554688,190.311965971159,187.98459336367247,188.92147125163748,46920300.0,-0.005871283577827402,-0.005888587326639931
2023-07-06,189.1581573486328,189.36526064633148,186.5842409083175,187.21539208287064,45094300.0,0.0025088054437270024,0.0025056636450270864
2023-07-07,188.0437774658203,190.0062704618662,187.60987325439865,188.76369580404943,46815000.0,-0.005891259982822805,-0.0059086819133618304
2023-07-10,186.00238037109375,187.36330604998784,184.4540791221688,186.6433878022031,59922200.0,-0.010855967276543477,-0.010915323257915244
2023-07-11,185.479736328125,186.68287064614393,184.0202020095467,186.54480679233015,46638100.0,-0.0028098782495472596,-0.0028138333681077656
2023-07-12,187.1463623046875,189.04967210294507,185.86433228601203,187.05759515232103,60750200.0,0.008985488170061506,0.008945358879601854
2023-07-13,187.90570068359375,188.54672319895087,187.15621340871897,187.8662603208446,41342300.0,0.004057457326742009,0.004049248045143944
2023-07-14,188.0536346435547,188.53685056119244,187.00829198764853,187.59998771190843,41616200.0,0.0007872776580102325,0.0007869679175120198
2023-07-17,191.3080139160156,191.63345333608896,189.15814548736353,189.2468975888844,50520200.0,0.017305590921597558,0.0171575546459684
2023-07-18,191.05160522460935,191.64331601668744,189.75971887799713,190.6768691009351,48288200.0,-0.0013402924747251133,-0.0013411914700515793
2023-07-19,192.4026641845703,195.48938034906212,189.9865244553515,190.4303150490968,80507300.0,0.007071696457994214,0.0070468092734566065
2023-07-20,190.45989990234375,193.75371936128715,189.83860510668907,192.39279363664537,59581200.0,-0.010097387634730892,-0.010148712040492872
2023-07-21,189.2863616943359,192.2744696321092,188.5861710830146,191.41650251566855,71951700.0,-0.0061616025662596385,-0.006180663577270673
2023-07-24,190.0851898193359,192.21533096653448,189.59210242680848,190.7360687889521,45377800.0,0.004220209622339155,0.0042113295128930655
2023-07-25,190.9430999755859,191.75177028050072,190.25278084201756,190.65711599447496,37283200.0,0.004513292998078233,0.004503138632854952
2023-07-26,191.8109588623047,192.9351972994816,190.64728006234532,190.99243214213985,47471900.0,0.004545117822166711,0.0045348199656820515
2023-07-27,190.5486602783203,194.47363103189025,189.8879250921341,193.3099522093675,47460200.0,-0.006580951325573348,-0.006602701261778382
2023-07-28,193.12255859375,193.9115012215071,191.45592124266815,191.9785925358936,48291400.0,0.01350782688091412,0.013417409505568627
2023-07-31,193.73399353027344,193.77344894031904,192.56044337061044,193.34938604539337,38824100.0,0.0031660461676548124,0.0031610447970865595
2023-08-01,192.90562438964844,194.0101351852124,192.5801849485631,193.52691923606864,35175100.0,-0.004275806870700505,-0.004284974274262279
2023-08-02,189.91751098632812,192.48155598125388,189.19760772385695,192.3434921357412,50389300.0,-0.015490027378800786,-0.01561125132378966
2023-08-03,188.52700805664065,189.710414639766,188.0536484329567,188.92148694956984,61235200.0,-0.007321615171060114,-0.007348549745672344
2023-08-04,179.4739227294922,184.78940327661547,179.40488328381886,182.95511789971007,115956800.0,-0.048020097600172895,-0.0492113553381618
2023-08-07,176.37733459472656,180.59816071157977,174.89807268327343,179.6119861039443,97576100.0,-0.017253693949916493,-0.017404273476258825
2023-08-08,177.31419372558594,177.77769698523286,175.12488493894773,177.205713919119,67823000.0,0.005311675295536444,0.0052976181044985015
2023-08-09,175.72645568847656,178.42856448196,174.56276182695083,178.3693964131728,60378500.0,-0.008954376430612143,-0.008994707801278038
2023-08-10,175.50950622558594,178.25107058876787,175.14462641506705,176.9986245515979,54686900.0,-0.001234586232566115,-0.0012353489619837236
2023-08-11,175.5687713623047,176.38840355314576,174.34427296435433,175.10465717699176,52036700.0,0.00033767479604529527,0.00033761779674247746
2023-08-14,177.2178955078125,177.44501774834183,175.09474782272636,175.74650562753334,43675600.0,0.009393038025564682,0.009349197758932533
2023-08-15,175.2329864501953,177.2376229940336,174.8379899652799,176.6451282666605,43622600.0,-0.011200387251690813,-0.011263583916824242
2023-08-16,174.36399841308594,176.30937200366554,174.29486573787133,174.91699954220002,46964900.0,-0.004959043697839172,-0.004971380557956347
2023-08-17,171.8260955810547,175.29223725703497,171.31258808782235,174.9268647491592,66062900.0,-0.014555199783952588,-0.014662165915424349
2023-08-18,172.30996704101562,172.9123464424467,169.81157749118245,170.14732599213767,61172200.0,0.0028160533958747624,0.002812095745738971
2023-08-21,173.64309692382812,173.92948217703207,171.56934282132403,172.88272795365145,46311900.0,0.007736812360338741,0.007707036708067711
2023-08-22,175.0157470703125,175.46012191641384,174.04799506153495,174.8478727981476,42038900.0,0.007905008438582106,0.007873927548392794
2023-08-23,178.8571319580078,179.28176749229362,176.1019960768648,176.28962468028294,52722800.0,0.02194879576265807,0.021711388532880637
2023-08-24,174.17637634277344,178.8374075605793,173.8109887437673,178.41277199096436,54945800.0,-0.026170360465879172,-0.026518898713654634
2023-08-25,176.37850952148438,176.91175631972774,173.62337343895007,175.16388093182096,51449600.0,0.01264312201774831,0.01256386508812691
2023-08-28,177.9387664794922,178.33376298082638,176.31925671498092,177.8400098200833,43820700.0,0.008846071793217947,0.008807174523849243
2023-08-29,181.8196563720703,182.5899100858624,177.2573820568172,177.45488030453177,53003900.0,0.02181025511956336,0.021575814191818164
2023-08-30,185.30555725097656,185.50307057198083,182.4319252754348,182.62942352828824,60813900.0,0.019172299345747268,0.01899082664551939
2023-08-31,185.52281188964844,186.75719481874472,185.13768501849643,185.4931879048022,60794500.0,0.0011724129696639718,0.001171726230287279
2023-09-01,187.09295654296875,187.5472010181368,185.92769123419916,187.12258052751665,45766500.0,0.008463350880290932,0.008427737524034338
2023-09-05,187.3299560546875,187.6064566338381,185.26607135025952,185.92769881238064,45280000.0,0.001266747375731958,0.0012659457281935236
2023-09-06,180.6248016357422,186.49059214043663,179.20278998997966,186.0462022000218,81755800.0,-0.03579328453473751,-0.03644957222957736
2023-09-07,175.3416290283203,175.98351721110967,171.3718491931888,172.99135904079122,112488800.0,-0.029249430640628238,-0.02968572385559879
2023-09-08,175.95388793945312,177.9881638364286,175.56876103562882,176.121777292026,65551300.0,0.003491805765269307,0.0034857235659782296
2023-09-11,177.119140625,178.0473990105972,175.12437356668377,177.82027676778657,58953100.0,0.006622488989546094,0.006600656645966554
2023-09-12,174.0973663330078,177.87951732730735,172.6358612060169,177.24751388848827,90370200.0,-0.017060687406958097,-0.01720789767562406
2023-09-13,172.03347778320312,175.08486860955094,171.8063404869434,174.30473020059844,84267900.0,-0.0118547947810822,-0.011925623188073393
2023-09-14,173.54437255859375,173.89987544974738,171.41135521167203,171.82610607332606,60895800.0,0.008782562527130056,0.008744220157492067
2023-09-15,172.82347106933594,174.29486087176767,171.6483512368518,174.27510652680778,109259500.0,-0.004153989430077387,-0.004162641212089759
2023-09-18,175.7465057373047,177.13889330258442,173.96899129951683,174.27511585610648,67257600.0,0.016913412569963038,0.016771973392602623
2023-09-19,176.83277893066406,177.38578010579235,174.91701409671836,175.3021409914078,51826900.0,0.006180909195333095,0.006161885724081566
2023-09-20,173.2974853515625,177.45487842056565,173.20859833310675,177.0203732393163,58436200.0,-0.019992297810847326,-0.020194847971717785
2023-09-21,171.75697326660156,174.09737357666756,171.68785565712008,172.36923745366522,63149100.0,-0.008889408186366632,-0.008929154699292863
2023-09-22,172.6062469482422,174.86764517240317,171.87550181385268,172.48775099523908,56725400.0,0.004944624171516976,0.0049324396661115195
2023-09-25,173.88011169433594,174.75899170155245,171.97421669351675,172.02359502231215,46172700.0,0.0073801775348010246,0.0073530772793600424
2023-09-26,169.81158447265625,173.01109513731117,169.51532957863083,172.63585300181884,64588900.0,-0.023398462204991866,-0.023676552714194825
2023-09-27,168.30068969726562,170.87808171574733,166.93794126401278,170.46333088230946,66921800.0,-0.008897477637245133,-0.008937296559338923
2023-09-28,168.55746459960938,169.8807195182162,165.5258128129139,167.2243249736919,56294400.0,0.0015256913254819704,0.001524528640919911
2023-09-29,169.07095336914062,170.90771561508154,168.21181267677895,169.870831028669,51861100.0,0.00304637217195336,0.003041741382603218
2023-10-02,171.5792236328125,172.12235512412923,168.79444856905252,169.0808338409062,52164500.0,0.014835607262445816,0.01472663608805018
2023-10-03,170.24610900878906,171.46075281316274,168.6858620497557,170.10785870603348,49594600.0,-0.007769673948848088,-0.007800015128379667
2023-10-04,171.4903564453125,172.03348795172127,168.8339619515459,168.9524578917983,53020300.0,0.007308522020078589,0.0072819441908898675
2023-10-05,172.7247314453125,173.2579782200924,170.52258153582127,171.61871413723316,48527900.0,0.007197926609906036,0.00717214517748003
2023-10-06,175.27249145507812,175.76624458491796,171.016326818613,171.6285909459562,57266700.0,0.014750406548307726,0.014642677375673988
2023-10-09,176.75376892089844,176.81301689163445,173.60362121945622,174.6009972191987,42390800.0,0.008451283219192307,0.008415771067056196
2023-10-10,176.1612548828125,177.47464011941017,175.72674968355904,175.8748846750232,43698000.0,-0.003352200304996611,-0.003357831516593659
2023-10-11,177.5536346435547,177.60301297187604,175.3811238107674,175.9736185461729,47551100.0,0.0079040068241365,0.007872933789124905
2023-10-12,178.4522705078125,180.06189553412176,176.80312172309905,177.82026707710477,56743100.0,0.005061207933376721,0.005048443072796558
2023-10-13,176.61550903320312,179.6570151987734,175.91437292525092,179.1533924067404,51427100.0,-0.010292732445390529,-0.010346068916991786
2023-10-16,176.48715209960938,176.8426550206093,174.3047562379969,174.54176320804768,52517000.0,-0.0007267591294579656,-0.0007270233468968041
2023-10-17,174.93673706054688,176.19087429527403,172.61610626933813,174.44298390478113,57549400.0,-0.008784860657661042,-0.008823675032496068
2023-10-18,173.64309692382812,175.36136323860268,172.92222157401596,173.38635072108465,54764400.0,-0.007394902628548583,-0.007422380468769411
2023-10-19,173.26788330078125,175.6181383369893,173.0012523479638,173.84062376512662,59302900.0,-0.0021608323607097413,-0.002163170327532033
2023-10-20,170.72010803222656,173.2283676109075,170.48310107616433,173.11974130623128,64244000.0,-0.014704255745607075,-0.014813434901447844
2023-10-23,170.83859252929688,171.8359684831129,167.80694090892598,168.77470794688867,55980100.0,0.0006940277770204339,0.0006937870511166659
2023-10-24,171.27310180664062,171.50022404547477,169.30795876796012,170.88797493724758,43816600.0,0.002543390640901144,0.0025401616967437534
2023-10-25,168.9623260498047,170.8978298690587,168.51793618108192,169.7325797223047,57157000.0,-0.013491761008945224,-0.013583601814804051
2023-10-26,164.80491638183594,169.23882483986895,163.60015755926395,168.24143389027685,70625300.0,-0.02460554234287282,-0.02491331784542926
2023-10-27,166.1183319091797,166.8490920877316,164.74569858206283,164.8247009041889,58499100.0,0.007969516663572707,0.007937927786710553
2023-10-30,168.16244506835938,169.03145545417337,166.7601878982554,166.90832288755587,51131000.0,0.012305163046648193,0.012230069922363165
2023-10-31,168.636474609375,168.76484019690602,165.80232095364974,167.23421730907862,44846000.0,0.0028188787384895164,0.0028149131504116645
2023-11-01,171.79647827148438,172.05322449399938,167.99457285522465,168.86358325166134,56934900.0,0.018738553859294793,0.01856515003427813
2023-11-02,175.35150146484375,175.5588693503195,173.26786256268767,173.32711052996643,77334800.0,0.020693225083121325,0.020482028885076907
2023-11-03,174.44296264648438,174.61085195895754,171.18420427007575,172.06308417750907,79829200.0,-0.0051812434496977255,-0.005194712636441005
2023-11-06,176.99075317382812,177.18825142381783,174.00849494223715,174.17636920813592,63841300.0,0.014605292691038274,0.014499662666551106
2023-11-07,179.5484161376953,180.1606652677133,176.7340169447808,176.94138484513783,70530000.0,0.01445082818171417,0.014347410091539973
2023-11-08,180.6050262451172,181.15802736111343,179.32126504404005,180.07177947416378,49340300.0,0.005884819984218526,0.005867572065280184
2023-11-09,180.1310272216797,181.81965455110011,179.5385174163197,180.6741586985679,53763500.0,-0.002624506268137816,-0.002627956322495166
2023-11-10,184.3136749267578,184.48178544542023,181.475802800193,181.9108804268445,66133400.0,0.0232200291620539,0.0229545461124615
2023-11-13,182.73159790039065,183.94782669363863,182.1482051958573,183.74018560328048,43627500.0,-0.008583611753147702,-0.008620663123925
2023-11-14,185.3420562744141,186.0045554032819,184.21481647353392,185.59914075952597,60108400.0,0.01428575245889574,0.014184672627486735
2023-11-15,185.90565490722656,187.3789832148446,185.67823345303117,185.7474572062222,53790500.0,0.0030408566956763305,0.003036242642371312
2023-11-16,187.58663940429688,188.82264852852316,186.5384909930313,187.4482069859036,54412900.0,0.009042137518136206,0.009001502162645624
2023-11-17,187.56686401367188,188.24914348244,186.4594046371221,188.12059370194677,50922700.0,-0.00010542003784386189,-0.00010542559492660675
2023-11-20,189.30715942382812,189.7620174322178,187.75473976876387,187.76462241033667,46505100.0,0.009278266815984093,0.009235488103052462
2023-11-21,188.50621032714844,189.37636552049435,187.61628985249988,189.26759612132616,38134500.0,-0.004230949844250209,-0.004239925638913773
2023-11-22,189.16873168945312,190.77059476808083,188.69410838615653,189.34672485819107,39617700.0,0.0035145863956147494,0.0035084246699063474
2023-11-24,187.84373474121097,188.76331834061185,187.13179223741545,188.7336553269539,24048300.0,-0.007004312691683778,-0.007028958039732855
2023-11-27,187.6657562255859,188.53591159550703,186.78571821300812,187.79430602014355,40552600.0,-0.0009474817771817357,-0.0009479309217673999
2023-11-28,188.26889038085935,188.9412871423915,187.28008315178343,187.6558347269926,38415400.0,0.003213874323179322,0.0032087208678497365
2023-11-29,187.25047302246097,189.9400306521327,186.85495605433488,188.76334730315065,43014200.0,-0.00540937675012676,-0.0054240604054275375
2023-11-30,187.82394409179688,188.18981305356235,186.08364867108205,187.71517468500207,48794400.0,0.0030625880943282446,0.003057907924597114
2023-12-01,189.0995330810547,189.4159436040849,187.11202054575708,188.19971472368132,45704800.0,0.006791407748494516,0.006768450023789573
2023-12-04,187.30975341796875,187.92282418358675,185.3519192531924,187.8536004326293,43389500.0,-0.009464749245672532,-0.009509824628412326
2023-12-05,191.2550811767578,192.22410797955845,188.0513405114985,188.08101860758427,66628400.0,0.021063119708375933,0.020844358729423848
2023-12-06,190.16741943359375,192.5800964734148,189.95976327032977,192.27356863697855,41089700.0,-0.005686969132908115,-0.00570320151315213
2023-12-07,192.0955810546875,192.817406093886,191.42318430562543,191.4627450433353,47477700.0,0.010139284777785251,0.010088227065627795
2023-12-08,193.51947021484375,193.79633503305183,191.50229501018384,192.0263616366492,53406400.0,0.007412399350044785,0.007385062522522221
2023-12-11,191.0178070068359,191.32434997590968,189.27751140798415,190.948598334338,60943700.0,-0.012927191280704298,-0.013011474569970663
2023-12-12,192.5306701660156,192.54055280703432,189.57413099725628,190.9189094878757,52696900.0,0.007920011138676353,0.007888812471388411
2023-12-13,195.74427795410156,195.783823602978,192.6690869899489,192.9063910592081,70404200.0,0.01669140706420924,0.016553636472378692
2023-12-14,195.89260864257812,197.38570218691584,193.96443748585023,195.80361960949875,66831600.0,0.0007577779030216725,0.0007574909343097333
2023-12-15,195.3586578369141,196.17935458626624,194.7950304557911,195.3190970971854,128538400.0,-0.0027257322742496592,-0.002729453846676826
2023-12-18,193.6974639892578,194.4291868327445,192.21425301938103,193.8952224343076,55751900.0,-0.008503302930362278,-0.008539662273787873
2023-12-19,194.7357177734375,194.7456004150459,193.69746706046115,193.96444926391277,40714100.0,0.005360182641509725,0.005345867992506046
2023-12-20,192.6493225097656,195.46741418063525,192.6493225097656,194.6961457159339,52242800.0,-0.010713983482471767,-0.010771791476875084
2023-12-21,192.50100708007812,194.8741537657828,191.33422165280876,193.9051267903215,46482500.0,-0.0007698725734160972,-0.0007701690774957529
2023-12-22,191.43310546875,193.2228443252002,190.81015202156473,192.9954077755279,37149600.0,-0.0055475118157896075,-0.005562956405308937
2023-12-26,190.8892822265625,191.71987686773377,190.671743379398,191.44301198734337,28919300.0,-0.0028408003979033536,-0.0028448431295648013
2023-12-27,190.9881134033203,191.3342019743918,188.9511728919884,190.33551208827305,48087700.0,0.0005177408370182768,0.0005176068554742683
2023-12-28,191.4133148193359,192.48122849088116,191.00790021395272,191.967044481322,34049900.0,0.00222632397607736,0.002223849388995233
2023-12-29,190.3750762939453,192.2241411947973,189.5840274029703,191.72973752393827,42672100.0,-0.005424066378927339,-0.005438830037211368
2024-01-02,183.56219482421875,186.33085840634024,181.83178197139316,185.05528848269017,82488700.0,-0.03578662502652008,-0.03644266553092754
2024-01-03,182.187744140625,183.79950485996184,181.37691491631995,182.15808112880916,58414500.0,-0.007487656621832928,-0.007515829845061042
2024-01-04,179.8739471435547,181.04073256447913,178.85547678867908,180.1112512492328,71983600.0,-0.012700069414572468,-0.01278140467221301
2024-01-05,179.15208435058594,180.71440156415224,178.15339449300276,179.95303087035154,62379700.0,-0.0040131592397461,-0.0040212335729177175
2024-01-08,183.48309326171875,183.52265400582175,179.46853775144191,180.05193047893468,59144500.0,0.024175040590972863,0.023887450086189588
2024-01-09,183.0677795410156,183.07766218215255,180.68475037086023,181.8614334502317,42841800.0,-0.0022634985780992656,-0.0022660641632024207
2024-01-10,184.1060333251953,184.31367440860305,181.8614365329183,182.2866315170422,46792900.0,0.005671417366741371,0.005655395428788248
2024-01-11,183.5127410888672,184.9564063690912,181.5647895230864,184.4521049955326,49128400.0,-0.0032225572710057326,-0.0032277608910044977
2024-01-12,183.8390655517578,184.6498948423917,183.11724039185432,183.97749798089004,40477800.0,0.001778211479782854,0.0017766323335096487
2024-01-16,181.5746612548828,182.1975994977323,178.90486988724322,180.1211135415678,65603000.0,-0.01231731835711214,-0.012393805247405607
2024-01-17,180.63531494140625,180.8825167727283,178.281963767062,179.24110807963172,47317400.0,-0.0051733336963684096,-0.005186761718917206
2024-01-18,186.5187225341797,187.02300881659585,183.75005912545993,184.0071435872404,78005800.0,0.03257063877393995,0.032051458790256095
2024-01-19,189.41590881347656,189.8015430260911,186.7065866846462,187.21087293560348,68903000.0,0.015532951544668494,0.015413550103358407
2024-01-22,191.71986389160156,193.143748944668,190.1081030206995,190.1476637655088,60133900.0,0.012163471867580933,0.012090091286137345
2024-01-23,192.9954071044922,193.55903452389103,191.66052626402544,192.83720939883855,42355600.0,0.00665316147737216,0.006631126877721779
2024-01-24,192.32302856445312,194.18199120084623,192.16481576816375,193.23272951111284,53631300.0,-0.003483909540267005,-0.0034899924855061326
2024-01-25,191.9967041015625,194.07320538533628,190.9485708187439,193.0349547434494,54822100.0,-0.0016967518935532278,-0.0016981930074198583
2024-01-26,190.26629638671875,192.5801018175765,189.7916731135176,192.09559590318423,44594000.0,-0.009012694894639406,-0.009053554920516451
2024-01-29,189.58401489257812,190.04875551955823,187.4580852833725,189.86087972294905,47145600.0,-0.003585929337447502,-0.0035923741938668117
2024-01-30,185.93533325195312,189.65325866018404,185.37172089064353,188.80288370915284,55859400.0,-0.019245724080125703,-0.019433334055051557
2024-01-31,182.33604431152344,185.0058358609704,182.28661602120093,184.94649475418208,55467800.0,-0.019357745929615477,-0.019547560676643608
2024-02-01,184.76853942871097,184.85752846784007,181.76257176566293,181.93066720224104,64885400.0,0.013340725506974183,0.013252521631611131
2024-02-02,183.7698516845703,185.23328233515724,177.2437171517322,177.84689023760967,102551700.0,-0.005405074625953743,-0.00541973489222843
2024-02-05,185.5793304443359,187.13176501057416,183.75992879401903,186.04407104136263,69668800.0,0.009846439680821328,0.009798279373948908
2024-02-06,187.1812438964844,187.1911265388062,184.67956238073768,184.76855142564483,43490800.0,0.008631960511512826,0.008594918153191881
2024-02-07,187.2899932861328,188.91163664571195,186.49894443287428,188.50622203381667,53439000.0,0.0005809844372470785,0.0005808157311295067
2024-02-08,186.2121734619141,187.41850432812907,185.25302930015292,187.2701892878567,40962000.0,-0.005754817998055439,-0.005771440767838833
2024-02-09,186.9745330810547,188.10321111496148,186.13296840440984,186.7765071990768,45155200.0,0.00409403748942605,0.004085679721521463
2024-02-12,185.29139709472656,186.79630612181433,184.93497167008087,186.5487888854563,41781900.0,-0.009001953146199226,-0.009042715538247892
2024-02-13,183.20236206054688,184.360756090923,181.68755769129083,183.9251233115087,56529500.0,-0.01127432286082719,-0.011338359809247883
2024-02-14,182.3212432861328,183.68754366253543,180.62823335709768,183.4796375835875,54630500.0,-0.004809538285990289,-0.004821141333736759
2024-02-15,182.0341033935547,182.65785175424017,179.54903541760635,181.727184392981,65434500.0,-0.001574911883018948,-0.0015761533603881083
2024-02-16,180.49949645996097,183.0142804515248,179.86585283584154,181.5984737728991,49752500.0,-0.008430326543130917,-0.008466062732845704
2024-02-20,179.75692749023438,180.61828269677792,178.21242224791314,179.98463913307552,53665600.0,-0.0041139669876658624,-0.004122452630954188
2024-02-21,180.5093994140625,181.0737309260645,178.86588113831095,180.13316833455778,41371400.0,0.004186052433884591,0.004177315290668038
2024-02-22,182.53903198242188,183.1231842228548,180.64801151557128,181.65787110291916,52292200.0,0.011243916244514818,0.011181173297822321
2024-02-23,180.7074279785156,183.2023913936763,180.42029946099493,183.17269052734747,45119700.0,-0.010034040303679603,-0.010084720589780622
2024-02-26,179.3609161376953,180.9450175834942,178.85597124394113,180.43019254491847,40867400.0,-0.007451336427522937,-0.007479236315505154
2024-02-27,180.8163146972656,182.0934971193568,177.77679547469845,179.30151026553332,54318900.0,0.00811435730208343,0.00808161291869369
2024-02-28,179.61834716796875,181.30146173701144,178.34116458472795,180.6975189384851,48953900.0,-0.0066253287558845075,-0.006647373670266123
2024-02-29,178.9550018310547,180.75693496542868,177.74711623943745,179.46984202762675,136682600.0,-0.003693082290161298,-0.0036999185550115115
2024-03-01,177.87579345703125,178.73714862022334,175.6184374307493,177.76688526684862,73563100.0,-0.006030613075807101,-0.006048870662811947
2024-03-04,173.36109924316406,175.14321147352493,172.06409607852763,174.4006596751229,81510100.0,-0.025381161349297243,-0.025708819136415737
2024-03-05,168.43052673339844,170.3314573247722,167.9354922531265,169.06417026385637,95132400.0,-0.028441054719258507,-0.02885333750115696
2024-03-06,167.4404754638672,169.53943215491887,167.00484265804033,169.36121186741923,68587700.0,-0.005878098755211725,-0.0058954427776819595
2024-03-07,167.32167053222656,169.0344857697736,166.81674075207243,167.47017484778516,71765100.0,-0.000709535321800181,-0.0007097871611195967
2024-03-08,169.0345001220703,171.97500667784078,167.2622830078253,167.3216847390924,76267000.0,0.010236746886374437,0.010184706242906993
2024-03-11,171.034423828125,172.64824117092596,170.34137853305091,171.22253935977105,60139500.0,0.01183145277804476,0.011762008356213525
2024-03-12,171.50965881347656,172.3017170819102,169.31170429451927,171.43045147590772,59825400.0,0.002778592605598096,0.0027747394530746408
2024-03-13,169.43052673339844,171.4700666239107,169.06419090034882,171.05423942259554,52488700.0,-0.012122536389272742,-0.01219661361146525
2024-03-14,171.2819366455078,172.57892461566286,170.34137411890524,171.1928340614332,72913500.0,0.010927251114686065,0.01086798009486437
2024-03-15,170.90573120117188,170.90573120117188,168.5988682774061,169.47013396047814,121752700.0,-0.0021964105013276836,-0.0021988261486898595
2024-03-18,171.99481201171875,175.94519331439105,171.79680120539754,173.82644596151624,75604200.0,0.006372406606218073,0.006352188669061323
2024-03-19,174.3313751220703,174.8561105550952,171.3116612385504,172.6086493883763,55215200.0,0.013585079009199141,0.01349362912835745
2024-03-20,176.89561462402344,176.89561462402344,173.35116602745083,173.97491429018868,53423100.0,0.014708996014960452,0.014601867952927498
2024-03-21,169.66810607910156,175.7273381457555,169.1433707597941,175.29170540355622,106181300.0,-0.04085747722058186,-0.041715599104035654
2024-03-22,170.56910705566406,171.33146450930536,168.37115239719608,170.05426688241553,71160100.0,0.00531037327747641,0.005296322964956032
2024-03-25,169.15330505371094,170.2324767040703,167.76719930445816,168.87608692531137,54288300.0,-0.008300459716255038,-0.008335100353999966
2024-03-26,168.02462768554688,169.71763732680742,167.8959138727621,168.31174106723407,57388400.0,-0.006672511470028231,-0.006694872198337345
2024-03-27,171.58885192871094,171.87598039200594,168.42063422483255,168.7176579392829,60273300.0,0.02121251088164522,0.02099065746726129
2024-03-28,169.7770233154297,170.51957504542207,168.8166552027259,170.04434616825796,65672700.0,-0.010559127780830457,-0.010615270935471493
2024-04-01,168.34144592285156,169.54933141950085,167.79690490268092,169.48992969134684,46240500.0,-0.008455663578875172,-0.008491615510567437
2024-04-02,167.1632537841797,167.65828830624176,166.55931106297376,167.40087579338118,49329500.0,-0.0069988239213046866,-0.007023430568385549
2024-04-03,167.96522521972656,168.98499523543435,166.9058590852198,167.11376514661308,47691700.0,0.004797534251051783,0.0047860627588934565
2024-04-04,167.14346313476562,170.2126681045212,167.14346313476562,168.59885072968464,53704400.0,-0.004892453684302467,-0.004904460915051346
2024-04-05,167.89590454101562,168.69785802201392,167.27215623034843,167.90579979250484,42104800.0,0.00450176986965567,0.004491667212221359
2024-04-08,166.77713012695312,167.51968192191484,166.5692240844266,167.3513719945941,37425500.0,-0.0066635003225418155,-0.006685800561120417
2024-04-09,167.9850311279297,168.3909631058002,166.6781477036779,167.02466284236104,42373800.0,0.007242605746106134,0.0072165040309579934
2024-04-10,166.11380004882812,167.41078821247058,165.45045553411236,167.1236748074244,49709300.0,-0.011139272746727769,-0.01120177906212159
2024-04-11,173.3016815185547,173.7175238179071,166.49001666248702,166.66822184170525,91070300.0,0.04327082679231786,0.042360803666552566
2024-04-12,174.79669189453125,176.5887144383463,172.47993396851362,172.52942533467058,101670900.0,0.008626635142120698,0.00858963834483849
2024-04-15,170.9750213623047,174.8758957155582,170.78690583147454,173.6185038309996,73531800.0,-0.021863517500276708,-0.022106066025682315
2024-04-16,167.69789123535156,172.03438316124112,166.59891404642835,170.0443499195711,73711200.0,-0.01916730350925777,-0.019353377803289405
2024-04-17,166.3315887451172,168.9552655008738,166.3315887451172,167.9256004082147,50901200.0,-0.008147404121599089,-0.00818077560279292
2024-04-18,165.38111877441406,166.96523521407434,164.8959946340493,166.36129252101995,43122900.0,-0.005714308255418632,-0.005730697379664942
2024-04-19,163.3614044189453,164.7474951408098,162.4505426435407,164.55939469854349,68149400.0,-0.012212484535333856,-0.01228766968329516
2024-04-22,164.19305419921875,165.59895049362888,163.1336881290828,163.87623994630854,48116400.0,0.0050908584143942726,0.00507794380711023
2024-04-23,165.24252319335938,165.39104261951863,163.28219064755024,163.70792820716713,49537800.0,0.0063916771586896015,0.006371337015981416
2024-04-24,167.34144592285156,167.61866400000082,164.55935479394145,164.88606422916925,48251800.0,0.012702073830209715,0.012622079176864878
2024-04-25,168.20285034179688,168.91570135131437,166.48012455092012,167.84642483703811,50558300.0,0.005147585609738492,0.005134382082408278
2024-04-26,167.6186981201172,169.63843239437367,167.49987955768665,168.19293999888993,44838400.0,-0.0034729032266258564,-0.003478947753799601
2024-04-29,171.7769775390625,174.28185098854456,171.38095596804143,171.64826373021612,68169400.0,0.024807968714596784,0.024505247443103177
2024-04-30,168.6384735107422,173.2521991943247,168.31174889120035,171.60868084411632,65934800.0,-0.018270807143562662,-0.018439779681449553
2024-05-01,167.6186981201172,170.99483730573115,167.43058257791944,167.8959162536964,50383100.0,-0.006047109947067031,-0.006065467761653652
2024-05-02,171.3116455078125,171.69777183075684,169.19289835753364,170.79680537480178,94214900.0,0.022031834330612066,0.021792640347870578
2024-05-03,181.5588531494141,185.14289799826793,180.84600228009177,184.796367814728,163224100.0,0.05981617660157412,0.05809547478488187
2024-05-06,179.9054412841797,182.37070337959045,178.62824383792136,180.5390848280799,78569700.0,-0.009106754292360075,-0.009148474261394694
2024-05-07,180.58859252929688,183.06376520709568,179.51933122687228,181.6281680754234,77305800.0,0.0037972795055045694,0.0037900880392720752
2024-05-08,180.9252014160156,181.2519259752609,179.64800403830677,181.0341096024307,45057100.0,0.0018639543174030493,0.0018622193102025859
2024-05-09,182.737060546875,182.82616313989396,180.3014839202349,180.74701199258516,48983000.0,0.01001440991458824,0.009964597993558526
2024-05-10,181.47796630859375,183.5004400954196,180.56586910059417,183.31206939842303,50759500.0,-0.006890196408507299,-0.006914043415283217
2024-05-13,184.68023681640625,185.4932019646793,183.0344891706932,183.8474543189662,72044800.0,0.017645505804088746,0.017491631357885003
2024-05-14,185.82032775878903,186.68286641073877,184.6901187820661,185.89964252722956,52393600.0,0.006173324022300086,0.006154347117897986
2024-05-15,188.0906982421875,189.0127042016136,185.7608738375932,186.2962448244031,70400000.0,0.012218095354699754,0.012144056890267034
2024-05-16,188.2096405029297,189.458829238671,188.03119361367857,188.83423487080032,52845200.0,0.0006323665223946229,0.0006321666629371483
2024-05-17,188.2393798828125,189.1713095252472,187.55530322495105,187.8824709799172,41282900.0,0.00015801199026443946,0.00015799950768482
2024-05-20,189.3993225097656,190.27176982167657,187.38675756521695,187.7040166341828,44361300.0,0.006162061454278112,0.0061431535881281705
2024-05-21,190.69808959960935,191.07481584379752,189.28036268210627,189.44890089382775,42309400.0,0.006857295330487734,0.006833891013487515
2024-05-22,189.2605133056641,191.16403734183464,188.63593413629764,190.6187578068766,34648500.0,-0.007538493421531345,-0.007567051476732051
2024-05-23,185.27505493164065,189.35966699130785,185.0272019643745,189.33983451815809,51005900.0,-0.021058055398945008,-0.021282938923921222
2024-05-24,188.3484039306641,188.94325704408288,186.42506267538528,187.198377773927,36327000.0,0.016588034477482028,0.016451955823172996
2024-05-28,188.3583984375,191.34254354103643,187.4760422356072,189.8653340024244,52280100.0,5.306393166781831e-05,5.306252382719977e-05
2024-05-29,188.65577697753903,190.59895109353056,187.8824768517226,187.98162409974876,53068000.0,0.0015787909777631448,0.0015775459974909033
2024-05-30,189.64718627929688,190.52954231443272,188.9928658858645,189.12173915319045,49889100.0,0.005255122942118495,0.005241362969396863
2024-05-31,190.5989532470703,190.9162123421418,188.2790528434088,189.7959119633218,75158300.0,0.005018618975826783,0.005006067683534732
2024-06-03,192.3636779785156,193.31544019840624,190.86665123579675,191.24337752621932,50080500.0,0.009258837477232662,0.009216237192369962
2024-06-04,192.6809234619141,193.64259428823095,191.3722523931234,192.96842627855952,47471400.0,0.0016491963905675977,0.001647837959541548
2024-06-05,194.18783569335935,195.20898869639487,193.19642383583025,193.7218709101011,54156800.0,0.0078207650470552,0.007790341385350111
2024-06-06,192.80978393554688,194.81244022862765,192.5024486640224,194.0093990023229,41181800.0,-0.007096488577114313,-0.00712178841657738
2024-06-07,195.1990966796875,195.24867030234284,192.4727138388465,192.97832848334124,53103900.0,0.012392072100134266,0.012315918860200182
2024-06-10,191.46145629882812,195.60556579928584,190.49978557066368,195.20899197297103,97010200.0,-0.01914783646254603,-0.019333530531070463
2024-06-11,205.3709716796875,205.38089548057215,191.96709351098235,191.9869108572612,172373300.0,0.07264916735590776,0.07013144593051472
2024-06-12,211.2401428222656,218.30889945026047,205.1231180281253,205.58908283581823,198134300.0,0.02857838717212724,0.028177642250046556
2024-06-13,212.40008544921875,214.88852380834695,209.782758705521,212.8957913864929,97862700.0,0.005491108893677987,0.005476087718752751
2024-06-14,210.6651306152344,213.32210737882852,209.4853479747781,212.01345147179217,70122700.0,-0.008168333973665676,-0.008201877602208156
2024-06-17,214.80921936035156,217.06963733267017,210.8931452933454,211.5375569916551,93728300.0,0.019671450766506116,0.019480468316887243
2024-06-18,212.4496612548828,216.75240063817128,211.1707464886947,215.72132373307377,79943300.0,-0.010984435921767788,-0.011045210295960742
2024-06-20,207.87925720214844,212.4001085490653,207.0563985691976,212.09275812722348,86172500.0,-0.021512879925240758,-0.021747655160835225
2024-06-21,205.7080841064453,210.07029091430852,205.33134270047415,208.58317289420788,241805100.0,-0.010444395101873005,-0.01049932057334339
2024-06-24,206.3524932861328,210.87332959032133,204.8158016590104,205.93610206103617,80727000.0,0.0031326390622259392,0.0031277425717719546
2024-06-25,207.27452087402344,209.56468024841507,206.8184646829133,207.35382052419757,55549700.0,0.004468216367088607,0.004458263524958678
2024-06-26,211.4185791015625,213.0147528009443,208.83099354238436,209.68360834691896,66213200.0,0.019993090371477562,0.01979585312762485
2024-06-27,212.2612762451172,213.88719102122272,210.52630556394232,212.84620558696903,49772700.0,0.003985918111529152,0.003977995385845676
2024-06-28,208.81117248535156,214.21437951883613,208.4939285392998,213.91695291908772,82542700.0,-0.016254042285986592,-0.016387588317148323
2024-07-01,214.88851928710935,215.6419868499251,210.09999821846176,210.2685364182596,60402900.0,0.029104509732036155,0.028689016060040026
2024-07-02,218.3782958984375,218.4873518087767,213.2526983679821,214.293668724795,58046200.0,0.016239939773913692,0.016109482469421753
2024-07-03,219.64732360839844,219.64732360839844,217.1489612238199,218.11063203893852,37369800.0,0.005811143935984919,0.0057943243682246365
2024-07-05,224.39620971679688,224.50526565224268,219.7464845756734,219.7464845756734,60412400.0,0.02162050522803116,0.021390097214507606
2024-07-08,225.86349487304688,225.89323602358715,221.3327346559492,225.1397532025748,59085900.0,0.006538814350304012,0.006517529040492071
2024-07-09,226.71609497070312,227.42991284004063,224.4259356098064,225.97253595078877,48076100.0,0.0037748468300975446,0.003767739975046951
2024-07-10,230.9791717529297,231.07831900756045,227.28120909695775,227.33078272427315,62627700.0,0.018803591261473684,0.018628989108583145
2024-07-11,225.61561584472656,230.39421338925845,223.83107137940016,229.40280147827104,64710600.0,-0.023220950475743907,-0.023494804486646186
2024-07-12,228.5601043701172,230.64207551688347,226.71607753741577,226.9540218514806,53046500.0,0.013050907466516382,0.012966478166253327
2024-07-15,232.386962890625,235.1926606193721,231.0882156126273,234.44910163171727,62631300.0,0.01674333554866947,0.016604711122952226
2024-07-16,232.80335998535156,234.24090427881208,230.33473879844303,232.98180687397965,43234300.0,0.001791826398293006,0.001790222992436432
2024-07-17,226.91436767578125,229.47221227385296,224.69359950369105,227.47946461019197,57345900.0,-0.025295993622862056,-0.02562143727793435
2024-07-18,222.25473022460935,228.46097889584823,220.36114484151935,228.3023493485251,66034600.0,-0.020534783667068957,-0.020748553884112706
2024-07-19,222.3836212158203,224.85224251867805,221.36246807560823,222.88925101284036,49151500.0,0.000579924625589312,0.0005797565342873469
2024-07-22,222.03662109375,225.82380677595344,221.174082433242,225.06041535891617,48201800.0,-0.0015603672616408826,-0.0015615859024863106
2024-07-23,223.07757568359375,224.9910084270489,220.76758424988336,222.4430727025388,39960300.0,0.004688211272158682,0.004677255837277307
2024-07-24,216.66314697265625,222.86939506256107,215.2652677100796,222.0762625279836,61777600.0,-0.028754251480819004,-0.029175754638888964
2024-07-25,215.6221618652344,218.9533061807155,212.77679965909303,217.04978217666016,51391200.0,-0.004804624699525917,-0.004816204013170056
2024-07-26,216.0881500244141,217.6050090608147,214.15488466672127,216.8217851678197,41601300.0,0.0021611329519595213,0.002158801063218201
2024-07-29,216.36575317382812,217.41664743865044,213.8971319294418,215.09674706599597,36311800.0,0.0012846754872151145,0.0012838509977201402
2024-07-30,216.92092895507812,218.43778796730905,214.2639371695869,217.3075789949067,41643800.0,0.0025659133809590173,0.0025626270456538046
2024-07-31,220.1727600097656,221.89782218872543,218.7352157578384,219.53825698895488,50036300.0,0.014990858974981203,0.014879606517217859
2024-08-01,216.48472595214844,222.5521625800544,215.15623749650504,222.44310665442717,62501000.0,-0.0167506373515669,-0.016892515879497028
2024-08-02,217.97181701660156,223.6625266661827,215.8402875210575,217.26790792406092,105568600.0,0.006869265523988144,0.006845779612201207
2024-08-05,207.47279357910156,211.6664621054212,194.3167520967801,197.3802115476467,119548600.0,-0.048166884972566715,-0.0493655588984285
2024-08-06,205.4502868652344,208.18659343179937,199.343200967242,203.5368691310161,69660500.0,-0.00974829845868952,-0.009796124186903645
2024-08-07,208.01806640625,211.80525225793107,204.61751548926864,205.12313014700663,63516400.0,0.012498301074166607,0.012420842045709002
2024-08-08,211.4780731201172,212.36042911915672,207.03655197769595,211.27979376271136,47161100.0,0.016633202940700142,0.016496386269200504
2024-08-09,214.3829345703125,214.91829038971977,210.1496011292121,210.27848952903548,42201600.0,0.013735993558752435,0.013642509887181598
2024-08-12,215.91146850585935,217.8767320905019,213.9958359256548,214.4623401059105,38028100.0,0.007129923557630535,0.007104625828734811
2024-08-13,219.62364196777344,220.23902400333975,217.38044783379533,217.38044783379533,44155300.0,0.01719303512501158,0.01704690743759989
2024-08-14,220.07028198242188,221.37053243582616,218.06530765715263,218.9288446755302,41960600.0,0.002033660905750745,0.0020315958167308546
2024-08-15,223.04798889160156,223.67330627029455,221.10256546081067,222.92888658909135,46414000.0,0.013530708836995586,0.013439986240721158
2024-08-16,224.3680877685547,225.1422830006272,221.98593577772976,222.25393109506464,44340200.0,0.005918452273491193,0.005901007033539339
2024-08-19,224.20925903320312,224.30852103873067,221.38045847347976,224.0405257400108,40687800.0,-0.0007078936088067422,-0.0007081442837952332
2024-08-20,224.82464599609375,225.47973889834265,223.7725353535306,224.0901616619868,30299000.0,0.0027446991508923713,0.002740939342302288
2024-08-21,224.71546936035156,226.28371522001356,223.375523094966,224.8345868015738,34765500.0,-0.0004856079512923772,-0.00048572589701869034
2024-08-22,222.85939025878903,226.64103964823343,222.2340729078472,226.09512887719345,43695300.0,-0.008259685489591884,-0.008293985694969249
2024-08-23,225.15219116210935,226.52192810531065,222.66087229355688,223.98097823318813,38677300.0,0.010288105431222272,0.010235543078494525
2024-08-26,225.4896697998047,225.58893181224732,222.22415556593285,225.07279660900764,30602200.0,0.0014988911986753006,0.0014977689825092326
2024-08-27,226.33334350585935,227.14724957253156,223.2167072550591,224.31844891527624,35934600.0,0.003741518211471506,0.0037345361424810227
2024-08-28,224.80479431152344,228.14971479709,224.0008084384826,226.22414704916855,38052200.0,-0.006753530746548386,-0.006776439034797312
2024-08-29,228.0802459716797,231.1869621230462,227.1770283167567,228.3879521456165,51906300.0,0.014570203763614176,0.01446507824791516
2024-08-30,227.2961273193359,228.68570457235603,225.78743262658827,228.4772755570311,52990800.0,-0.0034379069042267396,-0.0034438300856284025
2024-09-03,221.11248779296875,227.2961293418145,219.52438650802387,226.8494805883163,50190600.0,-0.027205212861720063,-0.02758212640066929
2024-09-04,219.206787109375,220.12986023982225,215.86185105944423,220.01075793789536,43840200.0,-0.008618693148521261,-0.008656048877563856
2024-09-05,220.7253875732422,223.80231295165623,219.87178579311316,219.9809679444758,36615400.0,0.0069277073209847995,0.006903821011409885
2024-09-06,219.1769866943359,223.56409767944487,218.13479623481732,222.28368749781316,48423000.0,-0.007015055657756952,-0.007039776842194539
2024-09-09,219.2663116455078,219.62363365317324,215.0975649862482,219.17698492990527,67180000.0,0.00040754712672685933,0.0004074641019535136
2024-09-10,218.47227478027344,219.83207646515768,215.1174187834135,217.29112653781655,51591000.0,-0.0036213354403393794,-0.0036279083487940223
2024-09-11,221.0033264160156,221.43011977862776,216.268812835246,219.81225791296717,44587100.0,0.011585230383524658,0.011518635453553949
2024-09-12,221.11248779296875,221.8866830044339,218.1844402475294,220.84449248276735,37455600.0,0.0004939354475943514,0.0004938135016351251
2024-09-13,220.8444671630859,222.3730019797634,220.25886075018877,221.91643313573508,36766600.0,-0.001212146055422192,-0.0012128812986602119
2024-09-16,214.71047973632812,215.60377723416104,212.32832783334672,214.92882889414335,59357400.0,-0.027775146489081193,-0.02816817050198517
2024-09-17,215.17697143554688,215.28615358843467,212.904016801209,214.14471619981745,45519300.0,0.002172654542953012,0.002170297742130168
2024-09-18,219.04795837402344,221.0529328037412,215.92138686335736,215.9313221513165,59894900.0,0.017989782608479832,0.017829881347589237
2024-09-19,227.1670837402344,228.11002736409569,222.95864123060412,223.31596324984213,66781300.0,0.03706551490586185,0.036395104595914995
2024-09-20,226.5020751953125,231.3556905514529,225.92638886705737,228.2589097535001,318679900.0,-0.0029273983447458685,-0.0029316915559536964
2024-09-23,224.7849578857422,227.74278104335215,224.12986496132828,225.6484798300337,54146000.0,-0.0075810224170778095,-0.007609904430239669
2024-09-24,225.67825317382812,227.64353192764617,224.05045616714196,226.94872814757065,43556100.0,0.0039739994014189595,0.003966123923665201
2024-09-25,224.68568420410156,225.5988371064948,222.35317851779175,223.2563961324406,42308700.0,-0.004398159573497096,-0.004407859930241056
2024-09-26,225.82713317871097,226.7998372114188,223.7328321067471,225.60876888531143,36636700.0,0.005080203390139149,0.005067342695137542
2024-09-27,226.09510803222656,227.81224676693589,225.60876359989413,226.76013618443497,34026000.0,0.0011866370960107453,0.0011859335986876128
2024-09-30,231.2663421630859,231.2663421630859,227.94126208675945,228.32835965023511,54541900.0,0.022871941705710164,0.02261429996061896
2024-10-01,224.52688598632812,227.9412778656533,222.07526286618744,227.81225543239975,63285000.0,-0.02914153488018245,-0.02957458329265246
2024-10-02,225.09263610839844,225.67824256269316,221.360617941662,224.20925878310885,32880600.0,0.0025197433242127865,0.002516574093651485
2024-10-03,223.99090576171875,225.1224230122484,221.65839996957536,223.4648504260935,34044200.0,-0.004894564148020919,-0.0049065817571294175
2024-10-04,225.1125030517578,226.30357145139808,222.46237094034984,226.20430944090455,37245100.0,0.0050073340532503785,0.004994839049835235
2024-10-07,220.04051208496097,224.0107499786272,219.68319006872073,222.8296017820206,39505400.0,-0.022530916310902094,-0.022788615562331825
2024-10-08,224.09017944335935,224.29860847272343,221.5889250741903,222.6311156567822,31855700.0,0.01840418984679859,0.018236882399099572
2024-10-09,227.83209228515625,228.0405364361267,223.15714569962591,223.55416342639623,33591100.0,0.016698245550482493,0.016560362666017462
2024-10-10,227.3358154296875,227.7923994519787,225.47973405841245,226.0851959438118,28183500.0,-0.00217825702468466,-0.002180632877289542
2024-10-11,225.85691833496097,227.70307961960657,225.6484741750507,227.5938974682738,31759200.0,-0.006505341412796128,-0.00652659336384866
2024-10-14,229.5790100097656,230.0058033150611,226.89910245149323,226.9983493120185,39882100.0,0.016479865670019134,0.016345546383963305
2024-10-15,232.1100311279297,235.72294688412148,230.64103225198252,231.87181141001133,64751400.0,0.011024619010494119,0.010964290889717551
2024-10-16,230.0554656982422,230.39293233151977,228.12989762738192,229.8768122377745,34082200.0,-0.008851687364408223,-0.008891096278288123
2024-10-17,230.4226531982422,232.1100162545092,228.80479171330688,231.69312798855216,32993800.0,0.0015960824876972701,0.0015948101017521962
2024-10-18,233.25146484375,234.4226776953707,232.2688255608399,234.4226776953707,46431500.0,0.012276621270713717,0.012201874690975176
2024-10-21,234.720458984375,235.0877162866724,232.7055644739604,232.7055644739604,36254500.0,0.006297898886118647,0.00627814999523567
2024-10-22,234.1050720214844,234.46239402859047,230.8693336731526,232.1497286972171,38846600.0,-0.002621786637404089,-0.0026252295390090078
2024-10-23,229.04302978515625,233.39044533687328,226.0653512199268,232.33833466706656,52287000.0,-0.021622949868696506,-0.021860151414022012
2024-10-24,228.85446166992188,229.10260155629064,226.710529416834,228.26884002769643,31109500.0,-0.000823286853178895,-0.000823625939923417
2024-10-25,229.68820190429688,231.484732210271,227.86189602437616,228.03062932515897,38802300.0,0.003643102381711616,0.0036364823576416627
2024-10-28,231.66339111328125,232.98349712196287,230.81972458948547,231.58399967772365,36087100.0,0.008599436943685035,0.008562672405012827
2024-10-29,231.93136596679688,232.5864588417728,230.5914197900792,231.36561495313973,35417200.0,0.0011567423416700695,0.0011560738307278412
2024-10-30,228.387939453125,231.7328600109945,227.8420287171323,230.87925826342104,47070900.0,-0.015277909906239895,-0.015395819656392546
2024-10-31,224.22911071777344,228.11994197442104,223.693120129287,227.63358238786932,64370100.0,-0.018209493659384512,-0.01837732705189544
2024-11-01,221.25144958496097,223.67329727363756,218.6310930183327,219.3258816637916,65276700.0,-0.013279547527440871,-0.013368509176793487
2024-11-04,220.3581390380859,221.13233427123137,218.07526420177624,219.34573920720757,44944500.0,-0.004037535340675968,-0.004045708192693194
2024-11-05,221.78741455078125,222.2836942947505,219.49460455688452,220.14969745378525,28111300.0,0.006486148044880347,0.006465203504128113
2024-11-06,221.06285095214844,224.387931303672,219.54423614319148,220.95366880237512,54561100.0,-0.0032669283786925796,-0.003272276440207543
2024-11-07,225.78744506835935,226.18447798056903,222.89910825147632,222.95865940199351,42137700.0,0.021372175812722105,0.021146993635295996
2024-11-08,225.51914978027344,227.20835428792032,224.9726384261151,225.72780810336752,38328800.0,-0.0011882648656779127,-0.0011889714121384304
2024-11-11,222.8064727783203,224.26714170400084,220.0938084143074,223.57158868270503,42005600.0,-0.012028588279958119,-0.012101517158939552
2024-11-12,222.8064727783203,224.15783943194583,221.9420008205612,223.12444853772337,40398300.0,0.0,0.0
2024-11-13,223.69081115722656,225.21109667354563,221.3457931121334,222.5878574334345,48566200.0,0.003969087468056243,0.0039612314210889605
2024-11-14,226.77114868164065,227.41701609796436,223.57158960851197,223.59146688403663,44923900.0,0.013770514347364093,0.013676562343714173
2024-11-15,223.57159423828125,225.47940335635096,222.8462328667566,224.96270031544069,47923700.0,-0.01410917774135012,-0.014209658442695486
2024-11-18,226.57241821289065,228.28149999782983,223.74050538640265,223.8199993254601,44633700.0,0.013422205914992658,0.013332926109904214
2024-11-19,226.8307647705078,228.6988344551977,225.22105418122663,225.53901477922057,36211800.0,0.0011402383381653447,0.0011395887601670345
2024-11-20,227.54620361328125,228.4702922716314,224.45594670445817,226.61216873586113,35169600.0,0.003154064412282276,0.003149100785451033
2024-11-21,227.0692443847656,228.69883223369175,224.2770861035494,227.42695953023323,42108300.0,-0.0020960983788868015,-0.0020982982677536857
2024-11-22,228.41067504882812,229.25528492407807,226.61216818417896,226.61216818417896,38168300.0,0.005907584127903709,0.0058902027737366075
2024-11-25,231.39163208007812,231.76922452168117,228.2815130321861,229.99059491471,90152800.0,0.013050865641952791,0.01296643688050535
2024-11-26,233.56771850585935,234.07449047305911,231.84870566104107,231.84870566104107,45986200.0,0.00940434364985232,0.009360398114540657
2024-11-27,233.43853759765625,234.1937224347506,232.32565277909848,232.9814664022851,33498400.0,-0.0005530768936283792,-0.0005532298970712255
2024-11-29,235.8233184814453,236.3002669685808,232.48464874765904,233.31931239062584,28481400.0,0.010215883411244464,0.010164053964483975
2024-12-02,238.0689392089844,239.26131787624368,235.6543735449281,235.76367580720537,48137100.0,0.00952247106859283,0.009477418125384175
2024-12-03,241.10952758789065,241.21882985808793,237.3833345065081,238.28756099978403,38861000.0,0.012771881913739014,0.012691009298981702
2024-12-04,241.46725463867188,242.56027739454964,239.7184333911867,241.32814402991647,44383900.0,0.0014836703234417659,0.001482570772074229
2024-12-05,241.49705505371097,242.98753231090083,240.59284370740727,242.4410361127995,40033900.0,0.0001234138976056176,0.00012340628273707047
2024-12-06,241.29832458496097,243.0769692456264,240.5431549096241,241.36788746709487,36870600.0,-0.0008229105266140957,-0.0008232493033495472
2024-12-09,245.1835021972656,245.67039687977777,240.21524480725012,240.29473874492055,44649200.0,0.016101137954385836,0.015972889432687175
2024-12-10,246.1970367431641,246.63424582967983,243.7824557106041,245.32261857013248,36914800.0,0.004133779543955773,0.004125258950728257
2024-12-11,244.9251708984375,249.207806563516,244.69662013013263,246.3858398593606,45205800.0,-0.005166048550183877,-0.005179438715064629
2024-12-12,246.3858184814453,247.1608653940442,244.1202792424049,245.32260415969785,32777500.0,0.00596364831613605,0.005945936150050901
2024-12-13,246.55474853515625,247.7073727380188,244.67674782957272,246.24671899982584,33155300.0,0.000685632211919085,0.0006853972735354901
2024-12-16,249.44627380371097,249.7841268474892,246.0777957183055,246.4156487620838,51694800.0,0.01172772086416507,0.011659484135205601
2024-12-17,251.87078857421875,252.2185726786221,248.19428090188288,248.49237939681157,51356400.0,0.009719587041880029,0.00967265571279634
2024-12-18,246.4752655029297,252.6657103008961,246.1672359539693,250.55917390522964,56774100.0,-0.02142178972731157,-0.021654566599526137
2024-12-19,248.2042236328125,250.40020031475416,245.52136737610985,245.9287681662764,60882300.0,0.007014732802315349,0.006990244018990367
2024-12-20,252.87437438964844,253.38113119374523,244.13023820234332,246.46531011815415,147495300.0,0.01881575860588436,0.0186409318145764
2024-12-23,253.64942932128903,254.02700659111463,251.840976266006,253.15260355822255,40858800.0,0.0030649801250572928,0.003060292649045293
2024-12-24,256.56085205078125,256.5707679464462,253.6693071300515,253.86804957710976,23234700.0,0.011478136328879396,0.011412762294554157
2024-12-26,257.3755798339844,258.44874034869076,255.9944201288889,256.55086249805703,27237100.0,0.0031755732672802406,0.0031705417835750154
2024-12-27,253.9673614501953,257.0576331183779,251.45342458389948,256.1931309155478,42355300.0,-0.01324219798159354,-0.013330657687154019
2024-12-30,250.59890747070312,251.890657464443,249.15811581542044,250.6287158030117,35557500.0,-0.013263334155451112,-0.013352077735907708
