,Close,High,Low,Open,Volume,SimpleReturn,LogReturn
2018-01-01,1.200494647026062,1.2015043497085571,1.199903964996338,1.200494647026062,0.0,,
2018-01-02,1.2011579275131226,1.2080942392349243,1.200855016708374,1.2010858058929443,0.0,0.0005525059930118204,0.0005523534177722327
2018-01-03,1.2063454389572144,1.2067092657089231,1.200494647026062,1.2061998844146729,0.0,0.004318758861985739,0.004309459786959923
2018-01-04,1.2010425329208374,1.209189772605896,1.200494647026062,1.2011290788650513,0.0,-0.004395843731925475,-0.0044055338609388685
2018-01-05,1.2068840265274048,1.2084592580795288,1.202154278755188,1.2066218852996826,0.0,0.0048636858782689085,0.004851896369631849
2018-01-08,1.2037460803985596,1.2054002285003662,1.195971965789795,1.203948974609375,0.0,-0.0026000394900196344,-0.0026034254630769985
2018-01-09,1.1970456838607788,1.1975760459899902,1.1917957067489624,1.1969597339630127,0.0,-0.0055662873149811,-0.005581836821075154
2018-01-10,1.1929330825805664,1.2016342878341677,1.1924494504928589,1.1929330825805664,0.0,-0.0034356260046385367,-0.003441541320087566
2018-01-11,1.195614457130432,1.2059234380722046,1.1931180953979492,1.1954858303070068,0.0,0.002247715809897022,0.0022451934756692197
2018-01-12,1.2042099237442017,1.2156133651733398,1.2041373252868652,1.2042099237442017,0.0,0.007189162495073509,0.007163443657419676
2018-01-15,1.2192296981811523,1.229900360107422,1.21881365776062,1.2193039655685425,0.0,0.012472721027119826,0.012395577440172478
2018-01-16,1.2268433570861816,1.2281240224838257,1.2196757793426514,1.2269939184188845,0.0,0.006244646858903913,0.0062252298447128904
2018-01-17,1.227129340171814,1.2321492433547974,1.2199138402938845,1.227144479751587,0.0,0.00023310480835259106,0.00023307764364815267
2018-01-18,1.218397855758667,1.2262566089630127,1.2175078392028809,1.218145489692688,0.0,-0.007115374172313782,-0.007140809171959861
2018-01-19,1.2236607074737549,1.2294830083847046,1.222030758857727,1.223585844039917,0.0,0.004319485371886866,0.004310183172470693
2018-01-22,1.2255502939224243,1.2266627550125122,1.2214635610580444,1.2255953550338743,0.0,0.0015442078323903985,0.0015430167694837121
2018-01-23,1.2256253957748413,1.2306995391845703,1.2223594188690186,1.225730538368225,0.0,6.128010640571446e-05,6.12782288566978e-05
2018-01-24,1.2310267686843872,1.240199327468872,1.2295132875442505,1.2309662103652954,0.0,0.004407034097177132,0.00439735155950313
2018-01-25,1.239111304283142,1.2529915571212769,1.2386507987976074,1.23960280418396,0.0,0.00656731096708385,0.006545840132911253
2018-01-26,1.239234209060669,1.2490164041519165,1.2387429475784302,1.239234209060669,0.0,9.918784301454764e-05,9.918292422570005e-05
2018-01-29,1.2428072690963743,1.243193507194519,1.2338062524795532,1.2428226470947266,0.0,0.0028832806660603616,0.0028791319849888757
2018-01-30,1.2381141185760498,1.245221495628357,1.233684539794922,1.238175392150879,0.0,-0.0037762496543304325,-0.00378339768589846
2018-01-31,1.2409565448760986,1.2476606369018557,1.2400639057159424,1.240833401679993,0.0,0.002295770848100842,0.002293139592610932
2018-02-01,1.241865873336792,1.2487823963165283,1.2386507987976074,1.2417423725128174,0.0,0.000732764144278919,0.0007324958037122442
2018-02-02,1.2510008811950684,1.251799464225769,1.241187572479248,1.2512669563293457,0.0,0.007355873169887062,0.007328950679841816
2018-02-05,1.244694471359253,1.2478163242340088,1.2401562929153442,1.2447099685668943,0.0,-0.005041091441751022,-0.005053840607735393
2018-02-06,1.2367818355560305,1.2428536415100098,1.231618046760559,1.236827731132507,0.0,-0.006357090824531064,-0.006377383172319716
2018-02-07,1.238129496574402,1.2403254508972168,1.2278525829315186,1.2381447553634644,0.0,0.0010896513674667485,0.0010890581283255556
2018-02-08,1.2268133163452148,1.2294527292251587,1.2216575145721436,1.2268433570861816,0.0,-0.009139738824166854,-0.009181762489920852
2018-02-09,1.2260762453079224,1.2285465002059937,1.2226433753967283,1.2260762453079224,0.0,-0.0006008013016098879,-0.000600981855033339
2018-02-12,1.2252799272537231,1.2297097444534302,1.2236307859420776,1.2253400087356567,0.0,-0.0006494849380261902,-0.0006496959447372854
2018-02-13,1.2303755283355713,1.2371996641159058,1.228606939315796,1.2301182746887207,0.0,0.004158724034000194,0.004150100441697588
2018-02-14,1.235376238822937,1.2416189908981323,1.2278525829315186,1.2352999448776243,0.0,0.004064377397143604,0.004056140127369198
2018-02-15,1.2467273473739624,1.2511996030807495,1.2450509071350098,1.2467117309570312,0.0,0.009188381801677359,0.009146425433200864
2018-02-16,1.2503595352172852,1.2558081150054932,1.2430543899536133,1.250734806060791,0.0,0.0029133778536047927,0.0029091421930713865
2018-02-19,1.241187572479248,1.2437996864318848,1.2371032238006592,1.241187572479248,0.0,-0.0073354603053779055,-0.007362497093656409
2018-02-20,1.2398641109466553,1.2409104108810425,1.2321947813034058,1.2399102449417114,0.0,-0.0010662864839592334,-0.0010668553718264204
2018-02-21,1.233532428741455,1.2347005605697632,1.2300727367401123,1.233547568321228,0.0,-0.0051067549655630096,-0.0051198390023570895
2018-02-22,1.2281843423843384,1.2353304624557495,1.2261663675308228,1.2280335426330566,0.0,-0.004335586347391951,-0.004345012256307387
2018-02-23,1.2326656579971311,1.233500361442566,1.2280486822128296,1.2326048612594604,0.0,0.003648732082101702,0.0036420916071722422
2018-02-26,1.228712558746338,1.2354830503463743,1.228244662284851,1.2288333177566528,0.0,-0.003206951718940809,-0.003212105009122603
2018-02-27,1.2315573692321775,1.2345678806304932,1.2223145961761477,1.231602907180786,0.0,0.0023152774549177746,0.0023126013299230768
2018-02-28,1.2230321168899536,1.224289894104004,1.2189176082611084,1.2222100496292114,0.0,-0.006922334724479007,-0.006946405230548163
2018-03-01,1.2191256284713743,1.2221801280975342,1.2157995700836182,1.2190959453582764,0.0,-0.003194101254277104,-0.003199213284151492
2018-03-02,1.2270842790603638,1.2330456972122192,1.2252799272537231,1.227129340171814,0.0,0.006528162810397697,0.00650694664057467
2018-03-05,1.2315422296524048,1.2348270416259766,1.2275512218475342,1.231845736503601,0.0,0.003632962028863096,0.0036263787619993924
2018-03-06,1.2336541414260864,1.2419891357421875,1.233121633529663,1.2337758541107178,0.0,0.0017148512838880414,0.001713382605229048
2018-03-07,1.2416653633117676,1.2440595626831057,1.2386049032211304,1.2419275045394895,0.0,0.0064938961550604635,0.006472901653150981
2018-03-08,1.2414649724960327,1.24447762966156,1.2306329011917114,1.2416189908981323,0.0,-0.00016138874583759844,-0.00016140177040260427
2018-03-09,1.2306632995605469,1.2333801984786987,1.2275512218475342,1.2307844161987305,0.0,-0.008700747242001095,-0.008738819743630995
2018-03-12,1.2308752536773682,1.2342007160186768,1.229135513305664,1.2308601140975952,0.0,0.00017222754338819257,0.00017221271392751176
2018-03-13,1.2339584827423096,1.2398948669433594,1.231496810913086,1.2338672876358032,0.0,0.0025049078334542507,0.002501775781071896
2018-03-14,1.239234209060669,1.2416189908981323,1.235010027885437,1.2392956018447876,0.0,0.004275448803297444,0.004266335039781299
2018-03-15,1.2375624179840088,1.2386969327926636,1.2320733070373535,1.2375319004058838,0.0,-0.0013490517486015596,-0.0013499625381387281
2018-03-16,1.2309207916259766,1.23350191116333,1.2261513471603394,1.2307692766189575,0.0,-0.005366700104590616,-0.005381152570823163
2018-03-19,1.228078842163086,1.2332433462142944,1.226046085357666,1.228078842163086,0.0,-0.002308799625633573,-0.0023114690130010985
2018-03-20,1.233684539794922,1.2354220151901243,1.2264971733093262,1.2338062524795532,0.0,0.004564607286908773,0.004554221061101681
2018-03-21,1.2251899242401123,1.229619026184082,1.2246992588043213,1.224814772605896,0.0,-0.006885565378181635,-0.006909380265738895
2018-03-22,1.234766125679016,1.2386815547943115,1.230042576789856,1.234872817993164,0.0,0.007816095488087704,0.007785708051778046
2018-03-23,1.2324985265731812,1.2360174655914309,1.2319974899291992,1.2326048612594604,0.0,-0.0018364604103370263,-0.0018381487711449
2018-03-26,1.235437273979187,1.2448959350585938,1.2352389097213743,1.2353914976119995,0.0,0.0023843820845586006,0.002381543956155749
2018-03-27,1.2457488775253296,1.2478163242340088,1.237332820892334,1.2455006837844849,0.0,0.008346521319475997,0.00831188172368744
2018-03-28,1.240787148475647,1.2422360181808472,1.233714938163757,1.240802526473999,0.0,-0.003982928774167616,-0.003990881759450981
2018-03-29,1.2310267686843872,1.2338062524795532,1.2285163402557373,1.231284499168396,0.0,-0.00786628053268501,-0.007897382931562176
2018-03-30,1.2302846908569336,1.2333498001098633,1.229800581932068,1.2302544116973877,0.0,-0.0006028120966424799,-0.0006029938609045437
2018-04-02,1.231420874595642,1.2345678806304932,1.228380560874939,1.231284499168396,0.0,0.0009235128642599566,0.0009230866886203371
2018-04-03,1.229271411895752,1.2336997985839844,1.225505232810974,1.2293318510055542,0.0,-0.0017455142626162656,-0.0017470394477167334
2018-04-04,1.2278525829315186,1.2310571670532229,1.225760579109192,1.2279430627822876,0.0,-0.0011542031731180957,-0.001154869778581974
2018-04-05,1.228682279586792,1.2291052341461182,1.2219412326812744,1.2287880182266235,0.0,0.000675729861065566,0.0006755016584394306
2018-04-06,1.2251598834991455,1.2280033826828003,1.221806883811951,1.2250999212265017,0.0,-0.0028668079178540973,-0.002870925082302187
2018-04-09,1.227144479751587,1.2330456972122192,1.2262566089630127,1.227144479751587,0.0,0.0016198671529901176,0.001618556583301758
2018-04-10,1.2322403192520142,1.2377768754959106,1.2303755283355713,1.2322251796722412,0.0,0.004152599457122541,0.004144001211158943
2018-04-11,1.2363078594207764,1.2393723726272583,1.235406756401062,1.2363842725753784,0.0,0.0033009309184357516,0.0032954948055088436
2018-04-12,1.2371643781661987,1.2379761934280396,1.230042576789856,1.237623691558838,0.0,0.0006928037696238842,0.0006925638918780253
2018-04-13,1.2329696416854858,1.234872817993164,1.2308752536773682,1.2333498001098633,0.0,-0.003390605609685071,-0.0033963667390498223
2018-04-16,1.233258605003357,1.2394031286239624,1.232635259628296,1.233304142951965,0.0,0.00023436369242313404,0.00023433623354313018
2018-04-17,1.2385127544403076,1.2415003776550293,1.2338367700576782,1.238466739654541,0.0,0.004260379303768547,0.0042513295822551745
2018-04-18,1.237317442893982,1.2396950721740725,1.2344460487365725,1.2373021841049194,0.0,-0.0009651184794344791,-0.0009655845061456074
2018-04-19,1.237914800643921,1.240199327468872,1.2330456972122192,1.2378535270690918,0.0,0.00048278455409289656,0.00048266805112577506
2018-04-20,1.2345526218414309,1.2352694272994995,1.225505232810974,1.2344155311584473,0.0,-0.0027160017803657954,-0.0027196968051803935
2018-04-23,1.2273402214050293,1.2289692163467407,1.2212249040603638,1.227385401725769,0.0,-0.005842116657323038,-0.005859248577880163
2018-04-24,1.22089684009552,1.223466157913208,1.2184869050979614,1.2211204767227173,0.0,-0.00524987383052844,-0.0052637028397498915
2018-04-25,1.2241400480270386,1.2236157655715942,1.21690034866333,1.2236157655715942,0.0,0.0026564143873653023,0.0026528923546068075
2018-04-26,1.2171669006347656,1.2210012674331665,1.2099798917770386,1.2170779705047607,0.0,-0.00569636407493701,-0.005712650234150854
2018-04-27,1.2109616994857788,1.2116997241973877,1.2056035995483398,1.2107563018798828,0.0,-0.005098069250610404,-0.00511110874201837
2018-04-30,1.2122827768325806,1.2138574123382568,1.2066364288330078,1.2128562927246094,0.0,0.0010909323947758676,0.0010903377604621455
2018-05-01,1.2081234455108645,1.2084592580795288,1.1983511447906494,1.208313226699829,0.0,-0.0034309910205797545,-0.003436890367874952
2018-05-02,1.1991558074951172,1.2031089067459106,1.1954143047332764,1.1992132663726809,0.0,-0.007422782869639044,-0.007450468811979633
2018-05-03,1.19510018825531,1.2009127140045166,1.195071578025818,1.1951714754104614,0.0,-0.003382061959303573,-0.0033877940587112173
2018-05-04,1.1989257335662842,1.1997599601745603,1.1914832592010498,1.1989257335662842,0.0,0.003201024774800665,0.003195912401978984
2018-05-07,1.195500135421753,1.1978917121887207,1.18995201587677,1.1955716609954834,0.0,-0.0028572229693840656,-0.0028613126228246057
2018-05-08,1.1933743953704834,1.1938873529434204,1.183936357498169,1.1932604312896729,0.0,-0.001778117783750477,-0.0017797005116395965
2018-05-09,1.1867886781692505,1.1896122694015503,1.1823545694351196,1.186676025390625,0.0,-0.005518567539894659,-0.005533851088539424
2018-05-10,1.184721827507019,1.1942437887191772,1.184469223022461,1.1847639083862305,0.0,-0.0017415490223751107,-0.0017430672818787454
2018-05-11,1.1917530298233032,1.1967878341674805,1.1893434524536133,1.191525936126709,0.0,0.005934897250166937,0.00591735512042152
2018-05-14,1.1952143907546997,1.199699640274048,1.1951572895050049,1.1951572895050049,0.0,0.0029044280524377353,0.0029002183504962887
2018-05-15,1.1931180953979492,1.1940299272537231,1.182396411895752,1.1932035684585571,0.0,-0.0017539073934901284,-0.0017554472898831247
2018-05-16,1.1820889711380005,1.1853959560394287,1.176567554473877,1.1822566986083984,0.0,-0.009243950202825535,-0.00928694064996898
2018-05-17,1.1816978454589844,1.1836841106414795,1.1778563261032104,1.1814186573028564,0.0,-0.00033087668404485626,-0.0003309314358126005
2018-05-18,1.179523468017578,1.182228684425354,1.175046682357788,1.1792036294937134,0.0,-0.0018400451940926432,-0.0018417401567752197
2018-05-21,1.1766643524169922,1.1778979301452637,1.1718658208847046,1.1763737201690674,0.0,-0.002423958215423183,-0.002426900758167098
2018-05-22,1.1792453527450562,1.1828161478042605,1.1759449243545532,1.1788839101791382,0.0,0.0021934890121912964,0.002191086827304078
2018-05-23,1.1788560152053833,1.1791006326675415,1.168620228767395,1.1789672374725342,0.0,-0.00033015821412107904,-0.0003302127283434639
2018-05-24,1.1710150241851809,1.174936294555664,1.1692214012145996,1.1707134246826172,0.0,-0.006651355991797114,-0.006673574838505587
2018-05-25,1.1722642183303833,1.1733232736587524,1.1648359298706057,1.1723191738128662,0.0,0.0010667618428479297,0.0010661932567612865
2018-05-28,1.1688934564590454,1.1730204820632937,1.1608469486236572,1.1687567234039309,0.0,-0.002875428438939065,-0.0028795704251883274
2018-05-29,1.162696123123169,1.1639816761016846,1.1514369249343872,1.1627501249313354,0.0,-0.005301880425141681,-0.005315985270053203
2018-05-30,1.1539349555969238,1.1670994758605957,1.1520073413848877,1.153761863708496,0.0,-0.007535216942765155,-0.007563750116088786
2018-05-31,1.1667250394821167,1.1724016666412354,1.16429340839386,1.1666160821914673,0.0,0.011083886334456894,0.011022910220800021
2018-06-01,1.1693171262741089,1.171550154685974,1.162993550300598,1.1693308353424072,0.0,0.002221677519788967,0.0022192132434978853
2018-06-04,1.1668611764907837,1.174425721168518,1.1668747663497925,1.166997313499451,0.0,-0.00210032824127937,-0.002102537023960953
2018-06-05,1.1700559854507446,1.171385407447815,1.1655282974243164,1.17017924785614,0.0,0.002737951201332356,0.002734209840494974
2018-06-06,1.1726216077804563,1.1797001361846924,1.1714677810668943,1.1726628541946411,0.0,0.0021927346739081255,0.0021903341397488986
2018-06-07,1.178550362586975,1.1841003894805908,1.1783559322357178,1.1783976554870603,0.0,0.005055982908025003,0.0050432443457019025
2018-06-08,1.179523468017578,1.181199550628662,1.1728416681289673,1.1793843507766724,0.0,0.0008256799721879649,0.0008253392859986731
2018-06-11,1.1783976554870603,1.1820330619812012,1.1776067018508911,1.1786893606185913,0.0,-0.0009544638670138106,-0.0009549196576974336
2018-06-12,1.177412509918213,1.1808466911315918,1.174315333366394,1.1773293018341064,0.0,-0.0008360043524019423,-0.0008363539989248185
2018-06-13,1.17482590675354,1.1789672374725342,1.1733646392822266,1.17475688457489,0.0,-0.002196853815365496,-0.002199270438669329
2018-06-14,1.1807769536972046,1.1841607093811035,1.1628854274749756,1.1806375980377195,0.0,0.0050654713259681294,0.005052684987134998
2018-06-15,1.1566576957702637,1.1626555919647217,1.1545344591140747,1.156336784362793,0.0,-0.020426599495713016,-0.020638107698380467
2018-06-18,1.159595012664795,1.1623716354370115,1.156644344329834,1.1597026586532593,0.0,0.002539486751588216,0.002536267703775233
2018-06-19,1.163074612617493,1.164686679840088,1.153322696685791,1.163007140159607,0.0,0.0030007027580272183,0.0029962096356120605
2018-06-20,1.1588560342788696,1.1600120067596436,1.1546010971069336,1.1589365005493164,0.0,-0.0036270917556435744,-0.0036336856020982174
2018-06-21,1.1579033136367798,1.1628313064575195,1.151410460472107,1.1577022075653076,0.0,-0.0008221216561060674,-0.0008224597834486959
2018-06-22,1.1605775356292725,1.1675995588302612,1.1601735353469849,1.1606987714767456,0.0,0.002309538249867682,0.0023068753656377444
2018-06-25,1.1661399602890017,1.1700011491775513,1.162993550300598,1.1660583019256592,0.0,0.0047928074505709795,0.004781358516060751
2018-06-26,1.1702749729156494,1.17205810546875,1.1652023792266846,1.17017924785614,0.0,0.0035458973772093394,0.003539625505008509
2018-06-27,1.1650259494781494,1.1671879291534424,1.1583592891693115,1.164808750152588,0.0,-0.004485290687215593,-0.0044953797831452195
2018-06-28,1.1563634872436523,1.1596999168395996,1.152804255485535,1.156243085861206,0.0,-0.0074354242825039885,-0.007463204842131897
2018-06-29,1.1562966108322144,1.1682379245758057,1.15644371509552,1.15644371509552,0.0,-5.7833382129168776e-05,-5.783505454369426e-05
2018-07-02,1.1678558588027954,1.1678422689437866,1.1592589616775513,1.1678422689437866,0.0,0.009996784442930728,0.00994714712822947
2018-07-03,1.1642121076583862,1.1675423383712769,1.1622636318206787,1.1640766859054563,0.0,-0.003120034991428211,-0.003124912448468689
2018-07-04,1.1659224033355713,1.1681833267211914,1.1631423234939575,1.16593599319458,0.0,0.0014690584867949052,0.0014679804760208625
2018-07-05,1.166235089302063,1.1719757318496704,1.165080189704895,1.1661807298660278,0.0,0.0002681876303234354,0.0002681516744493763
2018-07-06,1.1695905923843384,1.1767336130142212,1.1680742502212524,1.169385552406311,0.0,0.0028772098465015272,0.002873078600661516
2018-07-09,1.1752262115478516,1.179078459739685,1.1742877960205078,1.1751710176467896,0.0,0.004818454594461397,0.004806882998706923
2018-07-10,1.1756960153579712,1.1762906312942505,1.1691941022872925,1.1757513284683228,0.0,0.00039975606866438085,0.0003996761874951096
2018-07-11,1.1727042198181152,1.1755163669586182,1.1698368787765503,1.1730343103408811,0.0,-0.0025447016071965534,-0.0025479448635795567
2018-07-12,1.1676785945892334,1.169700026512146,1.1650530099868774,1.167569637298584,0.0,-0.0042855011041584845,-0.004294710183780235
2018-07-13,1.1665889024734497,1.1675423383712769,1.1614537239074707,1.16637122631073,0.0,-0.0009332123761051081,-0.0009336480898713101
2018-07-16,1.1679104566574097,1.1726078987121582,1.1676650047302246,1.1678968667984009,0.0,0.001132836238333823,0.0011321950635473854
2018-07-17,1.170946478843689,1.1745359897613523,1.1664528846740725,1.1710561513900757,0.0,0.002599533353754291,0.002596160411045844
2018-07-18,1.1653246879577637,1.166534423828125,1.160375475883484,1.1657729148864746,0.0,-0.004801065622979439,-0.004812627760435433
2018-07-19,1.164564609527588,1.1657049655914309,1.157594919204712,1.1646188497543335,0.0,-0.0006522460547092601,-0.0006524588597063798
2018-07-20,1.1655147075653076,1.172236680984497,1.1628042459487915,1.1654739379882812,0.0,0.0008158396966100323,0.0008155070803001822
2018-07-23,1.1741912364959717,1.1750881671905518,1.1688660383224487,1.1741775274276731,0.0,0.007444375325635244,0.007416802719637017
2018-07-24,1.1694128513336182,1.1716599464416504,1.1657185554504397,1.169864296913147,0.0,-0.004069511859595587,-0.004077814856735979
2018-07-25,1.1685519218444824,1.1713716983795166,1.1667522192001345,1.168770432472229,0.0,-0.0007362066255334199,-0.0007364777587126888
2018-07-26,1.1737502813339231,1.174315333366394,1.1650937795639038,1.1739845275878906,0.0,0.004448548149435627,0.004438682606524418
2018-07-27,1.16429340839386,1.1663167476654053,1.1623716354370115,1.164456129074097,0.0,-0.008056971819692005,-0.008089604616353593
2018-07-30,1.16604483127594,1.1719207763671875,1.1649445295333862,1.1663167476654053,0.0,0.0015042796510340573,0.0015031493557779215
2018-07-31,1.170740842819214,1.174812078475952,1.1692761182785034,1.170864224433899,0.0,0.004027299309011578,0.004019211446705516
2018-08-01,1.168961763381958,1.169864296913147,1.166534423828125,1.168961763381958,0.0,-0.0015196184947062763,-0.0015207742859472315
2018-08-02,1.1665889024734497,1.166997313499451,1.1604158878326416,1.1663848161697388,0.0,-0.0020298875316873133,-0.002031950545646603
2018-08-03,1.1586008071899414,1.1612001657485962,1.156216382980347,1.1585606336593628,0.0,-0.0068473952277203765,-0.00687094620857647
2018-08-06,1.1562297344207764,1.1570056676864624,1.1530966758728027,1.156136155128479,0.0,-0.0020464967350711794,-0.0020485936709178547
2018-08-07,1.1558021306991575,1.1609008312225342,1.1552013158798218,1.155748724937439,0.0,-0.0003698259168478657,-0.0003698943193174424
2018-08-08,1.1602946519851685,1.1629259586334229,1.1574609279632568,1.1603351831436155,0.0,0.0038869294031267376,0.00387939481100834
2018-08-09,1.1610760688781738,1.1621150970458984,1.156176209449768,1.1610087156295776,0.0,0.0006734641857293333,0.0006732375104906637
2018-08-10,1.1523923873901367,1.1539349555969238,1.1396141052246094,1.1528706550598145,0.0,-0.007478994461084021,-0.007507102373803506
2018-08-13,1.1394712924957275,1.143379807472229,1.1365960836410522,1.1395881175994873,0.0,-0.011212409102833498,-0.011275742016472816
2018-08-14,1.1402509212493896,1.1431001424789429,1.134751796722412,1.139847993850708,0.0,0.0006842021899073902,0.0006839682303000879
2018-08-15,1.134571552276611,1.1349449157714844,1.1302244663238523,1.1348161697387695,0.0,-0.004980806300560192,-0.004993251859406075
2018-08-16,1.134429931640625,1.140836238861084,1.1338382959365845,1.134429931640625,0.0,-0.00012482300979776983,-0.00012483080083799814
2018-08-17,1.1371389627456665,1.1422044038772583,1.1367381811141968,1.137229561805725,0.0,0.002388010955532316,0.0023851641885435427
2018-08-20,1.1437721252441406,1.1449376344680786,1.139523148536682,1.1437852382659912,0.0,0.005833203078767113,0.0058162558222769525
2018-08-21,1.149134635925293,1.1539082527160645,1.1486594676971436,1.1489102840423584,0.0,0.004688443233400008,0.004677486716083236
2018-08-22,1.1576753854751587,1.162520408630371,1.1554415225982666,1.15763521194458,0.0,0.0074323314978568256,0.007404847816651862
2018-08-23,1.1584800481796265,1.1589634418487549,1.154521107673645,1.15862774848938,0.0,0.0006950676455279581,0.0006948261978871789
2018-08-24,1.154334545135498,1.1636972427368164,1.1539349555969238,1.1542812585830688,0.0,-0.0035783983078884196,-0.0035848160899412435
2018-08-27,1.164890170097351,1.1680878400802612,1.1597161293029783,1.164442539215088,0.0,0.009144337754020793,0.009102781442062224
2018-08-28,1.1683608293533323,1.1732999086380005,1.1663440465927124,1.1683471202850342,0.0,0.0029793875380468293,0.002974957959103103
2018-08-29,1.1691256761550903,1.1706311702728271,1.1654006242752075,1.1693034172058103,0.0,0.0006546323554696976,0.0006544181771762134
2018-08-30,1.1709738969802856,1.1717559099197388,1.16441547870636,1.1709327697753906,0.0,0.0015808572704292256,0.0015796090309269939
2018-08-31,1.1664663553237915,1.168934345245361,1.1596487760543823,1.1665889024734497,0.0,-0.003849395505841957,-0.0038568234970335043
2018-09-03,1.1601063013076782,1.1627906560897827,1.1590977907180786,1.1598505973815918,0.0,-0.005452411025046566,-0.005467329671144762
2018-09-04,1.161548137664795,1.1615750789642334,1.153322696685791,1.16130530834198,0.0,0.0012428484833599818,0.0012420767865190061
2018-09-05,1.1586545705795288,1.1632641553878784,1.1546810865402222,1.1588022708892822,0.0,-0.002491129718552476,-0.00249423774492734
2018-09-06,1.1635212898254397,1.165623426437378,1.1607661247253418,1.1634942293167114,0.0,0.004200319378601991,0.004191522661239633
2018-09-07,1.162006974220276,1.1650937795639038,1.1563901901245115,1.1623852252960205,0.0,-0.0013014936799229382,-0.0013023413584009917
2018-09-10,1.1561094522476196,1.161440134048462,1.1527643203735352,1.1558955907821655,0.0,-0.005075289652726744,-0.005088212679201461
2018-09-11,1.159595012664795,1.1642799377441406,1.1566845178604126,1.1593396663665771,0.0,0.003014905215417807,0.0030103695028976135
2018-09-12,1.1596084833145142,1.164822340011597,1.1570860147476196,1.159595012664795,0.0,1.1616684766790897e-05,1.1616617293630954e-05
2018-09-13,1.1629259586334229,1.1700832843780518,1.16096830368042,1.1626555919647217,0.0,0.002860858097059049,0.0028567736307313144
2018-09-14,1.169180393218994,1.1721267700195312,1.1655691862106323,1.1690436601638794,0.0,0.005378188128950745,0.005363777321440373
2018-09-17,1.1628988981246948,1.1695905923843384,1.162358283996582,1.162358283996582,0.0,-0.005372562806159276,-0.005387046922890108
2018-09-18,1.1669156551361084,1.1720443964004517,1.1669156551361084,1.1669156551361084,0.0,0.0034540896185308867,0.0034481379521063144
2018-09-19,1.167992353439331,1.1716461181640625,1.165338158607483,1.167883276939392,0.0,0.0009226873411831704,0.000922261926881197
2018-09-20,1.167460560798645,1.1776995658874512,1.1672834157943726,1.1674060821533203,0.0,-0.0004553048991460251,-0.00045540858189432155
2018-09-21,1.1775927543640137,1.180163860321045,1.1735711097717283,1.1776067018508911,0.0,0.008678831564500333,0.008641386999915996
2018-09-24,1.1751019954681396,1.1815024614334106,1.172525405883789,1.1751019954681396,0.0,-0.002115127565657682,-0.0021173676071735976
2018-09-25,1.175295352935791,1.1792453527450562,1.1732544898986816,1.1753228902816772,0.0,0.0001645452636427347,0.00016453172755568672
2018-09-26,1.1763184070587158,1.1776995658874512,1.1728966236114502,1.1766090393066406,0.0,0.0008704655560571872,0.0008700869206251829
2018-09-27,1.1748534440994265,1.1759172677993774,1.1664528846740725,1.1747153997421265,0.0,-0.0012453796102301906,-0.001246155739867916
2018-09-28,1.1637378931045532,1.1653001308441162,1.1570591926574707,1.1636837720870972,0.0,-0.009461223483405501,-0.009506265183163436
2018-10-01,1.1605371236801147,1.1621285676956177,1.156510591506958,1.160496711730957,0.0,-0.0027504212446839427,-0.0027542106030115305
2018-10-02,1.157755732536316,1.1582117080688477,1.1506686210632324,1.157755732536316,0.0,-0.0023966412508881207,-0.0023995177924754293
2018-10-03,1.1551746129989624,1.159326195716858,1.1516358852386477,1.155041217803955,0.0,-0.0022294163309379833,-0.002231905179333874
2018-10-04,1.147631287574768,1.153599500656128,1.1464602947235107,1.147736668586731,0.0,-0.0065300304727187175,-0.0065514443949888455
2018-10-05,1.1518083810806274,1.1542545557022097,1.148778200149536,1.1517553329467771,0.0,0.0036397522018474238,0.003633144332951674
2018-10-08,1.1522595882415771,1.1531364917755127,1.146092414855957,1.1523923873901367,0.0,0.00039173804285597136,0.0003916613335415117
2018-10-09,1.1494120359420776,1.150483250617981,1.1433275938034058,1.1494648456573486,0.0,-0.002471276723194915,-0.0024743353677267104
2018-10-10,1.1506949663162231,1.1541999578475952,1.148066163063049,1.1504037380218506,0.0,0.0011161622934408033,0.001115539847432275
2018-10-11,1.1533360481262207,1.1597565412521362,1.1532163619995115,1.1532163619995115,0.0,0.002295205842824277,0.0022925758813270494
2018-10-12,1.1590440273284912,1.1609547138214111,1.1536953449249268,1.1590440273284912,0.0,0.004949103265734278,0.004936896711930574
2018-10-15,1.1551345586776731,1.1605640649795532,1.154361128807068,1.1550945043563845,0.0,-0.0033730113426572172,-0.0033787127696782524
2018-10-16,1.1583458185195925,1.162006974220276,1.156711220741272,1.1583324670791626,0.0,0.002779987680046059,0.002776130660952263
2018-10-17,1.1575279235839844,1.1582117080688477,1.1521799564361572,1.15763521194458,0.0,-0.0007060887366550084,-0.0007063381347120403
2018-10-18,1.1500862836837769,1.152737736701965,1.1482902765274048,1.1500862836837769,0.0,-0.006428907457512012,-0.006449661883067655
2018-10-19,1.1460003852844238,1.151450276374817,1.1433666944503784,1.145514726638794,0.0,-0.0035526885741700154,-0.0035590143590289915
2018-10-22,1.1509466171264648,1.1551998853683472,1.1462368965148926,1.1511188745498655,0.0,0.004316082180734426,0.004306794612387999
2018-10-23,1.1467890739440918,1.1489763259887695,1.1439945697784424,1.146473407745361,0.0,-0.0036122815085490867,-0.003618821551799291
2018-10-24,1.147315263748169,1.1475785970687866,1.138407588005066,1.1472625732421875,0.0,0.00045883747589914314,0.00045873224217338594
2018-10-25,1.139925837516785,1.143079161643982,1.1366219520568848,1.1398738622665403,0.0,-0.006440624007078455,-0.006461454314165764
2018-10-26,1.1377859115600586,1.139847993850708,1.133619785308838,1.1375141143798828,0.0,-0.001877250156367971,-0.0018790143987380253
2018-10-29,1.1398738622665403,1.1415785551071167,1.1364411115646362,1.1398738622665403,0.0,0.0018350998067984126,0.0018334180682723267
2018-10-30,1.137617588043213,1.1387057304382324,1.1347389221191406,1.1375141143798828,0.0,-0.0019794069309045925,-0.001981368545787147
2018-10-31,1.1346358060836792,1.1360150575637815,1.1311705112457275,1.1345844268798828,0.0,-0.0026210758262471545,-0.002624516859612044
2018-11-01,1.1316697597503662,1.1413179636001587,1.1313753128051758,1.1313880681991575,0.0,-0.002614095481043077,-0.0026175181948033402
2018-11-02,1.140328884124756,1.1455409526824951,1.137565851211548,1.1402769088745115,0.0,0.007651635381950905,0.007622510096303147
2018-11-05,1.1397570371627808,1.1406410932540894,1.135524868965149,1.1397050619125366,0.0,-0.0005014754689952605,-0.0005016012498707026
2018-11-06,1.141291856765747,1.1438113451004028,1.1393284797668457,1.140862226486206,0.0,0.001346619983840558,0.0013457141043092423
2018-11-07,1.1438506841659546,1.149993658065796,1.1400558948516846,1.144099235534668,0.0,0.002242044736443516,0.0022395351045813323
2018-11-08,1.1434059143066406,1.144426703453064,1.1405109167099,1.1433275938034058,0.0,-0.00038883559320357364,-0.0003889112093649832
2018-11-09,1.1368415355682373,1.1369191408157349,1.132502794265747,1.1368545293807983,0.0,-0.005741074675465474,-0.005757617992678804
2018-11-12,1.132502794265747,1.1332728862762451,1.1241639852523804,1.1324771642684937,0.0,-0.003816487317488404,-0.0038237886881901163
2018-11-13,1.123342990875244,1.1291906833648682,1.122321844100952,1.1224100589752195,0.0,-0.008088106657998861,-0.008120992837308301
2018-11-14,1.1311193704605105,1.1339668035507202,1.126481294631958,1.1316057443618774,0.0,0.006922533588078705,0.006898682860815559
2018-11-15,1.131183385848999,1.1351124048233032,1.1274974346160889,1.1313625574111938,0.0,5.659472391705833e-05,5.659312249609174e-05
2018-11-16,1.1324899196624756,1.141422152519226,1.1322592496871948,1.13252854347229,0.0,0.001155015031003126,0.0011543485143173634
2018-11-19,1.141396164894104,1.1462894678115845,1.1394453048706057,1.1412137746810913,0.0,0.00786430419997286,0.007833541738013036
2018-11-20,1.1455016136169434,1.1472758054733276,1.1387057304382324,1.1454753875732422,0.0,0.0035968657063256693,0.0035904124545615974
2018-11-21,1.1372424364089966,1.1422044038772583,1.1366348266601562,1.137268304824829,0.0,-0.007210096528688648,-0.007236214894346958
2018-11-22,1.1388354301452637,1.1434059143066406,1.138628005981445,1.1388872861862185,0.0,0.001400751225303587,0.001399771088484465
2018-11-23,1.1403158903121948,1.1419435739517212,1.1332343816757202,1.1402637958526611,0.0,0.001299977264267449,0.00129913302540532
2018-11-26,1.133735418319702,1.138355731964111,1.132733702659607,1.1338896751403809,0.0,-0.00577074479834816,-0.005787459882789548
2018-11-27,1.1333370208740234,1.1344943046569824,1.1279425621032717,1.1334270238876345,0.0,-0.0003514024870714394,-0.0003514642433933732
2018-11-28,1.1298797130584717,1.130799651145935,1.126773238182068,1.129713773727417,0.0,-0.0030505557939733974,-0.0030552182237152223
2018-11-29,1.1368545293807983,1.1401468515396118,1.1349579095840454,1.1366606950759888,0.0,0.0061730609388910285,0.006154085648589298
2018-11-30,1.1392766237258911,1.1401208639144895,1.1314777135849,1.1392766237258911,0.0,0.0021305226680250478,0.0021282563230342836
2018-12-03,1.1342240571975708,1.1380059719085691,1.132169485092163,1.1341854333877563,0.0,-0.004434890019770932,-0.004444753317076851
2018-12-04,1.135486125946045,1.14177405834198,1.134327054023743,1.135589361190796,0.0,0.001112715552509469,0.0011120969434071908
2018-12-05,1.1342884302139282,1.1360280513763428,1.131503343582153,1.1343655586242676,0.0,-0.001054786760268711,-0.001055343439309746
2018-12-06,1.13490629196167,1.1412267684936523,1.132336139678955,1.1347260475158691,0.0,0.0005447130829194791,0.0005445647806004922
2018-12-07,1.1374752521514893,1.1410704851150513,1.1361312866210938,1.137682318687439,0.0,0.0022635879349817145,0.00226102987934065
2018-12-10,1.1400948762893677,1.1445575952529907,1.1362345218658447,1.140380859375,0.0,0.002303016380289069,0.002300368502689518
2018-12-11,1.1356538534164429,1.1399389505386353,1.1307612657546997,1.135499119758606,0.0,-0.003895309912609113,-0.003902916391754538
2018-12-12,1.1323105096817017,1.138044834136963,1.1316184997558594,1.1322848796844482,0.0,-0.0029439813237839285,-0.0029483233608125887
2018-12-13,1.1373459100723269,1.139250636100769,1.1333627700805664,1.137268304824829,0.0,0.004447013736577077,0.004437154988177638
2018-12-14,1.1363636255264282,1.1366219520568848,1.1270780563354492,1.1363248825073242,0.0,-0.0008636638486141379,-0.0008640370211150429
2018-12-17,1.1305949687957764,1.1353960037231443,1.13047993183136,1.130671739578247,0.0,-0.005076417971386138,-0.005089346754260064
2018-12-18,1.1349835395812988,1.1403002738952637,1.133863925933838,1.13499653339386,0.0,0.003881647191652293,0.003874133037778065
2018-12-19,1.137539982795715,1.1439684629440308,1.137565851211548,1.137565851211548,0.0,0.002252405541810276,0.0022498726790908695
2018-12-20,1.138952136039734,1.1484880447387695,1.1378376483917236,1.138783574104309,0.0,0.0012414097661415102,0.0012406398541560727
2018-12-21,1.1456853151321411,1.147446870803833,1.138783574104309,1.1457772254943848,0.0,0.005911731388308361,0.005894325669239869
2018-12-24,1.1372811794281006,1.143837571144104,1.137203574180603,1.137203574180603,0.0,-0.007335466024604886,-0.007362502855146589
2018-12-25,1.140393853187561,1.1422044038772583,1.1370097398757937,1.1405109167099,0.0,0.002736942996828473,0.002733204388363113
2018-12-26,1.1415525674819946,1.1419435739517212,1.137617588043213,1.1413440704345703,0.0,0.001016065012271694,0.001015549167608685
2018-12-27,1.1361312866210938,1.1434321403503418,1.1359118223190308,1.1363636255264282,0.0,-0.004749041800903631,-0.004760354329909309
2018-12-28,1.143105387687683,1.147315263748169,1.1430922746658323,1.1430922746658323,0.0,0.006138464056676618,0.006119700433588459
2018-12-31,1.1439945697784424,1.1465917825698853,1.14223051071167,1.1438899040222168,0.0,0.0007778653659904489,0.0007775629855240129
2019-01-01,1.1493064165115356,1.155001163482666,1.146499752998352,1.1494252681732178,0.0,0.004643244708864236,0.0046324981013964464
2019-01-02,1.14617121219635,1.149700164794922,1.134571552276611,1.1461317539215088,0.0,-0.002727909868198375,-0.002731637394770495
2019-01-03,1.1318106651306152,1.1409143209457395,1.131733775138855,1.131733775138855,0.0,-0.012529146529702495,-0.012608298115566716
2019-01-04,1.1391078233718872,1.14177405834198,1.1348161697387695,1.1390948295593262,0.0,0.0064473312242818714,0.006426636088957116
2019-01-07,1.1410444974899292,1.147446870803833,1.1405240297317505,1.141291856765747,0.0,0.0017001675155818852,0.0016987238668561887
2019-01-08,1.1479737758636477,1.1486331224441528,1.1424654722213743,1.1479343175888062,0.0,0.006072750351946432,0.006054385516065887
2019-01-09,1.1456066370010376,1.1540148258209229,1.144164800643921,1.1457247734069824,0.0,-0.0020620147536289934,-0.0020641436330750672
2019-01-10,1.1554949283599854,1.157139539718628,1.151145339012146,1.1555217504501345,0.0,0.008631489238603907,0.008594450913368567
2019-01-11,1.151012897491455,1.1539002656936646,1.1459741592407229,1.1515165567398071,0.0,-0.003878884068224897,-0.0038864264493645136
2019-01-14,1.146013617515564,1.148369312286377,1.1451605558395386,1.146276354789734,0.0,-0.004343374419858104,-0.00435283427225836
2019-01-15,1.1472889184951782,1.1491611003875732,1.1386150121688845,1.147315263748169,0.0,0.0011128148567545182,0.0011121961372727578
2019-01-16,1.1416828632354736,1.14223051071167,1.137889385223389,1.141409158706665,0.0,-0.004886350046035215,-0.004898327287011697
2019-01-17,1.1398088932037354,1.1407711505889893,1.1372424364089966,1.139899969100952,0.0,-0.0016414103181224826,-0.0016427589079669254
2019-01-18,1.13926362991333,1.1410315036773682,1.1354217529296875,1.139185667037964,0.0,-0.0004783813266034942,-0.0004784957874557275
2019-01-21,1.1365574598312378,1.1388224363327026,1.1357957124710083,1.1365444660186768,0.0,-0.002375367747233459,-0.0023781934087444396
2019-01-22,1.136932134628296,1.1375269889831543,1.1336840391159058,1.1369578838348389,0.0,0.0003296575934785828,0.0003296032683529126
2019-01-23,1.1364023685455322,1.139315485954285,1.1351640224456787,1.1363766193389893,0.0,-0.00046596104255325344,-0.00046606963613473793
2019-01-24,1.1388224363327026,1.1393414735794067,1.131324052810669,1.1387057304382324,0.0,0.002129587067182692,0.002127322710837133
2019-01-25,1.1313496828079224,1.1411616802215576,1.1305822134017944,1.1309914588928225,0.0,-0.006561824992528664,-0.006583448410776002
2019-01-28,1.1413049697875977,1.1445575952529907,1.1390948295593262,1.141265869140625,0.0,0.008799478296548369,0.008760988515929479
2019-01-29,1.143000841140747,1.145055651664734,1.1411746740341189,1.1429747343063354,0.0,0.0014859055187195214,0.0014848026534814308
2019-01-30,1.1435366868972778,1.1450294256210327,1.140862226486206,1.1435105800628662,0.0,0.0004688060911626213,0.0004686962359195961
2019-01-31,1.1487650871276855,1.1513707637786863,1.145055651664734,1.1485539674758911,0.0,0.0045721316074203155,0.004561711164055767
2019-02-01,1.1449507474899292,1.1488442420959473,1.1435105800628662,1.145081877708435,0.0,-0.0033203826269594394,-0.0033259073301630383
2019-02-04,1.1455278396606443,1.1462632417678833,1.1425436735153198,1.1457247734069824,0.0,0.0005040323105427458,0.0005039053289244775
2019-02-05,1.1436283588409424,1.1442956924438477,1.140328884124756,1.14357590675354,0.0,-0.0016581708047048727,-0.0016595470915365055
2019-02-06,1.140992522239685,1.141096591949463,1.137539982795715,1.1408753395080566,0.0,-0.0023048017136692023,-0.0023074618573273305
2019-02-07,1.1365960836410522,1.1370097398757937,1.1326054334640503,1.1366348266601562,0.0,-0.0038531703871318435,-0.003860612972666276
2019-02-08,1.1338768005371094,1.1350995302200315,1.132182240486145,1.1339925527572632,0.0,-0.002392479741115894,-0.002395346293797252
2019-02-11,1.1324259042739868,1.133144497871399,1.127344846725464,1.1324259042739868,0.0,-0.001279588983948976,-0.001280408356981286
2019-02-12,1.1279042959213257,1.1319899559020996,1.125885248184204,1.128031611442566,0.0,-0.003992851395924202,-0.004000844109966494
2019-02-13,1.1334655284881592,1.134429931640625,1.1282861232757568,1.1332728862762451,0.0,0.004930589046378886,0.004918473500405294
2019-02-14,1.12649405002594,1.130825161933899,1.1250618696212769,1.126405119895935,0.0,-0.006150587103886607,-0.0061695798826221495
2019-02-15,1.1295350790023804,1.1298158168792725,1.1234945058822632,1.1294713020324707,0.0,0.0026995517431898097,0.002695914497866886
2019-02-18,1.1298030614852903,1.1334141492843628,1.1294840574264526,1.1294840574264526,0.0,0.00023725025268506172,0.00023722211329449253
2019-02-19,1.131196141242981,1.1341854333877563,1.1277008056640625,1.131208896636963,0.0,0.0012330288394326594,0.0012322692836785431
2019-02-20,1.1343011856079102,1.1369578838348389,1.1325926780700684,1.1343011856079102,0.0,0.0027449212844001813,0.0027411608677647453
2019-02-21,1.1346358060836792,1.1365832090377808,1.1322592496871948,1.1346358060836792,0.0,0.0002950014334945905,0.00029495792912739876
2019-02-22,1.1343011856079102,1.1355764865875244,1.131874680519104,1.1339796781539917,0.0,-0.0002949144333140863,-0.0002949579291274804
2019-02-25,1.1342240571975708,1.1367511749267578,1.13379967212677,1.1340183019638062,0.0,-6.799641163912629e-05,-6.799872349992361e-05
2019-02-26,1.1367511749267578,1.1378635168075562,1.1346487998962402,1.1366219520568848,0.0,0.0022280586566212346,0.0022255802146592192
2019-02-27,1.139315485954285,1.140380859375,1.1363893747329712,1.1394193172454834,0.0,0.0022558243915535847,0.00225328383968603
2019-02-28,1.1380189657211304,1.1422044038772583,1.1360796689987185,1.1377859115600586,0.0,-0.0011379817523226032,-0.001138629745206279
2019-03-01,1.1373459100723269,1.140888214111328,1.135434627532959,1.137255311012268,0.0,-0.0005914274446006118,-0.0005916024068000906
2019-03-04,1.1375917196273804,1.1375269889831543,1.1310553550720217,1.1375269889831543,0.0,0.00021612558930095283,0.000216102237530327
2019-03-05,1.133735418319702,1.1339154243469238,1.1293182373046875,1.133825421333313,0.0,-0.0033898816606555693,-0.0033956403273075345
2019-03-06,1.1307101249694824,1.132502794265747,1.1291651725769043,1.1306205987930298,0.0,-0.0026684297776489174,-0.0026719963826242242
2019-03-07,1.1314009428024292,1.1319899559020996,1.1208752393722534,1.1312474012374878,0.0,0.0006109592703660294,0.0006107727107340299
2019-03-08,1.1198333501815796,1.1244546175003052,1.1186057329177856,1.1201971769332886,0.0,-0.010224132032449207,-0.010276757477315702
2019-03-11,1.1232421398162842,1.1257457733154297,1.1222589015960691,1.123103380203247,0.0,0.0030440151064905496,0.00303939147306997
2019-03-12,1.1259232759475708,1.129433035850525,1.1250239610671997,1.125885248184204,0.0,0.0023869618457559305,0.0023841175775367028
2019-03-13,1.1287446022033691,1.1313753128051758,1.1279042959213257,1.1286808252334597,0.0,0.0025057890853388276,0.0025026548306310145
2019-03-14,1.133105993270874,1.133594036102295,1.1294713020324707,1.1332857608795166,0.0,0.003863930829871798,0.00385648502303467
2019-03-15,1.1308379173278809,1.1343011856079102,1.1302244663238523,1.1307612657546997,0.0,-0.002001644997434049,-0.0020036509660536087
2019-03-18,1.1319772005081177,1.1359764337539673,1.1234692335128784,1.1319899559020996,0.0,0.0010074681462122204,0.001006960990779451
2019-03-19,1.133619785308838,1.1363636255264282,1.1334270238876345,1.13355553150177,0.0,0.0014510758697108272,0.0014500240764859019
2019-03-20,1.135486125946045,1.1367511749267578,1.1336454153060913,1.1353057622909546,0.0,0.0016463550313727815,0.0016450012745673303
2019-03-21,1.1427918672561646,1.1439945697784424,1.1355119943618774,1.143000841140747,0.0,0.006434020762722037,0.0064134108071521164
2019-03-22,1.1375011205673218,1.139211654663086,1.1275609731674194,1.1373976469039917,0.0,-0.004629667781540836,-0.004640417885864895
2019-03-25,1.129586100578308,1.1331701278686523,1.1290504932403564,1.129611611366272,0.0,-0.006958252476328197,-0.006982574004310345
2019-03-26,1.131580114364624,1.1328877210617063,1.127955198287964,1.1314520835876465,0.0,0.0017652605545475097,0.0017637043133131368
2019-03-27,1.127484679222107,1.1285535097122192,1.1242650747299194,1.127446532249451,0.0,-0.0036192180213564518,-0.0036257832363158385
2019-03-28,1.1251758337020874,1.1262998580932615,1.121516227722168,1.1251378059387207,0.0,-0.0020477843846290478,-0.0020498839618826913
2019-03-29,1.1230024099349976,1.124606370925903,1.1210887432098389,1.1229519844055176,0.0,-0.0019316303301136761,-0.0019334983338959073
2019-04-01,1.1223849058151243,1.1250239610671997,1.1209882497787476,1.1223469972610474,0.0,-0.0005498689178315974,-0.0005500201511865513
2019-04-02,1.1205737590789795,1.1214005947113037,1.1184556484222412,1.1205987930297852,0.0,-0.0016136592061788413,-0.0016149625564932128
2019-04-03,1.1203854084014893,1.125499963760376,1.1202473640441897,1.1202850341796875,0.0,-0.0001680841407932787,-0.00016809826851559137
2019-04-04,1.1246949434280396,1.124985933303833,1.1209254264831543,1.124530553817749,0.0,0.003846475502299551,0.0038390967308610242
2019-04-05,1.1225864887237549,1.1241512298583984,1.1211642026901243,1.1224603652954102,0.0,-0.0018746903030062434,-0.0018764497341418646
2019-04-08,1.121956706047058,1.1274083852767944,1.1215540170669556,1.1222084760665894,0.0,-0.0005610103836299896,-0.0005611678088361302
2019-04-09,1.1256444454193115,1.128795504570007,1.1256444454193115,1.1256444454193115,0.0,0.0032868820627189876,0.0032814920734817597
2019-04-10,1.126697063446045,1.1282861232757568,1.123103380203247,1.12649405002594,0.0,0.0009351247909736848,0.0009346878341712132
2019-04-11,1.127650022506714,1.1287446022033691,1.1256064176559448,1.1276118755340576,0.0,0.0008457988323449239,0.0008454413460726391
2019-04-12,1.1260753870010376,1.132502794265747,1.1258344650268557,1.1259359121322632,0.0,-0.0013963867106357997,-0.0013973625671130883
2019-04-15,1.1305055618286133,1.1322463750839231,1.1299434900283811,1.130365014076233,0.0,0.003934172506313338,0.003926453887287985
2019-04-16,1.1304928064346311,1.1314995288848877,1.128604531288147,1.130441665649414,0.0,-1.1282911303478471e-05,-1.1282974956001002e-05
2019-04-17,1.128502607345581,1.13237464427948,1.1281843185424805,1.1285152435302734,0.0,-0.0017604703698440582,-0.0017620218189264153
2019-04-18,1.129713773727417,1.130600094795227,1.1237722635269165,1.1300712823867798,0.0,0.0010732508493576098,0.0010726753274142547
2019-04-19,1.1235954761505127,1.125112533569336,1.1233052015304563,1.123608112335205,0.0,-0.00541579444208895,-0.005430513022733237
2019-04-22,1.1244546175003052,1.1263798475265503,1.1236711740493774,1.1244546175003052,0.0,0.0007646358213686533,0.0007643436363329363
2019-04-23,1.1258978843688965,1.1261261701583862,1.1193444728851318,1.125885248184204,0.0,0.0012835261166872503,0.0012827031012071087
2019-04-24,1.122435212135315,1.1224603652954102,1.1183055639266968,1.122447848320007,0.0,-0.0030754762768938626,-0.0030802152729997824
2019-04-25,1.1153494119644165,1.1164003610610962,1.1121737957000732,1.1156978607177734,0.0,-0.006312881219592614,-0.00633289171461129
2019-04-26,1.113684892654419,1.1172809600830078,1.112297534942627,1.113709807395935,0.0,-0.0014923747591043535,-0.0014934894594870038
2019-04-29,1.1150261163711548,1.116994023323059,1.1145538091659546,1.114901781082153,0.0,0.0012043116734206105,0.0012035870718230023
2019-04-30,1.1185182332992554,1.12296462059021,1.117655634880066,1.1184180974960327,0.0,0.003131870076250376,0.003126975986935249
2019-05-01,1.121604323387146,1.1249985694885254,1.121440887451172,1.1218308210372925,0.0,0.0027590878682304254,0.0027552885720882737
2019-05-02,1.1200841665267944,1.1218183040618896,1.1173559427261353,1.1201846599578855,0.0,-0.0013553414770735017,-0.0013562607830761623
2019-05-03,1.1173559427261353,1.1200717687606812,1.1141316890716553,1.1172560453414917,0.0,-0.002435731065745683,-0.0024387022843649175
2019-05-06,1.1185808181762695,1.1204482316970823,1.1179929971694946,1.1187058687210083,0.0,0.001096226728920291,0.0010956263111556311
2019-05-07,1.1201846599578855,1.121956706047058,1.1176055669784546,1.1204482316970823,0.0,0.0014338184202289384,0.001432791484107263
2019-05-08,1.1191065311431885,1.1214998960494995,1.118956208229065,1.118956208229065,0.0,-0.0009624563281714904,-0.0009629197866595418
2019-05-09,1.1198333501815796,1.1250998973846436,1.1175681352615356,1.1197456121444702,0.0,0.0006494636731757542,0.0006492528629151659
2019-05-10,1.1222084760665894,1.1252391338348389,1.1218559741973877,1.1218559741973877,0.0,0.0021209636993082537,0.0021187176311267208
2019-05-13,1.1236460208892822,1.126341700553894,1.1224100589752195,1.1236711740493774,0.0,0.00128099622605915,0.0012801764504052242
2019-05-14,1.1232547760009766,1.124606370925903,1.120485782623291,1.1232421398162842,0.0,-0.0003481922963568529,-0.0003482529293695144
2019-05-15,1.1204482316970823,1.1222715377807615,1.1180429458618164,1.120360255241394,0.0,-0.0024985821238937556,-0.002501708789448315
2019-05-16,1.1207244396209717,1.122435212135315,1.1174308061599731,1.1209505796432495,0.0,0.0002465155605368974,0.000246485180568758
2019-05-17,1.1173559427261353,1.1184431314468384,1.1157352924346924,1.117480754852295,0.0,-0.003005642400352837,-0.0030101684148013666
2019-05-20,1.1165324449539185,1.1177005767822266,1.11512553691864,1.1165324449539185,0.0,-0.0007370057657791751,-0.0007372774880440244
2019-05-21,1.1168566942214966,1.11831796169281,1.1142433881759644,1.1169440746307373,0.0,0.0002904073849743227,0.00029036522491189705
2019-05-23,1.1155484914779663,1.1172809600830078,1.1109507083892822,1.115511178970337,0.0,-0.001171325515886501,-0.0011720120537771794
2019-05-24,1.1184556484222412,1.1212018728256226,1.1178054809570312,1.1183805465698242,0.0,0.0026060336834154985,0.002602643865678214
2019-05-27,1.1209630966186523,1.1218308210372925,1.118806004524231,1.1206364631652832,0.0,0.0022418843339460093,0.002239375060896092
2019-05-28,1.11938214302063,1.1199462413787842,1.1171810626983645,1.1193571090698242,0.0,-0.001410352939174464,-0.0014113484229800796
2019-05-29,1.1170687675476074,1.1175681352615356,1.1125946044921875,1.1170687675476074,0.0,-0.00206665390139249,-0.0020687923774010642
2019-05-30,1.1137346029281616,1.1146035194396973,1.1118524074554443,1.113833785057068,0.0,-0.002984744284602603,-0.0029892075171091474
2019-05-31,1.1131147146224976,1.1179429292678833,1.1126564741134644,1.1129908561706543,0.0,-0.0005565852978207664,-0.0005567402489159767
2019-06-03,1.1174057722091677,1.1211000680923462,1.1162209510803225,1.1173434257507324,0.0,0.0038550003250341636,0.0038475888526603077
2019-06-04,1.124631643295288,1.1277772188186646,1.1227755546569824,1.1245558261871338,0.0,0.006466649149157844,0.006445830078431998
2019-06-05,1.1254037618637085,1.130454421043396,1.123987078666687,1.1255050897598269,0.0,0.0006865524129822109,0.0006863168436886033
2019-06-06,1.1229015588760376,1.1307867765426636,1.1223849058151243,1.122725009918213,0.0,-0.0022233824627768684,-0.0022258578473965626
2019-06-07,1.127650022506714,1.1348161697387695,1.1253150701522827,1.127548336982727,0.0,0.004228744357100522,0.00421982834453577
2019-06-10,1.1320157051086426,1.1326953172683716,1.12920343875885,1.1319003105163574,0.0,0.003871487176689614,0.003864012256703093
2019-06-11,1.1318106651306152,1.1332728862762451,1.13047993183136,1.1318362951278689,0.0,-0.00018112820970772603,-0.0001811446154029547
2019-06-12,1.1329518556594849,1.1343011856079102,1.1308507919311523,1.132939100265503,0.0,0.0010082874848489354,0.0010077795044543913
2019-06-13,1.1295605897903442,1.1305004358291626,1.127116084098816,1.1293054819107056,0.0,-0.0029933009529046206,-0.0029977898381629686
2019-06-14,1.128044366836548,1.1290504932403564,1.1215037107467651,1.127955198287964,0.0,-0.0013423121942290894,-0.0013432139022485834
2019-06-17,1.1217050552368164,1.1246000528335571,1.1205360889434814,1.121604323387146,0.0,-0.005619736054805591,-0.005635586181714624
2019-06-18,1.1224603652954102,1.12440025806427,1.1182304620742798,1.12271249294281,0.0,0.0006733588790275302,0.0006731322746558854
2019-06-19,1.1198208332061768,1.1222084760665894,1.1188685894012451,1.1197456121444702,0.0,-0.0023515592807045183,-0.0023543285384641957
2019-06-20,1.1238480806350708,1.1315160989761353,1.1235828399658203,1.1235828399658203,0.0,0.0035963319394261006,0.0035898806005276213
2019-06-21,1.1295605897903442,1.1333370208740234,1.1283625364303589,1.1293182373046875,0.0,0.005082990533778808,0.005070115747244044
2019-06-24,1.1384724378585815,1.1401208639144895,1.1373846530914309,1.1383039951324463,0.0,0.007889659172591434,0.007858698550878718
2019-06-25,1.140029788017273,1.141396164894104,1.1378376483917236,1.1400169134140017,0.0,0.0013679296106814398,0.001366994847334753
2019-06-26,1.1369967460632324,1.138952136039734,1.1350866556167605,1.1368545293807983,0.0,-0.002660493599308089,-0.0026640390021479346
2019-06-27,1.1374752521514893,1.1383039951324463,1.1348419189453125,1.1374623775482178,0.0,0.00042085088626131473,0.00042076235336564207
2019-06-28,1.1372941732406616,1.1393414735794067,1.1361312866210938,1.1371389627456665,0.0,-0.0001591937147512601,-0.0001592063874156251
2019-07-01,1.1364928483963013,1.1367511749267578,1.1305694580078125,1.1363636255264282,0.0,-0.0007045888946014545,-0.0007048372340149661
2019-07-02,1.1287446022033691,1.1321053504943848,1.1276754140853882,1.1287063360214231,0.0,-0.006817681434481249,-0.006841027998014664
2019-07-03,1.1293054819107056,1.1305310726165771,1.127039909362793,1.1290887594223022,0.0,0.0004969057714576675,0.0004967823546674645
2019-07-04,1.128795504570007,1.1298158168792725,1.1274338960647583,1.128795504570007,0.0,-0.0004515849332774602,-0.000451686928460923
2019-07-05,1.128579020500183,1.128795504570007,1.120824933052063,1.128604531288147,0.0,-0.00019178324944379987,-0.00019180164220283647
2019-07-08,1.1227376461029053,1.123721718788147,1.1208375692367554,1.1227880716323853,0.0,-0.005175866546490382,-0.005189307743699327
2019-07-09,1.121604323387146,1.1222084760665894,1.1195324659347534,1.12147855758667,0.0,-0.0010094279101561243,-0.0010099377256192056
2019-07-10,1.120824933052063,1.1262998580932615,1.1202598810195925,1.1204607486724854,0.0,-0.0006948888470127423,-0.0006951303941730276
2019-07-11,1.125885248184204,1.128795504570007,1.1251758337020874,1.1261261701583862,0.0,0.004514813137107554,0.0045046519407322076
2019-07-12,1.1252391338348389,1.1278001070022583,1.123974323272705,1.1250239610671997,0.0,-0.0005738722932974172,-0.0005740370210267257
2019-07-15,1.1272051334381104,1.1285994052886963,1.125568389892578,1.1271796226501465,0.0,0.0017471838155604935,0.001745659265439037
2019-07-16,1.126176834106445,1.126633644104004,1.1209003925323486,1.1260881423950195,0.0,-0.0009122557209518822,-0.000912672079438287
2019-07-17,1.121227145195007,1.123342990875244,1.1201093196868896,1.1213276386260986,0.0,-0.004395125846612946,-0.0044048128062413846
2019-07-18,1.12296462059021,1.1247328519821167,1.1206239461898804,1.1227755546569824,0.0,0.0015496194528010765,0.001548420031514653
2019-07-19,1.1261515617370603,1.1271415948867798,1.1215037107467651,1.1261515617370603,0.0,0.002837971106494308,0.0028339516693954517
2019-07-22,1.1218308210372925,1.12271249294281,1.1208375692367554,1.1218056678771973,0.0,-0.003836731081829914,-0.003844110215074048
2019-07-23,1.1206114292144775,1.121076226234436,1.1149640083312988,1.1204984188079834,0.0,-0.0010869658775174429,-0.0010875570533576903
2019-07-24,1.11512553691864,1.1155734062194824,1.1130032539367676,1.115100622177124,0.0,-0.004895445604800819,-0.004907467549869097
2019-07-25,1.1142433881759644,1.1186933517456057,1.110383152961731,1.114230990409851,0.0,-0.0007910757250821909,-0.0007913887906001747
2019-07-26,1.1146159172058103,1.1153244972229004,1.1115680932998655,1.1145166158676147,0.0,0.0003343336238734729,0.00033427774684148016
2019-07-29,1.1132138967514038,1.1144545078277588,1.1114444732666016,1.113089919090271,0.0,-0.0012578507383254056,-0.0012586424965774683
2019-07-30,1.1143054962158203,1.1158099174499512,1.1133253574371338,1.1142184734344482,0.0,0.0009805837562772979,0.0009801032980864398
2019-07-31,1.1157974004745483,1.1164453029632568,1.1127803325653076,1.1157352924346924,0.0,0.001338864668436468,0.0013379691883316093
2019-08-01,1.107174515724182,1.1072970628738403,1.1027547121047974,1.1072235107421875,0.0,-0.007728002186328076,-0.007758017936413691
2019-08-02,1.1078859567642212,1.1114197969436646,1.1070764064788818,1.1081806421279907,0.0,0.0006425735328399185,0.0006423671708644623
2019-08-05,1.1108025312423706,1.1199462413787842,1.1107407808303833,1.1107407808303833,0.0,0.002632558396775675,0.0026290992844662667
2019-08-06,1.1243788003921509,1.1249732971191406,1.1170687675476074,1.1242650747299194,0.0,0.012222036561796434,0.012147950516988368
2019-08-07,1.1206992864608765,1.1240994930267334,1.1180930137634275,1.1205862760543823,0.0,-0.0032724860429519387,-0.0032778523360136405
2019-08-08,1.12043559551239,1.1228384971618652,1.1184431314468384,1.120485782623291,0.0,-0.00023529143961464882,-0.00023531912498826624
2019-08-09,1.1187183856964111,1.121981859207153,1.11840558052063,1.118730902671814,0.0,-0.0015326269737026,-0.0015338026478229872
2019-08-12,1.1208499670028689,1.1230276823043823,1.1163331270217896,1.1206867694854736,0.0,0.001905377916114892,0.0019035649861258426
2019-08-13,1.1218308210372925,1.1228259801864624,1.117817997932434,1.1218308210372925,0.0,0.000875098419323983,0.000874715743938375
2019-08-14,1.1177055835723877,1.1191002130508425,1.1139951944351196,1.1177555322647097,0.0,-0.0036772366987478655,-0.003684014354080683
2019-08-15,1.1143302917480469,1.1158995628356934,1.1095577478408811,1.114504098892212,0.0,-0.003019839816450376,-0.003024408733292059
2019-08-16,1.1113580465316772,1.1113580465316772,1.1067456007003784,1.1111358404159546,0.0,-0.002667292846995184,-0.0026708564106834526
2019-08-19,1.109385371208191,1.1110000610351562,1.108819603919983,1.109385371208191,0.0,-0.0017750133088455522,-0.001776590511615778
2019-08-20,1.1083157062530518,1.1099001169204712,1.1068925857543943,1.1082541942596436,0.0,-0.000964196016010388,-0.0009646611520012486
2019-08-21,1.1097793579101562,1.1107407808303833,1.1088809967041016,1.1098532676696775,0.0,0.0013206089644373087,0.0013197377273767932
2019-08-22,1.10907781124115,1.1114000082015991,1.1064517498016355,1.1090408563613892,0.0,-0.000632149682732841,-0.0006323495735885972
2019-08-23,1.108401656150818,1.1149004697799685,1.105299711227417,1.1083279848098757,0.0,-0.000609655232012174,-0.0006098411473298048
2019-08-26,1.1143054962158203,1.1152499914169312,1.110839605331421,1.1143054962158203,0.0,0.005326444644177641,0.005312309309738264
2019-08-27,1.1103708744049072,1.1118524074554443,1.1088809967041016,1.110111951828003,0.0,-0.0035310081699094775,-0.003537256893122397
2019-08-28,1.109004020690918,1.1100010871887207,1.107444167137146,1.109004020690918,0.0,-0.0012309884431378482,-0.0012317467317716595
2019-08-29,1.1085859537124634,1.1090162992477417,1.1056197881698608,1.1085368394851685,0.0,-0.0003769751693002421,-0.00037704624230177567
2019-08-30,1.1061947345733645,1.106096863746643,1.0987199544906616,1.1059622764587402,0.0,-0.0021569993116826724,-0.002159328985370535
2019-09-02,1.099178910255432,1.0997470617294312,1.0958784818649292,1.0990943908691406,0.0,-0.006342304929374376,-0.006362502791238596
2019-09-03,1.0968520641326904,1.0977309942245483,1.0930395126342771,1.096731662750244,0.0,-0.0021168948030496626,-0.0021191385919892562
2019-09-04,1.0974539518356323,1.103499412536621,1.0972732305526731,1.0973576307296753,0.0,0.0005487410040276863,0.0005485905007386359
2019-09-05,1.10349702835083,1.1082788705825806,1.1018311977386477,1.1037527322769165,0.0,0.0055064510953648504,0.005491346018407023
2019-09-06,1.1036310195922852,1.10574209690094,1.1021226644515991,1.1036310195922852,0.0,0.00012142419781158154,0.00012141682649037292
2019-09-09,1.1020619869232178,1.106525182723999,1.1016126871109009,1.102074146270752,0.0,-0.0014217004063976635,-0.001422711981305087
2019-09-10,1.1048381328582764,1.1059499979019165,1.1031805276870728,1.1047282218933103,0.0,0.0025190469937259596,0.0025158795130875685
2019-09-11,1.1050333976745603,1.1058276891708374,1.0986233949661257,1.1049723625183103,0.0,0.00017673613036772728,0.00017672051437775128
2019-09-12,1.101345777511597,1.1077508926391602,1.0929558277130127,1.1014429330825806,0.0,-0.00333711195582298,-0.0033426925327245337
2019-09-13,1.1058276891708374,1.110913634300232,1.105766534805298,1.105766534805298,0.0,0.004069486396331534,0.004061228432765623
2019-09-16,1.1083402633666992,1.108426213264465,1.099493145942688,1.1084139347076416,0.0,0.0022721208923117686,0.0022695435289529064
2019-09-17,1.100594401359558,1.1068068742752075,1.0992876291275024,1.1004005670547483,0.0,-0.006988703977614419,-0.007013239349717472
2019-09-18,1.1074687242507937,1.1077877283096311,1.1037527322769165,1.1074320077896118,0.0,0.0062460093225475966,0.006226583852135981
2019-09-19,1.1031439304351809,1.107499361038208,1.102353572845459,1.1031439304351809,0.0,-0.0039051159828811244,-0.003912760857539547
2019-09-20,1.1048502922058103,1.106899976730347,1.0998800992965698,1.1046061515808103,0.0,0.0015468169869332637,0.001545621897768486
2019-09-23,1.1019041538238523,1.102803349494934,1.0968279838562012,1.1019526720046997,0.0,-0.0026665498509088614,-0.0026701114277863374
2019-09-24,1.0993722677230835,1.1013944149017334,1.0985147953033447,1.0993722677230835,0.0,-0.002297737141640277,-0.0023003809903156002
2019-09-25,1.1016855239868164,1.1019283533096311,1.094834566116333,1.1015641689300537,0.0,0.0021041610122873866,0.002101950365998579
2019-09-26,1.0952903032302856,1.096731662750244,1.092514157295227,1.0951822996139526,0.0,-0.005804942170237082,-0.0058218563359692605
2019-09-27,1.0922753810882568,1.095842361450195,1.0905839204788208,1.0923112630844116,0.0,-0.002752623786713926,-0.0027564192221066833
2019-09-30,1.0942714214324951,1.0948106050491333,1.088767170906067,1.0941636562347412,0.0,0.0018274149347297097,0.0018257472434580673
2019-10-01,1.0899657011032104,1.093732833862305,1.0881510972976685,1.0899182558059692,0.0,-0.003934782765000033,-0.003942544389598497
2019-10-02,1.0934937000274658,1.0957943201065063,1.090524435043335,1.0935415029525757,0.0,0.003236798112715489,0.00323157095816303
2019-10-03,1.0963709354400637,1.0998317003250122,1.0941877365112305,1.096202731132507,0.0,0.002631231814619106,0.0026277761845698395
2019-10-04,1.0975382328033447,1.0992271900177002,1.0959144830703735,1.0974900722503662,0.0,0.0010646919993482218,0.0010641256168011464
2019-10-07,1.098659634590149,1.1001100540161133,1.0963709354400637,1.098659634590149,0.0,0.0010217427997381012,0.001021221175843762
2019-10-08,1.0972130298614502,1.0998003482818604,1.094666838645935,1.0972732305526731,0.0,-0.0013166996248463736,-0.0013175672354694208
2019-10-09,1.0960105657577517,1.0991994142532349,1.095554232597351,1.0960224866867063,0.0,-0.0010959258329719113,-0.0010965267988037083
2019-10-10,1.098780393600464,1.1033873558044434,1.0980443954467771,1.098587155342102,0.0,0.002527190822104286,0.0025240028453327565
2019-10-11,1.1011033058166504,1.1061996221542358,1.1003884077072144,1.1014429330825806,0.0,0.0021140823313881008,0.0021118508038712965
2019-10-14,1.1030004024505615,1.104300022125244,1.1015156507492063,1.1028155088424685,0.0,0.0017229052205089967,0.0017214227218684101
2019-10-15,1.1029006242752075,1.1045451164245603,1.0992755889892578,1.1025844812393188,0.0,-9.046068807616603e-05,-9.046477989097708e-05
2019-10-16,1.1034727096557615,1.1076282262802124,1.102353572845459,1.103399634361267,0.0,0.0005187098166072879,0.0005185753331736073
2019-10-17,1.107493281364441,1.1139951944351196,1.1065863370895386,1.1074295043945312,0.0,0.0036435624311303982,0.003636940737031958
2019-10-18,1.1127183437347412,1.1161960363388062,1.1115063428878784,1.1127183437347412,0.0,0.00471791789460152,0.004706823401557925
2019-10-21,1.1155734062194824,1.118067979812622,1.1140000820159912,1.1156107187271118,0.0,0.0025658447178631416,0.002562558558288225
2019-10-22,1.1151753664016724,1.116071343421936,1.1124708652496338,1.115200161933899,0.0,-0.0003568028922085187,-0.00035686656150583955
2019-10-23,1.112928867340088,1.1133378744125366,1.1108025312423706,1.1129660606384275,0.0,-0.002014480528594542,-0.002016512323627505
2019-10-24,1.1132385730743408,1.1165698766708374,1.109385371208191,1.1132633686065674,0.0,0.00027827990030759864,0.0002782411876379464
2019-10-25,1.1103955507278442,1.1125946044921875,1.10804545879364,1.1104449033737185,0.0,-0.0025538302527958745,-0.0025570968400006238
2019-10-28,1.108426213264465,1.1106668710708618,1.107714056968689,1.1084753274917605,0.0,-0.001773545888299255,-0.0017751204828273918
2019-10-29,1.1099148988723757,1.1118770837783811,1.1075055599212646,1.1102476119995115,0.0,0.0013430624340129427,0.0013421613323956986
2019-10-30,1.1114816665649414,1.1125946044921875,1.1103339195251465,1.111222267150879,0.0,0.0014116106506520953,0.0014106152649588333
2019-10-31,1.1154489517211914,1.1176930665969849,1.113374948501587,1.1154240369796753,0.0,0.0035693662573050844,0.003563011187457375
2019-11-01,1.1157102584838867,1.1174432039260864,1.1130775213241575,1.1156107187271118,0.0,0.0002342615162191919,0.00023423408127475206
2019-11-04,1.1166571378707886,1.1177005767822266,1.114199995994568,1.1169440746307373,0.0,0.0008486785701768973,0.0008483186461446384
2019-11-05,1.1128545999526978,1.1138995885849,1.1064640283584597,1.1128298044204712,0.0,-0.0034052868952607618,-0.0034110980809337267
2019-11-06,1.107419729232788,1.1095085144042969,1.1067456007003784,1.107444167137146,0.0,-0.0048837204070870666,-0.004895684739124028
2019-11-07,1.1070396900177002,1.109139323234558,1.1038014888763428,1.1070642471313477,0.0,-0.0003431754059061154,-0.0003432343040610424
2019-11-08,1.1019697189331057,1.103813648223877,1.1017802953720093,1.103460431098938,0.0,-0.004579755477884806,-0.004590274687228495
2019-11-11,1.102244257926941,1.1043622493743896,1.101722002029419,1.102280616760254,0.0,0.00024913478938515254,0.0002491037604669932
2019-11-12,1.1035456657409668,1.1041183471679688,1.1003884077072144,1.1034847497940063,0.0,0.001180689130078516,0.0011799926648196426
2019-11-13,1.1012367010116575,1.1020498275756836,1.1001100540161133,1.1012123823165894,0.0,-0.00209231461913173,-0.002094506567395076
2019-11-14,1.101321578025818,1.1017826795578003,1.0990822315216064,1.1008729934692385,0.0,7.707426939429496e-05,7.707129932540324e-05
2019-11-15,1.1020498275756836,1.1055831909179688,1.1015278100967407,1.102292776107788,0.0,0.0006612505960075232,0.0006610320661621835
2019-11-18,1.105509877204895,1.1090999841690063,1.1053999662399292,1.1053999662399292,0.0,0.0031396489910286984,0.003134730585158303
2019-11-19,1.1072357892990112,1.1085245609283447,1.1064271926879885,1.1072235107421875,0.0,0.0015611910211783542,0.0015599736293654563
2019-11-20,1.1080001592636108,1.1082788705825806,1.1053632497787476,1.108033299446106,0.0,0.000690340731384298,0.0006901025558301477
2019-11-21,1.1078859567642212,1.1096439361572266,1.106378197669983,1.107898235321045,0.0,-0.00010307083300920006,-0.0001030761451725312
2019-11-22,1.1065863370895386,1.1078613996505735,1.102864146232605,1.1065618991851809,0.0,-0.0011730626846091496,-0.001173751261188495
2019-11-25,1.1022562980651855,1.1033873558044434,1.100618600845337,1.1024142503738403,0.0,-0.003912969895997098,-0.0039206455924227866
2019-11-26,1.1014429330825806,1.102657437324524,1.1008002758026123,1.1012003421783447,0.0,-0.0007379091269722471,-0.0007381815159191847
2019-11-27,1.1022562980651855,1.1022076606750488,1.09933602809906,1.1022076606750488,0.0,0.0007384540389474559,0.0007381815159192047
2019-11-28,1.1004853248596191,1.1019283533096311,1.100158452987671,1.1006064414978027,0.0,-0.001606680051341125,-0.0016079721459086524
2019-11-29,1.101176142692566,1.102669596672058,1.0982855558395386,1.1011276245117188,0.0,0.000627739250439241,0.0006275423045720938
2019-12-02,1.1019041538238523,1.1089179515838623,1.1003763675689695,1.101770520210266,0.0,0.0006611214165122004,0.0006609029720220995
2019-12-03,1.1079105138778689,1.1092623472213743,1.1066476106643677,1.1076037883758545,0.0,0.005450891561823434,0.005436089218695758
2019-12-04,1.1085245609283447,1.1113457679748535,1.1067945957183838,1.1081806421279907,0.0,0.0005542388512287388,0.0005540853176035471
2019-12-05,1.108303427696228,1.1104941368103027,1.1079963445663452,1.1082665920257568,0.0,-0.00019948428741312085,-0.00019950418705007048
2019-12-06,1.1105434894561768,1.1112345457077026,1.1042280197143557,1.1104201078414917,0.0,0.002021162890928796,0.002019123089264813
2019-12-09,1.105888843536377,1.108033299446106,1.1053999662399292,1.105780005455017,0.0,-0.004191322504694672,-0.004200130717519964
2019-12-10,1.106499433517456,1.1097548007965088,1.106353759765625,1.1064517498016355,0.0,0.0005521259976966064,0.0005519736322186549
2019-12-11,1.1092746257781982,1.1098779439926147,1.107174515724182,1.109385371208191,0.0,0.002508082857232141,0.002504942866564743
2019-12-12,1.1135857105255127,1.1153370141983032,1.1111851930618286,1.1133253574371338,0.0,0.0038863998572851166,0.003878867315365377
2019-12-13,1.1186057329177856,1.1186933517456057,1.111889362335205,1.1183431148529053,0.0,0.004507980252282495,0.004497849743318054
2019-12-16,1.1124460697174072,1.115785002708435,1.1123470067977903,1.1125203371047974,0.0,-0.005506554292647348,-0.005521771250448632
2019-12-17,1.1136974096298218,1.1173185110092163,1.113089919090271,1.113709807395935,0.0,0.0011248544504565139,0.001124222275714461
2019-12-18,1.115138053894043,1.1151504516601562,1.1111358404159546,1.1151504516601562,0.0,0.0012935688381461308,0.0012927328987956917
2019-12-19,1.1115927696228027,1.1142433881759644,1.110987663269043,1.1115927696228027,0.0,-0.0031792335118151493,-0.0031842980116769575
2019-12-20,1.1125946044921875,1.1125946044921875,1.1074320077896118,1.112371802330017,0.0,0.0009012606925509203,0.0009008548009907165
2019-12-23,1.1079840660095217,1.1097548007965088,1.107149958610535,1.1079840660095217,0.0,-0.004143951861756645,-0.004152561824686467
2019-12-24,1.109385371208191,1.1097548007965088,1.1070642471313477,1.1092993021011353,0.0,0.0012647340712363953,0.001263934968798012
2019-12-25,1.1090162992477417,1.110864281654358,1.1077877283096311,1.109139323234558,0.0,-0.00033268147392939706,-0.0003327368246873999
2019-12-26,1.1095454692840576,1.1104941368103027,1.1082788705825806,1.1095085144042969,0.0,0.00047715262316239127,0.0004770388220483902
2019-12-27,1.110111951828003,1.118067979812622,1.1099998950958252,1.1101243495941162,0.0,0.000510553699354821,0.0005104234111590525
2019-12-30,1.1182304620742798,1.1220699548721311,1.1181554794311523,1.1181554794311523,0.0,0.007313235600164614,0.007286623560670526
2019-12-31,1.120229721069336,1.1241008043289185,1.1200717687606812,1.1204482316970823,0.0,0.0017878774213926363,0.0017862810709916835
2020-01-01,1.1220825910568235,1.1228384971618652,1.115946888923645,1.1220825910568235,0.0,0.0016540089524841317,0.0016526425861239922
2020-01-02,1.1220825910568235,1.12271249294281,1.116682052612305,1.1218937635421753,0.0,0.0,0.0
2020-01-03,1.1171437501907349,1.118067979812622,1.112569808959961,1.1170812845230105,0.0,-0.004401494957191221,-0.004411210053900604
2020-01-06,1.1161960363388062,1.120824933052063,1.1158099174499512,1.1162458658218384,0.0,-0.0008483365294456036,-0.0008486965705175967
2020-01-07,1.1197994947433472,1.1199462413787842,1.1134865283966064,1.1195825338363647,0.0,0.003228338291148658,0.0032231383954302996
2020-01-08,1.1154738664627075,1.1165200471878052,1.111086368560791,1.1155734062194824,0.0,-0.0038628596467005227,-0.00387033975832015
2020-01-09,1.1113210916519165,1.1122233867645264,1.1095085144042969,1.1114444732666016,0.0,-0.0037228795184237606,-0.0037298266820401005
2020-01-10,1.1111111640930176,1.1120996475219729,1.108622908592224,1.1109259128570557,0.0,-0.0001888991043865751,-0.0001889169480695333
2020-01-13,1.111666917800903,1.114466905593872,1.1114075183868408,1.1116546392440796,0.0,0.0005001783132465576,0.0005000532657696564
2020-01-14,1.1135733127593994,1.1145787239074707,1.11055588722229,1.1134493350982666,0.0,0.0017148976262311155,0.0017134288682368716
2020-01-15,1.113089919090271,1.1163455247879028,1.112025499343872,1.1129660606384275,0.0,-0.00043409236158020725,-0.0004341866069445138
2020-01-16,1.1154004335403442,1.117193579673767,1.112978458404541,1.1152697801589966,0.0,0.0020757662165888924,0.0020736147906197213
2020-01-17,1.1139578819274902,1.1145004034042358,1.1087580919265747,1.113800287246704,0.0,-0.0012933037942931547,-0.001294140833420409
2020-01-20,1.1094592809677124,1.1104941368103027,1.1077508926391602,1.1095207929611206,0.0,-0.004038394119527999,-0.004046570453323238
2020-01-21,1.109693169593811,1.1119760274887085,1.1086474657058716,1.1096439361572266,0.0,0.00021081316828008845,0.00021079095030663436
2020-01-22,1.108561396598816,1.1097793579101562,1.1071622371673584,1.1085859537124634,0.0,-0.0010198972346647794,-0.0010204176837492315
2020-01-23,1.1096439361572266,1.1103215217590332,1.1037039756774902,1.1097548007965088,0.0,0.0009765264799332929,0.0009760499881296328
2020-01-24,1.1055220365524292,1.1060845851898191,1.1021226644515991,1.105534315109253,0.0,-0.0037146146349177345,-0.0037215309488002925
2020-01-27,1.102535843849182,1.103996515274048,1.1010063886642456,1.1026331186294556,0.0,-0.002701160722729412,-0.0027048154401574376
2020-01-28,1.101976990699768,1.102657437324524,1.099855899810791,1.101964831352234,0.0,-0.0005068798012614062,-0.0005070083082547705
2020-01-29,1.1022562980651855,1.1030223369598389,1.099323868751526,1.102292776107788,0.0,0.0002534602516883755,0.00025342813606535716
2020-01-30,1.1016855239868164,1.1036553382873535,1.1008244752883911,1.101406455039978,0.0,-0.000517823376805393,-0.000517957493631393
2020-01-31,1.1029127836227417,1.1090162992477417,1.1017948389053345,1.1028763055801392,0.0,0.001113983627091697,0.0011133636077491934
2020-02-03,1.1089794635772705,1.108905553817749,1.104349970817566,1.108905553817749,0.0,0.0055005980931706056,0.005485525052044301
2020-02-04,1.1062926054000854,1.1065618991851809,1.1033873558044434,1.1062926054000854,0.0,-0.002422820498873768,-0.002425760277789674
2020-02-05,1.1047282218933103,1.1048502922058103,1.0998317003250122,1.104472041130066,0.0,-0.0014140775226544333,-0.0014150782738122072
2020-02-06,1.100231051445007,1.1012852191925049,1.0965512990951538,1.1000494956970217,0.0,-0.0040708387449320815,-0.00407914716479985
2020-02-07,1.0982975959777832,1.0986994504928589,1.0946906805038452,1.0981045961380005,0.0,-0.0017573176694881676,-0.0017588635635339997
2020-02-10,1.0949305295944214,1.0961307287216189,1.090959906578064,1.0948705673217771,0.0,-0.0030657140611913825,-0.003070422989157765
2020-02-11,1.0913456678390503,1.0927003622055054,1.089348316192627,1.091226577758789,0.0,-0.0032740540687078434,-0.003279425511196765
2020-02-12,1.091941475868225,1.0924997329711914,1.0887079238891602,1.0921800136566162,0.0,0.0005459388777842022,0.000545789907371758
2020-02-13,1.0875948667526243,1.0890873670578003,1.0835527181625366,1.0876421928405762,0.0,-0.003980624613736494,-0.003988568387690097
2020-02-14,1.0845986604690552,1.0862481594085691,1.0831302404403689,1.0845986604690552,0.0,-0.00275489189509992,-0.002758693593560904
2020-02-17,1.0841753482818604,1.0854003429412842,1.0830246210098269,1.0840578079223633,0.0,-0.00039029385027244956,-0.00039037003474076096
2020-02-18,1.0840108394622805,1.0839003324508667,1.078690528869629,1.0837054252624512,0.0,-0.00015173635873622082,-0.00015174787186215667
2020-02-19,1.079540491104126,1.0808473825454712,1.078360080718994,1.0794706344604492,0.0,-0.004123896362855595,-0.004132423073716513
2020-02-20,1.081009864807129,1.0821000337600708,1.0779578685760498,1.080964207649231,0.0,0.0013611103197250785,0.001360184848757387
2020-02-21,1.078799843788147,1.0863661766052246,1.078771948814392,1.078771948814392,0.0,-0.002044404117788723,-0.0020464967645173063
2020-02-24,1.0839051008224487,1.0863661766052246,1.0808473825454712,1.0838581323623655,0.0,0.004732348696283584,0.004721186336458318
2020-02-25,1.0849199295043943,1.088174819946289,1.083177089691162,1.084904670715332,0.0,0.0009362707871525267,0.0009358327590463808
2020-02-26,1.0881996154785156,1.090358018875122,1.085564136505127,1.0881001949310305,0.0,0.003022975138468942,0.0030184151366617726
2020-02-27,1.088589429855347,1.1005700826644895,1.088565707206726,1.088565707206726,0.0,0.00035821955024295526,0.00035815540493814473
2020-02-28,1.0997228622436523,1.10527765750885,1.095158338546753,1.0995535850524902,0.0,0.010227393434993015,0.010175447527352655
2020-03-02,1.1051311492919922,1.116407871246338,1.103728413581848,1.1052532196044922,0.0,0.00491786361275226,0.004905810422639446
2020-03-03,1.114404797554016,1.120749592781067,1.1097301244735718,1.1144297122955322,0.0,0.008391445909351924,0.008356433460812803
2020-03-04,1.118067979812622,1.1185681819915771,1.109693169593811,1.1177304983139038,0.0,0.003287119964528573,0.0032817291958698153
2020-03-05,1.113908290863037,1.1204482316970823,1.1121737957000732,1.113908290863037,0.0,-0.0037204257922510697,-0.0037273637898381047
2020-03-06,1.1223849058151243,1.135473370552063,1.1213905811309814,1.1223849058151243,0.0,0.007609796086103016,0.007580987646460575
2020-03-09,1.1386020183563232,1.1495838165283203,1.1356796026229858,1.1386150121688845,0.0,0.014448797785124645,0.014345408615899148
2020-03-10,1.139796018600464,1.1422958374023438,1.1334141492843628,1.1397439241409302,0.0,0.0010486546000194608,0.0010481051458759174
2020-03-11,1.1316505670547483,1.1365960836410522,1.1259005069732666,1.1316184997558594,0.0,-0.007146411649794571,-0.007172069563950822
2020-03-12,1.1261515617370603,1.1332857608795166,1.1080824136734009,1.1260753870010376,0.0,-0.004859278542138523,-0.004871123222760194
2020-03-13,1.1184931993484497,1.1221328973770142,1.1065373420715332,1.118355631828308,0.0,-0.006800472200027663,-0.006823700781210399
2020-03-16,1.115536093711853,1.1235400438308716,1.1088687181472778,1.115959405899048,0.0,-0.0026438297866444582,-0.0026473308768339967
2020-03-17,1.1163206100463867,1.1189061403274536,1.0957943201065063,1.1163331270217896,0.0,0.0007032639633588467,0.0007030167891367934
2020-03-18,1.101552128791809,1.1045000553131104,1.0831888914108276,1.1016855239868164,0.0,-0.013229605475047146,-0.013317896271767483
2020-03-19,1.0961546897888184,1.0945589542388916,1.0697933435440063,1.0943433046340942,0.0,-0.0048998489149221225,-0.004911892531991977
2020-03-20,1.0657345056533811,1.0829894542694092,1.0654505491256714,1.0658481121063232,0.0,-0.027751725571960928,-0.0281440807711631
2020-03-23,1.0694386959075928,1.0824854373931885,1.0660412311553955,1.0687528848648071,0.0,0.0034757157946581074,0.0034696894543758275
2020-03-24,1.0764610767364502,1.0888501405715942,1.0753382444381714,1.0764726400375366,0.0,0.006566417369906263,0.006544952365581136
2020-03-25,1.080263614654541,1.0849517583847046,1.0770175457000732,1.0801235437393188,0.0,0.003532443485666059,0.0035262190611547056
2020-03-26,1.0889569520950315,1.1025480031967163,1.0876539945602417,1.0887553691864014,0.0,0.008047422242644542,0.0080152144181938
2020-03-27,1.1048258543014526,1.1086474657058716,1.0955182313919067,1.1046184301376345,0.0,0.014572570730083667,0.014467411219748632
2020-03-30,1.113908290863037,1.1137841939926147,1.1012245416641235,1.1135361194610596,0.0,0.008220695167680647,0.008187089303251458
2020-03-31,1.1030466556549072,1.1043622493743896,1.092967867851257,1.1028398275375366,0.0,-0.00975092410858569,-0.00979877568790389
2020-04-01,1.102657437324524,1.1037527322769165,1.0918699502944946,1.1028155088424685,0.0,-0.0003528575408736634,-0.0003529198097441969
2020-04-02,1.0953621864318848,1.0962989330291748,1.0844340324401855,1.0950982570648191,0.0,-0.006616062836650616,-0.006638045995333951
2020-04-03,1.0847399234771729,1.085894227027893,1.0776199102401731,1.084386944770813,0.0,-0.009697489183293495,-0.009744816047908876
2020-04-06,1.0806955099105835,1.083435297012329,1.0769248008728027,1.0808240175247192,0.0,-0.003728463827186168,-0.0037354318739070817
2020-04-07,1.0803803205490112,1.0923351049423218,1.0791398286819458,1.0801936388015747,0.0,-0.0002916541788892113,-0.0002916967182406305
2020-04-08,1.0895144939422607,1.0896213054656982,1.083177089691162,1.0894314050674438,0.0,0.008454590683961927,0.008419050808379198
2020-04-09,1.0863661766052246,1.0943553447723389,1.0841801166534424,1.0861183404922483,0.0,-0.0028896516334027122,-0.0028938347371023966
2020-04-10,1.0927408933639526,1.0954102277755735,1.0921083688735962,1.0925976037979126,0.0,0.00586792639167788,0.005850777165835929
2020-04-13,1.0932666063308716,1.0968520641326904,1.089360237121582,1.093135118484497,0.0,0.00048109572004806367,0.00048098003060578255
2020-04-14,1.0922993421554563,1.0983941555023191,1.0915720462799072,1.0919533967971802,0.0,-0.0008847468401705916,-0.0008851384596626316
2020-04-15,1.098538875579834,1.0989010334014893,1.0857645273208618,1.0982372760772705,0.0,0.005712292577293887,0.005696039300324107
2020-04-16,1.0905101299285889,1.0907741785049438,1.0829660892486572,1.090381741523743,0.0,-0.007308567616241546,-0.007335406043470732
2020-04-17,1.0858471393585205,1.0893245935440063,1.0812681913375854,1.0860122442245483,0.0,-0.004275971806308454,-0.004285139918145141
2020-04-20,1.0866966247558594,1.0897043943405151,1.084304690361023,1.0866258144378662,0.0,0.0007823250313490071,0.0007820191746308519
2020-04-21,1.0864840745925903,1.0879971981048584,1.081794500350952,1.0863542556762695,0.0,-0.00019559291749593477,-0.0001956120482852273
2020-04-22,1.0856467485427856,1.0883169174194336,1.0824267864227295,1.0857409238815308,0.0,-0.0007706749407427882,-0.0007709720633413682
2020-04-23,1.080964207649231,1.0843987464904783,1.0758357048034668,1.0806838274002075,0.0,-0.004313134912290573,-0.00432246331143561
2020-04-24,1.077702283859253,1.0817711353302002,1.0727657079696655,1.0776326656341553,0.0,-0.0030176057328222816,-0.0030221678851646873
2020-04-27,1.08236825466156,1.0860357284545898,1.081221342086792,1.08236825466156,0.0,0.004329554527432444,0.004320208971249524
2020-04-28,1.0824854373931885,1.0889687538146973,1.0811277627944946,1.082719802856445,0.0,0.00010826512245132314,0.00010825926220592308
2020-04-29,1.0836584568023682,1.0874292850494385,1.0831655263900757,1.0832358598709106,0.0,0.0010836352792000792,0.0010830485703049676
2020-04-30,1.087725043296814,1.0969964265823364,1.083564519882202,1.0876659154891968,0.0,0.003752645927246556,0.0037456223174487475
2020-05-01,1.094546914100647,1.101624846458435,1.0935415029525757,1.094475030899048,0.0,0.006271686807133081,0.0062521016248604224
2020-05-04,1.0959625244140625,1.0957822799682615,1.0901321172714231,1.0957462787628174,0.0,0.0012933299570614398,0.0012924943262924613
2020-05-05,1.0904293060302734,1.092132329940796,1.0826963186264038,1.090453028678894,0.0,-0.005048729550992004,-0.00506151744593804
2020-05-06,1.0838581323623655,1.084481120109558,1.0784229040145874,1.0840108394622805,0.0,-0.00602622621344473,-0.00604445719420874
2020-05-07,1.0798553228378296,1.08157217502594,1.0767507553100586,1.0800535678863523,0.0,-0.0036931120457724953,-0.0036999484209204125
2020-05-08,1.0837171077728271,1.0873347520828247,1.0816305875778198,1.0836936235427856,0.0,0.0035762058614008385,0.003569826442106355
2020-05-11,1.0839520692825315,1.0853049755096436,1.0804269313812256,1.0840108394622805,0.0,0.00021681074149260127,0.00021678724144043578
2020-05-12,1.080940842628479,1.08804452419281,1.078539252281189,1.080917477607727,0.0,-0.0027780072010431534,-0.0027818730242306733
2020-05-13,1.0846810340881348,1.089336395263672,1.0831419229507446,1.0846339464187622,0.0,0.003460125949687365,0.003454153486910613
2020-05-14,1.08236825466156,1.0824854373931885,1.0776559114456177,1.0821925401687622,0.0,-0.0021322207671115034,-0.0021344971862724505
2020-05-15,1.0806955099105835,1.0849517583847046,1.079086184501648,1.0806254148483276,0.0,-0.0015454488283191958,-0.0015466442661771166
2020-05-18,1.0821340084075928,1.0912741422653198,1.0800886154174805,1.081946611404419,0.0,0.0013310858459365527,0.0013302007365226065
2020-05-19,1.0915124416351318,1.0975141525268557,1.090274691581726,1.0915838479995728,0.0,0.00866660982343559,0.008629270343230282
2020-05-20,1.0927767753601074,1.0999042987823486,1.0929200649261477,1.0930156707763672,0.0,0.0011583319408448034,0.00115766159200992
2020-05-21,1.0982975959777832,1.1008729934692385,1.093948245048523,1.097935914993286,0.0,0.00505210281016133,0.005039383759406821
2020-05-22,1.0952903032302856,1.0955302715301514,1.0886130332946775,1.095242261886597,0.0,-0.002738140153006774,-0.0027418957158269978
2020-05-25,1.0907801389694214,1.0914647579193115,1.0872046947479248,1.0909050703048706,0.0,-0.004117779777254138,-0.004126281178358824
2020-05-26,1.0902997255325315,1.0991548299789429,1.0898351669311523,1.0901083946228027,0.0,-0.00044043104538349365,-0.00044052806362397163
2020-05-27,1.0981770753860474,1.1029858589172363,1.093661189079285,1.098056435585022,0.0,0.007224939774857164,0.007198964933553618
2020-05-28,1.1016855239868164,1.1071866750717163,1.0993118286132812,1.1015278100967407,0.0,0.0031947931525848627,0.0031897006443984094
2020-05-29,1.1079105138778689,1.114466905593872,1.1070396900177002,1.1078122854232788,0.0,0.005650423605935373,0.005634519843012668
2020-06-01,1.1118524074554443,1.115200161933899,1.1101489067077637,1.1114568710327148,0.0,0.0035579530369995727,0.0035516384955549527
2020-06-02,1.1125946044921875,1.1195701360702517,1.1115680932998655,1.1125574111938477,0.0,0.0006675319779554378,0.0006673092775855425
2020-06-03,1.118943691253662,1.1249985694885254,1.118105411529541,1.1185681819915771,0.0,0.005706559007063072,0.005690338279647767
2020-06-04,1.1235954761505127,1.1360538005828855,1.1195951700210571,1.123721718788147,0.0,0.0041573002584596175,0.004148682561719183
2020-06-05,1.1337867975234983,1.1383945941925049,1.1285662651062012,1.1337226629257202,0.0,0.009070276259834698,0.00902938836116282
2020-06-08,1.1319515705108645,1.131874680519104,1.126950979232788,1.1316057443618774,0.0,-0.0016186702973103317,-0.0016199817594836688
2020-06-09,1.1305567026138306,1.1363377571105957,1.1243661642074585,1.1302883625030518,0.0,-0.001232268175929474,-0.0012330280426620514
2020-06-10,1.1332215070724487,1.1388872861862185,1.1334141492843628,1.1334141492843628,0.0,0.002357072805333038,0.00235429926666161
2020-06-11,1.1365444660186768,1.1400169134140017,1.1326054334640503,1.1368675231933594,0.0,0.0029323119315063373,0.0029280210908834464
2020-06-12,1.1288082599639893,1.1339796781539917,1.1234692335128784,1.1289358139038086,0.0,-0.006806778164859195,-0.00683004994336145
2020-06-15,1.1252011060714722,1.12920343875885,1.1228764057159424,1.1254163980484009,0.0,-0.003195541723474027,-0.003200658370140185
2020-06-16,1.1337740421295166,1.1349835395812988,1.1231664419174194,1.13379967212677,0.0,0.007619025622873643,0.007590147436824098
2020-06-17,1.1265701055526731,1.1296881437301636,1.1210259199142456,1.12649405002594,0.0,-0.006353943827566044,-0.006374216046632514
2020-06-18,1.1242902278900146,1.1262530088424685,1.1204607486724854,1.1241259574890137,0.0,-0.0020237334999583245,-0.002025784015529507
2020-06-19,1.1211000680923462,1.1252998113632202,1.1173933744430542,1.1207244396209717,0.0,-0.002837487793214688,-0.0028415210931360207
2020-06-22,1.1177555322647097,1.126773238182068,1.1175556182861328,1.1179429292678833,0.0,-0.0029832625318875206,-0.0029877213296054883
2020-06-23,1.1279679536819458,1.1348998546600342,1.1234314441680908,1.1277135610580444,0.0,0.009136542940247905,0.009095057230979923
2020-06-24,1.1312345266342163,1.1326310634613037,1.1259866952896118,1.1313625574111938,0.0,0.002895980281716115,0.0028917950091841924
2020-06-25,1.1250872611999512,1.1259993314743042,1.119144082069397,1.1251378059387207,0.0,-0.005434121121245528,-0.0054489396656502145
2020-06-26,1.1222084760665894,1.1238985061645508,1.1197832822799685,1.1220825910568235,0.0,-0.00255872164999138,-0.0025620007730021385
2020-06-29,1.1225864887237549,1.1289230585098269,1.1220574378967283,1.1224100589752195,0.0,0.000336847087887282,0.0003367903676439813
2020-06-30,1.1247202157974243,1.126164197921753,1.1192318201065063,1.124707579612732,0.0,0.0019007239932979925,0.0018989199031385483
2020-07-01,1.1235954761505127,1.1274592876434326,1.1189186573028564,1.123368263244629,0.0,-0.0010000172763980908,-0.0010005176272754655
2020-07-02,1.1251378059387207,1.1303266286849976,1.1227755546569824,1.1253403425216677,0.0,0.0013726735475050322,0.0013717322924298595
2020-07-03,1.1237848997116089,1.125112533569336,1.122107744216919,1.123974323272705,0.0,-0.0012024360215885377,-0.001203159527819667
2020-07-06,1.1247202157974243,1.134687423706055,1.1248847246170044,1.1248847246170044,0.0,0.0008322910247819948,0.0008319448626654612
2020-07-07,1.1312856674194336,1.1336582899093628,1.126037359237671,1.131029725074768,0.0,0.005837408743786465,0.005820437088329796
2020-07-08,1.1275228261947632,1.1345586776733398,1.1265194416046145,1.1272813081741333,0.0,-0.0033261636145835993,-0.0033317075936469443
2020-07-09,1.1339154243469238,1.137268304824829,1.128795504570007,1.1337867975234983,0.0,0.0056695953320384795,0.005653583667688177
2020-07-10,1.128795504570007,1.1324771642684937,1.1257203817367554,1.1289230585098269,0.0,-0.004515257193776656,-0.004525481756836305
2020-07-13,1.1310042142868042,1.1370484828948977,1.130454421043396,1.1308763027191162,0.0,0.0019566960604069372,0.0019547842241859023
2020-07-14,1.134549617767334,1.140706181526184,1.1326310634613037,1.1345844268798828,0.0,0.003134739407461451,0.003129836355739189
2020-07-15,1.1410704851150513,1.1452995538711548,1.1393544673919678,1.141083598136902,0.0,0.005747538270340025,0.005731084189124986
2020-07-16,1.1417193412780762,1.1442996263504028,1.1379542350769043,1.141734957695007,0.0,0.0005686381091167814,0.0005684764957306626
2020-07-17,1.139211654663086,1.144164800643921,1.137889385223389,1.1386499404907229,0.0,-0.0021964124845104127,-0.0021988281362380624
2020-07-20,1.1442956924438477,1.1467890739440918,1.1405240297317505,1.1439553499221802,0.0,0.004462768406512829,0.004452839784056593
2020-07-21,1.1458691358566284,1.1498006582260132,1.1426221132278442,1.1457641124725342,0.0,0.001375032190692238,0.001374087699634121
2020-07-22,1.15340256690979,1.160092830657959,1.1508538722991943,1.1535090208053589,0.0,0.006574425313873089,0.006552908037431887
2020-07-23,1.1568717956542969,1.1624257564544678,1.15421462059021,1.156671166419983,0.0,0.0030078212447555153,0.003003306800597305
2020-07-24,1.1596084833145142,1.164008855819702,1.1581714153289795,1.1595009565353394,0.0,0.00236559286041671,0.002362799250454524
2020-07-27,1.1652567386627195,1.1779533624649048,1.1652567386627195,1.1652567386627195,0.0,0.004870829620063688,0.004859005509410978
2020-07-28,1.1769275665283203,1.1775789260864258,1.1700997352600098,1.1766505241394043,0.0,0.01001567077740706,0.009965846353997186
2020-07-29,1.171879529953003,1.1778993606567385,1.1714951992034912,1.17205810546875,0.0,-0.004289165041998277,-0.0042983898977795604
2020-07-30,1.1782865524291992,1.1807351112365725,1.17326819896698,1.1786893606185913,0.0,0.005467304712160281,0.0054524132545194165
2020-07-31,1.1872254610061646,1.1907994747161863,1.180261254310608,1.1873664855957031,0.0,0.007586362212601561,0.007557730482728887
2020-08-03,1.1782310009002686,1.17875874042511,1.1701380014419556,1.1784114837646484,0.0,-0.0075760337032135805,-0.007604877620557198
2020-08-04,1.1763322353363037,1.180498123168945,1.1724153757095337,1.1760554313659668,0.0,-0.0016115393013034218,-0.0016128392275391056
2020-08-05,1.181544303894043,1.190532922744751,1.1799967288970947,1.1814883947372437,0.0,0.004430779333569168,0.004420992329538805
2020-08-06,1.187281847000122,1.1911852359771729,1.182075023651123,1.1873664855957031,0.0,0.0048559695029375405,0.004844217313191569
2020-08-07,1.1876484155654907,1.1883541345596311,1.1756545305252075,1.187507390975952,0.0,0.0003087460372570572,0.0003086983850073394
2020-08-10,1.178272724151611,1.1801999807357788,1.174300193786621,1.1782448291778564,0.0,-0.007894332439634888,-0.007925657651976599
2020-08-11,1.1737778186798096,1.180498123168945,1.1723191738128662,1.1737639904022217,0.0,-0.0038148260412613766,-0.0038221210488238013
2020-08-12,1.1736538410186768,1.181265115737915,1.1713030338287354,1.1739845275878906,0.0,-0.00010562276706871376,-0.00010562834554598832
2020-08-13,1.179380178451538,1.186400055885315,1.179467797279358,1.1796486377716064,0.0,0.00487906845504904,0.004867204375342793
2020-08-14,1.1816558837890625,1.183800458908081,1.178467035293579,1.1818934679031372,0.0,0.001929577399301552,0.0019277181561497953
2020-08-17,1.1852554082870483,1.1880717277526855,1.183039903640747,1.185044765472412,0.0,0.003046169826061096,0.0030415396512393574
2020-08-18,1.1876484155654907,1.1965157985687256,1.1875356435775757,1.187930703163147,0.0,0.002018980265106496,0.0020169448636142393
2020-08-19,1.1947859525680542,1.1954572200775146,1.1893434524536133,1.1947288513183594,0.0,0.006009806361055858,0.005991819503850231
2020-08-20,1.1843500137329102,1.1868449449539185,1.1806515455245972,1.184174656867981,0.0,-0.008734567738023058,-0.008772937668035469
2020-08-21,1.1873664855957031,1.1886366605758667,1.1754900217056274,1.1870845556259155,0.0,0.002546942903547178,0.002543704941241629
2020-08-24,1.1798018217086792,1.1852554082870483,1.1786198616027832,1.1799131631851196,0.0,-0.006370959580544899,-0.006391340754740066
2020-08-25,1.1794538497924805,1.184413194656372,1.178480863571167,1.179523468017578,0.0,-0.0002949409890677934,-0.00029498449271552575
2020-08-26,1.183501958847046,1.1839923858642578,1.1776067018508911,1.1833338737487793,0.0,0.0034321894453757107,0.00342631292556195
2020-08-27,1.1842728853225708,1.189852952957153,1.1766228675842283,1.1840205192565918,0.0,0.000651394338439415,0.0006511822732343915
2020-08-28,1.1819632053375244,1.1920371055603027,1.1811953783035278,1.1820470094680786,0.0,-0.0019502937318516267,-0.0019521980310365427
2020-08-31,1.1918240785598757,1.1963582038879397,1.188509464263916,1.1916537284851074,0.0,0.008342792041090119,0.008308183307316435
2020-09-01,1.193901538848877,1.2011290788650513,1.1937304735183716,1.1939157247543335,0.0,0.0017430930674864342,0.0017415756438499876
2020-09-02,1.1923214197158811,1.1924351453781128,1.182410478591919,1.1923072338104248,0.0,-0.0013234919979409066,-0.0013243685869996468
2020-09-03,1.184735894203186,1.184805989265442,1.1789672374725342,1.1845955848693848,0.0,-0.006361980408355561,-0.006382304050645197
2020-09-04,1.1839784383773804,1.186352252960205,1.178175449371338,1.184370994567871,0.0,-0.0006393457221240961,-0.0006395501907557035
2020-09-07,1.183445930480957,1.1848621368408203,1.181376814842224,1.183656096458435,0.0,-0.00044976148142794603,-0.0004498626544599933
2020-09-08,1.182172775268555,1.1828720569610596,1.1767197847366333,1.181921362876892,0.0,-0.0010758034478893785,-0.0010763825397819159
2020-09-09,1.177024483680725,1.183053970336914,1.175364375114441,1.1769136190414429,0.0,-0.004354940069280722,-0.004364450442230898
2020-09-10,1.1806375980377195,1.1914690732955933,1.1802891492843628,1.1806375980377195,0.0,0.0030697019536038983,0.0030650000384232798
2020-09-11,1.1824384927749634,1.1876484155654907,1.182592272758484,1.1826202869415283,0.0,0.001525357772983904,0.0015241955964892995
2020-09-14,1.1842728853225708,1.188800573348999,1.1833059787750244,1.184356927871704,0.0,0.0015513640318849387,0.0015501619098305707
2020-09-15,1.187000036239624,1.1900993585586548,1.1841466426849363,1.186690092086792,0.0,0.0023028061782486287,0.0023001587836135036
2020-09-16,1.1844412088394165,1.1883004903793335,1.1814604997634888,1.1842728853225708,0.0,-0.0021557096226498818,-0.0021580365093011983
2020-09-17,1.1803449392318726,1.1830118894577026,1.1741636991500854,1.1804285049438477,0.0,-0.003458398421950948,-0.0034643925057169208
2020-09-18,1.1848200559616089,1.1871000528335571,1.1831238269805908,1.1852554082870483,0.0,0.0037913635082373887,0.003784194404350613
2020-09-21,1.1845533847808838,1.187300205230713,1.17326819896698,1.1845533847808838,0.0,-0.00022507314877340256,-0.00022509848153577297
2020-09-22,1.176800012588501,1.1773016452789309,1.169344425201416,1.1761800050735474,0.0,-0.006545397017979959,-0.006566912063439029
2020-09-23,1.1708368062973022,1.172000527381897,1.1664936542510986,1.1707545518875122,0.0,-0.005067306447492315,-0.005080188782394758
2020-09-24,1.1658544540405271,1.168100118637085,1.16296648979187,1.1661943197250366,0.0,-0.004255377205412136,-0.004264457091039797
2020-09-25,1.1673243045806885,1.168510913848877,1.1613458395004272,1.1673650741577148,0.0,0.001260749603063438,0.0012599555256344206
2020-09-28,1.1635348796844482,1.167965054512024,1.1616694927215576,1.1635076999664309,0.0,-0.0032462486057818207,-0.0032515291017523847
2020-09-29,1.167883276939392,1.1741636991500854,1.1666569709777832,1.1677740812301636,0.0,0.003737229825137023,0.003730263732286211
2020-09-30,1.1742050647735596,1.1756407022476196,1.168606519699097,1.1742740869522097,0.0,0.005413030530529328,0.005398432735944618
2020-10-01,1.1726078987121582,1.1767003536224363,1.1718108654022217,1.1723741292953491,0.0,-0.001360210502676873,-0.0013611364287141254
2020-10-02,1.1744946241378784,1.1747002601623535,1.1697137355804443,1.1744118928909302,0.0,0.0016089994172752142,0.0016077063645410661
2020-10-05,1.1720443964004517,1.179662585258484,1.1719304323196411,1.172195553779602,0.0,-0.0020861974904528013,-0.002088376631710885
2020-10-06,1.1792453527450562,1.1807351112365725,1.1767336130142212,1.178828239440918,0.0,0.006143927966141716,0.006125130992924238
2020-10-07,1.1737639904022217,1.178139328956604,1.172540545463562,1.173736572265625,0.0,-0.004648194991886068,-0.0046590314432261234
2020-10-08,1.176747441291809,1.178133845329285,1.173529863357544,1.1765536069869995,0.0,0.0025417808980194856,0.002538556036391257
2020-10-09,1.1767003536224363,1.1824523210525513,1.1758756637573242,1.1767059564590454,0.0,-4.0015102408919034e-05,-4.001590303448758e-05
2020-10-12,1.181683897972107,1.182732105255127,1.1788004636764526,1.1813349723815918,0.0,0.004235185563027155,0.0042262424063774584
2020-10-13,1.1816140413284302,1.1814186573028564,1.1735711097717283,1.1814186573028564,0.0,-5.911618479070846e-05,-5.911793222122852e-05
2020-10-14,1.1742188930511477,1.177024483680725,1.1721680164337158,1.1743981838226318,0.0,-0.006258514217526101,-0.006278180816362914
2020-10-15,1.1743981838226318,1.1760554313659668,1.1690163612365725,1.17475688457489,0.0,0.0001526893942391805,0.00015267773840009084
2020-10-16,1.1707134246826172,1.1746740341186523,1.169494867324829,1.1705764532089231,0.0,-0.003137572239784059,-0.0031425047396492416
2020-10-19,1.171550154685974,1.179523468017578,1.1704941987991333,1.1715638637542725,0.0,0.0007147180392019781,0.00071446274989687
2020-10-20,1.176885962486267,1.1839923858642578,1.1762629747390747,1.1768028736114502,0.0,0.0045544851656167396,0.004544144882611173
2020-10-21,1.1829839944839478,1.1882128715515137,1.1829279661178589,1.1829279661178589,0.0,0.005181497776384436,0.005168120008133394
2020-10-22,1.1853959560394287,1.1869436502456665,1.1813349723815918,1.1851290464401243,0.0,0.002038879280469974,0.002036803587023197
2020-10-23,1.1815024614334106,1.1859582662582395,1.1788004636764526,1.181404709815979,0.0,-0.003284551955978321,-0.0032899579374845926
2020-10-26,1.184848070144653,1.1851009130477903,1.1804006099700928,1.184834122657776,0.0,0.0028316561500714155,0.00282765456409247
2020-10-27,1.180944323539734,1.183800458908081,1.179940938949585,1.180944323539734,0.0,-0.0032947233516972263,-0.003300162903845182
2020-10-28,1.1784114837646484,1.178828239440918,1.1719304323196411,1.17816162109375,0.0,-0.0021447579912098336,-0.0021470612785488377
2020-10-29,1.1748672723770142,1.1759172677993774,1.165623426437378,1.1747430562973022,0.0,-0.003007617828291731,-0.003012149800032766
2020-10-30,1.1678695678710938,1.1703435182571411,1.1643069982528689,1.1676785945892334,0.0,-0.005956166003128649,-0.005973974709475419
2020-11-02,1.1642121076583862,1.165699481964111,1.162439227104187,1.164252758026123,0.0,-0.0031317368936795154,-0.0031366510442316082
2020-11-03,1.1642799377441406,1.1741995811462402,1.163805603981018,1.1642799377441406,0.0,5.826265274877507e-05,5.826095554634443e-05
2020-11-04,1.176221489906311,1.176885962486267,1.1607661247253418,1.1764568090438845,0.0,0.010256598756917423,0.010204356761020732
2020-11-05,1.17326819896698,1.1856770515441897,1.171275615692139,1.1729930639266968,0.0,-0.0025108289252275817,-0.002513986342437094
2020-11-06,1.1817537546157837,1.1890605688095093,1.1796208620071411,1.1814186573028564,0.0,0.007232409142491791,0.007206380695062468
2020-11-09,1.1893010139465332,1.1919234991073608,1.179746150970459,1.1893151998519895,0.0,0.006386490672249501,0.006366183456068054
2020-11-10,1.182732105255127,1.184356927871704,1.178078293800354,1.1823265552520752,0.0,-0.005523335652097172,-0.0055386456714018525
2020-11-11,1.1818794012069702,1.1832919120788574,1.1747292280197144,1.1819632053375244,0.0,-0.0007209612763262596,-0.000721221293889815
2020-11-12,1.1780297756195068,1.182300090789795,1.1759587526321411,1.1778701543807983,0.0,-0.003257206770447163,-0.0032625230156320003
2020-11-13,1.1803393363952637,1.1833899021148682,1.1799688339233398,1.1805260181427002,0.0,0.0019605283529799955,0.0019586090254565085
2020-11-16,1.1845253705978394,1.186873197555542,1.1814744472503662,1.1844271421432495,0.0,0.0035464667435043395,0.00354019285936168
2020-11-17,1.1859441995620728,1.1892727613449097,1.1845533847808838,1.1859723329544067,0.0,0.0011978037781641415,0.0011970869835477517
2020-11-18,1.186366319656372,1.1891002655029297,1.1851149797439575,1.186436653137207,0.0,0.000355935881684033,0.0003558725515353005
2020-11-19,1.1847639083862305,1.1855363845825195,1.1817398071289062,1.1842869520187378,0.0,-0.001350688437114167,-0.0013516014389545322
2020-11-20,1.1866477727890017,1.1890889406204224,1.185185194015503,1.1867464780807495,0.0,0.0015900757859321768,0.0015888129539181797
2020-11-23,1.1866477727890017,1.1905895471572876,1.1803170442581177,1.1865352392196655,0.0,0.0,0.0
2020-11-24,1.1842728853225708,1.1893858909606934,1.1838942766189575,1.1841803789138794,0.0,-0.0020013415276962654,-0.0020033468877050592
2020-11-25,1.1900511980056765,1.192804932594299,1.1882835626602173,1.1900511980056765,0.0,0.004879207110725758,0.004867342357784169
2020-11-26,1.1920002698898315,1.1940997838974,1.1886931657791138,1.1917530298233032,0.0,0.001637805068741116,0.0016364653286421252
2020-11-27,1.191599726676941,1.1961865425109863,1.1910717487335205,1.1911852359771729,0.0,-0.00033602610922867093,-0.00033608257865220067
2020-11-30,1.1971460580825806,1.2002063989639282,1.1944148540496826,1.197074294090271,0.0,0.004654525577231228,0.004643726768977662
2020-12-01,1.193816065788269,1.2053565979003906,1.1935994625091553,1.1937732696533203,0.0,-0.0027816090374511715,-0.0027854849009629613
2020-12-02,1.2074378728866575,1.210741639137268,1.2040793895721436,1.2069860696792605,0.0,0.011410306402095616,0.01134569984525999
2020-12-03,1.2114603519439695,1.2175003290176392,1.2102434635162354,1.2113430500030518,0.0,0.0033314170009388633,0.0033258801250090177
2020-12-04,1.2145650386810305,1.2177746295928955,1.2133712768554688,1.2145354747772217,0.0,0.0025627638016210152,0.002559485522245511
2020-12-07,1.212135910987854,1.2163525819778442,1.2080796957015991,1.2120624780654907,0.0,-0.001999998037004569,-0.0020020007037437897
2020-12-08,1.2113136053085327,1.213415503501892,1.2097164392471311,1.2109469175338743,0.0,-0.0006783939588516086,-0.0006786241721560766
2020-12-09,1.2110936641693115,1.214900016784668,1.207394003868103,1.2109909057617188,0.0,-0.0001815724171323474,-0.00018158890339934348
2020-12-10,1.207875370979309,1.2158055305480957,1.2080358266830444,1.2081671953201294,0.0,-0.0026573445846650445,-0.002660881592207315
2020-12-11,1.2144293785095217,1.216397047042847,1.210785746574402,1.214343786239624,0.0,0.005426062727728942,0.005411394685255718
2020-12-14,1.213340401649475,1.217404007911682,1.2117539644241333,1.213356614112854,0.0,-0.0008966983830571706,-0.0008971006575494956
2020-12-15,1.214889645576477,1.2166485786437988,1.212694525718689,1.2148748636245728,0.0,0.0012768419520983176,0.0012760274826384625
2020-12-16,1.2154301404953003,1.2212995290756226,1.2146978378295898,1.215376853942871,0.0,0.00044489219312326966,0.0004447932579340932
2020-12-17,1.2199585437774658,1.2263002395629885,1.2192445993423462,1.219705581665039,0.0,0.0037257618774535484,0.003718838418115041
2020-12-18,1.226271629333496,1.2268433570861816,1.2227181196212769,1.2261964082717896,0.0,0.005174836135400485,0.0051614926845374685
2020-12-21,1.221612811088562,1.223466157913208,1.213076949119568,1.221060872077942,0.0,-0.003799173146871393,-0.0038064083361426973
2020-12-22,1.223690629005432,1.2259002923965454,1.216604232788086,1.2238404750823977,0.0,0.0017008809157939009,0.0016994360559733645
2020-12-23,1.2186651229858398,1.2219412326812744,1.2157758474349976,1.2185908555984497,0.0,-0.004106843593038367,-0.004115299835438132
2020-12-24,1.2191405296325684,1.2217471599578855,1.2179378271102903,1.219393253326416,0.0,0.00039010441651421424,0.0003900283455694203
2020-12-25,1.2184720039367676,1.2212995290756226,1.2167004346847534,1.2184720039367676,0.0,-0.000548358191325371,-0.0005485085946641497
2020-12-28,1.2205095291137695,1.2252004146575928,1.218353271484375,1.220703125,0.0,0.0016721969568598283,0.0016708003921992543
2020-12-29,1.2223445177078247,1.2275993824005127,1.2220009565353394,1.2220009565353394,0.0,0.001503461095783143,0.001502332029679512
2020-12-30,1.225295066833496,1.2308752536773682,1.2252049446105957,1.2253249883651731,0.0,0.002413844119172115,0.0024109354771881916
2020-12-31,1.2299896478652954,1.230950951576233,1.222299575805664,1.229906439781189,0.0,0.003831388176507966,0.003824067102786903
2021-01-01,1.218026876449585,1.221699357032776,1.2134994268417358,1.217285394668579,0.0,-0.00972591227614994,-0.009773517884413802
2021-01-04,1.2250697612762451,1.23099946975708,1.2171372175216677,1.2249047756195068,0.0,0.005782208063576988,0.005765555261008046
2021-01-05,1.2251598834991455,1.2294830083847046,1.2249947786331177,1.225295066833496,0.0,7.356497217481106e-05,7.356226640494462e-05
2021-01-06,1.230027437210083,1.2350252866744995,1.2266929149627686,1.22986102104187,0.0,0.003972994689505738,0.003965123188171507
2021-01-07,1.2341108322143557,1.2345678806304932,1.2246646881103516,1.2337758541107178,0.0,0.003319759284016177,0.003314261048349765
2021-01-08,1.227144479751587,1.2282146215438845,1.2214934825897217,1.2268733978271484,0.0,-0.005644835359129852,-0.005660827653219397
2021-01-11,1.218620538711548,1.2199585437774658,1.2134743928909302,1.2187838554382324,0.0,-0.00694615929964848,-0.006970396164782812
2021-01-12,1.2160701751708984,1.217848777770996,1.213886857032776,1.2161602973937988,0.0,-0.0020928282920179564,-0.0020950213174325376
2021-01-13,1.220889449119568,1.2224938869476318,1.2155394554138184,1.2209266424179075,0.0,0.0039629900042505994,0.003955158044529991
2021-01-14,1.2162491083145142,1.217285394668579,1.2113136053085327,1.2161750793457031,0.0,-0.0038007870478364847,-0.003808028393292716
2021-01-15,1.2151259183883667,1.2162491083145142,1.208473801612854,1.2153000831604004,0.0,-0.000923486741711943,-0.0009239134183000088
2021-01-18,1.2068113088607788,1.2086198329925537,1.205545425415039,1.206723928451538,0.0,-0.006842590880306143,-0.006866108748783546
2021-01-19,1.207729458808899,1.2144912481307983,1.2078461647033691,1.2078461647033691,0.0,0.0007608065497719529,0.0007605172831768469
2021-01-20,1.213886857032776,1.2160005569458008,1.207773208618164,1.2139458656311035,0.0,0.005098325770698464,0.0050853733131119285
2021-01-21,1.2115631103515625,1.2171964645385742,1.2109909057617188,1.211533784866333,0.0,-0.0019143025297215788,-0.0019161371485267263
2021-01-22,1.2166293859481812,1.2188003063201904,1.2151997089385986,1.2166190147399902,0.0,0.004181602719109279,0.004172884115166977
2021-01-25,1.216944694519043,1.218599796295166,1.2117246389389038,1.2168558835983276,0.0,0.00025916567074868446,0.00025913209312755636
2021-01-26,1.214624047279358,1.2175003290176392,1.2108443975448608,1.2143291234970093,0.0,-0.001906945525246062,-0.0019087660606736155
2021-01-27,1.216299295425415,1.2171372175216677,1.2061998844146729,1.2163230180740356,0.0,0.0013792318288194938,0.0013782815622589177
2021-01-28,1.2105072736740112,1.214399814605713,1.2082401514053345,1.2104778289794922,0.0,-0.004762003705163664,-0.004773378169334243
2021-01-29,1.2120037078857422,1.2157005071640017,1.2095993757247925,1.212135910987854,0.0,0.001236204229644322,0.0012354407583351585
2021-02-01,1.2123857736587524,1.2136069536209106,1.2069132328033447,1.2122827768325806,0.0,0.0003152348219104262,0.0003151851458534282
2021-02-02,1.2068694829940796,1.208795189857483,1.2018364667892456,1.2067675590515137,0.0,-0.004549946712114394,-0.00456032922487926
2021-02-03,1.203905463218689,1.204999327659607,1.200494647026062,1.203905463218689,0.0,-0.002455957182741275,-0.0024589779925830125
2021-02-04,1.2042388916015625,1.2043839693069458,1.1967161893844604,1.2041809558868408,0.0,0.0002769556190749256,0.000276917273947226
2021-02-05,1.1966731548309326,1.2039779424667358,1.1953572034835815,1.1967447996139526,0.0,-0.006282587967714526,-0.006302406474781382
2021-02-08,1.2048773765563965,1.2068549394607544,1.2021398544311523,1.2049354314804075,0.0,0.006855858420775629,0.006832463888964413
2021-02-09,1.2053595781326294,1.211475133895874,1.2050195932388306,1.2052549123764038,0.0,0.0004002080092257998,0.0004001279473606964
2021-02-10,1.2119992971420288,1.2143733501434326,1.2110203504562378,1.2116951942443848,0.0,0.005508496493374926,0.005493380213142898
2021-02-11,1.2121212482452393,1.2150993347167969,1.2114311456680298,1.2119449377059937,0.0,0.0001006197804718223,0.0001006147186412552
2021-02-12,1.2131506204605105,1.213592290878296,1.2083992958068848,1.213003396987915,0.0,0.0008492320522897057,0.0008488716587744375
2021-02-15,1.2122093439102173,1.214699387550354,1.2117393016815186,1.212106466293335,0.0,-0.0007758942166108396,-0.0007761953783183526
2021-02-16,1.2132196426391602,1.2171002626419067,1.2095847129821775,1.2132388353347778,0.0,0.0008334358533188535,0.0008330887385099504
2021-02-17,1.2092483043670654,1.2098335027694702,1.202558994293213,1.2088537216186523,0.0,-0.0032733877135847633,-0.003278756967448048
2021-02-18,1.2048004865646362,1.2089003324508667,1.2036300897598269,1.2045869827270508,0.0,-0.0036781674916279705,-0.0036849485827756168
2021-02-19,1.209189772605896,1.2147716283798218,1.208299994468689,1.2091752290725708,0.0,0.003643164233586349,0.003636543984999715
2021-02-22,1.2126356363296509,1.2155098915100098,1.2092190980911257,1.212444543838501,0.0,0.0028497294649860727,0.0028456766837020647
2021-02-23,1.2166796922683716,1.2178784608840942,1.213680624961853,1.2166930437088013,0.0,0.0033349308049044346,0.003329382255763756
2021-02-24,1.215214490890503,1.217404007911682,1.2111302614212036,1.2151997089385986,0.0,-0.0012042622122976354,-0.001204987918721342
2021-02-25,1.2171372175216677,1.224155068397522,1.2156577110290527,1.2169506549835205,0.0,0.0015822117375803302,0.001580961359324078
2021-02-26,1.2160420417785645,1.2182493209838867,1.2091752290725708,1.216012477874756,0.0,-0.0008997964463968167,-0.0009002015062184444
2021-03-01,1.208956003189087,1.2101556062698364,1.2029930353164673,1.2090904712677002,0.0,-0.005827132900038223,-0.005844176882910137
2021-03-02,1.2051095962524414,1.2080358266830444,1.1994003057479858,1.204906344413757,0.0,-0.0031815938102786046,-0.0031866658408165566
2021-03-03,1.208546757698059,1.2110495567321775,1.204470992088318,1.208503007888794,0.0,0.0028521567302313144,0.002848097048624638
2021-03-04,1.2050660848617554,1.2064006328582764,1.2025011777877808,1.204833745956421,0.0,-0.0028800481356082708,-0.0028842034545033873
2021-03-05,1.1967735290527344,1.196859359741211,1.1897962093353271,1.196859359741211,0.0,-0.006881411661313397,-0.00690519775863099
2021-03-08,1.1925631761550903,1.1932177543640137,1.184834122657776,1.1924636363983154,0.0,-0.0035180865848333243,-0.0035242896042219775
2021-03-09,1.185171127319336,1.191599726676941,1.1836141347885132,1.18519926071167,0.0,-0.006198454709617107,-0.006217744884170941
2021-03-10,1.1897906064987185,1.1925063133239746,1.187000036239624,1.189668893814087,0.0,0.0038977317898649666,0.003890155314310437
2021-03-11,1.1926058530807495,1.1977769136428833,1.1917104721069336,1.1927480697631836,0.0,0.002366169783703187,0.0023633748120306186
2021-03-12,1.1986095905303955,1.199040770530701,1.191057562828064,1.198164463043213,0.0,0.00503413381222062,0.005021504926535071
2021-03-15,1.1950000524520874,1.1965444087982178,1.1911852359771729,1.1951143741607666,0.0,-0.0030114376748069382,-0.0030159811771838406
2021-03-16,1.1925773620605469,1.1953001022338867,1.188438892364502,1.192733883857727,0.0,-0.0020273558871979347,-0.002029413754968581
2021-03-17,1.190164566040039,1.1917999982833862,1.1887637376785278,1.1902097463607788,0.0,-0.002023177780549945,-0.0020252271693676203
2021-03-18,1.1982792615890503,1.1990997791290283,1.1910150051116943,1.198063850402832,0.0,0.006818129005479179,0.006794990677772875
2021-03-19,1.1918240785598757,1.1937447786331177,1.1874933242797852,1.191767334938049,0.0,-0.005387043935496605,-0.005401606379240041
2021-03-22,1.1883116960525513,1.1937447786331177,1.1876062154769895,1.188452959060669,0.0,-0.002947064563059154,-0.0029514157086693777
2021-03-23,1.193303108215332,1.1943150758743286,1.186436653137207,1.1933317184448242,0.0,0.00420042332273729,0.004191626170597192
2021-03-24,1.1840205192565918,1.1851149797439575,1.1813349723815918,1.184118628501892,0.0,-0.007778902857818792,-0.0078093163477120295
2021-03-25,1.1813069581985474,1.1830118894577026,1.1775233745574951,1.181376814842224,0.0,-0.002291819283459895,-0.002294449520728023
2021-03-26,1.1776621341705322,1.1804006099700928,1.1772600412368774,1.1776067018508911,0.0,-0.0030854165403151335,-0.0030901862514860034
2021-03-29,1.1788004636764526,1.179356575012207,1.1761800050735474,1.1787601709365845,0.0,0.0009666010928697233,0.0009661342348527806
2021-03-30,1.177100658416748,1.1775789260864258,1.1713168621063232,1.1769136190414429,0.0,-0.00144197878443586,-0.0014430194363622135
2021-03-31,1.1723604202270508,1.1758618354797363,1.1704530715942385,1.172333002090454,0.0,-0.004027045738019597,-0.004035176121666364
2021-04-01,1.1728830337524414,1.1775789260864258,1.1714814901351929,1.1728966236114502,0.0,0.0004457788887903824,0.00044567955889988594
2021-04-02,1.177994966506958,1.1787004470825195,1.1751433610916138,1.177773118019104,0.0,0.0043584335414605935,0.004348963077613154
2021-04-05,1.176816701889038,1.1816140413284302,1.1739431619644165,1.1766366958618164,0.0,-0.0010002289071011639,-0.0010007294698471864
2021-04-06,1.1818934679031372,1.1855363845825195,1.1796486377716064,1.181907296180725,0.0,0.004313981953136592,0.00430470340840242
2021-04-07,1.1874228715896606,1.1914690732955933,1.1865352392196655,1.187549710273743,0.0,0.004678428163524373,0.004667518332491089
2021-04-08,1.1873664855957031,1.1914832592010498,1.1861833333969116,1.187197208404541,0.0,-4.7486026508836154e-05,-4.7487154005886665e-05
2021-04-09,1.1915684938430786,1.1923214197158811,1.186859130859375,1.1915684938430786,0.0,0.003538931154240421,0.0035326838721787264
2021-04-12,1.1900511980056765,1.1920371055603027,1.1873382329940796,1.1896406412124634,0.0,-0.0012733601511303316,-0.00127417156305379
2021-04-13,1.1914690732955933,1.1953144073486328,1.1884304285049438,1.191213607788086,0.0,0.0011914405802817551,0.0011907313782124399
2021-04-14,1.1954143047332764,1.198193073272705,1.1951857805252075,1.1957430839538574,0.0,0.0033112327681075193,0.00330576270865255
2021-04-15,1.1986095905303955,1.199313998222351,1.1957861185073853,1.1982362270355225,0.0,0.002672952619411806,0.00266938663461784
2021-04-16,1.1971746683120728,1.199472188949585,1.1950900554656982,1.197074294090271,0.0,-0.0011971556290383267,-0.001197872792266197
2021-04-19,1.1969454288482666,1.2048193216323853,1.1943435668945312,1.1968307495117188,0.0,-0.00019148372403277047,-0.0001915020593817065
2021-04-20,1.204529047012329,1.2081671953201294,1.2028772830963137,1.2043839693069458,0.0,0.006335809454036445,0.006315822590865152
2021-04-21,1.2032392024993896,1.204529047012329,1.2000004053115845,1.2032536268234253,0.0,-0.0010708288987623105,-0.0010714026456539285
2021-04-22,1.2037750482559204,1.2070006132125854,1.2003936767578125,1.203818440437317,0.0,0.0004453360191536415,0.0004452368864991329
2021-04-23,1.2014753818511963,1.2077994346618652,1.2013888359069824,1.2017930746078491,0.0,-0.0019103788602828908,-0.0019122059613187559
2021-04-26,1.2089852094650269,1.2118273973464966,1.2063744068145752,1.208956003189087,0.0,0.006250504777101318,0.006231051392350071
2021-04-27,1.2081671953201294,1.209189772605896,1.2057925462722778,1.2079205513000488,0.0,-0.0006766122021124588,-0.0006768412074528475
2021-04-28,1.2090305089950562,1.210214138031006,1.205763578414917,1.2088537216186523,0.0,0.000714564737621437,0.0007143095577937462
2021-04-29,1.213592290878296,1.215214490890503,1.2104192972183228,1.2135775089263916,0.0,0.0037730907940705105,0.00376599054132821
2021-04-30,1.2127091884613037,1.2128562927246094,1.2024723291397097,1.2124886512756348,0.0,-0.0007276763569032951,-0.0007279412418516312
2021-05-03,1.2027760744094849,1.2077994346618652,1.201489806175232,1.202645778656006,0.0,-0.008190845873297992,-0.008224575158544535
2021-05-04,1.2061271667480469,1.2063002586364746,1.200004816055298,1.2059816122055054,0.0,0.002786131525111424,0.002782257454785237
2021-05-05,1.2015043497085571,1.2029350996017456,1.198724627494812,1.2016342878341677,0.0,-0.0038327774773150303,-0.003840141391094418
2021-05-06,1.2007973194122314,1.2070006132125854,1.1994003057479858,1.2009127140045166,0.0,-0.0005884542128350434,-0.000588627419968323
2021-05-07,1.2068549394607544,1.2165449857711792,1.205342173576355,1.2065927982330322,0.0,0.005044664866080906,0.00503198317631046
2021-05-10,1.2171076536178589,1.217730164527893,1.2137395143508911,1.2167521715164185,0.0,0.008495398926473774,0.008459516107695119
2021-05-11,1.2140932083129885,1.217967510223389,1.2125474214553833,1.214211106300354,0.0,-0.0024767285752496093,-0.002479800741129696
2021-05-12,1.2144500017166138,1.2150667905807495,1.2068113088607788,1.214550256729126,0.0,0.0002938764513154002,0.00029383327808927054
2021-05-13,1.2078505754470823,1.2106537818908691,1.205312967300415,1.2076857089996338,0.0,-0.005434086426121532,-0.005448904780959188
2021-05-14,1.207729458808899,1.2147716283798218,1.2071462869644165,1.2080212831497192,0.0,-0.00010027452124083958,-0.00010027954906675598
2021-05-17,1.2150373458862305,1.2169995307922363,1.2127532958984375,1.2147568464279177,0.0,0.006050930549080791,0.0060326971844055525
2021-05-18,1.215687274932861,1.2232415676116943,1.2154065370559692,1.215524673461914,0.0,0.0005349045844813549,0.0005347615740198004
2021-05-19,1.2223997116088867,1.2247997522354126,1.2191851139068604,1.2226433753967283,0.0,0.00552151594775574,0.00550632825897061
2021-05-20,1.217285394668579,1.2229005098342896,1.2170928716659546,1.217285394668579,0.0,-0.004183833562572015,-0.004192610282990834
2021-05-21,1.222538709640503,1.2242000102996826,1.2173744440078735,1.2227928638458252,0.0,0.004315598457791392,0.00430631296814461
2021-05-24,1.2183235883712769,1.222942352294922,1.217581868171692,1.2181158065795898,0.0,-0.003447842784843669,-0.0034538002924195703
2021-05-25,1.2214635610580444,1.2267003059387207,1.2212398052215576,1.2214486598968506,0.0,0.0025772895778577443,0.002573974062547223
2021-05-26,1.2249093055725098,1.2265002727508545,1.2200031280517578,1.2248897552490234,0.0,0.0028209965686414318,0.002817025025208322
2021-05-27,1.21925950050354,1.221699357032776,1.2175670862197876,1.2190364599227903,0.0,-0.004612427257485008,-0.004623097322663015
2021-05-28,1.2193188667297363,1.2201074361801147,1.2133419513702393,1.2192742824554443,0.0,4.869039459753921e-05,4.868920925875243e-05
2021-05-31,1.2190067768096924,1.22339129447937,1.2184126377105713,1.2190067768096924,0.0,-0.00025595431068903274,-0.00025598707258409764
2021-06-01,1.223286509513855,1.2254151105880735,1.2214635610580444,1.223406195640564,0.0,0.0035108358588156197,0.003504687261543158
2021-06-02,1.2217769622802734,1.222942352294922,1.2165746688842771,1.221806883811951,0.0,-0.0012340095487372027,-0.0012347715654755192
2021-06-03,1.220986247062683,1.2215979099273682,1.2120903730392456,1.2211503982543943,0.0,-0.0006471845860595016,-0.0006473941004048983
2021-06-04,1.213300704956055,1.218769073486328,1.210551142692566,1.213029861450195,0.0,-0.006294536179352717,-0.0063144302989845795
2021-06-07,1.2168411016464231,1.220199704170227,1.2145060300827026,1.2165746688842771,0.0,0.002917987829320845,0.0029137387666367726
2021-06-08,1.2193634510040283,1.219660997390747,1.216663479804993,1.2189621925354004,0.0,0.0020728666661509187,0.0020707212423165646
2021-06-09,1.217285394668579,1.221899390220642,1.2171818017959597,1.2171818017959597,0.0,-0.0017042140583581888,-0.001705667883123736
2021-06-10,1.218200445175171,1.2192147970199585,1.2145354747772217,1.217730164527893,0.0,0.0007517140274577727,0.0007514316319798007
2021-06-11,1.2172558307647705,1.2195003032684326,1.2094998359680176,1.2173150777816772,0.0,-0.0007754178831091973,-0.0007757186750589432
2021-06-14,1.2110203504562378,1.2131506204605105,1.2095261812210083,1.2110790014266968,0.0,-0.005122571731379644,-0.005135737081496744
2021-06-15,1.212224006652832,1.2149192094802856,1.2102874517440796,1.212415099143982,0.0,0.000993919050279235,0.0009934254397854871
2021-06-16,1.2127091884613037,1.2134994268417358,1.2110350131988523,1.2125474214553833,0.0,0.0004002410493513242,0.00040016097426804237
2021-06-17,1.1995586156845093,1.2007685899734497,1.19070303440094,1.199184536933899,0.0,-0.010843962346389069,-0.010903186645947914
2021-06-18,1.1913414001464844,1.1927480697631836,1.1851149797439575,1.1913270950317385,0.0,-0.006850199257112499,-0.0068737695746302375
2021-06-21,1.1873664855957031,1.1920514106750488,1.1848762035369873,1.186901330947876,0.0,-0.0033365033317003245,-0.003342081870940971
2021-06-22,1.1912561655044556,1.1917530298233032,1.1882412433624268,1.1911568641662598,0.0,0.003275888241700775,0.0032705342094358175
2021-06-23,1.1936734914779663,1.1969999074935913,1.1915826797485352,1.1937447786331177,0.0,0.0020292243125450415,0.002027168217937988
2021-06-24,1.193317413330078,1.1956716775894165,1.191994547843933,1.1931607723236084,0.0,-0.00029830447809264804,-0.000298348979723717
2021-06-25,1.1930327415466309,1.1974470615386963,1.1927907466888428,1.1927907466888428,0.0,-0.00023855495634861335,-0.00023858341510828802
2021-06-28,1.1942152976989746,1.1946003437042236,1.1904619932174685,1.1942152976989746,0.0,0.0009912185233162951,0.0009907275906234155
2021-06-29,1.1928904056549072,1.1930327415466309,1.1880435943603516,1.1930327415466309,0.0,-0.0011094247801214374,-0.0011100406473405179
2021-06-30,1.1901928186416626,1.191043257713318,1.1845815181732178,1.18999445438385,0.0,-0.002261387132008741,-0.0022639479292535175
2021-07-01,1.1856770515441897,1.188399314880371,1.1838102340698242,1.1855363845825195,0.0,-0.003794147491686828,-0.0038013635275334565
2021-07-02,1.1846235990524292,1.1860989332199097,1.1819353103637695,1.184707760810852,0.0,-0.0008884818090967306,-0.0008888767430043352
2021-07-05,1.1856207847595217,1.1882002353668213,1.1852006912231443,1.1855926513671875,0.0,0.0008417743052646642,0.0008414202119713201
2021-07-06,1.186380386352539,1.1896264553070068,1.1814996004104614,1.1861495971679688,0.0,0.0006406783710117825,0.0006404732242416305
2021-07-07,1.1824523210525513,1.1841325759887695,1.1782448291778564,1.1820330619812012,0.0,-0.0033109661497897624,-0.0033164595271548305
2021-07-08,1.17933988571167,1.186633825302124,1.1784253120422363,1.179356575012207,0.0,-0.0026321867575267444,-0.002635657052069856
2021-07-09,1.184800386428833,1.1874650716781616,1.1825222969055176,1.1846938133239746,0.0,0.0046301331645948185,0.004619447070696502
2021-07-12,1.187295913696289,1.1882128715515137,1.183670163154602,1.1873664855957031,0.0,0.0021062849877842016,0.0021040698794469346
2021-07-13,1.186521053314209,1.1877895593643188,1.1793426275253296,1.1864930391311646,0.0,-0.0006526261676987888,-0.0006528392208572587
2021-07-14,1.1775373220443726,1.1828006505966189,1.1772600412368774,1.177440166473389,0.0,-0.007571489140241527,-0.007600298375475396
2021-07-15,1.1833338737487793,1.1851149797439575,1.1805957555770874,1.1833338737487793,0.0,0.0049226055054825135,0.004910529098378265
2021-07-16,1.1811814308166504,1.182300090789795,1.1793996095657349,1.1813069581985474,0.0,-0.001818965027435615,-0.0018206213531582575
2021-07-19,1.1814005374908447,1.1823265552520752,1.176429033279419,1.1811535358428955,0.0,0.00018549789937249983,0.00018548069676449624
2021-07-20,1.1793843507766724,1.1804006099700928,1.175709843635559,1.1792453527450562,0.0,-0.0017066072430054202,-0.0017080651561058448
2021-07-21,1.1784114837646484,1.1802752017974854,1.175364375114441,1.178550362586975,0.0,-0.000824893946899663,-0.0008252343591270102
2021-07-22,1.179273009300232,1.1829839944839478,1.1766643524169922,1.179523468017578,0.0,0.0007310905803727952,0.0007308234638374334
2021-07-23,1.177273869514465,1.178550362586975,1.1755993366241455,1.1773570775985718,0.0,-0.0016952306802587858,-0.0016966692097778924
2021-07-26,1.177343249320984,1.1817537546157837,1.1764568090438845,1.1773016452789309,0.0,5.8932597007066434e-05,5.893086054979372e-05
2021-07-27,1.1807769536972046,1.183712124824524,1.1771769523620603,1.1806375980377195,0.0,0.0029164853819825254,0.0029122406895437866
2021-07-28,1.1823126077651978,1.1830118894577026,1.1785781383514404,1.1822398900985718,0.0,0.0013005454274701567,0.0012997004508067118
2021-07-29,1.1845955848693848,1.189202070236206,1.184174656867981,1.1846797466278076,0.0,0.001930942027677629,0.0019290801555133712
2021-07-30,1.189299702644348,1.1911001205444336,1.1855504512786863,1.189202070236206,0.0,0.003971074884161263,0.003963210978191592
2021-08-02,1.186704158782959,1.1898996829986572,1.1859582662582395,1.1865352392196655,0.0,-0.002182413613337264,-0.0021847985485022245
2021-08-03,1.1874650716781616,1.1895995140075684,1.185564637184143,1.1874933242797852,0.0,0.000641198473579907,0.0006409929936695579
2021-08-04,1.1869436502456665,1.190199851989746,1.18343186378479,1.186915397644043,0.0,-0.0004391046481545535,-0.0004392010828315455
2021-08-05,1.1837401390075684,1.1859005689620972,1.1829839944839478,1.1839923858642578,0.0,-0.0026989581497277593,-0.0027026069039768293
2021-08-06,1.1835720539093018,1.1835720539093018,1.1756407022476196,1.183319926261902,0.0,-0.00014199493007605035,-0.00014200501231056276
2021-08-09,1.1749500036239624,1.177163004875183,1.1741775274276731,1.1750881671905518,0.0,-0.007284770079574732,-0.00731143358773178
2021-08-10,1.17384672164917,1.174399495124817,1.171069860458374,1.173900485038757,0.0,-0.0009390033374948592,-0.000939444477304895
2021-08-11,1.172333002090454,1.1746878623962402,1.1706448793411257,1.1719757318496704,0.0,-0.0012895376634771694,-0.001290369832655863
2021-08-12,1.1741899251937866,1.175100564956665,1.1725116968154907,1.1742050647735596,0.0,0.0015839553267043005,0.0015827021925636149
2021-08-13,1.173626184463501,1.1803003549575806,1.173103094100952,1.1736124753952026,0.0,-0.00048011034517492224,-0.00048022563504941196
2021-08-16,1.179467797279358,1.18035888671875,1.1768028736114502,1.179634690284729,0.0,0.004977404980553768,0.0049650586518873285
2021-08-17,1.177994966506958,1.1784114837646484,1.1710561513900757,1.177994966506958,0.0,-0.0012487248704858844,-0.0012495051770467507
2021-08-18,1.1709738969802856,1.1731003522872925,1.1696864366531372,1.1709601879119873,0.0,-0.0059601863558819135,-0.00597801915977613
2021-08-19,1.1703298091888428,1.1706860065460205,1.1668747663497925,1.1703845262527466,0.0,-0.0005500445339591264,-0.0005501958639484956
2021-08-20,1.1676595211029053,1.1690996885299685,1.1664936542510986,1.1676785945892334,0.0,-0.002281654337924044,-0.0022842612773609403
2021-08-23,1.1697548627853394,1.174329161643982,1.1695605516433716,1.169973850250244,0.0,0.0017944800214149126,0.0017928718657227044
2021-08-24,1.1744533777236938,1.17648446559906,1.172814130783081,1.1746740341186523,0.0,0.004016666301490446,0.004008621033643521
2021-08-25,1.175309181213379,1.1760554313659668,1.1728553771972656,1.1755025386810305,0.0,0.0007286823861358815,0.0007284170260269493
2021-08-26,1.177440166473389,1.178133845329285,1.1747844219207764,1.177300214767456,0.0,0.001813127383051727,0.0018114856517439193
2021-08-27,1.1756407022476196,1.18035888671875,1.1735987663269043,1.175295352935791,0.0,-0.001528285068751245,-0.0015294540875914354
2021-08-30,1.1799006462097168,1.1811953783035278,1.1784532070159912,1.1799967288970947,0.0,0.003623508401804143,0.0036169593109244688
2021-08-31,1.1796904802322388,1.1845533847808838,1.1796486377716064,1.179940938949585,0.0,-0.00017812175809306385,-0.00017813762365744638
2021-09-01,1.1810280084609983,1.1860004663467407,1.1795096397399902,1.1811953783035278,0.0,0.0011337958991550767,0.001133153638000808
2021-09-02,1.1840906143188477,1.1872254610061646,1.1834795475006104,1.1842306852340698,0.0,0.002593169540356932,0.002589813077556953
2021-09-03,1.1876484155654907,1.1907596588134766,1.186816930770874,1.1874228715896606,0.0,0.003004669747078248,0.0030001647486994007
2021-09-06,1.1885942220687866,1.1886366605758667,1.1857051849365234,1.1885942220687866,0.0,0.0007963691029264641,0.0007960521693053499
2021-09-07,1.187507390975952,1.1887779235839844,1.1838297843933103,1.187394618988037,0.0,-0.0009143836244996928,-0.0009148019282188896
2021-09-08,1.184356927871704,1.185400128364563,1.1803170442581177,1.1845533847808838,0.0,-0.002653005049222168,-0.0026565305038642366
2021-09-09,1.1819101572036743,1.1841325759887695,1.1806097030639648,1.1820330619812012,0.0,-0.002065906493599612,-0.002068043422056589
2021-09-10,1.182592272758484,1.185300350189209,1.1819353103637695,1.1823545694351196,0.0,0.0005771297849099799,0.0005769633095645054
2021-09-13,1.1811953783035278,1.1817537546157837,1.1770604848861694,1.1812511682510376,0.0,-0.001181213920583013,-0.0011819121036025907
2021-09-14,1.1811953783035278,1.1846994161605835,1.1801999807357788,1.1810698509216309,0.0,0.0,0.0
2021-09-15,1.180498123168945,1.183300256729126,1.1800997257232666,1.18035888671875,0.0,-0.0005902961926452788,-0.0005904704860359962
2021-09-16,1.1819995641708374,1.1823126077651978,1.1751710176467896,1.1819353103637695,0.0,0.0012718707234042892,0.0012710625809982954
2021-09-17,1.176747441291809,1.1789672374725342,1.1729655265808103,1.17648446559906,0.0,-0.004443422009814957,-0.004453323350837845
2021-09-20,1.1729930639266968,1.1737089157104492,1.1700559854507446,1.1728830337524414,0.0,-0.00319046996268868,-0.0031955703633193186
2021-09-21,1.1730204820632937,1.1748948097229004,1.1715912818908691,1.1725666522979736,0.0,2.337450871636726e-05,2.3374235536795343e-05
2021-09-22,1.17229163646698,1.1744533777236938,1.1717147827148438,1.1726078987121582,0.0,-0.0006213408951152299,-0.0006215340073657035
2021-09-23,1.168770432472229,1.175100564956665,1.1684194803237915,1.1688934564590454,0.0,-0.0030036928399174156,-0.003008212978931102
2021-09-24,1.1740258932113647,1.174812078475952,1.1701655387878418,1.1741775274276731,0.0,0.0044965722892382765,0.004486492911866468
2021-09-27,1.172305464744568,1.1728004217147827,1.1686612367630005,1.1722092628479004,0.0,-0.0014654093037851368,-0.0014664840661050697
2021-09-28,1.1696795225143433,1.1705996990203855,1.166997313499451,1.1696043014526367,0.0,-0.002239981224344989,-0.002242493734973323
2021-09-29,1.1686338186264038,1.1691995859146118,1.1610087156295776,1.168688416481018,0.0,-0.0008940088868886198,-0.0008944087511727837
2021-09-30,1.1601601839065552,1.161170482635498,1.1570056676864624,1.1602274179458618,0.0,-0.007250889529971327,-0.007277304997338633
2021-10-01,1.1574475765228271,1.1608995199203491,1.1563901901245115,1.1574207544326782,0.0,-0.002338131769523355,-0.0023408694678413076
2021-10-04,1.160725712776184,1.164008855819702,1.1588560342788696,1.160725712776184,0.0,0.0028322114278427346,0.0028282082737945743
2021-10-05,1.1618449687957764,1.16225004196167,1.1583056449890137,1.1616560220718384,0.0,0.0009642726160647985,0.0009638080038769708
2021-10-06,1.1596084833145142,1.1599582433700562,1.1530168056488037,1.1595144271850586,0.0,-0.0019249431217834845,-0.0019267982057976168
2021-10-07,1.1555349826812744,1.157139539718628,1.1549345254898071,1.1555349826812744,0.0,-0.003512824105595058,-0.0035190085597075326
2021-10-08,1.1559758186340332,1.1583727598190308,1.1542545557022097,1.1559224128723145,0.0,0.0003814994434316876,0.0003814266910217661
2021-10-11,1.1566041707992554,1.1587486267089844,1.15529465675354,1.1565908193588257,0.0,0.0005435686067938317,0.0005434209268923678
2021-10-12,1.1553747653961182,1.1570056676864624,1.1533892154693604,1.15529465675354,0.0,-0.0010629439476148583,-0.0010635092731745039
2021-10-13,1.15340256690979,1.15790057182312,1.1530567407608032,1.1530966758728027,0.0,-0.0017069772903097746,-0.0017084358360839192
2021-10-14,1.1599582433700562,1.162500023841858,1.1584665775299072,1.1599582433700562,0.0,0.005683771346053135,0.005667679663200196
2021-10-15,1.159151554107666,1.1619800329208374,1.1588828563690186,1.15907084941864,0.0,-0.0006954468119872992,-0.0006956887472967136
2021-10-18,1.1597026586532593,1.1612108945846558,1.1573002338409424,1.159595012664795,0.0,0.00047543786974224567,0.0004753248849683281
2021-10-19,1.161386251449585,1.1670000553131104,1.1614537239074707,1.1614537239074707,0.0,0.0014517452243154594,0.0014506924609902151
2021-10-20,1.1631964445114136,1.1654006242752075,1.1618045568466189,1.1633858680725098,0.0,0.0015586486059819826,0.0015574351739559725
2021-10-21,1.1655012369155884,1.166997313499451,1.1633182764053345,1.165243148803711,0.0,0.0019814300628668846,0.0019794696195469387
2021-10-22,1.1625338792800903,1.1654061079025269,1.1622366905212402,1.1625880002975464,0.0,-0.002545992695255239,-0.0025492392462915913
2021-10-25,1.164008855819702,1.1668611764907837,1.159326195716858,1.1641308069229126,0.0,0.0012687600472556237,0.0012679558513760646
2021-10-26,1.161170482635498,1.16290020942688,1.1585874557495115,1.161170482635498,0.0,-0.0024384463829573155,-0.0024414242352122696
2021-10-27,1.159823656082153,1.162439227104187,1.1585336923599243,1.159823656082153,0.0,-0.0011598870049538412,-0.0011605601944855107
2021-10-28,1.1600120067596436,1.1693171262741089,1.158319115638733,1.1598910093307495,0.0,0.0001623959612331305,0.00016238277643643726
2021-10-29,1.1683608293533323,1.169180393218994,1.1546677350997925,1.1683744192123413,0.0,0.0071971863610362785,0.00717141021851891
2021-11-01,1.1556684970855713,1.159326195716858,1.1546677350997925,1.1559356451034546,0.0,-0.010863366820322073,-0.01092280404050203
2021-11-02,1.1599582433700562,1.1614995002746582,1.1579166650772097,1.1601735353469849,0.0,0.0037119176436002377,0.003705045477995642
2021-11-03,1.1579434871673584,1.159900426864624,1.1563634872436523,1.158077597618103,0.0,-0.0017369213195504996,-0.0017384315163677048
2021-11-04,1.1615750789642334,1.1617100238800049,1.152923822402954,1.1615750789642334,0.0,0.0031362426898386975,0.0031313349393210293
2021-11-05,1.1555349826812744,1.1564704179763794,1.151410460472107,1.1556684970855713,0.0,-0.0051999189655006495,-0.005213485594809396
2021-11-08,1.1568851470947266,1.1595547199249268,1.1551746129989624,1.1568450927734375,0.0,0.0011684323137661767,0.0011677502279925879
2021-11-09,1.159151554107666,1.1609008312225342,1.157019019126892,1.158869385719299,0.0,0.001959059651367445,0.0019571431965666247
2021-11-10,1.1595547199249268,1.159823656082153,1.1513441801071167,1.159366488456726,0.0,0.0003478111346459922,0.00034775066237484683
2021-11-11,1.148593544960022,1.1491611003875732,1.1454885005950928,1.1485671997070312,0.0,-0.009452917379883963,-0.009497879778277242
2021-11-12,1.145081877708435,1.1459873914718628,1.1434059143066406,1.1447803974151611,0.0,-0.0030573628652154072,-0.003062046147157758
2021-11-15,1.144164800643921,1.1464208364486694,1.141695857048035,1.1442302465438845,0.0,-0.0008008833973945917,-0.0008012042758382873
2021-11-16,1.1366478204727173,1.1387006044387815,1.1330673694610596,1.1367381811141968,0.0,-0.006569840434676122,-0.006591516828806556
2021-11-17,1.1321182250976562,1.1334000825881958,1.127052664756775,1.1316184997558594,0.0,-0.003985047341380721,-0.003993008800771305
2021-11-18,1.1321182250976562,1.1359764337539673,1.131503343582153,1.1318106651306152,0.0,0.0,0.0
2021-11-19,1.1368415355682373,1.1370097398757937,1.1252391338348389,1.1370097398757937,0.0,0.0041721000208909675,0.0041634209432113425
2021-11-22,1.1275737285614014,1.1290504932403564,1.123822808265686,1.1275737285614014,0.0,-0.008152241730157717,-0.008185652960956939
2021-11-23,1.12421452999115,1.127344846725464,1.12271249294281,1.124353528022766,0.0,-0.0029791387340473152,-0.0029835852011364673
2021-11-24,1.124492645263672,1.1254544258117676,1.1187809705734253,1.1243914365768433,0.0,0.0002473862995922005,0.00024735570464733033
2021-11-25,1.1202975511550903,1.123090744018555,1.1203980445861816,1.1206992864608765,0.0,-0.003730654999169025,-0.003737631248588486
2021-11-26,1.1209630966186523,1.1322002410888672,1.1207997798919678,1.1209003925323486,0.0,0.0005940791916181354,0.0005939027964335268
2021-11-29,1.1293182373046875,1.12980055809021,1.125885248184204,1.129114270210266,0.0,0.007453537686689327,0.007425897335294688
2021-11-30,1.1293437480926514,1.1381744146347046,1.124606370925903,1.1293565034866333,0.0,2.2589547499674012e-05,2.2589292359688217e-05
2021-12-01,1.1330289840698242,1.1358473300933838,1.1304160356521606,1.1330032348632812,0.0,0.003263165872567031,0.00325785330087555
2021-12-02,1.1319515705108645,1.1348161697387695,1.1301862001419067,1.1319644451141355,0.0,-0.0009509143844579349,-0.0009513667903634799
2021-12-03,1.1306205987930298,1.1331830024719238,1.1267352104187012,1.130684494972229,0.0,-0.00117582037298114,-0.0011765121921124223
2021-12-06,1.13047993183136,1.1310003995895386,1.1269001960754397,1.1302627325057983,0.0,-0.0001244157074618002,-0.0001244234477379464
2021-12-07,1.128668189048767,1.1299434900283811,1.1231285333633425,1.128451585769653,0.0,-0.0016026315298299787,-0.0016039171174726395
2021-12-08,1.127650022506714,1.1339025497436523,1.12696373462677,1.1273066997528076,0.0,-0.0009020955422790466,-0.0009025026753297686
2021-12-09,1.1345586776733398,1.1345586776733398,1.1279425621032717,1.1344043016433716,0.0,0.006126595156951353,0.0061079038765980585
2021-12-10,1.1293309926986694,1.1322592496871948,1.1267352104187012,1.129407525062561,0.0,-0.004607681451426537,-0.0046183295368528
2021-12-13,1.131183385848999,1.1316057443618774,1.126354455947876,1.1311193704605105,0.0,0.0016402570745917,0.0016389133221552789
2021-12-14,1.1285407543182373,1.13275945186615,1.1266590356826782,1.1283371448516846,0.0,-0.0023361654386201414,-0.0023388985305647886
2021-12-15,1.1261261701583862,1.1278001070022583,1.1249226331710815,1.1258726119995115,0.0,-0.0021395631044885954,-0.0021418552396564616
2021-12-16,1.1290758848190308,1.1363636255264282,1.1282098293304443,1.1293054819107056,0.0,0.0026193465162343,0.0026159220068292816
2021-12-17,1.1334141492843628,1.13490629196167,1.1268366575241089,1.1335426568984983,0.0,0.003842314341898634,0.0038349515063402
2021-12-20,1.124353528022766,1.130454421043396,1.1237343549728394,1.1242523193359375,0.0,-0.007994095774539023,-0.008026219874793954
2021-12-21,1.127751708030701,1.1303266286849976,1.126176834106445,1.1276754140853882,0.0,0.003022341214965474,0.0030177831235180014
2021-12-22,1.128757357597351,1.134199619293213,1.1265320777893066,1.1290504932403564,0.0,0.0008917295886043952,0.0008913322339791711
2021-12-23,1.1328877210617063,1.1345586776733398,1.1291524171829224,1.1330161094665527,0.0,0.003659212882693552,0.0036525342506323407
2021-12-24,1.132733702659607,1.134429931640625,1.1308379173278809,1.1324644088745115,0.0,-0.00013595204470484568,-0.00013596128702175948
2021-12-27,1.1324259042739868,1.1335002183914185,1.1304160356521606,1.132387399673462,0.0,-0.0002717305796564595,-0.0002717675050997526
2021-12-28,1.1330032348632812,1.1336004734039309,1.1290377378463743,1.1329776048660278,0.0,0.0005098175404814054,0.0005096876276717915
2021-12-29,1.1314777135849,1.137000560760498,1.1275355815887451,1.1313369274139404,0.0,-0.0013464403555435434,-0.0013473476208362394
2021-12-30,1.1360150575637815,1.1359764337539673,1.1300712823867798,1.1359764337539673,0.0,0.004010104595437269,0.004002085556977272
2021-12-31,1.132502794265747,1.1379153728485107,1.1305055618286133,1.1323232650756836,0.0,-0.0030917400915148052,-0.003096529393978052
2022-01-03,1.1373459100723269,1.1375917196273804,1.1285407543182373,1.1373846530914309,0.0,0.0042764713968939105,0.004267353279425674
2022-01-04,1.1302244663238523,1.1323001384735107,1.127344846725464,1.1301988363265991,0.0,-0.0062614580888779026,-0.0062811432323980785
2022-01-05,1.1283625364303589,1.1345586776733398,1.1277644634246826,1.1285407543182373,0.0,-0.0016473983257055957,-0.001648756778474241
2022-01-06,1.1313496828079224,1.1330673694610596,1.1285535097122192,1.1312217712402344,0.0,0.002647328567832119,0.0026438305657729066
2022-01-07,1.1296881437301636,1.1359764337539673,1.1290504932403564,1.129586100578308,0.0,-0.0014686344133981732,-0.0014697139139755349
2022-01-10,1.1353960037231443,1.1359764337539673,1.1288337707519531,1.135344386100769,0.0,0.005052597944538606,0.005039876404767126
2022-01-11,1.1330417394638062,1.136899709701538,1.1315544843673706,1.1332728862762451,0.0,-0.002073518183627665,-0.00207567089876734
2022-01-12,1.1366478204727173,1.1433000564575195,1.1355764865875244,1.1370097398757937,0.0,0.0031826550455393843,0.003177601119399733
2022-01-13,1.144164800643921,1.1479079723358154,1.1436413526535034,1.1439814567565918,0.0,0.0066132886860921225,0.006591516828806482
2022-01-14,1.1457115411758425,1.148369312286377,1.1410053968429563,1.14565908908844,0.0,0.0013518511765535646,0.001350938248421149
2022-01-17,1.1410704851150513,1.143458366394043,1.139315485954285,1.1412137746810913,0.0,-0.0040508067641774614,-0.004059033506041391
2022-01-18,1.1410574913024902,1.1423349380493164,1.1329647302627563,1.141291856765747,0.0,-1.1387388185513103e-05,-1.1387453022310162e-05
2022-01-19,1.1329647302627563,1.1356796026229858,1.1319515705108645,1.1330032348632812,0.0,-0.0070923341737112455,-0.0071176043295396296
2022-01-20,1.1343399286270142,1.136893391609192,1.1330161094665527,1.134352684020996,0.0,0.0012138050969503489,0.0012130690311104274
2022-01-21,1.1313753128051758,1.1361054182052612,1.1302244663238523,1.131541728973389,0.0,-0.002613516237083058,-0.0026169374328443096
2022-01-24,1.1341469287872314,1.1340954303741455,1.1291396617889404,1.1340954303741455,0.0,0.0024497759060904123,0.002446780096805452
2022-01-25,1.132413029670715,1.132502794265747,1.1266844272613523,1.132387399673462,0.0,-0.0015288134830735434,-0.001529983310857574
2022-01-26,1.130454421043396,1.1313496828079224,1.1272051334381104,1.130352258682251,0.0,-0.0017295885653034748,-0.0017310860305209989
2022-01-27,1.124353528022766,1.12447988986969,1.1133501529693604,1.1242270469665527,0.0,-0.005396850069372183,-0.005411465673910041
2022-01-28,1.1147029399871826,1.1170064210891724,1.1123347282409668,1.1146159172058103,0.0,-0.008583232760032589,-0.008620280849587833
2022-01-31,1.1152374744415283,1.121692419052124,1.114504098892212,1.115138053894043,0.0,0.0004795308554150779,0.00047941591723723085
2022-02-01,1.12296462059021,1.1279042959213257,1.1222084760665894,1.12291419506073,0.0,0.006928700232702534,0.006904807091364752
2022-02-02,1.1273956298828125,1.132939100265503,1.126697063446045,1.1273066997528076,0.0,0.0039458137962296025,0.003938049490606719
2022-02-03,1.1299946308135986,1.1450687646865845,1.1272051334381104,1.1299946308135986,0.0,0.002305314001488812,0.0023026608419609075
2022-02-04,1.14357590675354,1.148369312286377,1.1413440704345703,1.1435105800628662,0.0,0.01201888537307716,0.011947232126998369
2022-02-07,1.145514726638794,1.1460003852844238,1.1416698694229126,1.1454622745513916,0.0,0.0016954011306149486,0.0016939655604672347
2022-02-08,1.1442956924438477,1.145081877708435,1.1397050619125366,1.144086241722107,0.0,-0.0010641802908315512,-0.001064746932719005
2022-02-09,1.142126202583313,1.1447004079818726,1.140328884124756,1.1421130895614624,0.0,-0.001895917178453499,-0.0018977167042882913
2022-02-10,1.142152190208435,1.1494252681732178,1.1380836963653564,1.142126202583313,0.0,2.2753724643775897e-05,2.2753465781710023e-05
2022-02-11,1.1415525674819946,1.1419005393981934,1.1371259689331057,1.1411746740341189,0.0,-0.0005249937193843035,-0.0005251315768386432
2022-02-14,1.1365057229995728,1.136893391609192,1.1292799711227417,1.1365832090377808,0.0,-0.004421035549465824,-0.004430837226841851
2022-02-15,1.1306334733963013,1.1368803977966309,1.1305822134017944,1.130607843399048,0.0,-0.005166933596931544,-0.005180328358145332
2022-02-16,1.1356796026229858,1.139315485954285,1.1345458030700684,1.135563611984253,0.0,0.00446309909039444,0.0044531689986751725
2022-02-17,1.1375269889831543,1.1386927366256714,1.13275945186615,1.1373329162597656,0.0,0.0016266791759769195,0.0016253575664351733
2022-02-18,1.1366478204727173,1.137669324874878,1.131580114364624,1.1363893747329712,0.0,-0.0007728770560625486,-0.000773175879513556
2022-02-21,1.131721019744873,1.1385631561279297,1.1314136981964111,1.131733775138855,0.0,-0.004334500659839646,-0.0043439218417605854
2022-02-22,1.1309658288955688,1.1363766193389893,1.1289101839065552,1.1309658288955688,0.0,-0.0006672941795093923,-0.0006675169193645805
2022-02-23,1.13291335105896,1.1359764337539673,1.1307356357574463,1.1330546140670776,0.0,0.0017219991211343544,0.0017205181805229717
2022-02-24,1.1305694580078125,1.1305949687957764,1.1110494136810305,1.1305949687957764,0.0,-0.0020689076079442037,-0.002071050753779992
2022-02-25,1.11906898021698,1.1266082525253296,1.1168068647384644,1.1190814971923828,0.0,-0.010172287699242832,-0.010224378977160433
2022-02-28,1.118105411529541,1.1244546175003052,1.1143178939819336,1.118105411529541,0.0,-0.0008610449440320522,-0.0008614158561598332
2022-03-01,1.1215918064117432,1.1232168674468994,1.1102105379104614,1.1214659214019775,0.0,0.0031181271875186933,0.003113275910922149
2022-03-02,1.1132758855819702,1.1141936779022217,1.105852127075195,1.1131023168563845,0.0,-0.007414391565838674,-0.0074420147912893815
2022-03-03,1.1112345457077026,1.111605167388916,1.103984236717224,1.1113580465316772,0.0,-0.0018336334242975427,-0.0018353165879163118
2022-03-04,1.1066844463348389,1.1069294214248655,1.0890042781829834,1.1069294214248655,0.0,-0.00409463455796899,-0.004103040528148159
2022-03-07,1.087453007698059,1.093075394630432,1.0808590650558472,1.087393879890442,0.0,-0.017377526810348876,-0.017530288361510188
2022-03-08,1.0865312814712524,1.0922157764434814,1.0851165056228638,1.08695650100708,0.0,-0.0008476009724390776,-0.0008479603892523628
2022-03-09,1.0898232460021973,1.1091147661209106,1.0897876024246216,1.0900845527648926,0.0,0.003029792687134769,0.0030252121150615412
2022-03-10,1.107382893562317,1.1116174459457395,1.0982131958007812,1.1073338985443115,0.0,0.01611238118156666,0.015983954438480188
2022-03-11,1.1013944149017334,1.104191541671753,1.093469738960266,1.1012123823165894,0.0,-0.005407776023448663,-0.005422450974016716
2022-03-14,1.093206763267517,1.0986958742141724,1.0902509689331057,1.0932546854019165,0.0,-0.00743389608975531,-0.007461665202687137
2022-03-15,1.0943193435668943,1.1018311977386477,1.093948245048523,1.094534993171692,0.0,0.0010177217492250978,0.0010172042215486929
2022-03-16,1.0969363451004028,1.1038745641708374,1.0955781936645508,1.096731662750244,0.0,0.002391442268559807,0.002388587321219784
2022-03-17,1.1021955013275146,1.1110494136810305,1.1021226644515991,1.102244257926941,0.0,0.004794404206408531,0.004782947654196474
2022-03-18,1.1099518537521362,1.1117905378341677,1.1005337238311768,1.1098902225494385,0.0,0.007037183889137211,0.007012538465957428
2022-03-21,1.1043134927749634,1.1066721677780151,1.1026087999343872,1.1042159795761108,0.0,-0.005079824821331402,-0.00509277099290486
2022-03-22,1.101722002029419,1.1045695543289185,1.0961546897888184,1.1016370058059692,0.0,-0.002346698435271688,-0.002349456247391793
2022-03-23,1.1029735803604126,1.1042001247406006,1.096575379371643,1.1030100584030151,0.0,0.0011360200928076658,0.001135375310259787
2022-03-24,1.1006306409835815,1.101333737373352,1.0969964265823364,1.1006306409835815,0.0,-0.0021242026269255865,-0.002126461945392862
2022-03-25,1.1009578704833984,1.1038745641708374,1.0982975959777832,1.100897192955017,0.0,0.00029731091215534633,0.0002972667240242951
2022-03-28,1.098189115524292,1.0996744632720947,1.094534993171692,1.098189115524292,0.0,-0.002514860044454559,-0.0025180276167579654
2022-03-29,1.099384307861328,1.1136353015899658,1.097044587135315,1.099384307861328,0.0,0.0010883301611173124,0.0010877383591925164
2022-03-30,1.1091516017913818,1.1170001029968262,1.108905553817749,1.1091516017913818,0.0,0.008884330857018119,0.008845097393777262
2022-03-31,1.116183519363403,1.1183055639266968,1.1074001789093018,1.116183519363403,0.0,0.006339906610299373,0.006319893943473256
2022-04-01,1.1072357892990112,1.1075423955917358,1.1029735803604126,1.1072357892990112,0.0,-0.008016361027705421,-0.008048664804752047
2022-04-04,1.1047282218933103,1.105705499649048,1.0980926752090454,1.1047282218933103,0.0,-0.0022647094954258984,-0.0022672778283933112
2022-04-05,1.0975863933563232,1.0991426706314087,1.092132329940796,1.0975863933563232,0.0,-0.006464783279227948,-0.006485770491401886
2022-04-06,1.090643286705017,1.093744874000549,1.0875712633132937,1.090643286705017,0.0,-0.006325795120395661,-0.006345887741704586
2022-04-07,1.0898232460021973,1.0935057401657104,1.08672034740448,1.0898232460021973,0.0,-0.0007518871777932867,-0.0007521699867265114
2022-04-08,1.0864840745925903,1.0891940593719482,1.0836936235427856,1.0864840745925903,0.0,-0.0030639568589273525,-0.003068660384801401
2022-04-11,1.0884946584701538,1.0932785272598269,1.0874648094177246,1.0884946584701538,0.0,0.0018505415077689769,0.0018488313653010355
2022-04-12,1.087795972824097,1.0903936624526978,1.0851871967315674,1.087795972824097,0.0,-0.000641882475600597,-0.0006420885703539645
2022-04-13,1.0826143026351929,1.0873819589614868,1.0810343027114868,1.0826143026351929,0.0,-0.004763457779174862,-0.004774839201849918
2022-04-14,1.089656949043274,1.0922634601593018,1.0758588314056396,1.089656949043274,0.0,0.006505222026846003,0.006484154387127226
2022-04-15,1.0820988416671753,1.0823447704315186,1.0798786878585815,1.0820988416671753,0.0,-0.006936226472684548,-0.006960393910240724
2022-04-18,1.081525444984436,1.081583857536316,1.0783647298812866,1.081525444984436,0.0,-0.000529893075068677,-0.0005300335180195361
2022-04-19,1.0781787633895874,1.081209659576416,1.0761945247650146,1.0781787633895874,0.0,-0.0030944085600286275,-0.0030992061418720638
2022-04-20,1.0794472694396973,1.08672034740448,1.0784810781478882,1.0794472694396973,0.0,0.0011765266514078832,0.0011758350863038487
2022-04-21,1.0849870443344116,1.093469738960266,1.082438588142395,1.0849870443344116,0.0,0.005132047716967181,0.0051189236431801914
2022-04-22,1.0835175514221191,1.0854227542877195,1.077284336090088,1.0835175514221191,0.0,-0.00135438752007766,-0.0013553055318443394
2022-04-25,1.0811045169830322,1.081221342086792,1.0700336694717407,1.0811045169830322,0.0,-0.002227037703191659,-0.00222952123962869
2022-04-26,1.0714209079742432,1.0738831758499146,1.0644639730453491,1.0714209079742432,0.0,-0.00895714415828408,-0.008997500540048975
2022-04-27,1.0643619298934937,1.0656436681747437,1.0516685247421265,1.0643619298934937,0.0,-0.006588426666132574,-0.0066102261513955
2022-04-28,1.0555092096328735,1.056222677230835,1.0472848415374756,1.0555092096328735,0.0,-0.008317396565946322,-0.008352179109846734
2022-04-29,1.050420165061951,1.0590416193008425,1.0505415201187134,1.050420165061951,0.0,-0.004821411811927856,-0.004833072313007454
2022-05-02,1.0535964965820312,1.056769609451294,1.0503981113433838,1.0535964965820312,0.0,0.0030238676157678945,0.003019304923759393
2022-05-03,1.0509058237075806,1.0577645301818848,1.0494390726089478,1.0509058237075806,0.0,-0.002553798236022531,-0.0025570647412530415
2022-05-04,1.052853226661682,1.0566357374191284,1.0506519079208374,1.052853226661682,0.0,0.0018530708557984443,0.0018513560381257603
2022-05-05,1.0622477531433103,1.0639996528625488,1.0504642724990845,1.0622477531433103,0.0,0.008922921299691522,0.008883347273825875
2022-05-06,1.0539740324020386,1.0598385334014893,1.048536777496338,1.0539740324020386,0.0,-0.007788880434709267,-0.007819372198253615
2022-05-09,1.053219199180603,1.0572165250778198,1.0496593713760376,1.053219199180603,0.0,-0.0007161781962646829,-0.0007164347743801674
2022-05-10,1.056579828262329,1.0585819482803345,1.0527312755584717,1.056579828262329,0.0,0.0031908163887828245,0.003185736537216687
2022-05-11,1.0532968044281006,1.0575631856918335,1.0507071018218994,1.0532968044281006,0.0,-0.003107217974838483,-0.0031120553998316533
2022-05-12,1.05124831199646,1.0529751777648926,1.0373551845550537,1.05124831199646,0.0,-0.0019448387415861301,-0.0019467323960849386
2022-05-13,1.0379581451416016,1.041938066482544,1.0351966619491575,1.0379581451416016,0.0,-0.012642271766999169,-0.012722865261767163
2022-05-16,1.0400632619857788,1.043797731399536,1.0391337871551514,1.0400632619857788,0.0,0.0020281326891944396,0.0020260788046566882
2022-05-17,1.0438958406448364,1.055375576019287,1.0432424545288086,1.0438958406448364,0.0,0.0036849476364928524,0.003678174850093924
2022-05-18,1.0547856092453003,1.0564124584197998,1.0492409467697144,1.0547856092453003,0.0,0.010431853616484466,0.010377817305916337
2022-05-19,1.0472739934921265,1.0598047971725464,1.046605348587036,1.0472739934921265,0.0,-0.007121462112616772,-0.007146940759466621
2022-05-20,1.057898759841919,1.05988347530365,1.0541073083877563,1.057898759841919,0.0,0.010145163935909807,0.010094047194697555
2022-05-23,1.056981921195984,1.069027066230774,1.0568702220916748,1.056981921195984,0.0,-0.0008666601008888719,-0.0008670358678779666
2022-05-24,1.0682048797607422,1.0746333599090576,1.0662003755569458,1.0682048797607422,0.0,0.010617928594331305,0.010561954262868534
2022-05-25,1.0736525058746338,1.0736525058746338,1.064407229423523,1.0736525058746338,0.0,0.005099795195760315,0.005086835283498354
2022-05-26,1.0686614513397217,1.0728693008422852,1.0664504766464231,1.0686614513397217,0.0,-0.004648668454274474,-0.00465950711675043
2022-05-27,1.0732953548431396,1.0765074491500854,1.0698047876358032,1.0732953548431396,0.0,0.004336175406728371,0.004326801286931803
2022-05-30,1.073145627975464,1.078515887260437,1.0727427005767822,1.073145627975464,0.0,-0.00013950201778101246,-0.00013951174909253053
2022-05-31,1.0773539543151855,1.0774933099746704,1.068216323852539,1.0773539543151855,0.0,0.00392148673024062,0.003913817743833619
2022-06-01,1.0734105110168457,1.0736640691757202,1.063173770904541,1.0734105110168457,0.0,-0.0036603042876901526,-0.0036670195931451026
2022-06-02,1.0654165744781494,1.0738486051559448,1.064565896987915,1.0654165744781494,0.0,-0.0074472314707665355,-0.007475100550259082
2022-06-03,1.0751069784164429,1.0765421390533447,1.0706638097763062,1.0751069784164429,0.0,0.0090954131655403,0.009054299007338812
2022-06-06,1.0726046562194824,1.0752688646316528,1.0686043500900269,1.0726046562194824,0.0,-0.0023275099568660362,-0.002330222818458084
2022-06-07,1.0691413879394531,1.070893168449402,1.0652804374694824,1.0691413879394531,0.0,-0.0032288394982695756,-0.0032340634484176282
2022-06-08,1.0698620080947876,1.0748296976089478,1.0673270225524902,1.0698620080947876,0.0,0.00067401764019559,0.0006737905923230617
2022-06-09,1.071765422821045,1.0770059823989868,1.0647132396697998,1.071765422821045,0.0,0.001779121710889564,0.0017775409484932394
2022-06-10,1.0619205236434937,1.0642147064208984,1.0507733821868896,1.0619205236434937,0.0,-0.009185684635764857,-0.00922813318281883
2022-06-13,1.0489987134933472,1.0497585535049438,1.041905403137207,1.0489987134933472,0.0,-0.012168340155825574,-0.01224298052450652
2022-06-14,1.0415147542953491,1.0482399463653564,1.0398253202438354,1.0415147542953491,0.0,-0.007134383580962855,-0.007159954992260149
2022-06-15,1.0440592765808103,1.0507181882858276,1.0386265516281128,1.0440592765808103,0.0,0.002443097685334905,0.0024401181740229456
2022-06-16,1.0456204414367676,1.0530306100845337,1.0382598638534546,1.0456204414367676,0.0,0.0014952837362547378,0.0014941669127022307
2022-06-17,1.0546854734420776,1.0551751852035522,1.0445609092712402,1.0546854734420776,0.0,0.008669524471857093,0.008632159944394863
2022-06-20,1.049141764640808,1.0545185804367063,1.048635721206665,1.049141764640808,0.0,-0.005256267333593856,-0.005270130105696999
2022-06-21,1.0520778894424438,1.058189868927002,1.051425218582153,1.0520778894424438,0.0,0.0027985968155990193,0.002794688034567393
2022-06-22,1.053263545036316,1.0602879524230957,1.0471861362457275,1.053263545036316,0.0,0.0011269656037542486,0.001126331054716773
2022-06-23,1.0564124584197998,1.058066725730896,1.0484488010406494,1.0564124584197998,0.0,0.0029896728110676563,0.002985212626758971
2022-06-24,1.052011489868164,1.0569148063659668,1.0513699054718018,1.052011489868164,0.0,-0.00416595669291786,-0.004174658466384516
2022-06-27,1.0566133260726929,1.0614246129989624,1.0550860166549685,1.0566133260726929,0.0,0.004374321239690504,0.004364781705743179
2022-06-28,1.0580891370773315,1.0605015754699707,1.0505746603012085,1.0580891370773315,0.0,0.0013967370732717033,0.0013957625433815856
2022-06-29,1.0523545742034912,1.053629755973816,1.0468025207519531,1.0523545742034912,0.0,-0.005419735136569348,-0.005434475183267472
2022-06-30,1.04465913772583,1.047877550125122,1.0383893251419067,1.04465913772583,0.0,-0.007312588994527469,-0.007339457036861056
2022-07-01,1.0477677583694458,1.0477896928787231,1.036989450454712,1.0477677583694458,0.0,0.0029757272313561955,0.0029713085188302992
2022-07-04,1.0433948040008545,1.046353459358215,1.041807770729065,1.0433948040008545,0.0,-0.004173591269306276,-0.004182325010529268
2022-07-05,1.0433186292648315,1.044855713844299,1.0237300395965576,1.0433186292648315,0.0,-7.300662772213862e-05,-7.300929283569905e-05
2022-07-06,1.0257673263549805,1.0273902416229248,1.0162187814712524,1.0257673263549805,0.0,-0.01682257214386984,-0.016965678829353473
2022-07-07,1.0186411142349243,1.0219202041625977,1.015331506729126,1.0186411142349243,0.0,-0.0069472013164806334,-0.006971445470808471
2022-07-08,1.0169836282730105,1.0191082954406738,1.007973074913025,1.0169836282730105,0.0,-0.0016271539983527816,-0.0016284792512087165
2022-07-11,1.0166114568710327,1.0167768001556396,1.0054292678833008,1.0166114568710327,0.0,-0.0003659561389496302,-0.0003660231172386901
2022-07-12,1.004752516746521,1.007384181022644,1.0001100301742554,1.004752516746521,0.0,-0.011665164743481893,-0.011733736567112072
2022-07-13,1.0033109188079834,1.011623501777649,0.9998899698257446,1.0033109188079834,0.0,-0.001434779126710306,-0.0014358094078833954
2022-07-14,1.0032706260681152,1.0049240589141846,0.995361626148224,1.0032706260681152,0.0,-4.0159774116754754e-05,-4.0160580542073956e-05
2022-07-15,1.0025665760040283,1.009795069694519,1.0010610818862915,1.0025665760040283,0.0,-0.0007017548862624512,-0.0007020012314786962
2022-07-18,1.009631872177124,1.0198878049850464,1.008237361907959,1.009631872177124,0.0,0.007047208975643482,0.00702249344752808
2022-07-19,1.0145177841186523,1.0268205404281616,1.0125659704208374,1.0145177841186523,0.0,0.004839300418470804,0.004827628644534584
2022-07-20,1.0231330394744873,1.0271897315979004,1.0175942182540894,1.0231330394744873,0.0,0.008491970757633638,0.008456116811406341
2022-07-21,1.0182781219482422,1.0275379419326782,1.016311764717102,1.0182781219482422,0.0,-0.00474514783408686,-0.004756441789894104
2022-07-22,1.0221081972122192,1.025514841079712,1.0133970975875854,1.0221081972122192,0.0,0.0037613253014305847,0.0037542692053991913
2022-07-25,1.0200231075286863,1.0256409645080566,1.0180604457855225,1.0200231075286863,0.0,-0.002039989199988823,-0.0020420728121366286
2022-07-26,1.022494912147522,1.0249052047729492,1.011398434638977,1.022494912147522,0.0,0.0024232829634853736,0.002420351548135624
2022-07-27,1.0129557847976685,1.0171905755996704,1.0107442140579224,1.0129557847976685,0.0,-0.009329266323505392,-0.009373056494817926
2022-07-28,1.0209290981292725,1.0233110189437866,1.0115723609924316,1.0209290981292725,0.0,0.007871334021945176,0.007840516682384753
2022-07-29,1.0192328691482544,1.0253781080245972,1.014857530593872,1.0192328691482544,0.0,-0.0016614562011467715,-0.0016628379501900366
2022-08-01,1.0208247900009155,1.0277491807937622,1.0209603309631348,1.0208247900009155,0.0,0.0015618813922195773,0.0015606629240480755
2022-08-02,1.0261356830596924,1.0293148756027222,1.0183714628219604,1.0261356830596924,0.0,0.005202551026187496,0.005189064513554008
2022-08-03,1.015568733215332,1.020762324333191,1.0123199224472046,1.015568733215332,0.0,-0.010297809557554993,-0.010351198843136136
2022-08-04,1.015764594078064,1.0232481956481934,1.0155996084213257,1.015764594078064,0.0,0.0001928583032602127,0.00019283970848837684
2022-08-05,1.024779200553894,1.0249052047729492,1.014363408088684,1.024779200553894,0.0,0.008874700426048987,0.00883555172373451
2022-08-08,1.0170871019363403,1.0221813917160034,1.0160020589828491,1.0170871019363403,0.0,-0.00750610337660651,-0.007534415937540125
2022-08-09,1.0197629928588867,1.0246951580047607,1.0189213752746582,1.0197629928588867,0.0,0.0026309358534308824,0.0026274810000368686
2022-08-10,1.0208144187927246,1.0369141101837158,1.0203040838241575,1.0208144187927246,0.0,0.0010310493136156396,0.001030518147346478
2022-08-11,1.0300782918930054,1.036591649055481,1.0276330709457395,1.0300782918930054,0.0,0.00907498261166495,0.009034052397915944
2022-08-12,1.0316723585128784,1.0327378511428833,1.0239607095718384,1.0316723585128784,0.0,0.0015475198656440536,0.0015463236906874298
2022-08-15,1.0256409645080566,1.0267151594161987,1.0182262659072876,1.0256409645080566,0.0,-0.00584623010886498,-0.005863386210464329
2022-08-16,1.0161981582641602,1.019440770149231,1.012340426445007,1.0161981582641602,0.0,-0.00920673663656335,-0.00924938057915025
2022-08-17,1.0170663595199585,1.019783854484558,1.014806032180786,1.0170663595199585,0.0,0.0008543621622787434,0.0008539974026696639
2022-08-18,1.0180189609527588,1.0193679332733154,1.0113166570663452,1.0180189609527588,0.0,0.0009366167938638092,0.0009361784420449659
2022-08-19,1.0089900493621826,1.011224627494812,1.003623127937317,1.0089900493621826,0.0,-0.008869099630645416,-0.008908664203253895
2022-08-22,1.0035223960876465,1.0048232078552246,0.99277263879776,1.0035223960876465,0.0,-0.005418936765523519,-0.005433672462005448
2022-08-23,0.9939467906951904,1.0019036531448364,0.9903146624565125,0.9939467906951904,0.0,-0.009541994707629509,-0.009587811226055044
2022-08-24,0.9966909885406494,0.9998200535774232,0.9911981225013732,0.9966909885406494,0.0,0.002760910212849188,0.0027571059008813115
2022-08-25,0.9969095587730408,1.0030593872070312,0.995678722858429,0.9969095587730408,0.0,0.0002192958849878135,0.00021927184316001224
2022-08-26,0.9971283078193665,1.0088272094726562,0.994727909564972,0.9971283078193665,0.0,0.00021942717310774462,0.00021940310248669677
2022-08-29,0.993867814540863,1.003109574317932,0.991493046283722,0.993867814540863,0.0,-0.003269883377028826,-0.0032752411283479355
2022-08-30,1.0014019012451172,1.0052272081375122,0.998342752456665,1.0014019012451172,0.0,0.00758057217874053,0.0075519840269269055
2022-08-31,1.0025062561035156,1.0077394247055054,0.9971680045127868,1.0025062561035156,0.0,0.0011028088293274507,0.0011022011823750134
2022-09-01,1.003905177116394,1.004580855369568,0.9917388558387756,1.003905177116394,0.0,0.0013954237236539768,0.0013944510247493138
2022-09-02,0.995232880115509,1.0033310651779177,0.9951239228248596,0.995232880115509,0.0,-0.008638561886686547,-0.008676090547837427
2022-09-05,0.9909427762031556,0.9943521022796632,0.9880836606025696,0.9909427762031556,0.0,-0.00431065331347924,-0.0043199709658942095
2022-09-06,0.9952229857444764,0.9985321760177612,0.9865143895149232,0.9952229857444764,0.0,0.0043193306859965475,0.004310029151858244
2022-09-07,0.98979514837265,0.9955201148986816,0.9877811670303344,0.98979514837265,0.0,-0.005453890685378493,-0.005468817444529394
2022-09-08,0.9995701909065248,1.00290846824646,0.99334454536438,0.9995701909065248,0.0,0.009875823850971743,0.009827376612399016
2022-09-09,1.0012015104293823,1.011224627494812,1.000930905342102,1.0012015104293823,0.0,0.0016320209803155628,0.0016306906812627682
2022-09-12,1.0071406364440918,1.0196797847747805,1.0064716339111328,1.0071406364440918,0.0,0.00593199865645655,0.005914473623920646
2022-09-13,1.0129557847976685,1.018744945526123,0.9995802044868468,1.0129557847976685,0.0,0.005773918897869379,0.005757313715473667
2022-09-14,0.9982032775878906,1.0022751092910769,0.9963633418083192,0.9982032775878906,0.0,-0.014563821472942773,-0.014670914986609497
2022-09-15,0.9984025359153748,1.0017931461334229,0.9957482218742372,0.9984025359153748,0.0,0.00019961698379278303,0.00019959706297365223
2022-09-16,0.9988313317298888,1.0035626888275146,0.994579553604126,0.9988313317298888,0.0,0.00042948189641855983,0.00042938969546703256
2022-09-19,1.002234935760498,1.002807855606079,0.996681034564972,1.002234935760498,0.0,0.0034075863686759966,0.003401793701857639
2022-09-20,1.0029587745666504,1.0050251483917236,0.995708465576172,1.0029587745666504,0.0,0.0007222246803870735,0.0007219640016474552
2022-09-21,0.997078537940979,0.9974067807197572,0.9869135022163392,0.997078537940979,0.0,-0.005862889656867543,-0.005880143867171973
2022-09-22,0.983071506023407,0.9906188249588012,0.9811038970947266,0.983071506023407,0.0,-0.014048072829345282,-0.014147680973100527
2022-09-23,0.9841550588607788,0.9852216839790344,0.9703933596611024,0.9841550588607788,0.0,0.0011022116201444554,0.0011016046308961233
2022-09-26,0.968992292881012,0.9699885249137878,0.9582307934761048,0.968992292881012,0.0,-0.015406887200598907,-0.015526806604905349
2022-09-27,0.9623712301254272,0.9670057892799376,0.9594534635543824,0.9623712301254272,0.0,-0.0068329364477182075,-0.006856387846966306
2022-09-28,0.959619164466858,0.9686262011528016,0.954016387462616,0.959619164466858,0.0,-0.0028596715824625862,-0.002863768255198798
2022-09-29,0.9708172082901,0.9787322282791138,0.9638276100158693,0.9708172082901,0.0,0.011669258220226686,0.011601697507510717
2022-09-30,0.9829555749893188,0.9849985241889954,0.9736055731773376,0.9829555749893188,0.0,0.012503246332641993,0.012425726247878358
2022-10-03,0.9792688488960266,0.9844263195991516,0.9753623604774476,0.9792688488960266,0.0,-0.0037506538312601645,-0.0037577051702841185
2022-10-04,0.983206868171692,0.998013973236084,0.9806710481643676,0.983206868171692,0.0,0.004021387262655107,0.004013323097089272
2022-10-05,0.998432457447052,0.999420404434204,0.9835453629493712,0.998432457447052,0.0,0.015485641697837726,0.015366962792935222
2022-10-06,0.9910998940467834,0.9926347136497498,0.978933334350586,0.9910998940467834,0.0,-0.0073440755512070854,-0.0073711760409446
2022-10-07,0.9789045453071594,0.9816046953201294,0.9731696844100952,0.9789045453071594,0.0,-0.012304863326973892,-0.012381194971008931
2022-10-10,0.9735012650489808,0.9752291440963744,0.96825110912323,0.9735012650489808,0.0,-0.00551972128853806,-0.005535011240227534
2022-10-11,0.9710057377815248,0.975809633731842,0.9673987030982972,0.9710057377815248,0.0,-0.0025634555979036078,-0.0025667468761050396
2022-10-12,0.9700167775154114,0.9733022451400756,0.9669683575630188,0.9700167775154114,0.0,-0.0010184906511190306,-0.0010190096651594642
2022-10-13,0.9707984328269958,0.979508638381958,0.9635953307151794,0.9707984328269958,0.0,0.000805816280401439,0.0008054917847734313
2022-10-14,0.975134015083313,0.9803825616836548,0.9709492325782776,0.975134015083313,0.0,0.0044659963486877174,0.004456053379512562
2022-10-17,0.973937451839447,0.9847074747085572,0.9724504947662354,0.973937451839447,0.0,-0.0012270756894514623,-0.0012278291632679555
2022-10-18,0.9846396446228028,0.9873617887496948,0.9814602136611938,0.9846396446228028,0.0,0.010988583263887186,0.010928647456163097
2022-10-19,0.9863878488540648,0.9866993427276612,0.9760192036628724,0.9863878488540648,0.0,0.001775476176293589,0.001773901881606993
2022-10-20,0.9766482710838318,0.9845135807991028,0.9755526185035706,0.9766482710838318,0.0,-0.009873983931926955,-0.009923054996403871
2022-10-21,0.9778899550437928,0.9856975078582764,0.9707323908805848,0.9778899550437928,0.0,0.0012713727108564221,0.001270565200929725
2022-10-24,0.9860085844993592,0.9889631271362304,0.9808922410011292,0.9860085844993592,0.0,0.00830219127795706,0.00826791765473566
2022-10-25,0.9886503219604492,0.9975360631942748,0.9852216839790344,0.9886503219604492,0.0,0.0026792235915789053,0.002675640869900312
2022-10-26,0.9963731169700624,1.0080543756484983,0.9944608211517334,0.9963731169700624,0.0,0.007811452480285697,0.007781101042108333
2022-10-27,1.009193778038025,1.0094891786575315,0.9976455569267272,1.009193778038025,0.0,0.012867329366482494,0.012785248640600487
2022-10-28,0.9967803955078124,0.9998999834060668,0.993147313594818,0.9967803955078124,0.0,-0.012300296335898353,-0.012376571094321305
2022-10-31,0.9955002665519714,0.9968101382255554,0.9873520135879515,0.9955002665519714,0.0,-0.0012842637772674248,-0.0012850891507327354
2022-11-01,0.9886307716369628,0.9951634407043456,0.9862127304077148,0.9886307716369628,0.0,-0.00690054553054209,-0.0069244643938310545
2022-11-02,0.9877909421920776,0.9913553595542908,0.9867576956748962,0.9877909421920776,0.0,-0.0008494874618302228,-0.0008498484807726496
2022-11-03,0.9814409017562866,0.9839614629745485,0.9731224179267884,0.9814409017562866,0.0,-0.006428526689766123,-0.0064492786516353135
2022-11-04,0.9749630093574524,0.993818461894989,0.9748489260673524,0.9749630093574524,0.0,-0.0066003896793398464,-0.006622268577274553
2022-11-07,0.9928810596466064,1.0005003213882446,0.9919454455375672,0.9928810596466064,0.0,0.018378184728221614,0.01821134690851107
2022-11-08,1.0018634796142578,1.0094178915023804,0.9976056814193726,1.0018634796142578,0.0,0.009046823766432288,0.00900614640617105
2022-11-09,1.008084774017334,1.0088781118392944,1.0012515783309937,1.008084774017334,0.0,0.006209722711393306,0.006190521830417323
2022-11-10,1.0019538402557373,1.018298864364624,0.9937788844108582,1.0019538402557373,0.0,-0.006081764073436191,-0.006100333328057607
2022-11-11,1.0192224979400637,1.0338374376296997,1.016621708869934,1.0192224979400637,0.0,0.017234983280186578,0.017088145716665497
2022-11-14,1.0328551530838013,1.0350252389907837,1.0273585319519043,1.0328551530838013,0.0,0.013375543780960841,0.01328688092947409
2022-11-15,1.0319278240203855,1.0475481748580933,1.031385064125061,1.0319278240203855,0.0,-0.0008978306983772333,-0.0008982339897683712
2022-11-16,1.0357863903045654,1.0437324047088623,1.0336451530456543,1.0357863903045654,0.0,0.003739182328805768,0.003732208964276908
2022-11-17,1.039501070976257,1.040571928024292,1.0309491157531738,1.039501070976257,0.0,0.0035863385602117326,0.003579922982457949
2022-11-18,1.036172866821289,1.0395874977111816,1.0328017473220823,1.036172866821289,0.0,-0.003201732300133542,-0.0032068688117481065
2022-11-21,1.0330898761749268,1.0333247184753418,1.022704005241394,1.0330898761749268,0.0,-0.0029753632285509646,-0.0029797984214465644
2022-11-22,1.0245691537857056,1.0290182828903198,1.0243382453918457,1.0245691537857056,0.0,-0.008247803589722214,-0.008282004908750605
2022-11-23,1.0311086177825928,1.0382059812545776,1.0298130512237549,1.0311086177825928,0.0,0.00638264774293118,0.006362364906543441
2022-11-24,1.04162335395813,1.0448229312896729,1.0383676290512085,1.04162335395813,0.0,0.01019750586330015,0.010145862095391856
2022-11-25,1.040810227394104,1.04290509223938,1.0356147289276123,1.040810227394104,0.0,-0.0007806339603814161,-0.0007809388137343784
2022-11-28,1.0367528200149536,1.0496704578399658,1.0342438220977783,1.0367528200149536,0.0,-0.003898316208238106,-0.00390593444818525
2022-11-29,1.034554123878479,1.039414644241333,1.032545804977417,1.034554123878479,0.0,-0.002120752501491019,-0.002123004481568896
2022-11-30,1.0324499607086182,1.0394577980041504,1.0292301177978516,1.0324499607086182,0.0,-0.002033884087158655,-0.0020359552381959117
2022-12-01,1.042535424232483,1.053141474723816,1.0397928953170776,1.042535424232483,0.0,0.009768476834405293,0.009721073718734909
2022-12-02,1.052842140197754,1.0545185804367063,1.0434166193008425,1.052842140197754,0.0,0.009886202162251445,0.009837653378816175
2022-12-05,1.0544185638427734,1.0594117641448977,1.0492409467697144,1.0544185638427734,0.0,0.001497302952485846,0.0014961831121075887
2022-12-06,1.0496923923492432,1.0532081127166748,1.0477018356323242,1.0496923923492432,0.0,-0.0044822536852026085,-0.004492329102575546
2022-12-07,1.0469011068344116,1.0546187162399292,1.0443755388259888,1.0469011068344116,0.0,-0.0026591461795627547,-0.002662687988950827
2022-12-08,1.051325798034668,1.0563119649887085,1.049163818359375,1.051325798034668,0.0,0.004226465299703053,0.004217558881531055
2022-12-09,1.0559661388397217,1.0588396787643433,1.0520004034042358,1.0559661388397217,0.0,0.004413799046621314,0.004404086803714652
2022-12-12,1.0522217750549316,1.0579211711883545,1.0507071018218994,1.0522217750549316,0.0,-0.003545912740065993,-0.0035522143897896534
2022-12-13,1.0541739463806152,1.066894292831421,1.0529308319091797,1.0541739463806152,0.0,0.0018552850472817184,0.001853566131702255
2022-12-14,1.062665343284607,1.0669853687286377,1.0620108842849731,1.062665343284607,0.0,0.00805502444178785,0.00802275589918932
2022-12-15,1.0676347017288208,1.0725586414337158,1.0607378482818604,1.0676347017288208,0.0,0.00467631552644221,0.004665415530993445
2022-12-16,1.064056158065796,1.0663254261016846,1.0599396228790283,1.064056158065796,0.0,-0.0033518427765883985,-0.003357472785711803
2022-12-19,1.05850350856781,1.0659003257751465,1.0577198266983032,1.05850350856781,0.0,-0.005218380116402188,-0.005232043416178128
2022-12-20,1.0614584684371948,1.065552830696106,1.058066725730896,1.0614584684371948,0.0,0.0027916391825502096,0.002787749794717641
2022-12-21,1.062699317932129,1.0643506050109863,1.059703707695007,1.062699317932129,0.0,0.0011690042821561608,0.0011683215286929897
2022-12-22,1.0610079765319824,1.065745830535889,1.05840265750885,1.0610079765319824,0.0,-0.0015915521649506603,-0.0015928200295245159
2022-12-23,1.060333013534546,1.063117265701294,1.0587948560714722,1.060333013534546,0.0,-0.0006361526137086404,-0.0006363550446384674
2022-12-26,1.0667804479599,1.0637166500091553,1.060895323753357,1.0667804479599,0.0,0.006080575010922296,0.00606216291441548
2022-12-27,1.064022183418274,1.0668998956680298,1.0612443685531616,1.064022183418274,0.0,-0.0025855972022179596,-0.0025889456317026356
2022-12-28,1.0637166500091553,1.067429542541504,1.0613908767700195,1.0637166500091553,0.0,-0.0002871494728964308,-0.0002871907082003092
2022-12-29,1.062925100326538,1.0670194625854492,1.0612331628799438,1.062925100326538,0.0,-0.0007441358397561881,-0.0007444128462590291
2022-12-30,1.066075325012207,1.0697933435440063,1.0639203786849976,1.066075325012207,0.0,0.002963731578736084,0.0029593483845724387
2023-01-02,1.0709733963012695,1.071237325668335,1.0653257369995115,1.0709733963012695,0.0,0.004594488939143604,0.004583966492703552
2023-01-03,1.0677714347839355,1.068261981010437,1.052155375480652,1.0677714347839355,0.0,-0.0029897675594858786,-0.002994245842760573
2023-01-04,1.0546854734420776,1.063151240348816,1.0545964241027832,1.0546854734420776,0.0,-0.012255395598315344,-0.012331112219669753
2023-01-05,1.0606365203857422,1.06326425075531,1.0515578985214231,1.0606365203857422,0.0,0.005642484981084106,0.0056266257915620664
2023-01-06,1.0522217750549316,1.062225103378296,1.0485258102416992,1.0522217750549316,0.0,-0.007933674891517195,-0.007965313943903736
2023-01-09,1.0656323432922363,1.0759514570236206,1.0652804374694824,1.0656323432922363,0.0,0.012745001629152375,0.01266446764454612
2023-01-10,1.073318362236023,1.0756852626800537,1.0713175535202026,1.073318362236023,0.0,0.007212636696105612,0.007186750031592487
2023-01-11,1.0738946199417114,1.077470064163208,1.0726851224899292,1.0738946199417114,0.0,0.0005368935499137084,0.0005367494741383354
2023-01-12,1.0766000747680664,1.0838346481323242,1.073802471160889,1.0766000747680664,0.0,0.0025192926532231485,0.0025161245552818563
2023-01-13,1.0860239267349243,1.0867793560028076,1.0780625343322754,1.0860239267349243,0.0,0.008753345079312025,0.00871525666027755
2023-01-16,1.082461953163147,1.0875475406646729,1.080263614654541,1.082461953163147,0.0,-0.0032798297386377184,-0.0032852201698865342
2023-01-17,1.083012938499451,1.086909294128418,1.078702092170715,1.083012938499451,0.0,0.0005090112725845142,0.0005088817702902599
2023-01-18,1.0793308019638062,1.0884472131729126,1.0767043828964231,1.0793308019638062,0.0,-0.003399900781191456,-0.003405693577534443
2023-01-19,1.0797853469848633,1.0833063125610352,1.0782949924468994,1.0797853469848633,0.0,0.00042113596705495304,0.00042104731419264534
2023-01-20,1.083388328552246,1.0856584310531616,1.0804619789123535,1.083388328552246,0.0,0.0033367572336886475,0.0033312026121230954
2023-01-23,1.086507797241211,1.0919533967971802,1.0847516059875488,1.0864723920822144,0.0,0.0028793633886876613,0.002875225962125885
2023-01-24,1.0874292850494385,1.089680790901184,1.0839285850524902,1.0874292850494385,0.0,0.0008481189095626007,0.0008477594599432104
2023-01-25,1.088814616203308,1.0922634601593018,1.0858116149902344,1.088814616203308,0.0,0.0012739505666399253,0.0012731397801450267
2023-01-26,1.0922038555145264,1.0932546854019165,1.0851635932922363,1.0922038555145264,0.0,0.00311277903582563,0.0031079443693967086
2023-01-27,1.0894432067871094,1.0901559591293335,1.0838816165924072,1.0894432067871094,0.0,-0.0025275947466020243,-0.0025307945071393893
2023-01-30,1.0871455669403076,1.0915005207061768,1.0854581594467163,1.0871455669403076,0.0,-0.0021090037851332344,-0.002111230865447573
2023-01-31,1.0850694179534912,1.0868383646011353,1.0804152488708496,1.0850694179534912,0.0,-0.0019097249254850235,-0.0019115507750811752
2023-02-01,1.0860947370529177,1.092442512512207,1.085293173789978,1.0860947370529177,0.0,0.0009449341051011029,0.0009444879359144774
2023-02-02,1.1012852191925049,1.102657437324524,1.088767170906067,1.1012852191925049,0.0,0.013986332519026812,0.013889426300071808
2023-02-03,1.09051251411438,1.094067931175232,1.0811045169830322,1.09051251411438,0.0,-0.009781939220090186,-0.009830096693875398
2023-02-06,1.079086184501648,1.0800302028656006,1.0718343257904053,1.079086184501648,0.0,-0.010477944512183424,-0.010533224660065373
2023-02-07,1.0730764865875244,1.0745997428894043,1.0669511556625366,1.0730764865875244,0.0,-0.005569247387685716,-0.005584813467052059
2023-02-08,1.0729728937149048,1.0760208368301392,1.071684956550598,1.0729728937149048,0.0,-9.653820013244552e-05,-9.654286024440955e-05
2023-02-09,1.0715816020965576,1.0790396928787231,1.0711569786071775,1.0715816020965576,0.0,-0.0012966698660300535,-0.0012975112698280708
2023-02-10,1.0742292404174805,1.0751763582229614,1.0669283866882324,1.0742292404174805,0.0,0.002470776201964231,0.0024677288529569175
2023-02-13,1.0677714347839355,1.0725010633468628,1.065723180770874,1.0677714347839355,0.0,-0.00601157126484031,-0.006029713504830647
2023-02-14,1.073041915893555,1.0798436403274536,1.0709964036941528,1.073041915893555,0.0,0.004935963763336604,0.004923821832562189
2023-02-15,1.0735719203948977,1.0744600296020508,1.066598415374756,1.0735719203948977,0.0,0.000493927118309756,0.000493805176462593
2023-02-16,1.0691757202148438,1.0722250938415527,1.0655754804611206,1.0691757202148438,0.0,-0.004094928431470968,-0.0041033356099456205
2023-02-17,1.0665756464004517,1.0681477785110474,1.0613795518875122,1.0665756464004517,0.0,-0.0024318489142922672,-0.0024348106615187685
2023-02-20,1.0684444904327393,1.070549249649048,1.0671560764312744,1.0684444904327393,0.0,0.0017521907973379047,0.0017506575018656283
2023-02-21,1.068261981010437,1.0695644617080688,1.0644866228103638,1.068261981010437,0.0,-0.00017081787957773376,-0.00017083247061335562
2023-02-22,1.065200924873352,1.0665528774261477,1.061909317970276,1.065200924873352,0.0,-0.002865454534092482,-0.0028695678084155025
2023-02-23,1.0605803728103638,1.0630381107330322,1.0582010746002195,1.0605803728103638,0.0,-0.004337728174182431,-0.004347163411922486
2023-02-24,1.0598047971725464,1.0614246129989624,1.053774118423462,1.0598047971725464,0.0,-0.0007312747413590337,-0.0007315422531570732
2023-02-27,1.055475831031799,1.0618642568588257,1.0533522367477417,1.055475831031799,0.0,-0.004084682530496653,-0.004093047633147317
2023-02-28,1.0611205101013184,1.0645002126693726,1.058234691619873,1.0611205101013184,0.0,0.0053479946234309406,0.005333744882631879
2023-03-01,1.0577309131622314,1.0691070556640625,1.056568622589111,1.0577309131622314,0.0,-0.0031943562553166105,-0.003199469102332789
2023-03-02,1.066894292831421,1.067270040512085,1.0583466291427612,1.066894292831421,0.0,0.008663242754052058,0.008625932198623705
2023-03-03,1.0599732398986816,1.062925100326538,1.0591312646865845,1.0599732398986816,0.0,-0.006487102779762277,-0.006508235473883866
2023-03-06,1.0626201629638672,1.0693814754486084,1.062304139137268,1.0626201629638672,0.0,0.002497160273063681,0.00249404754925224
2023-03-07,1.0688328742980957,1.06963312625885,1.0571606159210205,1.0688328742980957,0.0,0.005846596508106927,0.005829571489454962
2023-03-08,1.05507493019104,1.0573283433914185,1.0526647567749023,1.05507493019104,0.0,-0.012871932027811672,-0.01295549318169404
2023-03-09,1.0549525022506714,1.0586491823196411,1.053851842880249,1.0549525022506714,0.0,-0.00011603719969588422,-0.00011604393253258556
2023-03-10,1.0584698915481567,1.0698620080947876,1.0575743913650513,1.0584698915481567,0.0,0.0033341684009291495,0.0033286223856131797
2023-03-13,1.0683646202087402,1.0737217664718628,1.0652350187301636,1.0683646202087402,0.0,0.009348143711590318,0.00930472022571737
2023-03-14,1.0725010633468628,1.0747140645980835,1.0679652690887451,1.0725010633468628,0.0,0.003871752264984485,0.0038642763226350934
2023-03-15,1.0727657079696655,1.0760092735290527,1.052033543586731,1.0727657079696655,0.0,0.00024675464840751005,0.00024672420948644856
2023-03-16,1.0583354234695437,1.063456416130066,1.0555092096328735,1.0583354234695437,0.0,-0.013451478167989639,-0.013542768888188825
2023-03-17,1.0614134073257446,1.0669625997543335,1.0612106323242188,1.0614134073257446,0.0,0.002908325458965022,0.0029041044625179304
2023-03-20,1.0678855180740356,1.0730534791946411,1.0632416009902954,1.0678855180740356,0.0,0.006097634252235196,0.006079118908904215
2023-03-21,1.071914792060852,1.0787253379821775,1.070491909980774,1.071914792060852,0.0,0.003773132904811183,0.003766032493777598
2023-03-22,1.0774236917495728,1.0801469087600708,1.0759514570236206,1.0774236917495728,0.0,0.005139307461304199,0.0051261462943097014
2023-03-23,1.0870392322540283,1.0928997993469238,1.0868619680404663,1.0870392322540283,0.0,0.008924567538366901,0.008884978951823826
2023-03-24,1.0835057497024536,1.0839003324508667,1.0718917846679688,1.0835057497024536,0.0,-0.00325055660065543,-0.003255851136334388
2023-03-27,1.077818512916565,1.0795999765396118,1.074806571006775,1.077818512916565,0.0,-0.005248921648501104,-0.0052627456329634136
2023-03-28,1.0807071924209597,1.08489990234375,1.0804035663604736,1.0807071924209597,0.0,0.002680116800534371,0.002676531691747025
2023-03-29,1.0839520692825315,1.0871999263763428,1.0821340084075928,1.0839520692825315,0.0,0.003002549519729447,0.0029980508706151767
2023-03-30,1.0843634605407717,1.0923947095870972,1.0826963186264038,1.0843634605407717,0.0,0.00037952901230453584,0.00037945700938650024
2023-03-31,1.0904649496078491,1.0925856828689575,1.086059331893921,1.0904649496078491,0.0,0.005626793311566125,0.00561102204353324
2023-04-03,1.080333590507507,1.0915720462799072,1.078934907913208,1.080333590507507,0.0,-0.009290861759459035,-0.00933429102172971
2023-04-04,1.091226577758789,1.0971648693084717,1.088387966156006,1.091226577758789,0.0,0.010082984873371226,0.010032490718915488
2023-04-05,1.0960105657577517,1.0969241857528689,1.0905362367630005,1.0960105657577517,0.0,0.004384046445045531,0.0043744645083256635
2023-04-06,1.090334177017212,1.0930156707763672,1.0885539054870603,1.090334177017212,0.0,-0.005179136878680768,-0.005192595096162725
2023-04-07,1.0920130014419556,1.0925379991531372,1.0881037712097168,1.0920130014419556,0.0,0.0015397338358560386,0.001538549661100185
2023-04-10,1.0913575887680054,1.0918222665786743,1.0832475423812866,1.0913575887680054,0.0,-0.0006001876104815285,-0.0006003677951654333
2023-04-11,1.086932897567749,1.0926692485809326,1.086802959442139,1.086932897567749,0.0,-0.004054300117389831,-0.004062541073859795
2023-04-12,1.0917507410049438,1.099855899810791,1.091524362564087,1.0917507410049438,0.0,0.0044325122994950394,0.004422717649457876
2023-04-13,1.0999890565872192,1.106899976730347,1.0981649160385132,1.0999890565872192,0.0,0.0075459674748579175,0.007517639083118104
2023-04-14,1.1054610013961792,1.1075423955917358,1.097803235054016,1.1054610013961792,0.0,0.004974544770415257,0.004962212603613521
2023-04-17,1.098659634590149,1.0999042987823486,1.0910717248916626,1.098659634590149,0.0,-0.006152516278222664,-0.0061715209978287396
2023-04-18,1.0925379991531372,1.0983458757400513,1.0922753810882568,1.0925379991531372,0.0,-0.0055719125780892,-0.005587493587279635
2023-04-19,1.0975382328033447,1.098659634590149,1.0918341875076294,1.0975382328033447,0.0,0.004576713719873782,0.004566272411435851
2023-04-20,1.095218300819397,1.0989010334014893,1.0934339761734009,1.095218300819397,0.0,-0.0021137596072823284,-0.002115996750198505
2023-04-21,1.0970927476882937,1.099251389503479,1.0939722061157229,1.0970927476882937,0.0,0.0017114824208965818,0.0017100195037914891
2023-04-24,1.0992271900177002,1.103423833847046,1.0968761444091797,1.0992271900177002,0.0,0.0019455441063702672,0.0019436539865792446
2023-04-25,1.1059499979019165,1.1068068742752075,1.0969241857528689,1.1059499979019165,0.0,0.006115940312673818,0.006097313856667734
2023-04-26,1.0978394746780396,1.109410047531128,1.0969241857528689,1.0978394746780396,0.0,-0.007333535186277218,-0.007360557750447326
2023-04-27,1.1047282218933103,1.1065618991851809,1.0994206666946411,1.1047282218933103,0.0,0.006274821933590191,0.006255217206481515
2023-04-28,1.1032048463821411,1.1043744087219238,1.0965633392333984,1.1032048463821411,0.0,-0.0013789595313844494,-0.0013799111710280244
2023-05-01,1.1010911464691162,1.103557825088501,1.0966956615447998,1.1010911464691162,0.0,-0.0019159632229287515,-0.0019178010282847264
2023-05-02,1.0969241857528689,1.100521683692932,1.0943553447723389,1.0969241857528689,0.0,-0.0037843921728093477,-0.0037915711025151917
2023-05-03,1.1010911464691162,1.1058155298233032,1.100594401359558,1.1010911464691162,0.0,0.003798768201457303,0.0037915711025152355
2023-05-04,1.1068925857543943,1.109139323234558,1.0986838340759275,1.1068925857543943,0.0,0.005268809311455902,0.0052549776984911626
2023-05-05,1.102292776107788,1.1048002243041992,1.0971648693084717,1.102292776107788,0.0,-0.0041556061589040905,-0.004164264686122795
2023-05-08,1.10186767578125,1.1053388118743896,1.1012487411499023,1.10186767578125,0.0,-0.0003856510137344449,-0.0003857253962110418
2023-05-09,1.0996140241622925,1.1001100540161133,1.0944032669067385,1.0996140241622925,0.0,-0.0020453015080595938,-0.002047395993579254
2023-05-10,1.096467137336731,1.100473165512085,1.0942834615707395,1.096467137336731,0.0,-0.0028618103774721293,-0.002865913186300644
2023-05-11,1.098406195640564,1.0998680591583252,1.0901321172714231,1.098406195640564,0.0,0.0017684600274869844,0.0017668981432014084
2023-05-12,1.0912145376205444,1.0935176610946655,1.085564136505127,1.0912145376205444,0.0,-0.006547357479011251,-0.006568885442957101
2023-05-15,1.0852696895599363,1.089205980300903,1.0848575830459597,1.0852696895599363,0.0,-0.005447918677450203,-0.005462812705340129
2023-05-16,1.0873701572418213,1.090358018875122,1.0856702327728271,1.0873701572418213,0.0,0.001935433839248546,0.0019335633003228461
2023-05-17,1.0865668058395386,1.0875475406646729,1.081162929534912,1.0865668058395386,0.0,-0.0007388021428880176,-0.0007390751916854932
2023-05-18,1.0838346481323242,1.0849517583847046,1.0765421390533447,1.0838346481323242,0.0,-0.0025144866312231118,-0.0025176532621469594
2023-05-19,1.0775396823883057,1.082391619682312,1.0761018991470337,1.0775396823883057,0.0,-0.005808049922436109,-0.005824982238710198
2023-05-22,1.0822745561599731,1.0830715894699097,1.0796570777893066,1.0822745561599731,0.0,0.00439415257651854,0.004384526476817772
2023-05-23,1.0811045169830322,1.0821340084075928,1.076379895210266,1.0811045169830322,0.0,-0.0010810927507085566,-0.0010816775529980448
2023-05-24,1.076971173286438,1.079936981201172,1.074968338012695,1.076971173286438,0.0,-0.00382326003791833,-0.003830587378759216
2023-05-25,1.0757315158843994,1.0754191875457764,1.0709964036941528,1.0757315158843994,0.0,-0.0011510590374074203,-0.0011517220146606885
2023-05-26,1.072443604469299,1.0757546424865725,1.0702054500579834,1.072443604469299,0.0,-0.0030564423990099288,-0.0030611228585489007
2023-05-29,1.0723055601119995,1.0745755434036257,1.0706294775009155,1.0723055601119995,0.0,-0.00012871945594561396,-0.00012872774100575668
2023-05-30,1.0707669258117676,1.0745755434036257,1.067338466644287,1.0707669258117676,0.0,-0.001434884194828956,-0.0014359146269737272
2023-05-31,1.073306918144226,1.0738831758499146,1.06516695022583,1.073306918144226,0.0,0.002372124382281404,0.0023693153366323217
2023-06-01,1.0695186853408811,1.0753995180130005,1.0664163827896118,1.0695186853408811,0.0,-0.0035294963065130025,-0.0035357396735581593
2023-06-02,1.0760787725448608,1.077934741973877,1.071811318397522,1.0760787725448608,0.0,0.0061336817148629486,0.0061149472576090295
2023-06-05,1.0698620080947876,1.0722709894180298,1.0674750804901123,1.0698620080947876,0.0,-0.005777239184238336,-0.005793991984985513
2023-06-06,1.0711798667907717,1.073306918144226,1.0667349100112915,1.0711798667907717,0.0,0.0012318024997737265,0.0012310444535194906
2023-06-07,1.0698047876358032,1.074021577835083,1.0668829679489136,1.0698047876358032,0.0,-0.0012837051905093544,-0.0012845298458358555
2023-06-08,1.0707440376281738,1.078283429145813,1.0702168941497805,1.0707440376281738,0.0,0.0008779639082063806,0.0008775787233301165
2023-06-09,1.078271746635437,1.0787487030029297,1.0747718811035156,1.078271746635437,0.0,0.007030353420354185,0.007005755705541979
2023-06-12,1.0750954151153564,1.0789697170257568,1.073433518409729,1.0750954151153564,0.0,-0.002945761613426079,-0.002950108908663662
2023-06-13,1.0762988328933716,1.0822510719299316,1.076055645942688,1.0762988328933716,0.0,0.0011193590458071778,0.001118733030584114
2023-06-14,1.078934907913208,1.085835337638855,1.077574610710144,1.078934907913208,0.0,0.0024492036405445727,0.0024462092295930112
2023-06-15,1.084304690361023,1.0938525199890137,1.0804269313812256,1.084304690361023,0.0,0.004976929014374631,0.004964585042939019
2023-06-16,1.0945948362350464,1.0970999002456665,1.0920130014419556,1.0945948362350464,0.0,0.009490087025812999,0.0094453390353827
2023-06-19,1.0942115783691406,1.0949305295944214,1.0911003351211548,1.0942115783691406,0.0,-0.0003501367384702858,-0.00035019805065028125
2023-06-20,1.0924304723739624,1.0945229530334473,1.0894551277160645,1.0924304723739624,0.0,-0.0016277528317081291,-0.0016290790607261115
2023-06-21,1.0920368432998655,1.0961307287216189,1.0906671285629272,1.0920368432998655,0.0,-0.00036032414332187734,-0.0003603890756642699
2023-06-22,1.0992635488510132,1.1011154651641846,1.095110297203064,1.0992635488510132,0.0,0.00661763895191525,0.0065958385047388485
2023-06-23,1.0958904027938845,1.0958904027938845,1.0845046043395996,1.0958904027938845,0.0,-0.0030685508135464,-0.0030732684689762355
2023-06-26,1.0906671285629272,1.0921800136566162,1.088814616203308,1.0906671285629272,0.0,-0.004766237771259729,-0.004777632503592381
2023-06-27,1.091048002243042,1.0976104736328125,1.0903223752975464,1.091048002243042,0.0,0.0003492116615053664,0.00034915070130469645
2023-06-28,1.0957223176956177,1.0962508916854858,1.0899657011032104,1.0957223176956177,0.0,0.004284243629030016,0.004275092385421326
2023-06-29,1.0915838479995728,1.094067931175232,1.0862362384796145,1.0915838479995728,0.0,-0.00377693292288539,-0.0037840835446616475
2023-06-30,1.086802959442139,1.0933741331100464,1.0836466550827026,1.086802959442139,0.0,-0.004379772168849216,-0.004389391468142812
2023-07-03,1.0907504558563232,1.093135118484497,1.0871810913085938,1.0907504558563232,0.0,0.0036322098498982047,0.0036256293054996442
2023-07-04,1.091309905052185,1.0918222665786743,1.0890754461288452,1.091309905052185,0.0,0.0005129030135702095,0.0005127715237786305
2023-07-05,1.0884946584701538,1.0906195640563965,1.086507797241211,1.0884946584701538,0.0,-0.002579694886849393,-0.002583028033271871
2023-07-06,1.0856584310531616,1.0901559591293335,1.083435297012329,1.0856584310531616,0.0,-0.0026056420166346017,-0.002609042610231512
2023-07-07,1.0890636444091797,1.096467137336731,1.0868619680404663,1.0890636444091797,0.0,0.0031365420823148416,0.0031316333957207934
2023-07-10,1.0969723463058472,1.0992755889892578,1.0944511890411377,1.0969723463058472,0.0,0.007261928113446503,0.007235687276283276
2023-07-11,1.100594401359558,1.1025601625442505,1.0978635549545288,1.100594401359558,0.0,0.0033018654170349215,0.0032964262291078506
2023-07-12,1.101406455039978,1.1125946044921875,1.1012852191925049,1.101406455039978,0.0,0.0007378319201123418,0.0007375598559580265
2023-07-13,1.1144545078277588,1.1196202039718628,1.113065242767334,1.1144545078277588,0.0,0.011846719009202866,0.011777095963888725
2023-07-14,1.1223469972610474,1.12447988986969,1.1206114292144775,1.1223469972610474,0.0,0.007081930556925409,0.007056971456513566
2023-07-17,1.1227755546569824,1.125112533569336,1.1205486059188845,1.1227755546569824,0.0,0.00038184037288013783,0.00038176749039734993
2023-07-18,1.123759627342224,1.1275737285614014,1.1220070123672483,1.123759627342224,0.0,0.0008764642952545643,0.0008760804247069806
2023-07-19,1.1228890419006348,1.123974323272705,1.1176306009292605,1.1228890419006348,0.0,-0.0007747078827241571,-0.0007750081239521136
2023-07-20,1.120523452758789,1.12296462059021,1.1133129596710205,1.120523452758789,0.0,-0.0021066989289000304,-0.0021089211406578354
2023-07-21,1.113709807395935,1.1147029399871826,1.110962986946106,1.113709807395935,0.0,-0.0060807699705690554,-0.006099333142796828
2023-07-24,1.112532615661621,1.114504098892212,1.1068804264068604,1.112532615661621,0.0,-0.0010570004201242433,-0.0010575594390251743
2023-07-25,1.1063170433044434,1.1088933944702148,1.1022076606750488,1.1063170433044434,0.0,-0.005586867539592366,-0.0056025324565005105
2023-07-26,1.1050456762313845,1.1086474657058716,1.1038380861282349,1.1050456762313845,0.0,-0.001149188725558692,-0.0011498495492447674
2023-07-27,1.1078368425369265,1.115200161933899,1.0984907150268557,1.1078368425369265,0.0,0.002525837950030141,0.002522653382695378
2023-07-28,1.0978755950927734,1.1046794652938845,1.0947027206420898,1.0978755950927734,0.0,-0.008991619579415633,-0.0090322881585568
2023-07-31,1.1024264097213743,1.1045451164245603,1.100618600845337,1.1024264097213743,0.0,0.004145109563362004,0.004136542263487061
2023-08-01,1.0997591018676758,1.100231051445007,1.095446228981018,1.0997591018676758,0.0,-0.0024194883487711483,-0.002422420040456656
2023-08-02,1.100788116455078,1.1007033586502075,1.0919772386550903,1.100788116455078,0.0,0.000935672717465641,0.000935235248612383
2023-08-03,1.0944151878356934,1.0953983068466189,1.0913575887680054,1.0944151878356934,0.0,-0.0057894235267614835,-0.005806247203498307
2023-08-04,1.095158338546753,1.1040940284729004,1.0936251878738403,1.095158338546753,0.0,0.0006790391062911905,0.000678808663551108
2023-08-07,1.1002674102783203,1.1012003421783447,1.096611499786377,1.1002674102783203,0.0,0.0046651443464760245,0.004654296286017525
2023-08-08,1.100315809249878,1.1009820699691772,1.0930992364883425,1.100315809249878,0.0,4.398837146823986e-05,4.3987404008198875e-05
2023-08-09,1.0958904027938845,1.0994327068328855,1.0955902338027954,1.0958904027938845,0.0,-0.004021942081346985,-0.004030051842362894
2023-08-10,1.0977671146392822,1.1058399677276611,1.096803903579712,1.0977671146392822,0.0,0.0017124995716846225,0.0017110349162026246
2023-08-11,1.0981649160385132,1.1004369258880615,1.0951822996139526,1.0981649160385132,0.0,0.00036237321552645696,0.0003623075742100826
2023-08-14,1.094439148902893,1.0960345268249512,1.087748646736145,1.094439148902893,0.0,-0.003392720966774565,-0.0033984892951348677
2023-08-15,1.0909883975982666,1.0949664115905762,1.0900845527648926,1.0909883975982666,0.0,-0.003152985991122126,-0.003157967124503774
2023-08-16,1.0904173851013184,1.093469738960266,1.0897756814956665,1.0904173851013184,0.0,-0.0005233900728965901,-0.0005235270892915599
2023-08-17,1.0874884128570557,1.0917268991470337,1.0862362384796145,1.0874884128570557,0.0,-0.0026861019315007617,-0.0026897159765402793
2023-08-18,1.0874648094177246,1.089561939239502,1.0846457481384275,1.0874648094177246,0.0,-2.170454328709326e-05,-2.170477883410121e-05
2023-08-21,1.087559461593628,1.0913575887680054,1.0870628356933594,1.087559461593628,0.0,8.703930010756089e-05,8.703551240746353e-05
2023-08-22,1.0898351669311523,1.093199610710144,1.0834001302719116,1.0898351669311523,0.0,0.0020924881975554754,0.0020903019933335067
2023-08-23,1.0846692323684692,1.0870510339736938,1.0802985429763794,1.0846692323684692,0.0,-0.004740106320141768,-0.004751376251991785
2023-08-24,1.086578607559204,1.0876895189285278,1.081548810005188,1.086578607559204,0.0,0.0017603294476837839,0.001758781883683745
2023-08-25,1.07991361618042,1.0839755535125732,1.076669692993164,1.07991361618042,0.0,-0.006133924717840578,-0.006152814519424532
2023-08-28,1.0797386169433594,1.0821340084075928,1.079936981201172,1.0797386169433594,0.0,-0.00016204929212715324,-0.00016206242353233513
2023-08-29,1.082555651664734,1.0856702327728271,1.0783531665802002,1.082555651664734,0.0,0.0026089969157068182,0.0026055993913910217
2023-08-30,1.0869210958480835,1.094546914100647,1.085611343383789,1.0869210958480835,0.0,0.004032535580629215,0.004024426701277785
2023-08-31,1.0932546854019165,1.0939722061157229,1.0837171077728271,1.0932546854019165,0.0,0.005827092305068504,0.005810180468786455
2023-09-01,1.0844104290008545,1.0880801677703855,1.0785857439041138,1.0844104290008545,0.0,-0.008089840838697682,-0.008122741160144649
2023-09-04,1.07758629322052,1.080905795097351,1.0774004459381104,1.07758629322052,0.0,-0.006292945547030637,-0.006312829592228983
2023-09-05,1.0794472694396973,1.07991361618042,1.0707554817199707,1.0794472694396973,0.0,0.0017269857930499732,0.0017254962677647017
2023-09-06,1.0726161003112793,1.074818134307861,1.0705147981643677,1.0726161003112793,0.0,-0.006328395394398223,-0.006348504572645787
2023-09-07,1.0724204778671265,1.073422074317932,1.068764328956604,1.0724204778671265,0.0,-0.00018237880644911275,-0.00018239543948600666
2023-09-08,1.0697818994522097,1.0742061138153076,1.0695072412490845,1.0697818994522097,0.0,-0.0024603954040158804,-0.0024634271506725662
2023-09-11,1.071811318397522,1.0756852626800537,1.0711455345153809,1.071811318397522,0.0,0.0018970398979001324,0.0018952427901441611
2023-09-12,1.0750375986099243,1.0762641429901123,1.070617914199829,1.0750375986099243,0.0,0.0030101195583809304,0.003005598219411332
2023-09-13,1.075326681137085,1.0765421390533447,1.0717424154281616,1.075326681137085,0.0,0.0002689045736952167,0.00026886842534049965
2023-09-14,1.073422074317932,1.0755001306533811,1.065507411956787,1.073422074317932,0.0,-0.001771189028006881,-0.0017727594378958128
2023-09-15,1.0637166500091553,1.068764328956604,1.0634677410125732,1.0637166500091553,0.0,-0.009041573245960666,-0.009082696335297987
2023-09-18,1.0668259859085083,1.0698162317276,1.0656323432922363,1.0668259859085083,0.0,0.002923086612704795,0.002918822702197699
2023-09-19,1.0692671537399292,1.071926236152649,1.0676347017288208,1.0692671537399292,0.0,0.0022882530643852927,0.0022856390003425054
2023-09-20,1.0682048797607422,1.0726966857910156,1.0675777196884155,1.0682048797607422,0.0,-0.0009934598434746533,-0.0009939536517845262
2023-09-21,1.065303087234497,1.0673611164093018,1.061909317970276,1.065303087234497,0.0,-0.0027165130783666225,-0.0027202094957808733
2023-09-22,1.0661548376083374,1.0671560764312744,1.06152606010437,1.0661548376083374,0.0,0.0007995380695380305,0.0007992186092448136
2023-09-25,1.0648492574691772,1.0655415058135986,1.0577309131622314,1.0648492574691772,0.0,-0.0012245689773250357,-0.00122531937458651
2023-09-26,1.0591648817062378,1.060895323753357,1.0568143129348757,1.0591648817062378,0.0,-0.005338197611603257,-0.005352496698744066
2023-09-27,1.0569483041763306,1.057373046875,1.0509058237075806,1.0569483041763306,0.0,-0.0020927596526203462,-0.0020949525340855537
2023-09-28,1.0505305528640747,1.0578652620315552,1.049185872077942,1.0505305528640747,0.0,-0.006071963299337679,-0.006090472631852323
2023-09-29,1.0562450885772705,1.0617965459823608,1.0558546781539917,1.0562450885772705,0.0,0.005439666364406293,0.005424924814573403
2023-10-02,1.0565240383148191,1.0590976476669312,1.0492738485336304,1.0565240383148191,0.0,0.0002640956540913564,0.00026406078697280267
2023-10-03,1.0480751991271973,1.049428105354309,1.0449867248535156,1.0480751991271973,0.0,-0.007996826272971491,-0.008028972380780758
2023-10-04,1.0472300052642822,1.0532413721084597,1.045369029045105,1.0472300052642822,0.0,-0.0008064248286944187,-0.0008067501641140518
2023-10-05,1.0507071018218994,1.0536853075027466,1.0500892400741575,1.0507071018218994,0.0,0.0033202797285585284,0.003314779770723716
2023-10-06,1.0546631813049316,1.0598160028457642,1.0483938455581665,1.0546631813049316,0.0,0.00376515917344844,0.003758088703719646
2023-10-09,1.056747317314148,1.0576413869857788,1.0521442890167236,1.056747317314148,0.0,0.001976115262350975,0.0019741653150437614
2023-10-10,1.0578875541687012,1.061954379081726,1.0555983781814575,1.0578875541687012,0.0,0.0010790061501657622,0.0010784244414369746
2023-10-11,1.0604791641235352,1.063354730606079,1.0592771768569946,1.0604791641235352,0.0,0.0024497971874435365,0.0024468013261512104
2023-10-12,1.0624282360076904,1.063908934593201,1.0545964241027832,1.0624282360076904,0.0,0.0018379162458757037,0.0018362293444184133
2023-10-13,1.0536741018295288,1.0558546781539917,1.0496152639389038,1.0536741018295288,0.0,-0.008239741642275256,-0.008273875947999566
2023-10-16,1.052155375480652,1.055464744567871,1.0516352653503418,1.052155375480652,0.0,-0.0014413625107039252,-0.001442402272883807
2023-10-17,1.055431246757507,1.0595004558563232,1.0533411502838137,1.055431246757507,0.0,0.0031134862333033198,0.003108649372107452
2023-10-18,1.057305932044983,1.0595465898513794,1.0527091026306152,1.057305932044983,0.0,0.001776226820302318,0.0017746511949465053
2023-10-19,1.053851842880249,1.0585371255874634,1.0528864860534668,1.053851842880249,0.0,-0.003266877693623771,-0.0032722255890128117
2023-10-20,1.0586491823196411,1.0601080656051636,1.056579828262329,1.0586491823196411,0.0,0.004552195331632758,0.004541865427760706
2023-10-23,1.0589966773986816,1.064736008644104,1.057183027267456,1.0589966773986816,0.0,0.00032824384587826216,0.000328189985652953
2023-10-24,1.0669853687286377,1.0690499544143677,1.0584250688552856,1.0669853687286377,0.0,0.007543641543408253,0.007515330568956494
2023-10-25,1.059535264968872,1.0606703758239746,1.0566803216934204,1.059535264968872,0.0,-0.006982386055249035,-0.007006876982751212
2023-10-26,1.056725025177002,1.056970715522766,1.0526316165924072,1.056725025177002,0.0,-0.0026523324751750454,-0.0026558561409556923
2023-10-27,1.0564459562301636,1.0597710609436035,1.053629755973816,1.0564459562301636,0.0,-0.0002640885189518771,-0.000264123396465434
2023-10-30,1.0562450885772705,1.0625998973846436,1.054841160774231,1.0562450885772705,0.0,-0.0001901352849225102,-0.00019015336292734387
2023-10-31,1.061503529548645,1.0669056177139282,1.0567585229873655,1.061503529548645,0.0,0.0049784288024075085,0.00496607740248526
2023-11-01,1.0579099655151367,1.0580778121948242,1.0522881746292114,1.0579099655151367,0.0,-0.003385352882468773,-0.0033910961552048305
2023-11-02,1.05870521068573,1.067008137702942,1.0584250688552856,1.05870521068573,0.0,0.0007517134694974281,0.0007514310744385675
2023-11-03,1.061909317970276,1.0736998319625854,1.0615485906600952,1.061909317970276,0.0,0.0030264395151797796,0.0030218690662464926
2023-11-06,1.073214769363403,1.075700283050537,1.0723400115966797,1.073214769363403,0.0,0.010646343526522717,0.010590070261934276
2023-11-07,1.0721560716629028,1.0721560716629028,1.0664732456207275,1.0721560716629028,0.0,-0.0009864732863564818,-0.0009869601713545283
2023-11-08,1.0696102380752563,1.071604609489441,1.0660640001296997,1.0696102380752563,0.0,-0.0023744990630868434,-0.0023773226566195147
2023-11-09,1.07104229927063,1.0728002786636353,1.0681477785110474,1.07104229927063,0.0,0.0013388626477162102,0.001337967170313203
2023-11-10,1.0667576789855957,1.0692557096481323,1.0657685995101929,1.0667576789855957,0.0,-0.004000421167261292,-0.004008444256324299
2023-11-13,1.069015622138977,1.070549249649048,1.0665528774261477,1.069015622138977,0.0,0.0021166411059054813,0.0021144041770807375
2023-11-14,1.0701825618743896,1.08672034740448,1.0693585872650146,1.0701825618743896,0.0,0.0010916021349414162,0.0010910067705588759
2023-11-15,1.0878314971923828,1.0887316465377808,1.0832945108413696,1.0878314971923828,0.0,0.01649151831354989,0.016357010041172345
2023-11-16,1.0854581594467163,1.0893957614898682,1.0830950736999512,1.0854581594467163,0.0,-0.002181714495114284,-0.002184097901422437
2023-11-17,1.0853756666183472,1.089229702949524,1.0825204849243164,1.0853756666183472,0.0,-7.599816506165258e-05,-7.600105306852202e-05
2023-11-20,1.090702772140503,1.0945110321044922,1.0897995233535769,1.090702772140503,0.0,0.00490807531990578,0.004896069984269191
2023-11-21,1.0945948362350464,1.096731662750244,1.0922993421554563,1.0945948362350464,0.0,0.0035684002956233307,0.0035620486609204824
2023-11-22,1.0918222665786743,1.092251539230347,1.0854581594467163,1.0918222665786743,0.0,-0.002532964312081498,-0.002536177693585343
2023-11-23,1.0890873670578003,1.0927051305770874,1.0888028144836426,1.0890873670578003,0.0,-0.002504894436201721,-0.0025080369331155557
2023-11-24,1.0906314849853516,1.0944151878356934,1.089561939239502,1.0906314849853516,0.0,0.0014178090521081987,0.0014168049098633336
2023-11-27,1.0940439701080322,1.0959264039993286,1.0925856828689575,1.0940439701080322,0.0,0.003128907582130358,0.0031240227376338517
2023-11-28,1.095842361450195,1.100715398788452,1.0935057401657104,1.095842361450195,0.0,0.0016438017038613584,0.0016424521405810828
2023-11-29,1.100594401359558,1.1016855239868164,1.096118688583374,1.100594401359558,0.0,0.004336426548682049,0.004327051344560341
2023-11-30,1.0973695516586304,1.098538875579834,1.08949077129364,1.0973695516586304,0.0,-0.002930098224145139,-0.002934399365846547
2023-12-01,1.089205980300903,1.0913456678390503,1.0831537246704102,1.089205980300903,0.0,-0.007439218033148731,-0.007467027019537532
2023-12-04,1.088814616203308,1.0887316465377808,1.0805671215057373,1.088814616203308,0.0,-0.00035931137422406945,-0.00035937594202298576
2023-12-05,1.0837758779525757,1.0848339796066284,1.078260064125061,1.0837758779525757,0.0,-0.004627728334785308,-0.004638469420250361
2023-12-06,1.0793657302856443,1.0803686380386353,1.0773192644119265,1.0793657302856443,0.0,-0.004069243241751064,-0.004077545141317587
2023-12-07,1.076669692993164,1.0796804428100586,1.0757662057876587,1.076669692993164,0.0,-0.0024977977499496262,-0.002500922451081591
2023-12-08,1.079214334487915,1.0800535678863523,1.073145627975464,1.079214334487915,0.0,0.00236343746955181,0.002360648944021793
2023-12-11,1.0765769481658936,1.077934741973877,1.0743216276168823,1.0765769481658936,0.0,-0.002443802160275177,-0.0024467931186417952
2023-12-12,1.076658010482788,1.0822042226791382,1.0761829614639282,1.076658010482788,0.0,7.529635204672758e-05,7.529351741870235e-05
2023-12-13,1.0798670053482056,1.0808240175247192,1.0774004459381104,1.0798670053482056,0.0,0.0029805145498138508,0.0029760816224084843
2023-12-14,1.0886130332946775,1.1004126071929932,1.088020920753479,1.0886130332946775,0.0,0.008099171382360826,0.00806654911765591
2023-12-15,1.0993602275848389,1.100594401359558,1.090227127075195,1.0993602275848389,0.0,0.00987237334246771,0.009823959841428425
2023-12-18,1.0895264148712158,1.0930036306381226,1.0894551277160645,1.0895264148712158,0.0,-0.008945032271384545,-0.008985279259387994
2023-12-19,1.092382788658142,1.098799705505371,1.091607689857483,1.092382788658142,0.0,0.0026216654758792757,0.002618234905509399
2023-12-20,1.0981045961380005,1.09797203540802,1.0935654640197754,1.0981045961380005,0.0,0.0052379143458374244,0.005224244187125721
2023-12-21,1.094570875167847,1.099976897239685,1.0936251878738403,1.094570875167847,0.0,-0.0032180185590531263,-0.003223207515872975
2023-12-22,1.100618600845337,1.1040574312210083,1.0994206666946411,1.100618600845337,0.0,0.005525202446632349,0.005509994507837824
2023-12-25,1.102657437324524,1.1042402982711792,1.0999890565872192,1.102657437324524,0.0,0.0018524459586828357,0.0018507322966524104
2023-12-26,1.1020255088806152,1.103996515274048,1.1009578704833984,1.1020255088806152,0.0,-0.0005730958886397408,-0.0005732601708578364
2023-12-27,1.1043012142181396,1.1122480630874634,1.102924942970276,1.1043012142181396,0.0,0.002065020563667419,0.002062891339460544
2023-12-28,1.110864281654358,1.113945484161377,1.1071009635925293,1.110864281654358,0.0,0.0059431859276410925,0.005925594861729413
2023-12-29,1.1068191528320312,1.1086474657058716,1.1043256521224976,1.1068191528320312,0.0,-0.003641424869924248,-0.003648070996618757
2024-01-01,1.1055831909179688,1.1053388118743896,1.103996515274048,1.1055831909179688,0.0,-0.0011166791890978578,-0.0011173031398486696
2024-01-02,1.1038745641708374,1.1046061515808103,1.0941996574401855,1.1038745641708374,0.0,-0.0015454528986756921,-0.0015466483428338857
2024-01-03,1.0941756963729858,1.0967004299163818,1.0898706912994385,1.0941756963729858,0.0,-0.008786204622023064,-0.008825030908954975
2024-01-04,1.0927767753601074,1.0970205068588257,1.0917030572891235,1.0927767753601074,0.0,-0.0012785158887330672,-0.0012793338874625213
2024-01-05,1.0947387218475342,1.0996382236480713,1.0879853963851929,1.0947387218475342,0.0,0.0017953771819319009,0.0017937674187858852
2024-01-08,1.0942236185073853,1.0978153944015503,1.092454433441162,1.0942236185073853,0.0,-0.00047052628163146704,-0.0004706370138586311
2024-01-09,1.095170259475708,1.096731662750244,1.0912623405456543,1.095170259475708,0.0,0.0008651256948868369,0.0008647516893451855
2024-01-10,1.093242645263672,1.0969723463058472,1.0923351049423218,1.093242645263672,0.0,-0.0017601046005017995,-0.001761655404589585
2024-01-11,1.0975141525268557,1.0991426706314087,1.093147039413452,1.0975141525268557,0.0,0.003907190486658552,0.0038995772423958907
2024-01-12,1.0981649160385132,1.098659634590149,1.0937089920043943,1.0981649160385132,0.0,0.0005929431617435199,0.0005927674404054035
2024-01-15,1.094570875167847,1.0958904027938845,1.0934100151062012,1.094570875167847,0.0,-0.0032727697071505135,-0.0032781369315876235
2024-01-16,1.094570875167847,1.094666838645935,1.086708426475525,1.094570875167847,0.0,0.0,0.0
2024-01-17,1.087878942489624,1.0884946584701538,1.0845398902893066,1.087878942489624,0.0,-0.006113749991015105,-0.006132515484610715
2024-01-18,1.0885775089263916,1.0907504558563232,1.084869384765625,1.0885775089263916,0.0,0.0006421361876616238,0.0006419301064366271
2024-01-19,1.0879143476486206,1.0892653465270996,1.0868265628814695,1.0879143476486206,0.0,-0.0006091998707791202,-0.0006093855084178445
2024-01-22,1.089229702949524,1.0909883975982666,1.0880327224731443,1.089229702949524,0.0,0.0012090614520767762,0.001208331125892878
2024-01-23,1.088020920753479,1.0918222665786743,1.0824267864227295,1.088020920753479,0.0,-0.0011097587522371777,-0.0011103749904406092
2024-01-24,1.0857881307601929,1.093147039413452,1.0851871967315674,1.0857881307601929,0.0,-0.00205215722482599,-0.002054265784688464
2024-01-25,1.088174819946289,1.0900371074676514,1.0826143026351929,1.088174819946289,0.0,0.002198116850315124,0.002195704525871863
2024-01-26,1.0847046375274658,1.0883287191390991,1.0813382863998413,1.0847046375274658,0.0,-0.003188993491867853,-0.0031940891678824117
2024-01-29,1.0843517780303955,1.084975242614746,1.079715371131897,1.0843517780303955,0.0,-0.0003253046819037264,-0.00032535760494948154
2024-01-30,1.0834470987319946,1.085564136505127,1.0812681913375854,1.0834470987319946,0.0,-0.0008343042513787591,-0.0008346524768681695
2024-01-31,1.08433997631073,1.088565707206726,1.0807656049728394,1.08433997631073,0.0,0.0008241081449942289,0.0008237687543271816
2024-02-01,1.0803920030593872,1.086555004119873,1.078027606010437,1.0803920030593872,0.0,-0.0036408998446917362,-0.003647544052697876
2024-02-02,1.0874648094177246,1.0897995233535769,1.0783065557479858,1.0874648094177246,0.0,0.006546518613900432,0.006525183225310071
2024-02-05,1.0780043601989746,1.0787487030029297,1.072466492652893,1.0780043601989746,0.0,-0.008699545159365218,-0.008737607110913186
2024-02-06,1.0741831064224243,1.076310396194458,1.0724550485610962,1.0741831064224243,0.0,-0.0035447479784265212,-0.0035510454839929734
2024-02-07,1.075719952583313,1.0784345865249634,1.0756388902664185,1.075719952583313,0.0,0.001430711534839757,0.0014296890422369148
2024-02-08,1.077574610710144,1.0789813995361328,1.074310064315796,1.077574610710144,0.0,0.0017241086979722375,0.0017226241286986182
2024-02-09,1.077725529670715,1.0794472694396973,1.0763914585113523,1.077725529670715,0.0,0.00014005430257091334,0.00014004449588271426
2024-02-12,1.0798202753067017,1.0805437564849854,1.0757662057876587,1.0798202753067017,0.0,0.0019436726497761292,0.0019417861621720967
2024-02-13,1.0772264003753662,1.079563856124878,1.0702054500579834,1.0772264003753662,0.0,-0.0024021357911608865,-0.0024050255479935757
2024-02-14,1.070893168449402,1.0734450817108154,1.069553017616272,1.070893168449402,0.0,-0.005879202295596575,-0.005896552843757327
2024-02-15,1.073214769363403,1.0786322355270386,1.072524070739746,1.073214769363403,0.0,0.0021679108452643536,0.002165564317311469
2024-02-16,1.0773887634277344,1.0780508518218994,1.0734450817108154,1.0773887634277344,0.0,0.0038892439644742094,0.003881700407994871
2024-02-19,1.0784927606582642,1.0789813995361328,1.0762988328933716,1.0784461498260498,0.0,0.0010246971826746165,0.0010241725388866125
2024-02-20,1.0775396823883057,1.0838581323623655,1.0762524604797363,1.0775396823883057,0.0,-0.0008837131826242572,-0.0008841038873163796
2024-02-21,1.0813149213790894,1.0822510719299316,1.0791910886764526,1.0813149213790894,0.0,0.003503573049315589,0.0034974498351770826
2024-02-22,1.082040309906006,1.0886249542236328,1.0805087089538574,1.082040309906006,0.0,0.0006708392833343346,0.0006706143712432586
2024-02-23,1.0825674533843994,1.0839403867721558,1.0813733339309692,1.0825674533843994,0.0,0.00048717545323162526,0.00048705682179849387
2024-02-26,1.0820051431655884,1.0859060287475586,1.0813382863998413,1.081958293914795,0.0,-0.0005194228009101076,-0.0005195577476647977
2024-02-27,1.0850930213928225,1.086614012718201,1.083364963531494,1.0850930213928225,0.0,0.00285384801240407,0.0028497835192925793
2024-02-28,1.084481120109558,1.0847163200378418,1.0798670053482056,1.084481120109558,0.0,-0.0005639159695994822,-0.0005640750300104818
2024-02-29,1.0838816165924072,1.085587739944458,1.0805671215057373,1.0838816165924072,0.0,-0.0005528021705811792,-0.0005529550220347515
2024-03-01,1.0804970264434814,1.0841518640518188,1.079925298690796,1.0804970264434814,0.0,-0.0031226566602047257,-0.0031275423260024677
2024-03-04,1.084269404411316,1.0866494178771973,1.0838581323623655,1.084269404411316,0.0,0.003491335816306229,0.0034852552521659795
2024-03-05,1.0855170488357544,1.087535738945007,1.084269404411316,1.0855170488357544,0.0,0.0011506775155347704,0.0011500159935793875
2024-03-06,1.0855995416641235,1.091405153274536,1.084293007850647,1.0855995416641235,0.0,7.599404215485883e-05,7.59911547539199e-05
2024-03-07,1.089953899383545,1.0940918922424316,1.086932897567749,1.089953899383545,0.0,0.004011016541833223,0.004002993860566666
2024-03-08,1.0950144529342651,1.097803235054016,1.0927051305770874,1.0950144529342651,0.0,0.004642906047294559,0.004632161004990791
2024-03-11,1.0942955017089844,1.09505033493042,1.0914647579193115,1.0942955017089844,0.0,-0.0006565677953876969,-0.0006567834304138422
2024-03-12,1.093135118484497,1.0942115783691406,1.0903223752975464,1.093135118484497,0.0,-0.0010603929401840073,-0.0010609555545411638
2024-03-13,1.0927767753601074,1.0949305295944214,1.0920488834381104,1.0927767753601074,0.0,-0.0003278122880970846,-0.00032786603029042014
2024-03-14,1.0955302715301514,1.0954701900482178,1.0884116888046265,1.0955302715301514,0.0,0.0025197242768419947,0.0025165550941543685
2024-03-15,1.0883406400680542,1.0901559591293335,1.0873819589614868,1.0883406400680542,0.0,-0.006562695389562556,-0.006584324557311425
2024-03-18,1.0882576704025269,1.0907504558563232,1.0880801677703855,1.0882576704025269,0.0,-7.623501546549782e-05,-7.623792150198477e-05
2024-03-19,1.087393879890442,1.0877841711044312,1.0835057497024536,1.087393879890442,0.0,-0.0007937371227215717,-0.000794052298820581
2024-03-20,1.0863306522369385,1.0874292850494385,1.0836936235427856,1.0863306522369385,0.0,-0.0009777760139780822,-0.0009782543487731165
2024-03-21,1.0937210321426392,1.0944511890411377,1.0856467485427856,1.0937210321426392,0.0,0.006803066718666706,0.006780030280211767
2024-03-22,1.0862362384796145,1.08695650100708,1.080905795097351,1.0862362384796145,0.0,-0.006843421167792352,-0.0068669447570795595
2024-03-25,1.0807539224624634,1.0843634605407717,1.080263614654541,1.0807539224624634,0.0,-0.005047075233675313,-0.0050598547354209515
2024-03-26,1.0838228464126587,1.0864133834838867,1.082602620124817,1.0838228464126587,0.0,0.002839613982804634,0.0028355898951227965
2024-03-27,1.0832358598709106,1.0839285850524902,1.081174612045288,1.0832358598709106,0.0,-0.0005415890093947162,-0.000541735721696503
2024-03-28,1.0813382863998413,1.0828369855880735,1.0775513648986816,1.0813382863998413,0.0,-0.0017517638968261862,-0.0017533000294245103
2024-03-29,1.0794472694396973,1.0807305574417114,1.0768898725509644,1.0794472694396973,0.0,-0.0017487746285576034,-0.0017503055199580492
2024-04-01,1.0792726278305054,1.0801469087600708,1.0731571912765503,1.0792726278305054,0.0,-0.00016178799477861716,-0.00016180108386803512
2024-04-02,1.0737217664718628,1.0778765678405762,1.072535514831543,1.0737217664718628,0.0,-0.005143150317636236,-0.005156421839743476
2024-04-03,1.076855182647705,1.0831888914108276,1.0764726400375366,1.076855182647705,0.0,0.0029182757337018472,0.002914025833319365
2024-04-04,1.0838346481323242,1.087583065032959,1.0835057497024536,1.0838346481323242,0.0,0.006481340849805228,0.006460427276889821
2024-04-05,1.0837054252624512,1.084845781326294,1.079167723655701,1.0837054252624512,0.0,-0.00011922747634585118,-0.00011923458450640673
2024-04-08,1.0830481052398682,1.085835337638855,1.0821573734283447,1.0830481052398682,0.0,-0.0006065486129902542,-0.0006067326380173935
2024-04-09,1.0863661766052246,1.0888501405715942,1.0849870443344116,1.0863661766052246,0.0,0.0030636417249643166,0.003058958337697158
2024-04-10,1.0859296321868896,1.0868383646011353,1.073375940322876,1.0859296321868896,0.0,-0.0004018391107306618,-0.0004019198697015849
2024-04-11,1.074171543121338,1.0755810737609863,1.0700452327728271,1.074171543121338,0.0,-0.010827671256997462,-0.010886717095524747
2024-04-12,1.0726851224899292,1.072961449623108,1.062371850013733,1.0726851224899292,0.0,-0.0013837832894822988,-0.0013847416017447754
2024-04-15,1.0649627447128296,1.0665528774261477,1.0623606443405151,1.0649627447128296,0.0,-0.007199109613056143,-0.007225148247919505
2024-04-16,1.0625749826431274,1.065405249595642,1.0604116916656494,1.0625749826431274,0.0,-0.002242108544694643,-0.0022446258334513653
2024-04-17,1.0621461868286133,1.0652689933776855,1.0608166456222534,1.0621461868286133,0.0,-0.00040354405243714364,-0.000403625498250325
2024-04-18,1.0669398307800293,1.0691757202148438,1.0647813081741333,1.0669398307800293,0.0,0.00451316778317401,0.004503013980535367
2024-04-19,1.0644185543060305,1.0680338144302368,1.061176896095276,1.0644185543060305,0.0,-0.002363091527059713,-0.002365888034312739
2024-04-22,1.065825343132019,1.067121982574463,1.0625072717666626,1.0657799243927002,0.0,0.0013216500410457854,0.0013207774304029281
2024-04-23,1.065405249595642,1.0709964036941528,1.0639317035675049,1.065405249595642,0.0,-0.00039414857141839565,-0.00039422626838334047
2024-04-24,1.0704345703125,1.0715816020965576,1.0679197311401367,1.0704345703125,0.0,0.004720570617393394,0.004709463664304997
2024-04-25,1.0699878931045532,1.0731916427612305,1.0678740739822388,1.0699878931045532,0.0,-0.0004172858578515015,-0.0004173729458229782
2024-04-26,1.072961449623108,1.0752919912338257,1.0675548315048218,1.072961449623108,0.0,0.002779056228315868,0.002775201791036396
2024-04-29,1.0706866979599,1.0735372304916382,1.0690956115722656,1.0706866979599,0.0,-0.002120068399481645,-0.002122318925900117
2024-04-30,1.0715701580047607,1.0736525058746338,1.068433165550232,1.0715701580047607,0.0,0.0008251340439218158,0.0008247938079739085
2024-05-01,1.0666552782058716,1.0688670873641968,1.0650080442428589,1.0666552782058716,0.0,-0.004586615036051955,-0.004597165828774006
2024-05-02,1.0721560716629028,1.0730764865875244,1.0675777196884155,1.0721560716629028,0.0,0.005157048926138108,0.005143796890728481
2024-05-03,1.073306918144226,1.080940842628479,1.0725010633468628,1.073306918144226,0.0,0.0010733945474359352,0.0010728188714235368
2024-05-06,1.0758124589920044,1.079214334487915,1.0756388902664185,1.0758124589920044,0.0,0.00233441227800002,0.0023316917706926814
2024-05-07,1.0767507553100586,1.0789813995361328,1.0755810737609863,1.0767507553100586,0.0,0.0008721746157627219,0.0008717944924890549
2024-05-08,1.0750491619110107,1.0758472681045532,1.0735719203948977,1.0750491619110107,0.0,-0.0015803038824503401,-0.0015815538797213848
2024-05-09,1.0746910572052002,1.078283429145813,1.0725126266479492,1.0746910572052002,0.0,-0.00033310542298736756,-0.0003331609149222311
2024-05-10,1.078515887260437,1.0793308019638062,1.0762062072753906,1.078515887260437,0.0,0.003559004264149568,0.003552685995199825
2024-05-13,1.077040672302246,1.0807305574417114,1.0766464471817017,1.077040672302246,0.0,-0.0013678194040684932,-0.0013687557229370368
2024-05-14,1.079354166984558,1.0828369855880735,1.0776442289352417,1.079354166984558,0.0,0.002148010508616016,0.0021457068323342014
2024-05-15,1.0814552307128906,1.0874292850494385,1.0813616514205933,1.0814552307128906,0.0,0.001946593428366894,0.0019447012704893634
2024-05-16,1.0889805555343628,1.089680790901184,1.0855170488357544,1.0889805555343628,0.0,0.006958517197712899,0.006934418446712236
2024-05-17,1.0867793560028076,1.087890625,1.0836349725723269,1.0867793560028076,0.0,-0.002021339610122852,-0.0020233852741519107
2024-05-20,1.0875475406646729,1.0884946584701538,1.0855052471160889,1.0875475406646729,0.0,0.0007068450993499287,0.0007065954020106566
2024-05-21,1.086082935333252,1.0875475406646729,1.0845986604690552,1.086082935333252,0.0,-0.001346704651206121,-0.0013476122728719713
2024-05-22,1.0855170488357544,1.0864840745925903,1.0822510719299316,1.0855170488357544,0.0,-0.0005210343327269884,-0.0005211701182829347
2024-05-23,1.0825204849243164,1.086130142211914,1.0813032388687134,1.0825204849243164,0.0,-0.0027604945630765876,-0.0027643117547025264
2024-05-24,1.0812681913375854,1.0856584310531616,1.0806137323379517,1.0812681913375854,0.0,-0.0011568313063549107,-0.00115750095218525
2024-05-27,1.0847634077072144,1.08672034740448,1.0841753482818604,1.0847634077072144,0.0,0.0032325156678336686,0.003227302320858273
2024-05-28,1.0861891508102417,1.0889450311660769,1.0859060287475586,1.0861891508102417,0.0,0.0013143355434903636,0.0013134725606132052
2024-05-29,1.0851871967315674,1.085894227027893,1.080952525138855,1.0851871967315674,0.0,-0.0009224489840714556,-0.0009228747019577188
2024-05-30,1.0801819562911987,1.0845986604690552,1.0788999795913696,1.0801819562911987,0.0,-0.004612329057552267,-0.004622998667696261
2024-05-31,1.0835410356521606,1.0882576704025269,1.081162929534912,1.0835410356521606,0.0,0.0031097347455193436,0.003104909521282527
2024-06-03,1.0853049755096436,1.0890873670578003,1.0828019380569458,1.0853049755096436,0.0,0.0016279400589764847,0.0016266164009212727
2024-06-04,1.0907385349273682,1.0918222665786743,1.0860711336135864,1.0907385349273682,0.0,0.005006481625289716,0.004993990868639649
2024-06-05,1.0881866216659546,1.088992476463318,1.0860947370529177,1.0881866216659546,0.0,-0.0023396196060713192,-0.0023423607924120534
2024-06-06,1.087453007698059,1.0898706912994385,1.0863661766052246,1.087453007698059,0.0,-0.000674161906872528,-0.0006743892561967788
2024-06-07,1.0894432067871094,1.090179681777954,1.0804970264434814,1.0894432067871094,0.0,0.0018301472109247818,0.0018284745320394033
2024-06-10,1.077888250350952,1.078283429145813,1.073364496231079,1.077888250350952,0.0,-0.010606295366450857,-0.01066294302103243
2024-06-11,1.0764262676239014,1.0773539543151855,1.0721101760864258,1.0764262676239014,0.0,-0.0013563397936423582,-0.0013572604550408907
2024-06-12,1.07403302192688,1.085175395011902,1.073502779006958,1.07403302192688,0.0,-0.0022233252467018794,-0.002225800503826526
2024-06-13,1.0813149213790894,1.0817828178405762,1.075384497642517,1.0813149213790894,0.0,0.006779958626546678,0.006757078068328593
2024-06-14,1.0738831758499146,1.0745755434036257,1.0668145418167114,1.0738831758499146,0.0,-0.00687287799533598,-0.006896604999001071
2024-06-17,1.0702168941497805,1.0726161003112793,1.068764328956604,1.0702168941497805,0.0,-0.0034140414735824853,-0.0034198826115549425
2024-06-18,1.0740677118301392,1.0761250257492063,1.071111083030701,1.0740677118301392,0.0,0.0035981656628751857,0.0035917077512609224
2024-06-19,1.0742292404174805,1.075326681137085,1.0726275444030762,1.0742292404174805,0.0,0.0001503895755938789,0.0001503782682153156
2024-06-20,1.0751532316207886,1.0750375986099243,1.0707554817199707,1.0751532316207886,0.0,0.0008601434112416317,0.0008597736998856827
2024-06-21,1.0706409215927124,1.0722709894180298,1.0671902894973757,1.0706409215927124,0.0,-0.004196899470109816,-0.0042057311718622144
2024-06-24,1.0687757730484009,1.074702501296997,1.0684444904327393,1.0687757730484009,0.0,-0.0017420859848481518,-0.001743605181274369
2024-06-25,1.0732723474502563,1.0745755434036257,1.0692213773727417,1.0732723474502563,0.0,0.004207219620098845,0.004198394017140161
2024-06-26,1.0709619522094729,1.072041153907776,1.0667691230773926,1.0709619522094729,0.0,-0.0021526644623540703,-0.002154984774998893
2024-06-27,1.068010926246643,1.0726161003112793,1.0677828788757324,1.068010926246643,0.0,-0.0027554909460056898,-0.0027592942995265965
2024-06-28,1.0708472728729248,1.0720986127853394,1.0686043500900269,1.0708472728729248,0.0,0.002655728098447163,0.0026522078836921812
2024-07-01,1.0735257863998413,1.077818512916565,1.072075605392456,1.0735257863998413,0.0,0.002501303028703994,0.002498179976998341
2024-07-02,1.0737102031707764,1.0746102333068848,1.0710651874542236,1.0737102031707764,0.0,0.00017178606538514885,0.00017177131184862907
2024-07-03,1.0748412609100342,1.081560492515564,1.0737102031707764,1.0748412609100342,0.0,0.0010534106278563549,0.001052856180220774
2024-07-04,1.0793308019638062,1.0816657543182373,1.0784229040145874,1.0793308019638062,0.0,0.004176934043238045,0.0041682348697401434
2024-07-05,1.0810693502426147,1.0838346481323242,1.0810693502426147,1.0810693502426147,0.0,0.0016107649996139894,0.0016094691090687886
2024-07-08,1.082602620124817,1.0847163200378418,1.0815136432647705,1.082602620124817,0.0,0.0014182900309382962,0.0014172852076074353
2024-07-09,1.0830950736999512,1.0834236145019531,1.0806254148483276,1.0830950736999512,0.0,0.00045487934906107697,0.0004547759228130968
2024-07-10,1.0814785957336426,1.0828721523284912,1.081186294555664,1.0814785957336426,0.0,-0.0014924617474129098,-0.0014935765778125393
2024-07-11,1.083329677581787,1.0898351669311523,1.0832945108413696,1.083329677581787,0.0,0.00171162134456182,0.0017101581900879357
2024-07-12,1.0872756242752075,1.091119408607483,1.086307168006897,1.0872756242752075,0.0,0.0036424246238953017,0.003635807059775768
2024-07-15,1.0885539054870603,1.0921919345855713,1.088435411453247,1.0885539054870603,0.0,0.0011756735673209562,0.0011749830043506
2024-07-16,1.0901559591293335,1.0906314849853516,1.0872164964675903,1.0901559591293335,0.0,0.0014717265118409095,0.0014706445837827978
2024-07-17,1.0902509689331057,1.0947147607803345,1.089633226394653,1.0902509689331057,0.0,8.71524876568941e-05,8.714869009948449e-05
2024-07-18,1.094020128250122,1.0942115783691406,1.0905362367630005,1.094020128250122,0.0,0.0034571483304479678,0.003451186130679682
2024-07-19,1.0901559591293335,1.0901559591293335,1.0877368450164795,1.0901559591293335,0.0,-0.00353208229081603,-0.0035383348207792247
2024-07-22,1.0899182558059692,1.0901559591293335,1.0873701572418213,1.0899182558059692,0.0,-0.0002180452451537862,-0.00021806902047437983
2024-07-23,1.0889805555343628,1.0900371074676514,1.084445834159851,1.0889805555343628,0.0,-0.0008603399994553396,-0.0008607103043199634
2024-07-24,1.0850694179534912,1.0866494178771973,1.0826728343963623,1.0850694179534912,0.0,-0.00359155869312322,-0.003598023824621103
2024-07-25,1.0839520692825315,1.0864368677139282,1.0829308032989502,1.0839520692825315,0.0,-0.001029748560296806,-0.001030279115602503
2024-07-26,1.0851283073425293,1.0868501663208008,1.084269404411316,1.0851283073425293,0.0,0.0010851384423080646,0.0010845501051682765
2024-07-29,1.0853756666183472,1.0871928930282593,1.0803102254867554,1.0853756666183472,0.0,0.00022795394253760648,0.0002279279649853626
2024-07-30,1.081946611404419,1.0837758779525757,1.0799952745437622,1.081946611404419,0.0,-0.003159325678096292,-0.0031643268838695902
2024-07-31,1.081607222557068,1.0851871967315674,1.0808707475662231,1.081607222557068,0.0,-0.0003136835438768415,-0.000313732752850657
2024-08-01,1.082391619682312,1.0837758779525757,1.0778300762176514,1.082391619682312,0.0,0.0007252143928824228,0.0007249515519942542
2024-08-02,1.078760266304016,1.0926215648651123,1.0782949924468994,1.078760266304016,0.0,-0.0033549348611567886,-0.003360575274130169
2024-08-05,1.0910836458206177,1.1007397174835205,1.089372158050537,1.0910836458206177,0.0,0.011423649815007986,0.011358892636365312
2024-08-06,1.0950982570648191,1.09631085395813,1.0904649496078491,1.0950982570648191,0.0,0.0036794715598380545,0.0036727188635252233
2024-08-07,1.0926215648651123,1.093637228012085,1.0906909704208374,1.0926215648651123,0.0,-0.002261616420014323,-0.002264177736969658
2024-08-08,1.0928125381469729,1.0946906805038452,1.0882340669631958,1.0928125381469729,0.0,0.00017478447067276193,0.00017476919764680034
2024-08-09,1.0915720462799072,1.093135118484497,1.0909645557403564,1.0915720462799072,0.0,-0.0011351369276647594,-0.0011357816835573652
2024-08-12,1.091381311416626,1.0939722061157229,1.0913337469100952,1.091381311416626,0.0,-0.00017473410383794796,-0.0001747493716200307
2024-08-13,1.0936251878738403,1.0962508916854858,1.0915720462799072,1.0936251878738403,0.0,0.002055996775592428,0.0020538861067455733
2024-08-14,1.0996986627578735,1.1048502922058103,1.098828673362732,1.0996986627578735,0.0,0.005553525057191644,0.0055381610934357155
2024-08-15,1.101321578025818,1.1016855239868164,1.09505033493042,1.101321578025818,0.0,0.001475781796328235,0.0014746939005726885
2024-08-16,1.0972732305526731,1.1004369258880615,1.0973695516586304,1.0972732305526731,0.0,-0.0036758995319077226,-0.0036826722529141836
2024-08-19,1.1024993658065796,1.1072603464126587,1.1023900508880615,1.1024993658065796,0.0,0.004762838560523397,0.0047515321311987135
2024-08-20,1.1086474657058716,1.1117286682128906,1.107248067855835,1.1086474657058716,0.0,0.005576511052951094,0.005561019879638232
2024-08-21,1.112792730331421,1.1148271560668943,1.11055588722229,1.112792730331421,0.0,0.0037390286396496997,0.0037320558476400963
2024-08-22,1.115536093711853,1.1157476902008057,1.1099271774291992,1.115536093711853,0.0,0.0024652959222828397,0.0024622620655040902
2024-08-23,1.111716389656067,1.1195951700210571,1.110679268836975,1.111716389656067,0.0,-0.00342409723658188,-0.0034299728738610585
2024-08-26,1.118793487548828,1.1201093196868896,1.1152873039245603,1.118793487548828,0.0,0.006365920264025604,0.006345743377981108
2024-08-27,1.1164700984954834,1.117955446243286,1.11512553691864,1.1164700984954834,0.0,-0.0020766916139589586,-0.00207885092799286
2024-08-28,1.117793083190918,1.1181930303573608,1.1105434894561768,1.117793083190918,0.0,0.0011849710056877072,0.0011842694816812614
2024-08-29,1.1124955415725708,1.1140199899673462,1.1056320667266846,1.1124955415725708,0.0,-0.004739286454720659,-0.004750552482151741
2024-08-30,1.10804545879364,1.109570026397705,1.1053999662399292,1.10804545879364,0.0,-0.004000090438691095,-0.004008112199441631
2024-09-02,1.1044842004776,1.1077632904052734,1.1042524576187134,1.1044842004776,0.0,-0.003214000190855937,-0.0032191761828710523
2024-09-03,1.1067456007003784,1.107051968574524,1.1033751964569092,1.1067456007003784,0.0,0.0020474717717107183,0.0020453785580929677
2024-09-04,1.1048868894577026,1.1093976497650146,1.1040817499160769,1.1048868894577026,0.0,-0.0016794385642910914,-0.0016808504021881394
2024-09-05,1.10804545879364,1.112112045288086,1.1075178384780884,1.10804545879364,0.0,0.0028587264145087943,0.002854648026966245
2024-09-06,1.1111111640930176,1.1149640083312988,1.1067211627960205,1.1111111640930176,0.0,0.0027667685247456664,0.00276294806597193
2024-09-09,1.1087212562561035,1.109139323234558,1.10349702835083,1.1087212562561035,0.0,-0.002150916950658943,-0.002153233494915558
2024-09-10,1.1037527322769165,1.1050333976745603,1.101624846458435,1.1037527322769165,0.0,-0.0044813102943156435,-0.004491381464581687
2024-09-11,1.1020983457565308,1.1054977178573608,1.100279450416565,1.1020983457565308,0.0,-0.0014988742242775244,-0.001499998659979876
2024-09-12,1.1010911464691162,1.1047526597976685,1.1006548404693604,1.1010911464691162,0.0,-0.0009138923865484871,-0.0009143102407975252
2024-09-13,1.1077877283096311,1.1102476119995115,1.1073951721191406,1.1077877283096311,0.0,0.006081768854457659,0.006063349541865301
2024-09-16,1.1088441610336304,1.1135361194610596,1.1087088584899902,1.1088441610336304,0.0,0.0009536418367905863,0.0009531874092985786
2024-09-17,1.1129536628723145,1.1146159172058103,1.1113086938858032,1.1129536628723145,0.0,0.003706113070797379,0.003699262354885196
2024-09-18,1.1123099327087402,1.1140819787979126,1.110913634300232,1.1123099327087402,0.0,-0.0005783979918021487,-0.000578565328448507
2024-09-19,1.1114816665649414,1.118067979812622,1.107051968574524,1.1114816665649414,0.0,-0.0007446361121506984,-0.0007449134913267066
2024-09-20,1.1161960363388062,1.1181679964065552,1.1137346029281616,1.1161960363388062,0.0,0.004241518250529985,0.004232548367000081
2024-09-23,1.1160838603973389,1.1168192625045776,1.1084877252578735,1.1160838603973389,0.0,-0.00010049842305048795,-0.00010050347335537372
2024-09-24,1.111172795295715,1.1163455247879028,1.1103955507278442,1.111172795295715,0.0,-0.004400265316869101,-0.004409974978158182
2024-09-25,1.1191190481185913,1.1212396621704102,1.1141688823699951,1.1191190481185913,0.0,0.007151230534546693,0.007125781740235711
2024-09-26,1.1131023168563845,1.118956208229065,1.112681269645691,1.1131023168563845,0.0,-0.005376310297212639,-0.005390814663425928
2024-09-27,1.117717981338501,1.1199839115142822,1.1126564741134644,1.117717981338501,0.0,0.00414666685372822,0.004138093124158308
2024-09-30,1.1169815063476562,1.1208375692367554,1.1136106252670288,1.1169815063476562,0.0,-0.0006589094951865437,-0.0006591266714528767
2024-10-01,1.113660216331482,1.1145787239074707,1.1061090230941772,1.113660216331482,0.0,-0.0029734512140978664,-0.0029778807029176247
2024-10-02,1.1063904762268066,1.108217477798462,1.1034117937088013,1.1063904762268066,0.0,-0.006527790072830886,-0.006549189271602771
2024-10-03,1.1048502922058103,1.1048502922058103,1.1009578704833984,1.1048502922058103,0.0,-0.001392079970038207,-0.0013930498135306555
2024-10-04,1.103557825088501,1.103996515274048,1.095614314079285,1.103557825088501,0.0,-0.0011698119884903102,-0.0011704967526167996
2024-10-07,1.0974539518356323,1.0985027551651,1.095554232597351,1.0974539518356323,0.0,-0.005531086014798681,-0.005546439110082104
2024-10-08,1.0975743532180786,1.0997470617294312,1.096166729927063,1.0975743532180786,0.0,0.00010970973519652816,0.00010970371752365722
2024-10-09,1.0975743532180786,1.098056435585022,1.094067931175232,1.0975743532180786,0.0,0.0,0.0
2024-10-10,1.0943313837051392,1.095446228981018,1.091405153274536,1.0943313837051392,0.0,-0.002954669543280719,-0.0029590431965937944
2024-10-11,1.0933860540390017,1.0954222679138184,1.0927408933639526,1.0933860540390017,0.0,-0.0008638422329960704,-0.00086421555971023
2024-10-14,1.0925379991531372,1.0939722061157229,1.0905719995498655,1.0925379991531372,0.0,-0.0007756225559414354,-0.0007759235067422933
2024-10-15,1.0909169912338257,1.0918222665786743,1.0885775089263916,1.0909169912338257,0.0,-0.001483708503107417,-0.001484810288522294
2024-10-16,1.0884116888046265,1.0901559591293335,1.0868147611618042,1.0884116888046265,0.0,-0.002296510595518164,-0.002299151620178001
2024-10-17,1.0862481594085691,1.0869920253753662,1.0813850164413452,1.0862481594085691,0.0,-0.0019877858886589994,-0.001989764157045954
2024-10-18,1.0829542875289917,1.0863661766052246,1.0828253030776978,1.0829542875289917,0.0,-0.0030323382838879365,-0.003036945137003784
2024-10-21,1.0868619680404663,1.08695650100708,1.0821105241775513,1.0868619680404663,0.0,0.003608352223611222,0.0036018577389630843
2024-10-22,1.0817828178405762,1.0837758779525757,1.0801936388015747,1.0817828178405762,0.0,-0.004673224704925039,-0.004684178358743221
2024-10-23,1.079727053642273,1.0808473825454712,1.0762641429901123,1.079727053642273,0.0,-0.0019003483549562272,-0.0019021563077478245
2024-10-24,1.0780508518218994,1.0810226202011108,1.0771567821502686,1.0780508518218994,0.0,-0.0015524310655355977,-0.0015536373352375663
2024-10-25,1.0824151039123535,1.0842459201812744,1.081186294555664,1.0824151039123535,0.0,0.004048280359946421,0.004040108121261029
2024-10-28,1.0796570777893066,1.082719802856445,1.078271746635437,1.0796570777893066,0.0,-0.002548029968427179,-0.0025512817216714694
2024-10-29,1.0816774368286133,1.0826259851455688,1.077040672302246,1.0816774368286133,0.0,0.0018712969894509879,0.0018695482944515605
2024-10-30,1.0820636749267578,1.0866730213165283,1.0809992551803589,1.0820636749267578,0.0,0.0003570732687898648,0.0003570095333019306
2024-10-31,1.085917830467224,1.0888383388519287,1.0845046043395996,1.085917830467224,0.0,0.0035618565060202556,0.0035555281178905286
2024-11-01,1.0886130332946775,1.0904054641723633,1.084845781326294,1.0886130332946775,0.0,0.0024819583506552334,0.0024788833789448966
2024-11-04,1.087453007698059,1.0915838479995728,1.0870392322540283,1.087453007698059,0.0,-0.0010655995851047706,-0.0010661677399955972
2024-11-05,1.0874056816101074,1.0921800136566162,1.0873347520828247,1.0874056816101074,0.0,-4.352012235619984e-05,-4.3521069384201406e-05
2024-11-06,1.093445897102356,1.0933382511138916,1.068376064300537,1.093445897102356,0.0,0.005554702899202235,0.005539332429711126
2024-11-07,1.073306918144226,1.082602620124817,1.0714094638824463,1.073306918144226,0.0,-0.01841790161863377,-0.01858962293453205
2024-11-08,1.0795172452926636,1.0797386169433594,1.07104229927063,1.0795172452926636,0.0,0.005786161482286278,0.005769485943921089
2024-11-11,1.0714898109436035,1.072846293449402,1.0628799200057983,1.0714898109436035,0.0,-0.007436133497694897,-0.0074639193703969955
2024-11-12,1.066439151763916,1.0663481950759888,1.059703707695007,1.066439151763916,0.0,-0.004713679148511618,-0.004724823568674232
2024-11-13,1.061672568321228,1.0649060010910034,1.0559773445129397,1.061672568321228,0.0,-0.004469625327243376,-0.004479643966715406
2024-11-14,1.0564124584197998,1.0580891370773315,1.0499238967895508,1.0564124584197998,0.0,-0.0049545500735181935,-0.004966864548694718
2024-11-15,1.0530084371566772,1.0591648817062378,1.052443265914917,1.0530084371566772,0.0,-0.003222246420885977,-0.003227449035962479
2024-11-18,1.0533745288848877,1.0586491823196411,1.0531193017959597,1.0533745288848877,0.0,0.00034766267324415345,0.00034760225258057047
2024-11-19,1.059490442276001,1.0601080656051636,1.052853226661682,1.059490442276001,0.0,0.005806019818599184,0.005789229842806905
2024-11-20,1.0607603788375854,1.0612331628799438,1.0508506298065186,1.0607603788375854,0.0,0.001198629558994746,0.0011979117760981743
2024-11-21,1.0546187162399292,1.0557432174682615,1.0469120740890503,1.0546187162399292,0.0,-0.005789868023150069,-0.005806694288349814
2024-11-22,1.0469341278076172,1.0498688220977783,1.0339871644973757,1.0469341278076172,0.0,-0.007286603503216971,-0.0073132804671590685
2024-11-25,1.0479873418807983,1.0529640913009644,1.0449539422988892,1.0479873418807983,0.0,0.0010059984149974888,0.0010054927377039545
2024-11-26,1.0444300174713137,1.0543851852416992,1.0427310466766355,1.0444300174713137,0.0,-0.00339443451969601,-0.0034002086829324754
2024-11-27,1.0491198301315308,1.0583466291427612,1.0475481748580933,1.0491198301315308,0.0,0.004490308188931369,0.00448025683300722
2024-11-28,1.0562450885772705,1.0565240383148191,1.0529197454452517,1.0562450885772705,0.0,0.006791653575785039,0.006768694192798784
2024-11-29,1.0563008785247805,1.0595465898513794,1.0542962551116943,1.0563008785247805,0.0,5.281913081844891e-05,5.281773593727609e-05
2024-12-02,1.0545074939727783,1.0545742511749268,1.0462220907211304,1.0545742511749268,0.0,-0.0016977970845832857,-0.0016992399754420314
2024-12-03,1.0501223802566528,1.0530306100845337,1.048185110092163,1.0501223802566528,0.0,-0.004158447181446645,-0.004167117568172117
2024-12-04,1.0510826110839844,1.0540074110031128,1.047394633293152,1.0510826110839844,0.0,0.0009143989742383951,0.0009139811661724639
2024-12-05,1.051414132118225,1.0588284730911257,1.050894856452942,1.051414132118225,0.0,0.0003154091131798431,0.0003153593821823031
2024-12-06,1.058559536933899,1.0626428127288818,1.0546075105667114,1.058559536933899,0.0,0.006795994648919557,0.006773005972460674
2024-12-09,1.056546330451965,1.0592771768569946,1.0533078908920288,1.056546330451965,0.0,-0.0019018358549439673,-0.0019036466409963375
2024-12-10,1.0555204153060913,1.056747317314148,1.0500340461730957,1.0555204153060913,0.0,-0.0009710081955752736,-0.0009714799294295593
2024-12-11,1.0532968044281006,1.054073929786682,1.0481630563735962,1.0532968044281006,0.0,-0.002106648858464677,-0.0021088709645177175
2024-12-12,1.0506850481033323,1.052997350692749,1.0464848279953003,1.0506850481033323,0.0,-0.002479601489141836,-0.002482680792263937
2024-12-13,1.0474056005477903,1.0522992610931396,1.045434594154358,1.0474056005477903,0.0,-0.0031212470011464655,-0.0031261282522741423
2024-12-16,1.051005244255066,1.0524100065231323,1.0475043058395386,1.051005244255066,0.0,0.003436723753809323,0.003430831714411384
2024-12-17,1.0517348051071167,1.0532857179641724,1.047998309135437,1.0517348051071167,0.0,0.0006941552918395821,0.0006939144774902469
2024-12-18,1.0495051145553589,1.0515247583389282,1.0467805862426758,1.0495051145553589,0.0,-0.0021200121370241742,-0.0021222625439105583
2024-12-19,1.0350252389907837,1.0422203540802002,1.0352503061294556,1.0350252389907837,0.0,-0.013796860409498679,-0.013892921674058333
2024-12-20,1.0364949703216553,1.0433076620101929,1.0344257354736328,1.0364949703216553,0.0,0.0014199956440721362,0.0014189884036627928
2024-12-23,1.0433076620101929,1.0448229312896729,1.038594126701355,1.0433076620101929,0.0,0.006572816929756531,0.006551310157174737
2024-12-24,1.0405826568603516,1.04112446308136,1.0387451648712158,1.0405826568603516,0.0,-0.002611890288039209,-0.002615307224549931
2024-12-25,1.0402579307556152,1.0432968139648438,1.040149807929993,1.0402579307556152,0.0,-0.0003120618074839987,-0.000312110508902009
2024-12-26,1.0399551391601562,1.042535424232483,1.0391446352005005,1.0399551391601562,0.0,-0.00029107357560742564,-0.0002911159457427181
2024-12-27,1.0423181056976318,1.0444954633712769,1.0406694412231443,1.0423181056976318,0.0,0.0022721812206090153,0.0022696037204858978
2024-12-30,1.0429377555847168,1.0458500385284424,1.037419676780701,1.0429377555847168,0.0,0.000594492107253819,0.0005943154668251187
