,Close,High,Low,Open,Volume,SimpleReturn,LogReturn
2018-01-01,1.351607084274292,1.351607084274292,1.348199486732483,1.351607084274292,0.0,,
2018-01-02,1.3511322736740112,1.3596748113632202,1.3509314060211182,1.35111403465271,0.0,-0.0003512933646213634,-0.00035135508258987534
2018-01-03,1.359619379043579,1.3614704608917236,1.3498737812042236,1.3594529628753662,0.0,0.006281476310598055,0.006261830066965163
2018-01-04,1.3511322736740112,1.3561160564422607,1.3506578207015991,1.3511687517166138,0.0,-0.006242265666688396,-0.006261830066965266
2018-01-05,1.3552889823913574,1.3580313920974731,1.3526674509048462,1.355380892753601,0.0,0.003076463199301216,0.003071740569910753
2018-01-08,1.3575890064239502,1.3585480451583862,1.3525760173797607,1.3575520515441897,0.0,0.0016970727737597446,0.0016956343729106983
2018-01-09,1.3571282625198364,1.3585110902786257,1.3509862422943115,1.3570178747177124,0.0,-0.0003393839386836017,-0.0003394415424460831
2018-01-10,1.353234887123108,1.356024146080017,1.3485267162322998,1.353179931640625,0.0,-0.002868833775150681,-0.0028729567661039315
2018-01-11,1.351278305053711,1.3555278778076172,1.3459312915802002,1.3512965440750122,0.0,-0.0014458554741789698,-0.001446901731818238
2018-01-12,1.3541878461837769,1.3694878816604614,1.3540045022964478,1.354169487953186,0.0,0.0021531768246292327,0.0021508620615441404
2018-01-15,1.3733056783676147,1.3819599151611328,1.3731547594070437,1.3731547594070437,0.0,0.014117562964188313,0.014018838255383281
2018-01-16,1.379824161529541,1.380643367767334,1.3742681741714478,1.3793864250183103,0.0,0.004746563903875067,0.004735334489496985
2018-01-17,1.3798813819885254,1.384466290473938,1.3758565187454224,1.3796910047531128,0.0,4.1469384708392454e-05,4.146852487722944e-05
2018-01-18,1.382800817489624,1.3910139799118042,1.380662441253662,1.382590413093567,0.0,0.002115714828249571,0.0021134798554538884
2018-01-19,1.3894678354263306,1.3947001695632937,1.3843704462051392,1.3893712759017944,0.0,0.004821387037368119,0.004809801375269703
2018-01-22,1.3891589641571045,1.396921157836914,1.385809302330017,1.388946771621704,0.0,-0.00022229465220491296,-0.0002223193633232799
2018-01-23,1.3984841108322144,1.402917981147766,1.391788363456726,1.3984841108322144,0.0,0.006712800273918296,0.0066903697552677
2018-01-24,1.401738166809082,1.4239740371704102,1.4001679420471191,1.4012471437454224,0.0,0.0023268451544518065,0.0023241422422921165
2018-01-25,1.4220906496047974,1.4339590072631836,1.421666145324707,1.42237389087677,0.0,0.01451946110738045,0.014415063054281486
2018-01-26,1.4150274991989136,1.428122639656067,1.4147073030471802,1.4150274991989136,0.0,-0.004966737111903985,-0.004979112344028106
2018-01-29,1.4149274826049805,1.4158289432525637,1.402721285820007,1.4149274826049805,0.0,-7.068173161983715e-05,-7.068422969114223e-05
2018-01-30,1.4076577425003052,1.414987564086914,1.3983275890350342,1.4072812795639038,0.0,-0.00513788882755406,-0.005151133163115569
2018-01-31,1.4155884981155396,1.4224750995635986,1.4129881858825684,1.4153079986572266,0.0,0.005634008449488359,0.005618196784786037
2018-02-01,1.420051097869873,1.4273276329040527,1.4162501096725464,1.4200108051300049,0.0,0.003152469633847854,0.0031475110199716714
2018-02-02,1.4266760349273682,1.427633285522461,1.4104372262954712,1.4267168045043943,0.0,0.004665280754638124,0.004654432060761584
2018-02-05,1.411133885383606,1.4150274991989136,1.3989927768707275,1.411213517189026,0.0,-0.010893958518447766,-0.010953732195596418
2018-02-06,1.3943694829940796,1.3998740911483765,1.3840447664260864,1.3941168785095217,0.0,-0.011880093422155347,-0.011951225665113053
2018-02-07,1.395868182182312,1.3992276191711426,1.3871742486953735,1.395965576171875,0.0,0.0010748221375400657,0.0010742449297864829
2018-02-08,1.3879250288009644,1.4063708782196045,1.3848114013671875,1.3879250288009644,0.0,-0.005690475277493112,-0.0057067277173331555
2018-02-09,1.3934950828552246,1.3986600637435913,1.378796935081482,1.393378734588623,0.0,0.0040132240133117225,0.004005192510795998
2018-02-12,1.3827433586120603,1.3874821662902832,1.3798623085021973,1.3825522661209106,0.0,-0.007715652803836459,-0.007745572452038477
2018-02-13,1.3852334022521973,1.3924086093902588,1.383336305618286,1.3848114013671875,0.0,0.0018007995660427323,0.001799180070470663
2018-02-14,1.3886960744857788,1.3980343341827393,1.3807005882263184,1.3886960744857788,0.0,0.0024997031027058636,0.002496584041641463
2018-02-15,1.401581048965454,1.409840703010559,1.4001288414001465,1.4015023708343506,0.0,0.009278469721639038,0.0092356891433812
2018-02-16,1.4104173183441162,1.414467215538025,1.4006386995315552,1.4105764627456665,0.0,0.006304501181137123,0.006284710948376022
2018-02-19,1.403154373168945,1.405283808708191,1.3962385654449463,1.403311848640442,0.0,-0.005149500846811872,-0.005162805219871587
2018-02-20,1.3992668390274048,1.4023475646972656,1.393378734588623,1.3992668390274048,0.0,-0.002770567669443613,-0.0027744127958131354
2018-02-21,1.4001091718673706,1.4009525775909424,1.391072154045105,1.3999131917953491,0.0,0.0006019815638247383,0.0006018004456060531
2018-02-22,1.3910139799118042,1.395206093788147,1.385809302330017,1.3910139799118042,0.0,-0.006496059120472575,-0.006517250335296841
2018-02-23,1.3953033685684204,1.4004818201065063,1.3925055265426636,1.3951282501220703,0.0,0.0030836416589343774,0.0030788969874028646
2018-02-26,1.3968042135238647,1.4072614908218384,1.3933398723602295,1.396921157836914,0.0,0.0010756406020751008,0.0010750625152280038
2018-02-27,1.3966480493545532,1.3994430303573608,1.3861743211746216,1.396453022956848,0.0,-0.00011180104398278434,-0.00011180729418535928
2018-02-28,1.390607833862305,1.3915947675704956,1.377771019935608,1.3903371095657349,0.0,-0.004324794278014243,-0.004334173251978028
2018-03-01,1.375421166419983,1.3777141571044922,1.3715351819992063,1.3753076791763306,0.0,-0.010920884430905442,-0.010980955039083409
2018-03-02,1.377543330192566,1.381577968597412,1.375932216644287,1.377467393875122,0.0,0.0015429192340457032,0.0015417301571069627
2018-03-05,1.3795006275177002,1.3877323865890503,1.3769173622131348,1.3798813819885254,0.0,0.0014208608050541027,0.001419852337488769
2018-03-06,1.3852334022521973,1.392835259437561,1.382055401802063,1.3850032091140747,0.0,0.0041556883847255754,0.004147077359996984
2018-03-07,1.390008568763733,1.3910139799118042,1.384868860244751,1.39002788066864,0.0,0.0034471927285120163,0.0034412647789417313
2018-03-08,1.390627145767212,1.391207575798035,1.3814635276794434,1.390627145767212,0.0,0.00044501668362317837,0.00044491769306603763
2018-03-09,1.3805670738220217,1.3886574506759644,1.3789299726486206,1.380319356918335,0.0,-0.007234197876699766,-0.007260491572099582
2018-03-12,1.38554048538208,1.390627145767212,1.3843896389007568,1.385809302330017,0.0,0.0036024410942163687,0.0035959678449723293
2018-03-13,1.3907625675201416,1.3987970352172852,1.387578368186951,1.3908206224441528,0.0,0.003768985600317132,0.00376190077025775
2018-03-14,1.397233486175537,1.3997761011123655,1.3926994800567627,1.397252917289734,0.0,0.004652784599267656,0.004641993855396196
2018-03-15,1.3971552848815918,1.3987970352172852,1.3924474716186523,1.3970773220062256,0.0,-5.596866573776005e-05,-5.5970232041975195e-05
2018-03-16,1.3938642740249634,1.398014783859253,1.3892555236816406,1.3937865495681765,0.0,-0.0023555082904813673,-0.002358286864294626
2018-03-19,1.3943500518798828,1.4087482690811155,1.3914011716842651,1.3943500518798828,0.0,0.00034851159038362667,0.00034845087432573447
2018-03-20,1.4025245904922483,1.406865477561951,1.3985426425933838,1.4023277759552002,0.0,0.0058626157766799025,0.005845497517407203
2018-03-21,1.4004818201065063,1.4078954458236694,1.4003640413284302,1.400403380393982,0.0,-0.001456495236939137,-0.0014575569571789574
2018-03-22,1.414627194404602,1.4199503660202026,1.4079549312591553,1.4144271612167358,0.0,0.010100362671626728,0.01004969489820649
2018-03-23,1.4114724397659302,1.4170929193496704,1.4088078737258911,1.4112931489944458,0.0,-0.002230096134974713,-0.0022325865025553033
2018-03-26,1.4147672653198242,1.4245014190673828,1.414627194404602,1.414627194404602,0.0,0.002334318022136017,0.0023315977343438543
2018-03-27,1.423892855644226,1.4242985248565674,1.4069050550460815,1.423669934272766,0.0,0.0064502413563682914,0.006429527574471395
2018-03-28,1.417635440826416,1.420454502105713,1.409343957901001,1.417575120925903,0.0,-0.004394582635207422,-0.0044042671969626085
2018-03-29,1.4080342054367063,1.409641981124878,1.4020919799804688,1.408450722694397,0.0,-0.006772711173270718,-0.006795750064348958
2018-03-30,1.4029377698898315,1.4061731100082395,1.401443600654602,1.4028589725494385,0.0,-0.003619539587317089,-0.0036261059703732827
2018-04-02,1.403823971748352,1.407736897468567,1.402760624885559,1.4035875797271729,0.0,0.0006316758145232804,0.0006314763913320722
2018-04-03,1.4046719074249268,1.4088475704193115,1.4023277759552002,1.4050863981246948,0.0,0.0006040185191584779,0.0006038361733958517
2018-04-04,1.406865477561951,1.409840703010559,1.401738166809082,1.4071228504180908,0.0,0.001561624551206009,0.0015604064835312464
2018-04-05,1.4088078737258911,1.409602165222168,1.396765112876892,1.4087880849838257,0.0,0.0013806552189383758,0.0013797029908865707
2018-04-06,1.400874137878418,1.410258173942566,1.3984057903289795,1.4007760286331177,0.0,-0.005631524351500605,-0.0056474411701910076
2018-04-09,1.4091651439666748,1.4164307117462158,1.4081333875656128,1.409085750579834,0.0,0.0059184518181008006,0.005901006580828295
2018-04-10,1.4138271808624268,1.4187617301940918,1.4122298955917358,1.4133875370025637,0.0,0.0033083680189738285,0.003302907409987502
2018-04-11,1.4182183742523191,1.4222726821899414,1.4162299633026123,1.4181782007217407,0.0,0.0031058911933026234,0.003101077877099289
2018-04-12,1.4189025163650513,1.424663782119751,1.4147073030471802,1.418781876564026,0.0,0.00048239546543227263,0.0004822791501448793
2018-04-13,1.4238117933273315,1.429592490196228,1.422313213348389,1.4239537715911863,0.0,0.0034599113791529135,0.003453939656234293
2018-04-16,1.4246840476989746,1.4336917400360107,1.4238320589065552,1.4246435165405271,0.0,0.0006126191507409562,0.0006124315762329431
2018-04-17,1.4342057704925537,1.4377111196517944,1.4294085502624512,1.4341851472854614,0.0,0.006683392580240977,0.006661157726573315
2018-04-18,1.429653882980347,1.431639313697815,1.417474627494812,1.4297561645507812,0.0,-0.00317380365206843,-0.0031788508489164974
2018-04-19,1.4204343557357788,1.4247043132781982,1.4166713953018188,1.4203133583068848,0.0,-0.006448782711902634,-0.00646966594048572
2018-04-20,1.4086490869522097,1.4088475704193115,1.4008938074111938,1.4084309339523315,0.0,-0.00829694715280549,-0.008331558396898855
2018-04-23,1.4001679420471191,1.404297113418579,1.3938837051391602,1.4003444910049438,0.0,-0.00602076484743308,-0.006038962732330511
2018-04-24,1.3938252925872805,1.39819073677063,1.3919821977615356,1.393844723701477,0.0,-0.004529920496940787,-0.004540211677375023
2018-04-25,1.3993842601776123,1.3992079496383667,1.39271879196167,1.3992079496383667,0.0,0.003988281472502964,0.003980349361284507
2018-04-26,1.3939224481582642,1.3996193408966064,1.3896030187606812,1.3935922384262085,0.0,-0.0039030108989899226,-0.00391064752305645
2018-04-27,1.391943335533142,1.3935340642929075,1.3750240802764893,1.3917109966278076,0.0,-0.0014198154479375669,-0.0014208243409650132
2018-04-30,1.37710702419281,1.3793102502822876,1.3716667890548706,1.376993179321289,0.0,-0.010658703527359759,-0.010715914400112356
2018-05-01,1.3772207498550415,1.3776001930236816,1.3591018915176392,1.3772207498550415,0.0,8.258302385621974e-05,8.257961406603101e-05
2018-05-02,1.3609329462051392,1.366474986076355,1.3582526445388794,1.36106276512146,0.0,-0.01182657439021062,-0.011897064644493135
2018-05-03,1.3573862314224243,1.3628991842269895,1.3540228605270386,1.357367753982544,0.0,-0.002606090764871727,-0.00260949253090179
2018-05-04,1.3572388887405396,1.35869562625885,1.3494548797607422,1.3572388887405396,0.0,-0.00010854882602595595,-0.00010855471787614456
2018-05-07,1.3531982898712158,1.3575890064239502,1.3517167568206787,1.3533265590667725,0.0,-0.0029770727193598745,-0.0029815130152604018
2018-05-08,1.3570362329483032,1.3591203689575195,1.3485630750656128,1.3569257259368896,0.0,0.002836201542534278,0.002832187111638103
2018-05-09,1.35534405708313,1.3605997562408447,1.350001335144043,1.355380892753601,0.0,-0.001246964394971739,-0.0012477425019879935
2018-05-10,1.3544628620147705,1.361767053604126,1.3461849689483645,1.3546464443206787,0.0,-0.000650163376416768,-0.0006503748242801901
2018-05-11,1.352338194847107,1.359619379043579,1.3503477573394775,1.3524478673934937,0.0,-0.0015686418780822553,-0.0015698734848882717
2018-05-14,1.355380892753601,1.3607293367385864,1.354481220245361,1.3550318479537964,0.0,0.0022499533904225544,0.002247426035536876
2018-05-15,1.3562448024749756,1.3574045896530151,1.3452974557876587,1.3561160564422607,0.0,0.0006373925779781242,0.0006371895296053292
2018-05-16,1.3500195741653442,1.352155327796936,1.3457863330841064,1.3502565622329712,0.0,-0.004590047680382736,-0.004600614295814249
2018-05-17,1.354830026626587,1.3569257259368896,1.347563624382019,1.3550136089324951,0.0,0.003563246454568514,0.003556913132253817
2018-05-18,1.3515340089797974,1.3528138399124146,1.3456233739852903,1.3512418270111084,0.0,-0.0024327905213293866,-0.0024357545644295496
2018-05-21,1.3477089405059814,1.3475998640060425,1.339297652244568,1.3475998640060425,0.0,-0.00283016812629322,-0.002834180624589515
2018-05-22,1.3431833982467651,1.3490906953811646,1.3414356708526611,1.3430931568145752,0.0,-0.0033579522426535613,-0.0033636028174050467
2018-05-23,1.3441040515899658,1.3444474935531616,1.3307960033416748,1.3444474935531616,0.0,0.0006854263865994081,0.0006851915892184389
2018-05-24,1.337130784988403,1.3422459363937378,1.3350956439971924,1.337148666381836,0.0,-0.005188040757197254,-0.005201545369214579
2018-05-25,1.3383476734161377,1.3385089635849,1.330672025680542,1.338401436805725,0.0,0.0009100743482957085,0.0009096604817165332
2018-05-28,1.3309022188186646,1.3347570896148682,1.329734206199646,1.3307960033416748,0.0,-0.0055631692312571035,-0.005578701288966981
2018-05-29,1.3315579891204834,1.3326226472854614,1.3207770586013794,1.3313806056976318,0.0,0.0004927261316018949,0.0004926047819413096
2018-05-30,1.32538104057312,1.330849051475525,1.324327826499939,1.325574278831482,0.0,-0.004638888127916574,-0.004649681160831666
2018-05-31,1.328356385231018,1.334935188293457,1.3278625011444092,1.3286564350128174,0.0,0.0022448975553563955,0.002242381537603859
2018-06-01,1.3289390802383425,1.3361839056015017,1.3256269693374634,1.3289036750793457,0.0,0.0004386586414633076,0.0004385624588879596
2018-06-04,1.3356484174728394,1.339943766593933,1.3296988010406494,1.3354700803756714,0.0,0.005048641682878108,0.005035940024267966
2018-06-05,1.3316465616226196,1.3392438888549805,1.3303357362747192,1.331806182861328,0.0,-0.0029961895644600167,-0.0030006871263584534
2018-06-06,1.3406083583831787,1.3444474935531616,1.3399975299835205,1.3406982421875,0.0,0.006729861375257995,0.006707316948912771
2018-06-07,1.3421558141708374,1.3473457098007202,1.3375064134597778,1.3424620628356934,0.0,0.001154293704035192,0.0011536280192721798
2018-06-08,1.3419216871261597,1.3436344861984253,1.3357733488082886,1.3415615558624268,0.0,-0.00017444103151498247,-0.00017445624812134655
2018-06-11,1.341381549835205,1.3440499305725098,1.3345789909362793,1.3411117792129517,0.0,-0.0004025102926172863,-0.0004025913216291881
2018-06-12,1.3374348878860474,1.3422818183898926,1.3347392082214355,1.337148666381836,0.0,-0.0029422366437369396,-0.002946573530825243
2018-06-13,1.3372559547424316,1.3381506204605105,1.331398367881775,1.3374526500701904,0.0,-0.0001337883026952813,-0.00013379725314856988
2018-06-14,1.3382760286331177,1.3445558547973633,1.3307428359985352,1.338329792022705,0.0,0.0007628112531998799,0.0007625204605664079
2018-06-15,1.3256621360778809,1.329787254333496,1.3213355541229248,1.3255215883255005,0.0,-0.009425478963499323,-0.009470179897224257
2018-06-18,1.3275099992752075,1.3276686668395996,1.3228213787078855,1.327492356300354,0.0,0.0013939171581032195,0.0013929465574346492
2018-06-19,1.3258730173110962,1.327492356300354,1.3151837587356567,1.325556755065918,0.0,-0.0012331221346769672,-0.0012338830553795792
2018-06-20,1.317332148551941,1.3215975761413574,1.3149935007095337,1.317401647567749,0.0,-0.006441694376190243,-0.006462531622391332
2018-06-21,1.3175230026245115,1.3270167112350464,1.3103240728378296,1.3172974586486816,0.0,0.00014487923397332736,0.00014486873999067023
2018-06-22,1.3247840404510498,1.3315579891204834,1.324643611907959,1.3248542547225952,0.0,0.005511127936342897,0.005495997236801948
2018-06-25,1.3262423276901243,1.32908034324646,1.3222790956497192,1.326277494430542,0.0,0.0011007735559509513,0.0011001681489768058
2018-06-26,1.3278449773788452,1.3294336795806885,1.3213530778884888,1.3278625011444092,0.0,0.001208413918979856,0.0012076843745486806
2018-06-27,1.3221042156219482,1.3234341144561768,1.3127838373184204,1.3220168352127075,0.0,-0.004323367452297888,-0.004332740229757711
2018-06-28,1.3120431900024414,1.3121638298034668,1.305193305015564,1.3119571208953855,0.0,-0.007609858209834064,-0.007638960919830357
2018-06-29,1.307514190673828,1.3208295106887815,1.3070528507232666,1.3077536821365356,0.0,-0.003451867562839217,-0.003457839003383037
2018-07-02,1.3207770586013794,1.3208295106887815,1.3096375465393066,1.3208295106887815,0.0,0.010143574748291195,0.010092473966486971
2018-07-03,1.314405918121338,1.3208295106887815,1.311785101890564,1.314077615737915,0.0,-0.004823781908195879,-0.004835453894683792
2018-07-04,1.3194352388381958,1.3227514028549194,1.3172626495361328,1.3194352388381958,0.0,0.0038263071152679906,0.003819005421951667
2018-07-05,1.3229262828826904,1.327351450920105,1.3206201791763306,1.3229262828826904,0.0,0.002645862367272045,0.0026423682354097433
2018-07-06,1.3225764036178589,1.3280036449432373,1.3204632997512815,1.3222966194152832,0.0,-0.00026447374230798015,-0.00026450872165571397
2018-07-09,1.329787254333496,1.3360053300857544,1.321038842201233,1.3294336795806885,0.0,0.005452124123727087,0.005437315097710348
2018-07-10,1.325556755065918,1.3301409482955933,1.3227163553237915,1.325556755065918,0.0,-0.0031813354006754446,-0.0031864066064684936
2018-07-11,1.3257324695587158,1.3283741474151611,1.3231364488601685,1.325996160507202,0.0,0.00013255901124287206,0.00013255022607350155
2018-07-12,1.3210039138793943,1.3242928981781006,1.3182177543640137,1.3206899166107178,0.0,-0.003566749542534331,-0.0035731255593020885
2018-07-13,1.3180439472198486,1.321999430656433,1.3103584051132202,1.317835569381714,0.0,-0.0022406948446148656,-0.002243208957583616
2018-07-16,1.3227688074111938,1.3292746543884275,1.3224014043807983,1.3229262828826904,0.0,0.0035847516323801454,0.0035783417242988
2018-07-17,1.3236442804336548,1.3269639015197754,1.3146305084228516,1.3236267566680908,0.0,0.0006618488563956415,0.0006616299310329602
2018-07-18,1.3106160163879397,1.311991572380066,1.301236271858215,1.3109424114227295,0.0,-0.009842723032389644,-0.009891482847459478
2018-07-19,1.3078221082687378,1.3083868026733398,1.2959076166152954,1.3078221082687378,0.0,-0.0021317518512415923,-0.0021340272685443766
2018-07-20,1.3023037910461426,1.311475396156311,1.2997984886169434,1.3022528886795044,0.0,-0.00421947081923868,-0.004228397906809327
2018-07-23,1.314716935157776,1.3157894611358645,1.3099292516708374,1.3148725032806396,0.0,0.009531680854328206,0.00948654099683036
2018-07-24,1.3102725744247437,1.3157894611358645,1.3073604106903076,1.3104442358016968,0.0,-0.0033804696769187403,-0.0033861963741301225
2018-07-25,1.3152183294296265,1.3177140951156616,1.3134218454360962,1.3152703046798706,0.0,0.003774600111014381,0.0037674941837579352
2018-07-26,1.3199577331542969,1.3212658166885376,1.3115614652633667,1.3199751377105713,0.0,0.0036035110054508657,0.003597033915181396
2018-07-27,1.3108737468719482,1.3130252361297607,1.3083524703979492,1.31097674369812,0.0,-0.006882028154523323,-0.00690581852377275
2018-07-30,1.3111830949783323,1.3152703046798706,1.3099122047424316,1.311131477355957,0.0,0.000235986194034421,0.00023595835367240818
2018-07-31,1.3135426044464111,1.3175230026245115,1.309534788131714,1.3136461973190308,0.0,0.0017995270661401719,0.0017979098571595088
2018-08-01,1.3121638298034668,1.314578652381897,1.3097577095031738,1.3118367195129397,0.0,-0.001049661151665049,-0.0010502124317369862
2018-08-02,1.3126115798950195,1.3128528594970703,1.3018969297409058,1.3125253915786743,0.0,0.00034123032610944293,0.00034117212028240035
2018-08-03,1.3018121719360352,1.30430805683136,1.2976226806640625,1.301574945449829,0.0,-0.008227420909884153,-0.008261452929677254
2018-08-06,1.3003562688827517,1.3007283210754397,1.292073130607605,1.300153374671936,0.0,-0.0011183664469185395,-0.0011189922853279677
2018-08-07,1.2944984436035156,1.2973533868789673,1.2938284873962402,1.294247031211853,0.0,-0.004504784895810965,-0.004514962014611699
2018-08-08,1.2946659326553345,1.2961763143539429,1.2855453491210938,1.2946659326553345,0.0,0.00012938528636041724,0.0001293769168061776
2018-08-09,1.2881617546081543,1.2911388874053955,1.2843565940856934,1.2879958152770996,0.0,-0.005023827292528038,-0.005036489137945297
2018-08-10,1.2828407287597656,1.283861756324768,1.2726045846939087,1.2830052375793457,0.0,-0.004130712489602839,-0.0041392674492853635
2018-08-13,1.2758845090866089,1.2792631387710571,1.2733014822006226,1.2758845090866089,0.0,-0.00542251233314206,-0.0054372675174291845
2018-08-14,1.2762752771377563,1.2818048000335691,1.2735122442245483,1.2758845090866089,0.0,0.00030627227493118525,0.0003062253831521797
2018-08-15,1.271779179573059,1.2732527256011963,1.2663357257843018,1.2719409465789795,0.0,-0.0035228274379649482,-0.003529047206287158
2018-08-16,1.2693899869918823,1.2754452228546145,1.2689388990402222,1.2696800231933594,0.0,-0.0018786221850076723,-0.001880389008807697
2018-08-17,1.2714558839797974,1.2748597860336304,1.2700024843215942,1.2712780237197876,0.0,0.0016274722576083978,0.001626149359758962
2018-08-20,1.2747135162353516,1.2776776552200315,1.27304208278656,1.27459979057312,0.0,0.002562127633840783,0.0025588509804442
2018-08-21,1.2804261445999146,1.287713885307312,1.2800164222717283,1.280278563499451,0.0,0.0044814997972519865,0.004471487778464569
2018-08-22,1.290555715560913,1.2936609983444214,1.287166953086853,1.2907222509384155,0.0,0.007911093508765843,0.007879964875089289
2018-08-23,1.2904725074768066,1.2909221649169922,1.2817555665969849,1.2905724048614502,0.0,-6.447461593728221e-05,-6.447669451467647e-05
2018-08-24,1.281065821647644,1.2880123853683472,1.2800819873809814,1.281049370765686,0.0,-0.0072893345458052705,-0.007316031559624038
2018-08-27,1.2860909700393677,1.289324402809143,1.2830052375793457,1.2856941223144531,0.0,0.003922630911548763,0.003914957455127031
2018-08-28,1.2896735668182373,1.293159246444702,1.2862894535064695,1.2894740104675293,0.0,0.0027856480313830367,0.002781775304275028
2018-08-29,1.2867693901062012,1.3014055490493774,1.2846205234527588,1.287166953086853,0.0,-0.0022518696100758406,-0.002254408881234152
2018-08-30,1.303593993186951,1.304291009902954,1.2990050315856934,1.3036110401153564,0.0,0.013075072511136598,0.012990331613531693
2018-08-31,1.301100730895996,1.3028637170791626,1.2961763143539429,1.301168441772461,0.0,-0.001912606458748245,-0.0019144378259770222
2018-09-03,1.292306900024414,1.2934937477111816,1.2856279611587524,1.2922067642211914,0.0,-0.006758762532956375,-0.006781706408353465
2018-09-04,1.2869019508361816,1.2870012521743774,1.2813942432403564,1.2867859601974487,0.0,-0.0041824037216935395,-0.004191174435793179
2018-09-05,1.2858428955078125,1.2979259490966797,1.2793285846710205,1.2859420776367188,0.0,-0.0008229495088425409,-0.0008232883176840593
2018-09-06,1.2914891242980957,1.2959914207458496,1.289723515510559,1.2914056777954102,0.0,0.004391072043099964,0.004381459415809134
2018-09-07,1.2925406694412231,1.3024225234985352,1.2918561697006226,1.2928247451782229,0.0,0.0008142113807569906,0.0008138800904853903
2018-09-10,1.2930254936218262,1.3052103519439695,1.289823293685913,1.292808175086975,0.0,0.000375093946415328,0.0003750236162674015
2018-09-11,1.302643060684204,1.30804443359375,1.2976733446121216,1.3027958869934082,0.0,0.007438033596258498,0.007410507831807646
2018-09-12,1.3015578985214231,1.3044441938400269,1.298414707183838,1.3017443418502808,0.0,-0.0008330464388387471,-0.0008333936148459265
2018-09-13,1.304546356201172,1.3120088577270508,1.3027619123458862,1.30451238155365,0.0,0.0022960620369971707,0.002293430114493294
2018-09-14,1.311131477355957,1.3143367767333984,1.3073604106903076,1.3110626935958862,0.0,0.005047824574023307,0.005035127019650011
2018-09-17,1.307326316833496,1.3156682252883911,1.3070186376571655,1.3071041107177734,0.0,-0.0029021959949695475,-0.0029064155316920505
2018-09-18,1.3146305084228516,1.3171066045761108,1.3120776414871216,1.3146650791168213,0.0,0.005587121972000952,0.005571571899250875
2018-09-19,1.3168463706970217,1.3211784362792969,1.3120431900024414,1.3166556358337402,0.0,0.0016855399749002853,0.0016841210466132682
2018-09-20,1.3141123056411743,1.3296104669570925,1.3140085935592651,1.3140604496002195,0.0,-0.0020762217345067224,-0.0020783800708261174
2018-09-21,1.327087163925171,1.3278449773788452,1.305841088294983,1.3271400928497314,0.0,0.009873477501350925,0.00982505320560863
2018-09-24,1.30804443359375,1.3166556358337402,1.3064552545547483,1.3080958127975464,0.0,-0.014349268721051911,-0.01445321504484555
2018-09-25,1.311733365058899,1.3175750970840454,1.3097233772277832,1.3117163181304932,0.0,0.00282018819117158,0.0028162189214286483
2018-09-26,1.3179919719696045,1.3196094036102295,1.3141123056411743,1.3180439472198486,0.0,0.004771249308295644,0.004759902974791833
2018-09-27,1.3172800540924072,1.3180439472198486,1.309706211090088,1.3169677257537842,0.0,-0.0005401534245563777,-0.00054029935997145
2018-09-28,1.3078734874725342,1.3090718984603882,1.3002548217773438,1.3077707290649414,0.0,-0.0071409011247453025,-0.007166519390368579
2018-10-01,1.3039000034332275,1.3097577095031738,1.3014055490493774,1.3039510250091553,0.0,-0.0030381256882768826,-0.003042750160987221
2018-10-02,1.3043591976165771,1.3049719333648682,1.2944146394729614,1.3043931722640991,0.0,0.00035216978460050896,0.0003521077873771883
2018-10-03,1.2981956005096436,1.3020155429840088,1.2964619398117063,1.2979763746261597,0.0,-0.004725383251941828,-0.004736583171918993
2018-10-04,1.294062852859497,1.3036959171295166,1.2924572229385376,1.2941633462905884,0.0,-0.0031834552886514933,-0.0031885332623041744
2018-10-05,1.3024225234985352,1.310753345489502,1.3005592823028564,1.3022021055221558,0.0,0.006460019017287877,0.006439242524126277
2018-10-08,1.31271493434906,1.313266634941101,1.3030165433883667,1.3126115798950195,0.0,0.007902512944015783,0.007871451622948668
2018-10-09,1.309311866760254,1.314716935157776,1.3035430908203125,1.309311866760254,0.0,-0.0025923888726790967,-0.0025957549313932876
2018-10-10,1.3157029151916504,1.3210039138793943,1.3137842416763306,1.3155817985534668,0.0,0.0048812269969036315,0.004869352434352096
2018-10-11,1.3206725120544434,1.3245735168457031,1.3184958696365356,1.3204805850982666,0.0,0.003777142092954211,0.003770026603606841
2018-10-12,1.3234164714813232,1.3257324695587158,1.3152357339859009,1.3231538534164429,0.0,0.002077698598126565,0.002075543167434769
2018-10-15,1.3103927373886108,1.317905068397522,1.3102554082870483,1.3102554082870483,0.0,-0.009840994406042691,-0.009889737039113432
2018-10-16,1.315477967262268,1.3236967325210571,1.3142677545547483,1.315477967262268,0.0,0.0038806914359059697,0.0038731809771402736
2018-10-17,1.318721890449524,1.3192611932754517,1.310186743736267,1.3188087940216064,0.0,0.002465965427005168,0.0024629299235351706
2018-10-18,1.3104442358016968,1.3131976127624512,1.3058068752288818,1.3101695775985718,0.0,-0.0062770283164144125,-0.006296811689301847
2018-10-19,1.3024225234985352,1.3058068752288818,1.301337718963623,1.3020155429840088,0.0,-0.0061213686809451495,-0.006140181069209424
2018-10-22,1.3065404891967771,1.3089861869812012,1.296125888824463,1.3068478107452393,0.0,0.00316177402029294,0.0031567861237841296
2018-10-23,1.2965964078903198,1.3040870428085327,1.2939958572387695,1.2965123653411863,0.0,-0.007611001257657679,-0.0076401127334505955
2018-10-24,1.2981280088424685,1.2992074489593506,1.2890751361846924,1.2981280088424685,0.0,0.0011812472584593614,0.0011805501348461174
2018-10-25,1.2888258695602417,1.2918895483016968,1.2812135219573977,1.288560152053833,0.0,-0.007165810473900414,-0.0071916082087696035
2018-10-26,1.2824623584747314,1.2833675146102903,1.2778736352920532,1.282265067100525,0.0,-0.004937448289800028,-0.004949677759129004
2018-10-29,1.2831040620803833,1.2851818799972534,1.2800655364990234,1.2831040620803833,0.0,0.0005003683744877474,0.000500243231975817
2018-10-30,1.2802459001541138,1.281558394432068,1.273058295249939,1.2801802158355713,0.0,-0.0022275371193474225,-0.002230021770610809
2018-10-31,1.2708903551101685,1.2829229831695557,1.270244598388672,1.2706480026245115,0.0,-0.007307615703216919,-0.007334447122564226
2018-11-01,1.276943564414978,1.2974039316177368,1.276487112045288,1.2765523195266724,0.0,0.004762967379892347,0.004751660339921954
2018-11-02,1.3003731966018677,1.3039510250091553,1.2962435483932495,1.299933671951294,0.0,0.018348212747854475,0.018181915385056136
2018-11-05,1.3005592823028564,1.3035260438919067,1.296714186668396,1.3005592823028564,0.0,0.00014310176607379432,0.00014309152799278093
2018-11-06,1.3058068752288818,1.309569001197815,1.302371621131897,1.3059945106506348,0.0,0.004034874071048522,0.004026755796813193
2018-11-07,1.311251878738403,1.3174362182617188,1.3075655698776243,1.311492681503296,0.0,0.004169838291414152,0.004161168608154577
2018-11-08,1.3128528594970703,1.315028190612793,1.3089348077774048,1.312732219696045,0.0,0.0012209559312186258,0.0012202111706771973
2018-11-09,1.3066771030426023,1.3070186376571655,1.29743754863739,1.306643009185791,0.0,-0.004704073582803336,-0.004715172557547677
2018-11-12,1.2938451766967771,1.2948336601257324,1.2828242778778076,1.2938451766967771,0.0,-0.00982027336053104,-0.009868810270197452
2018-11-13,1.2857933044433594,1.3040189743041992,1.2853139638900757,1.2855453491210938,0.0,-0.006223211554549635,-0.006242656450687441
2018-11-14,1.3014055490493774,1.3029825687408447,1.2893409729003906,1.301761269569397,0.0,0.012142110673672324,0.012068986573396707
2018-11-15,1.2986170053482056,1.3028467893600464,1.274486064910889,1.2985326051712036,0.0,-0.0021427169287919767,-0.002145015831228938
2018-11-16,1.276650071144104,1.287713885307312,1.276617407798767,1.276617407798767,0.0,-0.01691563726151224,-0.01706034080992703
2018-11-19,1.2833181619644165,1.2881120443344116,1.2804917097091677,1.2855123281478882,0.0,0.00522311553575272,0.005209522379674578
2018-11-20,1.2859750986099243,1.2881120443344116,1.2804261445999146,1.2856941223144531,0.0,0.0020703647187854113,0.0020682244673093414
2018-11-21,1.2789195775985718,1.2820513248443604,1.2775144577026367,1.2787723541259766,0.0,-0.005486514489261296,-0.005501620688806842
2018-11-22,1.277726650238037,1.2921231985092163,1.2773839235305786,1.2776614427566528,0.0,-0.000932761826020867,-0.0009331971190370978
2018-11-23,1.287597894668579,1.2884937524795532,1.2800819873809814,1.287581205368042,0.0,0.0077256308528141915,0.0076959409840443565
2018-11-26,1.2812299728393557,1.2862728834152222,1.2798361778259275,1.2819033861160278,0.0,-0.004945582666444515,-0.004957852531537924
2018-11-27,1.2812299728393557,1.2820513248443604,1.27273428440094,1.2812299728393557,0.0,0.0,0.0
2018-11-28,1.2743724584579468,1.2806065082550049,1.273382544517517,1.274209976196289,0.0,-0.005352290007867855,-0.0053666648271093395
2018-11-29,1.2824130058288574,1.2851818799972534,1.2756729125976562,1.2822978496551514,0.0,0.006309417091954428,0.006289596049062925
2018-11-30,1.2784454822540283,1.2806884050369265,1.2736905813217163,1.278412699699402,0.0,-0.0030937954908409893,-0.003098591169898396
2018-12-03,1.2753475904464722,1.2824294567108154,1.2700024843215942,1.275022268295288,0.0,-0.002423170835641919,-0.0024261114654840874
2018-12-04,1.2725884914398191,1.283400535583496,1.2717145681381226,1.2729123830795288,0.0,-0.002163409432315744,-0.002165752983151721
2018-12-05,1.2720541954040527,1.2792631387710571,1.267330765724182,1.2719732522964478,0.0,-0.00041984980954989926,-0.0004199379711584754
2018-12-06,1.2727665901184082,1.2800164222717283,1.2700347900390625,1.272718071937561,0.0,0.000560034876603055,0.0005598781155965723
2018-12-07,1.2778573036193848,1.2788541316986084,1.273382544517517,1.2780859470367432,0.0,0.003999722761816704,0.003991745135850627
2018-12-10,1.2721028327941897,1.2756729125976562,1.2513452768325806,1.2720379829406738,0.0,-0.004503218637085804,-0.0045133886695375445
2018-12-11,1.2561235427856443,1.2634717226028442,1.2503751516342163,1.2559658288955688,0.0,-0.012561319412713434,-0.01264087974268326
2018-12-12,1.249297261238098,1.2670738697052002,1.248127818107605,1.249437689781189,0.0,-0.0054344029986159725,-0.005449223083185821
2018-12-13,1.2628655433654783,1.2686651945114136,1.2610976696014404,1.262482762336731,0.0,0.010860731507514654,0.010802177342283814
2018-12-14,1.2655024528503418,1.265390396118164,1.2534940242767334,1.265390396118164,0.0,0.0020880366074731427,0.0020858596888332437
2018-12-17,1.25855815410614,1.2644782066345217,1.2576085329055786,1.2586215734481812,0.0,-0.005487384657817951,-0.005502495658276857
2018-12-18,1.2615749835968018,1.270502686500549,1.2611771821975708,1.261543035507202,0.0,0.0023970521193790173,0.0023941837727506354
2018-12-19,1.2655024528503418,1.267909288406372,1.2608431577682495,1.2654544115066528,0.0,0.003113147696019336,0.003108311885526167
2018-12-20,1.262785792350769,1.2705351114273071,1.2615113258361816,1.2625147104263306,0.0,-0.0021467050446674074,-0.002149012518844213
2018-12-21,1.2669775485992432,1.269728422164917,1.2633600234985352,1.266993522644043,0.0,0.0033194515442487305,0.003313954326776912
2018-12-24,1.2648941278457642,1.273658275604248,1.2636953592300415,1.265006184577942,0.0,-0.0016444022672559289,-0.001645755780681415
2018-12-25,1.2710840702056885,1.277791976928711,1.266784906387329,1.2712942361831665,0.0,0.004893644632903982,0.004881709675131446
2018-12-26,1.2688745260238647,1.2719732522964478,1.266512155532837,1.2689388990402222,0.0,-0.0017383147453544634,-0.0017398273676279895
2018-12-27,1.2648781538009644,1.2671220302581787,1.261877417564392,1.2648460865020752,0.0,-0.0031495409049020484,-0.003154511147589967
2018-12-28,1.2646220922470093,1.2700024843215942,1.2636473178863523,1.264606237411499,0.0,-0.00020243969997080224,-0.00020246019365273427
2018-12-31,1.269357681274414,1.2813942432403564,1.268182635307312,1.2689228057861328,0.0,0.003744667325074502,0.003737673512616556
2019-01-01,1.2738043069839478,1.2756729125976562,1.2714558839797974,1.275022268295288,0.0,0.0035030517994496524,0.0034969304050372087
2019-01-02,1.2754288911819458,1.2773349285125732,1.2584631443023682,1.2752337455749512,0.0,0.001275379733834292,0.0012745671279488907
2019-01-03,1.2521913051605225,1.2638230323791504,1.251877784729004,1.251877784729004,0.0,-0.01821942891687911,-0.018387446632091863
2019-01-04,1.2628813982009888,1.2739664316177368,1.261781930923462,1.2628973722457886,0.0,0.008537108504435675,0.008500873475822986
2019-01-07,1.2734960317611694,1.2787723541259766,1.2724264860153198,1.2732852697372437,0.0,0.008405091384908747,0.00836996529241277
2019-01-08,1.278608798980713,1.2792304754257202,1.2714881896972656,1.2786905765533447,0.0,0.004014749235200066,0.004006711634940346
2019-01-09,1.2737879753112793,1.2802950143814087,1.271779179573059,1.2738852500915527,0.0,-0.0037703664117412217,-0.003777492159940696
2019-01-10,1.279967188835144,1.2801146507263184,1.273058295249939,1.2799508571624756,0.0,0.004851053427753271,0.004839324982988025
2019-01-11,1.2753963470458984,1.2837464809417725,1.2716660499572754,1.275835633277893,0.0,-0.0035710616874525813,-0.0035774531489794446
2019-01-14,1.2849836349487305,1.292774677276611,1.2821005582809448,1.2849836349487305,0.0,0.0075171047220248255,0.00748899208617463
2019-01-15,1.2874983549118042,1.2916558980941772,1.2756240367889404,1.2876144647598269,0.0,0.0019570054393525105,0.0019550929989054344
2019-01-16,1.2872166633605957,1.2895737886428833,1.2827255725860596,1.287282943725586,0.0,-0.0002187898338928962,-0.0002188137718802595
2019-01-17,1.28857684135437,1.2939958572387695,1.2836146354675293,1.2884771823883057,0.0,0.0010566814682333447,0.001056123573347561
2019-01-18,1.2983977794647217,1.299376368522644,1.2892080545425415,1.298296570777893,0.0,0.0076215385805238345,0.007592641389848695
2019-01-21,1.2853471040725708,1.2910722494125366,1.2831699848175049,1.2853471040725708,0.0,-0.010051369155553491,-0.010102225235644764
2019-01-22,1.2891747951507568,1.296714186668396,1.2855949401855469,1.2892745733261108,0.0,0.002977943518959414,0.0029735182284916298
2019-01-23,1.295773148536682,1.3080273866653442,1.2945822477340698,1.2956725358963013,0.0,0.005118276754048301,0.005105222898798798
2019-01-24,1.308215618133545,1.3095861673355105,1.301371693611145,1.308318257331848,0.0,0.009602351778098095,0.009556542217805879
2019-01-25,1.3121638298034668,1.3176618814468384,1.3063528537750244,1.3112174272537231,0.0,0.003018012944651094,0.0030134678859851053
2019-01-28,1.3208470344543457,1.3210039138793943,1.313870549201965,1.3207770586013794,0.0,0.006617469902504114,0.006595670566667043
2019-01-29,1.3160146474838257,1.3196616172790527,1.313145875930786,1.3159972429275513,0.0,-0.003658551554015732,-0.003665260421910348
2019-01-30,1.30804443359375,1.311991572380066,1.3058068752288818,1.308061599731445,0.0,-0.006056326124723954,-0.006074740052601002
2019-01-31,1.3117163181304932,1.3160665035247805,1.3101180791854858,1.311681866645813,0.0,0.0028071558140077,0.0028032231102147484
2019-02-01,1.3109424114227295,1.311475396156311,1.3045804500579834,1.3109252452850342,0.0,-0.0005899954868798796,-0.0005901696027055514
2019-02-04,1.3077365159988403,1.3098777532577517,1.3042230606079102,1.3078563213348389,0.0,-0.0024454891351100017,-0.00244848422763887
2019-02-05,1.3031013011932373,1.3051422834396362,1.2929919958114624,1.3030844926834106,0.0,-0.0035444562026798465,-0.0035507526703384066
2019-02-06,1.2957228422164917,1.297858476638794,1.2929919958114624,1.2958402633666992,0.0,-0.005662229766779658,-0.005678320959848307
2019-02-07,1.2934435606002808,1.2994775772094729,1.2856279611587524,1.2934435606002808,0.0,-0.0017590811413897844,-0.0017606301414318265
2019-02-08,1.2949174642562866,1.2976900339126587,1.2924572229385376,1.29490065574646,0.0,0.0011395191107694824,0.0011388703516697339
2019-02-11,1.293677806854248,1.2939958572387695,1.2860082387924194,1.293727993965149,0.0,-0.0009573254174547463,-0.0009577839460963055
2019-02-12,1.2864052057266235,1.2896569967269895,1.283433437347412,1.2864713668823242,0.0,-0.005621647901117521,-0.005637508834666579
2019-02-13,1.2892080545425415,1.295706033706665,1.2860909700393677,1.28909170627594,0.0,0.0021788226629064766,0.002176452471002454
2019-02-14,1.2856775522232056,1.2878466844558716,1.277400255203247,1.2856775522232056,0.0,-0.0027385047020891395,-0.0027422612659033356
2019-02-15,1.2798361778259275,1.2859750986099243,1.2786579132080078,1.2799180746078491,0.0,-0.004543421005661297,-0.0045537737125842005
2019-02-18,1.290555715560913,1.293727993965149,1.2893908023834229,1.2903226613998413,0.0,0.008375710829799266,0.00834082920079657
2019-02-19,1.2924071550369265,1.304665446281433,1.2896569967269895,1.2922735214233398,0.0,0.001434606389859594,0.0014335783252406044
2019-02-20,1.3061310052871704,1.3085408210754397,1.301371693611145,1.306165099143982,0.0,0.010618828746620235,0.010562844957425379
2019-02-21,1.30451238155365,1.3092432022094729,1.3027619123458862,1.3043931722640991,0.0,-0.0012392506777408885,-0.0012400191838421119
2019-02-22,1.3041380643844604,1.308061599731445,1.2972187995910645,1.3040870428085327,0.0,-0.00028694029622289285,-0.0002869814714664372
2019-02-25,1.306557536125183,1.3095861673355105,1.3057047128677368,1.3064382076263428,0.0,0.0018552266871105783,0.0018535078796036626
2019-02-26,1.31271493434906,1.3280211687088013,1.312335968017578,1.312663197517395,0.0,0.004712688154658418,0.004701618205690627
2019-02-27,1.3258028030395508,1.3348817825317385,1.3234516382217407,1.3261016607284546,0.0,0.009970076783639703,0.00992070346739004
2019-02-28,1.3318239450454712,1.3320900201797483,1.32650625705719,1.331611156463623,0.0,0.004541506468470402,0.004531224945285569
2019-03-01,1.3264886140823364,1.328638792037964,1.3214752674102783,1.3264886140823364,0.0,-0.0040060332170650526,-0.004014078862737686
2019-03-04,1.32397723197937,1.325486421585083,1.3168984651565552,1.323784351348877,0.0,-0.0018932556799244882,-0.0018950501537488141
2019-03-05,1.3178529739379885,1.3197312355041504,1.3099464178085327,1.3178702592849731,0.0,-0.004625652083325882,-0.004636383517967263
2019-03-06,1.3156682252883911,1.3170892000198364,1.312594294548035,1.3156163692474363,0.0,-0.001657809097678764,-0.0016591847838078235
2019-03-07,1.3182177543640137,1.3187392950057983,1.3089348077774048,1.3180092573165894,0.0,0.0019378206652849173,0.001935945512901418
2019-03-08,1.3092432022094729,1.3108049631118774,1.300593018531799,1.3092432022094729,0.0,-0.006808095342996423,-0.006831376149563521
2019-03-11,1.2988362312316897,1.3097577095031738,1.2962266206741333,1.298414707183838,0.0,-0.007948844767893704,-0.007980605252535522
2019-03-12,1.3248542547225952,1.324591040611267,1.3010668754577637,1.324591040611267,0.0,0.020031796823401393,0.019833800166576616
2019-03-13,1.3066771030426023,1.3230488300323486,1.3064721822738647,1.3064721822738647,0.0,-0.013720114205165057,-0.013815104827591573
2019-03-14,1.3285682201385498,1.3331555128097534,1.3211086988449097,1.328426957130432,0.0,0.016753272132016273,0.016614484026737115
2019-03-15,1.3258554935455322,1.3296104669570925,1.3207248449325562,1.3257324695587158,0.0,-0.002041842151496498,-0.0020439295530960337
2019-03-18,1.329716444015503,1.3299640417099,1.3131976127624512,1.3297518491744995,0.0,0.002912044705298822,0.0029078129165640916
2019-03-19,1.326435923576355,1.330866813659668,1.324275255203247,1.326435923576355,0.0,-0.0024670827031674225,-0.0024701309662764448
2019-03-20,1.3271400928497314,1.3269639015197754,1.3149935007095337,1.3269110918045044,0.0,0.0005308731924855703,0.0005307323291638231
2019-03-21,1.320533037185669,1.3229262828826904,1.306796669960022,1.3206549882888794,0.0,-0.004978416144353903,-0.004990849741586935
2019-03-22,1.313232183456421,1.322209119796753,1.3084039688110352,1.3130252361297607,0.0,-0.005528717210140921,-0.005544057133327246
2019-03-25,1.3206549882888794,1.3245735168457031,1.3162916898727417,1.3206549882888794,0.0,0.005652317180440791,0.005636402776364291
2019-03-26,1.3215277194976809,1.3261544704437256,1.316482424736023,1.3208119869232178,0.0,0.0006608320996328576,0.0006606138462481734
2019-03-27,1.321143627166748,1.3246086835861206,1.3167943954467771,1.321038842201233,0.0,-0.0002906426594508904,-0.00029068490421425527
2019-03-28,1.3152703046798706,1.3199577331542969,1.3076339960098269,1.3152875900268557,0.0,-0.0044456351043928866,-0.0044555463254901
2019-03-29,1.30565345287323,1.3128355741500854,1.2980438470840454,1.305414795875549,0.0,-0.007311692336109843,-0.007338553773655815
2019-04-01,1.3022867441177368,1.314786076545715,1.3011515140533447,1.30218505859375,0.0,-0.0025785622885493575,-0.002581892506301765
2019-04-02,1.3068991899490356,1.3083868026733398,1.301676630973816,1.3069332838058472,0.0,0.0035418050994779904,0.00353554767848772
2019-04-03,1.312766671180725,1.3196094036102295,1.3123877048492432,1.3125426769256592,0.0,0.004489620375323966,0.004479572093854157
2019-04-04,1.3176966905593872,1.319087266921997,1.3068478107452393,1.317835569381714,0.0,0.003755442217487026,0.0037484081495527226
2019-04-05,1.3077024221420288,1.3119399547576904,1.300576090812683,1.307343363761902,0.0,-0.007584650161878814,-0.0076135598938225895
2019-04-08,1.3038150072097778,1.3071895837783811,1.3035260438919067,1.3037129640579224,0.0,-0.002972706073208431,-0.002977133340059637
2019-04-09,1.306335687637329,1.311664581298828,1.303407073020935,1.3061821460723877,0.0,0.0019333114081465652,0.0019314449668671092
2019-04-10,1.305721640586853,1.3103927373886108,1.3049379587173462,1.3053126335144043,0.0,-0.00047005303176450575,-0.0004701635413224333
2019-04-11,1.3099292516708374,1.3109596967697144,1.3064382076263428,1.3097577095031738,0.0,0.0032224411032149014,0.003217260167073705
2019-04-12,1.3056023120880127,1.3130252361297607,1.3051422834396362,1.3054660558700562,0.0,-0.0033031857081636806,-0.0033086532696423947
2019-04-15,1.3083868026733398,1.311991572380066,1.308061599731445,1.3084723949432373,0.0,0.002132724919025275,0.0021304538896492276
2019-04-16,1.3102725744247437,1.3104442358016968,1.30451238155365,1.3099122047424316,0.0,0.0014412953016269547,0.0014402576324924782
2019-04-17,1.3046314716339111,1.306796669960022,1.303186297416687,1.3044612407684326,0.0,-0.004305289525966871,-0.00431458397136335
2019-04-18,1.3039339780807495,1.3052444458007812,1.2997647523880005,1.3039339780807495,0.0,-0.0005346287961979224,-0.0005347717611305018
2019-04-19,1.2994438409805298,1.3009991645812988,1.2988699674606323,1.299376368522644,0.0,-0.0034435310189774304,-0.0034494736181885986
2019-04-22,1.299376368522644,1.3000519275665283,1.2976900339126587,1.299376368522644,0.0,-5.19241045729979e-05,-5.192545267598198e-05
2019-04-23,1.2981449365615845,1.3018798828125,1.2929418087005615,1.2981956005096436,0.0,-0.0009477099867990502,-0.0009481593478403204
2019-04-24,1.2938116788864136,1.2963443994522097,1.2916725873947144,1.2938786745071411,0.0,-0.003338038421694667,-0.003343622101100569
2019-04-25,1.2904890775680542,1.2916725873947144,1.2867032289505005,1.2903891801834106,0.0,-0.002568071824192497,-0.0025713749770072836
2019-04-26,1.289607048034668,1.2943308353424072,1.2888258695602417,1.2897733449935913,0.0,-0.0006834846948479134,-0.0006837183769968075
2019-04-29,1.2920230627059937,1.2946659326553345,1.2905889749526978,1.2921065092086792,0.0,0.0018734502692177024,0.0018716975500088478
2019-04-30,1.2932428121566772,1.3046144247055054,1.2927913665771484,1.2931759357452393,0.0,0.0009440616703304539,0.0009436163243790823
2019-05-01,1.3039849996566772,1.3092432022094729,1.3035260438919067,1.304069995880127,0.0,0.008306396446994935,0.008272088190419656
2019-05-02,1.3053126335144043,1.308010220527649,1.3018969297409058,1.305483102798462,0.0,0.0010181358359770964,0.0010176178872184957
2019-05-03,1.3033220767974854,1.3176966905593872,1.299156904220581,1.3031693696975708,0.0,-0.001524965487815444,-0.0015261294311510677
2019-05-06,1.3150626420974731,1.3150454759597778,1.3082668781280518,1.3150454759597778,0.0,0.009008184169515987,0.008967852507571582
2019-05-07,1.3099292516708374,1.3129562139511108,1.304206132888794,1.3097405433654783,0.0,-0.0039035330046698347,-0.003911171674642547
2019-05-08,1.3068820238113403,1.308215618133545,1.299106240272522,1.306830883026123,0.0,-0.0023262537695148966,-0.0023289637012900424
2019-05-09,1.3012022972106934,1.302609086036682,1.2968318462371826,1.3014055490493774,0.0,-0.004346013256868342,-0.004355484624236509
2019-05-10,1.3009653091430664,1.3046314716339111,1.2993087768554688,1.3009822368621826,0.0,-0.00018213007165368555,-0.00018214665934929521
2019-05-13,1.3010668754577637,1.3040870428085327,1.2950851917266846,1.3008975982666016,0.0,7.806996388248777e-05,7.806691658145821e-05
2019-05-14,1.2963106632232666,1.2971850633621216,1.2909221649169922,1.2963947057724,0.0,-0.0036556247216913418,-0.003662322846614186
2019-05-15,1.2906556129455566,1.2922568321228027,1.2829065322875977,1.2906056642532349,0.0,-0.004362419008147933,-0.004371962122103507
2019-05-16,1.2847524881362915,1.2855123281478882,1.2790340185165403,1.2845875024795532,0.0,-0.00457374124441523,-0.004584232801568609
2019-05-17,1.2797706127166748,1.2799180746078491,1.2721351385116575,1.2797870635986328,0.0,-0.003877692758426643,-0.003885230501334873
2019-05-20,1.2731555700302124,1.27575421333313,1.2716821432113647,1.2730258703231812,0.0,-0.005168928416335539,-0.005182333540191798
2019-05-21,1.2729123830795288,1.2794268131256104,1.268617033958435,1.272782802581787,0.0,-0.00019101118230024916,-0.0001910294272594955
2019-05-23,1.2664159536361694,1.268343448638916,1.2605888843536377,1.2663357257843018,0.0,-0.005103595133266525,-0.005116662955786897
2019-05-24,1.2664639949798584,1.2717145681381226,1.2649421691894531,1.2664639949798584,0.0,3.793488509917786e-05,3.7934165589620405e-05
2019-05-27,1.2724751234054563,1.2748597860336304,1.2668330669403076,1.2722808122634888,0.0,0.004746387145173836,0.004735158565813214
2019-05-28,1.2682307958602903,1.2700024843215942,1.26558256149292,1.268086075782776,0.0,-0.0033354896037630644,-0.0033410647498914826
2019-05-29,1.2659670114517212,1.2669614553451538,1.2612568140029907,1.265982985496521,0.0,-0.0017849940373301232,-0.001786589037513255
2019-05-30,1.2629451751708984,1.2640626430511477,1.2583998441696167,1.2629451751708984,0.0,-0.0023869786917729563,-0.0023898320669452867
2019-05-31,1.2609704732894895,1.2636473178863523,1.2560131549835205,1.2607001066207886,0.0,-0.0015635689658038965,-0.0015647926154326993
2019-06-03,1.2639508247375488,1.2658227682113647,1.261304497718811,1.2640467882156372,0.0,0.0023635378553190645,0.002360749093087965
2019-06-04,1.2664159536361694,1.2705835103988647,1.2644623517990112,1.2663036584854126,0.0,0.0019503360814154824,0.0019484366452918072
2019-06-05,1.2702767848968506,1.2744048833847046,1.2693254947662354,1.2703735828399658,0.0,0.003048628098529349,0.0030439904551303773
2019-06-06,1.2688584327697754,1.2741937637329102,1.2669614553451538,1.2686814069747925,0.0,-0.0011165693523954578,-0.001117193180362839
2019-06-07,1.269841194152832,1.2761775255203247,1.2689388990402222,1.269841194152832,0.0,0.0007745240585361746,0.0007742242695634099
2019-06-10,1.2722970247268677,1.2729123830795288,1.2656145095825195,1.27226459980011,0.0,0.001933966692326372,0.00193209898640919
2019-06-11,1.2691160440444946,1.2727665901184082,1.2672985792160034,1.2692127227783203,0.0,-0.002500187157991607,-0.0025033178451953873
2019-06-12,1.2724426984786987,1.27586829662323,1.268842339515686,1.2723132371902466,0.0,0.0026212373957565926,0.00261780794464389
2019-06-13,1.2693415880203247,1.2705672979354858,1.266496181488037,1.269357681274414,0.0,-0.002437131716879426,-0.0024401063564239004
2019-06-14,1.268005609512329,1.268391728401184,1.2590177059173584,1.2679896354675293,0.0,-0.0010524972321116488,-0.001053051496265238
2019-06-17,1.2596044540405271,1.2605571746826172,1.2555242776870728,1.2594457864761353,0.0,-0.006625487623065807,-0.006647533597027497
2019-06-18,1.2541544437408447,1.2560920715332031,1.25071918964386,1.2540600299835205,0.0,-0.0043267632804885325,-0.004336150808926199
2019-06-19,1.2566603422164917,1.26385498046875,1.2545477151870728,1.2566444873809814,0.0,0.0019980780582113944,0.0019960845552560386
2019-06-20,1.2656625509262085,1.2725722789764404,1.2653743028640747,1.2653743028640747,0.0,0.00716359735983918,0.007138060680073104
2019-06-21,1.270793318748474,1.2724426984786987,1.2644941806793213,1.270551085472107,0.0,0.004053819731421049,0.004045625143004484
2019-06-24,1.2750873565673828,1.276666283607483,1.2711002826690674,1.2750548124313354,0.0,0.0033790213999060903,0.00337332533490596
2019-06-25,1.2739664316177368,1.2783963680267334,1.2712457180023191,1.2739503383636477,0.0,-0.0008790965919884819,-0.0008794832240053711
2019-06-26,1.2690677642822266,1.2706964015960691,1.2664159536361694,1.269083857536316,0.0,-0.003845209115353021,-0.003852620938029596
2019-06-27,1.269841194152832,1.2724264860153198,1.266688585281372,1.2695671319961548,0.0,0.000609447259140472,0.0006092616215800073
2019-06-28,1.267748475074768,1.273414969444275,1.2666083574295044,1.26739501953125,0.0,-0.001648016372204797,-0.001649375845013929
2019-07-01,1.2694543600082395,1.270809531211853,1.263296127319336,1.2693737745285034,0.0,0.0013456020393720625,0.001344697528264954
2019-07-02,1.2644623517990112,1.2648621797561646,1.2586374282836914,1.2644143104553225,0.0,-0.003932404635008657,-0.003940156868067467
2019-07-03,1.25982666015625,1.2602394819259644,1.2558870315551758,1.2597631216049194,0.0,-0.0036661365489971676,-0.0036728732978627793
2019-07-04,1.2582731246948242,1.2592872381210327,1.2570552825927734,1.2583839893341064,0.0,-0.0012331342958189495,-0.001233895231536324
2019-07-05,1.2583048343658447,1.2587007284164429,1.248299241065979,1.2583364248275757,0.0,2.5200944372194556e-05,2.5200626833730764e-05
2019-07-08,1.2525520324707031,1.2540757656097412,1.2501249313354492,1.2526148557662964,0.0,-0.004571866639963229,-0.004582349585538922
2019-07-09,1.2516427040100098,1.2520345449447632,1.244121551513672,1.251877784729004,0.0,-0.0007259805877283254,-0.0007262442392468503
2019-07-10,1.2458575963974,1.252112865447998,1.244524002075195,1.245733380317688,0.0,-0.004622012011954779,-0.004632726537331897
2019-07-11,1.2508130073547363,1.257228970527649,1.2506252527236938,1.2506252527236938,0.0,0.003977509927030054,0.003969620547557551
2019-07-12,1.2523481845855713,1.256265640258789,1.2522697448730469,1.2522697448730469,0.0,0.0012273435132255095,0.0012265909428877233
2019-07-15,1.2571974992752075,1.2576401233673096,1.2511886358261108,1.257228970527649,0.0,0.003872177681353728,0.003864700098160346
2019-07-16,1.251799464225769,1.2520345449447632,1.2397410869598389,1.2520345449447632,0.0,-0.00429370488928793,-0.00430294931149667
2019-07-17,1.2412029504776,1.2439358234405518,1.2383440732955933,1.2408795356750488,0.0,-0.008465024990822134,-0.008501056799065656
2019-07-18,1.2434717416763306,1.249547004699707,1.242915391921997,1.2435026168823242,0.0,0.0018278970396077288,0.0018262284688216693
2019-07-19,1.2541857957839966,1.2554926872253418,1.249640703201294,1.2543903589248655,0.0,0.008616242531754192,0.008579334567854946
2019-07-22,1.2512825727462769,1.251564383506775,1.2457643747329712,1.2510321140289309,0.0,-0.0023148269159792845,-0.002317510269604015
2019-07-23,1.2474894523620603,1.2481745481491089,1.2420353889465332,1.247302770614624,0.0,-0.003031385928992436,-0.0030359898859187166
2019-07-24,1.243904948234558,1.2521286010742188,1.2429462671279907,1.2437810897827148,0.0,-0.0028733742964440756,-0.0028775103612427144
2019-07-25,1.2485953569412231,1.251799464225769,1.2465252876281738,1.2485641241073608,0.0,0.0037707131186526244,0.0037636218005682293
2019-07-26,1.2453454732894895,1.2459505796432495,1.2377768754959106,1.2453765869140625,0.0,-0.0026028317610399254,-0.0026062250169564894
2019-07-29,1.2376697063446045,1.23839008808136,1.2215979099273682,1.2377768754959106,0.0,-0.006163564335774252,-0.006182637511318585
2019-07-30,1.2217471599578855,1.2220158576965332,1.212106466293335,1.2217471599578855,0.0,-0.012864939898824423,-0.012948409901975292
2019-07-31,1.2161602973937988,1.224679708480835,1.2147272825241089,1.215790629386902,0.0,-0.004572846778116757,-0.004583334225819041
2019-08-01,1.215376853942871,1.2154655456542969,1.2081964015960691,1.2154655456542969,0.0,-0.0006441942337754858,-0.0006444018160345509
2019-08-02,1.2124298810958862,1.2144912481307983,1.2091752290725708,1.2127238512039185,0.0,-0.0024247399787353796,-0.0024276844213524306
2019-08-05,1.215214490890503,1.21881365776062,1.210316777229309,1.2149192094802856,0.0,0.002296718216891591,0.0022940847909950594
2019-08-06,1.2158203125,1.2209714651107788,1.2142847776412964,1.2156133651733398,0.0,0.0004985306001850098,0.0004984063750903087
2019-08-07,1.2169743776321411,1.2191405296325684,1.212224006652832,1.2172261476516724,0.0,0.0009492069841867679,0.000948756772111127
2019-08-08,1.2143291234970093,1.2183235883712769,1.2097749710083008,1.2141668796539309,0.0,-0.002173631740939874,-0.0021759975072373205
2019-08-09,1.2143733501434326,1.2147716283798218,1.2057344913482666,1.2144765853881836,0.0,3.6420642120393865e-05,3.641997890491074e-05
2019-08-12,1.2021976709365845,1.2100677490234375,1.2019230127334597,1.2021976709365845,0.0,-0.010026306329441459,-0.010076908256485481
2019-08-13,1.207875370979309,1.209760308265686,1.204355001449585,1.2080212831497192,0.0,0.00472276746161171,0.004711650184498611
2019-08-14,1.2064181566238403,1.209994554519653,1.2046741247177124,1.2064181566238403,0.0,-0.0012064277412058289,-0.0012071560609889277
2019-08-15,1.2060399055480957,1.2142553329467771,1.2051095962524414,1.2060399055480957,0.0,-0.0003135323135413648,-0.00031358147507326985
2019-08-16,1.209160566329956,1.217730164527893,1.208313226699829,1.2092190980911257,0.0,0.002587526969467957,0.002584185085128329
2019-08-19,1.2161011695861816,1.2172706127166748,1.2105804681777954,1.2159829139709473,0.0,0.00574001786817413,0.005723606735791526
2019-08-20,1.2131506204605105,1.21672260761261,1.206694722175598,1.212973952293396,0.0,-0.0024262365660541185,-0.00242918464745198
2019-08-21,1.21623432636261,1.217581868171692,1.211475133895874,1.216530203819275,0.0,0.0025418986316216863,0.0025386734714922484
2019-08-22,1.213224172592163,1.226978778839111,1.2109616994857788,1.2131506204605105,0.0,-0.0024749784685402787,-0.0024780462906579858
2019-08-23,1.2251899242401123,1.227792263031006,1.2196460962295532,1.225144863128662,0.0,0.009862770556560374,0.009814450885824602
2019-08-26,1.2262415885925293,1.228380560874939,1.2209415435791016,1.2261964082717896,0.0,0.0008583684305674133,0.0008580002430647376
2019-08-27,1.222195029258728,1.2305269241333008,1.2210012674331665,1.2221651077270508,0.0,-0.0032999690855746167,-0.003305425991946233
2019-08-28,1.2283201217651367,1.2289540767669678,1.216367483139038,1.2282146215438845,0.0,0.005011550824358668,0.0049990348025617595
2019-08-29,1.2218515872955322,1.2231069803237915,1.2184572219848633,1.2217471599578855,0.0,-0.005266163400717505,-0.005280078513536937
2019-08-30,1.218650221824646,1.2223743200302124,1.216219425201416,1.2185314893722534,0.0,-0.0026200935565113825,-0.0026235320089918134
2019-09-02,1.21592378616333,1.217581868171692,1.203905463218689,1.2159385681152344,0.0,-0.0022372585771441855,-0.002239764979125372
2019-09-03,1.2066656351089478,1.2102434635162354,1.1959433555603027,1.2065346240997314,0.0,-0.007614088283933507,-0.0076432234401202165
2019-09-04,1.2090436220169067,1.222045660018921,1.2086782455444336,1.209189772605896,0.0,0.0019707090670102456,0.0019687697673424877
2019-09-05,1.2248897552490234,1.2353304624557495,1.2212995290756226,1.2245447635650637,0.0,0.013106337061422613,0.013021192177290485
2019-09-06,1.232392191886902,1.2344155311584473,1.228893756866455,1.2325897216796875,0.0,0.006124989294529204,0.006106307791461828
2019-09-09,1.228305101394653,1.2381141185760498,1.223690629005432,1.228697419166565,0.0,-0.0033163878505195754,-0.0033218992533803377
2019-09-10,1.2345373630523682,1.2375165224075315,1.2308449745178225,1.2346441745758057,0.0,0.005073871020024878,0.005061042312301316
2019-09-11,1.2354830503463743,1.2371184825897217,1.2322858572006226,1.235315203666687,0.0,0.00076602565650008,0.0007657324085942624
2019-09-12,1.233471393585205,1.2359259128570557,1.2286370992660522,1.2335171699523926,0.0,-0.0016282350135076173,-0.0016295620287946802
2019-09-13,1.2329391241073608,1.2470382452011108,1.232863187789917,1.2330456972122192,0.0,-0.00043152154205794435,-0.0004316146742719091
2019-09-16,1.2497344017028809,1.249843716621399,1.2402024269104004,1.249843716621399,0.0,0.013622146679528546,0.01353019931207011
2019-09-17,1.2428536415100098,1.249531388282776,1.239464521408081,1.2427300214767456,0.0,-0.0055057780145088,-0.00552099067432827
2019-09-18,1.2502655982971191,1.2506252527236938,1.2441370487213137,1.250312566757202,0.0,0.005963660192606524,0.005945947956114096
2019-09-19,1.247053861618042,1.24985933303833,1.2442454099655151,1.247007131576538,0.0,-0.002568843518890418,-0.002572148658874331
2019-09-20,1.25250506401062,1.2583048343658447,1.2464786767959597,1.2526618242263794,0.0,0.004371264594381641,0.004361738368318648
2019-09-23,1.2471938133239746,1.2491724491119385,1.2415266036987305,1.2470849752426147,0.0,-0.004240502365426169,-0.004249518794067518
2019-09-24,1.243456244468689,1.2502187490463257,1.2415573596954346,1.2435646057128906,0.0,-0.0029967827095970234,-0.003001282054188455
2019-09-25,1.2485953569412231,1.2487823963165283,1.2356815338134766,1.2485953569412231,0.0,0.00413292586320968,0.004124408784021021
2019-09-26,1.2359564304351809,1.2380834817886353,1.2304966449737549,1.2359259128570557,0.0,-0.010122516022328276,-0.010174097069512156
2019-09-27,1.2331976890563965,1.2336541414260864,1.227310061454773,1.2330456972122192,0.0,-0.002232070088274085,-0.002234564869756327
2019-09-30,1.2293167114257812,1.2343850135803225,1.2284860610961914,1.229286551475525,0.0,-0.003147084741607631,-0.003152047227103084
2019-10-01,1.2289994955062866,1.2313754558563232,1.221060872077942,1.2290599346160889,0.0,-0.00025804246907756845,-0.0002580757677639323
2019-10-02,1.2292261123657229,1.2317850589752195,1.2228676080703735,1.2293167114257812,0.0,0.000184391336420342,0.00018437433842735822
2019-10-03,1.230436086654663,1.241264581680298,1.2266929149627686,1.2305269241333008,0.0,0.0009843382570287051,0.0009838541138076622
2019-10-04,1.2342326641082764,1.2357884645462036,1.227747082710266,1.2339890003204346,0.0,0.0030855543776642236,0.0030808038243073745
2019-10-07,1.2334411144256592,1.2338062524795532,1.2289540767669678,1.23350191116333,0.0,-0.0006413293908317241,-0.0006415351304947944
2019-10-08,1.2288031578063965,1.2303149700164795,1.219928741455078,1.228878617286682,0.0,-0.0037601767648407503,-0.003767264001244798
2019-10-09,1.2219561338424685,1.2283201217651367,1.2200329303741455,1.222075581550598,0.0,-0.005572108047110613,-0.005587690151559242
2019-10-10,1.2212995290756226,1.238482117652893,1.220956563949585,1.221269607543945,0.0,-0.0005373390653404808,-0.0005374834837127907
2019-10-11,1.2433171272277832,1.2700347900390625,1.2430081367492676,1.2431625127792358,0.0,0.01802800838613705,0.01786743089929825
2019-10-14,1.261899709701538,1.2646702527999878,1.252219557762146,1.2610976696014404,0.0,0.01494597160033373,0.014835381126576449
2019-10-15,1.2611771821975708,1.2789523601531982,1.260366439819336,1.2609069347381592,0.0,-0.0005725712577731024,-0.0005727352392927739
2019-10-16,1.2760635614395142,1.286173701286316,1.2668169736862185,1.2759170532226562,0.0,0.011803558970202799,0.011734440333638515
2019-10-17,1.2823801040649414,1.2978416681289673,1.2755752801895142,1.2820003032684326,0.0,0.004950021939582383,0.00493781086113994
2019-10-18,1.286860466003418,1.2914891242980957,1.2840760946273804,1.286699891090393,0.0,0.003493786221631545,0.0034876971290871486
2019-10-21,1.2900229692459106,1.3012700080871582,1.2890751361846924,1.29027259349823,0.0,0.0024575339176549083,0.0024545191194789906
2019-10-22,1.297168254852295,1.2988699674606323,1.28940749168396,1.2971514463424685,0.0,0.005538882467000628,0.005523599266105959
2019-10-23,1.2884771823883057,1.2894906997680664,1.2842575311660769,1.2884771823883057,0.0,-0.006700034811581879,-0.006722580807220096
2019-10-24,1.2923235893249512,1.294783353805542,1.2808033227920532,1.292089819908142,0.0,0.0029852348099139725,0.002980787844438085
2019-10-25,1.2840267419815063,1.286024808883667,1.280524492263794,1.284092664718628,0.0,-0.0064201005166041325,-0.00644079799608244
2019-10-28,1.283202886581421,1.2875149250030518,1.2812299728393557,1.2828571796417236,0.0,-0.0006416185684841036,-0.0006418244937661831
2019-10-29,1.2857435941696167,1.2904725074768066,1.280983805656433,1.2857435941696167,0.0,0.0019799734046457296,0.001978015840827813
2019-10-30,1.2866700887680054,1.2904558181762695,1.2858924865722656,1.2866700887680054,0.0,0.0007205904836624644,0.0007203309829948832
2019-10-31,1.290172815322876,1.2975385189056396,1.290289282798767,1.290289282798767,0.0,0.0027223190975276257,0.0027186202982471814
2019-11-01,1.2939623594284058,1.2973533868789673,1.2934770584106443,1.2938618659973145,0.0,0.002937237601446041,0.0029329323473914885
2019-11-04,1.2937614917755127,1.2944984436035156,1.2901227474212646,1.2939958572387695,0.0,-0.0001552345409658873,-0.00015524659109432198
2019-11-05,1.2891582250595093,1.2914557456970217,1.2861074209213257,1.288693070411682,0.0,-0.0035580489489496214,-0.003564393859918024
2019-11-06,1.288062334060669,1.2897733449935913,1.2867693901062012,1.2878299951553345,0.0,-0.0008500826178956533,-0.0008504441430229492
2019-11-07,1.2856775522232056,1.287713885307312,1.27962327003479,1.2856611013412476,0.0,-0.0018514490909343762,-0.0018531651412495233
2019-11-08,1.2779992818832395,1.282215595245361,1.2769761085510254,1.2811479568481443,0.0,-0.005972158669713679,-0.005990063331212604
2019-11-11,1.2796396017074585,1.2891747951507568,1.2786742448806765,1.2796560525894165,0.0,0.0012835060609750482,0.0012826830712037382
2019-11-12,1.2858428955078125,1.2868356704711914,1.2817226648330688,1.2854461669921875,0.0,0.00484768820226944,0.004835975997974376
2019-11-13,1.285214900970459,1.2860082387924194,1.282495141029358,1.2853471040725708,0.0,-0.0004883913420118402,-0.0004885106439089067
2019-11-14,1.2853800058364868,1.2891582250595093,1.2825939655303955,1.2851983308792114,0.0,0.00012846479285544277,0.0001284565419605665
2019-11-15,1.2881784439086914,1.2917393445968628,1.2869184017181396,1.2882779836654663,0.0,0.0021771289887020373,0.002174762477562872
2019-11-18,1.2921231985092163,1.2982122898101809,1.2916558980941772,1.2919729948043823,0.0,0.003062273413422023,0.0030575942044371585
2019-11-19,1.2950851917266846,1.2971850633621216,1.2925406694412231,1.294967770576477,0.0,0.0022923458234367367,0.00228972240716957
2019-11-20,1.2929502725601196,1.2928917407989502,1.2891747951507568,1.2928917407989502,0.0,-0.0016484777837035836,-0.001649838018288465
2019-11-21,1.2927078008651731,1.2970168590545654,1.2900062799453735,1.2926911115646362,0.0,-0.00018753365855783688,-0.00018755124519314134
2019-11-22,1.2919896841049194,1.2929919958114624,1.2826762199401855,1.291922926902771,0.0,-0.0005555135969420588,-0.0005556679517870431
2019-11-25,1.2853471040725708,1.2913223505020142,1.284191608428955,1.2850992679595947,0.0,-0.005141356865361213,-0.005154619117413074
2019-11-26,1.289723515510559,1.2904890775680542,1.2838454246520996,1.2897567749023438,0.0,0.0034048479388344433,0.0033990645680385136
2019-11-27,1.2860909700393677,1.2892745733261108,1.2828242778778076,1.2859255075454712,0.0,-0.002816530386168359,-0.0028205042713426737
2019-11-28,1.2929919958114624,1.2951691150665283,1.2901227474212646,1.2930755615234375,0.0,0.005365892407971362,0.00535154730062514
2019-11-29,1.29128897190094,1.2943308353424072,1.288195013999939,1.2910722494125366,0.0,-0.0013171186798056622,-0.001317986843013725
2019-12-02,1.29128897190094,1.2943308353424072,1.2898067235946655,1.291122317314148,0.0,0.0,0.0
2019-12-03,1.294062852859497,1.3008129596710205,1.2931424379348757,1.2938451766967771,0.0,0.0021481488798542614,0.00214584490697711
2019-12-04,1.2997816801071167,1.311991572380066,1.2984483242034912,1.2996971607208252,0.0,0.004419280898901201,0.004409544551632711
2019-12-05,1.311131477355957,1.3166556358337402,1.3106160163879397,1.3110507726669312,0.0,0.008732079719653285,0.008694175606210806
2019-12-06,1.3158414363861084,1.316516995429993,1.310186743736267,1.3158587217330933,0.0,0.0035922858321193463,0.003585848984095627
2019-12-09,1.3139568567276,1.3180439472198486,1.3137152194976809,1.314405918121338,0.0,-0.0014322239795732106,-0.0014332505926807312
2019-12-10,1.314578652381897,1.318878412246704,1.313456416130066,1.3145960569381714,0.0,0.00047322379811265414,0.0004731118630432709
2019-12-11,1.3131287097930908,1.318704605102539,1.311320662498474,1.313214898109436,0.0,-0.0011029713484080883,-0.0011035800689478343
2019-12-12,1.32000994682312,1.3229262828826904,1.3116475343704224,1.3200448751449585,0.0,0.005240337050519184,0.0052266542651059995
2019-12-13,1.347527265548706,1.3509862422943115,1.3309553861618042,1.3476543426513672,0.0,0.020846296493304717,0.020631985727795323
2019-12-16,1.335327386856079,1.341705560684204,1.3326226472854614,1.3355236053466797,0.0,-0.009053530124794373,-0.009094762382315871
2019-12-17,1.3272457122802734,1.3304948806762695,1.3104099035263062,1.327175259590149,0.0,-0.006052204616901702,-0.006070593440086189
2019-12-18,1.3122154474258425,1.3125598430633545,1.3062334060668943,1.3122154474258425,0.0,-0.011324402644788512,-0.011389011929905421
2019-12-19,1.3087291717529297,1.3129562139511108,1.2996634244918823,1.3084723949432373,0.0,-0.002656786032927627,-0.002660321552407574
2019-12-20,1.3017443418502808,1.3078391551971436,1.3008298873901367,1.301642656326294,0.0,-0.005337108741370389,-0.005351401985310563
2019-12-23,1.3005423545837402,1.3032541275024414,1.2907055616378784,1.300525426864624,0.0,-0.0009233666150083586,-0.0009237931805656928
2019-12-24,1.2944984436035156,1.2969495058059692,1.292306900024414,1.2944481372833252,0.0,-0.004647223490202301,-0.004658055405201409
2019-12-25,1.2934937477111816,1.2986996173858645,1.2923002243041992,1.2934937477111816,0.0,-0.0007761275398193712,-0.000776428882728847
2019-12-26,1.2973533868789673,1.301574945449829,1.296125888824463,1.2971850633621216,0.0,0.002983886991812179,0.002979444037011395
2019-12-27,1.300220966339111,1.3118194341659546,1.2972187995910645,1.3002886772155762,0.0,0.0022103302686420356,0.0022078910823041292
2019-12-30,1.3091918230056765,1.3152703046798706,1.3087635040283203,1.30914044380188,0.0,0.006899486240268482,0.006875793700220132
2019-12-31,1.3113033771514893,1.3281975984573364,1.3109596967697144,1.3116475343704224,0.0,0.0016128684190563902,0.0016115691436403773
2020-01-01,1.326259970664978,1.3270995616912842,1.3218770027160645,1.3254003524780271,0.0,0.011405898721910335,0.011341341881175934
2020-01-02,1.3250298500061035,1.3267878293991089,1.312508225440979,1.3250473737716677,0.0,-0.0009275109602061571,-0.0009279413646539506
2020-01-03,1.3152703046798706,1.316118597984314,1.305483102798462,1.314388632774353,0.0,-0.007365528652949149,-0.0073927880950686005
2020-01-06,1.308010220527649,1.3173998594284058,1.3065404891967771,1.3081300258636477,0.0,-0.00551984191111865,-0.0055351325323139515
2020-01-07,1.317002534866333,1.3212134838104248,1.3096375465393066,1.3171932697296145,0.0,0.0068748043383457524,0.006851280623417593
2020-01-08,1.31137216091156,1.3169505596160889,1.3082668781280518,1.311131477355957,0.0,-0.0042751428381604395,-0.004284307390477361
2020-01-09,1.3105130195617676,1.312456488609314,1.3015071153640747,1.3105816841125488,0.0,-0.0006551468571631691,-0.0006553615596449535
2020-01-10,1.3070186376571655,1.309569001197815,1.3049379587173462,1.3069332838058472,0.0,-0.0026664228835899806,-0.0026699841210056615
2020-01-13,1.3045634031295776,1.3046314716339111,1.2961931228637695,1.3043761253356934,0.0,-0.0018785000128145324,-0.0018802666066746717
2020-01-14,1.2988194227218628,1.3018969297409058,1.2956725358963013,1.298770546913147,0.0,-0.004402990605083201,-0.004412712315111154
2020-01-15,1.3022528886795044,1.304121017456055,1.2989206314086914,1.3022528886795044,0.0,0.0026435283439527613,0.002640040368589028
2020-01-16,1.304121017456055,1.3081642389297483,1.302897572517395,1.304121017456055,0.0,0.0014345360972436438,0.001433508133319965
2020-01-17,1.3078734874725342,1.3115785121917725,1.3017781972885132,1.3077878952026367,0.0,0.0028773940196127334,0.0028732622453714438
2020-01-20,1.3007283210754397,1.3009653091430664,1.2964787483215332,1.3007115125656128,0.0,-0.005463193852872195,-0.005478171672471782
2020-01-21,1.3005592823028564,1.3084039688110352,1.2995991706848145,1.3007283210754397,0.0,-0.00012995701703755191,-0.00012996546218236904
2020-01-22,1.3048017024993896,1.3149763345718384,1.3037809133529663,1.3046314716339111,0.0,0.0032619967841998054,0.0032566880143503835
2020-01-23,1.3144749402999878,1.3151837587356567,1.3098434209823608,1.3147515058517456,0.0,0.00741356926655512,0.007386223830276398
2020-01-24,1.311991572380066,1.3160665035247805,1.3059945106506348,1.311991572380066,0.0,-0.0018892470626751257,-0.0018910339408312585
2020-01-27,1.3061821460723877,1.3103067874908447,1.3051422834396362,1.306165099143982,0.0,-0.004427944835910358,-0.0044377772192146035
2020-01-28,1.3060115575790403,1.3068478107452393,1.2977573871612549,1.3059945106506348,0.0,-0.0001306008460307817,-0.00013060937506388106
2020-01-29,1.3024563789367676,1.3031013011932373,1.2991230487823486,1.3024003505706787,0.0,-0.002722164763122703,-0.002725876591290355
2020-01-30,1.3022021055221558,1.3109596967697144,1.2980438470840454,1.3022528886795044,0.0,-0.00019522605034905105,-0.00019524510943501225
2020-01-31,1.3089004755020142,1.3196094036102295,1.3086265325546265,1.3086265325546265,0.0,0.005143878935115476,0.005130694383695535
2020-02-03,1.31816565990448,1.3183393478393557,1.3001364469528198,1.3180787563323977,0.0,0.007078601143384988,0.007053665450375502
2020-02-04,1.2997479438781738,1.3042571544647217,1.2943978309631348,1.2997310161590576,0.0,-0.013972231705414617,-0.01407076220548597
2020-02-05,1.3032711744308472,1.3070015907287598,1.295857071876526,1.3031353950500488,0.0,0.0027107029245692082,0.0027070355952618537
2020-02-06,1.2997140884399414,1.3000519275665283,1.2924071550369265,1.2997140884399414,0.0,-0.0027293521568595436,-0.00273308362967307
2020-02-07,1.2930254936218262,1.2955045700073242,1.2900062799453735,1.2930086851119995,0.0,-0.005146204751957151,-0.005159492069405964
2020-02-10,1.2891582250595093,1.2948336601257324,1.2874155044555664,1.2888922691345217,0.0,-0.002990867992466617,-0.0029953495762552003
2020-02-11,1.2918227910995483,1.2968486547470093,1.289607048034668,1.2916558980941772,0.0,0.0020669038045473265,0.002064770697657487
2020-02-12,1.2956557273864746,1.2992074489593506,1.2953367233276367,1.2956557273864746,0.0,0.0029670759126829704,0.0029626828305407637
2020-02-13,1.295756459236145,1.3068649768829346,1.2945318222045898,1.295857071876526,0.0,7.774584524367079e-05,7.774282319207808e-05
2020-02-14,1.3046824932098389,1.306335687637329,1.300390124320984,1.3044782876968384,0.0,0.0068886663925686875,0.006865047934648164
2020-02-17,1.3052955865859983,1.3053126335144043,1.300440788269043,1.305091142654419,0.0,0.00046991768445603377,0.0004698073077182518
2020-02-18,1.3008975982666016,1.3049037456512451,1.2972524166107178,1.3005423545837402,0.0,-0.0033693428251754254,-0.0033750318431412674
2020-02-19,1.300220966339111,1.3021681308746338,1.292808175086975,1.299984335899353,0.0,-0.0005201269710944922,-0.0005202622840495014
2020-02-20,1.2928247451782229,1.2930420637130735,1.285148859024048,1.2928247451782229,0.0,-0.005688434006500431,-0.005704674766167937
2020-02-21,1.2883278131484983,1.2976900339126587,1.2879626750946045,1.2881451845169067,0.0,-0.0034783771323193546,-0.003484440751175498
2020-02-24,1.29537034034729,1.295499563217163,1.2888922691345217,1.295202612876892,0.0,0.005466409346221335,0.005451522756804164
2020-02-25,1.292657732963562,1.3017951250076294,1.2916558980941772,1.2925240993499756,0.0,-0.0020940786578460546,-0.0020962743063346074
2020-02-26,1.3003394603729248,1.3010668754577637,1.2913223505020142,1.3002378940582275,0.0,0.005942584191835243,0.005924996680843811
2020-02-27,1.2906889915466309,1.2945318222045898,1.2862563133239746,1.2907222509384155,0.0,-0.007421499631739437,-0.007449175978487231
2020-02-28,1.2888922691345217,1.2918895483016968,1.2754452228546145,1.2889255285263062,0.0,-0.0013920645669690535,-0.001393034388989426
2020-03-02,1.2807048559188845,1.2851818799972534,1.2741937637329102,1.2805572748184204,0.0,-0.006352286697425047,-0.006372548321239871
2020-03-03,1.2767152786254885,1.2837464809417725,1.275982141494751,1.2766337394714355,0.0,-0.0031151418493947647,-0.003120004003925362
2020-03-04,1.2820841073989868,1.2846039533615112,1.277155518531799,1.2821171283721924,0.0,0.004205188786710945,0.004196371690072871
2020-03-05,1.2874983549118042,1.2945822477340698,1.286173701286316,1.2872166633605957,0.0,0.004223004935145491,0.004214113074595061
2020-03-06,1.295068383216858,1.3049719333648682,1.294999599456787,1.294999599456787,0.0,0.005879641147636505,0.005862423513665828
2020-03-09,1.3099292516708374,1.3199751377105713,1.3036450147628784,1.3096548318862915,0.0,0.011474968153470044,0.011409630066325697
2020-03-10,1.3075313568115234,1.308832049369812,1.2934435606002808,1.3075313568115234,0.0,-0.0018305529525777242,-0.0018322304621264526
2020-03-11,1.2909722328186035,1.2977406978607178,1.2855453491210938,1.2906889915466309,0.0,-0.012664418261677635,-0.012745295574937886
2020-03-12,1.2818212509155271,1.2851818799972534,1.2542959451675415,1.2817555665969849,0.0,-0.007088442082984869,-0.007113684445312661
2020-03-13,1.257023572921753,1.2624987363815308,1.2400639057159424,1.2572765350341797,0.0,-0.019345659916359392,-0.019535236163061864
2020-03-16,1.239987015724182,1.2400332689285278,1.2222847938537598,1.2400332689285278,0.0,-0.01355309284930295,-0.013645774379139759
2020-03-17,1.2266627550125122,1.2270541191101074,1.2009271383285522,1.2269337177276611,0.0,-0.010745484059676236,-0.010803633712796325
2020-03-18,1.2121652364730835,1.213032841682434,1.1746463775634766,1.2116072177886963,0.0,-0.011818666932037702,-0.011889062580958499
2020-03-19,1.1625338792800903,1.1788560152053833,1.1476839780807495,1.161103129386902,0.0,-0.040944382580547,-0.041806210556735314
2020-03-20,1.149438500404358,1.1924351453781128,1.148211121559143,1.1496366262435913,0.0,-0.011264513756658712,-0.011328438902228117
2020-03-23,1.162304162979126,1.171165943145752,1.148026466369629,1.1608604192733765,0.0,0.011192997772601299,0.011130819715397701
2020-03-24,1.1595547199249268,1.1789672374725342,1.1583727598190308,1.1597833633422852,0.0,-0.0023655108032583083,-0.0023683130439644804
2020-03-25,1.1792036294937134,1.1973179578781128,1.1647138595581057,1.1791479587554932,0.0,0.016945219773723874,0.016803251086398654
2020-03-26,1.1851149797439575,1.213916301727295,1.1822566986083984,1.184413194656372,0.0,0.0050130020824157295,0.005000478822790232
2020-03-27,1.2200626134872437,1.237991452217102,1.215347409248352,1.2193337678909302,0.0,0.029488812765523065,0.029062380758886924
2020-03-30,1.245319128036499,1.2467273473739624,1.2319822311401367,1.2448649406433103,0.0,0.020700998678310434,0.020489644851751705
2020-03-31,1.2371643781661987,1.246945023536682,1.2267379760742188,1.2365524768829346,0.0,-0.006548321379402533,-0.006569855696412213
2020-04-01,1.2408487796783447,1.2438429594039917,1.23350191116333,1.2411566972732544,0.0,0.00297810184092695,0.002973676080372684
2020-04-02,1.238236665725708,1.2465564012527466,1.235498309135437,1.238175392150879,0.0,-0.0021051025680290936,-0.0021073214109148353
2020-04-03,1.2394952774047852,1.2394031286239624,1.2207329273223877,1.2391880750656128,0.0,0.0010164548619140401,0.00101593862146468
2020-04-06,1.2220158576965332,1.2327415943145752,1.2212845087051392,1.2219561338424685,0.0,-0.014102046233568366,-0.014202424901386703
2020-04-07,1.2240501642227173,1.238236665725708,1.222045660018921,1.223481059074402,0.0,0.001664713688755759,0.0016633295887968527
2020-04-08,1.2338672876358032,1.2418040037155151,1.2289540767669678,1.2337453365325928,0.0,0.00802019696580003,0.0079882061208661
2020-04-09,1.23931086063385,1.2475205659866333,1.2362467050552368,1.2391726970672607,0.0,0.004411797810506268,0.004402094359852748
2020-04-10,1.2454850673675537,1.2488136291503906,1.2449579238891602,1.2459816932678225,0.0,0.004981967744998039,0.0049695988077792285
2020-04-13,1.2461059093475342,1.253337025642395,1.2455781698226929,1.2459040880203247,0.0,0.0004984740453715109,0.0004983498484554685
2020-04-14,1.2523951530456543,1.2620844841003418,1.2511730194091797,1.2520345449447632,0.0,0.005047118106849435,0.005034424100440703
2020-04-15,1.26262629032135,1.262785792350769,1.244075059890747,1.262403130531311,0.0,0.008169256524839685,0.008136068772417187
2020-04-16,1.252097249031067,1.2526618242263794,1.241434097290039,1.2521913051605225,0.0,-0.00833900051899239,-0.00837396449591415
2020-04-17,1.2487823963165283,1.25231671333313,1.2408641576766968,1.2487823963165283,0.0,-0.002647440298350401,-0.0026509509659746306
2020-04-20,1.248751163482666,1.249156832695007,1.2418195009231567,1.248751163482666,0.0,-2.5010629517541183e-05,-2.501094228855069e-05
2020-04-21,1.2442762851715088,1.244400143623352,1.2263468503952026,1.2442454099655151,0.0,-0.0035834827962659688,-0.0035899188510028165
2020-04-22,1.22986102104187,1.2383134365081787,1.227596402168274,1.2302392721176147,0.0,-0.011585259882737287,-0.011652891869550402
2020-04-23,1.232392191886902,1.2415728569030762,1.23093581199646,1.2322555780410769,0.0,0.002058095021897577,0.002055980045722139
2020-04-24,1.235223650932312,1.237424612045288,1.2299668788909912,1.235315203666687,0.0,0.002297530821803395,0.002294895533530307
2020-04-27,1.2366595268249512,1.2453765869140625,1.2361245155334473,1.236858367919922,0.0,0.0011624420335178964,0.0011617669209127819
2020-04-28,1.2422668933868408,1.251846432685852,1.2405717372894287,1.2422360181808472,0.0,0.004534284853880743,0.004524035953590102
2020-04-29,1.2435646057128906,1.248626470565796,1.2390499114990234,1.2433944940567017,0.0,0.0010446324642137128,0.0010440872154110976
2020-04-30,1.2471472024917605,1.2637752294540403,1.242992639541626,1.2469139099121094,0.0,0.002880909252652941,0.0028767673865786134
2020-05-01,1.2581465244293213,1.25809907913208,1.2504063844680786,1.25809907913208,0.0,0.008819585944293218,0.008780920571590424
2020-05-04,1.2454230785369873,1.2468827962875366,1.240648627281189,1.2456557750701904,0.0,-0.01011284905635712,-0.010164331296550345
2020-05-05,1.244555115699768,1.2480343580245972,1.2422205209732056,1.2448184490203855,0.0,-0.0006969220758610284,-0.0006971650389417211
2020-05-06,1.244420289993286,1.2450199127197266,1.2337758541107178,1.244524002075195,0.0,-0.00010833245131647296,-0.00010833831970030517
2020-05-07,1.232559323310852,1.2414649724960327,1.2269939184188845,1.2327415943145752,0.0,-0.009531318942491596,-0.009577032669522307
2020-05-08,1.237593173980713,1.2463544607162476,1.2357732057571411,1.2374093532562256,0.0,0.0040840636021795,0.0040757464519163315
2020-05-11,1.2417423725128174,1.2437810897827148,1.22857666015625,1.241634488105774,0.0,0.003352635275741367,0.003347027723983775
2020-05-12,1.2333498001098633,1.237623691558838,1.2288635969161987,1.233228087425232,0.0,-0.006758706627664424,-0.006781650122641324
2020-05-13,1.2254902124404907,1.2337453365325928,1.222195029258728,1.2253700494766235,0.0,-0.006372553568073314,-0.006392944963898734
2020-05-14,1.224155068397522,1.2241400480270386,1.2168854475021362,1.2239452600479126,0.0,-0.0010894775245163801,-0.0010900714365629975
2020-05-15,1.22339129447937,1.2238104343414309,1.2116365432739258,1.22339129447937,0.0,-0.0006239192548962436,-0.0006241139735112332
2020-05-18,1.2085760831832886,1.2224340438842771,1.208605170249939,1.208605170249939,0.0,-0.012109953179277877,-0.012183876070303551
2020-05-19,1.2200031280517578,1.2269337177276611,1.2184869050979614,1.220256209373474,0.0,0.009454965249991787,0.009410546829636273
2020-05-20,1.2255953550338743,1.228697419166565,1.2223145961761477,1.2259409427642822,0.0,0.004583780855584196,0.004573307325500232
2020-05-21,1.223690629005432,1.224949836730957,1.218650221824646,1.2235409021377563,0.0,-0.0015541230803618467,-0.001555331982320276
2020-05-22,1.2223445177078247,1.2235409021377563,1.2163379192352295,1.2226134538650513,0.0,-0.0011000421721798492,-0.0011006476626542368
2020-05-25,1.218605637550354,1.2203902006149292,1.2165006399154663,1.2186651229858398,0.0,-0.0030587777040812503,-0.003063465325972162
2020-05-26,1.220137119293213,1.2362773418426514,1.2198543548583984,1.2200478315353394,0.0,0.0012567492679071979,0.0012559602195674317
2020-05-27,1.23350191116333,1.234933853149414,1.2209415435791016,1.23350191116333,0.0,0.010953516337458113,0.010893961075737563
2020-05-28,1.2264822721481323,1.23350191116333,1.2235409021377563,1.2263166904449463,0.0,-0.0056908213531484675,-0.005707075773654631
2020-05-29,1.2321492433547974,1.239218831062317,1.2293318510055542,1.2319670915603638,0.0,0.004620508045941385,0.004609866266334824
2020-06-01,1.23479962348938,1.2485017776489258,1.2345373630523682,1.2345373630523682,0.0,0.0021510220039306915,0.002148711868275273
2020-06-02,1.248704433441162,1.2575452327728271,1.2479565143585205,1.248844861984253,0.0,0.011260782468080821,0.011197851848509625
2020-06-03,1.2581465244293213,1.261304497718811,1.2554926872253418,1.2578933238983154,0.0,0.007561509942059619,0.007533065026772417
2020-06-04,1.2575136423110962,1.2622278928756714,1.250156283378601,1.2574503421783447,0.0,-0.0005030273548720654,-0.0005031539155760506
2020-06-05,1.2609069347381592,1.2729772329330444,1.2584314346313477,1.2602870464324951,0.0,0.002698414007522576,0.002694779824663198
2020-06-08,1.2725722789764404,1.271876335144043,1.2628655433654783,1.2713911533355713,0.0,0.009251550544215004,0.009209017082866505
2020-06-09,1.2735283374786377,1.2754939794540403,1.2626900672912598,1.273236632347107,0.0,0.0007512803146758618,0.0007509982448870639
2020-06-10,1.2711325883865356,1.280032753944397,1.2707449197769165,1.2711325883865356,0.0,-0.0018811902504228817,-0.001882961911037808
2020-06-11,1.2710679769515991,1.2750385999679563,1.2624987363815308,1.2714234590530396,0.0,-5.08298154943132e-05,-5.083110737316229e-05
2020-06-12,1.257703423500061,1.2650861740112305,1.2523324489593506,1.2575610876083374,0.0,-0.010514428570209344,-0.010570095723656855
2020-06-15,1.2508755922317505,1.2578458786010742,1.2456247806549072,1.2512356042861938,0.0,-0.005428808684729058,-0.0054435982172441845
2020-06-16,1.2637752294540403,1.2687134742736816,1.2560290098190308,1.2638230323791504,0.0,0.010312486151620393,0.01025967523058917
2020-06-17,1.258510708808899,1.2587324380874634,1.251423478126526,1.2583839893341064,0.0,-0.004165709631305026,-0.004174410371248737
2020-06-18,1.2552721500396729,1.2563287019729614,1.2404638528823853,1.2551618814468384,0.0,-0.0025733263503900927,-0.0025766430458245915
2020-06-19,1.2426837682724,1.2454850673675537,1.2350863218307495,1.2424829006195068,0.0,-0.010028408394844979,-0.010079031613549087
2020-06-22,1.234811782836914,1.2455006837844849,1.2337301969528198,1.2345526218414309,0.0,-0.006334665050328647,-0.0063548141780334355
2020-06-23,1.250156283378601,1.2531641721725464,1.24337899684906,1.2499375343322754,0.0,0.012426590639128765,0.012350014297616929
2020-06-24,1.2524893283843994,1.2543007135391235,1.2416961193084717,1.252803087234497,0.0,0.0018662026794706854,0.001864463486704882
2020-06-25,1.2412954568862915,1.2464165687561035,1.2393569946289062,1.2415112257003784,0.0,-0.00893729890101902,-0.008977476119859816
2020-06-26,1.2425447702407837,1.2436883449554443,1.2317243814468384,1.2424211502075195,0.0,0.0010064592982770293,0.0010059531576956133
2020-06-29,1.234217405319214,1.2390038967132568,1.2254151105880735,1.234095573425293,0.0,-0.006701863080519788,-0.00672442140994288
2020-06-30,1.2310571670532229,1.2392034530639648,1.2260010242462158,1.231072187423706,0.0,-0.002560519931392391,-0.0025638036691335714
2020-07-01,1.238927125930786,1.247738480567932,1.2360328435897827,1.2388657331466677,0.0,0.0063928459930104875,0.00637249842626398
2020-07-02,1.2464786767959597,1.2529758214950562,1.2461835145950315,1.2468206882476809,0.0,0.006095234099826818,0.006076733300202257
2020-07-03,1.2466403245925903,1.248626470565796,1.244075059890747,1.2466963529586792,0.0,0.000129683563497629,0.00012967515531123614
2020-07-06,1.247551679611206,1.2519874572753906,1.247676134109497,1.2477540969848633,0.0,0.0007310488844596286,0.0007307817983846183
2020-07-07,1.249547004699707,1.2590969800949097,1.2463854551315308,1.24945330619812,0.0,0.001599392731468141,0.0015981150650588966
2020-07-08,1.2542802095413208,1.2600330114364624,1.25101637840271,1.2537927627563477,0.0,0.0037879366072757215,0.003780780441114916
2020-07-09,1.2613521814346311,1.2669453620910645,1.2602235078811646,1.2612725496292114,0.0,0.005638271129141392,0.005622435574030358
2020-07-10,1.2605094909667969,1.26639986038208,1.2569130659103394,1.2606525421142578,0.0,-0.0006680849965913227,-0.0006683082648196319
2020-07-13,1.2627506256103516,1.266640543937683,1.259303092956543,1.2626900672912598,0.0,0.0017779593566056295,0.0017763806578332745
2020-07-14,1.255177617073059,1.2559658288955688,1.24819016456604,1.2549728155136108,0.0,-0.005997232061264679,-0.0060152876828251265
2020-07-15,1.25692880153656,1.2649741172790527,1.2564393281936646,1.2571184635162354,0.0,0.0013951686515765171,0.001394196308077056
2020-07-16,1.2591001987457275,1.262434959411621,1.252097249031067,1.2590335607528689,0.0,0.0017275419311841844,0.0017260514469579554
2020-07-17,1.255950093269348,1.257228970527649,1.2513452768325806,1.2560131549835205,0.0,-0.0025018703670427467,-0.002505005274555893
2020-07-20,1.2571184635162354,1.265934944152832,1.2519091367721558,1.257228970527649,0.0,0.0009302680521692253,0.0009298356210085976
2020-07-21,1.266175389289856,1.275136113166809,1.2652782201766968,1.2664639949798584,0.0,0.007204512570985422,0.007178684050697526
2020-07-22,1.273074507713318,1.2740801572799685,1.26457417011261,1.2734473943710327,0.0,0.005448785754184948,0.005433994825164105
2020-07-23,1.2729934453964231,1.275982141494751,1.2674272060394287,1.2730907201766968,0.0,-6.367444827759527e-05,-6.367647558133575e-05
2020-07-24,1.273074507713318,1.2794759273529053,1.2720056772232056,1.273058295249939,0.0,6.367850297128719e-05,6.367647558148383e-05
2020-07-27,1.2795906066894531,1.2899564504623413,1.2798033952713013,1.2798033952713013,0.0,0.005118395613654458,0.005105341153139485
2020-07-28,1.2889753580093384,1.2948838472366333,1.2841421365737915,1.288875699043274,0.0,0.007334182722836147,0.007307418388074841
2020-07-29,1.292373776435852,1.299376368522644,1.2912722826004028,1.292724609375,0.0,0.0026365270719854728,0.002633057531505093
2020-07-30,1.298246145248413,1.3069844245910645,1.2945654392242432,1.2982629537582395,0.0,0.004543862557128131,0.0045335703793761796
2020-07-31,1.311785101890564,1.3169677257537842,1.3106675148010254,1.3117506504058838,0.0,0.010428651524754029,0.010374648268051236
2020-08-03,1.3101695775985718,1.3111659288406372,1.300593018531799,1.3101009130477903,0.0,-0.0012315464550282096,-0.0012323054315708975
2020-08-04,1.3078734874725342,1.3106331825256348,1.298419713973999,1.307805061340332,0.0,-0.0017525136938731922,-0.0017540511425259211
2020-08-05,1.3086093664169312,1.3162050247192385,1.306045651435852,1.3086949586868286,0.0,0.0005626530023321585,0.0005624947724811936
2020-08-06,1.31268048286438,1.31851327419281,1.3119744062423706,1.3126977682113647,0.0,0.0031110249948738122,0.0031061957699151407
2020-08-07,1.3138015270233154,1.3148033618927002,1.301168441772461,1.313439130783081,0.0,0.0008540114472403992,0.0008536469869518021
2020-08-10,1.3052273988723757,1.3102039098739624,1.3019646406173706,1.3052955865859983,0.0,-0.0065261974313320925,-0.0065475861666479535
2020-08-11,1.3077194690704346,1.3131287097930908,1.3057386875152588,1.3076168298721311,0.0,0.0019092996363789805,0.0019074792405806343
2020-08-12,1.3050740957260132,1.3066771030426023,1.3007283210754397,1.305431842803955,0.0,-0.002022890541120259,-0.0020249393476647975
2020-08-13,1.3048017024993896,1.3121638298034668,1.3045003414154053,1.3049719333648682,0.0,-0.0002087185911632261,-0.0002087403759196832
2020-08-14,1.3070528507232666,1.3141640424728394,1.3050740957260132,1.3070015907287598,0.0,0.0017252799560001364,0.0017237933701424323
2020-08-17,1.3107001781463623,1.312129259109497,1.3074800968170166,1.3104442358016968,0.0,0.0027904972787271554,0.0027866110691553273
2020-08-18,1.310787796974182,1.324047327041626,1.3107191324234009,1.310787796974182,0.0,6.684887152719199e-05,6.684663724095222e-05
2020-08-19,1.325398564338684,1.326735019683838,1.3173668384552002,1.3253107070922852,0.0,0.011146554307439827,0.01108488928287279
2020-08-20,1.311079978942871,1.319365620613098,1.3066089153289795,1.310753345489502,0.0,-0.010803229897081823,-0.010862008501025226
2020-08-21,1.3220343589782717,1.325486421585083,1.3064039945602417,1.3221566677093506,0.0,0.008355234014200352,0.008320522262330664
2020-08-24,1.309414625167847,1.3149243593215942,1.3064552545547483,1.3092775344848633,0.0,-0.009545692761100288,-0.009591544913253
2020-08-25,1.307138204574585,1.3170545101165771,1.305977463722229,1.307206630706787,0.0,-0.0017385024953193717,-0.001740015444547436
2020-08-26,1.3152183294296265,1.3212482929229736,1.3118194341659546,1.3149243593215942,0.0,0.0061815382847532074,0.006162510948847512
2020-08-27,1.3219819068908691,1.327980637550354,1.3166730403900146,1.3218945264816284,0.0,0.005142551095813852,0.005129373338811793
2020-08-28,1.3199577331542969,1.3353630304336548,1.3188261985778809,1.3199700117111206,0.0,-0.0015311659910178799,-0.0015323394236302732
2020-08-31,1.3356484174728394,1.33931565284729,1.3302648067474363,1.335505723953247,0.0,0.011887262693667022,0.011817164159448168
2020-09-01,1.3364516496658323,1.3480722904205322,1.3356484174728394,1.3365052938461304,0.0,0.0006013799608377557,0.000601199204374353
2020-09-02,1.339943766593933,1.3401411771774292,1.3285329341888428,1.3400514125823977,0.0,0.002612976630298691,0.0026095687420608035
2020-09-03,1.335131287574768,1.3349993228912354,1.3246963024139404,1.3349993228912354,0.0,-0.0035915529734491525,-0.0035980180843304607
2020-09-04,1.3262248039245603,1.3318239450454712,1.317800760269165,1.3266997337341309,0.0,-0.006670867302036032,-0.006693216987291178
2020-09-07,1.3245735168457031,1.3259083032608032,1.3143022060394287,1.3248367309570312,0.0,-0.0012451034500113867,-0.0012458792353341834
2020-09-08,1.3162224292755127,1.3166556358337402,1.3012192249298096,1.316257119178772,0.0,-0.006304736931535104,-0.006324695719585934
2020-09-09,1.2968486547470093,1.3017951250076294,1.2887262105941772,1.2967981100082395,0.0,-0.014719225335771968,-0.0148286280086644
2020-09-10,1.2999167442321775,1.3033561706542969,1.284406065940857,1.2998830080032349,0.0,0.002365803807512723,0.002363009699691129
2020-09-11,1.2808295488357544,1.2860082387924194,1.2765848636627195,1.281082272529602,0.0,-0.014683398364637057,-0.014792266475283965
2020-09-14,1.2806557416915894,1.2915056943893433,1.2791976928710938,1.280983805656433,0.0,-0.00013569888696196575,-0.00013570809488894017
2020-09-15,1.2849671840667725,1.2924906015396118,1.2817226648330688,1.28468656539917,0.0,0.0033665896578016774,0.00336093538170405
2020-09-16,1.2884771823883057,1.300576090812683,1.2878299951553345,1.2883278131484983,0.0,0.0027315859619265748,0.002727861961070382
2020-09-17,1.2959998846054075,1.299511432647705,1.2866535186767578,1.2961090803146362,0.0,0.005838444265778842,0.005821466600108075
2020-09-18,1.297555446624756,1.2999167442321775,1.2936609983444214,1.298414707183838,0.0,0.0012002794427887764,0.0011995596833024918
2020-09-21,1.2932761907577517,1.2966132164001465,1.278159499168396,1.2933430671691897,0.0,-0.003297936807352464,-0.0033033869871431764
2020-09-22,1.2820513248443604,1.2865873575210571,1.2714072465896606,1.2816734313964844,0.0,-0.008679403513038086,-0.008717288910100846
2020-09-23,1.2744048833847046,1.2775797843933103,1.2679574489593506,1.2743561267852783,0.0,-0.005964224139454077,-0.00598208116183831
2020-09-24,1.2717468738555908,1.2774492502212524,1.2692770957946775,1.271795392036438,0.0,-0.0020856868674689055,-0.0020878649413705254
2020-09-25,1.2757054567337036,1.28037691116333,1.269132137298584,1.2756567001342771,0.0,0.003112712882958668,0.0031078784218078375
2020-09-28,1.2766826152801514,1.291906237602234,1.2753149271011353,1.2765392065048218,0.0,0.0007659750464261705,0.0007656818372580142
2020-09-29,1.2873492240905762,1.2898732423782349,1.283647537231445,1.287282943725586,0.0,0.008354941692445772,0.00832023236271286
2020-09-30,1.2866535186767578,1.2939623594284058,1.2807868719100952,1.2865046262741089,0.0,-0.0005404170063564306,-0.0005405630842578358
2020-10-01,1.2917560338974,1.2980270385742188,1.2822978496551514,1.2918227910995483,0.0,0.003965725928989583,0.003957883165912314
2020-10-02,1.2886265516281128,1.2951018810272217,1.2839607000350952,1.288560152053833,0.0,-0.002422657364986369,-0.0024255967477115887
2020-10-05,1.2931090593338013,1.298751950263977,1.2901561260223389,1.292808175086975,0.0,0.0034785157111849596,0.0034724796690034456
2020-10-06,1.2992581129074097,1.3008975982666016,1.2923402786254885,1.2992074489593506,0.0,0.004755247462867818,0.004743976988790776
2020-10-07,1.2883278131484983,1.2929251194000244,1.2850332260131836,1.2884771823883057,0.0,-0.008412723884750006,-0.008448310574212801
2020-10-08,1.2917560338974,1.296932816505432,1.2896569967269895,1.2916558980941772,0.0,0.00266098481606436,0.002657450664130159
2020-10-09,1.29404616355896,1.3015071153640747,1.2926744222640991,1.293928861618042,0.0,0.0017728809476897922,0.0017713112492475887
2020-10-12,1.3031693696975708,1.307976007461548,1.3005592823028564,1.3029316663742063,0.0,0.007050139628342,0.007025403587597082
2020-10-13,1.3065747022628784,1.3067454099655151,1.2961931228637695,1.3065917491912842,0.0,0.0026131158731101944,0.0026097076219726736
2020-10-14,1.2935272455215454,1.306267499923706,1.2866700887680054,1.293326497077942,0.0,-0.009986001350505203,-0.01003619590347626
2020-10-15,1.301236271858215,1.3029316663742063,1.2892578840255735,1.30143940448761,0.0,0.005959693824277634,0.0059420050938564705
2020-10-16,1.2902060747146606,1.2961763143539429,1.2873326539993286,1.2903059720993042,0.0,-0.008476705869721046,-0.00851283747044665
2020-10-19,1.292774677276611,1.3022867441177368,1.2924906015396118,1.292774677276611,0.0,0.00199084674323724,0.0019888676341596285
2020-10-20,1.2948671579360962,1.2977911233901978,1.2912722826004028,1.2946995496749878,0.0,0.001618596570821751,0.0016172880551745524
2020-10-21,1.2954038381576538,1.31714129447937,1.2955213785171509,1.295706033706665,0.0,0.00041446739788586484,0.00041438152999938337
2020-10-22,1.3131976127624512,1.3149935007095337,1.307172417640686,1.313111424446106,0.0,0.01373608297324802,0.01364259809011827
2020-10-23,1.307805061340332,1.3114409446716309,1.3022699356079102,1.3078391551971436,0.0,-0.004106427981372396,-0.004114882509968452
2020-10-26,1.3054660558700562,1.307257890701294,1.299545168876648,1.3053637742996216,0.0,-0.0017884970317202376,-0.0017900983020661422
2020-10-27,1.301574945449829,1.3077878952026367,1.3002548217773438,1.3017274141311646,0.0,-0.00298062933366261,-0.0029850802558414073
2020-10-28,1.303186297416687,1.3063528537750244,1.2918394804000854,1.3031693696975708,0.0,0.0012380016782675973,0.001237235986076892
2020-10-29,1.2989881038665771,1.3025243282318115,1.2883609533309937,1.29878568649292,0.0,-0.0032214838035298232,-0.0032266839536141995
2020-10-30,1.2931926250457764,1.298751950263977,1.2900062799453735,1.2932093143463137,0.0,-0.0044615334070804424,-0.004471515749352681
2020-11-02,1.2926744222640991,1.294247031211853,1.2856775522232056,1.2927078008651731,0.0,-0.000400715849782185,-0.00040079615783284074
2020-11-03,1.2923903465270996,1.3077024221420288,1.291605830192566,1.2924004793167114,0.0,-0.0002197581479966848,-0.000219782298356714
2020-11-04,1.3121638298034668,1.3137669563293457,1.291789412498474,1.313266634941101,0.0,0.015299931115627885,0.015184067478714296
2020-11-05,1.2966804504394531,1.3132493495941162,1.2942638397216797,1.2961090803146362,0.0,-0.011799882767941194,-0.011870053938579041
2020-11-06,1.3139395713806152,1.3175925016403198,1.3095518350601196,1.3138360977172852,0.0,0.013310234557259548,0.01322243164540456
2020-11-09,1.318061351776123,1.3205852508544922,1.3121638298034668,1.3179224729537964,0.0,0.003136963438262974,0.003132053434112342
2020-11-10,1.3169677257537842,1.3276333808898926,1.3158761262893677,1.316759705543518,0.0,-0.0008297231542865324,-0.0008300675650664896
2020-11-11,1.3261544704437256,1.329451322555542,1.3194352388381958,1.3261544704437256,0.0,0.006975679441713956,0.0069514619469716885
2020-11-12,1.3224189281463623,1.322873830795288,1.3125598430633545,1.3224014043807983,0.0,-0.002816822912125261,-0.002820797623577967
2020-11-13,1.3121638298034668,1.318687081336975,1.311131477355957,1.3123877048492432,0.0,-0.007754803054180526,-0.007785027899264961
2020-11-16,1.3220518827438354,1.3241876363754272,1.316863775253296,1.3219819068908691,0.0,0.007535684733704029,0.00750743330198491
2020-11-17,1.322209119796753,1.3271400928497314,1.319383144378662,1.3223140239715576,0.0,0.0001189341015808143,0.00011892702948129186
2020-11-18,1.3259083032608032,1.3311147689819336,1.3245033025741575,1.3259258270263672,0.0,0.002797729503347446,0.0027938231424251485
2020-11-19,1.325644612312317,1.3263497352600098,1.3199577331542969,1.3244857788085938,0.0,-0.00019887570493215545,-0.00019889548332749992
2020-11-20,1.3249244689941406,1.3295574188232422,1.324959635734558,1.3250473737716677,0.0,-0.0005432401048424129,-0.0005433877132084444
2020-11-23,1.3305126428604126,1.3397642374038696,1.326664686203003,1.3303357362747192,0.0,0.004217730140129827,0.00420886044759586
2020-11-24,1.332906723022461,1.3379716873168943,1.3295927047729492,1.332356333732605,0.0,0.0017993667139466485,0.001797749792992952
2020-11-25,1.3363267183303833,1.3393514156341553,1.3307074308395386,1.3362374305725098,0.0,0.0025658174340716933,0.002562531344323214
2020-11-26,1.3385447263717651,1.3398700952529907,1.3323030471801758,1.3384730815887451,0.0,0.0016597797611597187,0.001658403848995655
2020-11-27,1.3354523181915283,1.338114857673645,1.3295927047729492,1.335220456123352,0.0,-0.002310276316742188,-0.0023129491224787536
2020-11-30,1.333191156387329,1.3381328582763672,1.3306366205215454,1.333066701889038,0.0,-0.0016931804852915455,-0.0016946155354641637
2020-12-01,1.3336889743804932,1.3438512086868286,1.331912636756897,1.3337246179580688,0.0,0.00037340331187984965,0.0003733336142128749
2020-12-02,1.3422638177871704,1.3441402912139893,1.329168677330017,1.342227816581726,0.0,0.006429417631393708,0.0064088370926710094
2020-12-03,1.3370771408081057,1.350001335144043,1.3354344367980957,1.337095022201538,0.0,-0.0038641263441157037,-0.0038716113685927124
2020-12-04,1.345496654510498,1.3537662029266355,1.341813564300537,1.3452612161636353,0.0,0.006296954338254279,0.006277211358368092
2020-12-07,1.3417415618896484,1.343652606010437,1.3227407932281494,1.3415615558624268,0.0,-0.0027908598719004196,-0.002794761582421781
2020-12-08,1.3357375860214231,1.3384909629821775,1.329168677330017,1.3357020616531372,0.0,-0.004474763276893334,-0.004484804997497834
2020-12-09,1.3365589380264282,1.3476543426513672,1.3362730741500854,1.3366482257843018,0.0,0.0006149052131201316,0.0006147162363741263
2020-12-10,1.3367018699645996,1.3389569520950315,1.3249948024749756,1.3366659879684448,0.0,0.00010694024341528774,0.00010693452571508808
2020-12-11,1.3305658102035522,1.3324999809265137,1.3136979341506958,1.3302295207977295,0.0,-0.004590447502860084,-0.004601015962039019
2020-12-14,1.3318239450454712,1.3443751335144043,1.3293275833129885,1.3318239450454712,0.0,0.000945563783670611,0.0009451170198430661
2020-12-15,1.3330844640731812,1.3448632955551147,1.3285152912139893,1.332539200782776,0.0,0.0009464607033078387,0.0009460130917852655
2020-12-16,1.3444474935531616,1.3550136089324951,1.3435442447662354,1.344760179519653,0.0,0.008523863105613927,0.008487740110983383
2020-12-17,1.3502929210662842,1.3621937036514282,1.3496733903884888,1.3502929210662842,0.0,0.004347828785543628,0.004338404285503073
2020-12-18,1.3570178747177124,1.3572388887405396,1.347472906112671,1.35694420337677,0.0,0.004980366516413204,0.004968005515648782
2020-12-21,1.3401951789855957,1.3411837816238403,1.3192263841629028,1.3402670621871948,0.0,-0.012396812190566098,-0.012474293681739333
2020-12-22,1.3449536561965942,1.3456594944000244,1.3309553861618042,1.3448271751403809,0.0,0.0035505852323691744,0.003544296785338539
2020-12-23,1.339943766593933,1.3561345338821411,1.3372917175292969,1.3397462368011477,0.0,-0.0037249533317219585,-0.003731908246911915
2020-12-24,1.350530028343201,1.3620266914367676,1.350712537765503,1.35111403465271,0.0,0.007900526882689718,0.007869481131500024
2020-12-25,1.3552008867263794,1.3612998723983765,1.3515340089797974,1.3569625616073608,0.0,0.003458537229941161,0.0034525702441261874
2020-12-28,1.3572388887405396,1.3577731847763062,1.3435983657836914,1.357367753982544,0.0,0.0015038375742826293,0.0015027079429372784
2020-12-29,1.3466018438339231,1.3520638942718506,1.3461849689483645,1.3465656042099,0.0,-0.007837267996709918,-0.007868140792913328
2020-12-30,1.3499903678894043,1.361748456954956,1.3494548797607422,1.3497644662857056,0.0,0.0025163518607946855,0.002513191148649898
2020-12-31,1.36306631565094,1.3684569597244265,1.3609329462051392,1.3629920482635498,0.0,0.009685956339065438,0.009639348185313382
2021-01-01,1.3673007488250732,1.3690004348754885,1.3666000366210938,1.3690004348754885,0.0,0.003106549641431977,0.0031017342862770525
2021-01-04,1.3684196472167969,1.3703792095184326,1.3549033403396606,1.3682698011398315,0.0,0.0008183264674470614,0.000817991820897707
2021-01-05,1.3571596145629885,1.3625833988189695,1.3555645942687988,1.3572940826416016,0.0,-0.00822849385180191,-0.008262534772955396
2021-01-06,1.3629549741744995,1.3669792413711548,1.354297757148743,1.36263906955719,0.0,0.004270212250146566,0.004261120766337156
2021-01-07,1.3625277280807495,1.3633822202682495,1.354132890701294,1.362230896949768,0.0,-0.00031347043874929703,-0.0003135195808772865
2021-01-08,1.3569625616073608,1.3631778955459597,1.3540412187576294,1.356815218925476,0.0,-0.004084442730004301,-0.004092806849157679
2021-01-11,1.3516253232955933,1.3529785871505735,1.3454241752624512,1.352100491523743,0.0,-0.0039332244402126015,-0.003940979910143252
2021-01-12,1.3524113893508911,1.3635681867599487,1.3507671356201172,1.3525760173797607,0.0,0.0005815709736638475,0.0005814019268037992
2021-01-13,1.3670539855957031,1.3699944019317627,1.3622493743896484,1.3668895959854126,0.0,0.010827028195791844,0.010768835584572546
2021-01-14,1.364926815032959,1.3693190813064575,1.3617299795150757,1.3647218942642212,0.0,-0.0015560252814867948,-0.0015572371461162542
2021-01-15,1.3683634996414185,1.3697879314422607,1.3574045896530151,1.3683634996414185,0.0,0.002517852657452968,0.0025146881771344
2021-01-18,1.357533574104309,1.358991026878357,1.352100491523743,1.3574230670928955,0.0,-0.007914509222109012,-0.007945995190917874
2021-01-19,1.3581236600875854,1.3627877235412598,1.3582526445388794,1.3582526445388794,0.0,0.0004346750566854851,0.00043458061285029466
2021-01-20,1.3644241094589231,1.3714599609375,1.362416386604309,1.364498496055603,0.0,0.004639083727420834,0.004628356342536061
2021-01-21,1.3668484687805176,1.374532699584961,1.3660643100738523,1.3666616678237915,0.0,0.0017768370587909477,0.0017752603512495066
2021-01-22,1.3729474544525146,1.3737396001815796,1.363716959953308,1.373041749000549,0.0,0.0044620788707021575,0.004452153311576942
2021-01-25,1.3688204288482666,1.3722879886627195,1.3651131391525269,1.368719220161438,0.0,-0.0030059603452877726,-0.003010487318296867
2021-01-26,1.3678992986679075,1.374419331550598,1.36104416847229,1.3675587177276611,0.0,-0.0006729371953735352,-0.0006731637192379174
2021-01-27,1.374154806137085,1.3759889602661133,1.3662322759628296,1.3741737604141235,0.0,0.004573076011713084,0.004562651269618259
2021-01-28,1.3669419288635254,1.3732680082321167,1.3631592988967896,1.367353081703186,0.0,-0.005248955387956444,-0.005262779550449554
2021-01-29,1.3725008964538574,1.375118613243103,1.365877628326416,1.3726459741592407,0.0,0.004066718177965223,0.004058471430167883
2021-02-01,1.3697690963745115,1.3756861686706543,1.3658030033111572,1.3698067665100098,0.0,-0.001990381271447017,-0.001992364712556238
2021-02-02,1.3678767681121826,1.3709522485733032,1.3613591194152832,1.3675587177276611,0.0,-0.0013814943462642226,-0.0013824494893631444
2021-02-03,1.3659336566925049,1.3682323694229126,1.3621008396148682,1.36621356010437,0.0,-0.0014205310485384537,-0.0014215409592880715
2021-02-04,1.364908218383789,1.3698630332946775,1.3571467399597168,1.3650386333465576,0.0,-0.0007507233632406685,-0.0007510052971364654
2021-02-05,1.3676148653030396,1.374003767967224,1.3667550086975098,1.3672783374786377,0.0,0.0019830248530963157,0.0019810612547932816
2021-02-08,1.373871684074402,1.374986171722412,1.368251085281372,1.3739283084869385,0.0,0.004574985933613718,0.00456455249525395
2021-02-09,1.374570369720459,1.3798813819885254,1.3743815422058103,1.374570369720459,0.0,0.0005085523299999117,0.0005084230610885515
2021-02-10,1.3817994594573977,1.386599063873291,1.3804528713226318,1.3816543817520142,0.0,0.005259163078285223,0.0052453819770655235
2021-02-11,1.3832597732543943,1.3856172561645508,1.3810819387435913,1.3832405805587769,0.0,0.00105682035624044,0.0010562623147395637
2021-02-12,1.381024718284607,1.3856749534606934,1.377695083618164,1.3811010122299194,0.0,-0.0016157883088936398,-0.0016170951026810057
2021-02-15,1.3871549367904663,1.3919705152511597,1.3866894245147705,1.3871549367904663,0.0,0.0044388912267072644,0.004429068406605446
2021-02-16,1.3914785385131836,1.395147681236267,1.3870587348937988,1.3913624286651611,0.0,0.0031168845008193724,0.0031120370862659334
2021-02-17,1.388811707496643,1.390259861946106,1.383145093917847,1.3886381387710571,0.0,-0.0019165448425745302,-0.0019183837646013216
2021-02-18,1.3866355419158936,1.398444890975952,1.384063959121704,1.3865971565246582,0.0,-0.0015669262931776728,-0.0015681552060935397
2021-02-19,1.3967455625534058,1.4035087823867798,1.395206093788147,1.3968042135238647,0.0,0.007291043920267137,0.007264592752810179
2021-02-22,1.403114914894104,1.4075981378555298,1.3981516361236572,1.402760624885559,0.0,0.004560137874398906,0.004549771947107502
2021-02-23,1.4071228504180908,1.4114724397659302,1.4057382345199585,1.4070239067077637,0.0,0.002856455648388101,0.002852383731276606
2021-02-24,1.412030577659607,1.4217066764831543,1.4087086915969849,1.412090301513672,0.0,0.0034877745323074194,0.0034817063522492335
2021-02-25,1.4148274660110474,1.4182183742523191,1.4100593328475952,1.4145472049713137,0.0,0.001980756221353408,0.001978797110336846
2021-02-26,1.40081524848938,1.4020133018493652,1.3890818357467651,1.4005405902862549,0.0,-0.009903834819642854,-0.00995320402513492
2021-03-01,1.397252917289734,1.3999720811843872,1.3905692100524902,1.3976240158081057,0.0,-0.0025430414206923935,-0.002546280443003305
2021-03-02,1.392951726913452,1.39621901512146,1.3859821557998655,1.3928741216659546,0.0,-0.0030783191239458496,-0.0030830668941984798
2021-03-03,1.3954981565475464,1.4003249406814575,1.3922922611236572,1.39547860622406,0.0,0.0018280817525075932,0.0018264128446844117
2021-03-04,1.3926994800567627,1.4011095762252808,1.391788363456726,1.3923697471618652,0.0,-0.0020055035383977904,-0.002007517253411217
2021-03-05,1.3894098997116089,1.3905304670333862,1.3781697750091553,1.389506459236145,0.0,-0.002362017357125601,-0.0023648113205838235
2021-03-08,1.385367751121521,1.3859994411468506,1.3802813291549685,1.3848114013671875,0.0,-0.0029092556422167792,-0.002913495752118607
2021-03-09,1.3823610544204712,1.3921177387237549,1.380338430404663,1.3824374675750732,0.0,-0.002170323871488855,-0.002172682437528465
2021-03-10,1.389043211936951,1.393417477607727,1.384677171707153,1.388709545135498,0.0,0.004833872811384365,0.0048222271621853625
2021-03-11,1.3931456804275513,1.3980538845062256,1.3921760320663452,1.3931301832199097,0.0,0.0029534491478344638,0.0029490962854324472
2021-03-12,1.3989927768707275,1.400403380393982,1.3867894411087036,1.398640513420105,0.0,0.004197045955295797,0.004188262924533444
2021-03-15,1.392951726913452,1.3948947191238403,1.3854252099990845,1.3930875062942505,0.0,-0.004318142350090093,-0.004327492453193593
2021-03-16,1.3899120092391968,1.3901245594024658,1.3811391592025757,1.39002788066864,0.0,-0.0021822132206912315,-0.002184597717580176
2021-03-17,1.3902212381362915,1.3926994800567627,1.386885643005371,1.3902791738510132,0.0,0.00022248091608623177,0.00022245617087737694
2021-03-18,1.3975849151611328,1.400050401687622,1.389834761619568,1.3973115682601929,0.0,0.005296766315203927,0.0052827877874419915
2021-03-19,1.3925055265426636,1.3956539630889893,1.3832789659500122,1.392311692237854,0.0,-0.003634404295129068,-0.003641024788319625
2021-03-22,1.3832597732543943,1.387520670890808,1.3818835020065308,1.3834894895553589,0.0,-0.006639652850229494,-0.006661793403358475
2021-03-23,1.3862512111663818,1.3863087892532349,1.375591516494751,1.386020541191101,0.0,0.002162600235926515,0.002160265181955807
2021-03-24,1.373041749000549,1.3742493391036987,1.3674839735031128,1.3736263513565063,0.0,-0.009528909377628847,-0.00957459992028157
2021-03-25,1.3688879013061523,1.3739094734191897,1.3670727014541626,1.3690191507339478,0.0,-0.0030252887047464982,-0.0030298741411346093
2021-03-26,1.374910593032837,1.380986571311951,1.374343752861023,1.374778389930725,0.0,0.004399696805660991,0.004390046435119287
2021-03-29,1.3791011571884155,1.3846579790115356,1.375723958015442,1.3789299726486206,0.0,0.0030478812053771343,0.003043245831779755
2021-03-30,1.3775053024291992,1.3783597946166992,1.3708207607269287,1.377467393875122,0.0,-0.0011571701980657156,-0.0011578402364482024
2021-03-31,1.3746649026870728,1.381024718284607,1.3718174695968628,1.3747594356536863,0.0,-0.002061988245792956,-0.002064117070466892
2021-04-01,1.3786258697509766,1.3837000131607056,1.3749295473098757,1.378872990608215,0.0,0.002881405538296189,0.0028772622464526753
2021-04-02,1.383508563041687,1.3854252099990845,1.3814444541931152,1.383508563041687,0.0,0.00354171018972127,0.003535453103692005
2021-04-05,1.383125901222229,1.3913817405700684,1.381425380706787,1.3829728364944458,0.0,-0.00027658796604534963,-0.00027662622355137
2021-04-06,1.3914011716842651,1.3919821977615356,1.381940841674805,1.3913236856460571,0.0,0.005983020385001536,0.005965193190177707
2021-04-07,1.383125901222229,1.3839681148529053,1.3730227947235107,1.383068561553955,0.0,-0.005947436749689561,-0.005965193190177631
2021-04-08,1.3743815422058103,1.3783597946166992,1.372043251991272,1.3740227222442627,0.0,-0.006322171400804155,-0.006342240959926155
2021-04-09,1.373437762260437,1.3753266334533691,1.36718487739563,1.3736263513565063,0.0,-0.0006866942813118504,-0.0006869301638221392
2021-04-12,1.3712154626846311,1.3777141571044922,1.3670539855957031,1.3708583116531372,0.0,-0.0016180562649947827,-0.0016193667318299481
2021-04-13,1.3753834962844849,1.376900315284729,1.3702759742736816,1.375421166419983,0.0,0.003039663505320478,0.003035053068629045
2021-04-14,1.3759700059890747,1.38089120388031,1.3750618696212769,1.3762730360031128,0.0,0.00042643357737981447,0.00042634268042194786
2021-04-15,1.3779228925704956,1.38089120388031,1.3762730360031128,1.377790093421936,0.0,0.0014192799064809414,0.0014182736807192874
2021-04-16,1.3785498142242432,1.382762432098389,1.3718926906585691,1.3784737586975098,0.0,0.00045497586049836336,0.000454872390364631
2021-04-19,1.3818453550338743,1.39918851852417,1.381043791770935,1.381940841674805,0.0,0.0023905852190664323,0.002387732316055508
2021-04-20,1.3993842601776123,1.4009525775909424,1.3935922384262085,1.3992079496383667,0.0,0.012692379129000342,0.012612506028093504
2021-04-21,1.3938837051391602,1.3948947191238403,1.3886960744857788,1.393728256225586,0.0,-0.003930696660654154,-0.003938442152220765
2021-04-22,1.3931845426559448,1.3950893878936768,1.3828580379486084,1.3932796716690063,0.0,-0.0005015931247618344,-0.0005017189646752882
2021-04-23,1.3840255737304688,1.3896608352661133,1.3837192058563232,1.3844088315963743,0.0,-0.0065741247085727705,-0.0065958294451426095
2021-04-26,1.3866355419158936,1.3929322957992554,1.3866740465164185,1.3867125511169434,0.0,0.0018857803171872245,0.0018840044657115584
2021-04-27,1.3895643949508667,1.392350435256958,1.3859437704086304,1.3894678354263306,0.0,0.002112201040892492,0.0021099734804261175
2021-04-28,1.390356421470642,1.392195463180542,1.3862512111663818,1.3903005123138428,0.0,0.0005699818753657215,0.0005698194973953357
2021-04-29,1.395673394203186,1.3975849151611328,1.393301010131836,1.395673394203186,0.0,0.003824179649503101,0.0038168860632496267
2021-04-30,1.3952839374542236,1.395868182182312,1.381024718284607,1.3950504064559937,0.0,-0.00027904576427406624,-0.00027908470478763795
2021-05-03,1.3819791078567505,1.3931069374084473,1.380548119544983,1.381921648979187,0.0,-0.009535571391833364,-0.009581326049567322
2021-05-04,1.3903758525848389,1.390627145767212,1.384063959121704,1.390395164489746,0.0,0.006075883984317576,0.006057500228684699
2021-05-05,1.388811707496643,1.392641305923462,1.3877902030944824,1.3888696432113647,0.0,-0.0011249800442720836,-0.0011256133093069918
2021-05-06,1.3909753561019895,1.3938252925872805,1.3866548538208008,1.391246318817139,0.0,0.0015579135700449775,0.0015567012816295003
2021-05-07,1.389854073524475,1.4000699520111084,1.389197587966919,1.3896416425704956,0.0,-0.00080611246820117,-0.0008064375515711107
2021-05-10,1.4041197299957275,1.41576886177063,1.401581048965454,1.4037491083145142,0.0,0.010264139770498781,0.01021182118683691
2021-05-11,1.413127899169922,1.4157888889312744,1.4106560945510864,1.4132277965545654,0.0,0.0064155278084596645,0.006395035907472187
2021-05-12,1.4138271808624268,1.4150274991989136,1.4078360795974731,1.4137272834777832,0.0,0.0004948467105598819,0.0004947243143029981
2021-05-13,1.4063708782196045,1.4079351425170898,1.4007956981658936,1.4060347080230713,0.0,-0.005273843043726134,-0.005287798842705197
2021-05-14,1.4050863981246948,1.4110342264175415,1.4037057161331177,1.4046916961669922,0.0,-0.0009133295596505109,-0.0009137468992245063
2021-05-17,1.4101786613464355,1.41282856464386,1.407855749130249,1.4099997282028198,0.0,0.00362416377280228,0.0036176123155409116
2021-05-18,1.4148674011230469,1.4220503568649292,1.4146872758865356,1.414847493171692,0.0,0.003324926057336919,0.003319410712720838
2021-05-19,1.41880202293396,1.4202003479003906,1.413407564163208,1.4190032482147217,0.0,0.0027809120542250376,0.00277705247208161
2021-05-20,1.4106162786483765,1.418138027191162,1.4103178977966309,1.4107954502105713,0.0,-0.0057694760461759476,-0.005786183767289991
2021-05-21,1.4185603857040403,1.423345685005188,1.4154281616210938,1.4186811447143557,0.0,0.005631657011129665,0.005615858517495866
2021-05-24,1.4142870903015137,1.4171332120895386,1.411851167678833,1.414027214050293,0.0,-0.0030124169866803108,-0.0030169634475842788
2021-05-25,1.415608525276184,1.4210398197174072,1.4117714166641235,1.4156886339187622,0.0,0.000934347052824025,0.0009339108223224401
2021-05-26,1.4143872261047363,1.417635440826416,1.411930799484253,1.4143270254135132,0.0,-0.0008627379318795203,-0.0008631103044377644
2021-05-27,1.4116119146347046,1.4194867610931396,1.4092248678207395,1.4113130569458008,0.0,-0.0019622006044801577,-0.0019641282421068366
2021-05-28,1.4203739166259766,1.420656442642212,1.413707256317139,1.420353651046753,0.0,0.006207089852694692,0.0061879052167196245
2021-05-31,1.4180374145507812,1.4216864109039309,1.4165911674499512,1.4182385206222534,0.0,-0.0016449908350510967,-0.00164634531808672
2021-06-01,1.422677516937256,1.4247246980667114,1.4155683517456057,1.4227584600448608,0.0,0.003272200252871782,0.003266858255841539
2021-06-02,1.4157087802886963,1.4184397459030151,1.4115123748779297,1.4156686067581177,0.0,-0.004898324859706871,-0.00491036097353879
2021-06-03,1.4171934127807615,1.4201923608779907,1.4093042612075806,1.4172135591506958,0.0,0.0010486849504192097,0.001048135464481461
2021-06-04,1.4109944105148315,1.420051097869873,1.4085994958877563,1.4110342264175415,0.0,-0.0043741399092213085,-0.004383734447986352
2021-06-07,1.4164307117462158,1.418399453163147,1.4112334251403809,1.4161899089813232,0.0,0.003852815568135881,0.0038454124832892384
2021-06-08,1.41765558719635,1.4186408519744873,1.4123696088790894,1.4176493883132937,0.0,0.0008647619964581299,0.0008643883052233384
2021-06-09,1.414987564086914,1.4188421964645386,1.4115720987319946,1.4148274660110474,0.0,-0.0018819966806694621,-0.0018837698615187337
2021-06-10,1.4112334251403809,1.4170527458190918,1.407558560371399,1.411113977432251,0.0,-0.002653125046336191,-0.0026566508201852856
2021-06-11,1.4170126914978027,1.4186408519744873,1.410636305809021,1.4171130657196045,0.0,0.004095188120170068,0.004086825660090742
2021-06-14,1.411930799484253,1.4124293327331543,1.4071624279022217,1.412030577659607,0.0,-0.0035863419177835087,-0.0035927882590968923
2021-06-15,1.4109944105148315,1.4128483533859253,1.4036861658096311,1.4110342264175415,0.0,-0.0006631974950638275,-0.000663417507802533
2021-06-16,1.4081531763076782,1.4132277965545654,1.4076972007751465,1.4083118438720703,0.0,-0.002013639590617955,-0.002015669688533229
2021-06-17,1.3990709781646729,1.4009525775909424,1.391207575798035,1.39834725856781,0.0,-0.006449723152150089,-0.006470612485239705
2021-06-18,1.3938642740249634,1.3945056200027466,1.379710078239441,1.3939030170440674,0.0,-0.00372154395378832,-0.0037284861275771043
2021-06-21,1.381711721420288,1.3919821977615356,1.378720760345459,1.3816543817520142,0.0,-0.008718605413124747,-0.008756834820241425
2021-06-22,1.392540454864502,1.393048644065857,1.386328101158142,1.392311692237854,0.0,0.007837187219547292,0.007806635987788971
2021-06-23,1.3949919939041138,1.4001679420471191,1.3924860954284668,1.394875168800354,0.0,0.0017604795832306674,0.00175893175539579
2021-06-24,1.3967455625534058,1.3986600637435913,1.3891589641571045,1.3968236446380615,0.0,0.001257045672630852,0.0012562562522084083
2021-06-25,1.3916915655136108,1.393728256225586,1.3892168998718262,1.391788363456726,0.0,-0.003618409233071551,-0.003624971510546663
2021-06-28,1.389506459236145,1.3939224481582642,1.3876746892929075,1.3896995782852173,0.0,-0.0015701081558681107,-0.0015713420674308802
2021-06-29,1.387905836105347,1.388117790222168,1.3815971612930298,1.3879250288009644,0.0,-0.0011519364448856484,-0.0011526004336363828
2021-06-30,1.3842746019363403,1.3871549367904663,1.3805290460586548,1.3841787576675415,0.0,-0.0026163404422279157,-0.002619769042445362
2021-07-01,1.3829153776168823,1.383317232131958,1.376386642456055,1.382762432098389,0.0,-0.0009819036754389332,-0.0009823860586479355
2021-07-02,1.3759511709213257,1.3797670602798462,1.373871684074402,1.3759700059890747,0.0,-0.005035887812280815,-0.0050486106270618
2021-07-05,1.383125901222229,1.3863856792449951,1.381921648979187,1.3829345703125,0.0,0.00521437857136986,0.00520083077458014
2021-07-06,1.3856172561645508,1.389854073524475,1.378986954689026,1.3853293657302856,0.0,0.0018012495754147206,0.0017996292708217817
2021-07-07,1.3805670738220217,1.3840504884719849,1.3757429122924805,1.380090832710266,0.0,-0.0036447166921896867,-0.0036513748550744034
2021-07-08,1.3801099061965942,1.3802813291549685,1.3742493391036987,1.3799575567245483,0.0,-0.0003311448129512673,-0.00033119965350194967
2021-07-09,1.3790820837020874,1.3877323865890503,1.376045823097229,1.3793102502822876,0.0,-0.0007447395963843251,-0.0007450170526812162
2021-07-12,1.3899506330490112,1.3910139799118042,1.3840447664260864,1.389854073524475,0.0,0.007881002498232537,0.007850109603213635
2021-07-13,1.3886960744857788,1.390627145767212,1.380167007446289,1.388966083526611,0.0,-0.0009025921737093601,-0.0009029997552971375
2021-07-14,1.3806052207946775,1.3891011476516724,1.380243182182312,1.3804336786270142,0.0,-0.00582622349105244,-0.005843262144035297
2021-07-15,1.385809302330017,1.389757513999939,1.3814061880111694,1.3857133388519287,0.0,0.0037694204374687512,0.0037623339745743514
2021-07-16,1.3829728364944458,1.3861935138702393,1.377429485321045,1.3829728364944458,0.0,-0.0020467937621736487,-0.002048891307176158
2021-07-19,1.376386642456055,1.3762919902801514,1.3665682077407837,1.3762162923812866,0.0,-0.004762345191887896,-0.004773721290059223
2021-07-20,1.3669979572296145,1.3688691854476929,1.357367753982544,1.366867184638977,0.0,-0.006821255697226913,-0.00684462680269573
2021-07-21,1.3633265495300293,1.3694878816604614,1.359194278717041,1.3634566068649292,0.0,-0.0026857448324397737,-0.0026893579157554574
2021-07-22,1.3714035749435425,1.3787587881088257,1.3693002462387085,1.371260643005371,0.0,0.005924497998148315,0.00590701716932685
2021-07-23,1.377389669418335,1.3780938386917114,1.372118592262268,1.3774104118347168,0.0,0.004364940112569604,0.0043554413923421725
2021-07-26,1.3757808208465576,1.3832980394363403,1.3737962245941162,1.375723958015442,0.0,-0.0011680417005427435,-0.0011687243929103936
2021-07-27,1.3829153776168823,1.389274835586548,1.3768035173416138,1.3825522661209106,0.0,0.005185823688059976,0.005172423611389734
2021-07-28,1.3882719278335571,1.3896608352661133,1.384638786315918,1.3886767625808716,0.0,0.003873375264584533,0.0038658930613115266
2021-07-29,1.3906852006912231,1.3982102870941162,1.3899892568588257,1.3908206224441528,0.0,0.0017383286438932277,0.0017368194993291708
2021-07-30,1.3964334726333618,1.3984057903289795,1.3897188901901243,1.3964334726333618,0.0,0.004133409875420879,0.004124890803962885
2021-08-02,1.3896223306655884,1.3933398723602295,1.3885031938552856,1.3896608352661133,0.0,-0.004877527000931248,-0.004889460957029771
2021-08-03,1.389274835586548,1.3940001726150513,1.3885996341705322,1.3891011476516724,0.0,-0.0002500644033791577,-0.0002500956746954137
2021-08-04,1.391788363456726,1.3956929445266724,1.390143871307373,1.3915947675704956,0.0,0.0018092373127285288,0.0018076026143095736
2021-08-05,1.389043211936951,1.3947584629058838,1.387597680091858,1.3890239000320437,0.0,-0.001972391486991021,-0.0019743392126197017
2021-08-06,1.3927576541900637,1.3933204412460327,1.3862512111663818,1.3927770853042605,0.0,0.002674101295907949,0.0026705322482849614
2021-08-09,1.3868471384048462,1.3893519639968872,1.3846579790115356,1.386770248413086,0.0,-0.004243750351998421,-0.004252780617707815
2021-08-10,1.384907364845276,1.3870587348937988,1.383374571800232,1.3848496675491333,0.0,-0.0013986931261950053,-0.001399672210491113
2021-08-11,1.3836042881011963,1.3872126340866089,1.3805290460586548,1.3837000131607056,0.0,-0.0009409125672642515,-0.0009413555033584242
2021-08-12,1.386693239212036,1.3878093957901,1.3823610544204712,1.3868471384048462,0.0,0.00223253941708923,0.0022300510039302167
2021-08-13,1.3811582326889038,1.386212706565857,1.3793102502822876,1.3811582326889038,0.0,-0.0039915147536719875,-0.003999502110205547
2021-08-16,1.3863856792449951,1.387424349784851,1.3829728364944458,1.3866355419158936,0.0,0.003784828148121866,0.003777683707379104
2021-08-17,1.3842746019363403,1.3842746019363403,1.3736640214920044,1.3842746019363403,0.0,-0.0015227200772908178,-0.0015238805937518008
2021-08-18,1.3740416765213013,1.3770312070846558,1.3733999729156494,1.374003767967224,0.0,-0.007392265523563868,-0.007419723720895923
2021-08-19,1.3743815422058103,1.374967336654663,1.365411400794983,1.3744381666183472,0.0,0.0002473474351734062,0.000247316849839928
2021-08-20,1.36308491230011,1.364256501197815,1.3603591918945312,1.3631778955459597,0.0,-0.008219427836297699,-0.00825339358064348
2021-08-23,1.3625277280807495,1.372005581855774,1.36284339427948,1.36284339427948,0.0,-0.00040876706530368345,-0.000408850633334537
2021-08-24,1.37247633934021,1.3747594356536863,1.3695815801620483,1.372457504272461,0.0,0.007301584440761344,0.007275056923428016
2021-08-25,1.3725517988204956,1.3742871284484863,1.3699193000793457,1.372777819633484,0.0,5.4980532722348485e-05,5.497902134825645e-05
2021-08-26,1.3766520023345947,1.376955270767212,1.3710650205612185,1.3764625787734983,0.0,0.0029872850828818187,0.0029828320129872696
2021-08-27,1.3702384233474731,1.3780938386917114,1.3681013584136963,1.3696004152297974,0.0,-0.0046588237087115125,-0.004669709852127337
2021-08-30,1.3762996196746826,1.3776761293411257,1.3736263513565063,1.3765193223953247,0.0,0.004423461073586044,0.004413706325571018
2021-08-31,1.376045823097229,1.3804336786270142,1.374419331550598,1.376064658164978,0.0,-0.00018440503348648996,-0.00018442203818521102
2021-09-01,1.3753398656845093,1.379824161529541,1.373173713684082,1.3753701448440552,0.0,-0.0005130333604230763,-0.0005131650070655349
2021-09-02,1.3771638870239258,1.3835850954055786,1.376822590827942,1.3774104118347168,0.0,0.0013262331623817847,0.0013253544919767043
2021-09-03,1.383680820465088,1.387462854385376,1.3819791078567505,1.3837957382202148,0.0,0.004732140816765984,0.0047209794360441185
2021-09-06,1.3859245777130127,1.386001467704773,1.381940841674805,1.3859302997589111,0.0,0.0016215858561734464,0.0016202725054445903
2021-09-07,1.3839489221572876,1.3856940269470217,1.3770121335983276,1.3840255737304688,0.0,-0.0014255144814483423,-0.0014265314938422505
2021-09-08,1.3779798746109009,1.379120111465454,1.37285315990448,1.3779798746109009,0.0,-0.004313054803411598,-0.004322382855542738
2021-09-09,1.3767657279968262,1.3854061365127563,1.375400424003601,1.3766520023345947,0.0,-0.0008811062022350269,-0.0008814946044706744
2021-09-10,1.3839681148529053,1.3888888359069824,1.3834320306777954,1.3838915824890137,0.0,0.005231381570311555,0.005217745430303955
2021-09-13,1.3840830326080322,1.3852334022521973,1.3797861337661743,1.3840255737304688,0.0,8.303497305583996e-05,8.303152584328958e-05
2021-09-14,1.3838149309158323,1.3913236856460571,1.383125901222229,1.3841214179992676,0.0,-0.0001937034743463295,-0.00019372223728732012
2021-09-15,1.381024718284607,1.385195016860962,1.3793102502822876,1.3808530569076538,0.0,-0.002016319212120865,-0.002018354720319883
2021-09-16,1.3848881721496582,1.38504159450531,1.3764625787734983,1.384696364402771,0.0,0.0027975269478521803,0.002793621152023931
2021-09-17,1.3797005414962769,1.3814061880111694,1.3743627071380615,1.3799384832382202,0.0,-0.003745884149858103,-0.0037529175435692943
2021-09-20,1.3729662895202637,1.3729851245880127,1.3647406101226809,1.3728721141815186,0.0,-0.004880951897511032,-0.004892902646436283
2021-09-21,1.366269588470459,1.3693565130233765,1.3642191886901855,1.3660643100738523,0.0,-0.004877542224394071,-0.004889476255109508
2021-09-22,1.3657469749450684,1.3678019046783447,1.3617855310440063,1.3659336566925049,0.0,-0.00038251127727706447,-0.000382584453376737
2021-09-23,1.3617113828659058,1.374948501586914,1.3612850904464722,1.3620080947875977,0.0,-0.0029548607122669157,-0.002959234932113418
2021-09-24,1.3722503185272217,1.373769760131836,1.3659522533416748,1.3721938133239746,0.0,0.007739478272653644,0.00770968214957183
2021-09-27,1.3669044971466064,1.3728721141815186,1.3659336566925049,1.3669419288635254,0.0,-0.003895660513566268,-0.0039032683638136447
2021-09-28,1.3701633214950562,1.3717796802520752,1.352539300918579,1.370099425315857,0.0,0.00238409073585788,0.0023812533004469523
2021-09-29,1.354224443435669,1.3554543256759644,1.3424079418182373,1.3541511297225952,0.0,-0.011632830779614967,-0.011701021505563514
2021-09-30,1.3426424264907837,1.3517167568206787,1.3417415618896484,1.342624306678772,0.0,-0.008552509150921539,-0.00858929172969405
2021-10-01,1.346982717514038,1.3573493957519531,1.3436344861984253,1.3469645977020264,0.0,0.0032326484979314785,0.003227434722955436
2021-10-04,1.3570915460586548,1.363977313041687,1.353363037109375,1.3570915460586548,0.0,0.007504794540551529,0.0074767736765603676
2021-10-05,1.3607479333877563,1.3650014400482178,1.3585848808288574,1.3607664108276367,0.0,0.0026942820030975145,0.002690658931599922
2021-10-06,1.3627691268920898,1.36314058303833,1.3544628620147705,1.3625648021697998,0.0,0.001485354821962881,0.0014842527736428684
2021-10-07,1.3592127561569214,1.363735556602478,1.357183575630188,1.3592681884765625,0.0,-0.002609664883793661,-0.002613075995060442
2021-10-08,1.3620266914367676,1.3653740882873535,1.3584926128387451,1.361952543258667,0.0,0.0020702684455393694,0.0020681283929676023
2021-10-11,1.361655831336975,1.3674278259277344,1.3612850904464722,1.3618227243423462,0.0,-0.00027228548612456827,-0.000272322562547946
2021-10-12,1.3590649366378784,1.363735556602478,1.3570362329483032,1.3592866659164429,0.0,-0.00190275298608511,-0.001904565520116103
2021-10-13,1.3578838109970093,1.3647592067718506,1.3576995134353638,1.357717990875244,0.0,-0.0008690722636043313,-0.0008694501258462731
2021-10-14,1.366923213005066,1.373437762260437,1.3658963441848757,1.3670727014541626,0.0,0.006656977522561114,0.006634917694759887
2021-10-15,1.3668859004974363,1.377353549003601,1.366867184638977,1.366867184638977,0.0,-2.729671079881868e-05,-2.7297083360808724e-05
2021-10-18,1.376159429550171,1.3764055967330933,1.3710838556289673,1.376007914543152,0.0,0.006784420740136188,0.006761510122883433
2021-10-19,1.373645305633545,1.3832004070281982,1.3738150596618652,1.3738150596618652,0.0,-0.0018269132650188258,-0.0018285841063560263
2021-10-20,1.3793197870254517,1.3823610544204712,1.3743247985839844,1.379481554031372,0.0,0.004130965518270857,0.004122456505789822
2021-10-21,1.3822999000549316,1.383399486541748,1.378720760345459,1.3823610544204712,0.0,0.0021605671560085415,0.0021582364872312736
2021-10-22,1.379120111465454,1.381425380706787,1.374306082725525,1.379120111465454,0.0,-0.0023003608618876736,-0.0023030107565243756
2021-10-25,1.3762730360031128,1.379177212715149,1.374343752861023,1.3766520023345947,0.0,-0.002064414432558781,-0.002066548273293646
2021-10-26,1.37644362449646,1.3829537630081177,1.3758186101913452,1.3766140937805176,0.0,0.00012394960075834405,0.00012394191964128768
2021-10-27,1.3766140937805176,1.3780368566513062,1.3710838556289673,1.3768415451049805,0.0,0.0001238476324230131,0.0001238399639381273
2021-10-28,1.3732868432998655,1.3815207481384275,1.3723068237304688,1.373249053955078,0.0,-0.002416981269975693,-0.002419906884259402
2021-10-29,1.380071759223938,1.3804528713226318,1.3681762218475342,1.380071759223938,0.0,0.004940640010625108,0.00492847510060833
2021-11-01,1.36832594871521,1.36924409866333,1.364237904548645,1.3686443567276,0.0,-0.008511014322424182,-0.00854743983076071
2021-11-02,1.365541934967041,1.3667176961898804,1.3610812425613403,1.3659336566925049,0.0,-0.002034612988800699,-0.002036685625627521
2021-11-03,1.3617392778396606,1.3664562702178955,1.361136794090271,1.361748456954956,0.0,-0.0027847238008638087,-0.0027886083574748767
2021-11-04,1.3694878816604614,1.3694690465927124,1.347320318222046,1.3693565130233765,0.0,0.005690225689233053,0.0056740975081056725
2021-11-05,1.3508602380752563,1.3509862422943115,1.342588186264038,1.3509496450424194,0.0,-0.01360190464965605,-0.01369525804389921
2021-11-08,1.349127173423767,1.3579760789871216,1.345188856124878,1.3489633798599243,0.0,-0.0012829340909157327,-0.0012837577554034175
2021-11-09,1.3564507961273191,1.360544204711914,1.352630853652954,1.35637366771698,0.0,0.00542841538427119,0.005413734642291753
2021-11-10,1.3560001850128174,1.3566679954528809,1.3468376398086548,1.35609769821167,0.0,-0.00033219864353961626,-0.00033225383373207754
2021-11-11,1.3412736654281616,1.343273639678955,1.3370234966278076,1.3412736654281616,0.0,-0.010860263698648787,-0.010919666843170897
2021-11-12,1.3366482257843018,1.3422818183898926,1.33539879322052,1.3367197513580322,0.0,-0.0034485428015790243,-0.0034545027312996098
2021-11-15,1.341705560684204,1.3449536561965942,1.3403927087783811,1.341687560081482,0.0,0.0037835945182471686,0.003776454728221264
2021-11-16,1.3408420085906982,1.3473457098007202,1.3410937786102295,1.3410937786102295,0.0,-0.0006436226537404055,-0.0006438298677171196
2021-11-17,1.3424620628356934,1.349017858505249,1.3402670621871948,1.342426061630249,0.0,0.0012082364921559563,0.001207507161855345
2021-11-18,1.34916353225708,1.3513896465301514,1.3465402126312256,1.3489633798599243,0.0,0.0049919246188836475,0.004979506273665742
2021-11-19,1.3499648571014404,1.3509862422943115,1.3408420085906982,1.349837303161621,0.0,0.0005939419686358249,0.0005937656549147295
2021-11-22,1.3434540033340454,1.3449898958206177,1.3392258882522583,1.343360185623169,0.0,-0.0048229801932583305,-0.004834648294027303
2021-11-23,1.3397642374038696,1.3408420085906982,1.3344186544418335,1.3397642374038696,0.0,-0.00274647730478228,-0.0027502557935165746
2021-11-24,1.337595820426941,1.3389748334884644,1.332480549812317,1.3375779390335083,0.0,-0.0016185063882064865,-0.001619817584648349
2021-11-25,1.333066701889038,1.3353006839752195,1.330654263496399,1.3331022262573242,0.0,-0.0033860142718278308,-0.003391759791426144
2021-11-26,1.331416130065918,1.3348461389541626,1.328056573867798,1.3313452005386353,0.0,-0.0012381764699254116,-0.0012389436437405118
2021-11-29,1.334098219871521,1.336308836936951,1.32902729511261,1.3339558839797974,0.0,0.0020144639568624445,0.002012437645177261
2021-11-30,1.3315047025680542,1.3369340896606443,1.3206201791763306,1.3316643238067627,0.0,-0.0019440227599708537,-0.0019459148247588348
2021-12-01,1.3295927047729492,1.3351134061813354,1.3277214765548706,1.3295927047729492,0.0,-0.001435967737415722,-0.0014369997271414501
2021-12-02,1.3280000686645508,1.3332622051239014,1.3272457122802734,1.3279330730438232,0.0,-0.001197837580396821,-0.0011985555612382174
2021-12-03,1.3299994468688965,1.3308136463165283,1.321143627166748,1.3300702571868896,0.0,0.0015055557989211987,0.001504423586053336
2021-12-06,1.3237318992614746,1.3285505771636963,1.322383999824524,1.323293924331665,0.0,-0.004712443769940622,-0.004723582340116759
2021-12-07,1.326435923576355,1.3289742469787598,1.3210563659667969,1.3264182806015017,0.0,0.002042728075366984,0.002040644543282551
2021-12-08,1.3246086835861206,1.326259970664978,1.3174710273742676,1.3248542547225952,0.0,-0.0013775561697000338,-0.0013785058724798522
2021-12-09,1.3210039138793943,1.3217023611068726,1.317627191543579,1.3210039138793943,0.0,-0.002721384625810508,-0.002725094324825091
2021-12-10,1.3224014043807983,1.3271048069000244,1.319087266921997,1.3224889039993286,0.0,0.001057900348909735,0.0010573411666735975
2021-12-13,1.3257148265838623,1.3268758058547974,1.3222440481185913,1.3258028030395508,0.0,0.0025056100153004746,0.002502476208166889
2021-12-14,1.3213530778884888,1.325556755065918,1.319087266921997,1.3213355541229248,0.0,-0.003290110820147518,-0.0032955351357527285
2021-12-15,1.323050618171692,1.328285813331604,1.3208119869232178,1.3231364488601685,0.0,0.001284698474321333,0.0012838739553330124
2021-12-16,1.3263126611709597,1.337327480316162,1.324310302734375,1.326400637626648,0.0,0.0024655466347731636,0.002462512161402664
2021-12-17,1.3323739767074585,1.3340448141098022,1.3257676362991333,1.3324273824691772,0.0,0.004570050270912285,0.004559639298234817
2021-12-20,1.3229438066482544,1.3243454694747925,1.317401647567749,1.3229963779449463,0.0,-0.00707772008764973,-0.007102885963454821
2021-12-21,1.3210004568099976,1.326119303703308,1.3199751377105713,1.32098650932312,0.0,-0.0014689587180428676,-0.0014700386956584498
2021-12-22,1.3269639015197754,1.3362374305725098,1.3241350650787354,1.3269991874694824,0.0,0.004514339627238684,0.004504180558952388
2021-12-23,1.3352025747299194,1.3437248468399048,1.334507703781128,1.3352025747299194,0.0,0.006208664154848664,0.006189469806095193
2021-12-24,1.3406623601913452,1.342570185661316,1.3394052982330322,1.3409138917922974,0.0,0.004089106450779756,0.004080768776360726
2021-12-27,1.3404303789138794,1.3440697193145752,1.3392258882522583,1.340520262718201,0.0,-0.00017303482543706838,-0.00017304979768964772
2021-12-28,1.344266653060913,1.3462574481964111,1.3418315649032593,1.3444474935531616,0.0,0.0028619719512341657,0.002857884306801238
2021-12-29,1.3433277606964111,1.3499284982681274,1.3409138917922974,1.3433998823165894,0.0,-0.0006984420556472859,-0.0006986860799309984
2021-12-30,1.349879264831543,1.352155327796936,1.345532774925232,1.3497644662857056,0.0,0.004877070456531962,0.004865216075888552
2021-12-31,1.349837303161621,1.3548483848571775,1.3467469215393066,1.349892020225525,0.0,-3.108549854424769e-05,-3.1085981708370525e-05
2022-01-03,1.3522284030914309,1.353179931640625,1.343273639678955,1.3522284030914309,0.0,0.0017713986153806704,0.0017698315391915223
2022-01-04,1.3483266830444336,1.3556748628616333,1.3460761308670044,1.3482794761657717,0.0,-0.0028854001573086485,-0.002889570949210376
2022-01-05,1.353143334388733,1.3573309183120728,1.3522651195526123,1.353051781654358,0.0,0.0035723177512319015,0.0035659521795660385
2022-01-06,1.3555645942687988,1.3557482957839966,1.3491089344024658,1.355546236038208,0.0,0.0017893594998639184,0.0017877605033229868
2022-01-07,1.353363037109375,1.3583449125289917,1.3529419898986816,1.3533997535705566,0.0,-0.0016240887145708705,-0.0016254089763223774
2022-01-10,1.3592311143875122,1.3601926565170288,1.353417992591858,1.3590834140777588,0.0,0.004335922525762648,0.004326549497736361
2022-01-11,1.3580313920974731,1.362416386604309,1.3562816381454468,1.3581697940826416,0.0,-0.0008826477538219635,-0.0008830375167164
2022-01-12,1.3633265495300293,1.3699380159378052,1.362212300300598,1.3634008169174194,0.0,0.0038991421430825124,0.003891560190705909
2022-01-13,1.3709993362426758,1.374948501586914,1.37055766582489,1.3706891536712646,0.0,0.005627988918202709,0.0056122109596736984
2022-01-14,1.3713659048080444,1.374192714691162,1.3667699098587036,1.371290683746338,0.0,0.0002673732624651759,0.0002673375246045256
2022-01-17,1.367353081703186,1.3688992261886597,1.3638657331466677,1.367353081703186,0.0,-0.002926150556018192,-0.0029304401045099084
2022-01-18,1.364800214767456,1.366120219230652,1.3576257228851318,1.364800214767456,0.0,-0.001867013699599851,-0.0018687587420274452
2022-01-19,1.3600261211395264,1.36481511592865,1.3589357137680054,1.3600815534591677,0.0,-0.003498016468837628,-0.0035041488333636414
2022-01-20,1.360858917236328,1.3661575317382812,1.3601555824279783,1.360951542854309,0.0,0.0006123383101670488,0.0006121509075626265
2022-01-21,1.359767198562622,1.3603591918945312,1.3547565937042236,1.3600261211395264,0.0,-0.0008022276665702321,-0.0008025496233846962
2022-01-24,1.3555830717086792,1.3566679954528809,1.3443028926849363,1.3554911613464355,0.0,-0.0030770905919527136,-0.0030818345694735515
2022-01-25,1.3489269018173218,1.3500559329986572,1.343706727027893,1.348981499671936,0.0,-0.00491018959315237,-0.0049222841814630545
2022-01-26,1.3510775566101074,1.3524478673934937,1.3494184017181396,1.351040959358215,0.0,0.0015943449492246131,0.0015930753306102627
2022-01-27,1.3468012809753418,1.34678316116333,1.3360588550567627,1.34678316116333,0.0,-0.0031650852416607034,-0.003170104718133072
2022-01-28,1.3388315439224243,1.3432012796401978,1.3365589380264282,1.338849425315857,0.0,-0.005917530051015252,-0.005935108011679027
2022-01-31,1.3403388261795044,1.3454241752624512,1.3395309448242188,1.3402130603790283,0.0,0.0011258191995269229,0.0011251859403375829
2022-02-01,1.3445378541946411,1.3514060974121094,1.3435803651809692,1.344266653060913,0.0,0.0031328108483625883,0.0031279138214305247
2022-02-02,1.352539300918579,1.3584926128387451,1.3517167568206787,1.3523930311203003,0.0,0.005951075828006802,0.005933438117228204
2022-02-03,1.3565024137496948,1.3625463247299194,1.3539128303527832,1.3564472198486328,0.0,0.002930127670540905,0.002925843213754578
2022-02-04,1.359841227531433,1.361655831336975,1.3508037328720093,1.359619379043579,0.0,0.0024613400963358067,0.0024583159600696353
2022-02-07,1.3533447980880735,1.3550318479537964,1.3491816520690918,1.353363037109375,0.0,-0.0047773440838772,-0.004788792067314893
2022-02-08,1.353780746459961,1.3566679954528809,1.3509862422943115,1.3538395166397097,0.0,0.000322126609939577,0.0003220747383023522
2022-02-09,1.3547565937042236,1.3588248491287231,1.3538211584091189,1.3548115491867063,0.0,0.0007208310849555755,0.0007205714110089318
2022-02-10,1.3533265590667725,1.3643310070037842,1.352539300918579,1.3533997535705566,0.0,-0.0010555657334290203,-0.0010561232352922533
2022-02-11,1.3551788330078125,1.360877513885498,1.3515340089797974,1.354976773262024,0.0,0.0013686821769887114,0.0013677463853081862
2022-02-14,1.3569625616073608,1.3572204113006592,1.349582314491272,1.3570178747177124,0.0,0.0013162311542229688,0.001315365681355621
2022-02-15,1.3532898426055908,1.3566864728927612,1.349017858505249,1.3533265590667725,0.0,-0.0027065735678216685,-0.0027102429605437603
2022-02-16,1.3541145324707031,1.358991026878357,1.3539128303527832,1.3541145324707031,0.0,0.0006093963311839534,0.0006092107246411925
2022-02-17,1.3584926128387451,1.3636425733566284,1.3558034896850586,1.3582342863082886,0.0,0.0032331684381627923,0.0032279529876843194
2022-02-18,1.3618782758712769,1.3640704154968262,1.357441544532776,1.361544489860535,0.0,0.002492220421763669,0.002489119990685012
2022-02-21,1.359342098236084,1.3638285398483276,1.3587141036987305,1.3591794967651367,0.0,-0.0018622645504572377,-0.0018640007208924568
2022-02-22,1.3596007823944092,1.360544204711914,1.3540045022964478,1.3595268726348877,0.0,0.00019030099829975278,0.0001902828933616646
2022-02-23,1.3589357137680054,1.361952543258667,1.354921817779541,1.3590834140777588,0.0,-0.0004891646393675453,-0.0004892843194201737
2022-02-24,1.3545730113983154,1.3547382354736328,1.3275980949401855,1.3544628620147705,0.0,-0.003210381716728272,-0.0032155460480571734
2022-02-25,1.337327480316162,1.3439054489135742,1.3368983268737793,1.3372201919555664,0.0,-0.012731341121547168,-0.012813079142417973
2022-02-28,1.337327480316162,1.343111276626587,1.3342584371566772,1.337005615234375,0.0,0.0,0.0
2022-03-01,1.3422818183898926,1.3437248468399048,1.3312033414840698,1.3422818183898926,0.0,0.0037046558503075477,0.0036978105140239312
2022-03-02,1.3335111141204834,1.337095022201538,1.327404260635376,1.3333333730697632,0.0,-0.006534174976704943,-0.006555616149302798
2022-03-03,1.33969247341156,1.341795563697815,1.3320368528366089,1.3397282361984253,0.0,0.004635401404324613,0.004624691016445998
2022-03-04,1.3350956439971924,1.335131287574768,1.320533037185669,1.335131287574768,0.0,-0.0034312571770009903,-0.003437157440656043
2022-03-07,1.3212482929229736,1.3225939273834229,1.3103927373886108,1.3212482929229736,0.0,-0.0103718045493435,-0.010425966544728904
2022-03-08,1.311229586601257,1.3142850399017334,1.3083696365356443,1.3114066123962402,0.0,-0.007582758195700201,-0.007611653469888823
2022-03-09,1.3099292516708374,1.318235158920288,1.3099292516708374,1.3102554082870483,0.0,-0.0009916912672709444,-0.0009921833183911659
2022-03-10,1.3185653686523438,1.3194701671600342,1.3107362985610962,1.3188437223434448,0.0,0.006592811764826845,0.006571174230737265
2022-03-11,1.3103240728378296,1.312490940093994,1.3052444458007812,1.3103067874908447,0.0,-0.006250198898320236,-0.006269813162868494
2022-03-14,1.3050298690795898,1.3078734874725342,1.3010499477386477,1.304955005645752,0.0,-0.004040377390589933,-0.004048561768073609
2022-03-15,1.3011853694915771,1.308866262435913,1.3001364469528198,1.30108380317688,0.0,-0.0029459092692829536,-0.002950257000775528
2022-03-16,1.304648518562317,1.3114409446716309,1.3036619424819946,1.3045003414154053,0.0,0.0026615339765869717,0.002657998367073167
2022-03-17,1.3141123056411743,1.3211086988449097,1.3089518547058103,1.314077615737915,0.0,0.00725389784620778,0.007227714872060598
2022-03-18,1.3160406351089478,1.31816565990448,1.3112002611160278,1.3160492181777954,0.0,0.0014674008145998396,0.0014663252341010622
2022-03-21,1.316083908081055,1.32098650932312,1.3128355741500854,1.3160665035247805,0.0,3.288118235311721e-05,3.288064177889052e-05
2022-03-22,1.3168290853500366,1.3272457122802734,1.3120949268341064,1.3167943954467771,0.0,0.0005662080239763334,0.0005660477886946076
2022-03-23,1.3266470432281494,1.3298933506011963,1.317627191543579,1.3269639015197754,0.0,0.007455757157355691,0.0074281003830170295
2022-03-24,1.3206027746200562,1.3214752674102783,1.3157894611358645,1.3206549882888794,0.0,-0.004556048753846076,-0.004566459176265727
2022-03-25,1.3195745944976809,1.322558879852295,1.3161704540252686,1.319591999053955,0.0,-0.0007785688036821004,-0.0007788720457799083
2022-03-28,1.317627191543579,1.3178876638412476,1.3068649768829346,1.3176966905593872,0.0,-0.0014757808783391058,-0.0014768709155088767
2022-03-29,1.3103584051132202,1.3159279823303225,1.3052273988723757,1.3099979162216189,0.0,-0.005516572879650128,-0.005531845361555436
2022-03-30,1.3093804121017456,1.318061351776123,1.3091576099395752,1.3092947006225586,0.0,-0.0007463553541217083,-0.000746634015941476
2022-03-31,1.3138878345489502,1.3170892000198364,1.3109596967697144,1.313680648803711,0.0,0.0034424086427027323,0.0034364971167783276
2022-04-01,1.314699649810791,1.3146132230758667,1.308866262435913,1.314578652381897,0.0,0.0006178725767100879,0.0006176817720408323
2022-04-04,1.3103755712509155,1.313628911972046,1.3095176219940186,1.3105130195617676,0.0,-0.0032890238926417403,-0.0032944446209249713
2022-04-05,1.3114582300186155,1.3166903257369995,1.3100494146347046,1.3113033771514893,0.0,0.0008262202008744168,0.0008258790688514311
2022-04-06,1.3077365159988403,1.3106846809387207,1.304665446281433,1.3076339960098269,0.0,-0.00283784411473198,-0.002841878428652141
2022-04-07,1.307206630706787,1.3106675148010254,1.305500030517578,1.307172417640686,0.0,-0.00040519270171823774,-0.0004052748144627396
2022-04-08,1.3069332838058472,1.3078734874725342,1.298482060432434,1.3068649768829346,0.0,-0.00020910764566128837,-0.0002091295117133176
2022-04-11,1.303220272064209,1.3057557344436646,1.2989881038665771,1.3029484748840332,0.0,-0.0028410109281368223,-0.002845054259598779
2022-04-12,1.3024225234985352,1.3053637742996216,1.2996971607208252,1.3023545742034912,0.0,-0.000612136399942731,-0.0006123238319219928
2022-04-13,1.3002548217773438,1.3071553707122805,1.29743754863739,1.300349473953247,0.0,-0.0016643613589917283,-0.0016657479470943977
2022-04-14,1.312026023864746,1.3147515058517456,1.3038150072097778,1.3122154474258425,0.0,0.009052996297534976,0.009012263577424266
2022-04-15,1.3070015907287598,1.3076680898666382,1.3052785396575928,1.306165099143982,0.0,-0.0038295224672344474,-0.003836873862622217
2022-04-18,1.3057557344436646,1.30577290058136,1.3007960319519043,1.30577290058136,0.0,-0.0009532171146023893,-0.0009536717149476872
2022-04-19,1.3009822368621826,1.3039849996566772,1.2983304262161257,1.3007622957229614,0.0,-0.003655735491382539,-0.0036624340227296966
2022-04-20,1.301371693611145,1.3066771030426023,1.2997984886169434,1.301574945449829,0.0,0.0002993559311783578,0.00029931113313174296
2022-04-21,1.3068820238113403,1.308832049369812,1.3024225234985352,1.3068137168884275,0.0,0.00423424777659398,0.00422530857445788
2022-04-22,1.302626132965088,1.303373098373413,1.2840760946273804,1.302405595779419,0.0,-0.0032565226001355363,-0.0032618366097894253
2022-04-25,1.2830876111984253,1.2829724550247192,1.269905686378479,1.2829065322875977,0.0,-0.014999331943531868,-0.015112959580361284
2022-04-26,1.2739989757537842,1.2772371768951416,1.261304497718811,1.2737231254577637,0.0,-0.007083409866417645,-0.007108616316358829
2022-04-27,1.2583998441696167,1.2600805759429932,1.2503907680511477,1.258447289466858,0.0,-0.012244226157982596,-0.012319804258956735
2022-04-28,1.2541857957839966,1.2566760778427124,1.2414032220840454,1.2539657354354858,0.0,-0.003348735622580201,-0.003354355186845794
2022-04-29,1.2463854551315308,1.258352279663086,1.2467273473739624,1.2468050718307495,0.0,-0.006219445857772454,-0.006238867179609323
2022-05-02,1.2573871612548828,1.2596362829208374,1.2505314350128174,1.257379174232483,0.0,0.00882688904789175,0.00878815980174207
2022-05-03,1.249828219413757,1.2566444873809814,1.2493799924850464,1.2501094341278076,0.0,-0.0060116263900625855,-0.006029768963447881
2022-05-04,1.2500405311584473,1.2537612915039062,1.246742844581604,1.2499375343322754,0.0,0.0001698727404233491,0.0001698583136831631
2022-05-05,1.261813759803772,1.2631685733795166,1.2327568531036377,1.2618932723999023,0.0,0.0094182775293008,0.009374202080577617
2022-05-06,1.2364147901535034,1.2380222082138062,1.2277697324752808,1.236644268035889,0.0,-0.020128936978955125,-0.020334284319266076
2022-05-09,1.2326656579971311,1.240494728088379,1.2262115478515625,1.2328935861587524,0.0,-0.0030322608450088495,-0.003036867462592614
2022-05-10,1.2338824272155762,1.237470626831055,1.2293771505355835,1.2334866523742676,0.0,0.000987104013607354,0.0009866171468062884
2022-05-11,1.2309207916259766,1.239802598953247,1.228199481964111,1.230754017829895,0.0,-0.0024002575320591912,-0.002403142767966765
2022-05-12,1.2234212160110474,1.224814772605896,1.2171372175216677,1.223466157913208,0.0,-0.006092654918130602,-0.006111290873627571
2022-05-13,1.220613718032837,1.2245148420333862,1.2157167196273804,1.2204350233078003,0.0,-0.002294792620455177,-0.002297429692168209
2022-05-16,1.2258507013320925,1.2297248840332031,1.2218962907791138,1.2261513471603394,0.0,0.00429045096076397,0.004281273217780405
2022-05-17,1.2324832677841189,1.2498124837875366,1.2322099208831787,1.2327111959457395,0.0,0.005410582581401702,0.00539599796333536
2022-05-18,1.2484394311904907,1.2500624656677246,1.237424612045288,1.2490476369857788,0.0,0.012946352963524976,0.012863265289191461
2022-05-19,1.2345831394195557,1.2522697448730469,1.2340651750564575,1.234766125679016,0.0,-0.01109888988184382,-0.011160942128041366
2022-05-20,1.2462146282196045,1.2498750686645508,1.243966817855835,1.2465564012527466,0.0,0.00942138964048822,0.009377285149766351
2022-05-23,1.2504063844680786,1.2601124048233032,1.2501249313354492,1.250687837600708,0.0,0.0033635909525975283,0.0033579467335707576
2022-05-24,1.256754994392395,1.2596838474273682,1.2472715377807615,1.2567708492279053,0.0,0.005077237291152503,0.00506439158401896
2022-05-25,1.2542959451675415,1.2557923793792725,1.2484238147735596,1.2541544437408447,0.0,-0.0019566655679315037,-0.001958582338731602
2022-05-26,1.258610486984253,1.262116312980652,1.2553036212921145,1.2587007284164429,0.0,0.0034398116595482087,0.0034339090394828555
2022-05-27,1.261734127998352,1.2666244506835938,1.2587165832519531,1.2618615627288818,0.0,0.002481817088290539,0.0024787424663095413
2022-05-30,1.262833595275879,1.26603102684021,1.261765956878662,1.2625147104263306,0.0,0.0008713937850528541,0.0008710143419021427
2022-05-31,1.264702081680298,1.2648460865020752,1.2562499046325684,1.2645262479782104,0.0,0.001479598271228344,0.0014785047442271138
2022-06-01,1.2608909606933594,1.2616863250732422,1.246012806892395,1.2609704732894895,0.0,-0.003013453557279777,-0.0030180031507420616
2022-06-02,1.2483147382736206,1.256960391998291,1.2470382452011108,1.2484238147735596,0.0,-0.009974076119019126,-0.010024150457977384
2022-06-03,1.2579249143600464,1.259001851081848,1.24945330619812,1.2577824592590332,0.0,0.007698520086141469,0.007669037697545853
2022-06-06,1.249230146408081,1.257703423500061,1.2479876279830933,1.2488292455673218,0.0,-0.006911992800769595,-0.006935991271780444
2022-06-07,1.2523481845855713,1.2594457864761353,1.243440866470337,1.25231671333313,0.0,0.0024959677657920842,0.002492858011737203
2022-06-08,1.2587324380874634,1.258985996246338,1.2515017986297607,1.258605718612671,0.0,0.005097826291818874,0.005084876367697843
2022-06-09,1.254028558731079,1.2553982734680176,1.249297261238098,1.254217267036438,0.0,-0.0037369970090954663,-0.003743997027224757
2022-06-10,1.249297261238098,1.2518151998519895,1.2315573692321775,1.2493752241134644,0.0,-0.003772878584016204,-0.0037800138430524365
2022-06-13,1.2274909019470217,1.23001229763031,1.2127680778503418,1.2278074026107788,0.0,-0.01745490042094977,-0.017609033412785247
2022-06-14,1.2144765853881836,1.220271110534668,1.199256420135498,1.2144027948379517,0.0,-0.01060237313221224,-0.010658978748320919
2022-06-15,1.201258897781372,1.2125327587127686,1.1992132663726809,1.201345443725586,0.0,-0.010883443753332389,-0.010943101677951386
2022-06-16,1.2174336910247805,1.2344917058944702,1.205036997795105,1.218145489692688,0.0,0.013464868625141513,0.013375022890421535
2022-06-17,1.2354830503463743,1.2350252866744995,1.217404007911682,1.2350252866744995,0.0,0.014825743245532097,0.014716916223294093
2022-06-20,1.2228227853775024,1.2277772426605225,1.2200626134872437,1.2228227853775024,0.0,-0.010247218661010749,-0.010300082856890961
2022-06-21,1.225174903869629,1.2319215536117554,1.224919676780701,1.225009799003601,0.0,0.001923515426971889,0.0019216678400349233
2022-06-22,1.2266627550125122,1.23146653175354,1.2168558835983276,1.2264070510864258,0.0,0.0012143989712685155,0.0012136621852789115
2022-06-23,1.225084900856018,1.2294678688049316,1.2171818017959597,1.2253249883651731,0.0,-0.001286298251126139,-0.0012871262428272435
2022-06-24,1.2260762453079224,1.2316787242889404,1.224349856376648,1.2261964082717896,0.0,0.0008092046936596375,0.0008088774640601034
2022-06-27,1.228244662284851,1.2330759763717651,1.2239753007888794,1.2288031578063965,0.0,0.0017685824884277057,0.0017670203879496936
2022-06-28,1.2267379760742188,1.2291052341461182,1.218769073486328,1.2267531156539917,0.0,-0.0012266987652358452,-0.0012274517760407697
2022-06-29,1.218976974487305,1.2212249040603638,1.2106831073760986,1.218635320663452,0.0,-0.006326535689186397,-0.0063466330252825096
2022-06-30,1.2131799459457395,1.218620538711548,1.209438443183899,1.213106393814087,0.0,-0.00475565056838223,-0.00476699465450921
2022-07-01,1.2160863876342771,1.2162047624588013,1.198063850402832,1.2159976959228516,0.0,0.0023957218368557687,0.0023928566704779913
2022-07-04,1.2102727890014648,1.2165154218673706,1.2086344957351685,1.2105804681777954,0.0,-0.00478058030410311,-0.004792043827580178
2022-07-05,1.211445689201355,1.2126061916351318,1.1900511980056765,1.2114017009735107,0.0,0.0009691205243553824,0.0009686512302372529
2022-07-06,1.19491446018219,1.1986383199691772,1.187761306762695,1.194957256317139,0.0,-0.013645868870987732,-0.013739829501732434
2022-07-07,1.1923214197158811,1.2021831274032593,1.1910008192062378,1.1918951272964478,0.0,-0.002170063676284806,-0.002172421676422286
2022-07-08,1.2028049230575562,1.2055310010910034,1.1921935081481934,1.2031956911087036,0.0,0.008792514474975421,0.008754085414015986
2022-07-11,1.2016630172729492,1.2019952535629272,1.1869436502456665,1.2017786502838137,0.0,-0.0009493690645231423,-0.000949820000759345
2022-07-12,1.1900936365127563,1.191213607788086,1.1811256408691406,1.18999445438385,0.0,-0.00962780795771545,-0.009674454947717905
2022-07-13,1.1877753734588623,1.1959433555603027,1.1835299730300903,1.1882693767547607,0.0,-0.0019479669353472673,-0.0019498666904455182
2022-07-14,1.186380386352539,1.1884106397628784,1.1763184070587158,1.1861974000930786,0.0,-0.0011744536361795177,-0.0011751438473181972
2022-07-15,1.1839643716812134,1.1873664855957031,1.1805957555770874,1.183866262435913,0.0,-0.002036458710139022,-0.0020385351116609684
2022-07-18,1.1888344287872314,1.203022003173828,1.187549710273743,1.188792109489441,0.0,0.0041133476838519645,0.004104910996706564
2022-07-19,1.194828748703003,1.2042824029922483,1.1929330825805664,1.195071578025818,0.0,0.005042182301101761,0.005029513069128131
2022-07-20,1.2003505229949951,1.203659176826477,1.195828914642334,1.2004225254058838,0.0,0.004621393900997139,0.004610748046726619
2022-07-21,1.1971746683120728,1.2002352476119995,1.1893010139465332,1.1966159343719482,0.0,-0.0026457727322835023,-0.0026492789748050086
2022-07-22,1.1996161937713623,1.2064181566238403,1.1920230388641355,1.1996880769729614,0.0,0.002039406215245121,0.0020373294494897094
2022-07-25,1.1986957788467407,1.208313226699829,1.1962151527404783,1.198422908782959,0.0,-0.0007672578357982296,-0.0007675523287358377
2022-07-26,1.2055164575576782,1.2092190980911257,1.1965444087982178,1.205763578414917,0.0,0.005690083198173657,0.0056739558232549595
2022-07-27,1.2036880254745483,1.2086637020111084,1.2022265195846558,1.203818440437317,0.0,-0.0015167209635894574,-0.001517872349197882
2022-07-28,1.2163082361221311,1.2190513610839844,1.2104486227035522,1.216663479804993,0.0,0.010484619253902983,0.010430036819329042
2022-07-29,1.2173447608947754,1.224259853363037,1.2067092657089231,1.2174484729766846,0.0,0.0008521892246236007,0.0008518263175486824
2022-08-01,1.2167373895645142,1.2291958332061768,1.2164857387542725,1.2167818546295166,0.0,-0.0004989312393431922,-0.0004990557469495337
2022-08-02,1.2254151105880735,1.2278375625610352,1.218175172805786,1.2259559631347656,0.0,0.007131958874597499,0.00710664673473985
2022-08-03,1.214299559593201,1.2207329273223877,1.2101556062698364,1.214786410331726,0.0,-0.009070845380336645,-0.009112235986944443
2022-08-04,1.2138278484344482,1.2195122241973877,1.2071754932403564,1.2139458656311035,0.0,-0.00038846358382171875,-0.00038853905534562183
2022-08-05,1.215849757194519,1.2167521715164185,1.2007685899734497,1.21592378616333,0.0,0.0016657294217450325,0.0016643436331775655
2022-08-08,1.2059526443481443,1.2135186195373535,1.2048628330230713,1.20638906955719,0.0,-0.00814007881139156,-0.008173390147345583
2022-08-09,1.208473801612854,1.2129298448562622,1.2068257331848145,1.208503007888794,0.0,0.002090593918862016,0.0020884116683323995
2022-08-10,1.207423210144043,1.2274457216262815,1.206723928451538,1.2072628736495972,0.0,-0.0008693539466133604,-0.0008697320539108706
2022-08-11,1.2212995290756226,1.2248897552490234,1.2182939052581787,1.2212845087051392,0.0,0.01149250636810617,0.011426969163327949
2022-08-12,1.2196162939071655,1.2210012674331665,1.2103606462478638,1.219660997390747,0.0,-0.0013782328809469613,-0.0013791835174500743
2022-08-15,1.2127974033355713,1.2147716283798218,1.2051241397857666,1.2129886150360107,0.0,-0.005591013014223711,-0.005606701230158866
2022-08-16,1.205690860748291,1.2116365432739258,1.200941562652588,1.2055600881576538,0.0,-0.005859628795159888,-0.005876863780023253
2022-08-17,1.209818959236145,1.2138131856918335,1.2029930353164673,1.2096725702285769,0.0,0.0034238448861525494,0.0034179968739065664
2022-08-18,1.2045146226882937,1.2078169584274292,1.196888089179993,1.2045869827270508,0.0,-0.004384405209850839,-0.004394044900899493
2022-08-19,1.193274736404419,1.1933743953704834,1.179328680038452,1.1933743953704834,0.0,-0.009331465199475142,-0.009375276080332366
2022-08-22,1.1818095445632937,1.1838523149490356,1.1742602586746216,1.1817677021026611,0.0,-0.009608174455844276,-0.009654630777147863
2022-08-23,1.1766505241394043,1.187324047088623,1.172003149986267,1.1767059564590454,0.0,-0.004365356878037185,-0.0043749128687203456
2022-08-24,1.18327796459198,1.1865352392196655,1.1758756637573242,1.1831519603729248,0.0,0.005632462924726855,0.005616659917559838
2022-08-25,1.1791757345199585,1.1862958669662476,1.178592085838318,1.1790227890014648,0.0,-0.0034668355152173147,-0.003472858914915492
2022-08-26,1.1824007034301758,1.1900086402893066,1.175309181213379,1.182592272758484,0.0,0.002734934934469413,0.0027312018049500436
2022-08-29,1.1694538593292236,1.1742602586746216,1.164958119392395,1.169180393218994,0.0,-0.01094962482971551,-0.011010013196243128
2022-08-30,1.172250509262085,1.1758065223693848,1.162304162979126,1.1721267700195312,0.0,0.002391415369277894,0.002388560486112121
2022-08-31,1.1659767627716064,1.1694538593292236,1.1600254774093628,1.1660856008529663,0.0,-0.005351882077174519,-0.005366254701387854
2022-09-01,1.1598505973815918,1.1617100238800049,1.150324463844299,1.15968918800354,0.0,-0.005254105901263739,-0.005267957254629027
2022-09-02,1.154894471168518,1.1588560342788696,1.1531364917755127,1.1547343730926514,0.0,-0.004273072949449119,-0.004282228616863327
2022-09-05,1.1474601030349731,1.1520737409591677,1.1445183753967283,1.1478551626205444,0.0,-0.0064372705205029135,-0.006458079094730271
2022-09-06,1.156644344329834,1.1607661247253418,1.1496235132217407,1.1568851470947266,0.0,0.00800397440448597,0.007972112502997038
2022-09-07,1.151185154914856,1.152365803718567,1.1409533023834229,1.1512778997421265,0.0,-0.004719851388839125,-0.004731025059980566
2022-09-08,1.1519808769226074,1.1560158729553225,1.1461580991744995,1.152246356010437,0.0,0.0006912198305843997,0.0006909810481850537
2022-09-09,1.1521600484848022,1.1648629903793335,1.1516624689102173,1.1520471572875977,0.0,0.0001555334517995277,0.0001555213577262191
2022-09-12,1.16193950176239,1.171124815940857,1.1601735353469849,1.1618045568466189,0.0,0.008487929511571402,0.00845210958648387
2022-09-13,1.1689754724502563,1.1737639904022217,1.1520339250564575,1.1689754724502563,0.0,0.006055367493053243,0.0060371074324891425
2022-09-14,1.1506155729293823,1.1589365005493164,1.1480792760849,1.15035080909729,0.0,-0.015705974978577064,-0.015830620647400186
2022-09-15,1.1544944047927856,1.1548677682876587,1.1469862461090088,1.154294490814209,0.0,0.003371092791250918,0.0033654233957465755
2022-09-16,1.1452654600143433,1.148066163063049,1.1352670192718506,1.1454753875732422,0.0,-0.007993927679622481,-0.008026050425296138
2022-09-19,1.1433144807815552,1.144164800643921,1.1355764865875244,1.1436413526535034,0.0,-0.0017035170455272919,-0.0017049696806496952
2022-09-20,1.1443217992782593,1.1460398435592651,1.1383945941925049,1.1448458433151243,0.0,0.0008810511137893329,0.0008806632160785313
2022-09-21,1.138057827949524,1.1385631561279297,1.1306205987930298,1.1380707025527954,0.0,-0.0054739596262922685,-0.005488996643074406
2022-09-22,1.1255937814712524,1.1362861394882202,1.1213151216506958,1.125517725944519,0.0,-0.010952032640317078,-0.011012447666309455
2022-09-23,1.126417875289917,1.127344846725464,1.089858889579773,1.1263036727905271,0.0,0.0007321414103651502,0.000731873525587816
2022-09-26,1.0797386169433594,1.091560125350952,1.0379042625427246,1.07991361618042,0.0,-0.0414404453005891,-0.0423235851982379
2022-09-27,1.077284336090088,1.0835410356521606,1.0738486051559448,1.0770059823989868,0.0,-0.00227303239391341,-0.0022756196534052665
2022-09-28,1.072754144668579,1.0839638710021973,1.054162859916687,1.072846293449402,0.0,-0.004205195666309169,-0.004214062367812101
2022-09-29,1.0835996866226196,1.1065618991851809,1.0764493942260742,1.0834587812423706,0.0,0.010109997717502317,0.010059233554244078
2022-09-30,1.1169440746307373,1.1233935356140137,1.1026816368103027,1.116183519363403,0.0,0.030771869371839733,0.03030790933040455
2022-10-03,1.114057183265686,1.1332343816757202,1.108794927597046,1.1136478185653689,0.0,-0.0025846337615477166,-0.00258797969397181
2022-10-04,1.1334141492843628,1.1445969343185425,1.1282224655151367,1.1339668035507202,0.0,0.01737519968403678,0.01722597693882905
2022-10-05,1.1451343297958374,1.149491310119629,1.1227755546569824,1.145055651664734,0.0,0.010340598376043397,0.0102875001201163
2022-10-06,1.13553786277771,1.1383427381515503,1.1120378971099854,1.135589361190796,0.0,-0.00838021074771056,-0.008415522130070853
2022-10-07,1.1162084341049194,1.122372269630432,1.1092008352279663,1.1165200471878052,0.0,-0.017022266985891266,-0.0171688111626325
2022-10-10,1.1072726249694824,1.111086368560791,1.102353572845459,1.107444167137146,0.0,-0.008005502254247454,-0.008037718339912433
2022-10-11,1.107640504837036,1.117131233215332,1.1001826524734497,1.10784912109375,0.0,0.00033223964835538133,0.0003321844689849231
2022-10-12,1.0967799425125122,1.109865665435791,1.0926454067230225,1.0967799425125122,0.0,-0.00980513287216922,-0.009853519740406
2022-10-13,1.11055588722229,1.1361957788467407,1.1058276891708374,1.1099271774291992,0.0,0.012560354338920332,0.012482127445623001
2022-10-14,1.1303905248641968,1.1358731985092163,1.1161960363388062,1.1301478147506714,0.0,0.017860098595773533,0.017702480978751635
2022-10-17,1.124416708946228,1.1438636779785156,1.1217050552368164,1.1238733530044556,0.0,-0.005284736369040588,-0.0052987499822580745
2022-10-18,1.1353960037231443,1.1412007808685305,1.1258091926574707,1.135524868965149,0.0,0.009764435808861105,0.009717071777970394
2022-10-19,1.134429931640625,1.1349835395812988,1.122246265411377,1.1339540481567385,0.0,-0.0008508679609152692,-0.0008512301545259256
2022-10-20,1.1211013793945312,1.1333242654800415,1.1173683404922483,1.1209505796432495,0.0,-0.01174911898420894,-0.011818685314931483
2022-10-21,1.1221455335617063,1.1293182373046875,1.106378197669983,1.122536063194275,0.0,0.0009313646262205655,0.0009309311753001029
2022-10-24,1.1344685554504397,1.1379801034927368,1.127484679222107,1.1336454153060913,0.0,0.010981661041433721,0.010921800448920545
2022-10-25,1.1307740211486816,1.1499539613723757,1.1273703575134275,1.1305439472198486,0.0,-0.0032566211588748173,-0.003261935490540981
2022-10-26,1.146223783493042,1.162358283996582,1.1434190273284912,1.1460660696029663,0.0,0.013662997252683606,0.013570500079115987
2022-10-27,1.1638191938400269,1.16441547870636,1.1550945043563845,1.1633453369140625,0.0,0.015350763612114182,0.015234132708178815
2022-10-28,1.1566041707992554,1.1600120067596436,1.1506155729293823,1.156738042831421,0.0,-0.006199436372041123,-0.006218732669824429
2022-10-31,1.159595012664795,1.1613322496414185,1.1479870080947876,1.1600793600082395,0.0,0.002585881964676684,0.0025825443244999026
2022-11-01,1.146815299987793,1.1565239429473877,1.1446754932403564,1.1471836566925049,0.0,-0.011020841360496747,-0.01108202074678242
2022-11-02,1.1489498615264893,1.152737736701965,1.1458560228347778,1.1492139101028442,0.0,0.001861294960678439,0.0018595648976521928
2022-11-03,1.1384334564208984,1.1421784162521362,1.1162582635879517,1.1382261514663696,0.0,-0.009153058334172015,-0.009195204950024204
2022-11-04,1.1171187162399292,1.133375644683838,1.1163331270217896,1.1170812845230105,0.0,-0.018722868746303578,-0.01890036058246865
2022-11-07,1.1331573724746704,1.148316502571106,1.1295350790023804,1.1337867975234983,0.0,0.014357163658241356,0.014255075554298315
2022-11-08,1.1517950296401978,1.1597565412521362,1.1431314945220947,1.1513441801071167,0.0,0.016447545255629414,0.016313749464684495
2022-11-09,1.1552680730819702,1.1566845178604126,1.1359248161315918,1.1548811197280884,0.0,0.0030153311591016863,0.0030107941661715325
2022-11-10,1.1368157863616943,1.1682789325714111,1.1365057229995728,1.1369062662124634,0.0,-0.015972298681335206,-0.016101230579526046
2022-11-11,1.1695632934570312,1.1799967288970947,1.164890170097351,1.1699190139770508,0.0,0.028806344429947783,0.028399241307580026
2022-11-14,1.1799131631851196,1.182829976081848,1.1711933612823486,1.179746150970459,0.0,0.008849345551445786,0.008810419570846625
2022-11-15,1.175249695777893,1.200408101081848,1.1742877960205078,1.1752538681030271,0.0,-0.003952381880915512,-0.003960213183859148
2022-11-16,1.1880435943603516,1.1941438913345337,1.183249831199646,1.1881141662597656,0.0,0.010886110950226957,0.010827283791994189
2022-11-17,1.191525936126709,1.1955716609954834,1.1764705181121826,1.1918951272964478,0.0,0.002931156552577807,0.002926869089317354
2022-11-18,1.1860145330429075,1.1950000524520874,1.1859301328659058,1.1859441995620728,0.0,-0.004625499887746853,-0.004636230615124517
2022-11-21,1.1886366605758667,1.1887637376785278,1.178050518035889,1.1886649131774902,0.0,0.002210873020444204,0.0022084326369447185
2022-11-22,1.1827600002288818,1.1902211904525757,1.1823126077651978,1.1824523210525513,0.0,-0.004944034238467565,-0.0049562964088322664
2022-11-23,1.1894567012786863,1.207831621170044,1.1873382329940796,1.1898953914642334,0.0,0.0056619272282698585,0.0056459587647990726
2022-11-24,1.2073503732681274,1.2154213190078735,1.2060543298721311,1.2078461647033691,0.0,0.015043567344826592,0.014931535065003906
2022-11-25,1.2113430500030518,1.2130005359649658,1.2061853408813477,1.2110203504562378,0.0,0.003306974365789639,0.003301518351352544
2022-11-28,1.2054728269577026,1.211798071861267,1.2022699117660522,1.2060543298721311,0.0,-0.004846045094603291,-0.004857825244634052
2022-11-29,1.1960291862487793,1.2063744068145752,1.1954858303070068,1.1963152885437012,0.0,-0.007833972278542878,-0.007864819046805591
2022-11-30,1.1946860551834106,1.202747106552124,1.1903769969940186,1.19438636302948,0.0,-0.001122991880809554,-0.001123622908662077
2022-12-01,1.207749843597412,1.2296946048736572,1.2073649168014526,1.2075544595718384,0.0,0.010934913283135117,0.010875559413162133
2022-12-02,1.2259259223937988,1.229649305343628,1.213916301727295,1.2254451513290403,0.0,0.015049539350174834,0.014937418544267556
2022-12-05,1.2297248840332031,1.2344764471054075,1.2165449857711792,1.229755163192749,0.0,0.0030988508930345215,0.0030940593509035936
2022-12-06,1.2192445993423462,1.2263318300247192,1.215894103050232,1.2193634510040283,0.0,-0.008522462891442983,-0.008558986741802702
2022-12-07,1.213300704956055,1.2223743200302124,1.210785746574402,1.213386058807373,0.0,-0.004875063124739176,-0.004886985007376629
2022-12-08,1.2212398052215576,1.2246646881103516,1.2156428098678589,1.221344232559204,0.0,0.006543390466249077,0.006522075418115522
2022-12-09,1.2236007452011108,1.2323466539382937,1.2222847938537598,1.223481059074402,0.0,0.0019332320887828214,0.0019313658005533632
2022-12-12,1.2239153385162354,1.23001229763031,1.221344232559204,1.2236756086349487,0.0,0.0002571045468535704,0.0002570715011435776
2022-12-13,1.2270842790603638,1.244152545928955,1.225144863128662,1.2270089387893677,0.0,0.002589182800805556,0.0025858366416515338
2022-12-14,1.235666275024414,1.2422051429748535,1.2343850135803225,1.235559344291687,0.0,0.006993811354687018,0.006969468091609345
2022-12-15,1.2419428825378418,1.2425447702407837,1.2204350233078003,1.2419275045394895,0.0,0.005079532912965368,0.0050666756066851445
2022-12-16,1.2189176082611084,1.2222548723220823,1.2122387886047363,1.2191256284713743,0.0,-0.018539720787869474,-0.018713735557654754
2022-12-19,1.2160272598266602,1.224155068397522,1.212341547012329,1.216071605682373,0.0,-0.002371241841826799,-0.00237405768801193
2022-12-20,1.2153326272964478,1.221926212310791,1.2086929082870483,1.2156000137329102,0.0,-0.0005712310514415231,-0.0005713942660570525
2022-12-21,1.2189176082611084,1.2190364599227903,1.2071025371551514,1.2189176082611084,0.0,0.0029497940597840167,0.0029454519540691795
2022-12-22,1.2077397108078003,1.214624047279358,1.1994291543960571,1.207729458808899,0.0,-0.009170347017346314,-0.009212653491548511
2022-12-23,1.203992486000061,1.2090144157409668,1.2020530700683594,1.2038909196853638,0.0,-0.0031026758284141698,-0.0031074991063580284
2022-12-26,1.206000566482544,1.2096140384674072,1.2054002285003662,1.206000566482544,0.0,0.0016678513411276796,0.0016664620216506824
2022-12-27,1.208415389060974,1.2112256288528442,1.2003360986709597,1.2083569765090942,0.0,0.0020023395059201032,0.002000337496194938
2022-12-28,1.2027326822280884,1.212415099143982,1.2003360986709597,1.2027760744094849,0.0,-0.004702610446976729,-0.004713702507573261
2022-12-29,1.2028483152389526,1.2075835466384888,1.201547622680664,1.2032970190048218,0.0,9.614190465834227e-05,9.613728332162697e-05
2022-12-30,1.2056326866149902,1.2106831073760986,1.2012734413146973,1.2056617736816406,0.0,0.0023148150442264814,0.0023121399872613824
2023-01-02,1.2120330333709717,1.212341547012329,1.2037605047225952,1.212018370628357,0.0,0.005308703742888277,0.005294662248008485
2023-01-03,1.206287145614624,1.208999752998352,1.1903769969940186,1.2064036130905151,0.0,-0.004740702273078212,-0.004751975043441792
2023-01-04,1.1969740390777588,1.2086637020111084,1.1967735290527344,1.1967735290527344,0.0,-0.0077204723358964555,-0.007750429470873757
2023-01-05,1.2057054042816162,1.2078169584274292,1.1878036260604858,1.205269455909729,0.0,0.007294531810050575,0.007268055390312859
2023-01-06,1.1912277936935425,1.206752896308899,1.1844552755355835,1.1910291910171509,0.0,-0.012007585382517005,-0.012080258776410523
2023-01-09,1.2116365432739258,1.2207329273223877,1.2095261812210083,1.2120771408081057,0.0,0.017132533079255552,0.016987426254529207
2023-01-10,1.2184869050979614,1.219809651374817,1.2112549543380735,1.2184720039367676,0.0,0.005653809190605541,0.005637886399513634
2023-01-11,1.2154507637023926,1.2177894115447998,1.210184931755066,1.2154507637023926,0.0,-0.0024917308367172764,-0.0024948403644767317
2023-01-12,1.215953350067139,1.2237355709075928,1.2097164392471311,1.216012477874756,0.0,0.00041349792172207245,0.00041341245501583013
2023-01-13,1.2217769622802734,1.2246947288513184,1.2151849269866943,1.2216426134109497,0.0,0.004789338515998942,0.004777906122159857
2023-01-16,1.2226732969284058,1.2288635969161987,1.2174336910247805,1.2224639654159546,0.0,0.0007336319768702637,0.0007333630004766032
2023-01-17,1.2207776308059692,1.2299820184707642,1.2170631885528564,1.2208819389343262,0.0,-0.0015504273522606304,-0.0015516305085130006
2023-01-18,1.228471040725708,1.2433171272277832,1.225655436515808,1.228365421295166,0.0,0.006302056759230901,0.006282281837831211
2023-01-19,1.234766125679016,1.2375471591949463,1.2313905954360962,1.2346745729446411,0.0,0.005124325071260261,0.005111240398583636
2023-01-20,1.239326238632202,1.2399994134902954,1.2336541414260864,1.2392034530639648,0.0,0.0036930985215344325,0.0036862957768493253
2023-01-23,1.240633249282837,1.244926929473877,1.2324681282043457,1.2407255172729492,0.0,0.0010546138780032077,0.0010540581634625624
2023-01-24,1.2379761934280396,1.2413724660873413,1.2264971733093262,1.237930178642273,0.0,-0.0021416932492606122,-0.0021439899540582775
2023-01-25,1.232923984527588,1.2399102449417114,1.228561520576477,1.2332433462142944,0.0,-0.0040810226620446866,-0.00408937276073297
2023-01-26,1.2412492036819458,1.2430853843688965,1.2345983982086182,1.2411566972732544,0.0,0.0067524188505001526,0.006729723379269408
2023-01-27,1.2415266036987305,1.2419275045394895,1.234811782836914,1.2414957284927368,0.0,0.00022348454763299053,0.00022345957868152245
2023-01-30,1.2400301694869995,1.241757869720459,1.236873745918274,1.2401254177093506,0.0,-0.0012053178782257534,-0.001206044858039429
2023-01-31,1.2353609800338743,1.237011432647705,1.2286370992660522,1.235223650932312,0.0,-0.003765383752765361,-0.003772490655922461
2023-02-01,1.2308903932571411,1.2347203493118286,1.2303149700164795,1.2307844161987305,0.0,-0.0036188505618904854,-0.0036254144421712163
2023-02-02,1.2390038967132568,1.2401869297027588,1.2240650653839111,1.2388657331466677,0.0,0.006591572653878552,0.006569943234751122
2023-02-03,1.222299575805664,1.2266175746917725,1.206578254699707,1.222195029258728,0.0,-0.013482056797323061,-0.013573764934067424
2023-02-06,1.2045146226882937,1.2078461647033691,1.200638771057129,1.204456448554993,0.0,-0.01455040439300459,-0.014657299707515725
2023-02-07,1.2026747465133667,1.206000566482544,1.1963152885437012,1.2027181386947632,0.0,-0.001527483469499602,-0.0015286512617147645
2023-02-08,1.2054582834243774,1.2110350131988523,1.2039633989334106,1.2054728269577026,0.0,0.0023144552748617375,0.0023117810487084333
2023-02-09,1.2071462869644165,1.2192445993423462,1.2057781219482422,1.207292079925537,0.0,0.0014003002536462361,0.0013993207475411966
2023-02-10,1.2116806507110596,1.2138426303863523,1.2060399055480957,1.2116659879684448,0.0,0.0037562669873636434,0.0037492298333046386
2023-02-13,1.2052258253097534,1.2143733501434326,1.2032536268234253,1.2051241397857666,0.0,-0.005327167185114501,-0.005341407135134531
2023-02-14,1.215214490890503,1.2257004976272583,1.212106466293335,1.2151259183883667,0.0,0.008287795839574175,0.008253640644064088
2023-02-15,1.2174336910247805,1.218145489692688,1.1991126537322998,1.2174781560897827,0.0,0.0018261797821810255,0.0018245143431683752
2023-02-16,1.2039779424667358,1.207394003868103,1.1967161893844604,1.2041809558868408,0.0,-0.011052551491915974,-0.011114084758973118
2023-02-17,1.197533130645752,1.203137755393982,1.1916821002960205,1.1974613666534424,0.0,-0.00535293180519536,-0.00536731007821495
2023-02-20,1.2029786109924316,1.2056472301483154,1.201547622680664,1.202833890914917,0.0,0.004547248178213836,0.004536940680571201
2023-02-21,1.2039200067520142,1.214388132095337,1.199126958847046,1.2037171125411987,0.0,0.0007825540296231281,0.0007822479938677567
2023-02-22,1.2109322547912598,1.2135627269744873,1.2058508396148682,1.2109909057617188,0.0,0.005824513256627029,0.005807616358346708
2023-02-23,1.204993486404419,1.2075399160385132,1.201345443725586,1.204906344413757,0.0,-0.004904294491572925,-0.004916360008533124
2023-02-24,1.2017786502838137,1.204064965248108,1.193146586418152,1.201735258102417,0.0,-0.0026679282144487226,-0.0026714934775833627
2023-02-27,1.1952428817749023,1.205690860748291,1.1923214197158811,1.1951143741607666,0.0,-0.005438412895226508,-0.0054532548983885695
2023-02-28,1.2061562538146973,1.2142553329467771,1.2027615308761597,1.2063016891479492,0.0,0.009130673109375875,0.009089240527596578
2023-03-01,1.2033549547195437,1.2088243961334229,1.1966875791549685,1.203137755393982,0.0,-0.002322500991305154,-0.002325202179885026
2023-03-02,1.2029930353164673,1.2036300897598269,1.1927623748779297,1.2030364274978638,0.0,-0.0003007586428733777,-0.000300803879824506
2023-03-03,1.1951572895050049,1.2018797397613523,1.1949286460876465,1.1950429677963257,0.0,-0.006513542124872762,-0.006534847807747233
2023-03-06,1.2028483152389526,1.20480477809906,1.1994434595108032,1.203050971031189,0.0,0.00643515778340209,0.0064145405583472485
2023-03-07,1.202645778656006,1.2064036130905151,1.1852554082870483,1.2026747465133667,0.0,-0.00016838081774783742,-0.0001683949953892477
2023-03-08,1.1827740669250488,1.1857894659042358,1.180790901184082,1.1829419136047363,0.0,-0.016523328883392807,-0.016661361702164992
2023-03-09,1.185016632080078,1.1935452222824097,1.1833759546279907,1.1849464178085327,0.0,0.0018960215798942137,0.0018942263997538604
2023-03-10,1.192250370979309,1.2109763622283936,1.1911568641662598,1.1923925876617432,0.0,0.006104335334546018,0.006085779355929046
2023-03-13,1.2079336643218994,1.21761155128479,1.205153226852417,1.2077147960662842,0.0,0.01315436230873912,0.013068595008861397
2023-03-14,1.2171372175216677,1.220211625099182,1.2141520977020264,1.2168114185333252,0.0,0.007619253831239847,0.00759037391958649
2023-03-15,1.215214490890503,1.218145489692688,1.2019087076187134,1.2151997089385986,0.0,-0.0015797122982401657,-0.001580961359324189
2023-03-16,1.20692777633667,1.2116659879684448,1.2029350996017456,1.2068257331848145,0.0,-0.006819137375296269,-0.00684249393418264
2023-03-17,1.2110495567321775,1.2176560163497925,1.210316777229309,1.2111802101135254,0.0,0.0034151011156760003,0.0034092829006263244
2023-03-20,1.218769073486328,1.2265123128890991,1.2168114185333252,1.21881365776062,0.0,0.006374236885053897,0.006354007356814938
2023-03-21,1.2276264429092407,1.2281843423843384,1.2182939052581787,1.227475881576538,0.0,0.007267471431299244,0.007241190614039486
2023-03-22,1.2225087881088257,1.2295737266540527,1.2209266424179075,1.222583532333374,0.0,-0.004168739464659232,-0.004177452883434414
2023-03-23,1.227973222732544,1.2342631816864014,1.2266627550125122,1.2278677225112915,0.0,0.004469853040624416,0.004459892916686311
2023-03-24,1.228154182434082,1.2289994955062866,1.2192296981811523,1.2279430627822876,0.0,0.00014736453384167625,0.00014735367675537895
2023-03-27,1.224600315093994,1.2291052341461182,1.221985936164856,1.2241849899291992,0.0,-0.0028936654622994107,-0.002897860206281461
2023-03-28,1.229755163192749,1.234903335571289,1.228199481964111,1.2297248840332031,0.0,0.004209412683647162,0.004200577890259956
2023-03-29,1.2330456972122192,1.2360023260116575,1.2304997444152832,1.2336236238479614,0.0,0.002675763532415054,0.002672190050283764
2023-03-30,1.2313603162765503,1.238359451293945,1.2295434474945068,1.2311177253723145,0.0,-0.0013668438562166596,-0.0013677788393613912
2023-03-31,1.238727569580078,1.2422668933868408,1.2345069646835327,1.238727569580078,0.0,0.005983019922068955,0.0059651927299983875
2023-04-03,1.228697419166565,1.242004632949829,1.2276867628097534,1.228893756866455,0.0,-0.008097139887596971,-0.00813009976584832
2023-04-04,1.2423131465911863,1.2520345449447632,1.239633560180664,1.2420971393585205,0.0,0.01108143242773063,0.011020483211787951
2023-04-05,1.249843716621399,1.2514704465866089,1.2436264753341677,1.2499531507492063,0.0,0.006061732543743759,0.006043434152430463
2023-04-06,1.2463078498840332,1.248626470565796,1.241434097290039,1.2464786767959597,0.0,-0.002829047096323367,-0.0028330564135435297
2023-04-07,1.243900179862976,1.2456247806549072,1.2394338846206665,1.2441060543060305,0.0,-0.00193184213778419,-0.0019337105515148851
2023-04-10,1.2431625127792358,1.2442762851715088,1.234872817993164,1.243456244468689,0.0,-0.0005930275561352172,-0.0005932034665262959
2023-04-11,1.239218831062317,1.245733380317688,1.2387735843658447,1.2395106554031372,0.0,-0.0031722978101249577,-0.0031773402136506903
2023-04-12,1.2431007623672483,1.2483458518981934,1.2399563789367676,1.2430081367492676,0.0,0.0031325631983849522,0.0031276669448399804
2023-04-13,1.2492660284042358,1.2536669969558716,1.2479876279830933,1.2491412162780762,0.0,0.004959586723482401,0.004947328487065866
2023-04-14,1.2525300979614258,1.2547051906585691,1.241434097290039,1.25231671333313,0.0,0.0026127898165608787,0.002609382415173389
2023-04-17,1.2400178909301758,1.2439358234405518,1.235498309135437,1.2402024269104004,0.0,-0.009989546001021754,-0.01003977631432605
2023-04-18,1.2375471591949463,1.2449734210968018,1.2368124723434448,1.237424612045288,0.0,-0.0019924968448448155,-0.001994484507396277
2023-04-19,1.2425447702407837,1.2473337650299072,1.2393569946289062,1.2429616451263428,0.0,0.00403831967832935,0.004030187551483845
2023-04-20,1.2428845167160034,1.246634006500244,1.240633249282837,1.2428845167160034,0.0,0.00027342795475604476,0.0002733905801455107
2023-04-21,1.244090557098389,1.2447099685668943,1.23704195022583,1.2439358234405518,0.0,0.0009703559471254675,0.0009698854561312972
2023-04-24,1.2449734210968018,1.2468360662460327,1.2413570880889893,1.2448339462280271,0.0,0.0007096460891657941,0.0007093944094418424
2023-04-25,1.25,1.250687837600708,1.2388503551483154,1.2499531507492063,0.0,0.004037498968266995,0.004029370142046677
2023-04-26,1.2414803504943848,1.251157283782959,1.240356206893921,1.2416189908981323,0.0,-0.006815719604492232,-0.006839052703031308
2023-04-27,1.2471472024917605,1.2493752241134644,1.243873953819275,1.2471472024917605,0.0,0.004564592581041804,0.004554206422056098
2023-04-28,1.249750018119812,1.258130669593811,1.2448649406433103,1.2500624656677246,0.0,0.0020870155686925074,0.0020848407770575218
2023-05-01,1.2557607889175415,1.256999969482422,1.248953938484192,1.2558395862579346,0.0,0.004809578484161525,0.004798049413432605
2023-05-02,1.2485953569412231,1.2512198686599731,1.2436573505401611,1.2487356662750244,0.0,-0.005706048508247297,-0.005722390196998685
2023-05-03,1.2476606369018557,1.25520920753479,1.2469605207443235,1.247972011566162,0.0,-0.0007486172635282617,-0.0007488976173590987
2023-05-04,1.256897211074829,1.2596838474273682,1.2552248239517212,1.256865620613098,0.0,0.007403114196108174,0.0073758456449726385
2023-05-05,1.2583364248275757,1.2651021480560305,1.2565971612930298,1.2582573890686035,0.0,0.001145052865155094,0.0011443977921375638
2023-05-08,1.2630568742752075,1.2669453620910645,1.262817621231079,1.2631046772003174,0.0,0.0037513413380516614,0.003744322604767557
2023-05-09,1.2612725496292114,1.2639188766479492,1.258051514625549,1.2612725496292114,0.0,-0.0014127033250344034,-0.0014137021311653383
2023-05-10,1.2624667882919312,1.267909288406372,1.2604142427444458,1.2625625133514404,0.0,0.0009468521796267559,0.0009464041978610967
2023-05-11,1.2626996040344238,1.2640626430511477,1.2499843835830688,1.2628973722457886,0.0,0.00018441336013896859,0.00018439635808550813
2023-05-12,1.2508130073547363,1.254091501235962,1.2459505796432495,1.25101637840271,0.0,-0.009413637766028327,-0.00945822610026498
2023-05-15,1.2450973987579346,1.252536416053772,1.244555115699768,1.2453765869140625,0.0,-0.004569514838104638,-0.004579986984963762
2023-05-16,1.2525207996368408,1.2545791864395142,1.246680736541748,1.2525991201400757,0.0,0.005962104560102377,0.00594440154467944
2023-05-17,1.2484394311904907,1.2494065761566162,1.2422051429748535,1.248704433441162,0.0,-0.003258523489217513,-0.003263844038115435
2023-05-18,1.2482805252075195,1.2493752241134644,1.2400639057159424,1.248252511024475,0.0,-0.0001272836943476685,-0.0001272917956045378
2023-05-19,1.2412338256835938,1.2478630542755127,1.2393877506256104,1.2413108348846436,0.0,-0.005645124939167245,-0.0056611188772104385
2023-05-22,1.2461059093475342,1.24725604057312,1.2414957284927368,1.2461214065551758,0.0,0.003925194079574146,0.003917510604816446
2023-05-23,1.243440866470337,1.244694471359253,1.237332820892334,1.2435954809188845,0.0,-0.0021386969255227095,-0.0021409872038491264
2023-05-24,1.241726994514465,1.2464165687561035,1.235803723335266,1.2418503761291504,0.0,-0.0013783300855607639,-0.0013792808562241067
2023-05-25,1.2371032238006592,1.2385895252227783,1.2319064140319824,1.2368431091308594,0.0,-0.0037236612671160962,-0.003730611352271878
2023-05-26,1.2318304777145386,1.2394338846206665,1.2312238216400146,1.2319064140319824,0.0,-0.0042621714863223525,-0.0042712804310152805
2023-05-29,1.2346898317337036,1.237317442893982,1.2336692810058594,1.2345983982086182,0.0,0.0023212236349843263,0.0023185337571370243
2023-05-30,1.234933853149414,1.244524002075195,1.232848048210144,1.2347356081008911,0.0,0.0001976378272814383,0.000197618299498962
2023-05-31,1.241187572479248,1.24251389503479,1.234903335571289,1.2414649724960327,0.0,0.0050640115775313355,0.005051232594690422
2023-06-01,1.244694471359253,1.2536983489990234,1.2403254508972168,1.244555115699768,0.0,0.0028254382800496636,0.0028214542320027626
2023-06-02,1.2525991201400757,1.2545193433761597,1.245810866355896,1.2529600858688354,0.0,0.00635067397077016,0.00633059341270591
2023-06-05,1.2430236339569092,1.244090557098389,1.2369654178619385,1.242992639541626,0.0,-0.007644493780337047,-0.007673862692298007
2023-06-06,1.2433171272277832,1.2458419799804688,1.2393569946289062,1.2432862520217896,0.0,0.00023611238182152938,0.00023608451168000868
2023-06-07,1.2428536415100098,1.2499687671661377,1.239618182182312,1.2431471347808838,0.0,-0.0003727815756925379,-0.00037285107601695613
2023-06-08,1.2445859909057615,1.2557134628295898,1.2441989183425903,1.244725465774536,0.0,0.001393848268125053,0.0013928777633473717
2023-06-09,1.255950093269348,1.2591286897659302,1.253572702407837,1.2558870315551758,0.0,0.009130829405621155,0.009089395409652331
2023-06-12,1.25809907913208,1.259937763214111,1.2487980127334597,1.2578141689300537,0.0,0.0017110439931080634,0.001709581824986606
2023-06-13,1.2515331506729126,1.261957049369812,1.2514861822128296,1.2514861822128296,0.0,-0.005218927958914876,-0.005232594132689763
2023-06-14,1.260684370994568,1.2699863910675049,1.2600805759429932,1.2607160806655884,0.0,0.007312007929422437,0.0072854048022477184
2023-06-15,1.26708984375,1.276535987854004,1.2631046772003174,1.267154097557068,0.0,0.005080948810667563,0.005068084347643957
2023-06-16,1.278576135635376,1.284769058227539,1.2768945693969729,1.278625249862671,0.0,0.00906509664017352,0.00902425528661218
2023-06-19,1.2830382585525513,1.2840003967285156,1.2786579132080078,1.2833675146102903,0.0,0.003489915690439327,0.0034838400661837124
2023-06-20,1.2794759273529053,1.2805737257003784,1.271520495414734,1.2794922590255735,0.0,-0.0027764808850399003,-0.002780342457470001
2023-06-21,1.276535987854004,1.2797870635986328,1.2693593502044678,1.2764707803726196,0.0,-0.0022977685129127456,-0.0023004124338375106
2023-06-22,1.277204513549805,1.2817226648330688,1.2730258703231812,1.2771228551864624,0.0,0.0005237029759928014,0.0005235658914482373
2023-06-23,1.2747135162353516,1.275049924850464,1.269196629524231,1.274518609046936,0.0,-0.0019503511677467777,-0.0019522555791691087
2023-06-26,1.2729610204696655,1.274827241897583,1.2689712047576904,1.2732527256011963,0.0,-0.0013748153944909136,-0.001375761320256983
2023-06-27,1.2711971998214722,1.2759170532226562,1.27048659324646,1.2709225416183472,0.0,-0.0013856046020502832,-0.0013865654397702324
2023-06-28,1.2744698524475098,1.275136113166809,1.2608274221420288,1.2744535207748413,0.0,0.0025744649425731847,0.0025711566844827515
2023-06-29,1.264254450798035,1.266592264175415,1.2592555284500122,1.2641266584396362,0.0,-0.008015412549662981,-0.008047708662380604
2023-06-30,1.261463642120361,1.2726207971572876,1.2601441144943235,1.2614953517913818,0.0,-0.0022074738798919524,-0.002209913941933987
2023-07-03,1.2693254947662354,1.2719409465789795,1.26603102684021,1.269357681274414,0.0,0.006232325992891363,0.0062129853657162
2023-07-04,1.269293189048767,1.2736419439315796,1.2684721946716309,1.269035577774048,0.0,-2.5451090048589364e-05,-2.5451413933077184e-05
2023-07-05,1.2717629671096802,1.273414969444275,1.2689228057861328,1.2720866203308103,0.0,0.0019457900524653127,0.00194389945507432
2023-07-06,1.2704542875289917,1.2780369520187378,1.2676199674606323,1.2706319093704224,0.0,-0.00102902790420345,-0.001029557716909822
2023-07-07,1.2742749452590942,1.2840101718902588,1.272718071937561,1.2742263078689575,0.0,0.003007316176274033,0.0030028032465891016
2023-07-10,1.2838947772979736,1.283861756324768,1.275266170501709,1.283861756324768,0.0,0.0075492593452219925,0.007520906293838734
2023-07-11,1.2864713668823242,1.293326497077942,1.2859750986099243,1.2863225936889648,0.0,0.0020068541674209683,0.0020048431257251075
2023-07-12,1.2934770584106443,1.300220966339111,1.2905057668685913,1.2934937477111816,0.0,0.005445664558627383,0.005430890539350315
2023-07-13,1.29962956905365,1.3113378286361694,1.29902184009552,1.2997984886169434,0.0,0.004756567271912315,0.004745290550656718
2023-07-14,1.3128528594970703,1.3142330646514893,1.3095176219940186,1.313145875930786,0.0,0.010174661117513084,0.010123247701705987
2023-07-17,1.3090204000473022,1.3107191324234009,1.3054488897323608,1.3091232776641846,0.0,-0.0029191842955167413,-0.002923453424265665
2023-07-18,1.307172417640686,1.312456488609314,1.3051252365112305,1.3070870637893677,0.0,-0.0014117292645320356,-0.0014127266931334872
2023-07-19,1.303508996963501,1.3039510250091553,1.287166953086853,1.303508996963501,0.0,-0.0028025535329128104,-0.0028064880388937166
2023-07-20,1.2939791679382324,1.2965123653411863,1.284191608428955,1.2939791679382324,0.0,-0.007310903912031375,-0.007337759542718182
2023-07-21,1.2872332334518433,1.2903891801834106,1.281788349151611,1.286968231201172,0.0,-0.0052133254178564625,-0.005226962214834302
2023-07-24,1.2853471040725708,1.288344383239746,1.2799180746078491,1.2851818799972534,0.0,-0.0014652584553108694,-0.0014663329962630446
2023-07-25,1.281262755393982,1.2877304553985596,1.281065821647644,1.2812464237213137,0.0,-0.0031776231226940954,-0.0031826824877288396
2023-07-26,1.2893908023834229,1.2936275005340576,1.2876144647598269,1.2893409729003906,0.0,0.006343778397696065,0.006323741331342038
2023-07-27,1.292724609375,1.299545168876648,1.2827255725860596,1.2928582429885864,0.0,0.0025855675295765046,0.0025822307003454605
2023-07-28,1.2793776988983154,1.2885268926620483,1.2764707803726196,1.2794268131256104,0.0,-0.010324635564211482,-0.010378304340611356
2023-07-31,1.2853965759277344,1.2873326539993286,1.2829558849334717,1.2853800058364868,0.0,0.0047045348958341116,0.004693503157475829
2023-08-01,1.283400535583496,1.283861756324768,1.2741613388061523,1.283202886581421,0.0,-0.0015528595467104722,-0.0015540664827262747
2023-08-02,1.2795741558074951,1.279737949371338,1.268182635307312,1.2791157960891724,0.0,-0.0029814385064607096,-0.0029858918480233304
2023-08-03,1.2720379829406738,1.2728476524353027,1.2625943422317505,1.2717629671096802,0.0,-0.005889594465953718,-0.005907006527755758
2023-08-04,1.2716336250305176,1.2782655954360962,1.2691644430160522,1.271617412567139,0.0,-0.00031788194659210234,-0.0003179324817678507
2023-08-07,1.2747948169708252,1.278608798980713,1.2713911533355713,1.2751199007034302,0.0,0.002485929813496268,0.0024828450013374393
2023-08-08,1.2782002687454224,1.278592586517334,1.2685847282409668,1.278592586517334,0.0,0.0026713724665818894,0.002667810692960191
2023-08-09,1.2741613388061523,1.2778409719467163,1.2712457180023191,1.2744373083114624,0.0,-0.0031598569003856714,-0.003164859789924298
2023-08-10,1.2720056772232056,1.2811315059661863,1.2710840702056885,1.2718924283981323,0.0,-0.0016918278064900205,-0.001693260563366746
2023-08-11,1.2670094966888428,1.2737069129943848,1.2666244506835938,1.2666244506835938,0.0,-0.003927797354858931,-0.003935531409398014
2023-08-14,1.2695027589797974,1.2716336250305176,1.261909246444702,1.2695027589797974,0.0,0.0019678323623226746,0.001965898716531198
2023-08-15,1.2685203552246094,1.275266170501709,1.2677003145217896,1.268617033958435,0.0,-0.0007738492478562842,-0.0007741488237465103
2023-08-16,1.2701315879821775,1.2765848636627195,1.268842339515686,1.2700186967849731,0.0,0.0012701670500847584,0.0012693610703309584
2023-08-17,1.2728151082992554,1.2786742448806765,1.2705188989639282,1.272701859474182,0.0,0.0021127892121328706,0.0021105604117768783
2023-08-18,1.275022268295288,1.2766337394714355,1.269083857536316,1.2747948169708252,0.0,0.0017340774647010004,0.0017325756882546864
2023-08-21,1.2741937637329102,1.2765034437179563,1.2711002826690674,1.2741774320602417,0.0,-0.0006497961510002481,-0.0006500073600193368
2023-08-22,1.2760798931121826,1.28009831905365,1.2721028327941897,1.2761287689208984,0.0,0.001480253186726399,0.0014791586919311363
2023-08-23,1.2731555700302124,1.2764055728912354,1.261638641357422,1.2731716632843018,0.0,-0.0022916457643088473,-0.002294275603004071
2023-08-24,1.2720541954040527,1.27289617061615,1.2629451751708984,1.2720866203308103,0.0,-0.0008650746633684925,-0.0008654490563892772
2023-08-25,1.2592872381210327,1.264702081680298,1.254878282546997,1.2593348026275637,0.0,-0.010036488483861183,-0.010087193587144596
2023-08-28,1.2589701414108276,1.2610658407211304,1.2567392587661743,1.2591921091079712,0.0,-0.0002518064986334334,-0.00025183820721287305
2023-08-29,1.2611136436462402,1.263567566871643,1.2563918828964231,1.261299729347229,0.0,0.0017025838539828086,0.001701136101140356
2023-08-30,1.2636793851852417,1.2743724584579468,1.262004852294922,1.2639029026031494,0.0,0.0020345046236935893,0.0020324378219653636
2023-08-31,1.271179437637329,1.273463487625122,1.2654383182525637,1.271310329437256,0.0,0.005935091242299517,0.0059175479680048035
2023-09-01,1.2672826051712036,1.2710033655166626,1.259049415588379,1.267138123512268,0.0,-0.0030655250948429247,-0.0030702334417289988
2023-09-04,1.2591445446014404,1.2643502950668335,1.2589067220687866,1.2591286897659302,0.0,-0.006421662016471652,-0.006442369586948309
2023-09-05,1.2623074054718018,1.2631845474243164,1.2529443502426147,1.26262629032135,0.0,0.002511912459869814,0.0025087628809751946
2023-09-06,1.2570552825927734,1.2588274478912354,1.2484861612319946,1.2568340301513672,0.0,-0.004160732050102589,-0.004169411980642347
2023-09-07,1.2498750686645508,1.2507973909378052,1.2448649406433103,1.2499531507492063,0.0,-0.005711931708693774,-0.005728307177427921
2023-09-08,1.2475050687789917,1.2513139247894287,1.2468827962875366,1.247551679611206,0.0,-0.001896189423228778,-0.0018979894662347592
2023-09-11,1.2489992380142212,1.2547523975372314,1.2483770847320557,1.248907208442688,0.0,0.001197725983343556,0.0011970092817955962
2023-09-12,1.2508755922317505,1.2521756887435913,1.246074914932251,1.2507504224777222,0.0,0.001502286118694851,0.0015011588157834202
2023-09-13,1.2491724491119385,1.251157283782959,1.2442454099655151,1.249531388282776,0.0,-0.0013615607582312395,-0.0013624885243159678
2023-09-14,1.248953938484192,1.2507035732269287,1.2403408288955688,1.2487667798995972,0.0,-0.0001749243092111774,-0.00017493961025252932
2023-09-15,1.2401869297027588,1.244555115699768,1.2386507987976074,1.2400485277175903,0.0,-0.00701948127252261,-0.007044233732153566
2023-09-18,1.2397565841674805,1.2410335540771484,1.2371184825897217,1.2397565841674805,0.0,-0.0003470005407825161,-0.00034706075940116614
2023-09-19,1.2383747100830078,1.2424366474151611,1.2371797561645508,1.2386049032211304,0.0,-0.0011146333902316563,-0.0011152550560248676
2023-09-20,1.2393569946289062,1.240941047668457,1.233714938163757,1.2393416166305542,0.0,0.0007932046236898138,0.0007928902031578533
2023-09-21,1.2328935861587524,1.233167290687561,1.2247997522354126,1.2327568531036377,0.0,-0.005215130505709653,-0.0052287767641613315
2023-09-22,1.2294225692749023,1.2292261123657229,1.2234361171722412,1.2292109727859497,0.0,-0.0028153418290255416,-0.002819312357847609
2023-09-25,1.2241849899291992,1.2251899242401123,1.2196015119552612,1.2242748737335205,0.0,-0.004260194563365016,-0.004269295047977445
2023-09-26,1.2213143110275269,1.2215232849121094,1.2160863876342771,1.2214336395263672,0.0,-0.002344971491472392,-0.002347725242941736
2023-09-27,1.2146830558776855,1.2164266109466553,1.2129592895507812,1.2146536111831665,0.0,-0.005429605704253326,-0.005444399587574013
2023-09-28,1.2135332822799685,1.2223445177078247,1.2121212482452393,1.2137248516082764,0.0,-0.0009465626380095182,-0.0009470109113248621
2023-09-29,1.2204796075820925,1.227144479751587,1.2182493209838867,1.2208521366119385,0.0,0.005724050096980848,0.005707729970754634
2023-10-02,1.2193039655685425,1.2219561338424685,1.2116365432739258,1.2191107273101809,0.0,-0.0009632623160981124,-0.0009637265513871026
2023-10-03,1.209116816520691,1.210097074508667,1.2054582834243774,1.2088828086853027,0.0,-0.008354888801744731,-0.00838998651356148
2023-10-04,1.2078461647033691,1.2175966501235962,1.2042534351348877,1.2078461647033691,0.0,-0.0010508925192010965,-0.0010514450939095596
2023-10-05,1.2137395143508911,1.2173891067504885,1.2109030485153198,1.213651180267334,0.0,0.004879222056369592,0.0048673572308590785
2023-10-06,1.218769073486328,1.2260762453079224,1.210771083831787,1.2188730239868164,0.0,0.004143853830223643,0.004135291713231346
2023-10-09,1.222090482711792,1.2224340438842771,1.2164266109466553,1.222195029258728,0.0,0.002725216201920011,0.0027215095330353203
2023-10-10,1.225039839744568,1.22877299785614,1.2213293313980105,1.2252498865127563,0.0,0.002413370429193984,0.0024104629277588007
2023-10-11,1.229135513305664,1.233608365058899,1.2270541191101074,1.2291958332061768,0.0,0.0033432982571000025,0.003337721861062138
2023-10-12,1.2316333055496216,1.2330759763717651,1.2207180261611938,1.231693983078003,0.0,0.0020321536697283094,0.002030091638563178
2023-10-13,1.2183235883712769,1.2223445177078247,1.2132682800292969,1.218397855758667,0.0,-0.010806558346849182,-0.010865373307166687
2023-10-16,1.215376853942871,1.2199585437774658,1.2144323587417605,1.2154803276062012,0.0,-0.0024186796156061563,-0.002421609346154062
2023-10-17,1.2211503982543943,1.2216874361038208,1.2134743928909302,1.2212547063827517,0.0,0.00475041489624628,0.004739167281894133
2023-10-18,1.2178784608840942,1.2211652994155884,1.2140341997146606,1.2178043127059937,0.0,-0.0026793893487462306,-0.002682985337192357
2023-10-19,1.214343786239624,1.215894103050232,1.209277629852295,1.2143585681915283,0.0,-0.0029023213382920465,-0.0029065412398521467
2023-10-20,1.2137248516082764,1.2160272598266602,1.2094823122024536,1.2137248516082764,0.0,-0.0005096864976468218,-0.00050981643196215
2023-10-23,1.216397047042847,1.2236157655715942,1.2143291234970093,1.2163822650909424,0.0,0.0022016484469520314,0.0021992283704641994
2023-10-24,1.2250248193740845,1.2288333177566528,1.215953350067139,1.225144863128662,0.0,0.0070928915457435515,0.007067855307009531
2023-10-25,1.216189980506897,1.217730164527893,1.2115631103515625,1.2163230180740356,0.0,-0.007211967241367079,-0.007238099194775863
2023-10-26,1.210345983505249,1.213194727897644,1.2070443630218506,1.210214138031006,0.0,-0.004805167856433257,-0.004816749792490422
2023-10-27,1.213710069656372,1.2161750793457031,1.2106537818908691,1.2136069536209106,0.0,0.002779441743905764,0.0027755862381520354
2023-10-30,1.2113723754882812,1.2165894508361816,1.2092629671096802,1.2113136053085327,0.0,-0.0019260729778345365,-0.0019279302415927048
2023-10-31,1.2165746688842771,1.219928741455078,1.2120037078857422,1.216519832611084,0.0,0.004294545179717391,0.004285349937422634
2023-11-01,1.215214490890503,1.2165154218673706,1.2097749710083008,1.2151259183883667,0.0,-0.0011180390555243225,-0.001118664527433972
2023-11-02,1.218219757080078,1.2224191427230835,1.2156428098678589,1.2184275388717651,0.0,0.0024730335361395905,0.002469980620975948
2023-11-03,1.2191851139068604,1.2374552488327026,1.2185462713241575,1.2190959453582764,0.0,0.0007924324171988406,0.0007921186084014931
2023-11-06,1.237378716468811,1.2429462671279907,1.2366900444030762,1.2372256517410278,0.0,0.01492275648252428,0.01481250761018666
2023-11-07,1.2345526218414309,1.2347599267959597,1.2277169227600098,1.2344460487365725,0.0,-0.0022839366717452014,-0.002286548833204295
2023-11-08,1.2291808128356934,1.2301334142684937,1.2243348360061646,1.22901451587677,0.0,-0.004351219146677687,-0.004360713251338394
2023-11-09,1.2285012006759644,1.2309207916259766,1.225385069847107,1.228606939315796,0.0,-0.0005528984447463747,-0.0005530513494545907
2023-11-10,1.2217023372650146,1.223825454711914,1.2189027070999146,1.2215979099273682,0.0,-0.005534274941863093,-0.005549645778618933
2023-11-13,1.2228227853775024,1.2271745204925537,1.2224639654159546,1.2230321168899536,0.0,0.0009171203805635741,0.0009167000826235925
2023-11-14,1.228063702583313,1.2487980127334597,1.226542353630066,1.2280335426330566,0.0,0.004285917197881295,0.0042767588134943095
2023-11-15,1.24945330619812,1.249921798706055,1.2405717372894287,1.2494065761566162,0.0,0.017417340460281094,0.01726739715776434
2023-11-16,1.2422360181808472,1.2455161809921265,1.2378230094909668,1.2423748970031738,0.0,-0.00577635673255672,-0.0057931044059390735
2023-11-17,1.2414957284927368,1.2442454099655151,1.237593173980713,1.2415728569030762,0.0,-0.000595933202125698,-0.0005961108408937951
2023-11-20,1.2454540729522705,1.25101637840271,1.244678974151611,1.2454074621200562,0.0,0.0031883673609891527,0.0031832952959862074
2023-11-21,1.2509069442749023,1.2558395862579346,1.2505784034729004,1.2509069442749023,0.0,0.0043782195113033495,0.004368662991798845
2023-11-22,1.2544218301773071,1.254878282546997,1.244926929473877,1.2545477151870728,0.0,0.0028098700055121384,0.0028059297002262
2023-11-23,1.2490007877349854,1.2562813758850098,1.2489851713180542,1.249109983444214,0.0,-0.004321546637589657,-0.004330911510488993
2023-11-24,1.2533526420593262,1.261670470237732,1.252536416053772,1.253289818763733,0.0,0.003484268678671354,0.003478212677638341
2023-11-27,1.2600330114364624,1.2644143104553225,1.2592079639434814,1.260096549987793,0.0,0.005329999836406696,0.0053158456595098205
2023-11-28,1.2634397745132446,1.2714072465896606,1.2608274221420288,1.263567566871643,0.0,0.00270370938369191,0.0027000609362243964
2023-11-29,1.2712295055389404,1.2732527256011963,1.266640543937683,1.271342635154724,0.0,0.0061654945355007484,0.0061465656382314665
2023-11-30,1.2696397304534912,1.2710033655166626,1.2605571746826172,1.2695833444595337,0.0,-0.0012505807004339342,-0.0012513633290396147
2023-12-01,1.2631685733795166,1.2689712047576904,1.2616068124771118,1.2631845474243164,0.0,-0.0050968451276042215,-0.005109878347126903
2023-12-04,1.271310329437256,1.2712780237197876,1.2605730295181274,1.271213412284851,0.0,0.006445502389247126,0.006424818967842464
2023-12-05,1.2634079456329346,1.2650541067123413,1.2583364248275757,1.2634079456329346,0.0,-0.006215936126169552,-0.006235335489045814
2023-12-06,1.2594457864761353,1.2613840103149414,1.2581782341003418,1.2594934701919556,0.0,-0.0031360885219179346,-0.0031410163529665526
2023-12-07,1.2558711767196655,1.2593823671340942,1.2545477151870728,1.2558002471923828,0.0,-0.0028382402758846403,-0.002842275717326824
2023-12-08,1.258954405784607,1.2601124048233032,1.2504688501358032,1.2588101625442505,0.0,0.0024550520165569356,0.0024520432997196793
2023-12-11,1.2554770708084106,1.2591286897659302,1.2535884380340576,1.2557450532913208,0.0,-0.0027620817403860576,-0.002765903326801175
2023-12-12,1.2554612159729004,1.2608431577682495,1.2518621683120728,1.2554140090942385,0.0,-1.2628534506009537e-05,-1.262861424662276e-05
2023-12-13,1.257071018218994,1.257071018218994,1.2506252527236938,1.256969928741455,0.0,0.0012822397264147245,0.00128141835910828
2023-12-14,1.2622915506362915,1.27790629863739,1.2614158391952517,1.2621641159057615,0.0,0.004152933558753125,0.004144333931081376
2023-12-15,1.2771391868591309,1.2790995836257937,1.2685526609420776,1.277106523513794,0.0,0.011762446017605788,0.011693806173446725
2023-12-18,1.2672343254089355,1.2703574895858765,1.2630568742752075,1.2672826051712036,0.0,-0.00775550664493696,-0.007785736989123047
2023-12-19,1.2651821374893188,1.276145100593567,1.2650221586227417,1.2653422355651855,0.0,-0.0016194226106954757,-0.001620735292874377
2023-12-20,1.2732689380645752,1.273106813430786,1.2632802724838257,1.273074507713318,0.0,0.006391807420949025,0.00637146645092603
2023-12-21,1.2641266584396362,1.2692127227783203,1.261479377746582,1.2640626430511477,0.0,-0.00718016386925735,-0.007206065304690368
2023-12-22,1.268499493598938,1.274534821510315,1.2680699825286863,1.268617033958435,0.0,0.0034591748620342866,0.0034532056783438277
2023-12-25,1.2677003145217896,1.2746647596359253,1.2677003145217896,1.2677003145217896,0.0,-0.0006300192323144271,-0.0006302177778270108
2023-12-26,1.27048659324646,1.2719409465789795,1.2685526609420776,1.27048659324646,0.0,0.0021979001604346404,0.002195488311232995
2023-12-27,1.272718071937561,1.2801146507263184,1.270050883293152,1.2728314399719238,0.0,0.0017563968820788478,0.0017548562208197817
2023-12-28,1.2800819873809814,1.2826762199401855,1.274015188217163,1.2802294492721558,0.0,0.005785975390613984,0.005769300922793701
2023-12-29,1.2733986377716064,1.2772533893585205,1.2702767848968506,1.2735446691513062,0.0,-0.0052210324614042625,-0.005234709678285292
2024-01-01,1.272999882698059,1.2732998132705688,1.269357681274414,1.272999882698059,0.0,-0.000313142374838038,-0.000313191414149289
2024-01-02,1.2728800773620603,1.2760635614395142,1.261240839958191,1.2728476524353027,0.0,-9.411260568603641e-05,-9.411703455518804e-05
2024-01-03,1.2623074054718018,1.2652462720870972,1.2618296146392822,1.262371301651001,0.0,-0.008306102105211322,-0.008340789985565433
2024-01-04,1.2674272060394287,1.2728151082992554,1.2657907009124756,1.2675235271453855,0.0,0.00405590630731778,0.0040477032922905274
2024-01-05,1.2684078216552734,1.2770087718963623,1.2612885236740112,1.2682147026062012,0.0,0.0007737056701733191,0.0007734065142371079
2024-01-08,1.271779179573059,1.2765034437179563,1.2675074338912964,1.2716983556747437,0.0,0.002657944755801056,0.002654418667355506
2024-01-09,1.274518609046936,1.2765034437179563,1.2691644430160522,1.2741937637329102,0.0,0.0021540134623030394,0.0021516969013110794
2024-01-10,1.2712942361831665,1.274209976196289,1.268729567527771,1.2714558839797974,0.0,-0.0025298750766618028,-0.0025330806181679388
2024-01-11,1.274518609046936,1.2774654626846311,1.2690999507904053,1.274518609046936,0.0,0.0025362915775108963,0.00253308061816794
2024-01-12,1.2777756452560425,1.2784616947174072,1.2721351385116575,1.277955174446106,0.0,0.002555503062871667,0.00255224331726502
2024-01-15,1.273658275604248,1.274015188217163,1.2714234590530396,1.2736419439315796,0.0,-0.0032222946704930644,-0.003227497441545451
2024-01-16,1.271617412567139,1.2717145681381226,1.262100338935852,1.2717145681381226,0.0,-0.0016023631112049852,-0.001603648268017114
2024-01-17,1.26385498046875,1.269551157951355,1.2597472667694092,1.2639204263687134,0.0,-0.0061043770096841365,-0.006123084891185597
2024-01-18,1.2676842212677002,1.27048659324646,1.2650541067123413,1.2677645683288574,0.0,0.0030298102694741313,0.0030252296442908186
2024-01-19,1.2709871530532837,1.271617412567139,1.2663196325302124,1.2711971998214722,0.0,0.002605484654751411,0.0026020962639323967
2024-01-22,1.2699863910675049,1.273074507713318,1.268826246261597,1.27008318901062,0.0,-0.0007873895368452066,-0.0007876996908052492
2024-01-23,1.2706964015960691,1.2747135162353516,1.2655344009399414,1.270825743675232,0.0,0.0005590693991353035,0.0005589131780616814
2024-01-24,1.269196629524231,1.2773675918579102,1.2686814069747925,1.269422173500061,0.0,-0.0011802756897354438,-0.0011809727636342335
2024-01-25,1.271876335144043,1.2742263078689575,1.269293189048767,1.2718439102172852,0.0,0.0021113400063286214,0.0021091142603379023
2024-01-26,1.270825743675232,1.27575421333313,1.2677323818206787,1.2706964015960691,0.0,-0.0008260169953488994,-0.0008263583353685848
2024-01-29,1.2697607278823853,1.2719409465789795,1.2663196325302124,1.269712209701538,0.0,-0.0008380502190383776,-0.0008384015794420172
2024-01-30,1.2713264226913452,1.2721351385116575,1.2642863988876345,1.2714072465896606,0.0,0.0012330628712788894,0.0012323032736136245
2024-01-31,1.269551157951355,1.2749247550964355,1.266784906387329,1.2695188522338867,0.0,-0.0013963878263711926,-0.0013973636844086586
2024-02-01,1.2678449153900146,1.2725398540496826,1.2626293897628784,1.2680699825286863,0.0,-0.0013439730653261872,-0.0013448770071327492
2024-02-02,1.27472984790802,1.2772860527038574,1.262371301651001,1.27472984790802,0.0,0.005430421682045772,0.005415730105859458
2024-02-05,1.2621959447860718,1.262993097305298,1.252003192901611,1.2616863250732422,0.0,-0.009832595622137341,-0.009881254817331094
2024-02-06,1.2534469366073608,1.2594616413116455,1.2534469366073608,1.2534469366073608,0.0,-0.006931576840229714,-0.0069557118125811645
2024-02-07,1.2606525421142578,1.2641905546188354,1.2597631216049194,1.260398268699646,0.0,0.005748632268710141,0.0057321719350388375
2024-02-08,1.2627378702163696,1.2639029026031494,1.2574820518493652,1.2627538442611694,0.0,0.0016541656264892346,0.0016527990014045676
2024-02-09,1.2620525360107422,1.264222502708435,1.260096549987793,1.262148141860962,0.0,-0.0005427367166156438,-0.0005428840514992043
2024-02-12,1.2637271881103516,1.2654062509536743,1.2607479095458984,1.2638709545135498,0.0,0.0013269274073983706,0.0013260478172416627
2024-02-13,1.2627538442611694,1.268343448638916,1.2577824592590332,1.2627538442611694,0.0,-0.0007702167511625113,-0.0007705135204786474
2024-02-14,1.2590652704238892,1.261099338531494,1.2536983489990234,1.2591286897659302,0.0,-0.0029210553220991864,-0.0029253299304710526
2024-02-15,1.2568340301513672,1.2596521377563477,1.2542644739151,1.256818175315857,0.0,-0.0017721402733718028,-0.0017737123715395858
2024-02-16,1.259921908378601,1.2602394819259644,1.2554454803466797,1.259921908378601,0.0,0.002456870321105198,0.0024538571495232586
2024-02-19,1.2611136436462402,1.262977123260498,1.2583364248275757,1.2611136436462402,0.0,0.000945880264256127,0.0009454332014087118
2024-02-20,1.258764147758484,1.2667046785354614,1.2580199241638184,1.2588274478912354,0.0,-0.0018630326454665003,-0.0018647702492626593
2024-02-21,1.2627378702163696,1.2637910842895508,1.260398268699646,1.26264226436615,0.0,0.003156844326207997,0.0031518719550774504
2024-02-22,1.2638070583343506,1.2709709405899048,1.2612568140029907,1.2638869285583496,0.0,0.0008467221449512952,0.0008463638779767105
2024-02-23,1.266367793083191,1.2701799869537354,1.2649741172790527,1.2661433219909668,0.0,0.0020262070321201975,0.0020241570433191087
2024-02-26,1.2672665119171145,1.2699542045593262,1.2657266855239868,1.2671059370040894,0.0,0.0007096823204382208,0.0007094306150204659
2024-02-27,1.268455982208252,1.269689679145813,1.2661913633346558,1.268455982208252,0.0,0.0009386110024622862,0.0009381707825972519
2024-02-28,1.268166422843933,1.2684237957000732,1.2624667882919312,1.2680699825286863,0.0,-0.00022827703001149224,-0.0002283030891785893
2024-02-29,1.2663036584854126,1.2682147026062012,1.2629133462905884,1.2661913633346558,0.0,-0.0014688642791402806,-0.0014699441178294022
2024-03-01,1.2625465393066406,1.2656145095825195,1.2601124048233032,1.2627220153808594,0.0,-0.0029669970181289695,-0.002971407279430149
2024-03-04,1.26603102684021,1.2706642150878906,1.2656785249710083,1.266127347946167,0.0,0.002759888388338405,0.0027560868892495243
2024-03-05,1.269196629524231,1.2733501195907593,1.2672665119171145,1.269035577774048,0.0,0.002500414774132098,0.00249729393828425
2024-03-06,1.27048659324646,1.27611243724823,1.269035577774048,1.270502686500549,0.0,0.0010163623919428044,0.0010158462453852882
2024-03-07,1.2735446691513062,1.2798854112625122,1.272394061088562,1.2736419439315796,0.0,0.002407011550615401,0.0024041193384420115
2024-03-08,1.281558394432068,1.2890584468841553,1.2801966667175293,1.2813777923583984,0.0,0.006292457166894971,0.0062727423183009945
2024-03-11,1.2855123281478882,1.2862398624420166,1.279606819152832,1.2856113910675049,0.0,0.003085254431634654,0.003080504800885987
2024-03-12,1.2819806337356567,1.2825446128845217,1.274827241897583,1.2818540334701538,0.0,-0.002747304973200637,-0.0027510857417122766
2024-03-13,1.2795906066894531,1.2809016704559326,1.277612328529358,1.2796560525894165,0.0,-0.0018643238308827526,-0.001866063845526117
2024-03-14,1.2802129983901978,1.2823472023010254,1.273074507713318,1.2801966667175293,0.0,0.00048639908537229104,0.00048628083168126976
2024-03-15,1.2745835781097412,1.2759170532226562,1.273074507713318,1.2746485471725464,0.0,-0.004397252869276613,-0.00440694922098883
2024-03-18,1.2731393575668335,1.2748597860336304,1.27226459980011,1.2731878757476809,0.0,-0.0011330920684303747,-0.0011337345025853594
2024-03-19,1.272718071937561,1.2729123830795288,1.2669775485992432,1.272718071937561,0.0,-0.0003309029972002886,-0.00033095775767767055
2024-03-20,1.2719409465789795,1.2730096578598022,1.26850426197052,1.271779179573059,0.0,-0.0006106029101939914,-0.0006107894040706267
2024-03-21,1.2798361778259275,1.280393362045288,1.266047120094299,1.2798361778259275,0.0,0.006207230978909184,0.006188045472344951
2024-03-22,1.2661913633346558,1.2675877809524536,1.257735013961792,1.2661433219909668,0.0,-0.010661375828936448,-0.010718615495472763
2024-03-25,1.25979483127594,1.2651821374893188,1.2592713832855225,1.25979483127594,0.0,-0.005051789361340986,-0.005064592787560131
2024-03-26,1.2637910842895508,1.266784906387329,1.2625943422317505,1.2636953592300415,0.0,0.0031721459037605815,0.003167125263609993
2024-03-27,1.2628495693206787,1.2639029026031494,1.2606048583984375,1.262833595275879,0.0,-0.000744992570826164,-0.0007452702156955981
2024-03-28,1.261670470237732,1.2649741172790527,1.2586500644683838,1.261710286140442,0.0,-0.0009336813438365343,-0.0009341174957681968
2024-03-29,1.26262629032135,1.2648141384124756,1.26103413105011,1.2624191045761108,0.0,0.0007575829871313555,0.0007572961659915624
2024-04-01,1.2637271881103516,1.2643823623657229,1.2540757656097412,1.2638230323791504,0.0,0.0008719110297641386,0.0008715311361484782
2024-04-02,1.2545477151870728,1.257861614227295,1.2540757656097412,1.2547523975372314,0.0,-0.007263809000584098,-0.00729031891449369
2024-04-03,1.2576876878738403,1.2635515928268433,1.2563602924346924,1.2576559782028198,0.0,0.002502872269229961,0.002499745300946591
2024-04-04,1.2651821374893188,1.268166422843933,1.2645422220230105,1.265390396118164,0.0,0.005958911491093621,0.005941227395214044
2024-04-05,1.26401948928833,1.265006184577942,1.257576823234558,1.2639667987823486,0.0,-0.0009189571734674606,-0.0009193796734702314
2024-04-08,1.2625305652618408,1.26558256149292,1.2613521814346311,1.26262629032135,0.0,-0.0011779280613208876,-0.001178622363858893
2024-04-09,1.2658709287643433,1.2709063291549685,1.2650221586227417,1.265982985496521,0.0,0.0026457684228893275,0.002642274538930613
2024-04-10,1.2677645683288574,1.2705351114273071,1.2534940242767334,1.2677693367004397,0.0,0.001495918360620463,0.0014948005893405114
2024-04-11,1.2537612915039062,1.2577667236328125,1.2511699199676514,1.2536983489990234,0.0,-0.011045644573747682,-0.0111071006729537
2024-04-12,1.2554770708084106,1.2558870315551758,1.2428845167160034,1.2556346654891968,0.0,0.001368505564919964,0.0013675700146192826
2024-04-15,1.2461835145950315,1.249843716621399,1.2443537712097168,1.246012806892395,0.0,-0.007402410151063132,-0.007429943950889312
2024-04-16,1.2447409629821775,1.2473493814468384,1.2411398887634275,1.244694471359253,0.0,-0.0011575755865481652,-0.0011582460946599443
2024-04-17,1.2431007623672483,1.2481745481491089,1.241773247718811,1.2431007623672483,0.0,-0.0013177043768203278,-0.0013185733126502507
2024-04-18,1.2453765869140625,1.248455047607422,1.2437810897827148,1.2453609704971311,0.0,0.0018307643400365947,0.0018290905335876246
2024-04-19,1.2437657117843628,1.2468827962875366,1.2392034530639648,1.2436264753341677,0.0,-0.0012934843537498741,-0.0012943216267141031
2024-04-22,1.2375777959823608,1.2392648458480835,1.2301182746887207,1.237623691558838,0.0,-0.004975145836046968,-0.004987563076266509
2024-04-23,1.2350252866744995,1.245795488357544,1.2333345413208008,1.235010027885437,0.0,-0.0020625041239005215,-0.002064634014640608
2024-04-24,1.2453300952911377,1.2467273473739624,1.2423903942108154,1.2455006837844849,0.0,0.008343803748654732,0.008309186643746325
2024-04-25,1.2459505796432495,1.2523481845855713,1.2455781698226929,1.2459661960601809,0.0,0.0004982489016027714,0.0004981248168338195
2024-04-26,1.2509069442749023,1.2541544437408447,1.2450664043426514,1.2507973909378052,0.0,0.0039779785110514165,0.003970087275056303
2024-04-29,1.2510477304458618,1.2554926872253418,1.2508443593978882,1.2510946989059448,0.0,0.00011254727748033488,0.00011254094451066864
2024-04-30,1.2559815645217896,1.2562813758850098,1.2505627870559692,1.2559974193572998,0.0,0.003943761661411083,0.003936005419215938
2024-05-01,1.2490164041519165,1.249843716621399,1.2468206882476809,1.2489384412765503,0.0,-0.005545591246416959,-0.005561025123984904
2024-05-02,1.2539342641830444,1.2547051906585691,1.2472871541976929,1.253714084625244,0.0,0.0039373862623262035,0.003929655044253263
2024-05-03,1.2540600299835205,1.2629451751708984,1.2529915571212769,1.2539970874786377,0.0,0.00010029696457647397,0.00010029193517220886
2024-05-06,1.2541072368621826,1.2594300508499146,1.2539499998092651,1.2541072368621826,0.0,3.7643236793671875e-05,3.764252830481354e-05
2024-05-07,1.2559815645217896,1.257023572921753,1.2531641721725464,1.2559974193572998,0.0,0.0014945513465791649,0.0014934356162545454
2024-05-08,1.25014066696167,1.2505627870559692,1.2467273473739624,1.2503281831741333,0.0,-0.0046504644057761,-0.004661311457654954
2024-05-09,1.2493284940719604,1.252065896987915,1.2449114322662354,1.2493597269058228,0.0,-0.0006496652026234395,-0.0006498763265060349
2024-05-10,1.2525677680969238,1.2541544437408447,1.2503907680511477,1.252536416053772,0.0,0.002592812090922214,0.0025894565525882043
2024-05-13,1.2522854804992676,1.2569130659103394,1.2518621683120728,1.2523481845855713,0.0,-0.00022536712571263884,-0.00022539252469945095
2024-05-14,1.2561867237091064,1.259303092956543,1.2511730194091797,1.2559658288955688,0.0,0.003115298604503103,0.003110456116396519
2024-05-15,1.2585265636444092,1.2671059370040894,1.2584631443023682,1.2584631443023682,0.0,0.001862652972795198,0.0018609203858851499
2024-05-16,1.2690032720565796,1.270050883293152,1.2645422220230105,1.2689228057861328,0.0,0.008324582662627478,0.008290124425924741
2024-05-17,1.2672007083892822,1.2708579301834106,1.2645422220230105,1.2672665119171145,0.0,-0.001420456280129323,-0.0014214660845198069
2024-05-20,1.2706480026245115,1.2712942361831665,1.2691482305526731,1.270793318748474,0.0,0.0027204011269936768,0.0027167075330361812
2024-05-21,1.2710840702056885,1.27273428440094,1.269293189048767,1.2710517644882202,0.0,0.00034318519391396407,0.0003431263193448383
2024-05-22,1.2711325883865356,1.2761287689208984,1.270099401473999,1.2710356712341309,0.0,3.8170709541818226e-05,3.816998105882251e-05
2024-05-23,1.2721028327941897,1.2746973037719729,1.2706156969070437,1.2720866203308103,0.0,0.0007632912699417904,0.0007630001113102133
2024-05-24,1.2694060802459717,1.275136113166809,1.2682790756225586,1.2693737745285034,0.0,-0.002119917100015023,-0.0021221673049982826
2024-05-27,1.2736095190048218,1.2778997421264648,1.2734473943710327,1.2734473943710327,0.0,0.003311342858886901,0.003305872436092796
2024-05-28,1.2772371768951416,1.279983639717102,1.2763078212738037,1.277269721031189,0.0,0.0028483281855136156,0.002844279385173393
2024-05-29,1.275835633277893,1.2771717309951782,1.2707126140594482,1.2760001420974731,0.0,-0.001097324477083883,-0.001097926978387834
2024-05-30,1.2697993516921997,1.2747622728347778,1.268182635307312,1.2698252201080322,0.0,-0.004731237651816378,-0.0047424653847218355
2024-05-31,1.27304208278656,1.2765523195266724,1.270163893699646,1.2730258703231812,0.0,0.0025537350369875256,0.0025504797965046075
2024-06-03,1.2743724584579468,1.279394030570984,1.269551157951355,1.2744048833847046,0.0,0.0010450366797574162,0.0010444910090572396
2024-06-04,1.2810165882110596,1.2817226648330688,1.2744373083114624,1.2810165882110596,0.0,0.005213648261947368,0.005200104253249613
2024-06-05,1.277302384376526,1.2795250415802002,1.2757705450057983,1.277302384376526,0.0,-0.0028994189994997477,-0.002903630457257449
2024-06-06,1.2794759273529053,1.281065821647644,1.2765523195266724,1.279394030570984,0.0,0.0017016667337077518,0.0017002205392663231
2024-06-07,1.2793285846710205,1.281082272529602,1.2717468738555908,1.2794268131256104,0.0,-0.00011515861981836739,-0.00011516525108132957
2024-06-10,1.2729448080062866,1.273236632347107,1.2689067125320437,1.2728703022003174,0.0,-0.0049899429601000245,-0.005002434296836582
2024-06-11,1.2726370096206665,1.274941086769104,1.270761013031006,1.2725884914398191,0.0,-0.00024180026006170863,-0.00024182949845792112
2024-06-12,1.274047613143921,1.2860082387924194,1.273359775543213,1.273836612701416,0.0,0.00110840994925554,0.0011077961164914257
2024-06-13,1.27962327003479,1.2806065082550049,1.2752825021743774,1.2796725034713743,0.0,0.004376333218120809,0.004366784919457973
2024-06-14,1.2755101919174194,1.276487112045288,1.265806794166565,1.2754452228546145,0.0,-0.0032142883094481434,-0.0032194652305040463
2024-06-17,1.2683112621307373,1.269083857536316,1.265982985496521,1.268391728401184,0.0,-0.00564396100658382,-0.005659948337465119
2024-06-18,1.2715997695922852,1.2720379829406738,1.2669453620910645,1.2714234590530396,0.0,0.0025928236701322493,0.002589468101853099
2024-06-19,1.2707449197769165,1.2739989757537842,1.270244598388672,1.270825743675232,0.0,-0.0006722632669575734,-0.0006724893372324628
2024-06-20,1.2721998691558838,1.2720866203308103,1.2667046785354614,1.2720866203308103,0.0,0.0011449578560760454,0.001144302891720002
2024-06-21,1.266047120094299,1.2669775485992432,1.2625625133514404,1.266047120094299,0.0,-0.0048363069441809126,-0.004848039720768119
2024-06-24,1.2639029026031494,1.269841194152832,1.2633600234985352,1.2639667987823486,0.0,-0.0016936316643491045,-0.0016950674798470863
2024-06-25,1.268343448638916,1.270244598388672,1.267154097557068,1.2683112621307373,0.0,0.003513360105923402,0.0035072026742749614
2024-06-26,1.268399715423584,1.269196629524231,1.2620844841003418,1.2684721946716309,0.0,4.436241991734313e-05,4.436143593429381e-05
2024-06-27,1.262179970741272,1.2669453620910645,1.2613521814346311,1.262148141860962,0.0,-0.004903615639991643,-0.004915677811488188
2024-06-28,1.26457417011261,1.266175389289856,1.2620208263397217,1.2643823623657229,0.0,0.001896876378042922,0.0018950795798899707
2024-07-01,1.2648621797561646,1.269534945487976,1.2637431621551514,1.2650221586227417,0.0,0.00022775227452953573,0.00022772634291750674
2024-07-02,1.26457417011261,1.2685364484786987,1.261638641357422,1.2646220922470093,0.0,-0.00022770041524211582,-0.00022772634291756954
2024-07-03,1.269035577774048,1.2777103185653689,1.267909288406372,1.268810153007507,0.0,0.0035279920837230083,0.0035217833183497855
2024-07-04,1.2747784852981567,1.2767316102981567,1.274047613143921,1.2747784852981567,0.0,0.0045254109693142475,0.004515202085104261
2024-07-05,1.2755752801895142,1.2813777923583984,1.2756078243255615,1.2756078243255615,0.0,0.0006250457632810402,0.0006248505035378893
2024-07-08,1.2806508541107178,1.28468656539917,1.2802459001541138,1.2807377576828003,0.0,0.003979046944567299,0.003971151474640594
2024-07-09,1.281558394432068,1.2824623584747314,1.2779226303100586,1.281469702720642,0.0,0.0007086555390465321,0.0007084045612742142
2024-07-10,1.2787723541259766,1.2847524881362915,1.2785271406173706,1.2788705825805664,0.0,-0.0021739472178528008,-0.002176313671424631
2024-07-11,1.285264492034912,1.2948671579360962,1.2850496768951416,1.2854297161102295,0.0,0.005076851941620886,0.005064008181041365
2024-07-12,1.292373776435852,1.2992074489593506,1.2903226613998413,1.2925240993499756,0.0,0.005531378517805274,0.005516136623610601
2024-07-15,1.2966804504394531,1.299545168876648,1.2962770462036133,1.2967814207077026,0.0,0.0033323749538451963,0.003326834896715343
2024-07-16,1.2970000505447388,1.2980270385742188,1.2940125465393066,1.2970000505447388,0.0,0.0002464756102225074,0.0002464452400995174
2024-07-17,1.29776930809021,1.3044612407684326,1.2966804504394531,1.297808051109314,0.0,0.0005931052548133753,0.0005929294374071152
2024-07-18,1.3007453680038452,1.3012869358062744,1.2969664335250854,1.3008638620376587,0.0,0.0022932118174492366,0.002290586420191313
2024-07-19,1.2951691150665283,1.294967770576477,1.2901561260223389,1.294967770576477,0.0,-0.004286967360778937,-0.004296182752173746
2024-07-22,1.2933096885681152,1.2941465377807615,1.2906723022460938,1.2932428121566772,0.0,-0.0014356630935548065,-0.0014366946452392363
2024-07-23,1.2932428121566772,1.2934937477111816,1.2888591289520264,1.293326497077942,0.0,-5.1709510899944355e-05,-5.171084788279313e-05
2024-07-24,1.2901561260223389,1.2938284873962402,1.2878466844558716,1.2903226613998413,0.0,-0.0023867800426362606,-0.002389632942522615
2024-07-25,1.289989709854126,1.2913390398025513,1.2862894535064695,1.2898398637771606,0.0,-0.00012898917026882284,-0.00012899749008729816
2024-07-26,1.2856775522232056,1.2874983549118042,1.2850496768951416,1.2855618000030518,0.0,-0.0033427845183416904,-0.0033483841047993773
2024-07-29,1.2868356704711914,1.2888425588607788,1.2807048559188845,1.286719799041748,0.0,0.000900784373176089,0.000900378910404027
2024-07-30,1.286041259765625,1.2865046262741089,1.2821005582809448,1.2857933044433594,0.0,-0.0006173365595900648,-0.0006175271902635282
2024-07-31,1.2836971282958984,1.2854461669921875,1.282248616218567,1.283812403678894,0.0,-0.0018227498160935385,-0.001824413045948143
2024-08-01,1.2853139638900757,1.286173701286316,1.2756078243255615,1.2853471040725708,0.0,0.0012595148485869956,0.001258722325153645
2024-08-02,1.27289617061615,1.2840267419815063,1.2708903551101685,1.2728476524353027,0.0,-0.00966129181102382,-0.009708264882633343
2024-08-05,1.278788685798645,1.2816240787506104,1.2711488008499146,1.278821349143982,0.0,0.004629219034921528,0.00461853715364444
2024-08-06,1.2788705825805664,1.2801638841629028,1.2673146724700928,1.278788685798645,0.0,6.404246677416126e-05,6.404041614293718e-05
2024-08-07,1.2684721946716309,1.273577094078064,1.2683273553848269,1.2683273553848269,0.0,-0.008130914926476107,-0.00816415109817446
2024-08-08,1.2680377960205078,1.274209976196289,1.2666244506835938,1.2684882879257202,0.0,-0.0003424581578909125,-0.00034251681007686075
2024-08-09,1.2747459411621094,1.2774165868759155,1.272718071937561,1.27459979057312,0.0,0.005290177597744972,0.005276233763524821
2024-08-12,1.2750385999679563,1.2794595956802368,1.2748922109603882,1.2749898433685305,0.0,0.0002295820652546965,0.00022955571532525684
2024-08-13,1.2771228551864624,1.2836146354675293,1.276519775390625,1.2772371768951416,0.0,0.0016346604867949477,0.0016333258835589033
2024-08-14,1.2866700887680054,1.286885380744934,1.2823965549468994,1.2866203784942627,0.0,0.0074755796145775655,0.0074477759489886925
2024-08-15,1.2828736305236816,1.2870675325393677,1.279983639717102,1.2825281620025637,0.0,-0.0029506073681706546,-0.002954968991830062
2024-08-16,1.2859420776367188,1.2914557456970217,1.2858428955078125,1.2859750986099243,0.0,0.0023918545365879673,0.0023889986056003128
2024-08-19,1.294716238975525,1.2997479438781738,1.2941633462905884,1.2948336601257324,0.0,0.006823138842249499,0.006799966575764562
2024-08-20,1.299038648605347,1.3044441938400269,1.297555446624756,1.29902184009552,0.0,0.003338499587556054,0.003332939170005577
2024-08-21,1.3035430908203125,1.3078734874725342,1.301168441772461,1.303508996963501,0.0,0.003467519784574158,0.0034615217992686018
2024-08-22,1.309346079826355,1.3129045963287354,1.308215618133545,1.3092947006225586,0.0,0.004451704778236865,0.004441825250164031
2024-08-23,1.3097747564315796,1.3229963779449463,1.3092775344848633,1.3097577095031738,0.0,0.0003273974786570655,0.00032734389579749305
2024-08-26,1.3212658166885376,1.3222440481185913,1.318252444267273,1.3214752674102783,0.0,0.008773310220350217,0.008735048360165528
2024-08-27,1.3191741704940796,1.324591040611267,1.3180805444717407,1.3192107677459717,0.0,-0.0015830623694634838,-0.0015843167366987906
2024-08-28,1.3257501125335691,1.326259970664978,1.3192611932754517,1.325644612312317,0.0,0.0049848929630167405,0.004972509520463986
2024-08-29,1.319365620613098,1.3227006196975708,1.3146650791168213,1.3194527626037598,0.0,-0.004815758158428607,-0.004827391284991894
2024-08-30,1.3166210651397705,1.32013201713562,1.3126460313796997,1.316516995429993,0.0,-0.002080208420204288,-0.0020823750589682795
2024-09-02,1.3128528594970703,1.3154432773590088,1.3120776414871216,1.3130769729614258,0.0,-0.0028620274598903928,-0.002866130891774321
2024-09-03,1.314198613166809,1.3147515058517456,1.3090033531188965,1.3141123056411743,0.0,0.00102506054658269,0.0010245355307719748
2024-09-04,1.3114066123962402,1.317488431930542,1.3102381229400637,1.3113549947738647,0.0,-0.0021244892077926236,-0.0021267491363528425
2024-09-05,1.3144749402999878,1.3188087940216064,1.3138878345489502,1.3144749402999878,0.0,0.002339722763896157,0.0023369898745623546
2024-09-06,1.317748785018921,1.3234341144561768,1.3129907846450806,1.3177313804626465,0.0,0.0024906102190018764,0.0024875137896371176
2024-09-09,1.3133355379104614,1.314388632774353,1.3071553707122805,1.313232183456421,0.0,-0.0033490807645829568,-0.003354701488581269
2024-09-10,1.307138204574585,1.310753345489502,1.304988980293274,1.3069844245910645,0.0,-0.0047187738068342755,-0.004729942368415775
2024-09-11,1.3080273866653442,1.3111659288406372,1.3003225326538086,1.308215618133545,0.0,0.000680251015269473,0.0006800197494208611
2024-09-12,1.3039510250091553,1.3083868026733398,1.3032711744308472,1.3039170503616333,0.0,-0.00311641919561112,-0.003121285342511527
2024-09-13,1.313232183456421,1.3156856298446655,1.3116475343704224,1.313318371772766,0.0,0.007117720120815463,0.007092508712099702
2024-09-16,1.3137997388839722,1.3213878870010376,1.3135944604873655,1.3135944604873655,0.0,0.0004321820883625982,0.00043208872458298103
2024-09-17,1.3210737705230713,1.323031306266785,1.3159972429275513,1.3210737705230713,0.0,0.005536636538897577,0.005521365706916534
2024-09-18,1.3167423009872437,1.3252933025360107,1.3156163692474363,1.316759705543518,0.0,-0.0032787491754624476,-0.003284136051573509
2024-09-19,1.3201146125793457,1.3311856985092163,1.3155124187469482,1.3203411102294922,0.0,0.0025611021910465492,0.002557828157727889
2024-09-20,1.328179955482483,1.334133863449097,1.3270519971847534,1.328303575515747,0.0,0.0061095777792947725,0.006090989979625265
2024-09-23,1.331398367881775,1.336023211479187,1.3251352310180664,1.3312742710113523,0.0,0.0024231749515621903,0.002420243797317344
2024-09-24,1.334988713264465,1.339925765991211,1.3333333730697632,1.3349709510803225,0.0,0.0026966725131278846,0.0026930430153866646
2024-09-25,1.3427324295043943,1.3429667949676514,1.3336889743804932,1.3427324295043943,0.0,0.0058005855502654136,0.005783826929216067
2024-09-26,1.3315792083740234,1.3432915210723877,1.331416130065918,1.331487059593201,0.0,-0.008306361628941605,-0.008341051683015414
2024-09-27,1.341381549835205,1.342822551727295,1.3361660242080688,1.3412017822265625,0.0,0.007361440761117999,0.007334477600360594
2024-09-30,1.338329792022705,1.3424620628356934,1.336308836936951,1.338329792022705,0.0,-0.0022750855734335884,-0.002277677512618677
2024-10-01,1.3376137018203735,1.339046597480774,1.326470971107483,1.3377926349639893,0.0,-0.0005350625881601623,-0.0005352057852286609
2024-10-02,1.327404260635376,1.3305480480194092,1.3248717784881592,1.3274747133255005,0.0,-0.007632578203335849,-0.007661855397140441
2024-10-03,1.326611876487732,1.3265414237976074,1.309431791305542,1.3263479471206665,0.0,-0.0005969425977770948,-0.0005971208389463094
2024-10-04,1.3130252361297607,1.3175230026245115,1.3073091506958008,1.313042402267456,0.0,-0.010241609169022725,-0.010294415304146726
2024-10-07,1.3125253915786743,1.313404560089111,1.3060115575790403,1.312404751777649,0.0,-0.00038068160255610994,-0.00038075408019189096
2024-10-08,1.3084723949432373,1.31137216091156,1.3065404891967771,1.3086093664169312,0.0,-0.0030879376973896866,-0.003092715214653301
2024-10-09,1.309483289718628,1.3103755712509155,1.305841088294983,1.309414625167847,0.0,0.0007725763105872474,0.0007722780271306751
2024-10-10,1.306830883026123,1.309346079826355,1.3027619123458862,1.306711196899414,0.0,-0.002025536876514744,-0.0020275910506728644
2024-10-11,1.3062163591384888,1.308215618133545,1.3043251037597656,1.306165099143982,0.0,-0.00047023979584204234,-0.00047035039324773247
2024-10-14,1.3049037456512451,1.3072236776351929,1.303152322769165,1.3049379587173462,0.0,-0.0010048974490790563,-0.0010054026970305844
2024-10-15,1.3067454099655151,1.310186743736267,1.3036279678344729,1.3068478107452393,0.0,0.00141134112029917,0.0014103461145052827
2024-10-16,1.3065917491912842,1.3077365159988403,1.2983640432357788,1.306557536125183,0.0,-0.00011759044497816618,-0.00011759735927658352
2024-10-17,1.29902184009552,1.302032470703125,1.2975890636444092,1.2991737127304075,0.0,-0.0057936299540002345,-0.005810478134285857
2024-10-18,1.301574945449829,1.3068649768829346,1.301236271858215,1.301608681678772,0.0,0.001965406027446992,0.001963477143966601
2024-10-21,1.3052616119384766,1.3053126335144043,1.2979763746261597,1.3051422834396362,0.0,0.002832465776585247,0.0028284619041699837
2024-10-22,1.298296570777893,1.3015241622924805,1.2946492433547974,1.2983134984970093,0.0,-0.005336126564114307,-0.005350414538428016
2024-10-23,1.2982797622680664,1.2996126413345337,1.2937614917755127,1.2981956005096436,0.0,-1.294658724748654e-05,-1.294667105527057e-05
2024-10-24,1.291372299194336,1.2986844778060913,1.2912222146987915,1.29163920879364,0.0,-0.005320473502308354,-0.005334677625628749
2024-10-25,1.2973365783691406,1.2999167442321775,1.295706033706665,1.2974039316177368,0.0,0.004618559015495238,0.004607926198098944
2024-10-28,1.295823574066162,1.3000857830047607,1.294062852859497,1.295823574066162,0.0,-0.001166238837480793,-0.0011669194231956042
2024-10-29,1.2974711656570437,1.3007622957229614,1.2958402633666992,1.297555446624756,0.0,0.001271462893448927,0.0012706552690080718
2024-10-30,1.3014055490493774,1.3039339780807495,1.2939456701278689,1.301168441772461,0.0,0.0030323474590214783,0.003027759166656388
2024-10-31,1.2959579229354858,1.2998830080032349,1.2847524881362915,1.295873999595642,0.0,-0.004185955805913744,-0.004194741445021216
2024-11-01,1.2897733449935913,1.2979259490966797,1.2885435819625854,1.2894740104675293,0.0,-0.004772205819681075,-0.004783629151356963
2024-11-04,1.2953401803970337,1.3000519275665283,1.2936275005340576,1.295303225517273,0.0,0.00431613463330649,0.004306846839542004
2024-11-05,1.2954542636871338,1.3021341562271118,1.2948838472366333,1.2953367233276367,0.0,8.807206927308187e-05,8.80681911560897e-05
2024-11-06,1.3043591976165771,1.3043761253356934,1.2836312055587769,1.3040530681610107,0.0,0.006873985581010045,0.006850467456115092
2024-11-07,1.2883278131484983,1.3009145259857178,1.287747144699097,1.2883278131484983,0.0,-0.012290620940437758,-0.012366775254517497
2024-11-08,1.2982292175292969,1.2985326051712036,1.2903226613998413,1.2983640432357788,0.0,0.00768546970712447,0.007656086935722524
2024-11-11,1.2917059659957886,1.292657732963562,1.2856611013412476,1.2915725708007812,0.0,-0.0050247301827969215,-0.005037396587493651
2024-11-12,1.2874983549118042,1.2874155044555664,1.273123025894165,1.2874155044555664,0.0,-0.0032574062478225585,-0.0032627231448897295
2024-11-13,1.2739177942276,1.276242733001709,1.2689549922943115,1.273739218711853,0.0,-0.01054802177602343,-0.010604046472454552
2024-11-14,1.27068030834198,1.2720379829406738,1.2631398439407349,1.2707772254943848,0.0,-0.002541361695621025,-0.0025445964368488666
2024-11-15,1.266784906387329,1.269841194152832,1.2616068124771118,1.266640543937683,0.0,-0.0030656034638120166,-0.0030703120516819542
2024-11-18,1.261765956878662,1.2662235498428345,1.2614953517913818,1.2619729042053225,0.0,-0.003961958721927172,-0.0039698280726231504
2024-11-19,1.2679253816604614,1.2688745260238647,1.261479377746582,1.2679253816604614,0.0,0.004881590558233562,0.004869714229611471
2024-11-20,1.2694543600082395,1.2714558839797974,1.2633121013641355,1.2694865465164185,0.0,0.0012058898495870274,0.0012051633484172954
2024-11-21,1.2655344009399414,1.2661433219909668,1.2581623792648315,1.2655985355377195,0.0,-0.0030879086257757926,-0.0030926860529904327
2024-11-22,1.2584789991378784,1.2594457864761353,1.248860478401184,1.25854229927063,0.0,-0.005575037546844075,-0.00559063607058686
2024-11-25,1.2593823671340942,1.2612725496292114,1.2542331218719482,1.2589067220687866,0.0,0.0007178252452639811,0.0007175677319482824
2024-11-26,1.2533055543899536,1.261654496192932,1.2508755922317505,1.25305438041687,0.0,-0.0048252325129573,-0.004836911531826118
2024-11-27,1.2573871612548828,1.269293189048767,1.2567708492279053,1.2575452327728271,0.0,0.003256673403091881,0.003251381927557341
2024-11-28,1.2677645683288574,1.2691482305526731,1.26457417011261,1.2674914598464966,0.0,0.00825315176879804,0.008219280745922044
2024-11-29,1.2696800231933594,1.2748761177062988,1.2673628330230713,1.2696478366851809,0.0,0.0015108916216415302,0.0015097513732786636
2024-12-02,1.270163893699646,1.2722160816192627,1.2619411945343018,1.2705672979354858,0.0,0.0003810964159849384,0.00038102381718997484
2024-12-03,1.265854835510254,1.2696800231933594,1.264030694961548,1.265806794166565,0.0,-0.003392521398825954,-0.003398289047822985
2024-12-04,1.2674272060394287,1.2717468738555908,1.2635835409164429,1.2674272060394287,0.0,0.001242141266965202,0.0012413704477465314
2024-12-05,1.2701154947280884,1.2770249843597412,1.269357681274414,1.2701315879821775,0.0,0.002121059636285061,0.002118813365050758
2024-12-06,1.2759333848953247,1.2809674739837646,1.2731555700302124,1.2759333848953247,0.0,0.004580599316664324,0.00457014029850008
2024-12-09,1.2749296426773071,1.2798033952713013,1.271779179573059,1.2746647596359253,0.0,-0.0007866729015010288,-0.0007869824910024361
2024-12-10,1.2749085426330566,1.276650071144104,1.2725237607955933,1.274843454360962,0.0,-1.654996757793903e-05,-1.6550104530163482e-05
2024-12-11,1.2780042886734009,1.2782166004180908,1.2714719772338867,1.2780369520187378,0.0,0.002428210288677457,0.002425266949808693
2024-12-12,1.2766337394714355,1.2787723541259766,1.267330765724182,1.276650071144104,0.0,-0.001072413617162371,-0.0010729890640937135
2024-12-13,1.2677323818206787,1.2679253816604614,1.2609069347381592,1.2675557136535645,0.0,-0.0069725226394551365,-0.006996944261850604
2024-12-16,1.2627378702163696,1.2696800231933594,1.262817621231079,1.2629451751708984,0.0,-0.003939720776979905,-0.003947501920626198
2024-12-17,1.269035577774048,1.2720541954040527,1.2667688131332395,1.2695188522338867,0.0,0.004987343538369826,0.004974947937580983
2024-12-18,1.2710840702056885,1.2723132371902466,1.2680377960205078,1.2708903551101685,0.0,0.001614211979173552,0.0016129105393616204
2024-12-19,1.2567708492279053,1.2666244506835938,1.2526618242263794,1.2570394277572632,0.0,-0.011260640671444389,-0.01132452169921236
2024-12-20,1.2497968673706057,1.25911283493042,1.2476201057434082,1.249750018119812,0.0,-0.005549127640559148,-0.005564581245209756
2024-12-23,1.256991982460022,1.2588117122650146,1.2510946989059448,1.2571974992752075,0.0,0.005757027623660038,0.005740519269194879
2024-12-24,1.2534469366073608,1.257403016090393,1.2524266242980957,1.2533683776855469,0.0,-0.0028202613080500205,-0.002824245738158877
2024-12-25,1.2536041736602783,1.2813055515289309,1.240999698638916,1.2536041736602783,0.0,0.0001254437250794993,0.000125435857673356
2024-12-26,1.254374623298645,1.2549996376037598,1.2502655982971191,1.2543903589248655,0.0,0.0006145876462082533,0.0006143988645654343
2024-12-27,1.2529758214950562,1.2591445446014404,1.2506722211837769,1.2529443502426147,0.0,-0.001115138793154502,-0.0011157610230433052
2024-12-30,1.257880687713623,1.2607479095458984,1.2508130073547363,1.257956624031067,0.0,0.0039145737167651795,0.003906931710046649
