,Close,High,Low,Open,Volume,SimpleReturn,LogReturn
2018-01-02,85.90128326416016,85.95698556877794,84.99412797690144,85.6466432900366,13578800.0,,
2018-01-03,85.9887924194336,86.33096535870285,85.52726176851917,85.82964475651058,11901000.0,0.001018717671589675,0.001018199130876982
2018-01-04,87.22064208984375,88.01253725327506,86.54872641881045,86.67671268099618,12953700.0,0.014325700312215917,0.014224057057926355
2018-01-05,86.66071319580078,87.62859254174796,86.21277347403554,87.39662201362782,14155000.0,-0.006419683238128471,-0.006440378021414821
2018-01-08,86.78870391845703,86.93268542252277,86.148784766449,86.508741577974,12466500.0,0.001476917485863094,0.0014758279159044197
2018-01-09,87.22864532470703,87.6925802819852,86.78069949659147,86.9646782282191,13292300.0,0.005069109070500177,0.0050563043910968304
2018-01-10,88.1884994506836,88.54845006857806,87.50058867196634,87.56458179154929,15834500.0,0.011003886652183104,0.01094378439512197
2018-01-11,88.66044616699219,88.73243996128983,88.02853386519143,88.5244653477551,13676800.0,0.005351567599497731,0.005337298845773785
2018-01-12,90.124267578125,90.26824908102236,88.66045664912217,89.30837646352086,18884200.0,0.016510422340709763,0.016375607197212767
2018-01-16,89.80431365966797,90.73219587070628,88.8444409817236,89.19639714490664,22703300.0,-0.0035501416772089067,-0.003556458384742138
2018-01-17,90.3802261352539,90.62819798695058,89.03640092629911,89.50034196214891,14940300.0,0.006412971182748306,0.006392495576080177
2018-01-18,90.5962142944336,90.96416568809506,89.80431293367361,90.19626633140308,14572900.0,0.002389772281123248,0.0023869213165461176
2018-01-19,90.39623260498048,91.46008945785988,90.2282552071574,91.14013599689468,18785500.0,-0.0022073956512485005,-0.0022098355402238746
2018-01-22,91.45209503173828,91.50008683041152,89.98828414499333,90.11627041175012,12475700.0,0.011680380877948426,0.011612691808749537
2018-01-23,91.35611724853516,91.7000727569096,90.66820623178629,90.92417269596804,12320800.0,-0.0010494869818982178,-0.0010500380789740164
2018-01-24,92.5239715576172,92.78793870997998,91.71608096798175,91.8760577315652,15904500.0,0.012783537044431137,0.012702517382723244
2018-01-25,92.54794311523438,92.9238951237481,92.05201161695732,92.81991086504632,13510000.0,0.00025908483189396314,0.00025905127521479697
2018-01-26,93.04389190673828,93.04389190673828,91.95603298209387,92.54795424609344,13883900.0,0.0053588310535046535,0.005344523609729669
2018-01-29,92.94789123535156,93.86777264288284,92.80390974458386,92.80390974458386,11679900.0,-0.001031778329768751,-0.0010323109794454235
2018-01-30,92.07600402832033,93.2678470356975,91.97201977355604,92.41195879237767,14279100.0,-0.009380387176547655,-0.009424660090569468
2018-01-31,92.5239715576172,93.31587301470556,92.11602897966272,92.5079763223478,13141400.0,0.004865192989468747,0.004853396185070326
2018-02-01,93.48385620117188,93.57983982414076,92.37200114848248,92.60396563913906,13800600.0,0.01037444272435839,0.010320997518442912
2018-02-02,91.4120864868164,93.52381080524022,91.26010433952852,93.17985538429208,16477300.0,-0.022161791335363223,-0.022411053445760856
2018-02-05,87.02869415283203,91.66008699025772,83.17319537074056,90.38825517855658,30097600.0,-0.047951999592707684,-0.04913982486595197
2018-02-06,89.67634582519531,89.97230955794102,85.27691759084176,85.46889093230581,33114800.0,0.03042274387932009,0.029969148988597014
2018-02-07,90.28425598144533,91.54808691509172,88.90843400288988,89.22839359602025,21878300.0,0.006778935411072551,0.006756061742978332
2018-02-08,86.29277038574219,90.4762287680813,86.26077381634377,90.4762287680813,27425800.0,-0.04421020644533469,-0.045217271327124504
2018-02-09,88.02054595947266,88.82844253082479,84.97294451980056,87.26864185726049,28188000.0,0.020022251759991505,0.019824442509198285
2018-02-12,89.38035583496094,90.17225707846598,88.04453130088456,88.92441546872502,18043300.0,0.015448778017286724,0.015330660605924947
2018-02-13,89.93229675292969,90.42823441051128,88.62846862606898,89.04441181105376,16358200.0,0.006175192667479346,0.00615620429637752
2018-02-14,92.01201629638672,92.20398958671622,90.01227672251855,90.09226508492912,15186900.0,0.023125391194785516,0.022862051496064476
2018-02-15,92.3959732055664,92.7799198037855,91.36410680593072,92.57994583725272,12130200.0,0.0041728996345749,0.00416421723437055
2018-02-16,91.73204803466795,92.84390267750088,91.588066550567,91.6280637805419,13214300.0,-0.007185650498223839,-0.007211591628729512
2018-02-20,91.75604248046876,92.29997184483474,91.16412132306824,91.70805068743422,13461500.0,0.0002615710246842706,0.0002615368209481343
2018-02-21,92.13999938964844,93.94775950829585,91.72405015506502,91.98801723439055,14212500.0,0.004184540862923525,0.004175810019712458
2018-02-22,91.97203063964844,93.13187722042422,91.79605257024052,92.38797381056791,17070400.0,-0.001822973205042877,-0.001824636842848237
2018-02-23,93.83578491210938,93.89977804796868,92.23599313195456,92.23599313195456,12162500.0,0.02026435927856407,0.020061769479241678
2018-02-26,95.0036163330078,95.10760668711428,93.84376992694264,94.49968420329292,16511200.0,0.01244548038887583,0.012368672019275386
2018-02-27,93.87579345703124,95.4515895267572,93.86779278840466,95.11563467710492,17563300.0,-0.01187136784375975,-0.011942395218714603
2018-02-28,92.38796997070312,94.7796568352088,92.25998370637272,94.24372808444735,17735600.0,-0.01584885124842239,-0.01597578727129185
2018-03-01,90.73220825195312,93.29987381342154,90.10829031587777,92.3719975784876,18690000.0,-0.01792183245583867,-0.018084373445141164
2018-03-02,90.64421081542967,90.83618413891509,88.88444212758283,89.90030732136167,18353700.0,-0.0009698588651021467,-0.0009703294825241804
2018-03-05,92.03601837158205,92.73192998697186,89.50034988639578,89.62833615701881,13933000.0,0.015354621587322148,0.01523793234867427
2018-03-06,92.11599731445312,92.6439253349792,91.44408171238696,92.4999438561593,10674400.0,0.0008689961200643026,0.0008686187615355335
2018-03-07,91.77206420898438,92.06802180209893,90.476230584579,90.98816349978864,13006500.0,-0.0037336957259951342,-0.0037406833664536975
2018-03-08,91.78002166748048,92.17197491497116,90.55618234614973,92.07598524365768,11173700.0,8.670894094731096e-05,8.670518194438206e-05
2018-03-09,94.41971588134766,94.45171245072916,92.52396033886482,93.22787265981454,15366600.0,0.02876109817701722,0.028355260972354145
2018-03-12,94.1157455444336,94.9876290629475,93.78778532741552,94.38770719518152,12339300.0,-0.003219352378649898,-0.0032245456424784074
2018-03-13,92.9878921508789,94.76366190645362,92.65193736001908,94.5476866103859,13312300.0,-0.011983684419969998,-0.012056067625649985
2018-03-14,91.9480438232422,93.2598727902093,91.66808144054596,93.23587688636708,12905100.0,-0.01118262070022491,-0.011245616280484325
2018-03-15,92.18002319335938,92.7879459271618,91.85206897168786,92.68396163301674,8748000.0,0.0025229397001975684,0.0025197624307495897
2018-03-16,92.3399887084961,93.267864819874,92.2599942328021,92.2599942328021,19888900.0,0.0017353598924700897,0.0017338558952248323
2018-03-19,91.6120834350586,92.3479862545106,90.62821482057257,92.06802388871058,13214900.0,-0.007882882417663994,-0.007914116587075262
2018-03-20,91.70006561279295,92.3479793398054,91.54808343871493,91.8840443552412,9921200.0,0.0009603774353272865,0.0009599165679656172
2018-03-21,91.78002166748048,93.29182390003248,91.35607796560453,91.83601411673352,13633000.0,0.0008719301796920043,0.0008715502693936731
2018-03-22,87.94856262207031,90.86818423807206,87.62060843599612,90.54822461802546,22550400.0,-0.041746111798617425,-0.0426425171232527
2018-03-23,85.59684753417969,88.72443680238162,85.39687359289987,88.20450333451,23081500.0,-0.02673966484246404,-0.02710367332623859
2018-03-26,88.23651123046875,88.91642760032438,86.90868726324062,87.3406317642101,20217500.0,0.030838328423660855,0.030372382286461136
2018-03-27,86.52473449707031,89.34037136735616,85.82882899829396,88.84443373267415,18039900.0,-0.01939986871112087,-0.019590515878740316
2018-03-28,86.38876342773438,87.32464023354825,85.30890510543206,86.61273331944486,19189300.0,-0.0015714705179539212,-0.0015727065728672804
2018-03-29,87.96455383300781,88.61246756454018,86.21277984452821,86.78870587376652,13274600.0,0.018240687130469446,0.018076321548723864
2018-04-02,86.26876831054688,88.57247232059572,84.85295530663866,87.95654908351749,18822500.0,-0.019278055177545994,-0.019466300141595276
2018-04-03,87.45260620117188,87.58858701773372,85.79682219754818,86.6767063260407,14050700.0,0.013722670600366804,0.013629367366822152
2018-04-04,88.78043365478516,88.95641170825425,85.60484633369464,85.66883946272353,15302600.0,0.015183394884296542,0.015069280787322076
2018-04-05,89.94617462158203,90.7099329316387,89.55223974045234,89.74518656109379,16627000.0,0.013130606810614953,0.013045147667063684
2018-04-06,87.7031478881836,89.68087581810269,86.68213123089673,88.87692356920412,18906000.0,-0.02493743333538323,-0.02525363910508796
2018-04-09,88.75634002685547,90.8305385469825,88.34632261388394,88.44279910330948,15974300.0,0.01200860133338244,0.011937070170441601
2018-04-10,90.4526596069336,90.74208287640424,89.57634855946182,90.14715385934332,13951400.0,0.019112094747990582,0.01893175284997972
2018-04-11,88.93321228027344,89.88991141787433,88.85281213732956,89.76932347079797,14503300.0,-0.016798260363630968,-0.016940951370232642
2018-04-12,91.14405822753906,91.96408672868807,89.640665486153,89.68890065278876,16435500.0,0.02485962095126104,0.024555648041654488
2018-04-13,88.67591857910156,92.57508501519057,87.6709784598174,92.47056731723768,39152800.0,-0.027079545243375525,-0.02745295270061965
2018-04-16,88.60355377197266,89.61653506185297,88.26589538656833,89.19044146117598,16580500.0,-0.0008160592896971908,-0.0008163924473426002
2018-04-17,88.60355377197266,89.97831102711943,88.42668334142735,89.53614108442346,15501400.0,0.0,0.0
2018-04-18,87.88804626464844,89.29496248668,87.54234660474539,88.86082760212726,16081400.0,-0.008075381594350395,-0.008108164095047245
2018-04-19,89.81754302978516,89.93813708955918,88.03276811940208,88.05688570462314,17911000.0,0.02195402955399217,0.021716509902907907
2018-04-20,89.6165542602539,90.6375708730407,89.14221926456939,90.28383606983738,15584400.0,-0.0022377451303092766,-0.0022402526233954215
2018-04-23,89.18241882324219,90.00244737791628,88.94123070698409,89.69694774650213,11285800.0,-0.004844366541375322,-0.00485613851887261
2018-04-24,88.7643814086914,90.766221031511,88.10513459707435,89.8416746074742,16453100.0,-0.004687441987633489,-0.004698462495975725
2018-04-25,88.42668914794922,88.86082401497674,87.30919622739732,88.6517947530003,13548200.0,-0.0038043667446672202,-0.003811621754154448
2018-04-26,88.51513671875,89.09398328888128,87.90413132431492,88.41062514001408,10299500.0,0.0010002361464964693,0.0009997362436415897
2018-04-27,87.952392578125,88.5633981111564,87.73532199825269,88.07298666320186,9384000.0,-0.006357603473099438,-0.0063778991008246995
2018-04-30,87.45391082763672,88.67592148762144,87.4297932453697,88.2337453671662,13744900.0,-0.005667631497863979,-0.005683753465701459
2018-05-01,87.45391082763672,87.60666369355178,86.45701191403607,87.18860515536358,10503400.0,0.0,0.0
2018-05-02,86.76251983642578,88.02472454339886,86.60977308952371,86.91527271699637,12162100.0,-0.00790577556415517,-0.007937191897660784
2018-05-03,86.21582794189453,86.64192160541101,84.55968845466647,86.49720997122917,15379100.0,-0.006301014488305889,-0.00632094966544305
2018-05-04,87.17254638671875,87.42176963194817,85.20286574467445,85.56464181895389,11967900.0,0.011096784287323747,0.011035666700034946
2018-05-07,87.92826080322266,88.17748404081873,87.11626730394427,87.43784943438146,9356700.0,0.008669179091676193,0.008631817532701388
2018-05-08,89.23065185546875,89.51203389525018,87.85589434653507,88.05688239404587,12543200.0,0.014811973310387083,0.014703347363164128
2018-05-09,91.17623138427734,91.3611369745635,89.26282102466263,89.59244440494452,11368100.0,0.021803937193689338,0.021569631101195866
2018-05-10,91.8836898803711,92.00428392687589,90.64560286134667,90.99934376211594,9159700.0,0.0077592425718062685,0.007729294465817784
2018-05-11,91.53797912597656,92.23741960401333,91.38522627666954,92.04446669952004,10253000.0,-0.0037624822734549923,-0.0037695782143772096
2018-05-14,91.57012176513672,92.2132795988152,91.44148651820132,91.7389509264898,8710700.0,0.0003511399253846026,0.00035107829018896623
2018-05-15,90.87071228027344,91.57819411142373,90.5008950202032,91.57819411142373,11536200.0,-0.0076379660896067625,-0.007667284737905685
2018-05-16,91.11992645263672,91.40131458957684,90.54912120780754,90.75815046752464,7571100.0,0.0027425136890599777,0.002738759860111225
2018-05-17,90.81444549560548,91.17622768859222,90.20344006769614,91.0073923183304,8617200.0,-0.0033525154038619442,-0.0033581476753362363
2018-05-18,89.34321594238281,90.68582093071794,89.11006904181765,90.645620862677,11806300.0,-0.016200391305520534,-0.016333052370031947
2018-05-21,90.1632308959961,90.47677173005536,89.97831921078964,90.08283691125465,9441900.0,0.00917825651297477,0.009136392282126657
2018-05-22,90.85462951660156,91.88368723429392,90.27578301698264,90.32401818072827,11507600.0,0.007668299080841434,0.007639047122118207
2018-05-23,90.43659210205078,90.66169776364931,89.33518138156225,90.45267458283313,11453900.0,-0.004601168006242218,-0.004611785962271842
2018-05-24,89.42359924316406,90.16323373998424,88.53121187694937,90.15519250115608,14084800.0,-0.011201139221871936,-0.011264344405053972
2018-05-25,88.96534729003906,89.3030057187835,88.59552390579354,88.80455318087404,8283500.0,-0.00512450803818465,-0.0051376833601379955
2018-05-29,85.16265869140625,87.79157974524583,84.38282405862044,87.7755033997013,30643800.0,-0.04274348062999778,-0.04368387812820438
2018-05-30,87.10820770263672,87.30919572508566,85.741491603451,86.53740245492185,17490800.0,0.022845094800061583,0.022588053021114583
2018-05-31,86.03092956542969,86.97959343904148,85.55659456178942,86.78664048823762,19808200.0,-0.012367125505377885,-0.012444234808517042
2018-06-01,87.1484146118164,87.582549510476,86.66604454675068,87.10017331174211,13594200.0,0.012989340601473165,0.012905702606517161
2018-06-04,87.1886215209961,87.83982703277918,87.04390986656308,87.62275648429512,9415400.0,0.0004613613381123649,0.00046125494369313576
2018-06-05,86.69821166992188,87.07607022612923,86.07917110786053,87.01979381139638,10415200.0,-0.005624700133103011,-0.0056405783269412755
2018-06-06,88.72416687011719,89.02966650346241,87.21273891519587,87.35745055913175,15453600.0,0.023367900688754162,0.023099051535170955
2018-06-07,89.07791900634766,89.64068317370135,88.4588722885892,89.38341867810118,13444400.0,0.003987100118373776,0.003979172699319407
2018-06-08,89.3271484375,89.35126602724418,88.48299599443486,88.93321349311552,10383200.0,0.0027978811576703233,0.002793974373632548
2018-06-11,89.1020278930664,89.97029778105114,89.05378658795472,89.33517477782169,12642900.0,-0.0025201805763575003,-0.0025233615770141994
2018-06-12,88.58749389648438,89.66478688835376,88.04884126688123,89.35124602453097,15294100.0,-0.00577466089996892,-0.005791398722159567
2018-06-13,88.4106216430664,89.60046742690166,88.09708078559169,88.80455649128648,14979700.0,-0.0019965826510980333,-0.0019985784792390677
2018-06-14,86.8509521484375,88.7241621810334,86.64996410546374,88.65984453520142,20487300.0,-0.017641200408313407,-0.017798660995081275
2018-06-15,86.74644470214844,87.13233832816705,85.43599867405257,86.66605070786694,26028600.0,-0.0012032964947862324,-0.0012040210372980444
2018-06-18,86.97154235839844,87.14841280978783,85.77365539262668,86.23190786501372,9786800.0,0.0025948920099594375,0.0025915310905808026
2018-06-19,86.46507263183594,86.73037223020879,85.70131426386635,85.94250240820818,12707200.0,-0.0058233959388164225,-0.005840418025349124
2018-06-20,86.45701599121094,87.34136214015786,86.37662200197362,86.97154488273162,8876900.0,-9.317797787899984e-05,-9.318231921646078e-05
2018-06-21,86.43290710449219,86.9956712194457,85.64503120988846,86.10328374168455,11048700.0,-0.00027885402291938366,-0.00027889290993180074
2018-06-22,85.01795959472656,87.12431692472168,84.82501275137169,86.95548767007747,19478900.0,-0.01637047227921007,-0.016505949041088794
2018-06-25,84.24614715576172,84.97774042814898,83.5788653942609,84.94558773953985,16907600.0,-0.00907822820782822,-0.009119686423698509
2018-06-26,84.30242156982422,84.58380359101828,82.89550533018586,84.18182752255018,17086800.0,0.0006679761147825314,0.000667753118036379
2018-06-27,83.00003051757812,85.15462284341514,82.99199541113144,84.15772374748131,16276800.0,-0.01544903489121452,-0.015569614737733113
2018-06-28,84.35871887207031,84.78481262881492,83.21710802689238,83.35377845194829,14491300.0,0.016369733191898606,0.01623719357882717
2018-06-29,83.77183532714844,85.9425104277694,83.73164138845372,85.76563992323698,18972400.0,-0.006956999261829466,-0.006981312009322641
2018-07-02,84.47929382324219,84.48732892854196,83.11257148109824,83.38591840299429,11130000.0,0.008445063825222032,0.008409603775435674
2018-07-03,83.2975082397461,85.04208346697466,83.22514933459813,84.74462500600528,8311700.0,-0.013989056134498079,-0.01408782518602497
2018-07-05,83.83906555175781,84.37255427138227,83.68548256918383,84.17047399620623,10723400.0,0.006501482738871633,0.006480439259934136
2018-07-06,84.11389923095703,84.46956252027223,82.61042135685334,83.35408152242158,12173700.0,0.0032781100002785557,0.003272748711093613
2018-07-09,86.71666717529297,86.86216518734544,84.63928266082105,84.63928266082105,13900800.0,0.030943375210669366,0.030474281325446922
2018-07-10,86.1832275390625,87.622038605125,86.11047540820398,87.31487253461545,14575900.0,-0.0061515237336341455,-0.00617052230928834
2018-07-11,85.9972915649414,86.53886528628098,85.85179350295452,85.93262438916916,10186500.0,-0.0021574496503605767,-0.0021597802976302946
2018-07-12,86.36909484863281,86.94300200020018,85.65777461154921,86.82983755718688,12456800.0,0.004323430156060626,0.004314110982778108
2018-07-13,85.9730224609375,87.1370066798956,84.98686984954242,86.73284617797958,21289100.0,-0.004585811491824132,-0.004596358582341889
2018-07-16,89.38417053222656,89.5377473851465,86.47421509545403,86.53079733958286,24662600.0,0.03967695881389943,0.03891004837687974
2018-07-17,89.31948852539062,89.66706687221472,88.71324765304634,89.47307151982484,14821900.0,-0.000723640510962964,-0.0007239024651389103
2018-07-18,90.15206146240234,90.62897417202235,89.0769927980906,89.25482444686412,14244900.0,0.009321290915980107,0.009278115775131088
2018-07-19,88.82640838623047,89.79639127438064,88.69708021241082,89.772142627227,16775300.0,-0.01470463408898015,-0.014813818891176736
2018-07-20,89.9499740600586,90.32180103857996,88.73749236909734,88.91532400382512,13578100.0,0.012649004887630877,0.012569674491920499
2018-07-23,91.6231918334961,92.34259709072748,89.66705632882197,89.77213584755228,18140000.0,0.01860164820414867,0.01843075357440998
2018-07-24,92.2698745727539,92.77911475476894,91.67979732981422,91.7848830422155,14000400.0,0.007058068228325887,0.007033276650179319
2018-07-25,93.1024169921875,93.37724318373324,91.64743666341565,92.05159718063004,13329100.0,0.009022906157492905,0.008982442954713597
2018-07-26,92.83567810058594,93.4338339942624,92.61743411471772,93.29642088586388,11897800.0,-0.0028650050151108886,-0.00286911699775779
2018-07-27,93.78947448730467,94.0077245871914,92.80332198737004,93.10240294510406,12802700.0,0.010274028328691731,0.010221609230783964
2018-07-30,94.35528564453124,95.06660569785774,93.81370604487562,93.99153759995674,13411600.0,0.006032778841331021,0.006014654488005251
2018-07-31,92.91651153564452,94.63823949144378,92.81143200874162,94.63823949144378,15843800.0,-0.015248473883138658,-0.015365927381765314
2018-08-01,93.49040985107422,94.32297949462956,93.18324392409276,93.56315578093836,13531600.0,0.006176494424347201,0.00615749806314424
2018-08-02,93.88650512695312,93.96733601055122,92.41536084426367,92.60935619829934,11058100.0,0.004236747667593521,0.004227797921832289
2018-08-03,94.64633178710938,94.67866537700772,93.71676728728892,93.7652645886356,11016100.0,0.008093033808520333,0.008060460835174995
2018-08-06,94.67057037353516,95.0019788209204,93.91074655869971,94.4038229278588,9857400.0,0.00025609641671375805,0.0002560636296240826
2018-08-07,95.01815795898438,95.61631391035432,94.8403263111984,95.17173479088942,10562100.0,0.003671548445074002,0.003664824763604349
2018-08-08,95.2121353149414,95.60012595766004,94.7998898609278,94.84030837941935,8997100.0,0.002041476704281786,0.0020393957224174265
2018-08-09,94.47657012939452,95.15556307591314,94.33107208135488,94.98581638103369,9694200.0,-0.007725540269775455,-0.007755536849066743
2018-08-10,93.5469970703125,93.72482251958826,92.69825750790478,93.3610805168422,12630600.0,-0.009839191429249383,-0.00988791614454841
2018-08-13,92.05967712402344,93.66823416852168,92.00309490136269,93.40957169821544,10336300.0,-0.015899173601170213,-0.016026921326681216
2018-08-14,92.67401123046876,92.98925595210092,91.86569016638616,92.36684527923715,10597600.0,0.006673215957706313,0.006651048615756489
2018-08-15,91.90612030029295,92.41536661606813,91.31604926287292,92.00312106686954,10152100.0,-0.00828593604593375,-0.008320455228756785
2018-08-16,92.77101135253906,93.20750549325572,92.39110561000854,92.43151796542634,10118600.0,0.00941059256358745,0.009366588789696716
2018-08-17,92.77101135253906,93.01351015304854,92.39110561000854,92.66593182805198,8505100.0,0.0,0.0
2018-08-20,92.64977264404295,92.9973509860143,92.2375271298442,92.62551782920694,8618700.0,-0.001306859833999141,-0.001307714520029715
2018-08-21,93.2155990600586,94.08050248367172,92.85993576425464,93.25601758621858,10976700.0,0.00610715385335614,0.006088580770020227
2018-08-22,92.93267822265624,93.28834148150838,92.77909523960636,93.207504437587,8314700.0,-0.00303512330827882,-0.0030397386361189637
2018-08-23,92.73870086669922,93.07819431579468,92.4962020219157,92.92461130296502,9265400.0,-0.002087288988834146,-0.002089470412531964
2018-08-24,92.69825744628906,93.13475154949433,92.51234089294232,92.9407562259587,8845700.0,-0.00043610078675015984,-0.00043619590635375643
2018-08-27,94.33916473388672,94.79990756252272,93.09434936930842,93.13476789534715,13768000.0,0.01770159798902826,0.017546749411065397
2018-08-28,93.87841033935548,94.59781561180496,93.74099723495512,94.57356696596965,8302600.0,-0.004884020288190349,-0.004895986091995664
2018-08-29,93.57123565673828,94.06431193359244,93.24790604071926,94.04814206094176,7221700.0,-0.0032720481898533826,-0.0032774130454389823
2018-08-30,93.11050415039062,93.7975758126448,92.94075746915138,93.43382763827478,8991800.0,-0.004923858310879048,-0.004936020440705654
2018-08-31,92.61743927001952,92.82759832973854,92.00311346645393,92.81951955844234,13065700.0,-0.005295480728734092,-0.005309551483063434
2018-09-04,93.07818603515624,93.15093198191845,91.8495343758286,92.4234416792904,10174200.0,0.004974730123918025,0.004962397039614054
2018-09-05,92.62550354003906,93.52274037352666,92.3506773509708,92.95691812132728,11462400.0,-0.004863464947052032,-0.004875330078764622
2018-09-06,92.22943115234376,92.71442255199756,91.74443975268991,92.5527608077797,9877600.0,-0.004276061911221762,-0.00428523041000316
2018-09-07,92.40726470947266,92.77100672509263,91.84952119632167,92.55276274912072,10955600.0,0.001928164956749523,0.0019263084327725574
2018-09-10,91.91419219970705,92.93267851976664,91.87377984461774,92.83567776695124,8276900.0,-0.005335863054878098,-0.005350149615564784
2018-09-11,92.49617004394533,92.61741942441849,91.48576881833506,91.77676486467078,9333800.0,0.006331751716577072,0.006311790392465712
2018-09-12,91.40496063232422,92.85993505799934,91.219044047204,92.35069493406324,10800800.0,-0.01179734697234136,-0.011867487866887589
2018-09-13,91.76061248779295,92.253688873267,91.07354075677203,91.63936925120169,12470800.0,0.0038909469793366736,0.003883396823638522
2018-09-14,91.7444305419922,92.54466657943118,91.5261865925087,91.99500807047318,10337900.0,-0.00017634958357437558,-0.0001763651349905397
2018-09-17,92.0192642211914,92.496176841568,91.58277628660962,91.97885186939686,9561300.0,0.002995644286803989,0.002991166285228405
2018-09-18,92.39110565185548,92.68210174579838,91.79294358819467,92.41535429851729,7944200.0,0.004040908540305921,0.004032765997533376
2018-09-19,95.0747299194336,95.43038700956389,92.5042685769891,92.5042685769891,16052800.0,0.029046348657093102,0.028632498264251183
2018-09-20,95.8911361694336,96.3842125661708,95.4465632354417,95.7860566396539,15590000.0,0.0085869952056854,0.008550336670643907
2018-09-21,95.2606430053711,96.3761301007412,95.17172718858068,96.29529305493122,24788200.0,-0.006575093269814425,-0.006596804416439316
2018-09-24,94.34723663330078,95.75371357365044,94.11282278207578,95.18789128931448,12492500.0,-0.009588496815193803,-0.009634762433465558
2018-09-25,94.08049011230467,95.35763890020291,94.02390788332188,94.60590004828818,9308300.0,-0.002827284937161112,-0.0028312892565679694
2018-09-26,92.97307586669922,94.4684746046228,92.6820859892272,94.37147386746572,14023600.0,-0.01177092343251529,-0.011840749235411502
2018-09-27,92.56892395019533,93.57124649262684,92.27793404577992,93.29641412873426,13283000.0,-0.004346978012035985,-0.0043564535910140196
2018-09-28,91.21095275878906,92.342603566866,90.95229024554295,91.86569706341258,15815100.0,-0.014669838791006029,-0.014778504928682207
2018-10-01,91.7444305419922,92.64166731642362,91.37260363402056,91.63935103550008,10146300.0,0.005848834674646364,0.005831796643923919
2018-10-02,92.12435913085938,92.24560853238816,91.18670367050422,91.6312827537762,13753100.0,0.0041411624293996585,0.004132611415562244
2018-10-03,92.98924255371094,93.49040376135224,92.53658479648614,92.90841169234928,17142000.0,0.009388216439291774,0.00934442102914841
2018-10-04,93.82765197753906,95.08118432902008,92.9648335085428,93.24159046909168,16357400.0,0.009016198011763121,0.008975794772608554
2018-10-05,93.2985610961914,94.50325022984283,92.81016723154713,94.28347795890168,13777600.0,-0.0056389653817012775,-0.005654924370055336
2018-10-08,93.86835479736328,94.24278557591,92.26481010411352,92.99739476222084,14370900.0,0.006107207811966386,0.006088634401095797
2018-10-09,93.21717071533205,93.63230307292676,92.52528759279863,93.33926919817598,14069500.0,-0.006937205658253731,-0.006961379935587773
2018-10-10,90.7345199584961,93.56717213700196,90.7345199584961,93.36367675940063,23086400.0,-0.026632976926724172,-0.026994060240410338
2018-10-11,88.01582336425781,90.73452498903934,87.40533719760708,90.3275342112722,33705600.0,-0.029963200284543023,-0.030421270353344042
2018-10-12,87.0553207397461,90.21357299952398,85.9564469340773,89.83914224700945,32075700.0,-0.010912840303005877,-0.0109728221252832
2018-10-15,86.55879211425781,88.60188747440785,86.54251521629115,87.25881672036203,18903200.0,-0.005703598829675971,-0.005719926463260815
2018-10-16,88.4146728515625,88.54490666239231,86.87624831188279,87.22626060563027,19302800.0,0.021440695878183202,0.021214077670683024
2018-10-17,89.39958953857422,90.18915258634844,88.09722038202261,88.21931263874151,18794500.0,0.01113974247990801,0.011078152524044267
2018-10-18,87.98328399658203,89.4077520529293,87.75537010119653,88.7402872692198,17582500.0,-0.015842416607305343,-0.01596924902755804
2018-10-19,87.83674621582031,88.90305998833988,87.31579234499989,87.62510928800445,15234500.0,-0.0016655184269708245,-0.0016669069447349015
2018-10-22,86.57508850097656,88.18676868487614,86.37159308915783,88.03211639482114,16199100.0,-0.01436366633781927,-0.01446782237121995
2018-10-23,85.67157745361328,86.41230381201208,84.40990328257284,84.81689414933584,21407500.0,-0.010436155053460738,-0.01049099358892316
2018-10-24,84.076171875,85.49249831666651,83.7668610597496,85.27272598665473,23168900.0,-0.01862234390953188,-0.01879792296836777
2018-10-25,85.35411071777344,86.20065232347454,84.42617219444826,84.80060298366836,17464700.0,0.015199774374520914,0.015085415170696332
2018-10-26,84.18196105957031,85.10989942667943,83.62031807538472,84.6540717965727,19174900.0,-0.013732785080250887,-0.013827952049421069
2018-10-29,85.34595489501953,86.79484090114147,84.40987497336755,85.02850262222587,18445200.0,0.013827117125788213,0.013732394701732563
2018-10-30,86.8518295288086,87.07974958101288,85.35410644687049,86.04598952733508,18019700.0,0.017644358606583976,0.017490504051622804
2018-10-31,88.74029541015625,89.92871433401268,87.73910124783751,87.97515672119593,20860000.0,0.021743535992195362,0.02151051703381636
2018-11-01,88.70772552490234,89.71706106135363,88.17049463941528,89.22867329921186,13065000.0,-0.00036702475581551486,-0.0003670921258860323
2018-11-02,88.21931457519531,90.19728990987694,87.49487152189333,89.45656995871714,19009200.0,-0.0055058445791164035,-0.00552105760745705
2018-11-05,88.7972640991211,88.96006417151666,88.25189782951843,88.40655634574728,10276400.0,0.006551281051193847,0.006529914676801615
2018-11-06,89.2123794555664,89.2693579174585,87.71465633715313,88.45537634175045,10825000.0,0.0046748665137017476,0.004663973261714274
2018-11-07,90.7426528930664,90.94614825133826,89.0088684660715,89.83913300552454,12679600.0,0.017153151242448095,0.017007696920888563
2018-11-08,91.47525024414062,91.9229426095456,90.35195786847012,90.3600994233466,11662500.0,0.00807335170085377,0.0080409365460998
2018-11-09,90.5880126953125,91.45897275588692,90.2135819058324,91.35315738392084,10432200.0,-0.009699208763683687,-0.009746552468714002
2018-11-12,88.68328094482422,91.1170900738213,88.39838866506136,90.6938162208714,13279700.0,-0.021026311250416096,-0.021250512451614682
2018-11-13,89.20423889160156,90.4496359328222,88.80538965392749,88.80538965392749,13746100.0,0.005874364832098022,0.005857178025874764
2018-11-14,87.36465454101562,90.1159103628431,86.26578052340275,89.72520263711678,18361400.0,-0.02062216295372854,-0.020837769083428243
2018-11-15,89.59491729736328,89.60305884883824,86.9413366432831,88.10533009683675,19100000.0,0.02552820437583936,0.025207801200208848
2018-11-16,89.52982330322266,90.15659253492623,88.35769416802032,89.09027254870203,13798600.0,-0.0007265366842694743,-0.0007268007399514418
2018-11-19,90.21358489990234,90.5147541263346,89.15540630437494,89.50541865118598,13987000.0,0.007637249482375319,0.007608233334610196
2018-11-20,88.27632904052734,89.93685275772039,87.89376278805344,89.3589263901494,18936200.0,-0.02147410350142398,-0.021708026989235477
2018-11-21,87.61697387695312,89.22051853015489,87.61697387695312,88.74840773892248,10619600.0,-0.007469218200855554,-0.0074972524945299225
2018-11-23,86.81114196777344,87.41348663433172,86.33088957740556,86.88439733348768,6488400.0,-0.009197212292578971,-0.009239767778418935
2018-11-26,88.9356460571289,89.5217138996438,87.46233489464345,87.68211344068044,13948300.0,0.024472712156512477,0.02417805306294366
2018-11-27,89.31002807617188,89.56236028865392,88.42278524133488,88.52860678348624,9238200.0,0.004209583396993288,0.004200747888000924
2018-11-28,90.3031005859375,90.67753129335084,88.61815929748477,89.3751622653511,13977300.0,0.01111938414036362,0.011058018269954778
2018-11-29,89.5867919921875,90.18914270688629,89.24492129045164,89.75772734305542,11144300.0,-0.007932270200050606,-0.007963898019951305
2018-11-30,90.50660705566406,90.6124224174329,89.19609631368206,89.41586859125923,18652700.0,0.010267306631057682,0.010214955867630464
2018-12-03,91.3612823486328,91.89037156872476,90.954291596283,91.47523926247588,16034500.0,0.009443236474913741,0.009398927843529735
2018-12-04,87.28325653076172,90.8403524265998,86.87626569891299,90.8403524265998,23555900.0,-0.04463625852261377,-0.045663129890057635
2018-12-06,85.62272644042969,85.76110182190271,83.74242472261892,85.47620950410919,27213900.0,-0.01902461200845318,-0.0192079084251327
2018-12-07,84.076171875,87.07976638301596,83.7668610597496,85.59831991386906,19248600.0,-0.01806243073216862,-0.01822754773232722
2018-12-10,82.50515747070312,84.23893566473627,80.81207462167843,83.73427115737046,23636400.0,-0.018685608172462675,-0.018862389793940143
2018-12-11,81.6993408203125,84.37734120629896,81.56910077482623,83.94592571326608,16860700.0,-0.009766863976676365,-0.009814872644488628
2018-12-12,82.22842407226562,83.75871355849524,81.44700242852988,82.74937804494331,22621500.0,0.006475979446600055,0.006455100384808079
2018-12-13,82.30982208251953,83.0017052043056,81.94352663438329,82.6598344208612,17250900.0,0.0009899011342158204,0.0009894115051843077
2018-12-14,81.63419342041016,82.9772639406809,81.28418117828124,81.3899965221118,19879500.0,-0.008208360132670789,-0.008242234215171536
2018-12-17,80.59229278564453,81.8539601142002,80.12832367846488,81.21091412176094,25113500.0,-0.012763041944934939,-0.012845189279880865
2018-12-18,80.20976257324219,82.12261844806929,79.86789172790722,80.92606427920897,20837200.0,-0.004746486285230556,-0.004757786623371459
2018-12-19,79.19226837158203,81.87026850513543,78.63061909619212,80.10392997348956,28767900.0,-0.012685415952092494,-0.012766562825997812
2018-12-20,78.5085220336914,79.99810983691498,77.88990049534722,78.6387620692502,31825200.0,-0.00863400369695666,-0.008671492649355999
2018-12-21,76.65262603759766,80.12018849928543,76.26191844793955,78.69572106619556,41313900.0,-0.023639420893661778,-0.0239233149916679
2018-12-24,75.00025939941406,76.69334251113247,75.00025939941406,75.61074556093102,17009300.0,-0.021556556162513174,-0.021792292653943158
2018-12-26,78.10968017578125,78.10968017578125,74.16187032500015,75.44796285186847,22542900.0,0.04145880029304916,0.040622422888488934
2018-12-27,78.98877716064453,79.07831563567153,76.14798304531485,77.18173697037162,20304700.0,0.011254648372454268,0.011191786040028726
2018-12-28,78.81782531738281,80.03065593939151,78.50037304860327,79.72948056713511,17963300.0,-0.0021642548398241868,-0.002166600223947024
2018-12-31,79.46088409423828,80.42951795174264,78.7689947829238,79.43645943027569,13237200.0,0.008158798777637033,0.008125695711173265
2019-01-02,80.83650970458984,81.21908204546742,78.09339572118431,78.10153106574877,15670900.0,0.017311984708351824,0.017163839646973867
2019-01-03,79.68768310546875,81.14833574434445,79.34303599619643,80.94318776111764,16286400.0,-0.014211729369803083,-0.014313683107678046
2019-01-04,82.62539672851562,82.82233702275678,80.6477673326395,81.3288600818049,16935200.0,0.03686534114887907,0.036202066571508366
2019-01-07,82.68285369873047,83.26547328173042,81.82122957337235,82.41205682954703,15430700.0,0.0006953911568332583,0.0006951494844341667
2019-01-08,82.52693939208984,83.55267941946524,81.68993828442444,83.3967649319057,13578800.0,-0.0018856909221920404,-0.0018874710755504276
2019-01-09,82.38744354248047,83.28188587698907,82.00176427507931,82.72388302937857,14230300.0,-0.0016903068335858418,-0.001691737014038087
2019-01-10,82.37922668457031,82.65823120757986,81.46016143196572,82.07560540436401,14376100.0,-9.97343473331247e-05,-9.973932113385227e-05
2019-01-11,81.9853515625,82.19870097963496,81.19757771549922,81.96893621618484,15439900.0,-0.0047812432566095575,-0.004792709964830051
2019-01-14,82.8305435180664,83.17519059324879,80.9595950977975,81.13191863538869,21258500.0,0.010309060575560025,0.01025628461440385
2019-01-15,83.43779754638672,84.08606599891813,80.91037260096252,81.14834504004016,26504900.0,0.0073312814636772305,0.007304538248209943
2019-01-16,84.11067962646484,84.89023951875477,83.53626773326384,83.9055316273759,18533000.0,0.008064475571806007,0.008032131464495008
2019-01-17,84.45532989501953,84.93127477310854,83.63473786822622,83.79065235671546,14247600.0,0.004097580355851171,0.004089208136234126
2019-01-18,85.82569885253906,86.0800865840488,84.3814616997063,85.15281378387728,16428700.0,0.01622596180990521,0.016095727784535958
2019-01-22,84.47173309326172,85.0051128254735,83.80704938992832,84.58661545964144,17083700.0,-0.01577576154204874,-0.01590152327989856
2019-01-23,84.25838470458984,85.09538576899817,83.67576515042543,84.8820363619768,12146700.0,-0.0025256778908078203,-0.002528872795879722
2019-01-24,84.30762481689453,84.59483078006588,83.65115493830578,83.80706316938712,11296800.0,0.0005843942116541267,0.0005842235198544483
2019-01-25,84.84101104736328,85.59595422635374,84.30762496589071,84.93948434660483,14369400.0,0.006326666557469718,0.0063067372159692
2019-01-28,85.24307250976562,85.53848605369262,84.18450835413033,84.43068839427565,12283100.0,0.004738998951555162,0.004727805246729806
2019-01-29,85.48106384277344,86.25242229644157,85.12000763391123,85.24309142067113,9743300.0,0.0027919140641081697,0.0027880239110041603
2019-01-30,85.67799377441406,86.35908021774732,85.16101692799865,85.45643048005927,12526300.0,0.002303784286106225,0.0023011346437770384
2019-01-31,84.93126678466797,85.17744687379896,84.29941373814071,84.85741651430051,17520600.0,-0.008715505077210195,-0.008753707220870367
2019-02-01,85.24307250976562,86.03904754420121,84.94765896583864,85.34154577794746,13000800.0,0.003671271333891557,0.003664548666089052
2019-02-04,85.54670715332031,85.54670715332031,84.52917493152046,85.16923562363036,9871500.0,0.0035619861487266036,0.003555657300458732
2019-02-05,85.16923522949219,85.79288683508578,84.75893927382103,85.76826381882518,12763000.0,-0.004412465849230274,-0.0044222295084600655
2019-02-06,85.1281967163086,85.85032155068299,84.90663967161034,85.103579962522,8745000.0,-0.0004818466794144216,-0.00048196280483024857
2019-02-07,84.01219940185547,84.9312646157719,83.24084724614127,84.7261166336082,13177500.0,-0.013109608302548814,-0.013196297693649238
2019-02-08,83.17518615722656,83.97936262309591,82.1084143026112,83.76601326066776,12892600.0,-0.00996299645275589,-0.010012959231567482
2019-02-11,82.78130340576172,83.70857620117135,82.69103780159584,83.50342823908872,10978500.0,-0.004735580040906462,-0.004746828425869491
2019-02-12,84.1927261352539,84.45531528798665,83.61010664827248,83.65934015796635,12852300.0,0.017050018197634964,0.0169062979589256
2019-02-13,84.59481048583984,85.21846204241304,84.43890229216076,84.43890229216076,10754100.0,0.004775761149959701,0.004764393381476109
2019-02-14,84.04501342773438,84.6030161205785,83.1669804231757,84.08604552333625,11518500.0,-0.006499181864087267,-0.006520393502016021
2019-02-15,86.61347961425781,86.73656339369685,85.06256138713088,85.25950169485284,14716900.0,0.03056060177480857,0.030102927746183557
2019-02-19,86.30986785888672,86.46578234417915,85.18565455140693,86.08831077086818,12764900.0,-0.0035053637923710967,-0.0035115219753556887
2019-02-20,86.72834777832031,86.81861337553882,86.06366417510971,86.3344609667652,10030300.0,0.0048485756010865355,0.004836859115322085
2019-02-21,86.54782104492188,86.97452604053382,86.1293174599391,86.53140570242596,8400100.0,-0.0020815193419787548,-0.002083688714280638
2019-02-22,86.16213989257812,87.05658195874699,85.98160869300898,86.73655165428119,10647300.0,-0.004456278017023307,-0.00446623682105198
2019-02-25,87.06478881835938,88.0248797228087,86.7283494355314,86.77758294018462,11230700.0,0.010476166526349306,0.01042167176087447
2019-02-26,86.4001235961914,86.54783039151204,85.29232576159635,85.75185523120746,15465400.0,-0.007634144999244641,-0.007663434244965595
2019-02-27,86.29345703125,86.47398201087758,85.76007098341469,86.3098661164452,9968800.0,-0.0012345649577995,-0.0012353276609193343
2019-02-28,85.6369857788086,86.3344877605506,85.48927896121214,86.17037185683027,15156900.0,-0.0076074278980812204,-0.007636511974929906
2019-03-01,85.69441986083984,86.90889873371057,85.50568095266335,86.24421497936719,13813300.0,0.0006706691216291638,0.0006704443235982602
2019-03-04,85.49748229980469,86.91710295080898,84.74253290335454,86.0965109525711,12466300.0,-0.0022981375141457594,-0.002300782284971051
2019-03-05,85.43182373046875,85.79288617206726,84.73432186334206,85.44823281389624,10856600.0,-0.0007679590973883599,-0.0007682541290338186
2019-03-06,85.11182403564453,85.8093261539295,84.97232486411187,85.22670644286221,9070800.0,-0.0037456732263353443,-0.003752705827003134
2019-03-07,84.496337890625,84.90663378694882,83.83166054197835,84.72610259086737,12705700.0,-0.007231499876700687,-0.007257773915702482
2019-03-08,84.5291748046875,84.70970602744649,83.69216754655395,83.69216754655395,10582400.0,0.000388619375492949,0.0003885438825414939
2019-03-11,85.6287612915039,85.79288342361788,85.06255715241348,85.32514630317664,9763200.0,0.013008366512001324,0.01292448437558029
2019-03-12,85.3744125366211,85.98985668155584,85.13644004930507,85.8257344865336,10219100.0,-0.0029703659266649973,-0.0029747862189613626
2019-03-13,85.66158294677734,86.14573539507725,85.30052052842615,85.4974670805917,13022200.0,0.0033636589889631807,0.0033580145418547727
2019-03-14,86.441162109375,86.87608114758862,85.71904337116553,85.75186780389602,10926500.0,0.00910068592921065,0.00905952423165941
2019-03-15,87.43408203125,87.63923003577135,86.35090081780204,86.49860763148223,24811700.0,0.011486656329523282,0.011421185575745067
2019-03-18,87.95923614501953,88.45158996785592,87.3930258054175,87.43405789924492,12935500.0,0.006006286125150195,0.00598832029137493
2019-03-19,87.63922882080078,88.95217477941162,87.43408081912347,88.78805262169766,12889300.0,-0.0036381321421566915,-0.003644766240270072
2019-03-20,85.76826477050781,87.51612956785763,85.67800541902854,87.33559834366005,14920700.0,-0.021348476880354572,-0.021579651687147185
2019-03-21,84.414306640625,84.92306970605318,83.93015407443632,84.92306970605318,19751000.0,-0.015786236710112145,-0.01591216640714382
2019-03-22,81.86225128173828,83.96296458300763,81.66530471427967,83.55266862506475,31115200.0,-0.03023249802609318,-0.030698924901326727
2019-03-25,81.18113708496094,82.52690697134126,80.49183680183418,81.72272435112968,21032300.0,-0.008320247563595728,-0.008355054023390361
2019-03-26,81.9935531616211,82.3874400860178,81.09090319146145,81.91149521171936,15987100.0,0.010007448846274691,0.009957705921293677
2019-03-27,81.71456146240234,82.42847257073933,81.30426541922172,81.96073533193825,12753200.0,-0.0034026053081126495,-0.0034084073346302224
2019-03-28,82.6418228149414,82.71567935336499,81.84584754197584,82.0592032233302,12454100.0,0.011347565671825821,0.011283665005444398
2019-03-29,83.06852722167969,83.69217260630768,82.54334260525741,83.32290872697216,14523400.0,0.005163298584226483,0.005150014465053027
2019-04-01,85.86672973632812,85.89955416124046,83.79884105180236,83.82345780533188,17499300.0,0.033685471600827244,0.033130543739568884
2019-04-02,86.27704620361328,86.52322631877392,85.61236865754809,85.83392575269636,10295400.0,0.004778526776844982,0.0047671458593781975
2019-04-03,86.44934844970703,87.27814795492378,85.98981902611858,86.8268199420288,11499200.0,0.001997080958093145,0.001995089442953732
2019-04-04,87.28449249267578,87.42506534387037,86.36666526473067,86.44935740373613,11952100.0,0.009660501298683677,0.009614137018317415
2019-04-05,87.07776641845703,87.73926561596922,86.81316800115694,87.48293767348208,9933700.0,-0.0023684169812421274,-0.0023712261170871986
2019-04-08,87.35891723632812,87.35891723632812,86.74703449896472,86.91240616575763,8056300.0,0.003228732539142243,0.003223531374676471
2019-04-09,86.71395874023438,86.9868213590752,86.20129648050445,86.8876008825966,9092200.0,-0.007382858172898077,-0.007410246355607838
2019-04-10,87.10258483886719,87.41679984451602,86.38321113335503,86.92894269241512,10882300.0,0.004481701726904319,0.004471688807186429
2019-04-11,87.8385009765625,88.2519364383003,87.28449266335524,87.40852456358148,11183800.0,0.008448843843804399,0.008413352131824672
2019-04-12,91.9563217163086,92.48551864335874,90.02971080236274,90.49276284492537,25834100.0,0.04687945142466443,0.04581378812939616
2019-04-15,90.90621185302734,91.78269321090772,90.22817779516168,91.71654200806084,15163800.0,-0.011419659286948325,-0.011485364294209429
2019-04-16,91.86536407470705,92.10515741451631,90.84004583193872,90.87312142796672,11583200.0,0.010551008584874344,0.010495735147533415
2019-04-17,94.51134490966795,94.8090189336767,91.79093893435294,92.36147555659949,17791900.0,0.028802812263489574,0.028395808035088288
2019-04-18,93.8167953491211,95.04883153618135,93.7093043759299,94.70154718415512,12501900.0,-0.007348848555807752,-0.007375984369750389
2019-04-22,93.93254852294922,94.20541747915144,93.15529403811992,93.29586060033608,7975900.0,0.0012338214431368844,0.0012330609109697645
2019-04-23,94.0482940673828,94.56922676999817,93.3123794736644,93.43641136993112,9193100.0,0.0012322197816798663,0.001231461221962266
2019-04-24,93.8912124633789,94.3873338433645,93.2793233298219,93.65141909620532,9245700.0,-0.0016702227888508725,-0.0016716191659902882
2019-04-25,93.9408187866211,94.38732990252316,93.02299143313216,93.44469742734944,9311800.0,0.0005283382964251793,0.0005281987748883289
2019-04-26,94.65192413330078,94.74288044774632,93.9325440941019,94.22194768164452,7889300.0,0.007569716294414164,0.007541209759232265
2019-04-29,96.01624298095705,96.87618940055552,94.63536390138152,94.75939578749625,14242200.0,0.014414063529599952,0.014311168494311454
2019-04-30,95.95838165283205,96.51238370635788,95.30515280867208,96.27259036038583,11389100.0,-0.000602620206004878,-0.0006028018545416057
2019-05-01,95.22245025634766,96.74388959452912,95.18110419037632,95.68549591431176,10412900.0,-0.007669276865744923,-0.007698837003141321
2019-05-02,95.42920684814452,95.73514515028914,94.74290224796488,95.23075322085846,8613300.0,0.002171300898477835,0.002168947031368672
2019-05-03,96.01624298095705,96.47928862669325,95.64414732261292,95.91701621036052,8185400.0,0.0061515352815062485,0.006132691826314272
2019-05-06,95.1645736694336,95.4787886647924,94.03176451655476,94.41212439278284,9387000.0,-0.0088700545353807,-0.008909627653384378
2019-05-07,93.61005401611328,94.28808790310605,92.84933430066276,94.28808790310605,15017700.0,-0.016335066646966045,-0.016469954803369526
2019-05-08,93.11394500732422,93.99042625982251,92.98991309403056,93.15529108126384,9575800.0,-0.005299740652896845,-0.005313834094836105
2019-05-09,93.0395278930664,93.22144053367062,91.43540234374618,91.89844811362929,12205900.0,-0.0007992048264302554,-0.00079952436086787
2019-05-10,93.03126525878906,93.30412791566944,91.40232825191336,92.4028414832096,13189000.0,-8.880778379316556e-05,-8.881172743788265e-05
2019-05-13,90.5010223388672,91.32789328324615,90.1123982941698,91.02195507128172,13783700.0,-0.027197769619529244,-0.02757447502978022
2019-05-14,91.22039794921876,92.37801847744088,90.54236405974248,90.58371012838498,10503600.0,0.007948811977592563,0.007917386591477879
2019-05-15,90.87313842773438,91.70000955754357,89.8064739132574,90.3025953294377,10142000.0,-0.003806818752070118,-0.003814083128545882
2019-05-16,92.03899383544922,92.75010328303468,91.44364580411964,91.46845722919508,9672700.0,0.012829483254195972,0.012747882622097487
2019-05-17,91.5925064086914,92.40284283977137,90.81525188623486,90.95581845525592,9570100.0,-0.00485106809789837,-0.0048628727209035025
2019-05-20,92.07205963134766,92.45241943122475,91.2617298037688,91.43537190967854,8518200.0,0.005235725513574874,0.005222066757669143
2019-05-21,92.38629913330078,92.54340033270032,91.9645931590703,92.14650578750404,7967900.0,0.0034129735254249116,0.003407162549333681
2019-05-22,91.6338348388672,92.4359006383274,91.5759541269744,92.1134214851356,7918900.0,-0.008144760657074035,-0.008178110427530595
2019-05-23,89.83125305175781,90.7821558376702,88.88862074113838,90.65812394237304,14558000.0,-0.019671574263798175,-0.019867635158219127
2019-05-24,90.71599578857422,90.92271349102978,90.28602574321704,90.55888831598044,8537300.0,0.00984894128446201,0.009800756582803528
2019-05-28,89.73202514648438,90.8152302893782,89.66588027054459,90.29429759737972,11665500.0,-0.010846715990233124,-0.010905970481431984
2019-05-29,89.48397827148438,89.63281529990357,88.52480490866631,88.84728408548706,9966400.0,-0.002764307108806152,-0.0027681348613851917
2019-05-30,88.52481079101562,90.27777965237672,88.09484062952535,89.83953901416777,10367800.0,-0.010718873914598914,-0.010776734884679505
2019-05-31,87.61524200439453,88.13616841339078,86.68914430209897,87.28449237439436,10952800.0,-0.010274732908137518,-0.01032788235398602
2019-06-03,88.02869415283203,88.35944384553417,87.06952698337403,87.4829625221203,11680700.0,0.004718952307599222,0.004707852956666664
2019-06-04,90.74081420898438,90.873116586047,88.58268057421567,89.17802865394836,12858600.0,0.030809500041471205,0.030344415936637958
2019-06-05,91.06330871582033,91.2700264834288,89.83127258726091,90.84005630255442,8340500.0,0.003554018218232091,0.0035477176193668388
2019-06-06,91.26174926757812,91.67518474368808,90.07105307765357,91.0798366487258,8726700.0,0.0021791493693368302,0.0021767784670918876
2019-06-07,90.26123046875,90.9723336388813,90.09585250364152,90.70773520323206,10618900.0,-0.01096317796730606,-0.011023716472428249
2019-06-10,91.23695373535156,91.95633386018376,91.1377332412546,91.5759739129184,11380600.0,0.01080999296746099,0.010751982679572366
2019-06-11,91.51807403564452,92.25398865263894,91.2617460681705,91.63383546021504,9847700.0,0.0030812109434121826,0.0030764737413580116
2019-06-12,90.35220336914062,91.7000073152288,90.03799461856579,91.53462930819526,9670500.0,-0.0127392395304321,-0.012821079437382008
2019-06-13,90.57544708251952,91.08810935652627,90.17028207239112,90.50929589067512,8406900.0,0.0024708164832107915,0.0024677690349220256
2019-06-14,90.80696868896484,91.20386952601449,89.82299022660047,90.6002509487051,9077400.0,0.0025561188368674603,0.002552857521470978
2019-06-17,90.31085968017578,91.26176267664955,90.17855728028955,90.70775426278313,8128600.0,-0.005463336305040145,-0.005478314907168851
2019-06-18,91.54288482666016,92.1216982939048,90.11240157359929,90.13720669346944,11057300.0,0.013642048706516974,0.013549833681418086
2019-06-19,90.88140106201172,92.27053838401832,90.70775258823537,91.63385044476529,13126500.0,-0.007225944057814848,-0.0072521776429166065
2019-06-20,91.1129150390625,91.85709387207106,90.15374167696936,91.68345172380072,13638000.0,0.0025474296648750894,0.0025441904658479227
2019-06-21,90.49275970458984,92.33667840901876,90.20334982233462,91.11291292338,27089500.0,-0.006806448177042457,-0.006829717694052187
2019-06-24,89.84780883789062,90.76562987418058,89.74858204356387,90.3604648372656,13039600.0,-0.007127099104996204,-0.007152618199522163
2019-06-25,89.10360717773438,90.11239065370778,89.02918551861752,89.8643268680171,18660100.0,-0.008282913849340323,-0.008317407785851322
2019-06-26,89.69895935058594,90.38525741338164,89.43436091096574,89.5501223340168,10324600.0,0.006681572067716912,0.006659349298835641
2019-06-27,89.99664306640625,90.5837270700136,89.66589968950562,89.99664306640625,10906600.0,0.003318697540924953,0.0033132028177675563
2019-06-28,92.44416809082033,92.96509448082018,91.6999830275889,91.81574444758888,21634700.0,0.027195736874408905,0.026832503705859507
2019-07-01,93.99869537353516,94.69326398426968,93.50257403607834,93.62660594757382,12724500.0,0.016815850202552607,0.016676029090407482
2019-07-02,94.09793853759766,94.4286819477686,93.61835176091316,93.8581451492554,10174900.0,0.0010557929944465805,0.001055236037009721
2019-07-03,93.9480438232422,94.82240770365271,93.48171980872362,94.38105807198257,6849400.0,-0.001592964911718675,-0.0015942350293380657
2019-07-05,94.50596618652344,95.15549072304026,94.03131315190052,94.52262424566842,7929400.0,0.005938626719369955,0.005921062579323473
2019-07-08,93.9896469116211,94.49760952868192,93.68153646011648,94.06458909126,6917200.0,-0.005463351106143932,-0.005478329789580368
2019-07-09,94.38933563232422,94.50591657238364,93.39006861661926,93.4983205314788,8947300.0,0.004252476031524566,0.0042434598071396925
2019-07-10,94.11457824707033,94.78908982829265,93.88141625975896,94.40603708439716,9242300.0,-0.0029108943654837516,-0.0029151392581112873
2019-07-11,95.01390838623048,95.23041863585706,94.19784155432414,94.40602277618406,11595200.0,0.009555694302738393,0.00951032743490806
2019-07-12,96.01317596435548,96.05480839417096,94.87234065388124,95.0388830795158,10783400.0,0.010517066344255532,0.010462146728575095
2019-07-15,94.8473663330078,96.23801537588268,94.53925583626378,96.21303464566849,12946600.0,-0.01214218381631793,-0.012216502335675188
2019-07-16,95.86331939697266,96.17975265970084,94.03132029630332,94.49765068997311,16945000.0,0.010711452549961864,0.010654491339279457
2019-07-17,94.92230987548828,95.71340234492877,94.7058059750908,95.2887108656791,13120900.0,-0.009816158332548786,-0.009864654439371116
2019-07-18,95.4885711669922,95.82166242696168,94.55592326290244,94.8723564656204,9397200.0,0.005965523724050792,0.005947800438258265
2019-07-19,94.54759216308594,95.86329911689008,94.43101117762858,95.67176958181744,10402800.0,-0.009854362594458155,-0.009903238182448043
2019-07-22,95.15547943115234,95.30537017972964,93.90639197740391,94.02297931801944,9061100.0,0.006429431508079508,0.006408850880707668
2019-07-23,96.89584350585938,96.97078567693714,95.61344674643084,95.663408193816,12752200.0,0.018289688466823772,0.018124443920922127
2019-07-24,97.28724670410156,97.32887913509788,96.19637281973952,96.24634063139618,10011000.0,0.004039421961567591,0.00403128540065112
2019-07-25,96.3546142578125,97.62868256098872,96.02985199830437,97.337230065685,10138400.0,-0.009586379282843227,-0.009632624402879188
2019-07-26,96.779296875,97.02078787829592,96.20471461359976,96.4045668271874,12800400.0,0.0044074964178797416,0.004397811851576477
2019-07-29,96.47119140625,97.57871719739622,96.42122993853104,96.97915417201818,8500400.0,-0.003183588625860212,-0.003188667025350488
2019-07-30,96.25466918945312,96.6627089691902,95.56351234335006,95.92158430837608,7121100.0,-0.002244423580145094,-0.002246946073818289
2019-07-31,96.59609985351562,96.74599060741582,95.6467938632102,96.67937108275184,13648000.0,0.003547159498210828,0.0035408831656806587
2019-08-01,94.04796600341795,97.26228509610486,93.76483619232334,96.03817829744072,15664500.0,-0.0263792622472524,-0.026733437460942793
2019-08-02,94.03962707519533,94.45598954230356,92.76555894235402,93.5982838765705,11025500.0,-8.86667577938427e-05,-8.867068892318692e-05
2019-08-05,91.24166107177734,92.41580615351933,90.15911623129976,92.25758639984691,15855300.0,-0.02975305294629349,-0.03020465529441653
2019-08-06,91.95781707763672,92.0161075703864,90.2174186172182,91.64138388173664,10203500.0,0.007849002280833073,0.007818359103567072
2019-08-07,89.95928192138672,90.16746317413572,88.21888969793517,89.93430118756686,17320900.0,-0.021733173097864045,-0.021972817015134104
2019-08-08,91.48318481445312,91.666385362616,90.53387865868976,90.80867948093407,10903300.0,0.01693991837771791,0.016798038013244684
2019-08-09,91.3832550048828,91.97448909138372,90.175806094213,91.0584927088216,9980800.0,-0.0010923298065431686,-0.0010929268335528306
2019-08-12,89.6678237915039,90.35898703187084,89.27644204447235,90.30069653889936,9393700.0,-0.018771833125086568,-0.018950260451620432
2019-08-13,91.05015563964844,91.874558029037,89.12656277078456,89.89266830651005,12124700.0,0.015416141372614822,0.015298519970313874
2019-08-14,87.26956939697266,89.02661939058564,86.97811060832133,88.51865670883856,19491800.0,-0.04152201845363457,-0.04240868854290631
2019-08-15,87.6026611328125,88.58527681598393,86.88651717627127,87.28622794281011,13365600.0,0.0038168142474115374,0.003809548693556552
2019-08-16,89.70113372802734,89.91764399656881,88.16059382231586,88.57695630241017,11830600.0,0.0239544389186237,0.02367203238393078
2019-08-19,90.5088882446289,91.3915747697494,90.28404892203424,91.29164547601977,8265400.0,0.009004953260129955,0.008964650437846557
2019-08-20,89.35971069335938,90.30069393543867,89.30142020206848,89.80938292039791,8374000.0,-0.01269684749815414,-0.01277814131620397
2019-08-21,89.60954284667969,90.29237713132652,89.47630378958375,90.10917660441358,8189300.0,0.0027958030680921286,0.0027919020799326427
2019-08-22,90.53386688232422,90.99186183996817,89.87601334185123,90.24241439051664,9343400.0,0.010315017868420817,0.01026218110244867
2019-08-23,88.2854995727539,90.58382229614848,87.52772314470958,89.93429782834264,14762300.0,-0.02483454409931185,-0.025148124021747605
2019-08-26,88.99331665039062,89.09323957717945,88.2771726935309,88.7851354153311,8209500.0,0.008017365037997326,0.007985396721025462
2019-08-27,88.05233001708984,89.56788909593654,87.30287632904766,89.39301762759116,14331800.0,-0.010573677538027293,-0.010629976073073658
2019-08-28,88.93505096435547,89.27646498142256,87.46945288186127,87.50276265114397,10585500.0,0.010024958420683516,0.009975041855456192
2019-08-29,90.95020294189452,91.508127028648,89.95092937801022,90.05085864035443,10002200.0,0.02265869255921049,0.022405797439365976
2019-08-30,91.48318481445312,92.06608987389076,91.15842251659664,91.46652675378996,10170300.0,0.005860150448472545,0.00584304655522817
2019-09-03,90.4006118774414,90.7586838336829,89.36803479442348,90.75036115909096,9868800.0,-0.011833572904216272,-0.011904146942607096
2019-09-04,91.4914779663086,91.78293038173403,90.40060413545028,91.1417287146119,6929200.0,0.012067021076650475,0.011994795032731773
2019-09-05,93.57329559326172,94.69747289309032,92.59900267043616,92.64064145506136,13224700.0,0.02275422447235731,0.022499208322245237
2019-09-06,93.7731704711914,94.08128103368132,93.23189790603368,93.81480926589126,7836600.0,0.002136024777822154,0.0021337467203111646
2019-09-09,96.09645080566406,96.6460459135592,94.59754350561089,94.68914374912448,13985100.0,0.02477553358597806,0.02447359698476857
2019-09-10,97.32057189941406,97.65365681297006,96.371265918767,96.84591890909051,14333100.0,0.012738463111666265,0.012658011390915859
2019-09-11,97.5870361328125,97.59535880777972,96.07979969624785,97.33721611368176,9919200.0,0.0027380052151135814,0.0027342637067914537
2019-09-12,98.18658447265624,98.6529083288484,96.52945754205643,97.05407823345868,12283500.0,0.006143729368189632,0.006124933607673317
2019-09-13,100.11854553222656,100.26010728006597,98.88610954002996,99.09429082327212,16257200.0,0.01967642595927499,0.019485347516582072
2019-09-16,99.22750854492188,99.81874249974088,98.5779777442768,99.01099827804018,11993900.0,-0.008899819534612385,-0.008939659483538262
2019-09-17,98.7361831665039,98.76949292219676,97.62865761416528,98.6112731709523,10735400.0,-0.00495150372737152,-0.004963803038807213
2019-09-18,99.72712707519533,99.99359876574736,98.05334839378504,98.52800129111796,10665600.0,0.010036279273833548,0.009986250281160227
2019-09-19,99.41070556640624,100.21012078274224,99.16921456045256,99.67717730518493,9382600.0,-0.0031728729992442917,-0.003177917233414505
2019-09-20,99.01101684570312,100.21013668388736,98.98603610891426,99.7105028885449,21862800.0,-0.004020580262717455,-0.004028684525394729
2019-09-23,98.99435424804688,99.19421283957352,97.99508670316604,98.0783579397081,9135100.0,-0.00016829033967213913,-0.00016830450208030589
2019-09-24,97.70361328125,99.31077257986752,97.46212229974732,98.88608110528097,11696500.0,-0.013038531102114281,-0.013124278914647437
2019-09-25,98.26153564453124,98.56131710898984,97.52874003873616,97.65364368793838,9389400.0,0.005710355477593243,0.00569411320119967
2019-09-26,97.4538116455078,98.30319475482052,97.38719211670134,98.16162666780976,9899200.0,-0.008220144268306973,-0.008254115950377418
2019-09-27,98.02837371826172,98.7944790817539,97.66197273868433,98.22822591021912,10207800.0,0.0058957373041899075,0.005878425455757527
2019-09-30,98.00341796875,98.90275623838612,97.61203615956596,98.56134225481784,9755000.0,-0.0002545767981773084,-0.0002546092083510957
2019-10-01,96.2213897705078,99.09428888168463,96.10480876243147,98.59465508233065,11250300.0,-0.018183327022435414,-0.018350675451487528
2019-10-02,94.30609130859376,95.68008861154168,94.03961960493974,95.60514006975863,12548700.0,-0.019905121579329776,-0.020105897288791887
2019-10-03,94.17180633544922,94.77617226861472,92.77001063888105,94.23895312484905,12735200.0,-0.0014239268246748482,-0.0014249415718740914
2019-10-04,96.21154022216795,96.48014659777355,94.23895514685069,94.29771259138688,9453100.0,0.02165970863352662,0.021428470223979645
2019-10-07,96.0016632080078,96.95017779350604,95.7498420027566,95.85057176567295,6771600.0,-0.002181412060086707,-0.0021837948051712085
2019-10-08,93.8612289428711,94.9020778401845,93.72692895809573,94.9020778401845,10806300.0,-0.022295803985176832,-0.022548112759537654
2019-10-09,94.54112243652344,94.98600747601692,94.07106295821195,94.57469902841429,7273700.0,0.007243603150201228,0.007217494262701143
2019-10-10,95.8673858642578,96.86626883548806,94.85171779616913,94.96923268642192,10994100.0,0.014028429042873158,0.013930941307408315
2019-10-11,97.48739624023438,99.0402766882994,97.26076226516572,97.39506221970426,15076500.0,0.01689845155755476,0.016757261105126646
2019-10-14,97.74762725830078,98.10017832140382,97.08451028712736,97.24399111625772,8779000.0,0.002669381151847894,0.0026658246816248076
2019-10-15,100.69390106201172,102.0621136613753,98.939567233455,99.7621713813637,23379000.0,0.030141640123144242,0.029696307469931467
2019-10-16,100.45887756347656,101.247911570243,100.20705629201636,100.69390733466292,11087700.0,-0.002334039063502158,-0.0023367671785218514
2019-10-17,101.0212631225586,102.04532681918586,100.62674615050577,101.35702265648104,10818500.0,0.005598166859137832,0.00558255535979857
2019-10-18,101.19752502441406,101.58364620726748,100.60995070356752,100.72746556773684,10417400.0,0.0017448000193942548,0.0017432796241073287
2019-10-21,103.7073211669922,103.89198280572128,102.3978597743842,102.4482278613828,12714600.0,0.024800963679424415,0.024498411958478104
2019-10-22,104.74817657470705,105.0083871586246,103.34638747464496,103.62338315258816,12549100.0,0.01003646990397944,0.009986439017081713
2019-10-23,105.02518463134766,105.0503654758586,104.22775493204529,104.2529357765562,8828300.0,0.002644514355274241,0.002641023779750402
2019-10-24,104.94964599609376,105.4784693990572,104.14382687223832,105.1678906767466,8020500.0,-0.000719243060786301,-0.0007195018401675018
2019-10-25,105.7890167236328,106.30944425328568,104.714591479002,104.92444035972144,9055700.0,0.007997842389771082,0.007966029160547816
2019-10-28,106.19193267822266,106.77950700078613,106.09959865552273,106.24229436184817,9522200.0,0.0038086747288941236,0.0038014400910685365
2019-10-29,106.12479400634766,106.95579392017876,105.71349192432146,105.814215305343,9797300.0,-0.0006322389110144933,-0.0006324388583155446
2019-10-30,105.53721618652344,105.98209484918009,104.85730136623792,105.8058225340188,8513700.0,-0.0055366686486955086,-0.005552052809502919
2019-10-31,104.8572769165039,105.53719157825265,103.96751979865668,105.3357320615454,11589100.0,-0.006442649281347634,-0.006463492719098857
2019-11-01,107.27477264404295,107.43425347170655,105.78064292387404,105.93173440550548,11682600.0,0.02305510689033108,0.02279335344665207
2019-11-04,108.13095092773438,108.63458061954871,107.91269986727008,108.34918918003784,9159900.0,0.007981170806414806,0.0079494897191672
2019-11-05,108.3659896850586,109.3732619605614,108.1477386064557,108.60940880177505,13747600.0,0.002173649221685725,0.002171290263962194
2019-11-06,108.53385925292967,108.98712726477348,107.9294933650306,108.02182739813075,11231100.0,0.0015490982766728223,0.0015478996616260987
2019-11-07,109.12144470214844,110.20425955629368,109.0542915068907,109.48237871747608,13528900.0,0.005413844612762286,0.005399242434922707
2019-11-08,109.44039154052734,109.45717022898287,108.49187050826582,109.02069378227488,9293400.0,0.002922861214397221,0.0029185979608033577
2019-11-11,109.05429077148438,109.20538866183593,108.57584186972272,108.78569080042712,8679000.0,-0.0035279549315208047,-0.0035341928402155168
2019-11-12,108.41633605957033,109.64184643236295,108.29041903782198,108.81085300636028,9099000.0,-0.005849881810252033,-0.005867059392827396
2019-11-13,107.84553527832033,108.13093949581824,106.95577805617128,107.55175452452816,8023300.0,-0.005264896435315469,-0.00527880484157709
2019-11-14,107.94629669189452,108.14774347115944,107.09849880194648,107.20762434615662,8483400.0,0.0009343123321159386,0.0009338761340246602
2019-11-15,108.72692108154295,108.72692108154295,107.77839986735955,108.47509981666153,10163600.0,0.0072315995413583245,0.007205576906928277
2019-11-18,109.641845703125,109.66702654567516,108.27363962797904,108.75208844459227,8749300.0,0.008414885775123393,0.008379677998877047
2019-11-19,109.60829162597656,110.17068520585752,109.27252566235684,109.9524469356261,8824500.0,-0.0003060334941760168,-0.0003060803319819976
2019-11-20,108.8108367919922,109.641830094165,108.23165187947286,109.37323020914856,11782800.0,-0.007275497338336101,-0.007302092844634392
2019-11-21,109.06266784667967,109.725797565665,108.60939984294863,109.12143168858304,7705500.0,0.0023143931442131116,0.0023117190615244464
2019-11-22,109.7845458984375,110.14549267000164,109.2053736879638,109.2473332218215,8167900.0,0.006618928970017812,0.006597120041268749
2019-11-25,110.37213897705078,110.85898999256344,109.8517049628621,110.17067940947828,10068500.0,0.005352238548737676,0.005337966223274035
2019-11-26,110.52324676513672,110.64916382381276,109.42364028345052,110.64916382381276,10490700.0,0.0013690754703716834,0.0013681391410561318
2019-11-27,110.8506088256836,111.16118117734948,110.50645346898357,111.04366627605722,6607900.0,0.002961929459442292,0.0029575515888797606
2019-11-29,110.5987548828125,111.14436968421522,110.33854430732252,110.69108890716312,5712000.0,-0.0022720122653285824,-0.002274597201275142
2019-12-02,110.35533905029295,111.4213750340264,110.25461567827918,111.06042827070996,8615600.0,-0.0022008912557601734,-0.0022033167764450162
2019-12-03,108.93677520751952,109.0878730969347,107.93789225425084,108.92838586128175,10361300.0,-0.012854510302641065,-0.012937844436814304
2019-12-04,111.08560180664062,111.19472732458424,109.11302998821596,109.44039373388745,10318200.0,0.019725447123138062,0.019533421576451816
2019-12-05,111.68997955322266,111.8998284589842,110.95130730633056,111.37100511785366,9587400.0,0.005440648803739956,0.005425901938200556
2019-12-06,113.35194396972656,113.97310114810918,113.02458029110146,113.0581632781258,10170600.0,0.014880156869506278,0.01477053347294995
2019-12-09,112.82318115234376,113.70454921492332,112.82318115234376,113.00784923433804,8498200.0,-0.004664788259158725,-0.0046757023383828525
2019-12-10,112.89873504638672,113.12537549856484,111.53891794964476,111.84949029688498,7532900.0,0.0006696664042908917,0.00066944227779878
2019-12-11,112.6301040649414,113.3352061570126,112.4874083390188,112.72243810032208,9011900.0,-0.002379397619777901,-0.0023822328846690006
2019-12-12,115.85340118408205,116.23112669750398,112.65530553126072,112.8903353088638,13717400.0,0.028618433285670486,0.02821657495026276
2019-12-13,114.83769989013672,116.5332824393456,114.34245960363684,115.79461027767852,10592100.0,-0.008767125380561347,-0.008805782732697774
2019-12-16,115.2825927734375,116.54168621869084,115.26581408270997,116.15557140138324,11372000.0,0.0038741013075531683,0.0038666163026325664
2019-12-17,115.98767852783205,116.39898698513773,115.1902552648733,115.60995306728952,11546800.0,0.006116151080850729,0.006097523343612916
2019-12-18,115.87015533447266,116.69277219000924,115.60155542045877,115.96248935669983,10381500.0,-0.0010132386030227147,-0.0010137522762677304
2019-12-19,115.2909927368164,116.02126282257916,115.0811438332606,115.63513520444585,9350400.0,-0.004998375949220368,-0.005010909613037512
2019-12-20,115.19866180419922,116.5752701362108,114.91325755348778,115.85338937624368,29992600.0,-0.0008008512237200893,-0.0008011720763762885
2019-12-23,115.16509246826172,115.76106907667555,114.89649249286798,115.500858447707,9738400.0,-0.0002914038705984501,-0.00029144633695645775
2019-12-24,115.48405456542967,115.52602690938072,115.0475652430289,115.2742056538356,3324300.0,0.002769607442080213,0.0027657791463438133
2019-12-26,116.70955657958984,116.75993107357752,115.6519227527317,115.74425677946888,6770900.0,0.01061187207854597,0.010555961361137779
2019-12-27,116.79351806640624,117.32234146000587,116.39900105977826,116.92782445337792,7868200.0,0.0007194054135502004,0.0007191467655167741
2019-12-30,116.36540222167967,117.58252313460932,116.23109586776997,117.43142528442117,6963000.0,-0.0036655788079192897,-0.0036723135046627005
2019-12-31,117.01172637939452,117.07887955568644,116.07999687160223,116.2646649043653,7201600.0,0.005554263942503912,0.0055388958977224964
2020-01-02,118.43033599853516,118.43873815274172,116.8942403336752,117.3391190291188,10803700.0,0.012123653440861082,0.012050750595553326
2020-01-03,116.8674774169922,117.61933505993176,115.80305365328525,116.1578615745209,10386800.0,-0.013196437959631213,-0.013284284645196591
2020-01-06,116.77454376220705,116.80834235675412,115.31307036252512,115.36375536395884,10259000.0,-0.0007952054484204885,-0.0007955217919896251
2020-01-07,114.78933715820312,116.46200707999404,114.73865214396557,115.9720304583805,10531300.0,-0.01700033706016002,-0.01714650172430703
2020-01-08,115.6847915649414,116.2254531296646,114.55278342792542,114.63725414374524,9695300.0,0.007800850051988384,0.007770580736904707
2020-01-09,116.10719299316406,116.77456712956536,115.76927143200749,116.62251209483703,9469000.0,0.0036513133879445547,0.003644663525454892
2020-01-10,114.9498062133789,115.94664550281222,114.7301540449112,115.9128598024863,10190900.0,-0.00996826079374169,-0.01001827656310466
2020-01-13,115.90442657470705,115.90442657470705,114.68793487682214,115.05119890151266,12355200.0,0.008304671341125225,0.008270377294454375
2020-01-14,117.256103515625,118.91187409122564,116.31839210634458,116.5295882535664,24906000.0,0.011661995843158968,0.011594518873707512
2020-01-15,115.4989242553711,117.08712305306688,115.01739095975128,116.45353475275893,16293400.0,-0.014985823403382614,-0.015099245429743455
2020-01-16,115.94664001464844,116.49574462905568,115.60027537337132,116.11559428905184,10783800.0,0.0038763630238445312,0.003868869288082247
2020-01-17,116.74921417236328,116.82524168292144,116.00581258514728,116.19165331416,14697700.0,0.006921926824386082,0.006898080268406314
2020-01-21,115.60031127929688,116.63940552587508,115.47359875673313,115.89599101913078,8474200.0,-0.009840776241715976,-0.00988951670651892
2020-01-22,115.46514892578124,116.07339484786316,115.21172386690507,115.93823911325909,7549100.0,-0.0011692213629864723,-0.0011699054355578007
2020-01-23,115.3468780517578,115.5158452759245,113.8093768568782,114.6457182111015,9345700.0,-0.001024299324287492,-0.0010248242773436824
2020-01-24,112.48304748535156,115.2539395270769,111.78188771591935,115.20325452113126,15166400.0,-0.02482798507230677,-0.025141397978585115
2020-01-27,111.536865234375,112.30562200754704,109.57697244683357,110.05004957174408,12860500.0,-0.00841177645991309,-0.008447355111786929
2020-01-28,113.56436920166016,114.0205600304097,111.9170420764822,112.2211649988526,13062800.0,0.01817788193190406,0.01801463953546839
2020-01-29,113.39539337158205,114.50205874594496,112.93921551977508,113.88536981412165,9326000.0,-0.0014879299842546212,-0.0014890380513608878
2020-01-30,114.79776763916016,115.00052056402674,112.09445975954948,112.09445975954948,9048900.0,0.01236711850350658,0.012291270401514575
2020-01-31,111.815673828125,113.90229251636646,111.06381615963556,113.615068888042,12785200.0,-0.02597693206377205,-0.02632029190729695
2020-02-03,112.66891479492188,113.403886141629,112.06912496448038,112.06912496448038,10021100.0,0.007630781424332378,0.007601814279731374
2020-02-04,114.29087829589844,115.39755671195032,114.11348078664768,114.51053049453476,9157100.0,0.014395838496614966,0.014293202263993596
2020-02-05,116.23390197753906,116.35217129773986,114.89914085505062,115.37223102624291,10150700.0,0.017000689036706484,0.016857794585078814
2020-02-06,116.2507781982422,116.82522538506043,115.82838601132762,116.78299647867824,8992300.0,0.00014519189682205003,0.00014518135749873586
2020-02-07,115.87906646728516,116.30145863763627,115.14410821579771,115.50735929491438,6379800.0,-0.0031974988616693123,-0.003202621784429088
2020-02-10,116.3606185913086,116.45354539946504,115.5242773179007,115.693231635352,5960700.0,0.004155643799213626,0.00414703295900075
2020-02-11,116.58023834228516,117.27296768503764,116.39438475717527,116.79987762905776,6578600.0,0.0018874061829108335,0.001885627269863808
2020-02-12,116.58023834228516,117.67000446371496,116.41128405319962,117.08711409992776,7958000.0,0.0,0.0
2020-02-13,116.47888946533205,116.86748311164486,115.2285991405637,116.36906335684051,7447500.0,-0.00086934868545685,-0.0008697267881765871
2020-02-14,116.12407684326172,116.74076588603512,115.6847853174016,116.4450861706626,6627600.0,-0.0030461538884771766,-0.0030508028586194286
2020-02-18,114.58655548095705,116.3352653760463,114.0881357787344,116.02268638263617,8996400.0,-0.01324033227303878,-0.013328766942751334
2020-02-19,116.14939880371094,116.9096995225066,115.17788911815482,115.65942235967478,7071200.0,0.013638976372002176,0.013546802691163854
2020-02-20,116.14939880371094,116.88435702457244,115.33840019866147,115.87906163856594,7422800.0,0.0,0.0
2020-02-21,114.73015594482422,115.66786705161914,113.97829841886328,115.35530097948272,9772800.0,-0.012219114980398627,-0.012294382126218594
2020-02-24,111.64669799804688,112.52526801257054,110.49779081574016,111.03845226092064,13618400.0,-0.02687574091906786,-0.027243497775351393
2020-02-25,106.6624984741211,111.7058567946477,106.09648793052892,110.6667754134336,20797200.0,-0.04464260576710455,-0.045669773710939894
2020-02-26,106.98350524902344,108.9349553210869,106.73006732879963,107.2284935198547,24825600.0,0.003009556118547474,0.0030050364703514514
2020-02-27,102.53148651123048,106.1218202659605,102.47235186013675,103.83245528048528,23005500.0,-0.04161406683609847,-0.04250472914529678
2020-02-28,98.08792877197266,100.09851356091065,95.17342482619856,99.27907156500238,45931400.0,-0.043338469873555496,-0.044305628116801325
2020-03-02,102.65819549560548,102.70888694137092,96.69401980773551,98.52720037395144,27355400.0,0.04659356947231941,0.045540670729488524
2020-03-03,98.80598449707033,103.8662413429826,98.1977386864724,102.19357180903197,32547700.0,-0.037524631910172856,-0.038246804742653004
2020-03-04,101.24742126464844,101.5346513467982,96.89677979078282,99.96335165763358,25795900.0,0.024709401763518768,0.024409061919063422
2020-03-05,96.28008270263672,98.35825163099165,95.1058328583044,97.71621365830838,25025600.0,-0.049061383489735544,-0.050305764776239936
2020-03-06,91.3042984008789,93.19661362946896,88.71925378523345,89.76679106917574,38159400.0,-0.051680307723931174,-0.053063605436430836
2020-03-09,78.93668365478516,83.82798779314386,78.56497632797512,81.5808574195315,40352000.0,-0.13545490149645245,-0.14555180806670603
2020-03-10,85.06977844238281,85.55975489480872,79.8997025291214,83.63364767651973,31102700.0,0.077696382766973,0.0748257841772069
2020-03-11,81.06548309326172,84.52065348326413,79.87434083980054,82.53540565217664,38127000.0,-0.047070715622389625,-0.04821458125257413
2020-03-12,74.38327026367188,81.91029604423989,72.92179039092039,75.68423259003684,49725200.0,-0.0824298156824933,-0.08602620681007332
2020-03-13,87.78154754638672,87.84912539807557,77.72016254112062,81.09085039449987,38543300.0,0.18012487532775823,0.16562025942728684
2020-03-16,74.64514923095703,79.392839823977,71.42652276687465,71.97562746432985,38589700.0,-0.1496487437577695,-0.16210577222107977
2020-03-17,79.20699310302734,82.31580018653916,73.91864055682211,76.78245937249375,35239800.0,0.06111373503930806,0.059319049965275455
2020-03-18,70.86895751953125,76.69797073421668,67.8868698409747,74.06224128235037,41525600.0,-0.10526893215919098,-0.11123208872073291
2020-03-19,72.06009674072266,74.43393834293919,64.97235763119619,68.90059910876234,32175100.0,0.01680763006656516,0.01666794486432803
2020-03-20,70.53952026367188,75.57443614619433,69.67784273226516,72.9049199284361,30150800.0,-0.021101504797057413,-0.021327323948600645
2020-03-23,66.76331329345703,70.75069688336863,65.96921385702049,69.84677778995007,32536600.0,-0.05353321026425528,-0.05501939639076324
2020-03-24,74.70429229736328,76.11508084105223,70.0326351246054,71.72220409530665,34363200.0,0.11894225454332696,0.1123838234793078
2020-03-25,77.49207305908203,80.38123405625979,71.41807137921273,75.38855533824461,38111700.0,0.03731754462811687,0.03663809705802249
2020-03-26,82.89025115966797,83.27040157769451,79.02113689691805,79.47732126566615,29826300.0,0.06966103612262664,0.06734180961524192
2020-03-27,76.98519897460938,80.11934828133542,76.49522892781172,78.72545919699249,30041500.0,-0.0712394051464984,-0.07390427536678092
2020-03-30,78.98734283447266,79.48576254583149,75.43925086811389,76.57970853978681,21656900.0,0.0260068673788012,0.025674440077835505
2020-03-31,76.0559310913086,79.55333765097156,75.47302784963382,77.76239902237079,23379300.0,-0.03711242381335933,-0.03781861731509613
2020-04-01,71.2660140991211,73.12453724275669,70.32830287845948,71.89115276449763,28029600.0,-0.06297887519695189,-0.06504945185052298
2020-04-02,73.92708587646484,74.26500093111576,70.08331421454855,70.54794822034278,24018000.0,0.03733998331438282,0.03665972827759932
2020-04-03,71.7419662475586,74.6696873324883,70.64940023643723,73.40641134171862,21199400.0,-0.02955776767067042,-0.030003401762056146
2020-04-06,76.3597412109375,77.6656914907921,74.85746858598078,75.95856557994038,26820800.0,0.06436643996408509,0.06237973009040103
2020-04-07,77.366943359375,80.66169678610912,77.14501517443995,80.6190160347941,22563800.0,0.013190224750175394,0.013103991201265246
2020-04-08,80.4909896850586,80.96898285848074,77.2901285869598,78.61314726687282,22903300.0,0.04037960128749263,0.039585647794507885
2020-04-09,87.71212768554688,89.10343290398536,82.70171098917369,82.72731683488601,42055900.0,0.0897136192354302,0.08591492707386414
2020-04-13,83.81135559082031,88.01088411501733,83.05168501879899,88.01088411501733,26911900.0,-0.04447243725190497,-0.045491669304363526
2020-04-14,81.51525115966797,87.0634096155616,79.9276237574696,86.22691516762694,46151300.0,-0.02739610181658758,-0.027778373017797637
2020-04-15,77.49496459960938,78.55338061004447,76.93161004607911,77.80224771750459,30118600.0,-0.049319440262581726,-0.05057717219330171
2020-04-16,74.54165649414062,77.30719872177143,74.3026599020473,77.01699043484916,32449600.0,-0.03810967745746463,-0.03885484464708968
2020-04-17,81.24211120605469,81.68596101659602,77.6400749866515,78.5277811199018,30191900.0,0.0898887283574219,0.0860756069543587
2020-04-20,78.2802505493164,80.84093917642718,77.21329695468691,78.92896015825816,23679400.0,-0.03645720935570107,-0.03713838044362145
2020-04-21,76.00977325439453,77.99856971574116,75.39520696968904,75.64274097392695,23035000.0,-0.0290044714853267,-0.02943341573264777
2020-04-22,76.25730895996094,78.41682864080556,76.12074227763246,77.40962412398073,16662400.0,0.0032566299696479284,0.0032513386351018365
2020-04-23,76.29998779296875,77.91322116743495,76.1890269593561,76.59873350820912,16638800.0,0.0005596687529352273,0.0005595121967890532
2020-04-24,77.42668914794922,77.75957815483896,75.53177848585804,77.36694000599896,15809200.0,0.014766730474946366,0.014658763888412614
2020-04-27,80.76412963867188,81.62622353971427,78.13515415832997,78.47658064484439,22870200.0,0.043104522838957715,0.04220138464950777
2020-04-28,81.33600616455078,83.95644389888082,81.11407799630588,83.48698171839504,20238900.0,0.007080823237214373,0.007055871923013654
2020-04-29,83.5296630859375,84.88682492513158,83.02605760566651,84.57101083061536,20462600.0,0.02697030533990974,0.026613016545842815
2020-04-30,81.73719787597656,82.65904100250887,80.70438738734904,81.60062466483451,19127600.0,-0.02145902597639837,-0.021692618701196875
2020-05-01,79.59473419189453,80.01297815673456,78.39120747130265,79.8081249001838,18547700.0,-0.026211611601034912,-0.026561259314727616
2020-05-04,78.64729309082031,79.09968043192357,77.50352181423239,78.54486318801308,15725900.0,-0.011903313839707552,-0.01197472553616828
2020-05-05,78.52780151367188,80.41417509465954,78.44244651011262,79.93618186499225,18064100.0,-0.001519334899555247,-0.0015204902592242152
2020-05-06,77.0511245727539,79.17650100540455,76.76091629581471,78.66436453822635,20978000.0,-0.01880451142721573,-0.01898356447549058
2020-05-07,77.85346984863281,79.30453065836929,77.3157275762283,77.96443067914447,16771900.0,0.010413154646708778,0.01035931121593936
2020-05-08,79.1252670288086,80.30318783191893,78.62166811490917,79.21062851646434,20487800.0,0.016335780314589377,0.016203786991314337
2020-05-11,76.79505157470703,77.76811271436878,76.24877186514843,77.76811271436878,31907600.0,-0.029449700981775573,-0.02989204977356448
2020-05-12,74.28557586669922,77.49497409567338,74.17461503748294,76.94869437740135,27962900.0,-0.03267757044953046,-0.03322340627122521
2020-05-13,71.72489166259766,74.14047630720151,71.1871493633526,73.7307632371803,35451600.0,-0.034470813131967204,-0.035078947774484386
2020-05-14,74.70381164550781,75.20741707207023,70.33357437938703,70.60671420851958,35152500.0,0.041532582536664586,0.04069326547022449
2020-05-15,73.32107543945312,74.49899023487502,72.80893885501621,74.13195782213074,26099000.0,-0.018509580376115053,-0.01868302626701932
2020-05-18,77.20475769042969,77.80225559669894,75.01110141184606,75.70249175321236,30504400.0,0.05296815721400083,0.05161299263192126
2020-05-19,75.68544006347656,77.84495370873798,75.61715345115792,76.86336133337899,19597300.0,-0.019679067358065905,-0.019875278640451938
2020-05-20,77.95589447021484,78.86066898198237,77.13647493862335,77.42668317365536,20552400.0,0.029998562535067164,0.029557406643548386
2020-05-21,76.96576690673828,78.32293533539423,76.53898544688656,77.05112189627496,14621400.0,-0.012701125042633765,-0.012782473879849857
2020-05-22,76.36827087402344,77.1279413058895,75.72809872275421,76.82919560439743,13557900.0,-0.007763140117071132,-0.007793430155019269
2020-05-26,81.78839874267578,83.22238470891614,79.04846255064243,79.28745912632111,41233900.0,0.07097355756022483,0.06856810167457
2020-05-27,86.52568817138672,87.55849867384352,84.33203140735533,87.12317969771074,39402000.0,0.05792128836774868,0.05630593404070447
2020-05-28,85.23681640625,87.87432340543847,84.84417813997129,87.8657924627283,24713900.0,-0.014895827960174968,-0.015007884986009166
2020-05-29,83.0602035522461,84.65636851649694,82.60781625808,84.2125186747212,26526400.0,-0.025536064646406786,-0.02586776907892376
2020-06-01,84.16129302978516,84.93803832441176,83.11994534397114,83.43576593280298,15176800.0,0.013256522744330423,0.013169423953703132
2020-06-02,84.44297790527344,85.71478480207998,83.58941500580121,85.5952865171273,21195000.0,0.00334696468349871,0.003341376063672698
2020-06-03,89.00103759765625,89.55585501499361,86.2611003347486,86.70495687348682,25941100.0,0.05397796010339606,0.05257153918269793
2020-06-04,90.85323333740234,90.998337461377,87.7377275810482,88.6168962891118,26784700.0,0.020810945464694974,0.020597355988888344
2020-06-05,94.94181060791016,98.8169807034286,93.49074967316729,98.09999094512182,42231000.0,0.04500200070287019,0.04401879996314272
2020-06-08,96.8367156982422,97.46835698060696,95.547840310867,96.80257891037742,24881800.0,0.01995859440850145,0.019762032755077038
2020-06-09,94.35284423828124,95.28322467828036,93.04689403643462,94.44673667874312,17031100.0,-0.025650100192380343,-0.025984799801967943
2020-06-10,90.52887725830078,94.3272359937438,90.34962983438794,94.2845552447402,24913300.0,-0.040528369980276424,-0.041372531434016487
2020-06-11,82.9748306274414,86.70490203114555,82.40294517211262,85.38187721988244,36259200.0,-0.08344350288699431,-0.08713156918005187
2020-06-12,85.2453384399414,86.32082312216619,83.07728765665152,85.96232822809127,24856800.0,0.027363813765340694,0.026996117256271705
2020-06-15,86.42323303222656,86.57687459588166,81.83106753746232,82.30052316762094,22153600.0,0.013817700930532695,0.013723106886458671
2020-06-16,87.1146240234375,90.2045239428575,84.76732614184665,89.93992153828097,22193600.0,0.008000059323783004,0.007968228502134472
2020-06-17,84.9124526977539,87.52435347360188,84.68198703390316,87.51581601993395,15639800.0,-0.02527900855189502,-0.02560401155395275
2020-06-18,84.45152282714844,85.8001473783484,83.76013238915029,84.22105717709282,16591900.0,-0.005428295331971533,-0.005443082062513861
2020-06-19,83.48699951171875,85.86844119341175,82.56515637055472,85.80869204063103,40371200.0,-0.011421029285686557,-0.011486750119550172
2020-06-22,82.58222198486328,83.60649500151335,82.40297453255798,83.00900349382898,16216900.0,-0.01083734631915323,-0.010896498110612485
2020-06-23,83.58940887451172,85.330677843173,83.52112228464242,84.47711500630969,15381400.0,0.012196170863906453,0.012122396806992565
2020-06-24,80.79828643798828,82.65904775043471,80.49953414226849,82.58223019702311,22919800.0,-0.03339086224085641,-0.03396106610958505
2020-06-25,83.61503601074219,83.82842677429926,80.45685531496525,80.53367286400454,25743600.0,0.0348615013626028,0.034267602654695625
2020-06-26,79.03137969970703,81.40428984921309,78.52778075332508,81.18236168889459,41896300.0,-0.05481856529304474,-0.056378375518065696
2020-06-29,79.38134765625,80.65315452109901,78.68142635675687,79.72277410989327,18499700.0,0.004428215195947827,0.004418439499670382
2020-06-30,80.28611755371094,80.79826046047415,79.01431076282879,79.23623892161501,19137000.0,0.011397764388920706,0.011333299248924454
2020-07-01,79.60327911376953,81.69450564638227,79.40695677836636,80.99458431799813,18755700.0,-0.008505062403653896,-0.00854143683830026
2020-07-02,79.86185455322266,81.84417586375986,79.23267886133095,81.65456109152875,27845600.0,0.0032483013555706375,0.0032430370217369116
2020-07-06,81.87865447998047,82.05102796442439,80.56859890157662,81.38738281612567,18625300.0,0.02525360747055716,0.02494000390911035
2020-07-07,79.56881713867188,81.10296356247079,79.29301560827686,80.86163804532856,25757200.0,-0.02821049461521563,-0.028616056219927466
2020-07-08,80.41344451904297,80.44791394873624,79.12062390989838,79.54294346771043,18762200.0,0.010615055127677575,0.01055911098188423
2020-07-09,78.67242431640625,81.12016752589905,78.2414842125034,80.6030341407163,25600800.0,-0.021650859667184386,-0.021888678449256467
2020-07-10,82.97322082519531,83.46449237602225,79.18095243490859,79.29299451645669,28954200.0,0.054667140947532555,0.05322521093460424
2020-07-13,84.1626205444336,85.55886255366238,82.93875198120513,85.09345293433643,32079200.0,0.014334742069902928,0.014232971075766083
2020-07-14,84.64527893066406,86.14494908533793,83.29212687559532,84.78318296014609,42731700.0,0.005734830772951671,0.005718449231360412
2020-07-15,85.9553451538086,87.29987662953829,85.02451263570664,86.95512311443092,22508400.0,0.015477132802854232,0.015358583619185337
2020-07-16,86.1966781616211,87.23955286847367,84.9383333109818,85.13656216091451,16886900.0,0.002807655619096794,0.0028037215160763773
2020-07-17,84.6021957397461,86.25700477447484,84.58495444684438,86.18805275412116,16137700.0,-0.018498188745572075,-0.018671419873103022
2020-07-20,83.86097717285156,84.80042378275263,83.82650116299833,83.97301927315466,14458100.0,-0.008761221389273044,-0.008799826540306624
2020-07-21,85.67953491210938,86.23113784973216,84.15400290053877,84.21433426635295,17798100.0,0.021685386941168838,0.02145360382250804
2020-07-22,85.05899047851562,86.3000939537814,84.05920592071317,85.88639498723498,14271200.0,-0.007242621405803673,-0.007268976518722984
2020-07-23,85.30892944335938,85.62782099999745,84.43842835167304,84.89522393597969,12870200.0,0.002938419130507741,0.002934110415491308
2020-07-24,84.70560455322266,86.01566644192312,84.412568373892,85.84328641676485,12744200.0,-0.007072236096190787,-0.007097362896417575
2020-07-27,83.51622009277344,84.145389162824,82.88704444709661,84.04196771329583,11959100.0,-0.01404139037461094,-0.014140903328162105
2020-07-28,83.87821197509766,84.3694836086584,83.17147021145543,83.17147021145543,11754300.0,0.004334390157050949,0.0043250237434082125
2020-07-29,85.9122543334961,85.93810969815057,83.60241417371277,83.66274554978213,12743500.0,0.024249948949821576,0.023960587603320635
2020-07-30,83.61963653564453,84.24019149816337,82.78361804096727,84.06781804218629,14834800.0,-0.026685573736105583,-0.027048097647929807
2020-07-31,83.29212951660156,83.54207564624345,82.09411616890078,83.15423205837315,14535000.0,-0.003916628110472109,-0.003924318184357045
2020-08-03,82.82669067382812,84.09365569287664,82.6112206114219,83.61961892533316,12962800.0,-0.0055880290907998065,-0.005603700534282184
2020-08-04,82.35267639160156,82.69742329755351,81.90449489286284,82.66295386745891,13366200.0,-0.005722965367446986,-0.005739404283313067
2020-08-05,83.78340911865234,84.86938047411383,82.4992089151564,82.62849231531581,15260900.0,0.017373238973404925,0.017224049712254396
2020-08-06,83.80925750732422,84.55047525920433,83.20594379096893,84.10230029500131,10482100.0,0.00030851440570134336,0.00030846682491806726
2020-08-07,85.65367889404297,85.74848627196205,83.22317622733591,83.54207436902972,14743700.0,0.02200737056473212,0.02176870365837605
2020-08-10,86.73966217041016,87.94629631318904,86.21391448373956,86.28286650918453,14989900.0,0.01267876979003546,0.012599067168778904
2020-08-11,89.48042297363281,91.49722653140718,89.21324215350857,89.51489897874976,31518600.0,0.031597549894050836,0.031108619967996888
2020-08-12,88.72198486328125,91.72994610573888,87.66186890614628,91.49724125328942,19240800.0,-0.008476022856698462,-0.008512148618463666
2020-08-13,88.2306900024414,89.08394967107266,87.60151448072345,87.91179191943026,13598600.0,-0.005537464717419449,-0.005552853310655119
2020-08-14,88.26517486572266,89.04086196474253,87.41190853579982,87.48086054590733,12134400.0,0.00039084884500284467,0.0003907724834895829
2020-08-17,85.93809509277344,87.91180202535904,85.78295635558601,87.48086181935237,14988000.0,-0.026364642414059558,-0.02671842163099817
2020-08-18,84.7400894165039,86.11048281335654,84.56771594895228,86.11048281335654,13246500.0,-0.013940333154653262,-0.014038412168468595
2020-08-19,84.93832397460938,86.69655436809374,84.7573232871723,85.25721554396011,13533000.0,0.0023393243914475725,0.0023365924319401557
2020-08-20,83.92130279541016,84.49014047994207,83.43003119601285,83.82649541871716,13672600.0,-0.011973643128433298,-0.012045904594581098
2020-08-21,83.87821197509766,84.95556262550511,83.55069974459934,83.83511531883074,12228300.0,-0.0005134670086992532,-0.0005135988780260624
2020-08-24,86.23975372314453,86.36903710277201,83.96438991395384,84.8521257047696,17898300.0,0.02815441212251857,0.02776536209799229
2020-08-25,86.61898803710938,87.89457403779707,86.01567433277303,87.28263311187936,13648900.0,0.004397441986932149,0.004387801490933237
2020-08-26,85.40372467041016,86.4207437934162,85.36925524136805,86.13632826225283,12052400.0,-0.014029988045791697,-0.014129338681557163
2020-08-27,88.21346282958984,88.47202959509588,85.32616463436042,85.32616463436042,22163900.0,0.03289948032153189,0.032369876904689426
2020-08-28,88.5754623413086,88.98916790377386,87.7480577920049,88.89436051603447,13756700.0,0.0041036764696342765,0.004095279354208324
2020-08-31,86.35181427001953,88.06695472058952,86.20528957927851,88.01524399187313,14219400.0,-0.0251045607046414,-0.02542505548344748
2020-09-01,86.3087158203125,86.93789150101426,85.36064855164514,85.8002094634881,11595600.0,-0.0004991030017303943,-0.000499227595091901
2020-09-02,87.61014556884766,87.86009167846952,85.80881208075415,86.14494491681872,14475700.0,0.015078775488267304,0.014966220800638053
2020-09-03,87.33435821533203,90.48883762727112,86.73965852818806,89.04949867858751,23281200.0,-0.0031478928807269213,-0.003152857917862469
2020-09-04,89.22186279296875,90.67844288219376,87.36882505476963,89.67866496268584,26325500.0,0.021612394207819907,0.021382157815906952
2020-09-08,86.11909484863281,89.26495987430405,85.73987191385578,88.75645355410538,22108600.0,-0.034775870478468196,-0.03539494603946201
2020-09-09,86.93789672851562,87.64463854317725,85.80882869395563,86.87756535076257,13434000.0,0.009507785483834574,0.009462870958781936
2020-09-10,86.04153442382812,88.27380182818354,85.87777501981114,87.39468658560236,15922800.0,-0.010310374858579885,-0.010363894966183763
2020-09-11,87.11027526855469,87.36022144106876,85.83468903910827,86.16220788787787,13784300.0,0.01242122019189118,0.012344709753533299
2020-09-14,88.31689453125,89.17015437197527,87.3688273109301,87.48949005302757,19017400.0,0.013851629546289379,0.013756572516430863
2020-09-15,85.56751251220703,88.64442626433681,85.44684974354529,88.54100479155687,23683000.0,-0.031130872905298146,-0.03162573597055083
2020-09-16,85.92948150634766,87.16197085979732,85.11931832392794,85.6967766692633,19270600.0,0.004230215224370282,0.0042212930170029295
2020-09-17,84.94693756103516,85.61920327982462,84.21434047198578,85.06760030155499,18290100.0,-0.011434305526909494,-0.011500179831049688
2020-09-18,84.76593780517578,85.74848095576165,83.98163004402863,84.3694736019241,20121600.0,-0.00213073903611094,-0.0021330122902458505
2020-09-21,82.14582061767578,82.78361686208528,80.86162063474444,82.05101324555075,28378800.0,-0.030910024183558482,-0.03139781710233122
2020-09-22,81.24947357177734,82.44749354186317,80.73234657589138,81.84417323364079,19257000.0,-0.010911657332759894,-0.010971626103752685
2020-09-23,79.93080139160156,82.18031018202036,79.8618559441931,81.68903852524079,19952700.0,-0.016229916603839212,-0.016363064316688356
2020-09-24,79.86185455322266,81.27533812269326,78.75864193075319,79.56881174824002,18366500.0,-0.0008625815978138274,-0.0008629538353925217
2020-09-25,80.55997467041016,80.77544480419188,79.18096712933246,79.33610588868036,13293100.0,0.00874159661196261,0.008703610071127047
2020-09-28,82.8784408569336,83.54208601928879,81.31843251447822,81.93036694553035,20894100.0,0.028779380778219288,0.02837303228853436
2020-09-29,82.18028259277344,82.76636144056371,81.30116760890033,82.76636144056371,12848200.0,-0.008423882700270946,-0.008459564125542067
2020-09-30,82.97322082519531,83.77476983713669,82.10272638071494,82.18029245818084,16400600.0,0.00964876497627909,0.009602512922295343
2020-10-01,83.57655334472656,84.26605380106365,82.76638356851345,83.70583673517301,15778700.0,0.007271412553724099,0.007245103293468204
2020-10-02,84.36947631835938,84.9727900002051,81.95620843972462,82.09411246736133,15149600.0,0.009487385419715277,0.009442662823156865
2020-10-05,86.1527328491211,86.33540646438654,84.83921498319113,85.52641951870035,13871900.0,0.021136275920841108,0.02091600326389295
2020-10-06,85.26547241210938,87.73593036167065,84.82183923477623,87.04872567308324,19220400.0,-0.01029869172653608,-0.010352090191445522
2020-10-07,86.7529525756836,87.29227279214865,85.83087720510122,86.08314267010483,16358500.0,0.01744528144270241,0.017294859436664468
2020-10-08,88.53619384765625,88.6579762533266,86.90082537390921,87.43145155717716,15659000.0,0.020555395741913784,0.020346984736107635
2020-10-09,88.03164672851562,88.82323885618574,87.08348293952226,88.72755174983787,13689100.0,-0.005698766766603858,-0.00571506669375438
2020-10-12,89.11032104492188,89.59745069194823,87.72721131619534,87.94468085670977,16058000.0,0.012253256146994795,0.01217879266686619
2020-10-13,87.66632080078125,89.78882565664509,87.21398707307183,89.59745139762212,21697300.0,-0.01620463518937032,-0.016337366147925202
2020-10-14,87.17919158935547,88.66668246929041,87.07480381936847,87.88379078599733,15204100.0,-0.005556628896663307,-0.0055721243874646545
2020-10-15,88.48401641845703,88.53620698959317,86.15274244914076,86.2049330202769,17171200.0,0.014967159081352266,0.014856256385422812
2020-10-16,88.30133819580078,89.01463805639928,87.61413361941476,88.21435170287785,13275000.0,-0.0020645335739771786,-0.0020666676611852423
2020-10-19,86.81383514404297,88.6144825063631,86.60505962620653,88.37961170795786,11725700.0,-0.016845758876942507,-0.01698926257510658
2020-10-20,87.30967712402344,88.52750129193018,87.09220757451952,87.2574799192246,11257100.0,0.005711554836366428,0.005695305749383654
2020-10-21,86.43978881835938,87.84898708691107,86.40499289811025,87.30096627543465,10730500.0,-0.009963251890490743,-0.0100132172398711
2020-10-22,89.49308013916016,89.80623686867463,86.38761476867904,86.39631541023361,14837200.0,0.03532275312722977,0.034713216875999105
2020-10-23,90.30205535888672,90.85877688545324,89.53656491901879,90.03239523601222,15087600.0,0.009039528178811373,0.008998916202553733
2020-10-26,88.06645202636719,89.33647318445006,87.20527461412362,89.29298326388508,12410700.0,-0.024756948484002894,-0.025068555444134423
2020-10-27,86.40501403808594,87.78811736400365,86.25713631832961,87.4314707083181,10391700.0,-0.018865730934451763,-0.019045959194846588
2020-10-28,83.9780502319336,85.50903786817776,83.56920637708618,84.8131325871637,16389500.0,-0.028088228827583772,-0.02849024904032867
2020-10-29,84.52605438232422,85.23066016456188,82.84718936403375,83.61268634852472,14208800.0,0.0065255641072532455,0.006504364788824064
2020-10-30,85.28284454345703,85.61339581219995,83.70836740175864,85.169762786513,15194500.0,0.008953335946686236,0.008913492479100773
2020-11-02,87.20526885986328,87.7532896066492,85.12626098605578,86.45717325442334,15011600.0,0.022541747132116985,0.02229143659242756
2020-11-03,89.95410919189453,91.11104217133472,89.32779581667165,89.61485058311207,17482600.0,0.031521493689200986,0.031034890625891442
2020-11-04,87.20526885986328,88.78844654277614,86.05703017375771,87.85767735507423,18886500.0,-0.03055825194341355,-0.03103489062589133
2020-11-05,90.77178192138672,91.42419052164102,87.85769150091285,87.90988206520728,17837400.0,0.040897907983687753,0.04008371372238245
2020-11-06,89.56266021728516,91.42419906639714,89.06682990021596,91.36330785681476,12552800.0,-0.013320457949682285,-0.013409971041961035
2020-11-09,101.6887664794922,103.42852294060704,95.99106141468334,98.43542375546778,47792400.0,0.1353924306489811,0.1269783450500232
2020-11-10,101.3581771850586,102.1671639549683,99.7663055588716,102.08017748611996,20539300.0,-0.0032509912931265594,-0.0032562872465010852
2020-11-11,99.84461975097656,101.74095451175502,99.13131988517792,101.68006330260064,14443400.0,-0.014932760987982241,-0.015045377183494543
2020-11-12,98.61808013916016,99.13130501983666,97.47853534351854,97.88737910223672,22063000.0,-0.012284483779652078,-0.012360561744907121
2020-11-13,99.2356948852539,99.91419873896004,98.79205519758328,99.77501505786998,11847900.0,0.006262692857356811,0.006243163690813473
2020-11-16,102.03670501708984,103.17624321812774,100.67099664906011,102.462943432978,19858600.0,0.028225832802145856,0.027834824620628633
2020-11-17,101.0015640258789,101.28862544085366,99.67065136672512,100.37525062471374,14553200.0,-0.010144790455920427,-0.01019659953529047
2020-11-18,100.25344848632812,103.17623935924708,100.20995192777228,102.07149048370194,12571200.0,-0.007406969850081713,-0.0074345376649363705
2020-11-19,100.52310943603516,100.74927959652383,98.78335326504587,99.32268006724406,10202500.0,0.0026897922593036583,0.0026861812419129577
2020-11-20,99.66193389892578,100.6014038420522,99.24438948976628,99.54015149555494,12718900.0,-0.00856694089489296,-0.008603848071952802
2020-11-23,102.53255462646484,102.793514126884,100.53183194002855,100.9493764320016,13209200.0,0.028803582423459373,0.028396556633043454
2020-11-24,107.27336883544922,107.42994716155528,104.1331083105646,104.44626496277672,20121600.0,0.04623716073646644,0.04520007104872702
2020-11-25,106.15122985839844,106.45568588436063,104.79422206459914,105.57711372896166,11715600.0,-0.010460555021554963,-0.010515651188372036
2020-11-27,105.44664001464844,106.42960002453792,105.3248575934814,106.12514397162032,5983600.0,-0.006637604149192566,-0.006659731010863955
2020-11-30,102.5412368774414,105.01169434543915,102.4455497472621,104.3853809975906,14411800.0,-0.027553302189651685,-0.027940014441141758
2020-12-01,104.15921783447266,105.75979723537424,104.06353069784376,104.68114344731116,12668900.0,0.015778832070897364,0.015655640489888926
2020-12-02,106.15994262695312,106.3948068347733,103.75037615338016,104.1244240670526,10811300.0,0.01920833157234325,0.019026180421995872
2020-12-03,105.46403503417967,106.02945721254852,104.69854457888673,105.99466128685644,12904400.0,-0.006555274763277441,-0.0065768549379040565
2020-12-04,106.4208755493164,107.2472636640318,105.85546013623652,106.54266457985104,13583700.0,0.009072671217506878,0.009031761788352579
2020-12-07,106.020751953125,106.27301742591932,104.56805696115036,105.38574458768063,9724300.0,-0.003759822442035654,-0.003766908341157916
2020-12-08,106.1251449584961,106.41220636962107,105.04649780242424,105.29006264702326,9592100.0,0.0009846469058929497,0.0009841624591082458
2020-12-09,105.29874420166016,107.25596988097249,104.76811804211516,107.14288148316064,13073900.0,-0.007787040075743823,-0.007817517394147511
2020-12-10,104.62024688720705,105.06388662192644,104.00263416931809,104.3766820561121,13668400.0,-0.006443546118211074,-0.0064643953718421104
2020-12-11,104.00261688232422,104.40275998641874,102.96746652223028,103.46329674215642,9981600.0,-0.005903541840698412,-0.005921036631966357
2020-12-14,102.90660095214844,105.62061687957488,102.74132195879818,105.55102502588588,12112400.0,-0.010538349543799397,-0.01059427117748065
2020-12-15,104.6637191772461,105.1682500027262,103.1849292533408,103.76774591209764,12590200.0,0.017074883523892748,0.016930746139308207
2020-12-16,104.96819305419922,105.32484627546611,104.26359388792709,104.64634239140504,11169400.0,0.0029090680070091857,0.0029048448569791436
2020-12-17,104.09833526611328,105.64671758863096,104.0200494041779,105.48144522344134,11618000.0,-0.008286870172536931,-0.00832139716058681
2020-12-18,103.58509063720705,104.28098916811588,102.8804848299833,103.63728120194824,28954800.0,-0.004930382677054257,-0.004942577112392326
2020-12-21,107.47344207763672,108.73476266995084,105.33353610804603,107.1428841516684,28323600.0,0.037537751972898326,0.03685035990446676
2020-12-22,105.83807373046876,107.44734699299812,105.78588316479392,107.33426522182144,11788200.0,-0.01521648805094189,-0.015333446789563216
2020-12-23,108.79564666748048,110.056967176274,106.42957732659298,106.80362515087508,14973200.0,0.0279443194000637,0.027561001558330394
2020-12-24,108.31721496582033,109.21319495774246,107.49083344932714,108.81304520304482,4164900.0,-0.004397526153986808,-0.0044072237127462
2020-12-28,109.03053283691406,110.17007781727644,108.5521037982178,109.44807730236062,8072600.0,0.006585452472340769,0.006563863112177284
2020-12-29,108.74346923828124,109.84821156711917,108.63908147123496,109.77861972242164,8389200.0,-0.0026328734819833777,-0.002636345589121015
2020-12-30,109.04793548583984,109.47417396044403,108.64779229628265,109.1610172665916,7398000.0,0.002799857772529446,0.00279594547164563
2020-12-31,110.53540802001952,110.7615781804298,108.57818232833507,108.81304649121424,8580200.0,0.013640538241760813,0.013548343544062903
2021-01-04,109.49156188964844,111.22261749866333,108.54339128315176,110.90946084299868,16819900.0,-0.009443545277202259,-0.0094884182811822
2021-01-05,110.08734893798828,110.65684311960928,108.44019612441132,109.50909145634375,13731200.0,0.00544139692646195,0.005426646012397829
2021-01-06,115.25658416748048,116.32547941731998,112.0411351186114,113.79342734457371,24909100.0,0.04695576085135822,0.04588667774963005
2021-01-07,119.04150390625,121.07416137937578,118.20917101827456,118.8838046379264,21940400.0,0.03283907610232162,0.0323113949452569
2021-01-08,119.17293548583984,119.4620641852017,117.50825631092712,119.12912567644378,12035100.0,0.0011040819821408476,0.0011034729318822596
2021-01-11,120.95153045654295,121.08294654446672,117.49952527902816,117.91131351302894,15937900.0,0.014924487371668738,0.014814213048021649
2021-01-12,122.85274505615234,124.11439283303312,121.6349070932507,122.1693547384883,18033500.0,0.015718813911928864,0.01559655289103825
2021-01-13,122.96663665771484,123.352128226408,120.99531552876672,121.42461690743411,14816800.0,0.0009270578488942416,0.0009266283961644979
2021-01-14,123.68508911132812,125.06939646986608,122.66000354312612,123.08931836832365,18565600.0,0.005842661661253246,0.005825659506689525
2021-01-15,121.46842956542967,124.10561441363755,120.04031261382214,120.40829096225504,27881000.0,-0.017921800936758436,-0.018084341350873345
2021-01-19,120.94274139404295,123.27328435739167,120.75000228511718,122.5373276433482,19843800.0,-0.004327776141236361,-0.004337168071644176
2021-01-20,119.1291275024414,121.05663882552156,118.66477292725456,120.74999689280256,16028800.0,-0.014995640670097066,-0.015109212104204125
2021-01-21,118.13031768798828,119.29558904224491,117.68348973950876,118.88380091822654,13411700.0,-0.008384261980200036,-0.008419607608002016
2021-01-22,117.2191162109375,117.75356374828525,115.8260526422178,116.25536734234154,12933200.0,-0.007713527694537259,-0.007743430820932831
2021-01-25,115.7560043334961,116.67595712112416,113.95115196343612,115.77353093609416,14212800.0,-0.012481853854012348,-0.012560406531655743
2021-01-26,115.28286743164062,116.67593122923192,115.07258835376965,116.307952869616,11307800.0,-0.004087363800951094,-0.004095739904283993
2021-01-27,112.02362823486328,113.76715736428125,111.5767934981564,113.53935166130324,17603900.0,-0.028271670104926705,-0.028679009580705316
2021-01-28,113.99494171142578,115.79979376365834,113.01366604082438,113.81094583874884,13761800.0,0.01759730074471011,0.017444261030145687
2021-01-29,112.73328399658205,115.40552200946202,112.31273922748396,114.9411674298819,14808100.0,-0.011067664020019241,-0.011129366302595825
2021-02-01,113.56563568115234,113.95991067174756,112.56683333399516,113.37288317829048,11080700.0,0.0073833712197679535,0.007356247562015698
2021-02-02,117.06140899658205,117.74479912982802,114.96742879468732,115.5982525128951,12253600.0,0.03078196405508149,0.03031770260679458
2021-02-03,118.40192413330078,118.9451283301322,116.97380725196788,117.0964666954097,10600800.0,0.01145138392070666,0.011386313119823644
2021-02-04,121.12673950195312,121.48596125077894,118.6910636397062,118.6910636397062,12419500.0,0.023013269324784424,0.022752457877335975
2021-02-05,120.89016723632812,122.21315128290946,120.36448963228987,122.1255316644647,10051300.0,-0.0019530969511581953,-0.0019550067320718394
2021-02-08,122.7826919555664,122.9228780583358,121.065445618848,121.0829722239148,10136400.0,0.015654910258653176,0.015533636203147292
2021-02-09,122.29199981689452,122.64245154976406,121.38080392123108,122.16057039041095,8614800.0,-0.003996427597869112,-0.004004434654843791
2021-02-10,122.36209106445312,123.42221623079416,121.81887350683586,122.65997636996411,10323200.0,0.0005731466298986021,0.000572982444100949
2021-02-11,122.02039337158205,123.1418549194642,121.10044089447722,122.3620884780637,9201000.0,-0.0027925126965270275,-0.0027964190341336
2021-02-12,123.7551727294922,124.07058467792956,121.78385139397815,121.82766120854303,8324600.0,0.014217126416133707,0.014117010862248055
2021-02-16,126.73405456542967,127.3210820240746,124.7627332048752,125.77030547715242,12130600.0,0.024070766257575427,0.023785631902904295
2021-02-17,127.1282958984375,127.37361475555912,125.39352393452384,126.1207238927326,10810100.0,0.003110776612960775,0.003105948158297285
2021-02-18,127.55762481689452,127.73285070006024,125.63886997936672,126.16456099774184,10587800.0,0.0033771310739507676,0.003371441373117187
2021-02-19,129.6866455078125,130.40507556617715,127.79417407734334,127.79417407734334,11969800.0,0.016690657998486014,0.01655289970407912
2021-02-22,130.90452575683594,131.58791621123737,128.6090220600364,128.67911510265208,11488400.0,0.009390945723475319,0.009347124924883715
2021-02-23,131.9558868408203,133.44532714374114,131.06221731151578,132.74441012799014,16234400.0,0.008031510583043966,0.00799942965962921
2021-02-24,134.27764892578125,134.71572035256767,131.51780428457832,131.51780428457832,15061400.0,0.017594986783437072,0.017441987081598203
2021-02-25,132.4552764892578,135.71452912915785,131.93835538958197,135.1625681959784,18127700.0,-0.013571673700741638,-0.013664610695926751
2021-02-26,128.94192504882812,132.18365050317965,128.36366763365874,131.6842560947168,19829200.0,-0.026524813005200487,-0.026882942943820397
2021-03-01,131.85948181152344,132.63049169749863,130.08966974093366,131.00086567324564,14845500.0,0.022626905574664624,0.022374714264891536
2021-03-02,131.43019104003906,132.98096770952708,131.28124835195757,131.49152745983244,14221700.0,-0.0032556685767808347,-0.0032609797965689764
2021-03-03,133.97100830078125,135.78461707416818,132.1398729268598,132.4990813401028,14324100.0,0.01933206701318846,0.01914757653568881
2021-03-04,131.91204833984375,135.25892001214697,130.21232929109308,133.7081436244167,20093900.0,-0.015368697952282906,-0.01548802052442325
2021-03-05,132.21871948242188,134.47916961883655,129.64285738816145,134.24260730823255,18465100.0,0.002324815257117807,0.002322117055199429
2021-03-08,133.97100830078125,136.20517527372152,132.0785365094286,133.58550330229693,17133300.0,0.013252955596747773,0.013165903469224003
2021-03-09,133.02479553222656,135.14506002363137,131.26375288539666,132.73566673309662,16238800.0,-0.007062817400241728,-0.007087877159770968
2021-03-10,135.91603088378906,136.8184568587185,132.7443849959897,133.09485012195302,14342200.0,0.02173455963600457,0.021501731663217033
2021-03-11,135.2063751220703,136.80970482149334,134.36527207830144,135.0223792356936,11771500.0,-0.005221280794504124,-0.005234959314776374
2021-03-12,136.80970764160156,138.1064087511779,135.86348508006586,137.4317749790626,12849500.0,0.011858409176961349,0.01178864919622064
2021-03-15,136.12625122070312,137.4842747223277,134.890900498938,136.9848804664808,12101100.0,-0.004995671964221127,-0.005008192048302183
2021-03-16,134.49668884277344,135.45169474336393,133.3401871917287,135.0048533179935,12805600.0,-0.011970963449861372,-0.012043192445335839
2021-03-17,135.8810272216797,137.44933082321987,134.09370121877532,136.10006299192634,13952400.0,0.010292732042827657,0.010240122565263465
2021-03-18,138.12393188476562,141.6635569191888,137.65082057008323,138.08013543200065,21898500.0,0.01650638583580033,0.01637163624636455
2021-03-19,135.92481994628906,136.6257369966595,132.464057885631,136.24898856742206,54418800.0,-0.01592129552401711,-0.016049400904891233
2021-03-22,132.27127075195312,134.8996989764171,131.95585883026234,133.87461357314143,19944800.0,-0.026879190980570344,-0.027247043126919945
2021-03-23,130.9483184814453,133.2788483419302,130.5102470489579,131.71055849593208,17076300.0,-0.01000181114906451,-0.01005216529867438
2021-03-24,131.96461486816406,134.20753813755087,131.29875120033898,131.42141064885618,13079800.0,0.007761049538507425,0.007731087518170796
2021-03-25,133.6555633544922,134.0235416616391,130.83438296415676,131.42139693285844,15608300.0,0.012813650750372885,0.012732250545985334
2021-03-26,135.8810272216797,136.19643926559016,133.65562967828205,135.18888007000857,16754400.0,0.016650738744671267,0.01651363501996477
2021-03-29,133.76947021484375,134.6894227868607,132.33259662282177,133.2788324081354,17570300.0,-0.015539748631654748,-0.015661756153429778
2021-03-30,135.34657287597656,136.56441116502228,134.82089507408222,135.32905964079737,13184300.0,0.011789705518006954,0.01172074840014657
2021-03-31,133.37522888183594,135.3553203764512,133.2788526288336,134.29518159342555,16736700.0,-0.01456515634087796,-0.014672269583556899
2021-04-01,134.6719207763672,134.74200043841145,132.7794490480837,133.0860910183831,16561500.0,0.00972213435284952,0.009675178500101867
2021-04-05,135.38575744628906,136.54908381723237,134.48683810250495,136.07317268453153,13508000.0,0.005300560546004585,0.005286562019855387
2021-04-06,134.4339599609375,135.96743209346246,133.83468034789703,134.65428572119365,13071600.0,-0.007030263029914052,-0.007055091765843601
2021-04-07,136.54026794433594,136.80466153503886,134.53089817118018,134.92749528104292,16903500.0,0.015667975443187654,0.015546499923264484
2021-04-08,136.7076873779297,137.05139493540713,134.23122863718018,135.72063253545366,12335500.0,0.0012261542775204859,0.0012254031642887837
2021-04-09,137.73001098632812,138.39979632414276,136.5755063821146,137.31579756300678,12122400.0,0.0074781720619134795,0.007450349156769525
2021-04-12,137.43919372558594,138.58489026146785,137.10430774564455,137.11311593409016,12273400.0,-0.002111502487072703,-0.0021137348514313173
2021-04-13,135.79998779296875,136.7782347455184,134.33702145895435,136.38165105072645,16113600.0,-0.011926772037749722,-0.011998466610127184
2021-04-14,133.2618408203125,135.5708505204266,133.01506359318446,133.49097477339598,19939600.0,-0.018690332848377955,-0.018867204445929833
2021-04-15,134.10787963867188,134.13431765360033,131.5961740871507,133.29708246975994,17694100.0,0.006348695269039251,0.006328627195832044
2021-04-16,135.10374450683594,136.17011354237428,134.56614917109334,135.6060801940227,13773400.0,0.007425849031744036,0.007398413154227027
2021-04-19,134.5308837890625,135.6148960502958,134.15192999274,135.20949079487588,11900200.0,-0.004240154259710027,-0.004249169205983124
2021-04-20,131.55210876464844,133.73773654214608,131.0056917345611,133.72892835287362,13716700.0,-0.02214194198771957,-0.022390754437185193
2021-04-21,132.6713104248047,132.7330080723247,129.3664251034178,130.24772785578764,12236700.0,0.00850766795504998,0.008471681709996683
2021-04-22,129.8776397705078,132.45986497006928,129.7806958869553,132.3981672952546,15256100.0,-0.021057081936944222,-0.02128194452223872
2021-04-23,132.3628692626953,133.19129604367902,129.27830947250442,129.7101392366585,14041900.0,0.019135160575591614,0.018954385852469263
2021-04-26,132.68896484375,134.3634484522448,132.5303367737703,132.8828525610243,10799100.0,0.0024636484753703947,0.0024606186686973864
2021-04-27,133.29705810546875,133.57908147664602,132.2923733789751,132.63608095783832,12821200.0,0.004582847280742763,0.0045723780100035884
2021-04-28,134.16079711914062,134.74246052251237,133.42931376901333,134.33705508899297,8943700.0,0.006479805525703819,0.006458901838503517
2021-04-29,136.76942443847656,136.8487384866835,135.01562650273507,135.31526631659517,12976900.0,0.019444035630016065,0.019257415587456205
2021-04-30,135.55320739746094,136.15250040864257,134.84816233332447,135.80879278892326,11705100.0,-0.008892462960993996,-0.008932236877366913
2021-05-03,135.15663146972656,137.02498956591185,134.95393554078228,136.46977780857608,11801100.0,-0.002925610801458589,-0.00292989876605859
2021-05-04,137.02499389648438,137.16600561134427,134.08144494877445,134.724792407349,12977700.0,0.013823682984998698,0.013729007391857182
2021-05-05,138.82284545898438,139.49263086471402,136.27588045286507,137.4832611999092,10506700.0,0.013120610418404288,0.013035280783702185
2021-05-06,141.61659240722656,141.73116610951348,138.50559364731316,139.30758266808638,13542400.0,0.0201245475051699,0.019924725239147886
2021-05-07,142.101318359375,142.33045232693212,138.38221815774725,138.55847609030027,14257800.0,0.0034228047992750366,0.003416960335436947
2021-05-10,142.08367919921875,144.29574501984152,141.9955435149222,142.33044297810824,14014300.0,-0.00012413086915663563,-0.00012413857403058948
2021-05-11,139.7217559814453,143.11477752870647,139.28110453102778,141.9602728802309,15451700.0,-0.016623466052436142,-0.016763186453368616
2021-05-12,138.7611541748047,141.69589476824692,138.3910085298142,140.6647718755699,14381700.0,-0.006875105454358765,-0.006898847875538616
2021-05-13,142.33047485351562,143.16771025136518,138.96388998416603,139.4045416090995,15395000.0,0.025722765855741514,0.025397501518023835
2021-05-14,144.54248046875,144.93025588746397,142.76225833391183,143.11477410677102,10584000.0,0.015541335174430682,0.015421805468331568
2021-05-17,145.12416076660156,145.28280229648755,143.67882441069608,143.97846419783855,9886800.0,0.004024286119659548,0.004016210339190254
2021-05-18,143.07955932617188,145.85565862795906,142.98261545020628,145.1329836530124,11098100.0,-0.014088635755957646,-0.014188822696053323
2021-05-19,141.9866943359375,142.0483785390438,139.80987534888058,141.8897504902446,13278900.0,-0.007638162958994221,-0.007667483122567996
2021-05-20,141.739990234375,142.64773142231775,140.58548523500815,141.739990234375,10426000.0,-0.0017375156363511612,-0.001739026867423221
2021-05-21,143.35272216796875,143.84624960326002,141.83688021808038,142.18939597254155,10249000.0,0.011378101063270973,0.011313857326577852
2021-05-24,144.12826538085938,144.73636651251616,142.8768169197114,143.9696373191826,9440300.0,0.005410034781075934,0.005395453110829833
2021-05-25,142.6388702392578,146.03187810959457,142.3832848846244,144.401475921806,12609100.0,-0.010333817157001324,-0.010387581761986694
2021-05-26,142.62123107910156,144.30452262315046,142.16294986631263,144.15470276365687,13058300.0,-0.0001236630669232408,-0.00012367071383073442
2021-05-27,144.84213256835938,145.19464833854215,143.27341453010115,144.48960335056196,15707500.0,0.015572025794855504,0.015452025958252931
2021-05-28,144.74520874023438,145.36211814721233,143.88152212284876,145.1329707620373,10291300.0,-0.0006691687453528328,-0.0006693927386895123
2021-06-01,146.3403778076172,147.0982989875066,145.83802860167782,146.18173626188243,9445400.0,0.011020531050845106,0.010960247498649954
2021-06-02,146.34915161132812,147.56535386827346,145.88206216868394,147.4067123598128,10498600.0,5.995477012143979e-05,5.99529729060437e-05
2021-06-03,146.44613647460938,147.39794544907093,145.11537361692925,145.7763509507816,13354400.0,0.0006626950837325118,0.0006624755983080982
2021-06-04,146.6840362548828,146.88673212812208,145.441396112738,146.48134038164352,8510800.0,0.0016244865586787505,0.001623168507633487
2021-06-07,145.99667358398438,147.26575218926402,145.53839221038496,147.17761650093482,7267200.0,-0.004686008705842126,-0.004697022465155416
2021-06-08,145.4149932861328,146.08477871709673,143.79339901267298,144.96553360257215,10370700.0,-0.003984202403878423,-0.00399216048304108
2021-06-09,143.59951782226562,144.72758462456125,143.01785459518965,144.65707876846565,12377400.0,-0.012484788692283422,-0.012563378469582767
2021-06-10,141.3609619140625,145.62647763112298,141.28164789051476,144.85092687390954,12119400.0,-0.015588881788404119,-0.01571166612471455
2021-06-11,141.26406860351562,142.06605765547218,140.1800695510798,141.3874505001537,13683800.0,-0.0006854318846937213,-0.0006856669005256982
2021-06-14,138.866943359375,141.29933520450797,138.06495426799324,141.14069364524994,19917900.0,-0.01696910805300822,-0.01711473313650273
2021-06-15,136.7605743408203,138.29404619178553,135.8352170757425,138.10015848255034,24485500.0,-0.015168253636170248,-0.015284468275025711
2021-06-16,137.72120666503906,138.91095750038386,134.9362862995615,136.36399268102122,25321200.0,0.00702419047922942,0.006999635770862502
2021-06-17,133.74655151367188,138.76998986284713,133.2970917808755,138.45272021392677,29722400.0,-0.028860153404219102,-0.029284797790538535
2021-06-18,130.36233520507812,131.93105343387572,130.04506559433165,131.57853762087572,43595700.0,-0.0253032042343746,-0.025628835050116087
2021-06-21,132.57437133789062,133.25297824687993,131.33174463267773,131.38462064809784,18664800.0,0.01696836842737337,0.01682601375811173
2021-06-22,132.3804931640625,133.0502784188396,131.0144711999708,132.72420070169474,14251200.0,-0.001462410659553437,-0.0014634810256925323
2021-06-23,133.18247985839844,133.9932768512802,132.27473901595397,132.37168286551668,12733300.0,0.006058193886179453,0.006039916809832908
2021-06-24,134.40750122070312,134.9450965307389,133.2706263900321,133.88753573410224,13733200.0,0.00919806691996694,0.009156022325110032
2021-06-25,135.76467895507812,136.1612624669158,133.66717429798317,134.47797114038343,15484900.0,0.010097485051421717,0.01004684604831958
2021-06-28,136.011474609375,136.1436646618677,134.06378933442278,135.45624949367627,14125800.0,0.0018178193046700653,0.001816169070739921
2021-06-29,135.84402465820312,137.75645028385327,135.37693521011235,136.60194566885102,14528700.0,-0.001231145766581787,-0.0012319042491300367
2021-06-30,137.077880859375,137.55379207307598,135.46510798966156,135.50035419737873,12531000.0,0.009082889028622088,0.009041887678860296
2021-07-01,138.43504333496094,138.4879193505396,136.97207748175535,137.7123685950835,10479400.0,0.009900667176042877,0.009851976685904925
2021-07-02,138.3021240234375,138.5591822690405,137.49551349774717,138.23121187034394,11424000.0,-0.000960156534944856,-0.0009606177804995792
2021-07-06,135.97979736328125,138.0805173169613,135.0402350806245,138.0805173169613,15083400.0,-0.016791691932097064,-0.01693427073763356
2021-07-07,136.13937377929688,136.7509793689772,134.33116090664916,134.7388889496943,12271800.0,0.0011735303266360297,0.0011728422781668163
2021-07-08,133.79043579101562,135.19977923550832,132.9926842662223,134.38430981746646,17834600.0,-0.01725392091261746,-0.01740450442368216
2021-07-09,138.0716552734375,138.40847105912547,135.24409601728655,135.66069642007983,13694500.0,0.031999443436369734,0.03149812775338229
2021-07-12,140.0482940673828,141.07649997871405,136.4495869028335,136.81300660814867,19940400.0,0.014316036046868374,0.014214529239214551
2021-07-13,137.96533203125,139.50764134711306,136.05961642941773,138.31989289271422,22671700.0,-0.0148731696448271,-0.014984884317233452
2021-07-14,137.49549865722656,139.41008600877203,135.57205235941692,138.23119695041603,14622800.0,-0.003405445173117916,-0.003411256899626663
2021-07-15,137.7969207763672,138.74534227066655,136.236880150061,136.4141538052923,11539300.0,0.0021922326336811793,0.0021898331978289234
2021-07-16,134.6502227783203,138.5237057740701,133.86134374994975,138.24007071476723,14002700.0,-0.02283576425596401,-0.023100538974772208
2021-07-19,130.27149963378906,132.79769250299162,129.15466373141084,131.67198412889726,22172900.0,-0.03251924173746157,-0.03305974237670655
2021-07-20,132.70018005371094,133.94996768715788,129.70420626159904,129.87262091028344,15385200.0,0.018643221477830707,0.018471566806345423
2021-07-21,135.49227905273438,136.19251449920242,134.16270677897018,134.77431218891908,12356700.0,0.021040657201017554,0.020822359350535006
2021-07-22,133.78160095214844,136.00642796563787,132.93068198313597,135.51005631286174,9913300.0,-0.0126256500558245,-0.012706030865487538
2021-07-23,133.5245361328125,135.47457312961183,133.17884781758494,134.2690935002086,9666100.0,-0.0019215259610168012,-0.001923374460365454
2021-07-26,134.4197235107422,134.69451308459358,133.10788292716342,133.12561434082286,8208000.0,0.006704291240070548,0.006681917424269159
2021-07-27,134.24249267578125,135.16433712799432,132.77996842337348,133.31178927647173,11218700.0,-0.0013184883165361372,-0.0013193582870379328
2021-07-28,134.46408081054688,135.41251557789045,133.7372549597358,134.98704268827927,9217300.0,0.001650655692909453,0.0016492948581085178
2021-07-29,135.6163787841797,136.3875264139371,134.65022612906373,135.74047166167065,9063500.0,0.008569559741804511,0.008533049500901372
2021-07-30,134.5349884033203,136.2102489647489,134.02088548961353,135.24409633688512,9805200.0,-0.007973892169619856,-0.008005853666187338
2021-08-02,133.9943084716797,136.90163911627397,133.9056784243494,134.75659720929346,10203200.0,-0.004018879683697851,-0.004026977082917421
2021-08-03,135.51885986328125,135.90001092128222,132.53175869349084,134.68565913310516,10394800.0,0.011377732449910694,0.011313492860086965
2021-08-04,134.0563507080078,135.9443342154893,133.76384317302131,134.06520965448289,10155000.0,-0.010791923402756587,-0.01085057859137431
2021-08-05,135.74932861328125,136.22798222307588,134.7388541899592,134.97818099485653,9151500.0,0.012628852690171888,0.012549773817665604
2021-08-06,139.6050567626953,139.88870527483525,137.4866059661577,137.55751809419266,13328800.0,0.028403294431003312,0.02800739985740614
2021-08-09,139.4543914794922,140.53577790202644,138.18685900631206,139.6228061145748,9516900.0,-0.0010792251133082686,-0.001079807896071127
2021-08-10,141.16513061523438,141.80332645768948,138.55030756565003,138.93145869175157,8667000.0,0.012267373709731855,0.012192739240221965
2021-08-11,142.84921264648438,143.15057904054447,141.00553793118488,141.82100709899143,9156500.0,0.011929872652760132,0.011859272666541238
2021-08-12,143.4076690673828,143.921772003893,142.30856457045914,143.48745368821557,8844200.0,0.003909411963511911,0.003901790070849096
2021-08-13,141.80331420898438,143.73563298870502,141.43990805864863,143.4076626236192,8980900.0,-0.011187371420454562,-0.01125042073855862
2021-08-16,140.87261962890625,140.96126319796414,138.96690462014902,140.88149210087786,8755800.0,-0.006563278053618005,-0.0065849110706461015
2021-08-17,139.1707763671875,140.8105878105227,137.62848097032506,139.66716144646568,9347200.0,-0.012080724176222635,-0.012154289204078773
2021-08-18,137.90325927734375,140.05716020333935,137.69052281145957,138.5503140973809,8065500.0,-0.009107638276728003,-0.009149366370374206
2021-08-19,136.75094604492188,137.88551336012904,135.6252376762786,135.7582030253929,9517700.0,-0.008355953575429287,-0.008391060258840087
2021-08-20,137.1409454345703,137.30048761097405,135.75819247197182,136.8129886107794,6974100.0,0.002851895368389812,0.0028478364300740305
2021-08-23,138.89599609375,139.24168438191933,137.60188651244337,137.6816576116109,7934600.0,0.012797422780033374,0.012716227756070807
2021-08-24,139.7557830810547,140.53580320498995,139.0466751070326,139.1619090412802,7670900.0,0.0061901495470348955,0.006171069270686177
2021-08-25,142.63650512695312,143.39879373535098,139.87099925700173,140.50032252927784,11335000.0,0.02061254269691082,0.020402979104758825
2021-08-26,143.3722381591797,145.21591369484275,142.84040373587086,143.82428795141433,11027500.0,0.005158097722400834,0.005144840305503001
2021-08-27,144.5244903564453,144.62199285170692,142.9378600721981,143.37219182838285,8780200.0,0.00803678740082403,0.00800466442056003
2021-08-30,142.21109008789062,144.91455712953618,141.7147184720696,144.66637132162563,7937600.0,-0.01600697752228064,-0.01613647293295221
2021-08-31,141.77674865722656,143.03540903442826,141.24492775811794,142.21108055450983,12340800.0,-0.0030542022453777795,-0.003058875839549443
2021-09-01,141.57284545898438,142.49467621061711,140.9080593753209,142.0160361814267,8729900.0,-0.0014381991417730111,-0.001439234342827937
2021-09-02,142.22877502441406,143.24810829338364,141.31578967750363,141.838765017992,8813300.0,0.004633159440308843,0.00462245939439262
2021-09-03,141.36895751953125,142.60988592170744,141.06757760034114,142.16669527448664,7959700.0,-0.006045313297082244,-0.006063660182663769
2021-09-07,141.1208038330078,143.04425005500363,140.89920845915887,141.8121803174079,9285600.0,-0.0017553619328992687,-0.0017569043859635555
2021-09-08,140.49147033691406,141.448763997554,140.08372888835854,140.837158587275,7852700.0,-0.004459537353815324,-0.004469510752729185
2021-09-09,141.1030731201172,142.55673823881511,140.11918911431437,140.28760376329723,7904300.0,0.004353309006848827,0.004343860768005229
2021-09-10,139.4810028076172,142.45924538990155,139.3569099302349,142.31742109429058,8311600.0,-0.011495641282873947,-0.011562226955667412
2021-09-13,141.69696044921875,141.86537511406553,140.11034336613898,140.518071320401,10052800.0,0.01588716453851413,0.015762284463751
2021-09-14,139.22393798828125,143.00877696408253,138.50595766741557,142.2198980307655,11685600.0,-0.017452897035316273,-0.01760699443911174
2021-09-15,140.1901092529297,140.65989039261834,138.6921222687828,138.91371765637592,11691500.0,0.006939692114798168,0.006915723278477586
2021-09-16,140.12806701660156,142.57448894311835,139.3569193354744,141.29809724669397,10880900.0,-0.00044255787129876545,-0.00044265582893583807
2021-09-17,139.76463317871094,140.94352223679576,139.16190023027534,139.49872953975924,25581600.0,-0.0025935834670978153,-0.002596952631431642
2021-09-20,135.58090209960938,136.99910419530448,133.39153900474162,136.40523029256192,15819900.0,-0.02993411840999871,-0.030391290626160816
2021-09-21,135.5986328125,136.99025820546208,135.24408563632394,136.08614532357296,8999900.0,0.0001307758881674559,0.00013076733774644404
2021-09-22,138.1957550048828,139.38350307279964,137.47778809106907,137.5664181337603,11236200.0,0.019153011638207262,0.01897190159225469
2021-09-23,142.86697387695312,143.33676854859056,139.7557794588898,140.04828699778437,12336100.0,0.03380146424834307,0.033242750153671216
2021-09-24,144.515625,145.00313750030534,142.54787063304417,143.09742280151156,10102400.0,0.011539763727807406,0.011473688496883207
2021-09-27,148.0079803466797,148.38025895684527,145.90726050177815,146.25294874872534,13220900.0,0.024165936013352818,0.023878560377177175
2021-09-28,147.2102813720703,150.06443166405015,146.83800266334842,148.64621546644216,13387900.0,-0.00538956732428153,-0.0054041434384755295
2021-09-29,147.0950469970703,147.9371069447565,146.2884363679226,147.32551490546223,7777100.0,-0.0007827875466710488,-0.0007830940848225984
2021-09-30,145.091796875,148.01685867065802,144.29404537157927,147.95480547062252,13161200.0,-0.01361874626621662,-0.013712332043146818
2021-10-01,148.14093017578125,149.17799480802995,145.01200486371008,145.36655201956864,11285000.0,0.021015201179210408,0.02079742759198002
2021-10-04,147.98138427734375,151.07486048851172,146.8999977978,147.99911569384176,14120000.0,-0.001076987286688369,-0.0010775676542326108
2021-10-05,150.39793395996094,151.71767957159614,148.62340112323432,149.10493893725976,12292900.0,0.016330092426275256,0.016198190509973835
2021-10-06,150.718994140625,150.79033359868424,148.02598742698203,149.80052072885388,8692600.0,0.0021347379728602345,0.002132462657313455
2021-10-07,151.67315673828125,152.939401723193,151.18270638334047,152.6629697794844,10195400.0,0.006330738889923859,0.0063107839379230955
2021-10-08,151.78904724121094,152.78777236477782,150.96866394590825,151.61070541294677,8190100.0,0.0007640805098403369,0.0007637887489373318
2021-10-11,148.59671020507812,152.74321643420737,148.43620660702203,152.30628090175765,12154700.0,-0.021031405718357266,-0.02125571635163291
2021-10-12,147.45529174804688,148.6412847771938,146.92917852953678,147.8030631169989,13032600.0,-0.0076813171399015,-0.007710970404759116
2021-10-13,143.56735229492188,147.49985260162964,143.21066866354056,146.30494746923307,22753500.0,-0.026366903534179142,-0.026720743981688833
2021-10-14,145.7699432373047,146.2514676153576,142.72916488927265,144.23617876408196,15176800.0,0.015341865035291224,0.015225368627689745
2021-10-15,148.56991577148438,149.06927829358824,146.3673596705841,147.4463500967507,14267400.0,0.019208160969243826,0.019026013034123917
2021-10-18,148.51644897460938,150.35339593764024,147.94574687340938,148.45402184158823,12672900.0,-0.0003598763356454926,-0.00035994110667414447
2021-10-19,150.31773376464844,150.38905962187192,148.5432003191092,149.27440601184736,8053900.0,0.01212852046002677,0.012055559303903451
2021-10-20,152.34193420410156,152.36868480208688,149.32792010932766,150.0769640661393,8185600.0,0.01346614526947576,0.013376282572498031
2021-10-21,151.1470184326172,152.77887283078914,150.4157991869029,152.27058429072767,8415200.0,-0.007843643168423231,-0.007874566343873561
2021-10-22,153.18016052246094,153.4565924477398,151.325375235279,151.61964542862444,8817900.0,0.013451420417863957,0.013361753267644858
2021-10-25,152.43112182617188,154.23240597819722,152.02092328609416,154.00947524277967,10159200.0,-0.004889919776387974,-0.004901914552401648
2021-10-26,152.8412628173828,153.81325088537966,152.07438076376243,152.48457918590708,8015100.0,0.0026906643885928894,0.002687051031270224
2021-10-27,149.65782165527344,152.21706143787156,149.22087263599218,151.87821606599223,9847000.0,-0.020828414417859098,-0.02104838563720016
2021-10-28,151.91390991210938,152.04766290105195,149.77378044936046,150.0769629620378,7212900.0,0.015074977250655763,0.014962478978023464
2021-10-29,151.4947967529297,153.59035092503674,151.04893532112914,152.64511326006627,8140100.0,-0.002758885999459615,-0.002762698739663627
2021-11-01,151.41455078125,153.67060862435602,150.71008207222275,153.4120013642685,7435500.0,-0.0005296945730126623,-0.0005298349107426126
2021-11-02,152.01199340820312,153.0998963599924,150.62982028683703,151.4145407390419,7173800.0,0.003945741171310857,0.003937977151123478
2021-11-03,152.06549072265625,152.60052985489585,150.8349088824714,151.70880703890342,8402700.0,0.00035192824759211483,0.0003518663353717351
2021-11-04,150.06802368164062,151.77121749132905,148.46293353060216,151.59287565305922,9574200.0,-0.013135570940672525,-0.013222605559096533
2021-11-05,149.85401916503906,151.6731276889618,149.28331711767015,150.611975380586,7975600.0,-0.0014260500761678063,-0.0014270678532935152
2021-11-08,150.754638671875,152.413243451198,150.46929448106488,150.74572634318392,6413700.0,0.006009978990580533,0.005991991102087914
2021-11-09,149.61325073242188,150.2285416432765,148.56102435652167,149.2298164584749,7990300.0,-0.00757116298051308,-0.007599969727445555
2021-11-10,149.47059631347656,150.6565894680926,148.997984239174,149.31900504498444,6999200.0,-0.000953487864523761,-0.0009539427232354848
2021-11-11,149.46168518066406,150.4158216680258,148.82855589507403,149.38143338022113,5815300.0,-5.9617965220470914e-05,-5.9619742441996e-05
2021-11-12,148.79286193847656,149.57758233014954,147.77629852499552,149.4973169398305,8113400.0,-0.004474880912650248,-0.004484923162019961
2021-11-15,148.52536010742188,149.62217543547845,148.02599747372494,149.10498814101467,6492500.0,-0.001797813601873588,-0.001799431608287234
2021-11-16,147.45529174804688,148.98014381598173,147.24127336461063,148.97121787920673,9706100.0,-0.0072046171684153615,-0.007230695755671729
2021-11-17,146.6616668701172,147.6336415683045,145.6986045025751,147.32154671638074,9909600.0,-0.005382139009875164,-0.0053966748996154565
2021-11-18,145.3953857421875,147.00048928802653,144.95843673046767,146.59029086818666,8122500.0,-0.008634029293087875,-0.008671518468409346
2021-11-19,143.49603271484375,144.5571850340446,142.18519909778507,143.83489173619805,12193600.0,-0.013063365234379898,-0.01314944144175138
2021-11-22,146.55465698242188,148.00815598675536,145.34191335270506,146.38522746254358,14549900.0,0.021315044114538217,0.021091055851340194
2021-11-23,150.05909729003906,150.30877856154126,147.46418092556044,147.58010923254673,12354400.0,0.023912172972009538,0.02363075435695895
2021-11-24,148.88206481933594,151.09353385270705,148.4183650907444,150.21964920031724,9629800.0,-0.007843792825356743,-0.007874717183954128
2021-11-26,144.3966827392578,145.03872431611325,141.62343758119468,144.58395053526218,13619300.0,-0.030127081361485675,-0.03059022778036447
2021-11-29,143.77244567871094,146.93806395349284,142.51512702526043,145.62723050902432,12104400.0,-0.00432307064611781,-0.0043324421348480404
2021-11-30,141.63232421875,143.23742786971184,141.15078632015687,141.92659435531044,18922600.0,-0.01488547718485278,-0.01499737775110239
2021-12-01,140.79409790039062,145.59157042622144,140.71384612221195,143.5673560680819,12253400.0,-0.005918326363583137,-0.005935909064821903
2021-12-02,143.75460815429688,145.5737162944381,141.60555339548236,142.52402659659097,12969900.0,0.021027232661420037,0.02080921136494221
2021-12-03,141.15078735351562,144.30749349128556,140.16990049774233,144.01322335257078,12681800.0,-0.018112955363395966,-0.018279003071954562
2021-12-06,142.81834411621094,145.00306251804062,142.194140802347,143.57630042354154,11186500.0,0.011814009641468504,0.011744769035491966
2021-12-07,144.96737670898438,145.69858230221814,143.71004434239103,144.3520858229234,9851600.0,0.015047314867512984,0.014935227040293517
2021-12-08,143.3087921142578,145.59160054317354,142.8272541323578,145.04764903420445,11705700.0,-0.011441088556469525,-0.011507041340475812
2021-12-09,143.08583068847656,143.50492784015694,141.4718011689974,142.36352387061504,11189600.0,-0.001555811213616809,-0.0015570227446551229
2021-12-10,142.51513671875,144.19156623957966,141.8998458429725,143.85272084640215,10405400.0,-0.003988472981430791,-0.0039964481526925996
2021-12-13,140.8208465576172,142.4883636454735,140.25014457628717,142.2297700504713,12069000.0,-0.011888492690263819,-0.011959725953135497
2021-12-14,141.89987182617188,143.46929925828124,140.2680172588352,140.40177025344812,12563600.0,0.007662397258158871,0.007633190194822552
2021-12-15,140.83868408203125,142.54187768849673,140.3125709595969,142.54187768849673,14014200.0,-0.007478426375469804,-0.0075065300076284135
2021-12-16,143.04127502441406,144.29860759104164,141.51642286390228,143.023436756392,19542800.0,0.01563910481512254,0.01551807425749721
2021-12-17,139.7864532470703,142.12277610214872,138.37752967073413,142.06927491426154,28082000.0,-0.022754423691960346,-0.023017300993107326
2021-12-20,137.2718048095703,137.94950921352105,135.3991815578562,137.78007971088095,15148000.0,-0.01798921411258214,-0.018152987095915157
2021-12-21,139.1890106201172,140.1609852207324,138.29728780708814,138.5826456384304,11291300.0,0.013966493798245772,0.013869861031566327
2021-12-22,139.7329559326172,140.05397667544838,138.43104830257548,138.88582201883227,7273000.0,0.003907961627693135,0.003900345381867068
2021-12-23,140.23233032226562,141.89093536551516,140.18775506510846,140.5444387620308,8055200.0,0.0035737767537762366,0.003567405987585624
2021-12-27,141.03488159179688,141.0705445169588,139.41193956142254,140.53551899986942,6188100.0,0.005723011716962212,0.005706697500113622
2021-12-28,141.462890625,142.80938702305042,140.96352808285172,141.070530454281,6342300.0,0.003034774293936282,0.0030301786618851263
2021-12-29,141.3915557861328,142.34570565118904,141.02594619634814,141.65016300099873,6398900.0,-0.000504265384031255,-0.000504392568578328
2021-12-30,141.3202362060547,142.8896771608027,141.22214614638295,141.88202596659391,6948200.0,-0.0005044118772269401,-0.0005045391356934712
2021-12-31,141.20428466796875,142.04249251515856,140.85651338464936,141.2934487674872,5805900.0,-0.0008204878593386367,-0.0008208246437332369
2022-01-03,144.19158935546875,145.0298110535667,142.2387140389664,142.55082249476428,13120900.0,0.021155906809233294,0.02093522763204046
2022-01-04,149.65782165527344,150.3266136770625,146.44761450804248,146.518953956493,20195800.0,0.03790950862140119,0.03720860235132352
2022-01-05,146.9217987060547,151.03037186584788,146.87694256757743,150.54596115953973,17539400.0,-0.01828185736607202,-0.018451035621254747
2022-01-06,148.48268127441406,150.14224866124152,147.00251104013205,149.72960509641362,14047500.0,0.010623900483836435,0.010567863392017984
2022-01-07,149.95387268066406,150.2857834217487,148.07002462505062,148.617236588773,13913300.0,0.009908168371037585,0.009859404314562377
2022-01-10,150.097412109375,151.88256852359768,148.49165285474012,151.6672809815561,12922500.0,0.0009572238858852611,0.0009567660392526006
2022-01-11,150.2499237060547,151.17390264766982,149.19137635202188,150.94065620808104,11854100.0,0.0010160841185493652,0.0010155682544926588
2022-01-12,151.1021270751953,152.13374973824253,149.971812702351,151.1200722668103,12568000.0,0.005671905503312313,0.005655880812427521
2022-01-13,150.9137420654297,152.3311111128668,150.60874223815324,151.01242009050983,13623400.0,-0.0012467396284360222,-0.0012475174548518021
2022-01-14,141.63804626464844,144.45483884518694,140.7499441404792,144.21262668620088,40158400.0,-0.06146355973838158,-0.06343359551371747
2022-01-18,135.69949340820312,139.74526555447147,135.04462384894322,139.74526555447147,32324800.0,-0.04192766712800611,-0.04283199981981592
2022-01-19,133.60031127929688,136.5606379872775,133.25943479672728,135.9685835962169,22380000.0,-0.01546934388761212,-0.015590242624540288
2022-01-20,132.4610595703125,135.10740734088094,132.19193644201366,133.6541616115064,14860800.0,-0.008527313282996163,-0.00856387883792787
2022-01-21,130.14662170410156,132.32649028369335,129.41999884423765,132.3175245318056,20705400.0,-0.017472590614318606,-0.01762703803428253
2022-01-24,130.0299835205078,130.5054283910756,125.20376774347632,127.6348139777881,28471400.0,-0.0008962060026339591,-0.0008966078353347289
2022-01-25,131.4473876953125,131.73445605784812,126.29821186975612,128.86382718518345,18915900.0,0.010900594896877225,0.010841611660120562
2022-01-26,132.6942901611328,135.07152845299575,130.93604463603194,133.41194726222673,20709100.0,0.009485943293985777,0.00944123424982309
2022-01-27,130.35292053222656,134.90106087312225,129.2943870928278,134.03986975767492,17536800.0,-0.01764484082972284,-0.01780236679804888
2022-01-28,131.5191192626953,131.65367396618265,127.53613578143928,129.34821668802778,14117000.0,0.008946471822090407,0.008906689242815772
2022-01-31,133.3043212890625,133.4747527250798,129.7788366399328,130.64899376688012,13985700.0,0.013573707278266012,0.013482409749776776
2022-02-01,135.5918426513672,135.87891102387715,133.03520668854568,133.38506271243384,14584900.0,0.01716014409873723,0.01701457182683857
2022-02-02,134.50636291503906,135.4034308136981,132.82885032476105,135.00871874818094,12441100.0,-0.008005494394814794,-0.008037710417053336
2022-02-03,133.39401245117188,136.0403603847344,133.0262112761155,134.56020362018114,12474900.0,-0.00826987244142352,-0.008304257541340804
2022-02-04,136.856689453125,137.6999355482182,133.45680781645615,133.75284189376575,16654400.0,0.025958264080410798,0.02562706763699395
2022-02-07,137.31417846679688,137.80755481973785,135.3226868013496,137.49358929406347,12572300.0,0.0033428326777447115,0.0033372578329830937
2022-02-08,139.89772033691406,142.1673007704185,138.86609784465506,139.0455086665912,20411400.0,0.018814822321803426,0.01864001282161497
2022-02-09,140.48085021972656,141.2254045926412,139.78113829498025,140.4718707795561,9131100.0,0.0041682586493057006,0.004159595524308926
2022-02-10,139.89772033691406,142.66069079686912,139.24286467717144,140.5346444961809,16455600.0,-0.004150956389432636,-0.0041595955243090045
2022-02-11,138.07669067382812,141.9071744713745,137.2244788993741,139.59273762754455,16830000.0,-0.013016864454262533,-0.013102326274432669
2022-02-14,136.7938995361328,137.86139892130083,134.8472636857616,137.00918708828794,17026500.0,-0.009290424990888502,-0.009333850157244467
2022-02-15,138.79434204101562,139.88876593825424,138.01389737377,138.60595176538595,9500000.0,0.014623769858643554,0.014517873688605536
2022-02-16,139.04556274414062,140.0323431808201,137.9152618069953,137.9152618069953,9076500.0,0.0018100212114608993,0.0018083850970383012
2022-02-17,135.84298706054688,137.9062459914781,135.16122037658988,137.25139024977136,11367500.0,-0.02303256299869738,-0.02330195707381179
2022-02-18,136.4799346923828,138.27407082015867,135.57390087559804,136.470968939486,11733300.0,0.004688851781152525,0.004677893357238713
2022-02-22,136.2377166748047,137.46670917789797,134.9280050227362,135.0984501377166,11333500.0,-0.0017747518572900356,-0.0017763285951893578
2022-02-23,133.38502502441406,137.52050849121017,132.73913505693665,137.35902915525605,11799000.0,-0.02093907414200069,-0.021161405642345518
2022-02-24,129.67115783691406,130.06586987305138,125.39214044612532,128.22687808004906,25655100.0,-0.027843209436893224,-0.028238180366609505
2022-02-25,132.73915100097656,134.67682113615314,129.994125153562,130.29912498368114,18367700.0,0.023659796173957748,0.02338424111773434
2022-02-28,127.20420837402344,130.1286442810831,126.37890769512624,128.77407692031176,31315300.0,-0.04169789082734454,-0.042592196682473375
2022-03-01,122.40491485595705,126.02009747583324,119.83033430767308,125.62538540121754,36840400.0,-0.03772904669910637,-0.038459211736167204
2022-03-02,124.94359588623048,125.62536245264415,122.54842662171676,123.15842612511308,19405600.0,0.02074002529441632,0.02052787923192958
2022-03-03,124.05551147460938,126.46862626915656,122.95212181158637,125.44596943041508,16640800.0,-0.007107882603521132,-0.007133263944312042
2022-03-04,120.5659408569336,121.48095410375014,118.77180475079965,121.0503652709662,21016000.0,-0.028129105883296424,-0.028532308326532457
2022-03-07,115.91016387939452,119.03195672916888,115.67691743579223,118.56547753013588,27560100.0,-0.038616021609815476,-0.03938138853508723
2022-03-08,115.09381103515624,118.22456915671027,114.16982537539673,116.29587870181692,19207800.0,-0.007042978949522549,-0.00706789779663735
2022-03-09,119.7047348022461,121.3194596524537,118.80766696192732,119.22031050309934,17536200.0,0.040062308525707024,0.039280623402575536
2022-03-10,118.2873764038086,119.71371111054437,116.90589783067844,118.2873764038086,15604200.0,-0.011840453936755257,-0.011911110401704903
2022-03-11,115.62307739257812,120.27886183506436,115.2014543979835,118.85252720475629,20061800.0,-0.022523950502842394,-0.022781489215979202
2022-03-14,116.77131652832033,119.23825303419706,115.92807058711364,116.1344060412684,15786900.0,0.00993088197993175,0.009881894828240857
2022-03-15,118.84353637695312,119.8034054776506,117.63250307956554,118.2335368532026,15096600.0,0.017745966306119687,0.017590345048581923
2022-03-16,124.15418243408205,124.23492894194467,120.59282204712017,120.98753408318174,20354900.0,0.04468603189562104,0.043716392326473424
2022-03-17,125.7240753173828,125.75996570292796,121.92948149218344,122.77272760626585,17050500.0,0.01264470396826356,0.01256542728634383
2022-03-18,125.67921447753906,126.35201538226217,124.20802371340471,125.75994730094516,23656500.0,-0.00035681980345048103,-0.00035688347878407874
2022-03-21,125.27552795410156,126.27127388012174,124.45022712081358,125.90348644062438,12676100.0,-0.003212038881016732,-0.0032172085509921807
2022-03-22,127.93981170654295,129.11496839368772,127.13245612110325,127.62584617361377,13548600.0,0.021267391931627078,0.021044397090274936
2022-03-23,125.39215087890624,127.01584159960797,124.8718498505418,126.46862962910136,12093200.0,-0.01991296371046969,-0.020113898720782564
2022-03-24,126.20848083496094,126.22642602505044,124.79111195761716,125.85862491314737,10017600.0,0.006510215753799731,0.006489115826428699
2022-03-25,127.31185913085938,128.44215961866655,126.30714758614188,126.56729122248188,8383500.0,0.008742505167630421,0.008704510752988193
2022-03-28,126.36996459960938,126.45967687475002,123.70567154835436,125.58951982093696,10818100.0,-0.0073983251653081394,-0.007425828509353876
2022-03-29,126.64804077148438,128.81895715598296,125.8048084354255,128.59469017882293,11316500.0,0.0022004925992979985,0.002198075061324917
2022-03-30,126.07389831542967,127.49126703396254,125.50875492854196,127.29391102959924,8771000.0,-0.004533370216840971,-0.004543677101347665
2022-03-31,122.28829956054688,125.90348200973192,122.23446398986556,125.43700288101368,17353900.0,-0.030026823993428375,-0.030486861468548985
2022-04-01,121.38225555419922,123.26610362249832,120.02768795076084,123.25712418305515,15721300.0,-0.007409081732296596,-0.00743666530879181
2022-04-04,121.92048645019533,122.84446517752424,119.21133789557162,120.31472744301104,17416400.0,0.004434181038560192,0.004424379023077824
2022-04-05,120.50167846679688,122.36333416100445,120.20345006098204,121.16140211737226,12110300.0,-0.011637158156993066,-0.01170539982466009
2022-04-06,118.82978057861328,119.79675082003196,118.350811561808,118.91111181777714,12914700.0,-0.013874478011061675,-0.01397162823358367
2022-04-07,118.4682846069336,119.21837153875572,116.33551146031589,118.34176475033892,12994200.0,-0.0030421327879212035,-0.0030467694798804314
2022-04-08,120.63723754882812,121.0077511930586,118.82980279589442,118.9924653046347,13126900.0,0.018308300395256882,0.018142721390049972
2022-04-11,120.19438934326172,121.91144653231332,119.80579756064816,120.19438934326172,10466400.0,-0.0036709080426942098,-0.003677662360342313
2022-04-12,118.8749542236328,121.62226222927444,118.11583508640162,119.4171900585866,12989900.0,-0.010977510072127883,-0.011038207549349364
2022-04-13,115.04322814941406,116.80547432717792,113.8774318722716,114.71788933277816,30838000.0,-0.03223324962977758,-0.032764181102512765
2022-04-14,113.97682189941406,115.9469257775669,112.98272740989373,114.32023197182036,18835200.0,-0.009269613406666433,-0.009312843632064664
2022-04-18,116.09153747558594,116.79643590922332,113.45267755927,113.57015833327084,11834400.0,0.018553908952103848,0.018383885035691022
2022-04-19,118.4954071044922,118.67616159488745,115.88366467800672,116.08248358573628,15015400.0,0.020706674070982922,0.02049520512542782
2022-04-20,118.91114044189452,120.65530845320312,118.69424329561616,119.76063702777616,13430200.0,0.0035084341879656478,0.003502293990202104
2022-04-21,117.98933410644533,120.02269812837984,117.4471119743755,119.4895082054732,12174200.0,-0.00775206033701803,-0.007782263750463534
2022-04-22,114.6003875732422,117.95318479344604,114.4919459109022,117.73628767913452,14318800.0,-0.02872248206897876,-0.029143045211525314
2022-04-25,114.56424713134766,114.8805537244096,111.2566451664104,113.87742689939034,17149000.0,-0.00031536055557790377,-0.0003154102921748264
2022-04-26,111.17530059814452,114.23890862656472,111.03974851730746,112.63932512452811,17209500.0,-0.029581188006391868,-0.030027535726505676
2022-04-27,109.7293701171875,111.663324890853,109.54862938677306,110.55175629865208,17215200.0,-0.01300586077283028,-0.013091177532678655
2022-04-28,111.46448516845705,111.74464221162738,109.47630992531688,110.98551611682517,13015600.0,0.015812676673679027,0.01568895880475598
2022-04-29,107.86770629882812,111.7085051378511,107.45199713421772,111.2024256148152,14874800.0,-0.03226838453694991,-0.03280048690136686
2022-05-02,108.85275268554688,109.08772112846822,106.83746684436964,108.33763406882994,18545000.0,0.009131986027308914,0.009090541565325334
2022-05-03,111.18434143066406,112.21457862994092,109.15097744869928,109.82876544268754,15720900.0,0.02141965809401869,0.021193481271008077
2022-05-04,114.86247253417967,115.13359049410413,110.9222643802238,110.97649210909836,17128500.0,0.03308137689343016,0.03254596427910341
2022-05-05,111.98863983154295,113.95874370998352,110.398102437709,113.1905854273637,15055400.0,-0.025019770506694905,-0.025338085632644003
2022-05-06,111.8079071044922,112.32302569727985,109.51246430133546,111.88020614431191,14417900.0,-0.0016138487557543213,-0.001615152412449498
2022-05-09,110.12699127197266,111.45545681268602,108.89793518633417,110.35292059808538,14312300.0,-0.015033962051973826,-0.015148117645053414
2022-05-10,107.44293212890624,111.86210847031126,106.24098665662989,111.25661963052622,16382400.0,-0.024372400553809737,-0.02467432332527611
2022-05-11,106.76516723632812,111.05782465119682,106.58442652415488,107.81348267241836,14630300.0,-0.0063081384614945835,-0.006328118837223526
2022-05-12,106.67478942871094,106.92782916600444,104.26186592618475,105.73492262246668,16318800.0,-0.0008465102425881943,-0.0008468687347093773
2022-05-13,107.62368774414062,108.67200310019037,106.602489698181,107.9128838932432,10443200.0,0.008895244326344143,0.008855914699552735
2022-05-16,106.87361145019533,107.958069468724,105.94278372024192,107.12665119486428,10269000.0,-0.006969434979114397,-0.006993834926398314
2022-05-17,110.41617584228516,111.13011330984578,109.1780807056574,109.38593871056872,11160200.0,0.03314723198757741,0.03260970852684685
2022-05-18,108.52740478515624,110.22639768329066,108.02132531497952,109.62090876078412,12664900.0,-0.01710592712273229,-0.0172539236675688
2022-05-19,106.91879272460938,108.12977750514206,106.30426467810382,106.81035106010692,12765800.0,-0.014822173843844433,-0.014933119935694255
2022-05-20,106.04217529296876,108.14783807047692,103.9455516182095,107.958058281641,13150100.0,-0.00819890881015195,-0.008232704716125758
2022-05-23,112.60316467285156,114.38348870637572,108.8527368162398,108.86177591902336,24376700.0,0.06187150878182557,0.060032925652263175
2022-05-24,114.19371032714844,115.21490832021584,111.25662931440247,112.38627585776632,19324900.0,0.014125230484577589,0.014026399007393917
2022-05-25,114.98898315429688,115.54929034212526,113.11828868688272,114.12141540511509,12780400.0,0.006964243694946859,0.0069401053552125775
2022-05-26,116.9771728515625,117.65496084587582,115.86560440198564,116.01018869398546,15990900.0,0.017290262447123173,0.017142486813750718
2022-05-27,118.63096618652344,118.63096618652344,116.70604404889944,117.62783949658808,11177800.0,0.01413774409695745,0.014038738247952801
2022-05-31,119.49851989746094,120.329938055591,117.22116251243808,117.64589690430056,17015000.0,0.007313045984751021,0.007286435321873757
2022-06-01,117.40190887451172,120.0769041580333,116.28129454298582,120.0769041580333,10768000.0,-0.017545079426492305,-0.01770081865927989
2022-06-02,119.29069519042967,119.29972740003988,116.2813146342788,117.39288316018327,8374800.0,0.01608820788371368,0.015960164170940466
2022-06-03,117.62783813476562,119.08282342873451,117.47420786020128,118.57674398555068,8596000.0,-0.013939536968994526,-0.014037604727130034
2022-06-06,117.2392349243164,119.6431261176573,116.99524119546945,118.46829093530316,11323500.0,-0.00330366702824203,-0.003309136184996057
2022-06-07,117.54652404785156,117.77245338864655,116.23612283953442,116.42590955324056,6722200.0,0.0026210434052518217,0.0026176144612861645
2022-06-08,115.67581939697266,116.98620678065254,114.68173170299316,116.5795367360115,8422100.0,-0.015914589274603874,-0.016042586179064802
2022-06-09,113.24480438232422,115.7661831872911,113.20865486558762,115.10646657277492,13560100.0,-0.02101575789410015,-0.02123973248933895
2022-06-10,108.03941345214844,111.51872391904678,107.83155542504012,110.78670816689691,12945200.0,-0.04596582561617513,-0.047055785970183235
2022-06-13,104.8221664428711,106.5934515023102,103.9817090881296,105.6084029666021,16805600.0,-0.02977845682864888,-0.03023083854086945
2022-06-14,103.0780029296875,106.02412354113612,102.31888363430494,104.4245468002563,13357900.0,-0.01663926221305656,-0.016779249768838128
2022-06-15,104.29801177978516,105.68973028599125,102.27368016294533,104.487791576086,14083500.0,0.01183578276084618,0.011766287698909188
2022-06-16,102.50865173339844,103.2587387333875,101.09885497761422,102.89725044105892,16724900.0,-0.017156223938043724,-0.017305097139504084
2022-06-17,102.1471710205078,103.59311740229734,101.36094133828088,102.60806879979629,30919900.0,-0.0035263434527532667,-0.0035325756574029273
2022-06-21,104.67758178710938,105.7620398438149,103.96364425676538,104.71373130830838,11680500.0,0.02477220603685204,0.02447034987901768
2022-06-22,104.09015655517578,105.0119451467822,103.37621907681064,103.8190386133303,9842700.0,-0.0056117577603987945,-0.0056275628301963075
2022-06-23,102.95147705078124,104.09016282234955,100.746411443948,103.93653253030116,11851500.0,-0.010939358168713609,-0.01099963292848894
2022-06-24,106.02413177490234,106.47599050338296,101.96644232369506,102.32793068544296,14841100.0,0.029845659451835926,0.02940894582123961
2022-06-27,105.1746063232422,107.09048928885558,104.50585751899082,106.69285151047174,11280500.0,-0.008012566926402731,-0.0080448400500909
2022-06-28,104.66854095458984,107.80444119495112,104.46972203868673,106.34041663724126,11590900.0,-0.0048116687700928695,-0.00482328211629547
2022-06-29,104.19861602783205,105.57226340322173,103.68349740020884,104.8312154319951,9338400.0,-0.004489648202526064,-0.004499756940817006
2022-06-30,101.76760864257812,103.09607421510096,100.24936325895432,102.2736881388474,15172600.0,-0.023330515105925986,-0.023606980086224597
2022-07-01,103.06896209716795,103.40333308961966,100.45721961946424,101.80375648256306,10573600.0,0.012787501563099157,0.0127064318528578
2022-07-05,102.67693328857422,102.7589839701268,99.65005192762612,100.9902617502902,12514200.0,-0.0038035583226708747,-0.0038108102452084763
2022-07-06,102.0113754272461,103.01425645258416,101.00849440190804,101.86550523822852,10656200.0,-0.00648205823850978,-0.0065031580073911036
2022-07-07,104.5915298461914,104.75563817159926,103.38807111180242,103.47924085796106,10347400.0,0.025292810808001054,0.02497824087570541
2022-07-08,104.26329803466795,105.43940636977447,103.57951460419706,104.99266980949216,8807800.0,-0.00313822555235721,-0.003143160108704227
2022-07-11,102.895751953125,104.14479910911514,102.31225719775304,103.52483506205664,7939500.0,-0.01311627492435774,-0.01320305289603263
2022-07-12,102.99603271484376,105.01091397132376,102.34871848857416,102.64046584345348,11250900.0,0.0009745860233807413,0.0009741114227566495
2022-07-13,102.02960968017578,102.54928481624609,100.63468561996145,101.8837325408835,12979900.0,-0.009383109321731253,-0.00942740801609859
2022-07-14,98.46481323242188,98.67450987671164,96.69609121331531,98.45569417246024,26204800.0,-0.034938842351040944,-0.03556380384928231
2022-07-15,102.97779083251952,103.82568263852336,98.16395617487412,99.52241105012892,18863900.0,0.04583340435983918,0.044814083703580726
2022-07-18,101.9201889038086,105.61261483749055,101.46433333502289,104.63708419852128,13977900.0,-0.010270194380368691,-0.010323296720463539
2022-07-19,104.44562530517578,104.79207998787663,102.72249181805026,103.14187810507408,11862300.0,0.024778568687217284,0.02447655870335493
2022-07-20,104.42740631103516,104.60974577679488,103.46099462206014,104.0262511393981,11667500.0,-0.00017443520575799454,-0.0001744504213479472
2022-07-21,105.1385498046875,105.33000834839368,103.36071550184064,104.33624634213706,11595900.0,0.0068099315952960815,0.006786848746953043
2022-07-22,104.62798309326172,105.98643088341088,103.63421423183108,105.06560059004582,7645500.0,-0.004856132335610885,-0.0048679616582836
2022-07-25,105.04737854003906,106.17789861992284,104.63710427592753,105.6126351020783,9394000.0,0.004008444341352835,0.004000431932726326
2022-07-26,103.4062957763672,105.37559555742884,103.05072891964303,104.46388424156076,10675100.0,-0.015622310489607827,-0.015745624770838303
2022-07-27,105.06560516357422,105.52146080012056,103.29689002372184,103.94420419292103,9337400.0,0.016046502533999973,0.015919118319495915
2022-07-28,104.673583984375,105.74029161262165,103.5065945011094,105.0747392276748,10384800.0,-0.0037312037425463185,-0.0037381820469555844
2022-07-29,105.17501068115234,106.21436095289656,104.65533554528024,105.384700374049,12944500.0,0.004790384332805431,0.004778946953528324
2022-08-01,104.12654113769533,104.94708265472224,103.0871908680628,104.39093823517094,14740400.0,-0.009968808528439732,-0.010018829812892387
2022-08-02,102.50369262695312,104.29976484125145,102.35781549313182,103.86214039559214,14942900.0,-0.015585349258803949,-0.015708077661320905
2022-08-03,103.57951354980467,104.02625010553945,101.84726081908433,103.4336364140029,14394500.0,0.010495435776805007,0.010440741054509595
2022-08-04,102.43988037109376,103.315122368562,101.21818363417832,102.8866169523858,18033900.0,-0.011002495953632119,-0.011063471077101036
2022-08-05,105.53968811035156,105.93172419585716,102.1572404683401,102.59485793934842,14174600.0,0.03025977508006239,0.02981097925784222
2022-08-08,104.25416564941406,106.39668539988294,104.09917642771038,105.98641817636052,10332500.0,-0.012180464846488492,-0.012255254645255943
2022-08-09,105.19325256347656,105.74939704082172,104.27242911249344,104.61887691977174,10233800.0,0.009007668021827175,0.008967340967795272
2022-08-10,107.9375,108.83098013248042,107.12607750134782,107.54546386367775,12847300.0,0.026087675489143036,0.025753196790740816
2022-08-11,109.53299713134766,110.49940890206962,108.77627506840616,109.31418836276644,11684900.0,0.014781675797083116,0.014673491620050681
2022-08-12,111.34729766845705,111.45670552766606,108.89479902114954,110.01620001587028,9906700.0,0.01656396323140652,0.016428277075982666
2022-08-15,111.6481704711914,111.885217368511,109.95238681306968,110.44471177405394,8456200.0,0.0027021114031005045,0.002698467263188403
2022-08-16,112.7148666381836,113.27101109319032,111.11025974237243,111.4931768227952,9555000.0,0.009554085503509668,0.009508733862092143
2022-08-17,111.76667022705078,112.28635227726772,110.94613572962346,111.50228010593575,8149300.0,-0.00841234558859516,-0.008447929068628979
2022-08-18,110.90055847167967,111.65728049616465,109.90679652486368,111.44758384323562,9531800.0,-0.007749284769883791,-0.007779466502778436
2022-08-19,108.1562957763672,110.30793473746677,107.68220901895064,109.9706060494718,13464500.0,-0.02474525586824039,-0.02505656607835433
2022-08-22,106.3693618774414,106.8161054485592,105.30266126390173,106.44230045506949,8967600.0,-0.016521774216644802,-0.01665978091680946
2022-08-23,105.32087707519533,106.93460982986656,105.19323806085804,106.38758448902048,7607000.0,-0.009857018823278607,-0.009905920850818229
2022-08-24,105.57617950439452,106.13232399695973,104.34536358936307,105.11120475773389,9771300.0,0.002424043896035011,0.002421110640899889
2022-08-25,108.0833740234375,108.25659443508276,105.46676017002672,105.90438464092033,10758900.0,0.023747729182969968,0.023470138046388988
2022-08-26,104.54593658447266,109.39624058382452,104.48211706957878,108.91303469165574,11276200.0,-0.03272878433826243,-0.033276351641815756
2022-08-29,104.29066467285156,104.7191701363162,103.44277280738912,103.9350977895098,8117300.0,-0.002441720070247122,-0.0024447059301107555
2022-08-30,104.30889892578124,105.37559953623044,103.3515992256516,104.8468052836673,10745400.0,0.00017484070110085348,0.0001748254182468234
2022-08-31,103.6889419555664,104.8741626177771,103.33336810551654,104.37272551462084,10738300.0,-0.005943471521599908,-0.005961204246003335
2022-09-01,104.40003967285156,104.50944055278536,102.0295922116362,103.28775102150034,9979800.0,0.006857989905904249,0.0068345808581955604
2022-09-02,103.6706771850586,107.08047504214612,103.19659043319253,105.6399766677429,10666600.0,-0.00698622807116267,-0.007010746021217541
2022-09-06,103.6980209350586,104.61885111471734,102.17546503267306,104.23593411336358,9751900.0,0.00026375587333338224,0.00026372109586806275
2022-09-07,105.66734313964844,105.85880168171782,102.80457015780182,103.14189889372176,10647900.0,0.018990933354679385,0.018812856609914056
2022-09-08,108.1289520263672,108.30217938839108,104.50945727880448,105.10207097790298,11435000.0,0.023295834016244132,0.023028627975777403
2022-09-09,108.64861297607422,109.45092321689678,108.192757414081,108.62126275528324,9299700.0,0.004805937170095698,0.004794425522158412
2022-09-12,109.93413543701172,110.81849639199208,109.21388277219066,109.97060471880314,8614600.0,0.011831927032704748,0.011762477065253496
2022-09-13,106.11406707763672,108.42069532388211,105.55792268358492,107.64574218725726,12904600.0,-0.03474870061232038,-0.03536679767171515
2022-09-14,105.86791229248048,107.43604979128575,104.73738534029825,106.3966995282637,9345700.0,-0.0023197186945642656,-0.002322413410103145
2022-09-15,107.46340942382812,108.8400884272614,105.53969809616964,105.86791470838278,10821400.0,0.015070639410927233,0.014958205550843724
2022-09-16,106.7431640625,107.0349114095308,105.1841385246974,107.02579234861582,14844100.0,-0.006702238140309902,-0.006724799000363101
2022-09-19,107.72779846191406,108.24747356638484,105.31176239678322,105.758498936043,8201300.0,0.009224332144000646,0.009182047823090404
2022-09-20,105.60353088378906,107.29931460816144,104.51859211502236,107.0440365345236,9619000.0,-0.019718843311144152,-0.019915853883434854
2022-09-21,102.55838775634766,106.30552122847853,102.49456825256118,106.25082078403418,12606300.0,-0.028835618486965364,-0.029259534068305965
2022-09-22,101.39141845703124,103.57040802831816,101.2637794244224,103.36983041827408,11684500.0,-0.011378584675968528,-0.011443816069947245
2022-09-23,99.50418853759766,100.59823951111964,97.69900373570576,100.3338493079002,18138600.0,-0.0186133101612872,-0.018788717840647288
2022-09-26,97.36164855957033,99.93267409446804,96.6960962637023,98.46481837518832,15753600.0,-0.02153215869116676,-0.021767357981091234
2022-09-27,96.504638671875,98.61980858680523,95.41058790600958,98.23689151433284,12793600.0,-0.008802335420306395,-0.00884130482444579
2022-09-28,98.45569610595705,99.1303674402746,96.31317605600384,96.59580431812306,12762600.0,0.020217239926837438,0.02001558493951992
2022-09-29,96.78727722167967,97.80838944996462,95.1826633483393,97.5075230444998,12713900.0,-0.016945884801645605,-0.017091109283740216
2022-09-30,95.2738265991211,98.11836823229466,95.1826568643499,96.69609393780544,15973400.0,-0.0156368756927856,-0.015760421236757853
2022-10-03,98.21866607666016,98.79304171886318,95.2373660887453,96.29495458578576,12248100.0,0.030909218015666706,0.03044114879684813
2022-10-04,102.8136749267578,103.01425251532024,100.16059879789464,100.84438223755488,16013600.0,0.04678345811081597,0.04572208920930876
2022-10-05,101.54426574707033,102.05938977299624,100.10927337882612,100.9555505694297,10943500.0,-0.012346695909778216,-0.012423549607737644
2022-10-06,99.4745635986328,101.3602965383446,99.2905927343852,100.68878954956745,11521400.0,-0.02038226514525998,-0.0205928498879908
2022-10-07,97.48765563964844,99.07902403370647,96.83454290299184,98.9042467927951,11681100.0,-0.019974030416471944,-0.020176208093598356
2022-10-10,96.57697296142578,98.71106718331806,96.14463372809632,98.17754889137376,8931700.0,-0.009341517879852268,-0.009385423502026372
2022-10-11,93.7897720336914,96.1630339575234,93.688585958161,96.00665802917216,12739700.0,-0.028859891154878303,-0.02928452774775705
2022-10-12,95.30754852294922,96.33780347408216,93.16425384807572,93.64258926104512,13181000.0,0.016182750595796325,0.016053205614805395
2022-10-13,100.60599517822266,101.0935242382516,93.60579708473556,93.80816922694486,22398700.0,0.05559314804952331,0.054102834577768065
2022-10-14,102.28016662597656,106.00562932530556,101.84782736783814,102.98846218515487,33387100.0,0.01664087159804062,0.016503929430682317
2022-10-17,106.5759506225586,107.6338006587426,105.15935248111792,106.16201266050514,22276300.0,0.04200016619342328,0.04114210282581052
2022-10-18,109.31715393066406,110.5129856211606,107.58780391825928,110.07145273282006,21539700.0,0.025720655477083243,0.025395444060687868
2022-10-19,107.17386627197266,109.30796061997016,106.40117318805628,108.5352675360538,17072000.0,-0.019606142143536065,-0.019800892284091633
2022-10-20,106.82431030273438,109.19757235991656,106.38277741928198,107.77178061030486,12207400.0,-0.0032615784182985497,-0.00326690895899471
2022-10-21,112.4355010986328,112.5826763716266,107.00827693250288,107.12785728043768,20593300.0,0.052527283162387084,0.05119420848297215
2022-10-24,112.57347869873048,113.23578498979896,111.607621205954,112.28832177486858,12624200.0,0.001227171122549997,0.0012264187635205991
2022-10-25,112.86783599853516,113.39216064136112,111.2028766449723,112.08594935825614,11289100.0,0.0026148014897224847,0.002611388843940207
2022-10-26,114.16486358642578,115.16751673776746,113.03342240711233,113.14380913764298,11667000.0,0.011491560695001457,0.011426034234457169
2022-10-27,114.61558532714844,116.08737315924878,114.25683726238766,115.16750488693133,10727600.0,0.003947990008164259,0.00394021714701418
2022-10-28,115.97701263427734,116.16098351194422,114.1096808556059,115.25031573682664,11859500.0,0.011878204026467776,0.011808211869918307
2022-10-31,115.79302215576172,117.2188208658806,115.52625949950549,115.6274455766385,13295200.0,-0.0015864391945998868,-0.0015876989217556107
2022-11-01,117.88113403320312,118.0007214209963,116.20698078449064,116.70371058030126,13386900.0,0.01803314084533114,0.01787247245632225
2022-11-02,116.7957000732422,119.91405360679552,116.49214179559448,117.42121090989228,16546100.0,-0.009207868323146573,-0.009250522782343768
2022-11-03,117.00724029541016,117.90870726342663,115.82061641151633,116.18855810244015,12474400.0,0.0018111987173783373,0.001809560474805043
2022-11-04,120.20838928222656,120.34637795642053,118.16629445771176,119.11375773565304,14953200.0,0.027358554724771,0.026990998277036014
2022-11-07,120.84309387207033,121.6893710222888,120.02441164791836,120.50274709319883,12011200.0,0.00528003572490765,0.005266145209770066
2022-11-08,120.91667175292967,121.47779191484196,119.71164665998892,120.72350729165854,9884100.0,0.0006088712106067096,0.0006086859237379019
2022-11-09,119.34373474121094,120.89830059213452,118.86539922919228,120.79712853982576,9494000.0,-0.013008437868127332,-0.013093788590393287
2022-11-10,124.25580596923828,124.412181888762,121.91013910423132,122.00213154445736,16351600.0,0.04115902052737708,0.04033453543766088
2022-11-11,124.45819091796876,125.2584718932116,123.05998709187052,124.35700483773644,10704700.0,0.0016287765964078105,0.0016274515783844213
2022-11-14,123.17957305908205,124.85372614294144,123.17957305908205,123.99825532210671,11085600.0,-0.010273472958718055,-0.010326609325339202
2022-11-15,122.28729248046876,124.835331568913,121.05467234292504,123.88785431886616,14038300.0,-0.007243738198258742,-0.007270101459325101
2022-11-16,122.4528579711914,122.85760225034396,121.45020493897532,122.3424782718137,7893400.0,0.0013539059322054126,0.0013529902279938398
2022-11-17,121.91932678222656,122.24128627122526,120.76029788676628,121.42260412305072,8820200.0,-0.004357033374348562,-0.004366552905601264
2022-11-18,123.11515808105467,123.87865038106855,121.68016591662382,123.7866719815467,9468500.0,0.00980838174216725,0.009760591806494417
2022-11-21,122.38849639892578,123.7774926636639,122.11253306500956,123.02320785610964,7800500.0,-0.0059022925645799695,-0.005919779937685626
2022-11-22,124.21902465820312,124.4306044997528,122.97721071887544,123.26236768191932,9185700.0,0.014956701921647442,0.014845953378590083
2022-11-23,125.54364013671876,125.5620414355292,124.05345776287514,124.12704892203855,7316200.0,0.010663547569789822,0.010607092929604683
2022-11-25,125.78282165527344,126.15076343473466,125.15730378689436,125.5436468661524,3220500.0,0.0019051663492806181,0.001903353821617422
2022-11-28,123.58429718017578,125.75518667422138,123.43711490083294,125.16647159292468,9906900.0,-0.017478733949243375,-0.01763329063759112
2022-11-29,125.61724853515624,125.69083970441908,123.63953674200933,123.86950388242548,7925300.0,0.016449916383928453,0.01631608222208499
2022-11-30,127.10741424560548,127.10741424560548,122.51727971512798,125.1848925755155,14761200.0,0.011862747575084764,0.011792936741576332
2022-12-01,125.32284545898438,127.5489247624895,124.57774044548115,127.10737793165625,8858500.0,-0.014039848086067175,-0.014139339076557175
2022-12-02,124.32941436767578,124.50419160671407,122.65524716854873,123.71310423364656,8931900.0,-0.007926975226825062,-0.007958560723982405
2022-12-05,120.84309387207033,123.78668365587976,120.13480538826084,123.48312543307156,10154500.0,-0.0280409950721352,-0.028441651411269572
2022-12-06,121.04548645019533,124.28342733722695,119.46331158699114,122.70125247402278,13966700.0,0.0016748377721880203,0.0016734367954608098
2022-12-07,120.9626693725586,122.4160628257746,119.88642525334468,120.78789216723688,11739400.0,-0.0006841814599242158,-0.0006844156188701658
2022-12-08,122.23210144042967,122.32407984671067,120.89828120663294,121.7261710796181,8907300.0,0.010494411825199501,0.010439727737587967
2022-12-09,121.56979370117188,123.04157450873352,121.42261140959296,121.60658225602866,7957800.0,-0.00541844353040577,-0.005433176539638053
2022-12-12,123.45555877685548,123.86028913053518,121.05470140676496,121.79058498514954,8841600.0,0.015511789715782154,0.015392711735342965
2022-12-13,123.33594512939452,126.1047436993906,122.41607681611092,125.9207728439492,10025400.0,-0.0009688802079553804,-0.000969349875776475
2022-12-14,122.71963500976562,124.83533493694604,122.12171218465129,123.0599817940416,9966100.0,-0.004997003257909194,-0.005009530026983458
2022-12-15,119.67486572265624,121.49620093947502,118.70900124661992,120.6407161626169,12087800.0,-0.024810775283573006,-0.025123750182490325
2022-12-16,118.92977142333984,119.49089167180836,118.1386840900248,118.80099041726888,21133700.0,-0.006225988179031083,-0.006245450466801221
2022-12-19,119.6380615234375,120.80629812297502,118.74578820421029,119.2609121748826,9017200.0,0.005955532341657577,0.005937868256910319
2022-12-20,120.21756744384766,121.46858865468523,119.76682700982926,120.47512939583711,8549900.0,0.004843825727622875,0.004832132149682439
2022-12-21,121.56979370117188,122.3240783823811,121.21104563799564,121.58818096056233,8051700.0,0.011248158535197783,0.011185368410115588
2022-12-22,120.19000244140624,120.77871762622487,118.12029864595485,120.59474676273354,8648200.0,-0.011349786963999242,-0.01141468733360341
2022-12-23,120.76031494140624,120.90749724493894,119.25173142038864,120.11640990854696,5091900.0,0.004745091009362712,0.004733868552070717
2022-12-27,121.1834716796875,121.6250045947413,120.08882600529972,121.02709573135758,5411000.0,0.0035041042952446144,0.0034979792262053505
2022-12-28,121.84576416015624,122.719636259215,120.51194386382387,121.28464392205296,8827700.0,0.005465204712234328,0.005450324671321212
2022-12-29,122.54485321044922,122.59084943159912,121.70776970817978,122.27808354942547,6585200.0,0.005737491615827484,0.005721094898264398
2022-12-30,123.3543472290039,123.56591301233534,121.82736245035154,122.1677092369382,9292500.0,0.006605695770548037,0.006583973769057151
2023-01-03,124.29259490966795,125.78279103671846,123.16116087896776,124.4029886454972,11054800.0,0.007606117674330726,0.007577337008583832
2023-01-04,125.45165252685548,126.64747017646476,124.70656139450348,125.0929044247572,11687600.0,0.009325234685380046,0.009282023115371123
2023-01-05,125.42386627197266,125.75746558024332,123.894863550833,125.71112959358614,8381300.0,-0.00022148974782842945,-0.00022151428030515427
2023-01-06,127.8239288330078,128.23166291856109,124.62694350184162,126.14667064087546,10029100.0,0.019135612960860193,0.018954829743707317
2023-01-09,127.29570770263672,128.6949780570482,126.84165182530386,128.43551351578455,8482300.0,-0.004132411945036996,-0.004140973955255109
2023-01-10,128.4355010986328,128.54669613706488,127.24009787646544,127.68489216994938,9048700.0,0.008953902818613857,0.008914054320514224
2023-01-11,129.38995361328125,129.5011486437458,127.97216041583958,128.71347947194283,8703700.0,0.007431376110842214,0.007403899477554776
2023-01-12,129.26022338867188,130.5297471388715,129.01002042645388,129.73281641530158,11001700.0,-0.001002629810016864,-0.0010031327795077395
2023-01-13,132.5220489501953,132.96685729835428,124.914154877879,125.65548798505765,20200000.0,0.02523456540621538,0.02492143070825583
2023-01-17,130.4741668701172,131.15988851237177,129.0192990209161,130.81702769124448,14292900.0,-0.01545314229821304,-0.01557378660461646
2023-01-18,126.55438995361328,130.40929781304155,126.40612045985448,128.73203981669712,13392600.0,-0.030042551798057593,-0.03050307627997914
2023-01-19,124.86783599853516,125.93349276488416,123.79290355298434,125.39604068186362,13303400.0,-0.013326712377945249,-0.013416309926897314
2023-01-20,125.17363739013672,125.55357260655532,123.75584415789656,125.24777212551754,13092500.0,0.002449000490447828,0.0024460065758160504
2023-01-23,127.20304870605467,127.84244851249224,124.93272692098093,125.21071454138256,10487100.0,0.016212769383642245,0.016082745915945603
2023-01-24,128.29649353027344,130.00155011000138,125.09950890834466,126.41536871268396,6945000.0,0.008596058312608124,0.008559322574929567
2023-01-25,128.9173583984375,128.9173583984375,127.18450302762814,127.92583629217025,8967000.0,0.004839297248740104,0.004827625490069284
2023-01-26,129.7142791748047,129.78841390951436,128.2130896812595,129.19535017159177,7487600.0,0.00618164059725923,0.00616261263278518
2023-01-27,130.02935791015625,130.90040924581558,129.50115321728592,130.29808395652097,7489900.0,0.002429021209970017,0.002426075906456398
2023-01-30,128.92662048339844,129.81620899523966,128.72275350365263,129.01927829434825,6729300.0,-0.00848068039772798,-0.008516845985421987
2023-01-31,129.69578552246094,129.79771903834495,128.1111852554926,129.62165077093093,9188700.0,0.005965913293768166,0.00594818769769485
2023-02-01,129.3529052734375,130.54830865112146,127.99070931640648,128.07411974583752,8841800.0,-0.002643726992686668,-0.0026472278103913728
2023-02-02,128.7505645751953,130.1590963500424,127.87949905837876,129.7328251316886,11822100.0,-0.0046565687641023645,-0.004667444355523181
2023-02-03,130.7428741455078,131.89194131072503,127.99995969141531,128.04628152779324,11501200.0,0.015474181234746531,0.015355677032417548
2023-02-06,131.5120086669922,131.8085476082206,129.76061619715742,129.94594596554768,8406200.0,0.005882802611700155,0.005865566493169655
2023-02-07,133.11512756347656,133.7545272635078,130.82626893802637,131.0116128404591,10447900.0,0.012189905034023951,0.012116206456291065
2023-02-08,132.17922973632812,133.47655247654606,131.8456304403067,132.18849127741632,6958000.0,-0.007030739813565945,-0.007055571925256931
2023-02-09,130.1220245361328,132.82787896099774,129.61235702773652,132.6240119576392,6443100.0,-0.015563755397115298,-0.0156861421640818
2023-02-10,130.69654846191406,130.91895268101243,128.4262268501719,129.52895812609816,6582900.0,0.004415270418896,0.004405551709113575
2023-02-13,132.1143798828125,132.26263524934998,130.41858452141932,130.93751365369647,7134600.0,0.010848269809601074,0.010789849457404617
2023-02-14,132.69815063476562,133.2634156808884,131.21549818607522,132.04948930472878,9249400.0,0.004418676850097114,0.004408943160363936
2023-02-15,133.25416564941406,133.33756194053095,130.9375077422259,131.224771060356,6728300.0,0.004190073576675557,0.0041813196628958235
2023-02-16,131.41937255859375,132.87422632749147,131.28962614556048,132.42943198193922,8165300.0,-0.013769123703401331,-0.013864797330353278
2023-02-17,131.80857849121094,132.35530638497582,129.79772104653122,130.64097381124589,7948800.0,0.0029615567708152213,0.0029571800008011237
2023-02-21,129.38995361328125,130.97453935641977,128.57448568386212,130.3722140883972,9996300.0,-0.018349525543900458,-0.018519966312380415
2023-02-22,128.39840698242188,129.20459916701773,127.3605490767579,128.73200618635008,11107500.0,-0.007663242803401027,-0.007692756324736786
2023-02-23,129.42698669433594,129.89031807684867,127.82386406997234,128.55592143285173,8068000.0,0.008010844807871065,0.007978928329269393
2023-02-24,130.59461975097656,130.99309222400296,128.74129360979924,128.9081003151785,9126900.0,0.009021557918196699,0.008981106770778895
2023-02-27,131.7344207763672,132.80007761336196,131.3266867775935,131.68808479655095,10014700.0,0.008727779349287479,0.008689912452873224
2023-02-28,132.83714294433594,133.21706401736367,131.49347032058068,132.45720773155335,11019800.0,0.00837079755974135,0.00833595672918203
2023-03-01,132.0958251953125,132.93909199365447,131.40082788366382,131.6788296362746,7139200.0,-0.005580651108508694,-0.005596281119455304
2023-03-02,130.72433471679688,131.98458261555115,129.30652755119246,131.8085285518743,11106800.0,-0.010382542192289512,-0.01043681678247321
2023-03-03,133.12442016601562,133.19855490846228,130.7336277461975,131.13208607962235,9513100.0,0.018359897982409557,0.01819339001364297
2023-03-06,132.3460235595703,133.4765394717512,132.1977540780608,132.92055012572462,9261300.0,-0.005847136126298946,-0.0058642975562483044
2023-03-07,128.4540252685547,131.87341412691322,127.70343047325758,131.59541238871836,11747600.0,-0.02940774634807064,-0.029848823032021205
2023-03-08,127.69417572021484,128.4262333346065,126.85090892078097,127.87950550894315,10002500.0,-0.005915342448407079,-0.0059329073892284145
2023-03-09,120.78125762939452,127.27717461017774,119.7433995459709,126.73043266860088,25888100.0,-0.054136518379404586,-0.055657031527422435
2023-03-10,123.8485107421875,125.34043881545394,118.44607054402006,119.50247292330836,37599700.0,0.02539510825598912,0.02507800978458903
2023-03-13,121.62451171875,124.06163979257856,119.91945529086247,121.5874514223848,42901100.0,-0.017957414345233014,-0.018120605320742788
2023-03-14,124.74737548828124,125.5906422588234,121.661585829519,125.35897649591112,29648100.0,0.025676269737079593,0.025352170387548337
2023-03-15,118.85379028320312,121.38359043240388,117.43600410626736,121.37431475303907,34280600.0,-0.04724416190729197,-0.0483966116240517
2023-03-16,121.16119384765624,122.27318668025714,116.77807450823371,118.62213199908344,24558500.0,0.019413798743439736,0.019227754974471056
2023-03-17,116.58346557617188,119.05765400044798,116.2498663425754,118.9649961876324,38396000.0,-0.03778213243128181,-0.03851438039354076
2023-03-20,117.81591796875,119.97504417539152,116.76879145976211,117.6769171228087,22875500.0,0.01057141667977679,0.010515929960720417
2023-03-21,120.97586822509766,122.06932387515457,120.64226894987144,121.01292852689768,17807800.0,0.02682108080833201,0.026467700392657282
2023-03-22,117.8530044555664,121.077794911188,117.76033956652832,120.98512295227204,17250200.0,-0.025813939716643253,-0.02615296659796731
2023-03-23,117.53792572021484,120.0306513294378,116.77806238054636,118.5201932592087,16677600.0,-0.00267348920638133,-0.0026770693610765977
2023-03-24,115.74948120117188,116.46300861569884,114.08148493751716,116.41667263675598,22311100.0,-0.01521589315179983,-0.015332842698455725
2023-03-27,119.06695556640624,119.8916852204729,117.02829235454034,117.49162393861728,18853900.0,0.028660814120355482,0.028257775807894923
2023-03-28,119.4283447265625,119.85460183384843,118.37194228939032,119.27081369649972,10820500.0,0.003035175951523472,0.0030305791041400345
2023-03-29,119.66925811767578,120.67005584493988,118.39972727457906,120.5588608107178,14595300.0,0.0020172212188394045,0.0020151893601300314
2023-03-30,119.307861328125,120.57738511423462,118.28853344143305,120.4198541009021,12134700.0,-0.0030199634829807254,-0.0030245327744143984
2023-03-31,120.75344848632812,120.781247244047,119.4005284781608,120.15112321607968,13105200.0,0.012116445153831146,0.012043628627131724
2023-04-03,120.61444854736328,121.8005759487344,119.91945136032145,120.38278281834934,11775400.0,-0.0011511053365949042,-0.001151768367203759
2023-04-04,119.00206756591795,121.0129246940969,118.06614297272824,120.92952841287084,11579900.0,-0.013368058311953979,-0.013458215186560802
2023-04-05,119.17949676513672,119.68381560997685,118.10546963185678,118.42301137251488,9614700.0,0.0014909757691434766,0.0014898653683548106
2023-04-06,119.04875946044922,119.61846068612611,118.47905823477232,118.60980863489203,8760200.0,-0.0010969781567808923,-0.0010975802777017287
2023-04-10,119.4410171508789,119.75855181831996,117.88134648944424,118.18020558100874,9477300.0,0.003294933035904446,0.0032895166385654476
2023-04-11,120.02940368652344,120.42165491662038,119.11414369093428,119.82393672065469,10516300.0,0.004926168159647082,0.00491407429462512
2023-04-12,120.0107192993164,121.8132080873547,119.5997853733505,120.64578863891776,11821000.0,-0.00015566508399744716,-0.0001556772010641209
2023-04-13,120.46833038330078,120.51501575194985,118.45102653250032,119.9733457695474,12450200.0,0.003813085086533441,0.003805833705172151
2023-04-14,129.56488037109375,129.92911468105393,125.98790535239443,126.22138924982342,43931300.0,0.07550988677978654,0.07279486241215961
2023-04-17,130.59217834472656,130.80697947950446,128.56554039739228,130.70424602361553,16050500.0,0.007928830487787142,0.007897562481735149
2023-04-18,132.0584716796875,132.4133717236845,129.84504914380517,131.0031342737207,13760100.0,0.011228033359626854,0.011165466889739482
2023-04-19,131.890380859375,132.1518816759903,131.1245468601976,131.8997150847092,9158100.0,-0.001272851473854808,-0.0012736622373527558
2023-04-20,131.5074462890625,132.08648169838483,130.6015277772831,130.66691009806405,10586200.0,-0.0029034306203179483,-0.0029076537513609843
2023-04-21,131.2552947998047,131.78764489908252,129.61157337617786,130.5081577667996,11842500.0,-0.0019173932455776033,-0.0019192337970903627
2023-04-24,131.43272399902344,131.77828978527313,130.78830629708887,131.18057170318022,7567500.0,0.0013517869849697384,0.0013508741434955843
2023-04-25,128.57492065429688,130.71364129697216,128.5375694982017,130.37742388920665,10629300.0,-0.021743468884870665,-0.021983341588699277
2023-04-26,126.2961196899414,128.70567548636146,125.14738277852142,128.52822542469335,14416100.0,-0.017723526118149757,-0.017882468621866862
2023-04-27,127.99585723876952,128.79904230186102,126.6976875234998,127.0152221587228,9041100.0,0.013458351317530592,0.013368592150917622
2023-04-28,129.1072540283203,129.18197058151966,126.7070328529894,127.53823491258476,9887300.0,0.008683068448672948,0.008645587420447971
2023-05-01,131.8717041015625,133.8983426470363,131.52615248918775,132.86167355918573,20415800.0,0.021412042987420277,0.02118602582904052
2023-05-02,129.74232482910156,133.0017650271843,129.28469127957604,132.0584810017057,14113400.0,-0.016147355393397955,-0.01627914455980131
2023-05-03,126.99651336669922,129.5088015101038,126.7910464683056,129.2940003893182,12930900.0,-0.021163575309901095,-0.021390734487212147
2023-05-04,125.25942993164062,126.753732494345,123.10204111664616,126.0439466149594,17089200.0,-0.013678197841879403,-0.013772606269927394
2023-05-05,127.70635986328124,128.77104588383023,126.9311916004048,127.4261763314049,11261400.0,0.019534895959338217,0.01934653895011054
2023-05-08,128.01454162597656,128.8550778481138,127.46350886850172,128.40679281302224,7484900.0,0.002413206069182827,0.002410298963440806
2023-05-09,127.3981704711914,127.90248947180116,126.27745049704824,126.94987108095202,7343600.0,-0.004814852648428181,-0.004826481393586466
2023-05-10,127.46353912353516,128.93915922547262,125.95990209092456,128.83642572942864,8133400.0,0.0005131051105520257,0.0005129735171370333
2023-05-11,127.0619125366211,127.77169830207356,125.98787828872712,126.08127752792592,7057300.0,-0.00315091350574237,-0.0031558880860994417
2023-05-12,125.2407684326172,127.93984172013046,124.33484976943936,127.78107437977394,9988600.0,-0.014332730144283157,-0.014436435837472996
2023-05-15,126.2961196899414,126.70705367470372,125.11003162114656,125.399549405667,7639500.0,0.008426579224416031,0.008391273803005134
2023-05-16,125.44619750976562,126.95916814968696,125.1099802285918,126.51088319169578,6477200.0,-0.006729598520226476,-0.006752344372752752
2023-05-17,129.3033905029297,129.43414092654038,126.51093197351658,126.92185169720211,12711500.0,0.030747787256475423,0.03028454587103808
2023-05-18,130.2840118408203,130.4988130314299,128.65895882093156,129.13527508145933,10999600.0,0.007583879541568583,0.007555266501292938
2023-05-19,129.98513793945312,131.20860543284945,129.00451705077612,130.55483917276476,13492200.0,-0.0022940182539999965,-0.002296653544916554
2023-05-22,128.9111328125,132.28264097920177,128.56558119246412,131.68492275092876,11402500.0,-0.008262522500483094,-0.008296846337929448
2023-05-23,127.5662612915039,129.84506645540733,127.44485935294364,128.45349726906264,9514900.0,-0.01043254753607814,-0.01048734803252443
2023-05-24,126.39883422851562,127.34211825680605,126.15601611517806,126.45486808153773,8578000.0,-0.009151534670445272,-0.009193667212467397
2023-05-25,126.70703887939452,127.26740592967896,125.6890525137463,125.9132021840053,8472500.0,0.002438350422771185,0.0024353824700059238
2023-05-26,127.89313507080078,128.50953594710057,126.6696817940613,127.1179668628587,8579900.0,0.00936093370894131,0.009317391687389804
2023-05-30,128.37879943847656,128.6216175747922,127.03392983577808,127.76239849545192,7399900.0,0.003797423273789624,0.003790231263683711
2023-05-31,126.74436950683594,127.79970673593272,125.5209022577691,127.69697327992624,14219900.0,-0.01273130718459392,-0.012813044767830713
2023-06-01,128.49085998535156,129.09791241763068,126.50157262146811,127.50089054158504,12248100.0,0.013779629701194951,0.013685553839049246
2023-06-02,131.1898956298828,132.13316517346584,130.1345441573324,130.3400110679302,12922500.0,0.021005662541591974,0.020788085241186284
2023-06-05,129.9010772705078,130.8536954120118,129.00450722615906,130.8536954120118,8511900.0,-0.00982406726666707,-0.009872641810373659
2023-06-06,130.13455200195312,130.8443520088864,129.07921471650812,129.5181512330025,9329500.0,0.001797327138089333,0.0017957138784163564
2023-06-07,131.3953857421875,131.93707003389363,129.65826516903496,130.33069985868914,9281400.0,0.009688693132131831,0.009642058720544784
2023-06-08,131.43272399902344,131.58215708222744,130.265304756598,131.37669015550273,7368100.0,0.00028416718460122503,0.00028412681675412017
2023-06-09,131.69424438476562,132.43206143627933,130.94710735890789,131.0778577635055,7249100.0,0.0019897661540069222,0.0019877891913609672
2023-06-12,131.68490600585938,131.98377220735534,130.52682085114972,131.75028833145842,7596600.0,-7.09095446795871e-05,-7.091205888020502e-05
2023-06-13,132.63751220703125,133.43134876280965,130.8817090589414,131.19924368125277,7701600.0,0.00723398170728462,0.007207941966871193
2023-06-14,132.14254760742188,134.1224864357795,131.40473053409755,133.55278517375058,9068700.0,-0.003731709011827622,-0.0037386892086887715
2023-06-15,133.63685607910156,133.92637386638867,130.77901511323446,131.30201682584703,9343100.0,0.011308306815145386,0.01124484588923251
2023-06-16,133.7955780029297,134.45867839599362,133.0857922412367,133.5994595526633,13813500.0,0.0011877106996154296,0.0011870059292494444
2023-06-20,133.1138153076172,133.5527660984883,131.72224639073605,133.18853185188502,8428600.0,-0.005095554767120758,-0.005108581377024471
2023-06-21,132.91770935058594,134.50539687612533,132.3293254158356,133.45937940871084,9926500.0,-0.0014732201656008082,-0.0014743064214227091
2023-06-22,130.3587188720703,133.17920807383072,129.7703349465135,132.90835879827526,10075200.0,-0.019252441913259255,-0.019440183738306614
2023-06-23,129.67698669433594,129.9851729562011,128.52823544265038,129.3874546365206,9919500.0,-0.005229663068439638,-0.0052433856201340705
2023-06-26,129.99449157714844,130.76031131831627,128.59358825115126,129.69562536058743,8429700.0,0.002448428907134481,0.0024454363887282064
2023-06-27,130.0038299560547,130.6015481575484,129.3874290527476,129.81704569009904,8154000.0,7.183672779476069e-05,7.183414766059542e-05
2023-06-28,129.43411254882812,130.0131622270599,128.8457428969404,129.96646260371023,7558600.0,-0.0043823124858640705,-0.0043919429633662395
2023-06-29,133.954345703125,134.07576186365375,130.6108695586492,130.8163364838257,15423200.0,0.034923043587845815,0.034327069931530105
2023-06-30,135.83157348632812,136.35457505574118,134.1691695332407,135.04707113220857,14212800.0,0.014013937161572398,0.013916649809811912
2023-07-03,136.92428588867188,137.73680522331213,136.35458465672096,136.53203468399295,8021600.0,0.008044612708942411,0.008012427309615992
2023-07-05,136.01211547851562,136.75498507554383,135.74881883537213,136.29422312433817,8934900.0,-0.006661859904808276,-0.006684149140499547
2023-07-06,134.6674346923828,134.83669068550142,133.00301235042232,134.48876602280728,9709500.0,-0.009886477990596498,-0.009935673731086685
2023-07-07,135.7300262451172,137.1405503169834,134.46996151791234,135.32568289850678,8981500.0,0.007890486331469937,0.007859519234503714
2023-07-10,136.49172973632812,137.28163425338343,135.8805082759092,135.8805082759092,9100100.0,0.005611901156162391,0.00559621310469871
2023-07-11,138.62631225585938,139.00246063974816,137.0183227540901,137.61073314225018,11260900.0,0.015638914706809004,0.015517887076508977
2023-07-12,139.312744140625,140.93014609710974,138.231348176639,138.6545024952165,11323200.0,0.004951670960551047,0.004939451758278829
2023-07-13,139.9897918701172,140.45996650725584,138.93660527447577,139.82993421532095,11234900.0,0.004859912376779851,0.004848141125385986
2023-07-14,140.83616638183594,143.770052600036,139.5572903267186,142.50998755489587,27028400.0,0.006045973069979338,0.006027769510104632
2023-07-17,144.23080444335938,144.57872915123014,141.38154673382755,141.38154673382755,17262400.0,0.02410345402557934,0.023817550836052637
2023-07-18,144.49412536621094,145.18997489860243,143.70423513282776,144.23082862174988,13491700.0,0.0018256912860454833,0.0018240267373695876
2023-07-19,145.0489044189453,145.95164621525822,143.1399961602172,143.6383802268648,12510000.0,0.0038394574957862915,0.0038321055910637667
2023-07-20,146.83555603027344,147.24931207038827,145.1993572243928,145.3121945631174,9935900.0,0.012317580877189815,0.01224233673165299
2023-07-21,145.70713806152344,146.82615615405976,145.4626523806658,146.50644079864747,10636400.0,-0.0076849095631670306,-0.007714590642723289
2023-07-24,148.57522583007812,149.31809564584665,145.50027884750722,145.72596790033828,14381400.0,0.019683920820294132,0.019492697724240088
2023-07-25,147.46560668945312,148.31191544958145,146.656905593702,147.91697040494864,9944700.0,-0.007468399488714472,-0.0074964276215703845
2023-07-26,148.34950256347656,148.81027889268154,146.95778959680948,147.36214726296728,8728600.0,0.0059939120305172455,0.0059760199997104975
2023-07-27,146.7133331298828,149.3086925865518,146.27136771662688,148.35894475625432,10778400.0,-0.011029153487681298,-0.011090425536754815
2023-07-28,147.5502471923828,148.19909065944483,147.10828176840127,147.89817192456593,9103800.0,0.005704417210391499,0.005688208633646131
2023-07-31,148.53758239746094,149.87287668752785,147.77588740827963,147.8040967395169,8892700.0,0.006691518474996494,0.006669229640761719
2023-08-01,147.8041229248047,148.57521637814307,146.83556411782206,148.03921029249162,6853900.0,-0.00493787135092616,-0.004950102919552677
2023-08-02,146.1302947998047,146.40300416806969,144.75739267551066,146.28075415135822,8299400.0,-0.011324637580316765,-0.011389249556440146
2023-08-03,147.02365112304688,147.55964288063694,145.14295210950536,145.75417354946845,6084000.0,0.006113423123289108,0.006094811965550896
2023-08-04,146.7133331298828,148.38715409339025,146.41241440230658,147.07065618313624,6209400.0,-0.002110667166769997,-0.002112897763965965
2023-08-07,147.40916442871094,148.29309514639542,147.25871943203992,147.25871943203992,7251800.0,0.004742795245556319,0.004731583627815043
2023-08-08,146.58168029785156,146.67570663590206,143.48792249952783,145.11473741719715,8623400.0,-0.005613518902073178,-0.0056293339123140735
2023-08-09,144.61634826660156,146.2431632885542,144.3154438775193,146.0550962518034,6277800.0,-0.013407760282570624,-0.01349845589615288
2023-08-10,144.40003967285156,146.16790099076863,143.9580743433723,145.17113300465522,5995100.0,-0.001495740947290658,-0.001496860684478485
2023-08-11,145.23696899414062,145.30280034265354,143.52554046452417,143.90167450330318,5180700.0,0.005795907834825975,0.005779176179968064
2023-08-14,145.5378875732422,145.6789342505091,143.79823536111664,144.44707877373204,5044300.0,0.002071914480077819,0.0020697710254639124
2023-08-15,141.83291625976562,144.1273713266908,141.268700822504,143.73242626004551,10300300.0,-0.02545709145058206,-0.02578672965506027
2023-08-16,141.23109436035156,141.95516749633964,140.7515069300112,141.61664110081486,6978200.0,-0.004243175105501096,-0.0042522029197708255
2023-08-17,139.76414489746094,142.2372542213868,139.5478541905709,141.87993118346174,9953900.0,-0.01038687315661313,-0.010441193194556986
2023-08-18,140.08387756347656,140.58226169114948,138.6451438592742,138.84260923513173,8517500.0,0.002287658728568731,0.002285046021235987
2023-08-21,140.56341552734375,141.1464418760233,139.1905135241849,140.72327319354213,8327000.0,0.0034232202321062832,0.0034173743510874403
2023-08-22,137.64837646484375,140.71391093800844,137.1499923340537,140.35657350514165,9673300.0,-0.020738248651427593,-0.020956306152241515
2023-08-23,138.5792999267578,138.78617796270962,136.7832433034955,137.62015377672074,7858000.0,0.00676305442768399,0.006740287566458515
2023-08-24,138.4476776123047,140.49764734996734,138.2220028750702,138.70157604029075,6534000.0,-0.0009497978018556674,-0.000950249145600702
2023-08-25,138.27841186523438,139.75475327933296,137.14999521237883,138.49468825612092,6695500.0,-0.0012225972294335197,-0.0012233452111419592
2023-08-28,138.75794982910156,139.7453195308282,138.35360648998457,138.76736250583895,5094100.0,0.003467916339207955,0.0034619169835148505
2023-08-29,139.88636779785156,139.97101014649476,138.40061406417527,138.89901243341097,6337000.0,0.008132276169688257,0.008099387398569146
2023-08-30,139.32215881347656,140.25309545797032,138.41001882441265,139.75471146583337,6277300.0,-0.00403333786742055,-0.004041493712168795
2023-08-31,137.60134887695312,139.5008589510987,137.25342414131575,139.4162165882018,10933900.0,-0.012351301122366598,-0.012428212401155027
2023-09-01,138.06210327148438,139.24693832833148,137.00890220569406,137.3756378910462,7903500.0,0.0033484729495150134,0.0033428792972855503
2023-09-05,136.53875732421875,139.36921876753888,136.36008860670202,138.38184883030152,7854700.0,-0.011033773288750548,-0.011095096869459782
2023-09-06,136.31307983398438,136.85846995723358,135.5137769609057,136.06857976294606,8629200.0,-0.001652845643662082,-0.0016542131000268903
2023-09-07,135.14703369140625,136.60457831204684,134.83671662905607,135.5325804369257,8373700.0,-0.008554176488406284,-0.00859097345152212
2023-09-08,135.25047302246094,135.5231680695546,134.1408531289122,134.81790593039398,7107900.0,0.0007653836582968143,0.000765090901595893
2023-09-11,135.84288024902344,136.39768294977495,135.1188071954874,136.11557526086284,6854200.0,0.0043800750808768996,0.004370510470988896
2023-09-12,137.61073303222656,138.53228581057203,135.4573391369855,135.8804935135026,8363200.0,0.013013952442427312,0.01292999856007248
2023-09-13,137.67657470703125,138.88961925718172,137.12177194179168,138.55109286085687,8325900.0,0.0004784632226999541,0.00047834879567017793
2023-09-14,140.34715270996094,140.95837410125364,138.72035221039306,139.02125656733,10034900.0,0.01939747563165728,0.01921174259315066
2023-09-15,139.93338012695312,140.79849978022395,139.46320546657168,140.03681912618072,19863400.0,-0.0029482078903511066,-0.00295256241603751
2023-09-18,140.22488403320312,140.2436950369441,138.93661007448483,139.32215673392037,6512400.0,0.0020831620445782573,0.0020809952711645604
2023-09-19,140.0462188720703,140.78910287820727,138.42883122468425,140.58222487765715,7943400.0,-0.0012741330639325366,-0.001274945461606651
2023-09-20,139.45382690429688,141.28750546996196,139.30336754798745,140.72329005809854,7332000.0,-0.0042299747365158735,-0.004238946388497478
2023-09-21,138.363037109375,139.9710412101602,137.88346398739847,138.77679322179205,8052400.0,-0.007821870644471152,-0.00785262193469808
2023-09-22,137.03713989257812,138.71096099240972,136.5293574341803,138.50408293750058,7071700.0,-0.009582741492937585,-0.00962895140894134
2023-09-25,137.7141876220703,137.78001897736758,135.12822638033307,136.6798117345326,7044700.0,0.004940614858299774,0.00492845007194032
2023-09-26,136.2848663330078,137.1405879484126,135.62662445523367,135.97456357881177,7468400.0,-0.010378896421224137,-0.010433132768694875
2023-09-27,137.08413696289062,137.37564298659942,135.88988918481877,136.52933425011622,6717800.0,0.005864705681479121,0.005847575239151027
2023-09-28,138.78619384765625,139.98984018627095,137.3004397596733,137.55433816896434,8868100.0,0.01241614764826049,0.012339699431508165
2023-09-29,136.36949157714844,139.88638960320975,136.21903221009904,139.73594458475532,11917800.0,-0.017413131692051387,-0.017566523566538546
2023-10-02,135.1940460205078,136.93368391413614,134.12204820895175,136.1908141533554,9170600.0,-0.00861956397318997,-0.008656927273237806
2023-10-03,134.197265625,135.02476331799002,133.85873927604274,134.65802763566907,9431100.0,-0.007372960754178592,-0.007400275371873014
2023-10-04,134.79908752441406,134.9119248569258,133.46377879625967,134.64862818200334,8128700.0,0.004484606274287151,0.004474580391153035
2023-10-05,135.3674774169922,135.55694661975534,133.40659836773634,134.55280899031126,8576200.0,0.004216570772225703,0.004207705948388594
2023-10-06,137.4514923095703,138.19037578099838,134.6475135159572,135.37692931115018,10270600.0,0.015395240661524756,0.015277936363903446
2023-10-09,137.13890075683594,137.73568242415,135.9358408359839,136.08741039936837,6964900.0,-0.0022741954087363014,-0.0022767853185005228
2023-10-10,137.97250366210938,139.03347614529983,137.62201169643586,137.75463145002604,11288800.0,0.006078529874987915,0.006060130136858859
2023-10-11,138.44613647460938,139.46920925695193,137.3757108554797,138.78716073539022,8698200.0,0.0034328058122357064,0.003426927183981377
2023-10-12,138.12405395507812,139.21344377245325,137.47990508592446,138.5882302551215,10484400.0,-0.0023264103118566526,-0.0023291206086504183
2023-10-13,140.19862365722656,145.0392659035703,140.04705410852486,140.67226765606853,29427000.0,0.015019612028062346,0.014907934502214762
2023-10-16,140.0565643310547,141.6385338699526,138.98612405353973,141.57221675866873,12663500.0,-0.0010132719028626003,-0.0010137856098830769
2023-10-17,139.75341796875,141.43958969955224,139.052419542389,139.7913175888073,11482700.0,-0.0021644566518719266,-0.002166802473735255
2023-10-18,138.2188262939453,139.706061268437,137.7072825656575,138.86297533908285,9620300.0,-0.010980709431720914,-0.01104144242499717
2023-10-19,137.63148498535156,139.2703038448197,137.24310784044647,137.8114720413774,11143600.0,-0.0042493582411463615,-0.004258412422621123
2023-10-20,135.41485595703125,137.48941959102663,134.62860495461229,136.94947279085457,13332900.0,-0.016105537396157832,-0.016236641133326245
2023-10-23,133.56761169433594,136.1063366664098,133.31183988001058,135.40535277788072,10133400.0,-0.013641370805589248,-0.013735269217550205
2023-10-24,133.7286834716797,134.25916259068111,132.96138228494746,133.7476332843503,8881400.0,0.0012059194238822624,0.001205192887091706
2023-10-25,132.99920654296875,133.73808989952684,132.15612094615426,133.16025819520024,8242600.0,-0.00545490249192071,-0.0054698348001325425
2023-10-26,133.34027099609375,134.2023066571367,132.08037605790858,132.39298287304953,9109400.0,0.0025644096832624363,0.0025611271953156147
2023-10-27,128.5375213623047,131.76777717096823,128.0638773242415,131.6256752868679,17434700.0,-0.03601874810896222,-0.03668343280652245
2023-10-30,130.17633056640625,130.76364457019,128.8690683469191,129.24799226425498,9855500.0,0.01274965618391155,0.012669063612983983
2023-10-31,131.7299041748047,131.90042357929167,130.22371929845036,130.45107368627572,9672500.0,0.011934378558980274,0.01186372544168903
2023-11-01,131.61619567871094,133.12238011414377,131.1709691669338,131.9098526429751,9432000.0,-0.0008631942519510272,-0.00086356701863814
2023-11-02,133.96548461914062,134.0223195938051,131.8909213170707,132.70558968102353,10186200.0,0.017849542970870713,0.017692110516592023
2023-11-03,135.46218872070312,136.19160455337342,134.37281326452674,134.69488772667842,9538700.0,0.011172311329426199,0.011110362043301847
2023-11-06,136.48529052734375,136.58949281129168,135.2632806106388,135.62325476509008,7625100.0,0.007552674412710569,0.007524295767523781
2023-11-07,136.41896057128906,136.6557826075624,135.29169982038272,135.9453164987424,6297900.0,-0.00048598611468242403,-0.0004861042442086795
2023-11-08,137.09153747558594,137.20520742421806,136.049514764893,136.51369114592342,7618200.0,0.004930230383520584,0.004918116597225895
2023-11-09,136.68418884277344,137.97250119221647,136.12529235225335,137.77357879262672,7992500.0,-0.00297136234893447,-0.002975785610286683
2023-11-10,138.71139526367188,138.7587625615186,136.48527680957466,137.2999451873407,7983300.0,0.014831316175350162,0.014722407722256652
2023-11-13,138.0956573486328,138.5408839096916,137.50834335509538,138.01987256648778,6676300.0,-0.004438985808401852,-0.004448867359458399
2023-11-14,140.61549377441406,141.3827950731505,138.79670176328628,138.9482569233581,9927700.0,0.0182470359615996,0.01808255662793223
2023-11-15,141.84695434570312,142.24481369464235,140.63442648575344,140.63442648575344,8365300.0,0.008757644966668199,0.008719519226754159
2023-11-16,143.46676635742188,143.54255113282872,142.1784540844415,142.1784540844415,8126200.0,0.011419434553180619,0.011354724975650602
2023-11-17,144.76458740234375,144.8024725697852,143.5520452271586,144.1772588984719,7812400.0,0.009046144120155253,0.00900547285318033
2023-11-20,145.2097930908203,145.64555199659807,143.9120129602485,144.06358253221205,7019000.0,0.003075377041204197,0.00307065774250434
2023-11-21,144.90663146972656,145.5318449538787,144.52772209085836,145.12450363985243,7083500.0,-0.0020877491430907336,-0.00208993152937876
2023-11-22,145.2476806640625,145.76869199043034,144.84033928000449,145.3234654437586,5174500.0,0.002353578927871247,0.002350813599082826
2023-11-24,145.44659423828125,146.2991621172823,145.2003045600638,145.49396152952596,3496900.0,0.0013694784888085287,0.001368541608403703
2023-11-27,145.11508178710938,145.4371563062947,144.6603874979965,145.3424217044304,6259100.0,-0.002279272697363832,-0.002281874193142253
2023-11-28,145.44659423828125,145.75920101513483,144.66982558884604,145.14346959235732,6582700.0,0.00228447964945655,0.0022818741931422814
2023-11-29,146.1855010986328,147.4264461508105,145.88236197975067,146.04339921623102,9126100.0,0.005080262375487754,0.005067401382341484
2023-11-30,147.85272216796875,147.90008946187166,146.24233535655063,146.74439687209036,9869800.0,0.011404831921129066,0.011340287110440236
2023-12-01,148.57266235351562,149.5389002641886,147.60643889731196,147.60643889731196,8916000.0,0.004869306259569495,0.0048574895318305965
2023-12-04,149.6620635986328,149.7188985762758,147.66328497618852,147.79590474217898,9607500.0,0.007332447489734273,0.007305695787346907
2023-12-05,149.64309692382812,150.1451584423884,148.69580885794556,148.97051603708525,9135600.0,-0.00012673000992124983,-0.00012673804084747055
2023-12-06,148.07058715820312,150.82719874806344,147.77693018657288,150.4672246773074,9366000.0,-0.010508401643314347,-0.010564004772243134
2023-12-07,148.52528381347656,149.017877636161,147.91902005266044,148.43056368318955,8130900.0,0.003070810104829347,0.0030661047977547304
2023-12-08,150.16409301757812,150.41038268611402,148.70526144960743,148.97050092478986,7369400.0,0.01103387357373875,0.010973444495588635
2023-12-11,150.7135467529297,150.90300148739232,149.81361146891027,150.16411790485932,8093900.0,0.003659022102489251,0.003652344165970152
2023-12-12,152.05870056152344,152.18183819415106,150.50514854635935,150.83669073201253,10223000.0,0.00892523490803998,0.008885640417976829
2023-12-13,152.57022094726562,153.48909157190943,151.34822564322266,152.05869172694915,12379100.0,0.0033639665724700674,0.00335832109417704
2023-12-14,155.3457794189453,156.1509656245066,153.18596372542805,153.29963367104395,13643000.0,0.018192006634368152,0.01802851196851076
2023-12-15,156.52040100097656,156.5677682945357,153.83010639865176,154.48373746814988,20309300.0,0.007561335663091695,0.007532892055711816
2023-12-18,157.46768188476562,158.32024976660728,156.89931775133914,157.1740249143251,8469600.0,0.006052124053676167,0.006033883509919692
2023-12-19,159.57066345214844,159.58961325972516,156.823533986712,157.2498107031462,10345700.0,0.013355004291748962,0.013266612335573323
2023-12-20,157.77084350585938,160.48008817985806,157.67610890953222,159.13494074793843,10734700.0,-0.011279140584815495,-0.01134323248104887
2023-12-21,158.67074584960938,159.22964232114157,156.94667468790465,158.04553227748778,7601700.0,0.005703857086347908,0.005687651686505415
2023-12-22,158.57603454589844,159.36228546485532,158.4149972908548,158.67076914508667,6576300.0,-0.0005969046354689089,-0.0005970828539639904
2023-12-26,159.5138397216797,159.87381381865765,158.36761478125825,158.63286874261556,4683600.0,0.005913914914487339,0.0058964963605052795
2023-12-27,160.4705810546875,160.5368981526818,158.74652441491637,158.99281409075002,6428600.0,0.005997857832756859,0.005979942284382553
2023-12-28,161.3231658935547,161.6641901868301,160.09168847592298,160.4232450918324,6320100.0,0.005313028925698404,0.005298964581699461
2023-12-29,161.13372802734375,161.69262459427827,160.6885014185733,161.03899342589315,6435100.0,-0.0011742756544707023,-0.0011749656563482065
2024-01-02,163.00936889648438,163.09462137257947,160.00646678453464,160.17697173672482,9977400.0,0.011640274771166137,0.011573047962208885
2024-01-03,162.2988739013672,162.9714403661268,161.38947095422876,162.80093544417744,9852300.0,-0.00435861447674446,-0.004368140928320562
2024-01-04,163.3759002685547,165.2249734767481,162.54666787031996,162.64198661978116,11972500.0,0.006636068022517705,0.006614146252579199
2024-01-05,164.1956024169922,165.2535766108724,163.4330960040298,163.4330960040298,10066000.0,0.005017277010195942,0.005004732418195918
2024-01-08,163.9573211669922,164.28138166799556,161.5459049822079,163.9573211669922,11229900.0,-0.0014512036040701393,-0.0014522576198714736
2024-01-09,162.66107177734375,163.7380981420264,162.1273216242973,163.57606788439452,9923600.0,-0.007906017129471143,-0.00793743538798603
2024-01-10,163.0041961669922,163.0613816047552,161.03121130256366,162.0320000942187,9670200.0,0.002109443801760591,0.002107222049077197
2024-01-11,162.3179473876953,162.37513282741753,160.73574901857515,162.34654010755642,11919500.0,-0.004210006830706603,-0.004218893861207185
2024-01-12,161.1265106201172,168.04622408294122,160.98353249936034,165.6538747823718,19436500.0,-0.007340141905148534,-0.007367213300011249
2024-01-16,160.1162109375,160.21151515002774,156.59916117294043,157.14243736078933,17206400.0,-0.006270226288206171,-0.006289966718296597
2024-01-17,159.25839233398438,161.14559906926118,158.68652340442242,159.4966746905354,11107500.0,-0.005357475039491577,-0.005371877773448322
2024-01-18,159.57293701171875,159.67778183706136,157.49512171042235,159.2869952568206,9382300.0,0.001975058727672785,0.0019731108635262762
2024-01-19,162.3274688720703,162.5752918286845,159.24886492376933,159.6968369137711,13115700.0,0.017261898614733706,0.017114604675426477
2024-01-22,162.1368408203125,163.91918812242486,161.7555948824447,162.47044192364703,12837500.0,-0.0011743425378488714,-0.0011750326183604758
2024-01-23,161.06932067871094,161.79369368869092,160.54509667114718,161.71744160180904,8360800.0,-0.0065840689642191474,-0.006605839558292828
2024-01-24,162.50856018066406,162.99465093143215,160.94542857064098,161.42199326325292,9967100.0,0.008935528478598354,0.008895842876684818
2024-01-25,164.8341827392578,164.8818421127666,162.89933143231127,164.23370662896446,8873500.0,0.014310769574281457,0.014209337084036145
2024-01-26,164.2051239013672,164.94856363380785,163.72855922448986,164.5196583333382,7443000.0,-0.003816313020981177,-0.003823613723949331
2024-01-29,164.63400268554688,164.73884747931737,163.27103491012795,164.16697868533078,6971200.0,0.0026118477547467656,0.0026084428079129734
2024-01-30,168.00811767578125,168.47514175793654,164.72935032471554,164.72935032471554,10822100.0,0.020494642268274132,0.020287453149398647
2024-01-31,166.18765258789062,169.94298497281716,166.1685859265556,167.94140729707823,11521800.0,-0.010835578143930658,-0.010894710564716322
2024-02-01,165.58717346191406,166.64514772156565,163.3949728422143,165.50139530281825,9354800.0,-0.0036132595690825386,-0.003619803158653065
2024-02-02,166.54029846191406,167.57922057647215,165.1391970596281,165.1773303806104,8607600.0,0.005756031581873877,0.005739528928335194
2024-02-05,166.32110595703125,166.8834488993153,164.81515952748885,165.71110362867506,7820200.0,-0.001316152948608651,-0.0013170198386241016
2024-02-06,166.89295959472656,167.626858743029,165.61575517744677,166.42592096467948,6764800.0,0.0034382505720174095,0.003432353302181045
2024-02-07,167.2074737548828,167.6268529930128,165.80638700000247,167.45529669210487,7225500.0,0.0018845262311844024,0.001882752739404682
2024-02-08,166.6070098876953,167.09310061057664,165.43466488333485,166.7976328450841,6060300.0,-0.003591130549988164,-0.003597594138334512
2024-02-09,166.80715942382812,166.8929521169806,165.52996960737374,166.79763336618873,6296700.0,0.0012013272206716774,0.0012006062045192291
2024-02-12,167.55059814453125,168.52279413115167,165.55856133977713,166.58794275909298,8539300.0,0.00445687537196271,0.00444697291469884
2024-02-13,166.09231567382812,167.9699816610953,164.52918411800974,167.10264500375442,8397600.0,-0.008703534853663708,-0.008741631826434807
2024-02-14,167.77938842773438,167.84611447513728,166.24484931709256,166.86439223193935,7056700.0,0.010157440138406582,0.010106200030091786
2024-02-15,171.4393768310547,171.7634518732101,167.8937343759437,167.8937343759437,8723400.0,0.021814291002119957,0.021579763921786187
2024-02-16,170.63873291015625,171.54420281252945,169.80951509500167,171.19154963479215,8152600.0,-0.004670128506634952,-0.004681067628125679
2024-02-20,171.3059539794922,172.00174895752147,170.0478306534527,170.79127046965817,9668000.0,0.003910138442525968,0.0039025137205554753
2024-02-21,172.4210968017578,172.5068894979879,170.15265879624997,171.5156268111509,7024000.0,0.006509655948088833,0.0064885596414463575
2024-02-22,174.48941040039062,174.8229969721862,172.7451818115598,173.2979986219762,9296500.0,0.01199571071636818,0.011924332433730577
2024-02-23,175.36630249023438,176.51958104443122,174.60379597912453,175.19473161702368,7105800.0,0.005025474542160513,0.005012888992933729
2024-02-26,174.76580810546875,175.81425626734668,173.92704957596644,175.1375279912981,7145400.0,-0.003424229035102533,-0.00343010512523198
2024-02-27,174.85157775878906,174.93735591051686,173.69829938040482,174.718140230457,5717100.0,0.0004907690711934976,0.0004906486834396578
2024-02-28,175.7379913330078,176.51954982455467,174.3845494233734,174.83250683043596,6131600.0,0.005069520021383944,0.005056713269248635
2024-02-29,177.33926391601562,177.69191716010636,175.23285596671522,176.9580179517879,9643000.0,0.00911170413899609,0.009070443012893507
2024-03-01,176.6053466796875,177.70145425651842,176.4242643035929,176.9961332386516,6311800.0,-0.0041384926277561185,-0.004147079888770969
2024-03-04,177.93017578125,178.7975269592732,175.6331451563437,176.05252438719444,7063600.0,0.007501636425341962,0.007473639080897508
2024-03-05,179.71253967285156,180.4273866766866,177.62518409467728,177.62518409467728,6617800.0,0.010017209749698885,0.009967370064137414
2024-03-06,180.64662170410156,181.1613197464156,178.83568158449552,180.37974662423545,7572900.0,0.005197645266993511,0.0051841841328188285
2024-03-07,179.06442260742188,181.57115767973485,177.8825514138941,181.00881480258207,7618300.0,-0.008758531334570607,-0.008797112712810855
2024-03-08,179.3979949951172,181.5330098269388,179.112053301202,179.60768460108176,6172200.0,0.0018628624426786367,0.0018611294663024298
2024-03-11,179.4647216796875,179.60769981055208,177.49175145743587,178.5020662570391,5762600.0,0.00037194777217064434,0.00037187861674563906
2024-03-12,180.9420928955078,181.24710130313005,179.10256002169075,180.09380825926033,5708400.0,0.008232098219599804,0.008198399314531339
2024-03-13,182.4099273681641,182.7435139651818,180.94209980175992,181.4377312112628,7795500.0,0.008112178040871498,0.008079451196115665
2024-03-14,179.15975952148438,182.64821710350756,178.3305414815421,182.07633356613897,10310900.0,-0.017817932902959743,-0.01797858343713359
2024-03-15,181.3805389404297,181.99054121239183,177.73957742644205,177.73957742644205,17214200.0,0.012395525785906303,0.012319330265698364
2024-03-18,183.6299285888672,183.66804736877484,180.9897558645121,181.69507691341752,9013800.0,0.012401493906555539,0.012325225296747117
2024-03-19,184.7069549560547,184.840392501096,183.363053446568,183.67758791922284,8478700.0,0.0058652005991837175,0.0058480672711112335
2024-03-20,187.1278839111328,187.34709958577037,184.5353709588645,185.0881877178805,9367000.0,0.013106864089953207,0.01302171238763192
2024-03-21,189.72994995117188,190.08260320108212,187.12791057055531,187.3090074968124,11203800.0,0.013905282236156724,0.013809490782489395
2024-03-22,187.40431213378903,191.083392477514,187.3280600307956,189.6822909901627,8108800.0,-0.012257620992264795,-0.012333365227629959
2024-03-25,185.68869018554688,187.70932000646243,185.25024423049464,187.38525947737247,8620000.0,-0.009154655667780842,-0.009196817040478523
2024-03-26,186.55599975585935,187.4424175957502,184.96427551941824,185.46943290101217,5961500.0,0.004670772191057049,0.004659897982114947
2024-03-27,190.16839599609375,190.2446480989538,187.17557004094428,187.28994092343356,8725800.0,0.01936360259097447,0.019178513549249692
2024-03-28,190.9118194580078,191.31213205601443,189.23430242605596,190.1397869801665,8628300.0,0.003909290279386468,0.003901668860577166
2024-04-01,189.61557006835935,191.52182891767455,189.26291683518835,190.61635887297004,7309000.0,-0.006789780713045812,-0.006812936147178942
2024-04-02,189.53933715820312,190.4162145724315,188.79589729519208,189.0913651197731,7014700.0,-0.00040203929523685566,-0.00040212013470213346
2024-04-03,189.0055694580078,190.2065073077986,188.4336859808116,189.71087593046863,9353400.0,-0.0028161315123191866,-0.0028201042709600443
2024-04-04,187.56753540039065,191.43105169111553,187.47167525782456,190.92294758736315,9243800.0,-0.007608421602288584,-0.007637513297121152
2024-04-05,189.2931671142578,189.93548708042957,187.0498380452217,188.0564645644359,6532300.0,0.009200055383697059,0.009157992663576111
2024-04-08,190.28062438964844,190.7599689797472,189.4561511095411,189.4561511095411,8001000.0,0.0052165500236709406,0.005202990960508635
2024-04-09,189.0055694580078,190.6641123023522,186.85811501755413,189.88757639283557,7351500.0,-0.006700918371119191,-0.006723470326963628
2024-04-10,187.39495849609375,188.9288668988633,186.1582413721076,187.4716553790757,7681400.0,-0.008521500009405325,-0.008558015583572621
2024-04-11,187.35659790039065,188.44951748332383,185.2570811252899,187.90305769185724,10137700.0,-0.00020470452359522273,-0.0002047254784259608
2024-04-12,175.23880004882812,181.12515140756065,174.99912773840998,180.54036501343975,31532300.0,-0.06467772145395723,-0.06686412614602277
2024-04-15,175.33465576171875,179.71587214147985,174.67315791633376,176.87814585813857,14766600.0,0.0005470005093843877,0.0005468509591393093
2024-04-16,173.3309783935547,175.59348507440097,172.22847723934825,175.34421656606602,16451800.0,-0.01142773149700127,-0.011493529784334332
2024-04-17,172.6407470703125,174.88407621184723,171.79709592165912,173.8774496601014,9017100.0,-0.003982157890293547,-0.003990107793222872
2024-04-18,173.76242065429688,175.78525548815472,172.53529962629594,173.61862312306104,9557700.0,0.006497154368357405,0.006476138839224011
2024-04-19,178.12442016601562,178.20111704187556,173.91577601657252,174.86486876991842,13402300.0,0.025103238636373648,0.024793328139242673
2024-04-22,181.5852813720703,182.2755386009485,178.29697059721562,178.3065668491154,11529700.0,0.019429459491455914,0.019243117359934708
2024-04-23,184.2025451660156,184.288823684532,182.64947331897503,183.23427432520236,9144400.0,0.01441341376442562,0.014310527961608104
2024-04-24,185.10366821289065,185.2474657071184,182.3138797974093,182.65900841198876,6964900.0,0.004892022778854033,0.0048800957179058095
2024-04-25,185.38168334960935,185.92814308976315,183.2821521432213,184.30795637329263,9802300.0,0.0015019428809965873,0.0015008160928941777
2024-04-26,185.4967498779297,186.81973082192815,185.08450597891687,185.57344675747703,6413700.0,0.0006207006336398369,0.0006205080786767414
2024-04-29,185.29541015625,186.23492128742024,184.4805186486911,185.48714503201876,5387800.0,-0.0010854083525031477,-0.0010859978347402231
2024-04-30,183.8190460205078,186.93478547211615,183.7231712629308,184.8448357100977,8153700.0,-0.007967623885002051,-0.007999535017146953
2024-05-01,183.93408203125,186.4266794168668,182.90827772435543,184.3271480532433,7445300.0,0.0006258111617516438,0.0006256154236057109
2024-05-02,183.74237060546875,185.50635517485983,181.69077635818135,185.09412585167607,6501700.0,-0.0010422833205467885,-0.0010428268755319535
2024-05-03,182.63986206054688,184.57641821151952,180.6745610342,184.0683141396381,8922800.0,-0.006000295638337927,-0.0060183697484824245
2024-05-06,184.06829833984375,184.2600332249276,181.9783632240918,183.80944819934183,7911100.0,0.007821054304253394,0.007790628397849471
2024-05-07,183.8286590576172,184.959905322476,183.73278428365705,183.78072167063712,7688800.0,-0.0013019041539902299,-0.0013027523674783543
2024-05-08,187.56753540039065,188.5262245966685,183.109636489073,183.109636489073,9227600.0,0.02033891974157087,0.020134846361756328
2024-05-09,189.34109497070312,189.42737347784015,187.04024700977476,187.10734763918092,7977300.0,0.009455578581477608,0.00941115441622568
2024-05-10,190.5586395263672,191.10508471525105,190.0792949687619,190.3381304973956,7529800.0,0.006430429463041065,0.00640984245988405
2024-05-13,190.5202789306641,191.5940206597629,189.85878111742107,190.58739418867287,7049200.0,-0.00020130599063072907,-0.00020132625540131977
2024-05-14,193.1854248046875,193.25254005969873,189.9738252708075,190.77912056033855,8596200.0,0.013988777934727636,0.013891837982235184
2024-05-15,193.7606658935547,194.31670735941617,191.5173367794636,193.66479112658575,8370000.0,0.002977662985956364,0.002973238528380481
2024-05-16,194.10577392578125,196.03273365800683,193.64560727584143,193.866101662291,8497900.0,0.0017811046975662048,0.0017795204115016424
2024-05-17,196.32994079589844,196.5792093322775,194.43174041156257,195.39042954302607,9260500.0,0.011458530187606009,0.011393378453627725
2024-05-20,187.50042724609375,197.37492849755048,187.32785559089572,195.94647638612952,17373300.0,-0.044972832538994756,-0.04601549130288534
2024-05-21,191.2776641845703,191.64195611591128,188.4782936090948,188.861763419486,14420800.0,0.020145217768058554,0.019944987523323424
2024-05-22,190.11764526367188,192.63900243934597,189.52326266468145,190.77914312561188,9425300.0,-0.006064581172316563,-0.006083045434576152
2024-05-23,188.78504943847656,190.1080450328782,187.9701725080681,189.63828212351265,8069400.0,-0.00700932216653094,-0.007034002862733757
2024-05-24,192.4185028076172,192.4664255616402,189.398623253968,189.58077653024836,7356200.0,0.019246510144463214,0.019063638766760847
2024-05-28,191.25848388671875,192.13089451702652,190.45318851802023,191.6036125630803,6910200.0,-0.0060286246071576954,-0.006046870131722591
2024-05-29,189.92588806152344,190.769539105649,188.75628625159808,189.82043168100773,6120000.0,-0.0069675122280306034,-0.006991898682651077
2024-05-30,191.09548950195312,191.59401190237557,190.20390108142,190.3572948397706,6829100.0,0.0061581991395023294,0.006139314920047924
2024-05-31,194.2592010498047,194.9015210708668,190.1560123643916,191.06676419639209,14417900.0,0.01655565788652069,0.016420107025583656
2024-06-03,193.48263549804688,194.05784016408327,190.9612785580393,193.9523837810448,6444300.0,-0.003997574104913082,-0.004005585762867511
2024-06-04,190.93251037597656,193.63600582884024,190.08885935002272,191.89119940422097,6848300.0,-0.013180123970846225,-0.013267752627517154
2024-06-05,189.11102294921875,191.5652795452849,188.78507213786327,191.5077459064257,8351600.0,-0.009539954317737798,-0.009585751181329108
2024-06-06,188.77545166015625,189.8395970192805,187.26072130753772,189.11098402804728,7640300.0,-0.0017744671031292292,-0.001776043334802765
2024-06-07,191.68988037109375,192.6198099574619,188.8713321096013,189.2739797714667,6964500.0,0.015438600121504109,0.015320637503814748
2024-06-10,191.36395263671875,192.54313626193007,190.24228802320997,191.0092423122621,6070800.0,-0.0017002865969973913,-0.001701733724840707
2024-06-11,186.330810546875,189.7629192155564,185.60221211085312,189.73415971337363,9235300.0,-0.026301411632098537,-0.026653480759285208
2024-06-12,183.61773681640625,188.5933359833063,183.406824027288,187.9030786059077,12751300.0,-0.01456052127131291,-0.014667566016705977
2024-06-13,185.6597442626953,186.54173652510667,182.99458959650315,184.37510431277676,8587800.0,0.01112097056468353,0.011059587246971996
2024-06-14,185.7747802734375,186.81016629946183,183.5122733191848,183.54103282309364,6874000.0,0.0006196066422423652,0.0006194147653015366
2024-06-17,186.9252166748047,187.50043604788635,184.68188745097152,185.4871828705368,8725400.0,0.006192640355563217,0.006173544752528718
2024-06-18,188.8617401123047,189.7820880234745,186.11030725978767,186.56089227703083,9023000.0,0.010359883337029752,0.01030658752189748
2024-06-20,190.46278381347656,191.21056022785828,188.0085417736149,188.27697358244748,8731100.0,0.008477332149009253,0.008441601361316402
2024-06-21,188.1906890869141,189.0247439929784,186.1966138357536,188.5837551618044,20972100.0,-0.0119293369605874,-0.012001062496843084
2024-06-24,190.66412353515625,190.99965599702665,188.9576578331453,189.63831901162672,9785900.0,0.013143234982788243,0.013057612095032882
2024-06-25,189.88754272460935,191.80492077987228,189.57117359007896,189.90670597268976,6862500.0,-0.004073030605591166,-0.004081347987063425
2024-06-26,189.27398681640625,189.7629276320688,188.1715001746751,189.29316469485687,7758600.0,-0.003231154078879861,-0.0032363855293418425
2024-06-27,190.9420928955078,191.60359066864817,188.7658646952255,189.28356496482823,7913500.0,0.008813181922984414,0.00877457251716663
2024-06-28,193.90444946289065,194.2304148700683,191.06673795740363,191.747399017224,15307600.0,0.015514423888733475,0.015395305668334748
2024-07-01,196.9626922607422,198.53494195599288,194.28795584220356,194.4605128757187,10205800.0,0.015771906247240786,0.015648822226848803
2024-07-02,200.2030487060547,200.2318082090956,196.31077325787848,196.8092810628776,7802900.0,0.016451625473431708,0.016317763650789786
2024-07-03,200.06881713867188,201.6890039490513,199.0717723499305,200.89329029425528,5560900.0,-0.0006704771393361009,-0.0006707020096525094
2024-07-05,197.41781616210935,199.90494123598648,197.1575464066805,199.5386307511077,8093100.0,-0.013250445594053084,-0.013339016016736874
2024-07-08,197.7841339111328,199.45185194834565,196.62733535762965,197.65880904209365,8707000.0,0.0018555455436841672,0.0018538261456708097
2024-07-09,200.1555938720703,202.20890663088076,198.05406339705047,198.2275912793329,9058900.0,0.011990142556141725,0.011918830260662058
2024-07-10,200.31947326660156,200.4833517226136,198.17938920186893,198.71922757684789,8328500.0,0.0008187600024609498,0.0008184250013346793
2024-07-11,199.98207092285156,200.6086806066436,197.98659583908096,198.78671869994315,10658100.0,-0.0016843212407061658,-0.0016857413045135497
2024-07-12,197.56243896484375,199.9820770572198,194.82467866192135,196.65627534258937,15443400.0,-0.012099244431473366,-0.012173036109117715
2024-07-15,202.4884796142578,203.99231931553012,199.27835346292989,199.731435258761,10719700.0,0.02493409514088185,0.024628313099673654
2024-07-16,205.92996215820312,206.04565232180363,200.58940119084525,202.44028200402863,11557000.0,0.016995942438312373,0.01685312732229119
2024-07-17,209.06295776367188,209.72812101590785,205.59256190040833,206.1034814139679,11572500.0,0.015213889094302102,0.015099318465414416
2024-07-18,202.4209899902344,208.84124221450833,201.7076384383101,207.86760619146685,12415100.0,-0.03177017987541175,-0.032285802400552094
2024-07-19,202.2281951904297,204.7056856367412,201.3991534690736,203.59707529601897,8095900.0,-0.0009524447035558214,-0.000952898567222069
2024-07-22,202.710205078125,204.53216706260875,202.16073195111863,202.8837329720962,7663200.0,0.0023834949782419734,0.002380658959616472
2024-07-23,202.7583923339844,203.86698792954928,201.81367519196863,203.42355557512025,5557300.0,0.00023771499733249435,0.00023768674759935078
2024-07-24,201.08102416992188,204.39719093826727,200.5797540933988,202.0064718741431,7119000.0,-0.008272743459612597,-0.008307152504663027
2024-07-25,201.15814208984375,202.62342813048153,200.56046601291564,201.1388579458968,6403800.0,0.00038351664579105993,0.0003834431220800379
2024-07-26,204.59963989257812,205.4865193177396,201.10994520654936,201.7076360111633,8027800.0,0.017108419112348283,0.016963718181124805
2024-07-29,203.2596740722656,205.92031228740183,202.97047074878532,204.9948645941633,6533600.0,-0.006549209084708352,-0.006570749253413052
2024-07-30,207.44346618652344,208.0218582079843,205.2937471565801,205.5540169469651,8850700.0,0.020583483336543917,0.020374506229054345
2024-07-31,205.1394805908203,208.6002417445629,205.01415571416632,207.0481990555499,9071600.0,-0.011106571048284941,-0.011168709533896143
2024-08-01,200.47373962402344,206.1324231916599,198.9506156316293,205.5250975965392,10918600.0,-0.022744237010638435,-0.023006877176947993
2024-08-02,191.97120666503903,197.3021323543609,189.8022038714256,196.54057784566848,18041700.0,-0.04241220308919458,-0.04333786822934037
2024-08-05,187.88385009765625,189.1081358843309,184.0278448440605,187.06445780696276,13927000.0,-0.021291508442277007,-0.021521442223720457
2024-08-06,193.1280059814453,195.30665821021745,187.01624161562503,188.36583747544628,10605800.0,0.02791169055277143,0.02752925921145683
2024-08-07,193.1858673095703,198.3432804867036,192.99306997882093,196.18391213762757,9204400.0,0.00029960091925018695,0.0002995560478568959
2024-08-08,196.7140960693359,197.533503029578,194.52580907593605,195.18133758602812,7761200.0,0.018263389599363355,0.01809861707874932
2024-08-09,198.3914794921875,199.0373586273821,195.5958667695245,196.1453545960368,5540200.0,0.008527011822581088,0.008490862210684786
2024-08-12,198.76744079589844,199.68323913689548,196.32851855610417,198.9795222697495,6936000.0,0.0018950476334631539,0.0018932542959791466
2024-08-13,200.4544219970703,200.59901630057055,198.00585058819289,200.25197526267817,6387800.0,0.00848721095576277,0.00845139707813985
2024-08-14,202.6716461181641,203.1729162219059,199.66395194824793,200.2616427788525,6999800.0,0.011060988822317874,0.011000263463466945
2024-08-15,203.93450927734375,206.1902691355072,203.5007115676192,205.3323084351205,7001000.0,0.006231079597801115,0.0062117466896868265
2024-08-16,206.26736450195312,206.3830399538116,203.9730366434738,204.06944265968448,7931200.0,0.011439237198628271,0.011374303847595359
2024-08-19,207.6940765380859,207.7711984070004,206.12276442611807,206.29627759905625,6090800.0,0.006916809353615827,0.006892997963971174
2024-08-20,206.7975616455078,208.224279441542,205.98778937957647,207.26027814783112,5640000.0,-0.004316516424163419,-0.004325859477171551
2024-08-21,206.87466430664065,207.26025890452703,205.17801277316187,206.7107711575733,5202300.0,0.0003728412488006594,0.0003727717607737211
2024-08-22,208.8316192626953,208.9954977287081,206.62404791162533,206.8554135333752,5247100.0,0.009459616346030542,0.00941515435100559
2024-08-23,210.45111083984375,211.299436648114,208.70627092832652,209.76667818866437,7214000.0,0.007755011347736707,0.007725095811244798
2024-08-26,211.2801513671875,211.77178670733872,210.20047467846717,211.12590763751555,5105200.0,0.0039393497332245175,0.003931610812616047
2024-08-27,212.2538146972656,212.48518032160453,211.29946275454145,211.6079355441664,5185200.0,0.004608399434483212,0.0045978132728573375
2024-08-28,213.32383728027344,214.2107314043105,211.299443413212,211.35728113662915,6506400.0,0.005041240764195543,0.005028576255366658
2024-08-29,214.21075439453125,214.95302487070535,211.0584657445463,214.15290195541283,6416100.0,0.00415760903968998,0.0041489900645205946
2024-08-30,216.70750427246097,217.3630181234024,213.9408104229473,214.49029824755388,8574100.0,0.01165557670055728,0.011588173708036224
2024-09-03,212.36949157714844,216.03269949777572,211.34765254186397,214.297494197532,8956100.0,-0.020017824070635126,-0.020220895310098682
2024-09-04,211.4344024658203,214.0757712679163,209.39072445966104,213.08283641697943,7389500.0,-0.004403123557831901,-0.004412845855847338
2024-09-05,209.7956085205078,212.85149088939755,208.2532005501347,212.2248812160305,8067900.0,-0.007750838681881089,-0.007781032551751945
2024-09-06,204.81170654296875,210.8656330535133,203.49101486350727,209.76667224642696,7777000.0,-0.02375598809091317,-0.024042711614953777
2024-09-09,209.0051116943359,210.29686985781797,206.46978366297833,207.44343435369325,8935100.0,0.020474440754134404,0.020267657147285307
2024-09-10,198.16009521484375,210.7692333693298,193.3882919543516,210.73067979138588,28406900.0,-0.05188876191388414,-0.05328344385759884
2024-09-11,199.76998901367188,200.22307080989853,194.56438778018585,197.86127052265937,13658700.0,0.008124207838529296,0.008091384119995217
2024-09-12,199.1626892089844,201.26420513801557,197.51424039176328,200.1748788813287,9054400.0,-0.0030399951848919526,-0.0030446253564345863
2024-09-13,196.9647521972656,200.3676756012256,195.71154756841665,199.41330902113063,10226700.0,-0.011035887396622202,-0.011097234566455104
2024-09-16,200.3773193359375,200.71472568909704,198.18903217312973,198.42039779039567,8634900.0,0.01732577580812089,0.017177395966469063
2024-09-17,201.71728515625,202.3727990223658,200.18452651974977,200.25199896620595,7573300.0,0.00668721302766806,0.006664952802766885
2024-09-18,200.05918884277344,203.73203144648693,199.25906599771233,201.4859066497596,8259900.0,-0.008219901989024891,-0.008253871663047838
2024-09-19,202.90298461914065,204.2815140938797,199.8760211984141,202.2281866672893,11635200.0,0.014214772102280948,0.014114689548079727
2024-09-20,203.49102783203125,203.80915002139488,201.95826931831832,202.3727828105395,20885000.0,0.002898149645232495,0.0028939581060683775
2024-09-23,203.8284454345703,204.17548650492685,202.4306464351734,203.40428249196864,7223500.0,0.0016581448633576912,0.0016567716589354234
2024-09-24,203.97303771972656,205.2840801158477,202.7969549213167,203.54887478135015,7323200.0,0.000709382269231229,0.0007091307765585462
2024-09-25,202.6234588623047,204.5996646960776,201.10033486830633,204.0598115501271,8976500.0,-0.0066164571185937104,-0.006638442903323492
2024-09-26,202.2281951904297,204.07907595472616,201.48591005736264,203.5296028527362,7807500.0,-0.0019507300590678733,-0.0019526352109774645
2024-09-27,202.9222869873047,204.79245198574228,201.79440715731255,203.06688130801132,7032500.0,0.0034322206961368007,0.003426344069430895
2024-09-30,203.26931762695312,203.3657236421353,197.87090438559173,198.8831087070336,8663800.0,0.0017101652302495829,0.001708704562776907
2024-10-01,199.5868377685547,201.563043524854,198.76744542730427,201.37988091048817,8540100.0,-0.018116260247189153,-0.018282368926889832
2024-10-02,199.8278350830078,201.4280808680096,198.2854417354765,199.62540303508803,5810900.0,0.0012074809999875757,0.0012067525811139126
2024-10-03,197.84197998046875,199.0566310159681,196.9840194235567,198.7481435436215,7251300.0,-0.009937830241288137,-0.009987540089124135
2024-10-04,204.8641357421875,205.30059173762103,200.68383122656712,203.00191264193967,10211700.0,0.035493760032183186,0.034878375792064764
2024-10-07,204.5828399658203,206.9106297822478,203.3801626203171,204.67983675803367,6718900.0,-0.001373084534040614,-0.0013740280784191217
2024-10-08,204.4082794189453,204.9708282984031,202.10960030086417,204.2433966990474,6021800.0,-0.0008532511666382581,-0.0008536153926138403
2024-10-09,206.9979248046875,207.7932570879516,203.07949994464997,203.3898630505735,7024000.0,0.012668984803861916,0.012589404644255472
2024-10-10,206.43536376953125,208.34608508892396,205.10659358890177,208.34608508892396,7927100.0,-0.00271771340551874,-0.002721413093243595
2024-10-11,215.60101318359375,217.87061094482132,208.6855737425154,209.18022188553985,18320700.0,0.04439960889789796,0.043442183367372086
2024-10-14,214.81539916992188,216.96859791284456,212.2936451428216,216.4836435076752,9048900.0,-0.0036438326614118832,-0.0036504875908620993
2024-10-15,215.6980133056641,218.66593180883564,215.14517299607007,216.92980160195145,9235800.0,0.004108709799915511,0.004100292101182359
2024-10-16,216.910400390625,216.9491902302408,214.3886316262233,215.63982224842857,6382500.0,0.005620761482132197,0.005605023946064263
2024-10-17,217.6669158935547,219.0538930763408,216.59031660888084,217.521435503585,6470200.0,0.003487686628060649,0.0034816187535232188
2024-10-18,218.5883331298828,219.12178590933368,216.3866508941279,218.2294716235401,7000500.0,0.004233152440946686,0.004224217856582972
2024-10-21,216.2896423339844,218.90839289110613,216.19264554312963,218.44284085419463,5870000.0,-0.01051607266949861,-0.010571757294782935
2024-10-22,217.3759307861328,218.5010284180264,214.4468171991565,216.30904010730856,9586800.0,0.005022378512564263,0.005009808439810034
2024-10-23,216.68731689453125,218.0354894619669,215.833792460598,216.92979408147747,6180500.0,-0.0031678479264526382,-0.003172876178662163
2024-10-24,218.2100524902344,218.28764696123304,214.9899633417666,215.1548460427767,6002200.0,0.007027340674693461,0.007002763988204825
2024-10-25,215.6204071044922,218.8308026284755,214.23344472630615,218.22946395257756,6369700.0,-0.011867672255191364,-0.011938655238374582
2024-10-28,218.71441650390625,218.85020313281024,216.2411463063524,216.6291186743872,6843000.0,0.014349334745085818,0.014247357421427208
2024-10-29,216.19265747070312,219.92681213014208,216.1053692338975,218.43315914614644,6580000.0,-0.011529916836360399,-0.011596901711965504
2024-10-30,217.6572265625,219.5000472712289,214.91238301870857,215.84348713272396,7110900.0,0.00677437017950222,0.006751527240159198
2024-10-31,215.2421417236328,218.8987017479979,215.14515973125145,217.93848678573673,7829900.0,-0.01109581738685661,-0.011157835153862962
2024-11-01,216.23147583007812,219.34487487077257,215.9986923841919,216.83281456574147,6923500.0,0.004596377356789194,0.004585846271949285
2024-11-04,213.16653442382812,217.02676693348937,212.57488952061908,215.95016767681815,8229600.0,-0.014174353638776171,-0.01427576926388816
2024-11-05,214.82508850097656,215.28094678500295,213.3799191750595,213.40901525279463,5600700.0,0.007780555618785989,0.0077504431893504555
2024-11-06,239.6256561279297,240.53737273122323,227.70548396691856,227.92855883805424,23987800.0,0.11544539699719647,0.109253784339811
2024-11-07,229.26702880859375,237.21058362240817,228.1419311373641,237.14268290793603,16451100.0,-0.04322837331661078,-0.044190550611559624
2024-11-08,229.84898376464844,232.1379691294592,228.6850961621216,232.1379691294592,9502100.0,0.002538328162923653,0.0025351120492106624
2024-11-11,232.0894470214844,234.81490290851687,231.80818000946172,232.7780887124302,9017100.0,0.009747544758040183,0.009700343923930554
2024-11-12,232.3513336181641,234.194169089919,231.57540367214264,233.31154859132425,6861000.0,0.0011283864908147034,0.0011277503412817644
2024-11-13,233.90318298339844,236.74500833825084,233.07875467792292,233.3406341678412,11472600.0,0.006678891577978074,0.006656686596565244
2024-11-14,234.59182739257812,236.9390048192966,233.7965099040101,235.1252801712944,10172200.0,0.002944142958621221,0.002939817457590058
2024-11-15,237.9282989501953,239.00489819067897,234.1941593644623,234.1941593644623,11518800.0,0.014222454357004422,0.014122264103134526
2024-11-18,237.65673828125,240.46946771808433,235.37744681373624,240.30458500761375,9051400.0,-0.0011413550642925818,-0.0011420069060197496
2024-11-19,235.7751007080078,237.77311024831232,234.28144783212835,234.96038095752812,6792700.0,-0.007917459386383552,-0.007948968894987155
2024-11-20,233.5346221923828,237.24937439416908,231.4590181077945,237.0456870495828,9015300.0,-0.00950260866773922,-0.009548046534772658
2024-11-21,237.39486694335935,238.10291100634333,234.82461460402516,235.9109076984406,8783500.0,0.016529646502677853,0.01639451893659585
2024-11-22,241.07080078125,241.65273709838428,235.716900825751,236.27944962538965,7997300.0,0.015484470600485745,0.015365809553559723
2024-11-25,242.75845336914065,246.65749066946253,241.56546975622135,242.07952020730173,10295400.0,0.007000651188038498,0.006976260397624794
2024-11-26,242.4480743408203,243.44707909896903,240.86711845381728,242.95243099918525,6212100.0,-0.0012785508558517122,-0.0012793688993450265
2024-11-27,242.27349853515625,243.63137965588157,241.28420227248876,241.8467511196936,5472300.0,-0.0007200544122228925,-0.0007203137759126265
2024-11-29,242.20562744140625,244.19394344725544,241.94374792072875,242.34141408182535,5494800.0,-0.00028014245949459227,-0.00028018170672344605
2024-12-02,238.8400421142578,242.71967731611377,237.65675219372105,242.04074411571577,8899700.0,-0.013895570316435513,-0.013993017529853867
2024-12-03,237.45306396484375,241.54606521705796,237.2687789369744,240.76044150846369,6657700.0,-0.00580714245876135,-0.005824069474066973
2024-12-04,236.0757751464844,237.96710897912115,234.9409837266818,237.3366594350314,7346300.0,-0.005800257092337446,-0.005817143913770303
2024-12-05,238.09320068359375,239.7420426324447,237.25907854952092,238.0059124462175,6572500.0,0.008545669439643078,0.008509361908029204
2024-12-06,239.9166259765625,240.28519603281265,237.47245181338516,238.30657391988672,5519700.0,0.007658451764827712,0.007629274695875496
2024-12-09,236.47344970703125,240.4112768597183,236.4249513096585,239.69355385728025,7076500.0,-0.014351553401170336,-0.014455532988406896
2024-12-10,235.55203247070312,240.498572865486,234.93129148152076,236.55103726892423,9108300.0,-0.0038964934011394003,-0.0039041045090730552
2024-12-11,236.2018890380859,236.91962687843437,234.89250623735623,236.6577473583617,7884400.0,0.002758866313172792,0.0027550676266141416
2024-12-12,234.26205444335935,236.75472698403252,233.78679383764873,235.68782146085863,6113800.0,-0.008212612535091868,-0.008246521820921032
2024-12-13,232.71990966796875,235.4162548301433,231.9439797019572,234.7858200575525,10392700.0,-0.0065829900580994805,-0.006604753502090099
2024-12-16,232.37071228027344,233.42790913928815,230.37270286242725,233.36971698919652,9032000.0,-0.0015005049984486707,-0.0015016318834793379
2024-12-17,231.18743896484375,231.82758226052997,229.50950105308948,231.46870597678523,8083600.0,-0.0050921792329942095,-0.005105188560340978
2024-12-18,223.4378662109375,231.87608388142587,222.62314644125652,231.8081831674695,11322400.0,-0.033520734468124425,-0.03409543371247616
2024-12-19,225.949951171875,229.24763503500648,225.28071175973977,225.28071175973977,11790800.0,0.011242879300350728,0.01118014788280713
2024-12-20,230.4503173828125,232.0118710112261,224.6211565141942,224.941228167182,32348400.0,0.019917535664852437,0.019721776640453957
2024-12-23,231.216552734375,231.43962760916577,227.81217825530683,228.966372067765,8611500.0,0.0033249481287962457,0.0033194327110371473
2024-12-24,235.0186004638672,235.19319174479392,231.876105403525,232.2252583661107,3729100.0,0.016443665838492327,0.016309932814668086
2024-12-26,235.8236083984375,235.93999271034167,233.5443169594288,234.16505795563904,4451800.0,0.003425294563840664,0.003419441604015689
2024-12-27,233.9128875732422,236.0660861464205,232.8168859680783,235.41624907067865,5730200.0,-0.008102330543458769,-0.008135332807965651
2024-12-30,232.1185607910156,233.59281138216528,229.97505601890364,231.5851080378083,5723800.0,-0.007670918865745557,-0.007700491694788829
