,Close,High,Low,Open,Volume,SimpleReturn,LogReturn
2018-01-02,78.69990539550781,79.02953907768298,78.28786678570712,78.8647222365954,22483800.0,,
2018-01-03,79.066162109375,79.21266906606273,78.71821856599594,78.80062348975564,26061400.0,0.004653839315645447,0.0046430436865819765
2018-01-04,79.76207733154297,80.2656863963979,79.26762670036851,79.28593658189139,21912000.0,0.008801682079943252,0.00876317307394636
2018-01-05,80.75096893310547,80.95241253494737,80.05507475924358,80.26567679367027,23407100.0,0.012398017136038497,0.012321791109314648
2018-01-08,80.8333740234375,81.10807111480854,80.21073333738873,80.76012053429359,22113000.0,0.001020484229734775,0.001019963889672337
2018-01-09,80.77842712402344,81.24540932561654,80.44879345064436,81.17215584579088,19484300.0,-0.000679755114491809,-0.0006799862527505258
2018-01-10,80.41217803955078,80.75097019209767,80.03676612776825,80.44880478462373,18652200.0,-0.004533996235286164,-0.004544305970888145
2018-01-11,80.65026092529297,80.69603912437161,79.88111313088473,80.69603912437161,17808900.0,0.0029607814580658864,0.0029564069771056806
2018-01-12,82.04202270507812,82.20683955078843,80.9890265789199,81.19047016654768,24271500.0,0.017256754830270893,0.017109548162964314
2018-01-16,80.89746856689453,83.13165107075305,80.58615171876326,82.49985195610911,36599700.0,-0.01395082788607005,-0.014049055324880213
2018-01-17,82.53648376464844,82.66467388478401,81.26373401056131,81.56589943052555,25621200.0,0.02026040155259734,0.020057890353594485
2018-01-18,82.49982452392578,83.02174323200651,82.09694444182644,82.2251345114719,24159700.0,-0.00044415801413577594,-0.00044425668152355875
2018-01-19,82.40830993652344,82.96685570718255,82.09699300774373,82.53650008200202,36875000.0,-0.001109270085487335,-0.0011098857809057336
2018-01-22,83.88247680664062,83.89163523863255,82.17021328766411,82.40828361859657,23601600.0,0.01788857059746385,0.01773045299919113
2018-01-23,84.14799499511719,84.51425534156799,83.81836138189497,84.14799499511719,23412800.0,0.00316535942409768,0.003160360220694825
2018-01-24,84.07477569580078,85.54896912463217,83.85502219295871,84.74320162365268,33277500.0,-0.0008701252991311081,-0.0008705040778884614
2018-01-25,84.541748046875,85.37498376436372,84.17548759470802,84.66993815725789,26383200.0,0.005554250335009225,0.005538882365389865
2018-01-26,86.12577819824219,86.12577819824219,84.77062417875615,85.26507453262293,29172200.0,0.01873666192102985,0.018563292894372536
2018-01-29,85.99762725830078,87.3985670718956,85.81450051912867,87.11471853042764,31569900.0,-0.0014879510249118377,-0.0014890591233720032
2018-01-30,84.91715240478516,85.75955346571327,84.33113852769213,85.4299197866189,38635100.0,-0.012564007728612436,-0.012643602260659666
2018-01-31,86.99566650390625,87.35276845186678,85.62219532380091,85.84194875658378,48756300.0,0.024476964196976203,0.024182203521603336
2018-02-01,86.30894470214844,87.96626462210679,85.68630405493057,86.79423681224651,47227900.0,-0.007893747233110537,-0.007925067789050813
2018-02-02,84.03810119628906,86.04337085458997,83.78172109101175,85.74120559372716,47867800.0,-0.026310639223965038,-0.026662957650492865
2018-02-05,80.57697296142578,85.37496348627676,80.57697296142578,82.92102812119992,51031500.0,-0.04118522652932233,-0.04205736824829297
2018-02-06,83.62606811523438,83.76341660498633,78.05893095251899,79.56059193924908,67998600.0,0.03784077561797061,0.037142377619015815
2018-02-07,82.05119323730469,84.02898869166187,81.67577431666412,82.85696072080758,41107600.0,-0.018832343949969688,-0.01901193080802397
2018-02-08,77.83917999267578,82.2983779336749,77.61026816454779,82.14271956714818,55628700.0,-0.05133396698384529,-0.05269845693866788
2018-02-09,80.74181365966797,81.42854942781467,76.75874760158462,79.02039851574841,63499100.0,0.03729013675716142,0.036611674837375215
2018-02-12,81.61166381835938,82.20683612449804,80.51288954997754,81.25456183184346,35720300.0,0.01077323036559319,0.010715612569801428
2018-02-13,82.25260925292969,82.4082676374221,80.39384611173038,81.42852517938839,26407700.0,0.00785360087740461,0.00782292187643281
2018-02-14,83.54054260253906,83.70613365602746,81.33267124756276,81.42466471757812,34960900.0,0.015658267394885073,0.015536941588322587
2018-02-15,85.24246978759766,85.29766447649932,83.36577315975562,83.90853965036392,27823900.0,0.020372469845639563,0.020167727154447448
2018-02-16,84.63529205322266,86.01521529322085,84.45130509535058,85.04926621776109,30596900.0,-0.007122948641539062,-0.007148437951699482
2018-02-20,85.29765319824219,85.61043241886618,83.72454160466629,84.15691866030133,30911700.0,0.007826063205441658,0.007795598415810217
2018-02-21,84.16609954833984,85.88640604084682,84.16609954833984,85.53682808253387,26922500.0,-0.01326594117744917,-0.013354719803981455
2018-02-22,84.38688659667969,85.3068351795694,84.04650309429624,84.68126986245836,24392800.0,0.0026232301309512263,0.002619795468087445
2018-02-23,86.5303726196289,86.53957407186662,84.96646263449422,86.10719705916483,26329200.0,0.02540070038599529,0.025083463404088954
2018-02-26,87.78150177001953,87.80909910756385,86.70516349388218,86.84315720025525,30199800.0,0.01445884390086194,0.014355311595740092
2018-02-27,86.65917205810547,88.16788749214969,86.65917205810547,88.07589401810351,25869100.0,-0.012785492265266485,-0.01286793009749173
2018-02-28,86.26358795166016,88.04829070543867,86.13479569300105,87.24793279635567,31167300.0,-0.004564826746556894,-0.004575277383863419
2018-03-01,85.41725158691406,86.99956477391478,84.48810125851891,86.4659927422698,37135600.0,-0.00981104988608128,-0.00985949536377816
2018-03-02,85.60123443603516,85.69322790777878,83.58654441718551,84.24890864358277,32830400.0,0.002153930800897763,0.0021516144175734754
2018-03-05,86.14399719238281,86.723562356665,84.87447049119965,84.94806105429379,23901600.0,0.006340594968326396,0.006320577964634572
2018-03-06,85.849609375,86.92594763155692,85.50003140804556,86.78795392769419,22175800.0,-0.0034173921222319104,-0.003423244744297657
2018-03-07,86.34638977050781,86.4199873545871,85.03086278436122,85.70242845644385,26716100.0,0.005786635479467561,0.005769957214145064
2018-03-08,86.87076568603516,87.48712969912867,86.26359610753536,86.72357050870707,25887800.0,0.006072933876228426,0.0060545679325613045
2018-03-09,88.81185913085938,88.81185913085938,87.39513711848977,87.6619231161424,36937300.0,0.02234461075017613,0.02209862745974233
2018-03-12,89.0234375,89.42821719619918,88.35187884256258,88.77505442556539,26073700.0,0.0023823211360645136,0.0023794879079474694
2018-03-13,86.8523941040039,89.45584460904058,86.44761427172563,89.23505879991349,35387800.0,-0.024387323798815252,-0.024689619488636468
2018-03-14,86.33720397949219,87.77232905476376,86.01522326405258,87.50554302807004,32132000.0,-0.00593178955890139,-0.005949452505813229
2018-03-15,86.64076232910156,87.00874318515012,85.39883308125735,86.04279431535404,27611000.0,0.0035159622459106643,0.003509795700653086
2018-03-16,87.02713775634766,87.74469655455653,86.4015724161,87.10073533017702,49081300.0,0.004459510937570688,0.004449596782596917
2018-03-19,85.45404815673828,86.38319846091478,84.73648917637232,86.2360032758896,33344100.0,-0.018075851282316036,-0.018241215242646013
2018-03-20,85.67481994628906,86.26358655308559,85.555229141945,85.60122938442818,23075200.0,0.0025835146995709657,0.002580183162286219
2018-03-21,85.07685852050781,86.5211776929269,84.82846844206638,85.49083262637478,24457100.0,-0.006979430200800163,-0.007003900348693451
2018-03-22,82.60220336914062,84.40530216998876,82.48261255218137,83.96372365898506,38604700.0,-0.02908728876925648,-0.02951871047756409
2018-03-23,80.20112609863281,83.21855664211645,80.10913263448298,82.3354067527055,44068900.0,-0.02906795669575124,-0.02949879943837238
2018-03-26,86.2728042602539,86.47519413547032,83.16337959358715,83.35656801484294,56396800.0,0.07570564725181073,0.07297686228104089
2018-03-27,82.30782318115234,87.52393137786285,81.42467314403622,87.33994441879172,56569000.0,-0.045958643782351705,-0.047048258140484384
2018-03-28,82.2342300415039,83.92693963492772,81.75585971083261,82.62980834170733,52501100.0,-0.0008941208357128305,-0.000894520800176071
2018-03-29,83.9637222290039,84.90207391691112,81.3234737171022,82.9609814257672,45867500.0,0.021031293010551844,0.020813188086550104
2018-04-02,81.4338607788086,83.60494040408472,80.50471758883897,83.22776506388908,48515400.0,-0.03013041088501689,-0.030593660734499265
2018-04-03,82.52860260009766,82.8413888288893,80.85429613393647,82.4090117877476,37213800.0,0.01344332456817443,0.01335376484129998
2018-04-04,84.93888854980469,85.33446688050307,80.70712476799972,80.81751415046675,35560000.0,0.029205461788640363,0.02878710824059782
2018-04-05,84.98487854003906,85.61964553959179,84.08333253061241,85.0400802478175,29771900.0,0.0005414479871301836,0.000541301457058689
2018-04-06,83.00697326660156,85.05845491188343,82.31701175010156,84.16610356089251,38026000.0,-0.02327361417014495,-0.023548721607592672
2018-04-09,83.50372314453125,85.71160097173346,83.36573648298435,83.75211317261595,31533900.0,0.005984435504402974,0.005966599892256606
2018-04-10,85.44485473632812,85.81283571483505,84.30412001974473,84.99408172245018,26812000.0,0.02324604842393785,0.022979974593461332
2018-04-11,84.50651550292969,85.8220428505848,84.15693741046648,84.64450925633622,24872100.0,-0.010981810856768748,-0.01104255607937342
2018-04-12,86.08880615234375,86.62237811456508,85.03086368067098,85.03086368067098,26758900.0,0.018723889394767435,0.0185507552025342
2018-04-13,85.62882995605469,86.64077216103442,85.0400633270246,86.52118135217425,23346100.0,-0.005343043037152606,-0.005357368140815963
2018-04-16,86.63156127929688,87.08234116390595,85.9415998030005,86.53956781952091,20288100.0,0.011710206991696559,0.011642173129784737
2018-04-17,88.37948608398438,88.81186316815777,87.2847447022392,87.39514109138541,26771000.0,0.020176535882254987,0.019975686714902262
2018-04-18,88.71988677978516,88.97747138543455,87.873528337239,88.5174968700166,21043300.0,0.0038515803936369775,0.0038441820486680976
2018-04-19,88.41629028320312,89.29944039438107,87.70792569220467,88.71987510791675,23552500.0,-0.0034219666818962047,-0.0034278350011688317
2018-04-20,87.3951416015625,88.41628539650456,86.521192993008,88.23229843217293,31154400.0,-0.011549327373607476,-0.01161653885441631
2018-04-23,87.71713256835938,88.58188684299937,87.0547681893716,88.07591210386882,22331800.0,0.0036843119754281783,0.003677541522606587
2018-04-24,85.66563415527344,88.74746120897072,85.01247135429568,88.53586989831345,34524800.0,-0.02338765932056852,-0.023665491063914218
2018-04-25,84.92048645019531,85.83124097615544,83.05299118001322,85.83124097615544,33729300.0,-0.008698327076263834,-0.008736378338801701
2018-04-26,86.71436309814453,87.53311684821938,85.64721927816082,86.0612003884585,42529000.0,0.021124191852119223,0.0209041692506388
2018-04-27,88.14948272705078,90.06297767656801,86.39238438817834,89.78699026357268,48272800.0,0.01654996447684165,0.016414506323272442
2018-04-30,86.03361511230469,88.6830723460889,85.69323852282476,88.61867620602627,41523600.0,-0.024003176754851085,-0.024295947446115327
2018-05-01,87.3951416015625,87.66192761290034,85.36205546549081,85.74843230177893,31408900.0,0.01582551758961337,0.01570159975231325
2018-05-02,86.02440643310547,87.55151765258299,85.73002312461271,87.38592660289008,27471000.0,-0.015684340609072533,-0.01580864130870577
2018-05-03,86.53958129882812,87.33073780970304,85.04926175118307,85.5184375933652,31142500.0,0.0059887058462095855,0.00597084482149433
2018-05-04,87.54231262207031,87.73550098688511,85.48162269341067,85.84960353914639,22531300.0,0.011586967583997021,0.011520352757176555
2018-05-07,88.5174789428711,88.96825191146401,87.48713371029172,87.55152984866214,24242000.0,0.011139371254797359,0.011077785388659115
2018-05-08,88.14028930664062,88.46227699069303,87.45032772993197,88.17708809963668,23484600.0,-0.0042611881939600416,-0.004270292930240826
2018-05-09,89.17985534667969,89.20745269277928,87.44115235586804,88.32430252432367,27327400.0,0.011794447785647755,0.01172543539834535
2018-05-10,90.07221221923828,90.10900400374612,89.28105549789257,89.65823094765746,22388100.0,0.010006260596517214,0.009956529444369859
2018-05-11,89.87898254394531,90.03537915252915,89.27182006946872,89.9709830261657,16778300.0,-0.0021452751135127013,-0.0021475795124720485
2018-05-14,90.18257904052734,90.78974861276431,89.52021478668784,90.08138411182118,19454100.0,0.003377836374967691,0.0033721443000099705
2018-05-15,89.5294189453125,90.01699069727478,88.62786601286436,89.45582135518357,24594000.0,-0.007242641562971053,-0.007268996822946371
2018-05-16,89.7603988647461,89.99138290348755,89.27071383046595,89.9544246114001,17384700.0,0.00257993319016947,0.0025766108755429424
2018-05-17,88.86418151855469,90.12073527942135,88.540805267392,89.40006619138063,17246700.0,-0.009984551734689373,-0.010034731666852823
2018-05-18,89.03048706054688,89.55713037865736,88.70711082119367,88.70711082119367,17865800.0,0.0018714575338485417,0.001869708538971164
2018-05-21,90.17617797851562,90.5549952304034,89.43703319658043,89.62181762979566,19422500.0,0.012868523533849707,0.01278642763673219
2018-05-22,90.08377075195312,90.7028062540608,89.80658709924094,90.2500795337658,15441200.0,-0.0010247409973898058,-0.0010252664034130679
2018-05-23,91.15555572509766,91.22023098199448,88.99354118912281,89.3538757702729,21251200.0,0.011897647758281726,0.011827427171649871
2018-05-24,90.8321762084961,91.41426059410226,89.44627174611892,91.2202348152584,26649300.0,-0.003547556855193701,-0.0035538643569131734
2018-05-25,90.87836456298828,91.45120754066518,90.41639646620573,90.82293064707795,18363900.0,0.000508502123588439,0.0005083728801954291
2018-05-29,90.55500030517578,91.35882038869045,89.83433110654555,90.39792577415857,28671000.0,-0.0035582094744714965,-0.0035645549586500033
2018-05-30,91.42351531982422,91.70069909389468,90.46262754761932,90.83219651427837,22158500.0,0.00959102216025065,0.009545320293255418
2018-05-31,91.32184600830078,92.3843739944068,91.10934464052364,91.7376215067284,34140900.0,-0.0011120695935588065,-0.0011126884017636657
2018-06-01,93.12352752685548,93.18820277686662,91.62674839207452,91.72838193481684,28655600.0,0.019728921362265783,0.019536828604509327
2018-06-04,93.93659210205078,94.11214223638947,93.17896469727292,93.55778192419876,27281600.0,0.00873103282047416,0.008693137768965983
2018-06-05,94.41704559326172,94.54639610152738,93.80724429794586,94.24149545386943,23514400.0,0.005114657456265714,0.005101622024769727
2018-06-06,94.69420623779295,94.79583976984512,94.1490873377612,94.68497195238665,21122900.0,0.0029354937213903476,0.002931193573013172
2018-06-07,93.20669555664062,94.8790251274768,92.7447273860701,94.84206682794218,28232200.0,-0.01570857120251834,-0.015833258301697833
2018-06-08,93.89962768554688,94.1952869693758,92.89254067312352,93.4007013223843,22165100.0,0.0074343599970794205,0.007406861348595348
2018-06-11,93.3637466430664,93.86266593879012,93.01264641020585,93.32678835281408,23490900.0,-0.005706955987887841,-0.0057233028848947595
2018-06-12,93.60397338867188,93.73332389167138,93.08657137667386,93.4099476341726,18325200.0,0.002573019552480682,0.0025697150049018933
2018-06-13,93.17896270751952,94.25073206406556,92.91102036838303,93.98278972492903,29492900.0,-0.004540519657083242,-0.004550859126040535
2018-06-14,93.70559692382812,94.26919850486615,93.31754545628247,93.91810532695436,25691800.0,0.00565185746874719,0.005635945648397874
2018-06-15,92.51374816894533,93.80726052442355,92.45831424126382,93.7887848982215,65738600.0,-0.0127190775578927,-0.012800657510901965
2018-06-18,93.1882095336914,93.419193593204,91.85773909519509,92.40286514116336,23586000.0,0.007290390651067291,0.007263944211938477
2018-06-19,93.1882095336914,93.31756004309254,91.9316556860169,92.07024753153928,28653100.0,0.0,0.0
2018-06-20,94.12139892578124,94.72195191666042,93.42844666023608,93.65943074875116,26180800.0,0.010014028563908095,0.009964220423943286
2018-06-21,93.4468994140625,94.66649482095606,93.2066740470624,94.31540163001222,23198200.0,-0.007166271638722743,-0.007192072702170716
2018-06-22,92.77242279052734,93.10503328562656,92.05174674543974,92.77242279052734,38923100.0,-0.007217752838931113,-0.007243926837969923
2018-06-25,90.90608978271484,92.49526130792646,89.89900262375771,92.39362775347168,35433300.0,-0.02011732529640331,-0.020322434174701042
2018-06-26,91.54360961914062,92.46754591231142,91.23870895061638,91.30338420917536,26897200.0,0.007012949714915617,0.00698847335077641
2018-06-27,90.12071990966795,92.41207728347278,89.99136943126314,92.00555022951718,31298400.0,-0.01554329914881536,-0.01566536272216455
2018-06-28,91.1278076171875,91.57130001082368,89.86201977421742,89.97288758582212,26650700.0,0.01117487419684382,0.011112896590718794
2018-06-29,91.10933685302734,92.31045656927785,90.85063588006824,91.40499611484816,28053200.0,-0.00020269075535916947,-0.00020271129990649694
2018-07-02,92.40284729003906,92.44903986357328,90.54573383658906,90.63812603273024,19564500.0,0.014197342244937516,0.014097503832001049
2018-07-03,91.51587677001952,92.9756905024928,91.4142432314895,92.83710572183664,14670300.0,-0.009598952262103722,-0.009645319158689401
2018-07-05,92.17188262939452,92.31970876444636,91.49740606269935,91.93165722972684,18977400.0,0.007168219138888432,0.007142649575518635
2018-07-06,93.46541595458984,93.71487569793698,92.08874554976892,92.2920126994244,19234600.0,0.014033925404305592,0.013936361615536803
2018-07-09,94.10289764404295,94.472473522405,93.54853735103671,93.91811322939876,18212000.0,0.006820508772601208,0.006797354326421032
2018-07-10,94.35236358642578,94.71269812638764,94.11213821009338,94.24148870910156,19293100.0,0.0026509910813423687,0.0026474834023352935
2018-07-11,94.2230224609375,94.55563302785202,93.4099540444876,93.4561536769038,19644600.0,-0.0013708307939716002,-0.0013717712420661763
2018-07-12,96.26492309570312,96.46819020478932,94.91597697521908,94.95292822316712,24335900.0,0.021670931174089025,0.02143945478060879
2018-07-13,97.4105987548828,97.56766622501716,96.172520518998,96.43122858925204,24635200.0,0.011901278496225354,0.011831015213818023
2018-07-16,96.93014526367188,97.77092349798122,96.56980367859823,97.38287200522306,21786900.0,-0.004932250672433525,-0.0049444543650991706
2018-07-17,97.89104461669922,98.39921238290734,96.38503103996092,96.6529734031366,25901700.0,0.009913317992183757,0.0098645033999825
2018-07-18,97.1241683959961,97.98342927773304,96.75459253466572,97.88179573964037,29493900.0,-0.007833977292875938,-0.007864824100730975
2018-07-19,96.45893096923828,97.29970916099111,95.9877215809834,96.94861597803884,40171600.0,-0.006849350040717961,-0.0068729145011752245
2018-07-20,98.1866683959961,99.96986502679066,98.01112536227782,99.85899722635212,56004000.0,0.017911637723922125,0.01775311448273453
2018-07-23,99.75737762451172,99.91444506308927,98.05733160691597,98.21440609456626,29707000.0,0.015997174098838052,0.015870567753640607
2018-07-24,99.47097778320312,100.54274014316849,99.10140188184216,100.31175608595214,26316600.0,-0.0028709640141765247,-0.0028750931362962295
2018-07-25,102.39984130859376,102.6955005834059,99.4155245558032,99.748142121101,30702100.0,0.02944440268571702,0.029019241836769728
2018-07-26,101.28187561035156,102.5569048628724,101.17100074310385,102.3166795083721,31372100.0,-0.010917650691206426,-0.010977685599498792
2018-07-27,99.48946380615234,101.79930461977116,98.06660101907418,101.79930461977116,37005300.0,-0.017697261167387235,-0.017855730121740115
2018-07-30,97.35515594482422,99.35085438957894,96.79155432197864,99.03671947799867,34668300.0,-0.021452601910556646,-0.021686053779619203
2018-07-31,98.01115417480467,98.6024727812138,97.36439460280648,98.38996435278216,27655200.0,0.006738197105371935,0.006715596921449587
2018-08-01,98.1959457397461,98.35301321401542,97.40135998287572,97.96496167202967,23628700.0,0.0018854136194728088,0.0018836384581399103
2018-08-02,99.38780212402344,99.8682457757187,96.8654535676732,97.38286255689052,26104300.0,0.012137531496831722,0.012064462320180684
2018-08-03,99.82205963134766,99.83130096632338,98.6948564327975,99.60031693544256,18659600.0,0.0043693239818536345,0.004359806199935091
2018-08-06,99.90519714355467,100.17313942944662,99.37855390551114,99.8959628588866,20265900.0,0.000832857111084051,0.0008325104780508151
2018-08-07,100.59815979003906,100.8014268594052,99.94216600649476,100.3025005207082,16080200.0,0.006936202182641793,0.006912257392455254
2018-08-08,101.16178894042967,101.40201436505828,100.4873193527272,101.0139627900178,15487500.0,0.005602777939148984,0.005587140759405791
2018-08-09,101.32809448242188,101.78082835437606,101.26341922201053,101.36505278109618,13677200.0,0.0016439561195396024,0.0016426063028352482
2018-08-10,100.70904541015624,101.34656364139204,100.13620243070716,101.0970969208764,18183700.0,-0.0061093527459260555,-0.0061280912002807065
2018-08-13,99.97914123535156,101.2449364414528,99.87750768344912,100.9307944494614,18472500.0,-0.0072476525999427555,-0.007274044430577784
2018-08-14,101.22645568847656,101.40200583583236,99.8220756568532,100.30251941662388,16788300.0,0.012475746817916855,0.012398565951579142
2018-08-15,99.85376739501952,101.0873260717042,99.0746706282812,100.6235801865173,29982800.0,-0.013560568569954468,-0.013653352839698143
2018-08-16,99.83522033691406,100.96676150535366,99.5198765102741,100.4473683432638,21384300.0,-0.00018574219670730585,-0.00018575944892546768
2018-08-17,99.77955627441406,100.07635332790036,98.95408924827402,99.57550697335472,18061500.0,-0.0005575593694504555,-0.0005577148634764735
2018-08-20,99.12106323242188,100.07637877006717,98.7593419526572,99.71465749030249,17914200.0,-0.006599478556320704,-0.0066213514009521085
2018-08-21,98.29558563232422,99.5662448896544,98.17500716764842,99.16742312629798,22881900.0,-0.008327973623144636,-0.0083628449353521
2018-08-22,99.29724884033205,99.55694535720907,98.11006071963736,98.17498484885662,18000600.0,0.01019031731246356,0.010138746084540712
2018-08-23,99.76100158691406,100.3360489687436,99.12103714754556,99.38073368250087,18167700.0,0.004670348393314816,0.004659476154543818
2018-08-24,100.54011535644533,100.68851036898492,99.76101854295902,99.86304320991796,17234000.0,0.00780980300054912,0.007779464345995815
2018-08-27,101.65306854248048,101.69016905219284,100.64210618856391,101.34699464450256,19662300.0,0.011069742481291112,0.011008921320090933
2018-08-28,102.26522064208984,102.48781663353284,101.82929847987302,101.96842362809952,19151500.0,0.006021973644145806,0.00600391402761572
2018-08-29,103.89762878417967,103.90690568355716,102.27451812696678,102.44146693475672,20818000.0,0.0159624956739004,0.015836434768171564
2018-08-30,103.83270263671876,104.44485061219956,103.35968692061168,103.5730060687696,22798700.0,-0.0006249049975507459,-0.0006251003320599743
2018-08-31,104.18515014648438,104.602518604188,103.43387701593716,103.59155599160786,23222700.0,0.003394378657355368,0.0033886307574804665
2018-09-04,103.61009216308594,103.84196507735554,102.22813157537504,102.81244877190252,22634600.0,-0.005519577239077811,-0.005534866391251742
2018-09-05,100.62357330322266,103.34112428756808,100.26185210361696,102.96085636735192,32872400.0,-0.028824594182991325,-0.029248182497333606
2018-09-06,100.85543060302734,101.08730349383193,99.71461994294025,100.40096171838609,23477600.0,0.0023042045933510114,0.0023015539848622955
2018-09-07,100.36387634277344,100.83689909268796,99.45493843641236,100.3824301395074,22498600.0,-0.004873850196413287,-0.004885766137723441
2018-09-10,101.44906616210938,101.69021604858835,100.50302749392556,100.94821966382314,20727900.0,0.010812553867784791,0.010754516189428407
2018-09-11,103.17416381835938,103.49878446379816,100.99455996904256,101.0038368663978,24301800.0,0.01700456910557846,0.01686160978551298
2018-09-12,103.61009216308594,103.73994042898092,102.49710500507176,103.35039563129594,18891100.0,0.004225169641248749,0.0042162686752529824
2018-09-13,104.7230987548828,105.48364172038508,103.9903794101842,103.9903794101842,26055600.0,0.010742260416533034,0.010684972241588464
2018-09-14,105.14974975585938,105.48364737580596,104.28718208369747,105.1404728563606,19122300.0,0.004074086863827597,0.004065810244103546
2018-09-17,104.00891876220705,105.4558035510792,103.74922221817356,105.44653372893524,20736500.0,-0.010849583534921936,-0.010908869474835398
2018-09-18,105.0013427734375,105.45581176087671,103.6193820129872,104.0553042784945,22170900.0,0.009541720297077783,0.00949648560086896
2018-09-19,103.60084533691406,105.10338480494816,102.98870434518288,104.85296509837671,21728400.0,-0.013337900254716817,-0.013427648979390172
2018-09-20,105.33524322509766,105.54856945218484,103.81415724233965,104.13877795642809,23714500.0,0.016741155755469528,0.016602567223444494
2018-09-21,105.9752197265625,106.93053519053328,105.2796008458613,105.73406986658308,71229700.0,0.006075616117363847,0.0060572339793951045
2018-09-24,106.3554916381836,106.56881788302285,104.08313937426848,104.83440552884748,27334500.0,0.0035883097256346197,0.0035818871019475717
2018-09-25,106.15142822265624,106.754299276905,105.50218682651176,106.476055996929,22668000.0,-0.001918691854874477,-0.001920534901961742
2018-09-26,105.71550750732422,106.71719316946565,105.49290440355936,106.16997646082729,19352000.0,-0.004106593030643535,-0.00411504823981093
2018-09-27,106.11432647705078,106.578072316927,105.9195469972468,106.4574938697912,19091300.0,0.0037725682743274813,0.003765469985553382
2018-09-28,106.07723999023438,106.26273552023808,105.43726838218014,105.9102911827507,21647800.0,-0.0003494955681071499,-0.00034955665591690694
2018-10-01,107.2273178100586,107.29224194710469,106.41112764773644,106.42967436852096,18883100.0,0.010841890493475281,0.010783538583215213
2018-10-02,106.8006820678711,107.4406465973512,106.14216373973888,106.93980725295836,20787200.0,-0.00397879710973692,-0.003986733581693167
2018-10-03,106.81922912597656,107.7559978272269,106.59663307485798,107.05110207645036,16648000.0,0.00017366048368194775,0.00017364540644567293
2018-10-04,104.6117935180664,106.43895336608236,103.53589971014216,106.29982819075416,34821700.0,-0.020665152014033294,-0.020881664301588786
2018-10-05,103.99966430664062,104.96425673277793,102.61770335555428,104.46341025711808,29068900.0,-0.005851435969502439,-0.005868622698445714
2018-10-08,102.81246948242188,103.90691014128626,101.41195481677818,103.56374268780752,29640600.0,-0.01141537169503104,-0.011481027183260694
2018-10-09,104.12023162841795,104.88077462267805,102.76609444723302,103.08143826319898,26198600.0,0.012719878751863645,0.012639660621197197
2018-10-10,98.4625244140625,103.4153268034074,98.11934993015274,103.17417697481676,61376300.0,-0.054338211948534276,-0.055870291771023706
2018-10-11,98.23065185546876,101.03167374756669,96.64463478085602,97.7112516783709,63904300.0,-0.002354932091915951,-0.00235770930545096
2018-10-12,101.6252899169922,103.17419973311524,99.35293753171952,101.10589670349027,47742100.0,0.034557828920021016,0.03397411699877492
2018-10-15,99.79811096191406,101.54179998203044,99.19523990870788,101.01312996716972,32068100.0,-0.017979569421849417,-0.01814316577469384
2018-10-16,102.95159912109376,103.33187419009974,101.0502379284668,101.59746181963617,31610200.0,0.03159867585452769,0.03110971144001763
2018-10-17,102.68260955810548,103.7028490555921,101.60672282067242,103.58227767697473,26548200.0,-0.0026127769290099634,-0.0026161961877892324
2018-10-18,100.6328353881836,102.51564214389968,100.01141773430471,102.11682048558058,32506200.0,-0.019962232930611057,-0.0201641702341753
2018-10-19,100.78125,102.82172887877394,100.36387449556896,101.0316696416986,32785500.0,0.0014748129797188536,0.001473726511150395
2018-10-22,101.68091583251952,102.52493670356212,100.39170289366132,101.39339566054694,26545600.0,0.008926916787790562,0.00888730741795913
2018-10-23,100.2618637084961,101.0687841343526,97.48866516513328,99.95578971149526,43770400.0,-0.013955933740415705,-0.01405423343131688
2018-10-24,94.90094757080078,100.62356948723377,94.22387553689256,100.54937553140536,63897800.0,-0.05346914509071743,-0.05495170991081062
2018-10-25,100.44734954833984,101.34701051399335,98.4532410652938,98.82423914431163,61646800.0,0.058444115886210346,0.05680001462626558
2018-10-26,99.20450592041016,100.86471682113884,97.164027123244,98.02659463979693,55523100.0,-0.01237308533792203,-0.012450269288211186
2018-10-29,96.32003021240234,100.81836441000814,94.26099710896922,100.27114759801182,55162000.0,-0.029076055379197885,-0.02950714061660295
2018-10-30,96.20872497558594,96.81158896863424,92.85120220121212,96.14380083435609,65350900.0,-0.001155577262288654,-0.0011562454565095138
2018-10-31,99.06541442871094,100.29898043934676,97.74837753787676,97.79475496656612,51062400.0,0.02969262355207314,0.02926033396846916
2018-11-01,98.23992156982422,99.53841139684069,97.87820036406823,99.2879917452405,33384200.0,-0.008332805789459052,-0.008367717693642028
2018-11-02,98.4625244140625,99.5384111298819,97.36808390116676,98.75932148148168,37680200.0,0.0022659102397599717,0.0022633469365656725
2018-11-05,99.7146453857422,99.92796453704062,98.22138302184968,98.6573052999824,27922100.0,0.01271672627866205,0.012636547738578438
2018-11-06,99.9094009399414,100.94818705158096,98.57381070931947,99.59405010162249,24340200.0,0.0019531288853888995,0.001951224009076784
2018-11-07,103.84196472167967,104.1016612525802,101.46758835207552,101.50468886737552,37901700.0,0.03936129878410788,0.038606388710143436
2018-11-08,103.647216796875,104.07386220926608,102.86812702021342,103.6935942210007,25644100.0,-0.0018754260411639745,-0.0018771868544430403
2018-11-09,101.6252899169922,103.36897218817846,100.87402372229096,102.81247844854045,32039200.0,-0.019507777848442487,-0.01970056591003151
2018-11-12,99.12106323242188,101.9870098453577,98.4068904971519,101.48616336348312,33621800.0,-0.024641766696220868,-0.02495045669293162
2018-11-13,99.18595123291016,100.85543182114752,98.90770093010435,99.75172165940258,35374600.0,0.0006546338222395143,0.0006544196429864623
2018-11-14,97.7794189453125,100.844050498221,97.31366959879335,100.69500729608475,39495100.0,-0.014180761187588042,-0.014282268962551015
2018-11-15,99.93115997314452,100.41554318277636,96.79201451270134,97.7980275119949,38505200.0,0.02200607296547208,0.021767434000131727
2018-11-16,100.87199401855467,101.42157483454432,99.48406295999776,99.74488145618068,33502100.0,0.009414821619833091,0.009370778410271074
2018-11-19,97.4533920288086,101.12349190384415,96.4566887503448,100.85335644057088,44773900.0,-0.033890496792571057,-0.03447809383649191
2018-11-20,94.74270629882812,95.91639633327236,92.54436939287756,94.82654485467302,64052500.0,-0.027815201436797055,-0.028209370613987084
2018-11-21,96.04683685302734,97.27641492095822,95.23643038063848,96.50326925144864,28130600.0,0.01376497046733971,0.013671093753826679
2018-11-23,96.0095672607422,96.69887428397637,95.01286397197369,95.17121703963532,13823100.0,-0.00038803560331890363,-0.00038811090861501254
2018-11-26,99.17665100097656,99.32568707232222,97.41611932341354,97.61173316461276,32336200.0,0.03298716816036906,0.032454768143958784
2018-11-27,99.80076599121094,99.97775301100344,98.14269951137844,98.99035959753932,29124500.0,0.006292962949799863,0.006273244938363563
2018-11-28,103.50813293457033,103.70374679899132,100.4714453342876,100.49938915680907,46788500.0,0.03714768024612036,0.036474330145625636
2018-11-29,102.641845703125,103.50813979254087,101.56130378223156,102.77225495471266,28123200.0,-0.00836926729219356,-0.008404486251954665
2018-11-30,103.29386901855467,103.36839060484463,101.86867743791524,103.11688202780849,33665600.0,0.006352412224888804,0.0063323206959108366
2018-12-03,104.41168975830078,105.65058478104164,103.14485801737447,105.2593570181039,34732800.0,0.010821753027232539,0.010763616905038976
2018-12-04,101.08621215820312,104.92398846318406,100.79744990289636,104.27194236837224,45197000.0,-0.0318496674825941,-0.03236790157629353
2018-12-06,101.71033477783205,101.75690544393908,97.80735335548016,98.57118192598548,49107400.0,0.006174161701223424,0.00615517965693936
2018-12-07,97.6396942138672,101.95253067018228,97.15531801305568,100.95582733765282,45044900.0,-0.04002189721286853,-0.04084480437713599
2018-12-10,100.2199249267578,100.5832158971064,96.77338315704245,97.62105024323934,40801500.0,0.02642604254002401,0.026082906698132964
2018-12-11,101.15139770507812,103.3497342772528,100.08018033787472,102.27851691004938,42381900.0,0.009294287328603268,0.009251361213569712
2018-12-12,101.6078643798828,103.64784138864908,101.57060358476228,103.29387449515907,36183000.0,0.004512707537028593,0.004502555802120572
2018-12-13,101.95250701904295,103.27524027769064,101.18867854053042,102.07360637123134,31333400.0,0.003391889409973592,0.0033861499278860178
2018-12-14,98.7667999267578,101.77554366899868,98.2731067833183,100.83472805018204,47043100.0,-0.031246971608948515,-0.03174557223838108
2018-12-17,95.84188842773438,98.55255270961447,94.74271981791584,98.18926883157675,56957300.0,-0.0296143187912582,-0.03006167701686809
2018-12-18,96.84793090820312,97.35094111060124,95.4972533906234,96.64300003610332,49319200.0,0.010496897514987058,0.010442187609410345
2018-12-19,96.58709716796876,99.55857302502837,94.40738663426208,96.54983636920436,68198200.0,-0.0026932298686028755,-0.0026968631371165077
2018-12-20,94.55642700195312,97.16461887653492,92.01343263979614,95.99093573101985,70334200.0,-0.021024238491029745,-0.021248395175924976
2018-12-21,91.50111389160156,95.94435924621926,90.78385596404704,94.6682035599438,111242100.0,-0.032312061773320355,-0.032845621545475
2018-12-24,87.68195343017578,91.25891145477576,87.54223433711189,90.988776030236,43935200.0,-0.04173895047824461,-0.042635043849518287
2018-12-26,93.6715087890625,93.79260817071172,87.52361867285396,88.62278744414361,51634800.0,0.06831001277425242,0.06607797254981301
2018-12-27,94.24900817871094,94.25832515258467,89.79644697407201,92.49779374919012,49498500.0,0.006165155201555361,0.006146228383570627
2018-12-28,93.5131378173828,95.394768847075,92.70273152953284,95.09668249191832,38196300.0,-0.007807725254071807,-0.00783836513025235
2018-12-31,94.6123046875,95.38545016713842,93.559713915051,94.3514862381689,33173800.0,0.01175414381093387,0.01168560045206673
2019-01-02,94.19312286376952,94.77996431039956,92.16245602228332,92.73067062747688,35329300.0,-0.004430521221473471,-0.004440365066958419
2019-01-03,90.72795867919922,93.32684044319628,90.54165470824236,93.24300187957324,42579100.0,-0.036787868150225056,-0.03748160914791571
2019-01-04,94.94766998291016,95.4879409755481,92.15317367077516,92.88905855244998,44060600.0,0.04650949238956459,0.04546033346914812
2019-01-07,95.0687484741211,96.1958609703722,94.06273534882985,94.67752075279836,35656100.0,0.0012752128749735636,0.0012744004816116203
2019-01-08,95.7580337524414,96.84788512234604,94.74269684980496,95.98159136778295,31514400.0,0.007250387634038846,0.007224229933165966
2019-01-09,97.12732696533205,97.69554151062913,96.16788483018824,96.74541634860591,32280800.0,0.014299512628158206,0.014198238899015466
2019-01-10,96.50324249267578,96.64296868803648,95.36681319367068,96.14927562362892,30067600.0,-0.00642542621273845,-0.006446158119017991
2019-01-11,95.7580337524414,96.35419213119788,94.677492249215,96.1213175424096,28314200.0,-0.00772211089478092,-0.007752080779997513
2019-01-14,95.0594253540039,95.82325384444415,94.32354068165286,94.9196991567882,28437100.0,-0.007295559140693908,-0.007322301880494333
2019-01-15,97.8166732788086,97.85393407687918,94.90107801402657,95.4879267001753,31587600.0,0.029005518543128384,0.02859281985320548
2019-01-16,98.16130828857422,98.98103150786294,97.77008062851525,98.04953301813993,29853900.0,0.003523274695545142,0.003517082503521627
2019-01-17,98.8506317138672,99.32569087205177,97.58379307850136,97.80735074745706,28393000.0,0.007022353688140637,0.00699781179008698
2019-01-18,100.33172607421876,100.5087131048254,98.65503264569344,100.09885139469264,37427600.0,0.014983155238084134,0.014872016531490784
2019-01-22,98.4407730102539,99.76349932573892,97.67694443726408,99.4374762348476,32371300.0,-0.01884701019262891,-0.01902687866345265
2019-01-23,99.40021514892578,99.70761139377449,98.12405950340776,98.85063438398753,25874300.0,0.009746389725850069,0.009699200041128639
2019-01-24,98.9251480102539,99.67034972944384,98.12405864949432,99.53994049460114,23164800.0,-0.00477933712678702,-0.0047907946793872965
2019-01-25,99.8287124633789,100.49007567756269,98.92515760096258,99.8939170871218,31225600.0,0.00913381957266668,0.00909235851664332
2019-01-28,97.8818588256836,99.18595807695829,97.49063118233194,98.98102728088764,29476700.0,-0.019501940770892845,-0.019694612716275192
2019-01-29,95.88846588134766,97.77940685736505,95.17120799658716,97.69556828983518,31490500.0,-0.020365295145098772,-0.020575526954184322
2019-01-30,99.09282684326172,99.09282684326172,97.1832588167294,97.4533942862602,49471900.0,0.03341758502924774,0.032871353398555174
2019-01-31,97.2763900756836,98.01227475436224,96.11201693349012,96.68954857045516,55636400.0,-0.018330658489047247,-0.018500746769338727
2019-02-01,95.73941040039062,96.96898808099108,95.33886577907846,96.6709088586264,35535700.0,-0.01580013068019026,-0.01592628332835202
2019-02-04,98.49665832519533,98.5525530728634,95.73010639242624,95.823261936283,31315100.0,0.028799508094667026,0.028392596366059866
2019-02-05,99.87528228759766,99.9218529541223,98.70159204691248,98.79474048673217,27325400.0,0.013996657204863538,0.013899608521411073
2019-02-06,98.7667999267578,99.67035474706216,98.30105060550986,99.67035474706216,20609800.0,-0.011098665610254854,-0.011160715339375401
2019-02-07,98.05886840820312,98.3569477182256,97.14600363047175,97.984353910776,29760700.0,-0.007167707357934594,-0.007193518785446216
2019-02-08,98.43147277832033,98.53393821099787,97.11806321537308,97.23915549636855,21461100.0,0.0037998028752086466,0.0037926018601241018
2019-02-11,98.04020690917967,99.27910149071118,97.77938849344018,98.92512754926284,18914100.0,-0.0039750077703483155,-0.0039829291123009486
2019-02-12,99.56786346435548,99.80073806448854,98.25445441512473,98.86923966395624,25056600.0,0.015581939322006688,0.015461787431111727
2019-02-13,99.4933624267578,100.39691719889298,99.40021398882816,100.13609872998184,18394900.0,-0.0007482438108592504,-0.0007485238849773601
2019-02-14,99.5771942138672,99.94047807179034,98.42213802731077,99.02760638600282,21784700.0,0.0008425867320658309,0.0008422319551382055
2019-02-15,100.8067626953125,100.88128427641904,100.00567346533984,100.518000451986,26606900.0,0.012347892418062001,0.012272279002387834
2019-02-19,100.76019287109376,101.21663226126545,100.39690901803118,100.40622599309604,18038500.0,-0.00046197123063551615,-0.0004620779722201103
2019-02-20,100.23632049560548,100.975347876221,99.4318100375744,100.9005080342832,21607700.0,-0.005199199808584076,-0.005212762679049396
2019-02-21,102.35053253173828,102.4160156301983,99.97442031499628,100.00248348046163,29063200.0,0.02109227499253108,0.020872912172744354
2019-02-22,103.80984497070312,104.02500060337064,102.73404539600428,102.94920816579224,27763200.0,0.014257985795162575,0.014157296669836646
2019-02-25,104.38983917236328,104.9417741242156,104.08113729253878,104.54887563198756,23750600.0,0.005587082822672951,0.0055715329674388935
2019-02-26,105.11018371582033,105.93340080796813,103.99696393512409,104.08116056635498,21536700.0,0.006900523548730053,0.006876823900296136
2019-02-27,104.93243408203124,105.11017696322716,103.72566811747755,104.48340920138725,21487100.0,-0.0016910790896309535,-0.001692510577942247
2019-02-28,104.8014678955078,105.59662177185773,104.52082912938997,104.8108246621816,29083900.0,-0.0012481001481491338,-0.0012488796738239522
2019-03-01,105.26921081542967,105.72759248236127,104.46470013796976,105.60598305888372,23501200.0,0.004463133287295529,0.004453203043629673
2019-03-04,105.01660919189452,105.94272906345957,103.65081415931894,105.72756629677257,26608000.0,-0.0023995774412904902,-0.002402461041109859
2019-03-05,104.49275970458984,105.1382410051744,104.05309158694376,105.00727481913144,19538300.0,-0.004988253680400678,-0.005000736546895858
2019-03-06,104.53952026367188,105.39080747866156,104.2401680079095,104.65178003600305,17687000.0,0.000447500470025064,0.000447400371551357
2019-03-07,103.26726531982422,104.35242164385124,102.78082060923578,104.21209872096908,25339000.0,-0.012170085921943685,-0.012244747796939365
2019-03-08,103.37953186035156,103.56662434504166,101.7798675637525,102.11663974589132,22818400.0,0.0010871454780916334,0.0010865549633912058
2019-03-11,105.5498504638672,105.66210311360568,103.81921978822255,103.82856941761963,26491600.0,0.02099369734472556,0.02077636614165903
2019-03-12,106.28885650634766,106.634978289204,105.38144303982756,105.5404723528762,26132700.0,0.00700148829422953,0.0069770916839224815
2019-03-13,107.1120834350586,107.5798217906702,106.43853906103854,106.76595448254248,35513800.0,0.007745185673925903,0.007715345701743047
2019-03-14,107.1962661743164,107.76690750325866,106.95304738341548,107.14949662396798,30763400.0,0.0007859313025952996,0.0007856226203138901
2019-03-15,108.4311294555664,109.68466505899336,107.19629311243334,107.8979007780559,54681100.0,0.01151964826127383,0.011453802312211585
2019-03-18,109.98399353027344,110.0214134541144,108.5620721099197,108.67432474432194,31207600.0,0.014321201692760965,0.014219621964317397
2019-03-19,110.05884552001952,110.79787303888932,109.44142741420876,110.47045045343856,37588700.0,0.0006805716663258465,0.000680340182450967
2019-03-20,109.93722534179688,111.0878648932349,109.17949145250918,109.81561593275109,28113300.0,-0.0011050468287941984,-0.001105657843215621
2019-03-21,112.46302032470705,113.02430496873224,109.53497341755433,109.58175011169035,29854400.0,0.022974883849009586,0.02271493520085342
2019-03-22,109.49754333496094,111.87364771486304,109.48818657018704,111.7894582432591,33624500.0,-0.02636846299507234,-0.026722345675538134
2019-03-25,110.06819915771484,110.39561459673766,108.81465658630007,109.0391690106127,27067100.0,0.0052115856244210335,0.005198052311708521
2019-03-26,110.30204010009766,111.05041703519028,109.31043013384874,110.96622757405414,26097700.0,0.0021245095692694616,0.002122255990083749
2019-03-27,109.235595703125,110.58268424489988,108.06624999314536,110.2739752645565,22733400.0,-0.009668401382285197,-0.00971544383739121
2019-03-28,109.3852996826172,109.99336101432723,108.6369154071092,109.86239483668156,18334800.0,0.0013704688341615867,0.0013695305988658765
2019-03-29,110.33013916015624,110.68561778472989,109.41336873019443,110.45174857819208,25399800.0,0.008637718964801477,0.008600627308836517
2019-04-01,111.34043884277344,111.42463546097008,110.479801951881,111.27495575622991,22789100.0,0.009157059805305234,0.009115388133312594
2019-04-02,111.4994659423828,111.77075503158302,110.87269115286205,111.3778494082224,18142300.0,0.0014282959656188865,0.0014272769211521798
2019-04-03,112.2291488647461,112.65946732105716,111.46205820138788,112.1262458494194,22860700.0,0.0065442728016325,0.006522952017182242
2019-04-04,111.65850067138672,112.47236797841246,110.74173035529608,112.35075143836076,20112800.0,-0.005084670062383667,-0.005097640984459253
2019-04-05,112.15431213378906,112.47237795468952,111.66786734179728,111.68657373732248,15826200.0,0.0044404273693547935,0.00443059775944741
2019-04-08,112.19173431396484,112.2759238012004,110.98496837040328,112.07947452719574,15116200.0,0.0003336668868436643,0.000333611232427656
2019-04-09,111.58366394042967,111.82688989021038,110.92883308000602,110.9756026345385,17612000.0,-0.00541992132712299,-0.005434662388440998
2019-04-10,112.4349594116211,112.58463198903104,111.82689806129942,112.03270410021952,16477200.0,0.007629212387629591,0.007600257124121075
2019-04-11,112.56593322753906,113.05237805851432,112.1823842858807,112.7623825133438,14209100.0,0.001164885162082685,0.001164207209802223
2019-04-12,113.14591979980467,113.17399009990342,112.60334866230004,112.85592426621412,19745100.0,0.0051524165050294,0.005139188226054337
2019-04-15,113.23947143554688,113.73527300610446,112.79043942351788,113.1365684148136,15792600.0,0.0008268228841812331,0.0008264812544388868
2019-04-16,112.97752380371094,113.80074791035034,112.35075609497136,113.7913911444691,14071800.0,-0.0023132184256532407,-0.002315898048561929
2019-04-17,113.91301727294922,113.98785713674188,112.76238469990652,113.41721566528676,19300900.0,0.008280350265630121,0.008246256243037554
2019-04-18,115.40975189208984,115.55006767382932,113.47331559576348,114.30588920731172,27991000.0,0.013139276396781474,0.013053704855065561
2019-04-22,115.77459716796876,115.99910957520436,114.6613776228442,114.70815431219864,15648700.0,0.003161303701788132,0.003156317287523379
2019-04-23,117.34619903564452,117.47716520212104,115.84008098404394,116.09265655164268,24025500.0,0.013574669280823626,0.013483358868813881
2019-04-24,116.94395446777344,117.72975153850965,116.48556570605588,117.67362521549175,31257000.0,-0.003427844882720854,-0.003433733403465631
2019-04-25,120.81681823730467,122.89357779319953,120.51747309573707,121.66810551749202,38033900.0,0.03311726362561562,0.0325807012414509
2019-04-26,121.50906372070312,122.09841858874324,120.69520358806952,121.33132087007252,23654900.0,0.005729711256248882,0.005713358893851767
2019-04-29,121.3968276977539,121.7803623353228,121.00392915671836,121.51842997463244,16324200.0,-0.0009236843698112729,-0.0009241112290945314
2019-04-30,122.17325592041016,122.2667950206518,121.04132289583175,121.43422137502468,24166500.0,0.006395786754735955,0.006375420503304384
2019-05-01,119.6287612915039,122.22002868522291,119.46037519514202,122.107776045729,26821700.0,-0.020826936384210515,-0.021046876164749345
2019-05-02,118.06651306152344,119.74101720546057,117.4210318567716,119.72231081185537,27350200.0,-0.013059135722166992,-0.01314515595573215
2019-05-03,120.58293914794922,121.07874064972248,119.03940832533304,119.1423113317902,24911100.0,0.021313630945588136,0.021089672174544372
2019-05-06,119.88133239746094,120.26488126708642,117.9729662260117,118.23489855789217,24239800.0,-0.005818457863491333,-0.0058354510375511325
2019-05-07,117.4210205078125,118.97391510042364,116.20490520163182,118.30037080180291,36017700.0,-0.020522894102406153,-0.02073641512481589
2019-05-08,117.41169738769533,118.2162080218855,116.7007330078506,117.34621429594132,28419000.0,-7.939907247311861e-05,-7.94022247463329e-05
2019-05-09,117.40231323242188,117.67360230272013,115.59684310997632,116.27038740352782,27235800.0,-7.992521598987334e-05,-7.992841018014756e-05
2019-05-10,118.92715454101562,119.6755387825415,115.83072883751645,116.85040218816742,30915100.0,0.012988170902348495,0.012904547905521688
2019-05-13,115.39105987548828,117.44911308249895,115.10106435633593,116.1020242297008,33944900.0,-0.029733282354012847,-0.03018427863576065
2019-05-14,116.68201446533205,117.7578069839985,115.71846744822508,115.8775039148907,25266300.0,0.011187648256604676,0.011125529399742103
2019-05-15,118.32515716552734,118.97302773764964,116.14681772871896,116.67262874004524,24722700.0,0.014082227734279584,0.013983994321295176
2019-05-16,121.05745697021484,121.47999118632816,118.7382825353844,119.01057583676588,30112200.0,0.023091452993933004,0.0228288798398424
2019-05-17,120.24999237060548,122.49405727210429,120.10914284499026,120.47532868826144,25770500.0,-0.006670093853103465,-0.006692438344436572
2019-05-20,118.5129623413086,119.79930506164432,118.08105096713724,118.7946399347903,23706900.0,-0.014445157085278049,-0.014550504100393187
2019-05-21,119.15143585205078,119.74296521710198,118.85097546866184,119.6490726904568,15293300.0,0.005387372808245416,0.005372912826317883
2019-05-22,119.87440490722656,120.40960730217816,118.79462304356026,118.88852272491032,15396500.0,0.006067648702727135,0.00604931464802735
2019-05-23,118.47540283203124,118.5786867644425,117.12332747213196,118.49417847267834,23603800.0,-0.011670565341100558,-0.011739200922087143
2019-05-24,118.53173065185548,119.63967964353034,118.2782201170455,119.1608256151626,14123400.0,0.0004754389390353442,0.00047532595375328525
2019-05-28,118.45661926269533,120.18426462822669,118.3533353371972,119.22654942142827,23128400.0,-0.0006336817048657739,-0.0006338825659764712
2019-05-29,117.31108856201172,117.73360841807327,116.4660416863496,117.72421701847176,22763100.0,-0.009670465929330851,-0.009717528542353186
2019-05-30,118.05287170410156,118.08103874417998,117.16087484155736,117.61156897343255,16829600.0,0.00632321420918136,0.006303306566335249
2019-05-31,116.12802124023438,117.01062653787464,115.7900024949057,116.64444075769173,26646800.0,-0.016304986368241958,-0.016439375469097187
2019-06-03,112.52252197265624,116.7759245196746,111.7432075229949,116.28767189983232,37983600.0,-0.031047625104361654,-0.031539817013719974
2019-06-04,115.6397933959961,115.75246155243885,113.28305322202272,113.87458253396696,29382600.0,0.02770353320108998,0.027326733612319833
2019-06-05,118.14676666259766,118.184325104657,116.62568199512565,117.3204952643727,24926100.0,0.021679157260483084,0.021447506348904074
2019-06-06,120.0152359008789,120.156078246027,117.93078925059687,118.71950208530272,21459000.0,0.015814814836339952,0.0156910636814323
2019-06-07,123.3766632080078,124.17476763441148,120.42839330568803,121.3016146226894,33885600.0,0.028008338123878707,0.02762327801552547
2019-06-10,124.50340270996094,125.8930293735598,123.94003319189228,124.31560331921672,26477100.0,0.009132517225348469,0.009091067956230688
2019-06-11,124.03392791748048,126.04325810502874,123.26399056210856,125.70523927314768,23913700.0,-0.00377077880814336,-0.0037779061171987335
2019-06-12,123.46116638183594,123.91185335350356,122.72879468022089,123.37665093389536,17092500.0,-0.00461778116085787,-0.004628476049420388
2019-06-13,124.24048614501952,124.87895815180464,123.5268829291064,123.92123581454668,17200800.0,0.006312266326508942,0.006292427415313215
2019-06-14,124.36255645751952,125.6207321771378,123.60201761696048,124.18415562784126,17821700.0,0.0009825324762293697,0.0009820501071322926
2019-06-17,124.73812103271484,125.56437806836328,124.43765350914808,124.5315531920327,14517800.0,0.0030199168133344667,0.0030153660242557044
2019-06-18,126.90705871582033,126.98217559060537,125.41414843805008,125.9962863087854,25934500.0,0.017387929729490104,0.01723848949645256
2019-06-19,127.40472412109376,127.63006046903512,125.63951298444816,126.756853466598,23744400.0,0.003921495071348646,0.003913826052359836
2019-06-20,128.58775329589844,129.25440660145264,127.43286179759797,129.0572230153629,33042600.0,0.009285598967902153,0.009242752824315314
2019-06-21,128.6065673828125,129.32015637224728,128.1277133102147,128.2403814856301,36727900.0,0.00014631320970948103,0.0001463025069757681
2019-06-24,129.36708068847656,129.9492185826722,128.6347090386564,128.6347090386564,20628800.0,0.005913487321376865,0.005896071281186845
2019-06-25,125.2826919555664,129.18868375607914,124.6254371639128,128.86944776114453,33327400.0,-0.031572087050071085,-0.03208123055220899
2019-06-26,125.75215911865234,127.45165163165,125.44232169453612,126.14652631259584,23657700.0,0.0037472627364396605,0.0037402592379450557
2019-06-27,125.9586944580078,126.48451247192229,125.3577739120386,125.94931022326996,16557500.0,0.0016423999460764005,0.0016410526822472674
2019-06-28,125.78035736083984,126.38127814246268,125.02920280204088,126.35311110012736,30043000.0,-0.0014158379295318158,-0.0014168411751204165
2019-07-01,127.39529418945312,128.35301641365143,126.72865522148228,128.28729810404295,22613500.0,0.01283934043835111,0.012757614898212836
2019-07-02,128.24032592773438,128.24971016259266,127.07603608688169,127.80840756395924,15237800.0,0.006633147194782474,0.006611244675668216
2019-07-03,129.06661987304688,129.32952176630556,127.96804813619188,128.44691641304627,13629300.0,0.006443323808909662,0.006422654337278559
2019-07-05,128.69102478027344,128.9445424158855,127.43284949210272,127.63941729488629,18141100.0,-0.002910087001138484,-0.0029143295370805036
2019-07-08,128.59715270996094,128.72860365919703,127.10422810361216,128.07133458593756,16779700.0,-0.0007294375848880819,-0.0007297037539268771
2019-07-09,128.127685546875,128.60653951571237,127.50798206220604,127.69576708956896,19953100.0,-0.0036506808525129664,-0.0036573608505058876
2019-07-10,129.4327850341797,130.11820669464362,128.65346371520778,128.75674760873602,24204400.0,0.010185928839143932,0.0101344018706073
2019-07-11,129.9492950439453,130.7192327492374,129.45165797182742,129.76150990246293,22327900.0,0.003990565525026968,0.003982624337963091
2019-07-12,130.418701171875,130.63466758951597,129.5830455236234,130.37176565481306,18936800.0,0.003612225274257419,0.003605716857078573
2019-07-15,130.418701171875,131.01962192649322,130.00557979382822,130.92573656528842,16651500.0,0.0,0.0
2019-07-16,128.7098388671875,130.5595509790779,128.18403499667505,130.47504985569148,22726100.0,-0.013102893138273508,-0.013189493349939256
2019-07-17,127.94927978515624,129.5079083460821,127.90232994836988,129.29195628935912,20211000.0,-0.005909098237750654,-0.005926626041862289
2019-07-18,128.09011840820312,128.27790343331282,126.44697436610488,127.27324566908244,30381800.0,0.001100737911798877,0.001100132544017095
2019-07-19,128.2779541015625,132.08066325214435,128.1183360508181,131.65814319698742,48992400.0,0.0014664339114807134,0.0014653597472713304
2019-07-22,129.9773712158203,130.69097431240974,128.94454649629662,129.01966336578383,25074900.0,0.01324792811173392,0.01316094172945445
2019-07-23,130.78489685058594,131.44216606376384,129.60183805561326,131.22619962991078,18034600.0,0.006212817102022816,0.006193597119595707
2019-07-24,132.1275634765625,132.14634627756064,130.3717512508396,130.41868676271594,20738300.0,0.01026622078167394,0.010213881053113397
2019-07-25,131.62997436523438,132.0243273665108,130.81310131452497,131.8553107504869,18356900.0,-0.003765975079199846,-0.0037730842175196346
2019-07-26,132.709716796875,133.02895281557116,131.73322593760406,131.79894425812105,19037600.0,0.008202861368373782,0.00816940075835272
2019-07-29,132.41867065429688,132.86935771882654,130.86002724423923,132.85997347915756,16605900.0,-0.002193103486337722,-0.002195511859640825
2019-07-30,131.7801513671875,132.5970240657688,131.26373182845515,131.58296778800667,16846500.0,-0.004821973245573097,-0.0048336364668289614
2019-07-31,127.94927978515624,131.91160531500554,126.83193957420217,131.76137156812058,38598800.0,-0.029070171359547592,-0.02950108040781552
2019-08-01,129.6299591064453,132.33410890933737,128.5689530993512,128.63468572818002,40557500.0,0.013135512166314367,0.013049989435529812
2019-08-02,128.54080200195312,129.87410859795295,127.00094191264206,129.6581422139498,30791600.0,-0.008402047736494556,-0.008437543906427281
2019-08-05,124.13722229003906,125.75218537034483,122.79453108789382,125.1606631101042,42749600.0,-0.0342582249630522,-0.034858794130622886
2019-08-06,126.46578216552734,127.3953232380426,125.07615551252992,125.63012646058596,32696700.0,0.018757950536767654,0.01858418975035283
2019-08-07,127.01970672607422,127.3671096806818,123.7803690226011,125.62068201828497,33414500.0,0.00438003506610074,0.004370470630715329
2019-08-08,130.4093017578125,130.5032014351709,127.63003463670812,128.25913668626657,27496500.0,0.02668558382872166,0.02633573395481673
2019-08-09,129.30136108398438,130.8693882840778,128.12768674315882,130.14640087854704,23466700.0,-0.008495871528288013,-0.00853216716639449
2019-08-12,127.4985809326172,129.4421924607648,126.9821756995304,128.70043660312965,20484300.0,-0.013942468480252268,-0.014040577684393082
2019-08-13,130.1370391845703,130.3248242462156,126.75685076662752,127.74274024911765,25154600.0,0.020694020534609114,0.02048280820951865
2019-08-14,126.2180404663086,128.98771772376344,125.92600220953322,128.46016288897036,32527300.0,-0.030114398966027633,-0.030577151518211627
2019-08-15,125.93538665771484,126.78325475447438,124.58823906339246,126.60425989933222,28074400.0,-0.0022394089430440856,-0.002241920169059662
2019-08-16,128.2434539794922,128.55433749610148,126.9151374198307,127.0658714354207,24449100.0,0.018327392983280788,0.018161470534127668
2019-08-19,130.39137268066406,130.52326136000605,128.95942818010255,129.86381796329613,24355700.0,0.01674875897771244,0.01661004522683941
2019-08-20,129.3079833984375,130.67399069770917,129.28915242691284,130.2029576634189,21170800.0,-0.008308749727482745,-0.008343459787014607
2019-08-21,130.74935913085938,131.40881695837308,130.00513317166792,130.52327244694763,14970300.0,0.01114684255789955,0.011085174355711548
2019-08-22,129.79788208007812,131.13561438171598,128.39419824342653,130.62690495002428,18697000.0,-0.007277106802710764,-0.007303714105794995
2019-08-23,125.66221618652344,130.33487109930962,125.10640055041496,129.24207080219483,38508600.0,-0.031862352661526594,-0.032381004150977305
2019-08-26,127.60284423828124,127.70647207929308,126.14263897849162,127.16950190298608,20312600.0,0.015443210462540824,0.015325177739502217
2019-08-27,127.87604522705078,128.79926589086173,126.85861221243223,128.48838238294053,23102100.0,0.0021410258556571193,0.002138737126037154
2019-08-28,127.70651245117188,127.89492284672274,125.8129642574794,127.06591423134064,17393300.0,-0.001325758671828603,-0.0013266382673634562
2019-08-29,130.11817932128906,130.41964740606196,128.97828726586653,129.29858632484562,20168700.0,0.01888444703271719,0.01870834941277733
2019-08-30,129.87326049804688,131.116780537289,128.37537853324508,131.08851969831468,23940100.0,-0.00188227982069622,-0.0018840535354590654
2019-09-03,128.15870666503906,129.25150713842604,127.83840753915432,128.69569141266268,18869300.0,-0.013201746275043225,-0.013289663962716084
2019-09-04,129.65658569335938,129.71310736974692,128.57320085503275,129.34570209843733,17995900.0,0.011687688392761464,0.011619914928382638
2019-09-05,131.9363555908203,132.2472391179814,130.7210823142099,131.0508111876561,26101800.0,0.017583139994544084,0.017430345064875195
2019-09-06,131.04144287109375,132.0588619401179,130.19357448051684,131.9175577290847,20824500.0,-0.006782912228544435,-0.006806020732276018
2019-09-09,129.55294799804688,131.6537516015237,128.55436012486388,131.50301755940075,25773900.0,-0.011358962786384375,-0.011423968538265637
2019-09-10,128.19635009765625,128.95942129990866,126.7172994959278,128.87463880516663,28903400.0,-0.010471378084048522,-0.01052658872273451
2019-09-11,128.23403930664062,128.3753578535384,127.26371232538828,128.03621346568784,24726100.0,0.0002939959597576536,0.0002939527514139882
2019-09-12,129.55294799804688,130.4008018291069,128.94059634246844,129.8638315693794,27010000.0,0.010285168419692292,0.010232635971320545
2019-09-13,129.36453247070312,130.06165223182276,128.65798284808366,129.79787485602796,23363100.0,-0.0014543515238772953,-0.0014554101195594494
2019-09-16,128.431884765625,128.78044465424992,127.80070214645508,127.96085167297976,16731400.0,-0.007209454456068465,-0.0072355681589094676
2019-09-17,129.43048095703125,129.5529541689385,128.52609103600494,129.02539937116904,17814200.0,0.007775298114082618,0.007745226261530127
2019-09-18,130.4949951171875,130.63629927677184,128.6202784762406,129.40219503377762,23982100.0,0.00822460174979689,0.008190964024893764
2019-09-19,132.89730834960938,134.12198311818602,131.95524198929385,132.1719132272247,35772100.0,0.018409236540179563,0.018241837878394437
2019-09-20,131.3617401123047,133.44369879051382,130.2406788049033,132.8407768741121,39167300.0,-0.011554547314570951,-0.011621819800538518
2019-09-23,131.07908630371094,131.5407039018818,130.4196428597447,131.16386880905182,17139300.0,-0.002151720952783487,-0.002154039230434193
2019-09-24,129.4210662841797,132.53930327795948,128.95003315823615,132.2284196898619,29773200.0,-0.012649005011292291,-0.012729684742750833
2019-09-25,131.28634643554688,131.85159190644669,128.14926425911082,129.53410272550485,21382000.0,0.014412492532486665,0.014309619818690472
2019-09-26,131.4558868408203,132.0588085219996,130.4196228378989,131.36168886316568,17456600.0,0.0012913788057669073,0.001290545693322285
2019-09-27,129.75076293945312,132.22840143988893,128.7333298028649,132.03056122939054,22477700.0,-0.012971072976229014,-0.01305593194999057
2019-09-30,130.9754180908203,131.15441290790986,129.79783574132017,130.05219755375188,17280900.0,0.009438519848539606,0.009394255329788532
2019-10-01,129.1290283203125,132.12479210777667,129.06307678264102,131.56897646793246,21466600.0,-0.014097223718938623,-0.01419753341863567
2019-10-02,126.8492202758789,128.46957544564953,125.8412168198559,128.3565320907137,30521700.0,-0.01765527142958434,-0.01781298480635303
2019-10-03,128.38475036621094,128.82752252597228,125.50203077272532,127.13180089016134,24132900.0,0.01210515986611882,0.012032478377885835
2019-10-04,130.11817932128906,130.24065252757674,128.51666965160405,128.82755322348007,22897700.0,0.013501829073418792,0.013411491618125193
2019-10-07,129.17611694335938,130.17470484785542,129.08191894517083,129.19496229291303,15303700.0,-0.007240051950031856,-0.007266388320939627
2019-10-08,127.81011199951172,129.7790267900296,127.7630058173658,129.13842871216846,25550500.0,-0.010574748461022576,-0.010631058441260693
2019-10-09,130.2312469482422,130.66458938458436,129.03481875481043,129.49643640419197,19749900.0,0.01894321905249341,0.018766030462819622
2019-10-10,131.04144287109375,131.57841324781248,130.2406806757921,130.4667817882378,17654600.0,0.0062212099003671195,0.006201938062187354
2019-10-11,131.58775329589844,132.8595479652303,131.4181883398725,132.00226457700762,25446000.0,0.004168989693910108,0.0041603235341140625
2019-10-14,131.46534729003906,132.16246711107746,131.43708645268833,131.59723598927255,13304300.0,-0.0009302233892855005,-0.0009306563155620754
2019-10-15,133.36834716796875,133.57558855119083,131.71030110385206,131.9458177038875,19695700.0,0.014475296472851396,0.014371529541569311
2019-10-16,132.27554321289062,132.82194343556887,131.44652020264886,132.63351866066512,20751600.0,-0.008193877919937087,-0.008227632249983048
2019-10-17,131.59722900390625,133.22699949537883,130.96604637859363,132.7842272340001,21460600.0,-0.005128039488695668,-0.005141233007111166
2019-10-18,129.44931030273438,131.88925812815606,128.64854834275522,131.6631570821554,32273500.0,-0.016321914355112432,-0.016456584189575386
2019-10-21,130.41017150878906,130.476123019598,129.072439698111,130.42901685113225,20078200.0,0.007422683085816173,0.007395270539904015
2019-10-22,128.4695587158203,131.8986789919642,128.3659308623604,130.9189365022612,27431000.0,-0.0148808392053833,-0.01499266970097811
2019-10-23,129.28921508789062,129.48704100828937,127.75364205194556,128.95007056384122,29844600.0,0.0063801602516859734,0.006359893188330716
2019-10-24,131.8327178955078,132.28490554904317,130.63629005460123,131.3145787222974,37029300.0,0.019672969674138008,0.019481957920719405
2019-10-25,132.57699584960938,132.96324651016533,131.13563545757566,131.2675241740104,25959700.0,0.0056456239845672496,0.0056297471777713845
2019-10-28,135.83648681640625,137.2307403480538,135.1958745182211,136.03431260901533,35280100.0,0.02458564508803862,0.024288282165244444
2019-10-29,134.55532836914062,136.1285773302664,134.3857489640111,135.73291121801836,20589500.0,-0.00943162236665629,-0.009476381775101022
2019-10-30,136.23216247558594,136.5995676342314,134.51759548538308,135.20531400331868,18496600.0,0.01246204165059206,0.012385029567989432
2019-10-31,135.0640106201172,136.53363141942768,134.70603528104652,136.5053705867323,24605100.0,-0.008574714180860865,-0.008611688557369062
2019-11-01,135.39373779296875,136.05318117218664,134.68718823492367,135.90244714985468,33128400.0,0.0024412659696515515,0.0024382909208241475
2019-11-04,136.1756591796875,136.59958605455438,135.8082539714978,136.43943654070637,16912000.0,0.005775166558400047,0.005758554212700097
2019-11-05,136.0908966064453,136.61845140572893,135.57275729472383,136.57134521833785,18250200.0,-0.0006224502510419061,-0.0006226440536252346
2019-11-06,135.7140655517578,136.1474223640445,134.90388797862315,136.00610379763356,16575800.0,-0.002768965919720867,-0.0027728065972950685
2019-11-07,135.90248107910156,136.48657196776443,135.4408777857995,135.50681495278928,17786700.0,0.001388327190536387,0.0013873643553928441
2019-11-08,137.5039825439453,137.53224337866055,135.43142549956863,135.6386812040063,16732700.0,0.011784195933197239,0.011715303000000048
2019-11-11,137.64529418945312,137.93733241388952,136.34523822282443,136.919899184544,14362600.0,0.0010276912922333459,0.001027163579057157
2019-11-12,138.54966735839844,139.02070040544578,137.59817140349864,137.8054270941825,18641600.0,0.006570316655363007,0.006548826206230749
2019-11-13,138.77572631835938,138.9170448291359,137.80539958512395,138.2387562268064,16919200.0,0.0016316095467494574,0.001630279917986447
2019-11-14,139.48231506347656,139.81204397344354,138.48372722157296,138.5025725699454,19729800.0,0.005091587440127832,0.005078669140012288
2019-11-15,141.2816162109375,141.30046155281522,139.68010714614888,140.301859680273,23485700.0,0.012899851473228807,0.012817357075426274
2019-11-18,141.63021850585938,141.8280587180266,140.3490079943247,141.37587100065798,21534000.0,0.002467428560566587,0.0024643894568701003
2019-11-19,141.6773681640625,142.5629128977996,141.4983732445038,142.13898588425113,23935700.0,0.00033290676735897584,0.0003328513661963727
2019-11-20,141.4315948486328,142.58482786555797,140.33509026875353,142.08383484945023,25696800.0,-0.0017347394196727262,-0.0017362458224961296
2019-11-21,141.29920959472656,141.60170346192638,140.37284736790474,141.2235861279266,18576100.0,-0.0009360373405102873,-0.0009364756970284297
2019-11-22,141.40321350097656,142.0743628652784,140.67536455680172,141.85695437699914,15901800.0,0.0007360544092802623,0.0007357836540857755
2019-11-25,142.95338439941406,143.06682677125545,141.7150812198429,141.79070465983835,22420900.0,0.010962769940350725,0.010903114375461669
2019-11-26,143.70965576171875,144.07831114870604,143.0385209302888,143.07632545195608,24620100.0,0.005290335485808706,0.005276390820715723
2019-11-27,143.98382568359375,144.15396770570413,143.22760526334744,143.99327321025382,15184400.0,0.0019078044576879005,0.0019059869100799861
2019-11-29,143.09523010253906,143.96487830859544,143.00069716600424,143.77582685922684,11977300.0,-0.006171495838757535,-0.0061906182356594
2019-12-02,141.36538696289062,143.5206053054718,140.2027067994801,143.50169583265574,27418400.0,-0.012088754729342566,-0.012162417991476517
2019-12-03,141.13851928710938,141.25194727879412,138.6240930309501,139.41813224384907,24066000.0,-0.0016048318520912597,-0.001606120974128683
2019-12-04,141.6490020751953,141.9609291139393,141.03456667690364,141.92312458381133,17574700.0,0.0036168920480701416,0.003610366823315568
2019-12-05,141.72459411621094,142.09326396513643,141.2992246907547,141.8380365403815,17869100.0,0.000533657420159539,0.0005335150756783676
2019-12-06,143.4450225830078,143.55845060471992,142.04602409497093,142.72662107265498,16403500.0,0.012139237212323017,0.012066147579348464
2019-12-09,143.07630920410156,143.87979582937618,142.6509398710679,142.80218678796427,16687400.0,-0.0025704159842345753,-0.0025737251752819537
2019-12-10,142.85894775390625,143.57734920985484,142.50918734060494,143.01018029683436,16476100.0,-0.0015191994496114303,-0.0015203546031826276
2019-12-11,143.39767456054688,143.55836897450013,142.1026573033546,143.24642766846233,18856600.0,0.0037710400021191415,0.0037639474560282058
2019-12-12,144.8534698486328,145.04252134219536,142.75496509556822,143.35047657910508,24612100.0,0.010152154088602483,0.010100967119433722
2019-12-13,146.07286071777344,146.413159167457,144.4659014257082,144.62659591254433,23845400.0,0.008418099134351653,0.008382864538617626
2019-12-16,147.01808166503906,147.36782751973766,146.34694694798506,146.62106934853549,24144200.0,0.0064708868069058845,0.006450040499940218
2019-12-17,146.22409057617188,147.18827180812258,145.99722016168278,146.9424919198338,25425600.0,-0.005400635621652272,-0.005415271774347642
2019-12-18,145.92160034179688,146.97085259654958,145.7419963954613,145.85543881739588,24129200.0,-0.002068675778273521,-0.0020708184435077478
2019-12-19,147.18826293945312,147.24497693373257,145.3355240586829,145.57184198398156,24958900.0,0.008680432469828414,0.00864297412954295
2019-12-20,148.79519653320312,149.81609152697337,147.73648260057158,148.73848254861016,53477500.0,0.010917538950853789,0.010858372864991856
2019-12-23,148.79519653320312,149.46633124915178,148.66285909458657,149.46633124915178,17718200.0,0.0,0.0
2019-12-24,148.76693725585938,149.07887879971298,148.5211572629216,148.86145581769748,8989200.0,-0.0001899206291746669,-0.0001899386663811545
2019-12-26,149.9862823486328,150.0429963517041,148.7857830633774,148.93703002070328,14520600.0,0.008196344666801414,0.00816293705656898
2019-12-27,150.26040649414062,150.81811337522475,149.5609001937233,150.7235804290026,18412800.0,0.0018276614448689,0.0018259933039123802
2019-12-30,148.9654083251953,150.3171547610845,148.15247384294395,150.28879775549368,16348400.0,-0.008618359281463928,-0.008655712108049635
2019-12-31,149.0693359375,149.13551187620644,147.88774637803394,148.19024022863357,18369400.0,0.0006976627223269638,0.0006974194688225943
2020-01-02,151.8295440673828,151.93352453696647,149.66487810348934,150.0902475068035,22622100.0,0.01851627038199255,0.018346931404444124
2020-01-03,149.93898010253906,151.196193090949,149.40963030188232,149.6554101548303,21116200.0,-0.012451884621379805,-0.012530058959811031
2020-01-06,150.3266143798828,150.3927903473882,147.94452475270734,148.48333674968444,20813700.0,0.002585280205845475,0.002581944117552424
2020-01-07,148.95594787597656,150.93156268718585,148.71018237427404,150.60072617609066,21634100.0,-0.009117923060799504,-0.009159745739358837
2020-01-08,151.3285369873047,151.99968621410528,149.30565620651117,150.23201839712107,27746500.0,0.015928126034306267,0.01580260456173209
2020-01-09,153.2191162109375,153.34200617143892,152.21713032172246,152.9827982399451,21385000.0,0.012493210211841355,0.012415814012458603
2020-01-10,152.5101318359375,154.2872472384287,152.35888490302304,153.909144329844,20725900.0,-0.0046272579592741,-0.004637996857960394
2020-01-13,154.3439483642578,154.3723053588524,152.43449566058823,152.90713146876487,21626500.0,0.012024227546357569,0.011952510841909453
2020-01-14,153.25692749023438,154.64647824399333,152.8693625755226,154.4479648118691,23477400.0,-0.007042847390802964,-0.007067765304789182
2020-01-15,154.24942016601562,154.96783584765552,153.67281830910034,153.72007035240767,21417900.0,0.006476005307130439,0.006455126078943438
2020-01-16,157.0758056640625,157.1419816102334,155.05292468702913,155.35541857174923,23865400.0,0.01832347567339232,0.01815762371880084
2020-01-17,157.95492553710938,158.30467149192543,156.37630891838617,158.25740501659007,34371700.0,0.0055967872921629525,0.005581183471934559
2020-01-21,157.3877410888672,158.98525260050442,157.32156514521276,157.55788307477562,29517200.0,-0.0035907993771864266,-0.003597261772016974
2020-01-22,156.63153076171875,158.3235753219564,156.61262128751815,158.2384898999051,24138800.0,-0.004804760027157684,-0.004816339994148593
2020-01-23,157.59573364257812,157.6713571260564,156.22509226083278,157.0947406852761,19680800.0,0.006155867060548603,0.006136997111915587
2020-01-24,156.0076446533203,158.3613765241698,155.44993777757642,158.3424670503659,24918100.0,-0.010076979576487455,-0.010128096024712317
2020-01-27,153.3987274169922,154.43853230791845,151.43256007468932,152.3305655221047,32078100.0,-0.016723008940527584,-0.01686441718558526
2020-01-28,156.4046630859375,156.68823305925625,154.1454642817214,154.81659911684454,24899900.0,0.019595571094759512,0.019406049742989682
2020-01-29,158.84344482421875,159.5145940552649,156.62206505752158,158.65439337526382,34754500.0,0.015592768720336991,0.015472450618564315
2020-01-30,163.32403564453125,164.52453468683692,161.44293985569806,164.52453468683692,51597500.0,0.02820759034325193,0.027817082778185225
2020-01-31,160.91357421875,162.9648117807365,160.29915347194412,162.7852222995759,36142700.0,-0.014758767233914893,-0.014868761433207877
2020-02-03,164.83648681640625,164.9499148069927,161.07429499333622,161.10265199098285,30107000.0,0.024379003553319567,0.02408657879710028
2020-02-04,170.2623291015625,170.75387441009062,166.66084633572413,167.44542355504944,36433300.0,0.0329165125388744,0.0323863664830466
2020-02-05,170.05441284179688,174.11908498739666,168.64596691048436,173.95839049164914,39186300.0,-0.0012211524467141688,-0.0012218986609192888
2020-02-06,173.5802459716797,173.75984990152529,170.20561909708994,171.06581980124434,27751400.0,0.020733558576706335,0.020521543888909616
2020-02-07,173.82603454589844,175.47081270658518,172.4931978169128,172.8429581987189,33529100.0,0.0014159939274360767,0.001414992353405157
2020-02-10,178.37278747558594,178.50512495189932,173.22105900121804,173.53300042903595,35844300.0,0.026156915686222693,0.025820674319884915
2020-02-11,174.3459014892578,180.2632966918459,173.4573438505691,180.21603022567515,53159900.0,-0.022575674481060015,-0.022834406468326924
2020-02-12,174.6011505126953,175.67875972595644,171.89767274276622,175.42353231595447,47062900.0,0.001464037991470768,0.001462967332713205
2020-02-13,173.65589904785156,176.03797374039397,172.86185972663358,173.06037316286404,35295800.0,-0.005413775694307454,-0.005428483284354676
2020-02-14,175.2061309814453,175.26284498070825,172.65388562499024,173.2210544650253,23149500.0,0.008927032954789471,0.0088874225571137
2020-02-18,176.98321533203125,177.42749418236605,175.34789933909548,175.45187980244407,27792200.0,0.010142820577289768,0.010091727368377741
2020-02-19,177.51400756835938,178.36706995832807,176.7462485247681,178.25333216315812,29997500.0,0.0029991105955009534,0.002994622235139073
2020-02-20,174.80316162109375,177.48558908217993,171.6562951458951,177.20123010558348,36862400.0,-0.015271166396385372,-0.015388971544796154
2020-02-21,169.27716064453125,173.93112500826635,168.00704036902022,173.6183316037425,48572600.0,-0.03161270611649891,-0.032123174735929225
2020-02-24,161.97872924804688,165.44787749750017,154.7181659403322,159.0214301307952,68311100.0,-0.04311527537852855,-0.04407234972545299
2020-02-25,159.3057861328125,165.72274558384058,158.9076748317135,165.11611976454265,68073300.0,-0.0165018155633333,-0.016639487177435176
2020-02-26,161.29624938964844,164.2251136153781,159.43846438675976,160.86024482213514,56206100.0,0.01249460741605768,0.012417193975541996
2020-02-27,149.9314422607422,158.3199505459599,149.74187447539552,154.80342256903035,93174900.0,-0.07045921508969455,-0.07306459445049882
2020-02-28,153.56178283691406,155.17314580344524,144.0737718821789,144.46239539589996,97012700.0,0.024213337252225076,0.02392484207851967
2020-03-02,163.77964782714844,163.90287344639816,153.8461442900306,156.68970562212584,71030800.0,0.06653911410422975,0.06441893345996527
2020-03-03,155.93141174316406,165.87440256658573,153.79874085302225,164.73698098446346,71677000.0,-0.04791948320872774,-0.04910567130573856
2020-03-04,161.6564178466797,161.79859008690633,156.98349255557616,159.70384194438486,49814400.0,0.036714899451723904,0.036056963243001
2020-03-05,157.59962463378906,161.95974258543,157.0498678014542,157.39109568141728,47817300.0,-0.025095157166838966,-0.025415409841389985
2020-03-06,153.14474487304688,154.60443335618072,147.86519228321035,154.1305064578371,72821100.0,-0.028267070883537304,-0.028674276559794213
2020-03-09,142.76568603515625,149.52388595235027,142.17802150778155,143.1258749845001,70419300.0,-0.0677728696893557,-0.07017879193701927
2020-03-10,152.52862548828125,152.63288998051783,144.6235285924919,149.91255431457344,65354400.0,0.06838435568278545,0.06614755939354744
2020-03-11,145.6187286376953,149.47648461827646,143.26804169270636,148.93621567820347,56371600.0,-0.04530229541153785,-0.04636052830861705
2020-03-12,131.80850219726562,145.4670742719519,131.35353657797347,137.72311310044867,93226400.0,-0.09483825720515682,-0.09964162993069477
2020-03-13,150.54757690429688,153.46696749285394,133.39142234015029,139.80839474524316,92727400.0,0.14216893747101533,0.1329290315286373
2020-03-16,128.35830688476562,141.56191239022507,127.96021018863908,132.69947723266273,87905900.0,-0.1473904162113282,-0.15945353405190896
2020-03-17,138.92689514160156,139.8083919587841,127.96022314871765,132.69949067274422,81059800.0,0.08233661313656881,0.07912223475589403
2020-03-18,133.07862854003906,138.3866140419556,127.979186432851,130.8037858752731,81593200.0,-0.04209600017046111,-0.04300771497872999
2020-03-19,135.26815795898438,142.32017473485695,131.75161566628813,135.3250268458963,85922700.0,0.016452900386530134,0.016319017928186692
2020-03-20,130.18768310546875,139.4292546662423,128.77537619356914,138.38661003824973,84866200.0,-0.037558542455025656,-0.038282037999908286
2020-03-23,128.88912963867188,133.23978869379377,125.60956425248216,129.86541769841315,78975200.0,-0.009974472514000299,-0.010024550846543953
2020-03-24,140.60458374023438,141.79888839830377,133.90326706268647,136.2539396766585,82516700.0,0.09089559479845688,0.08699900547835508
2020-03-25,139.2586669921875,146.28226653788022,136.90799381312664,141.14490110421414,75638200.0,-0.009572353277852219,-0.00961846273811402
2020-03-26,147.9694061279297,148.49072843027395,140.63301504617567,140.66144949329478,64568100.0,0.06255078641698386,0.06067241965479066
2020-03-27,141.89370727539062,146.81307068348792,141.41978038772191,143.8368104074525,57042300.0,-0.04106050711108622,-0.04192730005280024
2020-03-30,151.87457275390625,152.22528840805572,142.18750815722464,144.4907998422536,63420300.0,0.07034043771331255,0.06797676395692666
2020-03-31,149.48599243164062,156.18730963025092,148.39595215161313,151.08785281104335,77927200.0,-0.015727322085284268,-0.01585230861629268
2020-04-01,144.1780242919922,149.5239184853041,142.9552994047509,145.02161349129338,57969900.0,-0.035508130583377207,-0.03615387651468109
2020-04-02,147.16375732421875,147.37228629111345,142.5192800719628,143.94106059364518,49630700.0,0.020708655475676352,0.020497146332260893
2020-04-03,145.8083038330078,149.1731866089132,144.25382469080233,147.0120818127518,41243300.0,-0.00921051158149433,-0.009253190609215952
2020-04-06,156.6517791748047,157.8176351324215,149.3627821810192,151.95990642835253,67111700.0,0.07436802333436199,0.07173260343696358
2020-04-07,154.96461486816406,161.13513757689245,154.74659809212773,160.74651406806288,62769000.0,-0.010770157323000795,-0.0108285752931716
2020-04-08,156.51907348632812,157.97876170284414,154.97406745173703,157.03090807928612,48318200.0,0.010031055279855483,0.009981078182301225
2020-04-09,156.52854919433594,158.64225875732106,154.81293642372253,157.6849317896961,51385100.0,6.05402766369334e-05,6.053844414834496e-05
2020-04-13,156.8792266845703,156.93611004324742,153.83662506623762,155.77972762278742,41905300.0,0.002240342046478716,0.002237836222140631
2020-04-14,164.64219665527344,164.6895922363069,159.23943306877445,160.18728683704097,52874300.0,0.04948373430162145,0.048298361636886035
2020-04-15,162.9171142578125,164.5189894790186,160.41478082759673,162.2725661589912,40940800.0,-0.010477765922140225,-0.01053304417896736
2020-04-16,167.8079833984375,168.03547345345189,163.8838703437965,165.21087397006804,50479600.0,0.03002059766959353,0.029578799779061762
2020-04-17,169.28665161132812,170.6136408101682,166.6990009789437,170.13971403013997,52765600.0,0.008811667853606986,0.008773071673858128
2020-04-20,165.93128967285156,169.42887263033774,165.86494742536163,167.41942713278866,36669600.0,-0.019820593688510524,-0.020019656407574398
2020-04-21,159.06878662109375,164.613721103294,157.447950718237,164.4525877384879,56203700.0,-0.04135749842773995,-0.04223705611004966
2020-04-22,164.47154235839844,164.92650798593397,161.91234081675324,162.4526097876211,34620200.0,0.03396490192745483,0.03340083153281114
2020-04-23,162.4810333251953,165.93121923378612,161.99763328234144,165.03076136740552,32790800.0,-0.01210245252559028,-0.012176283499412539
2020-04-24,165.44786071777344,165.45733404774205,161.8081061021307,163.08769987665707,34277600.0,0.018259530554807668,0.018094827242143504
2020-04-27,164.9739227294922,167.67529682402676,164.26303252623077,167.3814645207744,33194400.0,-0.002864576104067651,-0.0028686868544440477
2020-04-28,160.95498657226562,166.50940817943365,160.55688987233697,166.43357817043363,34392700.0,-0.024361038949267222,-0.02466267796141588
2020-04-29,168.17767333984375,168.41463676243595,162.9170969287767,164.18721740272696,51286600.0,0.04487395464653887,0.04389626057877037
2020-04-30,169.86485290527344,170.9927865594313,167.04023871586077,170.61365089823016,53875900.0,0.010032125738951958,0.009982138009643789
2020-05-01,165.4668426513672,169.32460004626728,164.93603238128148,166.63269876050148,39370500.0,-0.025891231639065704,-0.026232309745961788
2020-05-04,169.51412963867188,169.66578968159777,164.7369539912882,165.3909752711956,30372900.0,0.024459806704792086,0.024165455818669617
2020-05-05,171.3340301513672,174.073326774574,170.5188753882451,171.20133121146824,36839200.0,0.010735981222182112,0.010678759763787217
2020-05-06,173.02114868164062,174.59458875503694,172.1586131024777,172.58514422854194,32139300.0,0.009846955265004453,0.009798789930832854
2020-05-07,174.02593994140625,174.92639803706723,173.05912514642642,174.56620901356314,28316000.0,0.005807332036700474,0.005790534485272198
2020-05-08,175.04957580566406,175.3528958651225,173.79841671813932,175.3339347456322,30877800.0,0.005882087834735872,0.005864855896252811
2020-05-11,177.00221252441406,177.73204949041116,173.31506205621085,173.5994066075862,30892700.0,0.011154764070481216,0.011093008511166642
2020-05-12,172.9927520751953,177.28652764537918,172.79371092227436,177.05905204204092,32038200.0,-0.022652035768568224,-0.022912534532600646
2020-05-13,170.376708984375,174.45248294032083,167.3340921291514,173.0307023368351,44711500.0,-0.015122269918471432,-0.01523777741197503
2020-05-14,171.11599731445312,171.26765735101736,166.5189018898924,168.28191004143457,41873900.0,0.0043391396305578755,0.004329752708505331
2020-05-15,173.6088104248047,177.30543243558878,167.77003074251053,169.72260618733972,46610400.0,0.0145679723081098,0.014462878835838949
2020-05-18,175.2676239013672,176.49034876011717,174.3671658161669,176.06381750534854,35264500.0,0.009554892245984048,0.009509532969503649
2020-05-19,174.0543670654297,176.86949350940563,173.9216681354789,175.38135636493746,26799100.0,-0.0069223100589317355,-0.006946380393067845
2020-05-20,176.4686279296875,176.6492240164961,174.83377793793983,175.6607026476636,31261300.0,0.013870728468135862,0.013775410324054339
2020-05-21,174.34901428222656,177.42861841763434,174.21594577347696,176.22148762180447,29119500.0,-0.012011277428334077,-0.01208399570056186
2020-05-22,174.42506408691406,175.32804455149363,173.50308419399207,174.12091369625077,20826900.0,0.0004361929145431098,0.0004360978100686879
2020-05-26,172.5811309814453,177.2670574968158,172.1343978264107,177.11497503906327,36073600.0,-0.010571491632360486,-0.010627766809783846
2020-05-27,172.80921936035156,172.98031573057037,167.85715639177917,171.27892425897863,39517100.0,0.0013216298769693768,0.001320757292940994
2020-05-28,172.41952514648438,175.03338242380826,171.45003216242014,171.79221042249597,33810200.0,-0.0022550545353403617,-0.0022576009998168333
2020-05-29,174.177978515625,175.14748619504954,171.47857976459872,173.683717708003,42130400.0,0.010198690476885819,0.010147034750129394
2020-06-01,173.7787322998047,173.94031445807596,172.47656081625482,173.50308105663945,22622400.0,-0.0022921738971984906,-0.002294804949107252
2020-06-02,175.75572204589844,175.8412629632863,172.37196817103714,175.1283929783,30794600.0,0.01137647697120392,0.01131225150441367
2020-06-03,176.18348693847656,176.73477494392236,174.49160956121008,175.67022679734052,27311000.0,0.0024338604035116784,0.0024309033623248774
2020-06-04,173.86428833007812,176.63972791378023,173.27498693658933,175.1759741448824,28761800.0,-0.013163541309681892,-0.013250948626868195
2020-06-05,177.93235778808594,178.43611811908195,172.99929482665513,173.57909636843632,39893600.0,0.023397958816503195,0.023128422874947416
2020-06-08,179.03497314453125,179.21556924712382,175.309040013136,176.73478039775375,33211600.0,0.00619682316444381,0.006177701809556121
2020-06-09,180.40362548828125,181.25906362965384,177.989364461372,178.69273470215978,29783900.0,0.007644608870050806,0.007615536916136541
2020-06-10,187.09515380859375,188.6919905733056,181.55377446710472,181.66784355961488,43872300.0,0.03709198361286359,0.036420626965380266
2020-06-11,177.04843139648438,186.06860558677644,176.85833559384204,183.5688175004387,52854700.0,-0.053698464164323556,-0.05519401247901406
2020-06-12,178.44561767578125,182.228576955462,176.01234264068265,181.1069873177415,43373600.0,0.007891548477873878,0.007860573065111983
2020-06-15,179.58624267578125,181.3731750815915,174.9003022190702,175.44209047106233,32770200.0,0.006392003428587367,0.006371661213659401
2020-06-16,183.9870452880859,185.89753212160977,181.98150329725257,183.3407021258186,42556700.0,0.02450523239828417,0.02420979595394046
2020-06-17,184.6238555908203,186.6008837355132,184.10108128516464,185.3747390455772,25687800.0,0.0034611692455699394,0.0034551931847653047
2020-06-18,186.6009063720703,186.7624885400783,184.39575430739,184.39575430739,23061600.0,0.01070853370992153,0.010651603428741148
2020-06-19,185.4888153076172,189.42385812687283,184.74743147959663,188.75851552523656,44441100.0,-0.005959730239657457,-0.005977560308819105
2020-06-22,190.64047241210935,190.82105397926185,185.56482652138783,186.09710051660872,32818900.0,0.027773411005663995,0.02739472542784263
2020-06-23,191.91416931152344,193.8531699048989,191.45792193382675,192.0852512006235,30917400.0,0.006681146365713708,0.006658926422222991
2020-06-24,188.0456085205078,193.18778123366351,186.82897814336556,191.619472943819,36740600.0,-0.02015776534319369,-0.020363705321077723
2020-06-25,190.42189025878903,190.67852759970847,185.79299092407084,188.00764282127645,27803900.0,0.01263673082810679,0.01255755367429187
2020-06-26,186.6104278564453,189.99418307154863,185.23221490692956,189.84210060037077,54675800.0,-0.020015883663185075,-0.02021891526844418
2020-06-29,188.6159210205078,188.70146194950837,183.96800866755063,186.08760498304545,26701600.0,0.010746951213279843,0.010689613173352859
2020-06-30,193.43490600585935,194.28084454907005,187.9505695474995,188.0836380429469,34310300.0,0.025549195207267728,0.025228269302907818
2020-07-01,194.5660095214844,196.1343324418635,191.78107062870032,193.0832420355836,32061200.0,0.005847463309392564,0.0058304332519892865
2020-07-02,196.0487823486328,197.72166017594725,194.85116577047972,195.49749438312057,29315800.0,0.007620924285773878,0.0075920317413708804
2020-07-06,200.2689666748047,200.6776863993689,197.78817819437523,198.4915485673993,31897600.0,0.021526195039901497,0.021297778647089732
2020-07-07,197.9402618408203,204.04242807649197,197.69313876394023,200.0313445394233,33600700.0,-0.011627886599952952,-0.0116960191466733
2020-07-08,202.29356384277344,202.7022691477667,198.3585207396695,199.67020660849815,33600000.0,0.021993009211304093,0.02175465145606693
2020-07-09,203.70974731445312,205.66776134855445,201.00083539138876,205.6202337790769,33121700.0,0.007000635337960581,0.006976244657736223
2020-07-10,203.09193420410156,203.48164000033935,200.6301596435578,203.04440663081272,26177600.0,-0.003032810744190262,-0.0030374190344353825
2020-07-13,196.81871032714844,205.1165151249502,196.2769220311056,203.86185665203897,38135600.0,-0.03088859191546578,-0.03137570147670883
2020-07-14,198.03530883789065,198.51055554544172,192.02818349282316,195.92521229609352,37591800.0,0.0061813153267797905,0.006162289360605594
2020-07-15,197.7406768798828,200.86780886223525,194.879696441531,199.18543117423303,32179400.0,-0.0014877748808371782,-0.001488882716828583
2020-07-16,193.8246307373047,195.51650798920733,192.2943356382939,195.23135704153592,29940700.0,-0.01980394830425769,-0.020002674574645156
2020-07-17,192.8361358642578,194.88919090755047,191.4198952550157,194.3474171263726,31635300.0,-0.0050999445699272394,-0.005112993672609315
2020-07-20,201.12440490722656,201.78974737221313,192.9596557546051,194.85114280106075,36884800.0,0.04298089155241658,0.0420828551915738
2020-07-21,198.41554260253903,203.34860679664743,197.731186037843,203.0824697440858,37990400.0,-0.013468590775629896,-0.013560114974752612
2020-07-22,201.2670135498047,201.78978791424657,198.07335457284609,198.8432520443965,49605700.0,0.014371207567028366,0.014268920590416928
2020-07-23,192.5129241943359,200.47806341735327,192.14223235359336,196.93272714528928,67457000.0,-0.04349490361619801,-0.044469161957318384
2020-07-24,191.3343505859375,192.81711817294263,187.73197198353216,190.497911638035,39827000.0,-0.006122049277110686,-0.006140865857449278
2020-07-27,193.75811767578125,193.87217226170424,190.91613671502756,191.4959383657706,30160900.0,0.012667704896801135,0.01258814074865995
2020-07-28,192.0187225341797,194.56603843914536,191.7525854845081,193.53000388839655,23251400.0,-0.008977147189838663,-0.009017684564693514
2020-07-29,193.95770263671875,194.5184903248029,192.0091880475081,192.47493508696,19632600.0,0.01009787002511664,0.010047227173534973
2020-07-30,193.8056182861328,194.3379068274269,189.68999420605252,191.04919294548515,25079600.0,-0.0007841109093295051,-0.0007844184850814152
2020-07-31,194.86068725585935,194.9462427022277,189.1577256692906,194.2808855810896,51044000.0,0.0054439545099711495,0.0054291897511618255
2020-08-03,205.81988525390625,206.8654340533145,200.02188278490044,201.04841765066985,78983000.0,0.056241195452918946,0.05471656398862914
2020-08-04,202.7307586669922,204.1374995340673,199.89829200805272,203.56719761461736,49280100.0,-0.0150088830489008,-0.015122656174470655
2020-08-05,202.39808654785156,204.3561008212258,201.09591510463036,204.26104567065477,28806400.0,-0.001640955330745264,-0.0016423031726447235
2020-08-06,205.63929748535156,205.65829691503933,201.07692527530068,201.8278088426474,32656800.0,0.01601403942489199,0.015887167392404488
2020-08-07,201.9608612060547,205.02145153311608,200.4875933337867,204.21354073459383,27820400.0,-0.01788780804193757,-0.01804972872372717
2020-08-10,197.9402618408203,201.3905577207116,196.13433007915847,201.19094771383908,36716500.0,-0.019907814520221723,-0.02010864492542468
2020-08-11,193.31137084960935,197.36996761393385,193.08324719054212,196.9042350854853,36446500.0,-0.023385292856353934,-0.023663067931163496
2020-08-12,198.833740234375,199.86977468236577,194.61354671761345,195.1268068329639,28013100.0,0.028567224786077983,0.028166789944809166
2020-08-13,198.3679962158203,200.88681276479969,197.845221875211,199.07136664712925,22588900.0,-0.0023423792058917536,-0.0023451268676128916
2020-08-14,198.55807495117188,199.21391774906647,197.23688964214472,198.42500644894537,17958900.0,0.0009582127106066984,0.0009577539178646148
2020-08-17,199.8698272705078,200.7347800754212,198.57715517303436,199.223498473463,20184800.0,0.00660639120145845,0.006584664636070035
2020-08-18,201.01988220214844,201.84680693348815,198.85275811055575,200.10740203040297,21336200.0,0.005754019740479066,0.005737528598887684
2020-08-19,199.80030822753903,202.08701579049105,199.371555102748,201.5058125871485,27627600.0,-0.006066932092731903,-0.006085410702128838
2020-08-20,204.449951171875,204.85012175813844,199.047626449657,199.6478750598317,26981500.0,0.023271450307478014,0.02300479909025378
2020-08-21,202.96359252929688,206.04110414119745,202.80161976429585,203.7639336758104,36249300.0,-0.0072700366718532194,-0.007296592173048682
2020-08-24,203.60194396972656,205.34555352569097,202.4014178114079,204.65000551578152,25460100.0,0.0031451524506176387,0.003140216804846554
2020-08-25,206.250732421875,206.38412262139815,203.03983041578405,203.03983041578405,23043700.0,0.01300964224851553,0.012925743729158284
2020-08-26,210.70974731445312,211.6053732804045,207.0986754189761,207.59413086494803,39600800.0,0.021619389372433684,0.02138900497311155
2020-08-27,215.8834686279297,220.23771759392056,209.04241908620156,212.36766617467396,57602200.0,0.024553782534585622,0.024257183692367432
2020-08-28,218.1034240722656,219.75174867918676,215.8834189640669,217.40787607007545,26292900.0,0.010283119214477443,0.010230607625901694
2020-08-31,214.8829803466797,217.9033264555053,213.7205740160353,216.28358445756368,28774200.0,-0.014765672475269609,-0.014875770138612703
2020-09-01,216.54086303710935,216.71235847698847,213.83492494312688,214.86394119772189,25725500.0,0.007715281534884433,0.007685670955420606
2020-09-02,220.71405029296875,221.86693390935537,216.61706023468037,217.2077860584741,34080800.0,0.019272054231834534,0.019088700189128095
2020-09-03,207.04148864746097,218.48450340319877,204.8119611811816,218.446398159846,58400300.0,-0.06194694731649053,-0.06394877221125031
2020-09-04,204.135498046875,208.0514701428707,195.503212801008,204.94537631657883,59664100.0,-0.01403578876663758,-0.014135221961818432
2020-09-08,193.0926513671875,200.11471725105895,192.6543610562122,196.75136576926477,52924300.0,-0.054095670695901044,-0.05561384685827435
2020-09-09,201.31521606445312,204.69762722495835,196.9419086014435,197.79942927592472,45679000.0,0.042583519564550754,0.04170178617202561
2020-09-10,195.6747131347656,204.60237606499447,194.47420152382745,203.32562487927265,35461500.0,-0.02801826429196319,-0.028418265122070643
2020-09-11,194.39796447753903,198.78080929672177,191.73968373953392,197.41831048120244,33620100.0,-0.006524852581985097,-0.006546232483809746
2020-09-14,195.7128143310547,199.32388603691476,194.39795802128063,194.5980505399828,30375800.0,0.006763701755053919,0.006740930545120647
2020-09-15,198.9237060546875,199.8764970654058,197.1610368694839,198.58070070929145,21823900.0,0.016406139447780355,0.016273012831087744
2020-09-16,195.3698272705078,200.70544896164475,194.97917941167137,200.6768663903581,26328100.0,-0.017865536766154322,-0.018027052064739018
2020-09-17,193.330810546875,194.68377191902317,190.52008021903868,190.60582791327076,34011300.0,-0.010436702289804423,-0.01049154659669299
2020-09-18,190.9297790527344,194.03587233482992,186.98522507722865,193.22600874545523,55225300.0,-0.012419290475991884,-0.012497054383117167
2020-09-21,192.97830200195312,193.1402892819436,187.109119905432,187.88087836630217,39839700.0,0.010729195620411414,0.01067204621576427
2020-09-22,197.62791442871097,198.27581989149397,192.54001379892355,195.37932700805936,33517100.0,0.024093964857825112,0.023808284963860032
2020-09-23,191.12039184570312,198.2758633815495,190.58683107604844,198.0852935022952,30803800.0,-0.03292815492092471,-0.033482489412736204
2020-09-24,193.59764099121097,195.86528863786583,189.79599897271996,190.4153219589477,31202500.0,0.012961720733116744,0.012878436529971424
2020-09-25,198.0090789794922,199.17147089640537,192.97832794574248,193.94065638575495,29437300.0,0.022786630899503058,0.02253089326959142
2020-09-28,199.55258178710935,202.5348227539287,198.23772534118712,200.9246033761692,32004900.0,0.007795111292735246,0.007764886382120106
2020-09-29,197.4755096435547,200.15286527380047,197.04675648786915,199.46685440932737,24221900.0,-0.010408645806299632,-0.010463194609666932
2020-09-30,200.4005889892578,201.97268876487493,196.78950194478213,197.92332587898255,33829100.0,0.014812365092678803,0.014703733427012798
2020-10-01,202.43002319335935,203.8877925550821,201.3438418152436,203.4113969587429,27158400.0,0.010126887422523101,0.010075954073649907
2020-10-02,196.4559783935547,201.02937809606016,195.83665552119427,198.18052777545077,33154800.0,-0.029511653980784813,-0.029955884668545752
2020-10-05,200.4481506347656,200.4767331981832,197.208652909231,197.43732795500696,21331600.0,0.020320950646834035,0.020117235298787877
2020-10-06,196.1892242431641,200.25763188349316,195.1506854050532,198.9618499090392,28554300.0,-0.021247022624626966,-0.02147598966349004
2020-10-07,199.92413330078125,200.1909136124036,196.960952768142,197.2848982124782,25681100.0,0.01903727930025334,0.01885833777184711
2020-10-08,200.63873291015625,201.2199360086041,198.4854304583913,200.57203056091348,19925800.0,0.0035743539190433715,0.003567981097372804
2020-10-09,205.621826171875,205.66946863020837,201.25804158809404,201.25804158809404,26458000.0,0.024836147983201773,0.02453274418595448
2020-10-12,210.94796752929688,213.29184029670688,206.574659376011,208.4611818961351,40461400.0,0.02590260701687308,0.02557281730809947
2020-10-13,212.3390350341797,214.57810003901824,210.02374499317224,212.20564485549392,28950800.0,0.006594363155879357,0.006572715459562721
2020-10-14,210.43344116210935,213.634819812789,208.78511664370075,212.47241351746592,23421700.0,-0.008974298445707851,-0.009014810019441289
2020-10-15,209.2901306152344,209.9570815862142,205.8124338105441,206.8509873279706,22733100.0,-0.005433121943741792,-0.005447935029332954
2020-10-16,209.2901306152344,211.79596173037572,208.96618507767857,209.75698902569985,26057900.0,0.0,0.0
2020-10-19,204.10691833496097,211.80547245913127,203.630522766919,210.0142204709931,27625800.0,-0.024765679418502606,-0.02507750805709438
2020-10-20,204.51661682128903,207.108209941372,203.03026493680252,205.612335379117,22753500.0,0.0020072738820919866,0.0020052619996892614
2020-10-21,204.65951538085935,206.67942770455164,203.0588188965008,203.0588188965008,22724900.0,0.0006987136878719991,0.0006984697011078354
2020-10-22,204.74530029296875,205.86006425184692,201.70589404020623,203.83061434447285,22351500.0,0.00041915916760459915,0.00041907134494096503
2020-10-23,206.0220642089844,206.06970668294008,203.09700240015937,204.87871752625657,18879600.0,0.006235864335780716,0.006216501786901252
2020-10-26,200.1623687744141,206.12683620625828,198.27584634708583,203.75439552083563,37111600.0,-0.02844207710018065,-0.028854389811431125
2020-10-27,203.18272399902344,204.53568576239945,200.4005754314339,201.60108711313487,36700300.0,0.015089525784006463,0.014976811346980957
2020-10-28,193.1117248535156,198.9809224817039,192.559118718675,197.86615845641649,51195600.0,-0.049566217773299726,-0.05083678573327332
2020-10-29,195.0554046630859,197.5707727081605,193.7691308000109,194.43609623327305,31432600.0,0.010065053331405283,0.010014738017997243
2020-10-30,192.91163635253903,194.64570878486924,190.19617560413607,193.89301013017183,36953700.0,-0.010990560934467597,-0.011051403354885775
2020-11-02,192.77821350097656,195.58894417052068,190.67253889874817,194.64567580398509,30842200.0,-0.0006916267680122656,-0.0006918660521419486
2020-11-03,196.6846618652344,198.29488116733685,193.5309256171822,194.2645788426688,27512000.0,0.02026395147726623,0.020061369777560803
2020-11-04,206.1744842529297,208.01337880275392,202.39190207967457,203.91637379335975,42311800.0,0.048248919349885844,0.047121076159437406
2020-11-05,212.7487335205078,213.5395519346152,210.7097610023845,211.55774456042553,36080100.0,0.03188682290827516,0.03138899332088682
2020-11-06,213.1584320068359,213.76821774632472,207.73704817031117,211.7673505650816,25231900.0,0.0019257387790212466,0.001923886921180565
2020-11-09,208.08004760742188,217.35070093341983,207.5941293805867,213.84443666623005,44395000.0,-0.023824459354491623,-0.024112851522656437
2020-11-10,201.04849243164065,206.2793220443408,199.81939801822156,204.37373939266095,44045100.0,-0.03379254886103944,-0.0343767150938429
2020-11-11,206.32693481445312,207.74658438097188,202.1822873283572,202.36331998035507,29440800.0,0.026254573307020523,0.025915838102971545
2020-11-12,205.2693328857422,208.76607475027217,204.33560160583505,206.95577733475665,21593900.0,-0.005125854894621584,-0.005139037155019366
2020-11-13,206.28878784179688,207.15583119845917,204.04973756653277,206.1458749977043,18621100.0,0.004966426020501347,0.004954134008239887
2020-11-16,206.97482299804688,207.4607558021883,204.3927670537816,204.72623524216695,24953300.0,0.0033256056396826494,0.003320088042764108
2020-11-17,204.33555603027344,207.40352955139355,203.97349081255055,205.89813262582595,24154100.0,-0.012751632925896206,-0.012833632831328266
2020-11-18,201.6416931152344,205.54880785492185,201.498391524417,204.09676961168395,28372800.0,-0.013183525018229947,-0.013271199105772362
2020-11-19,202.92173767089844,203.50446239032152,200.5430716044339,201.92824719633265,24792700.0,0.00634811449898165,0.006328050089479231
2020-11-20,200.9825134277344,203.75283551495997,200.6099526701213,202.7115778304131,22843100.0,-0.009556513094270302,-0.009602469589126843
2020-11-23,200.7150726318359,202.79758839493735,198.8522684913318,201.5175090959758,25683500.0,-0.0013306669885718714,-0.0013315531120665276
2020-11-24,204.29737854003903,204.66993934014192,199.5209505507709,200.2183049557836,33979700.0,0.017847717469499758,0.017690317026561424
2020-11-25,204.30691528320312,205.6634190108347,202.95997374000245,205.4914746090859,21012900.0,4.6680692783462874e-05,4.6679603273829415e-05
2020-11-27,205.60614013671875,206.59964544209117,204.46934780485185,205.2431414774317,14512200.0,0.006359181977343642,0.006339047692937499
2020-11-30,204.49798583984375,205.1571206288047,201.4124030008416,204.52664324038548,33064800.0,-0.005389694569131631,-0.005404271372844666
2020-12-01,206.54232788085935,207.60269559230667,203.8102101922251,204.91833052753248,30904500.0,0.009996881057873441,0.009947242786888567
2020-12-02,205.73980712890625,205.8353414972746,203.2847312880185,205.27172662279625,23724500.0,-0.0038855025998159043,-0.0038930707755142325
2020-12-03,204.660400390625,206.7047110734639,204.0967707859038,205.01385141230443,25120900.0,-0.0052464651996341205,-0.005260276225402611
2020-12-04,204.77500915527344,205.74940448853005,203.64776463709416,204.6412697625912,24666000.0,0.0005599948227879015,0.0005598380841995956
2020-12-07,204.7081756591797,205.90228283912765,203.46631585323672,204.7846002678768,24620000.0,-0.00032637525628465003,-0.0003264285282800302
2020-12-08,206.35121154785156,207.2491822324255,203.37072551096753,204.4024355798504,23284100.0,0.008026234826142842,0.007994195923727397
2020-12-09,202.3295135498047,205.60613649395367,201.76589848690784,205.53927407494191,32440600.0,-0.019489577831309557,-0.01968200395940267
2020-12-10,201.106689453125,203.55221778092496,200.95384028851285,202.30079622072253,26733300.0,-0.006043725777943321,-0.006062063009379725
2020-12-11,203.72418212890625,203.78151150362953,199.75975310246673,200.6577238119639,30979400.0,0.013015443110813818,0.012931470077109476
2020-12-14,204.6221618652344,206.54229514941832,203.36119251919632,203.57135650628612,28798400.0,0.004407821039919435,0.004398135049071909
2020-12-15,204.5552978515625,205.78760978755588,202.74980875954856,205.5487884019641,27000600.0,-0.0003267681910034126,-0.000326821591362081
2020-12-16,209.4750061035156,210.26789482840616,205.11890649691244,205.14756389617955,35023300.0,0.024050749619416445,0.023766085564462507
2020-12-17,209.6087646484375,211.01303564686324,208.17583624812565,210.03864025323077,32515800.0,0.0006385417879199995,0.0006383380068564081
2020-12-18,208.8158721923828,209.86669216480047,206.36079582264512,208.8158721923828,63354900.0,-0.0037827256764980666,-0.003789898276969889
2020-12-21,212.6370086669922,213.98396480092967,207.56444469078173,207.8223758726316,37181900.0,0.018299071016445234,0.01813365790639449
2020-12-22,213.9266662597656,215.5411013062933,211.93012279193636,212.7325592225708,22612200.0,0.006065066475766434,0.006046747991324018
2020-12-23,211.13722229003903,213.5636412417296,210.9270582969988,213.1337656474204,18699600.0,-0.013039253209973456,-0.013125010562382527
2020-12-24,212.78988647460935,213.6114327473133,211.30919074657865,211.519354763538,10550600.0,0.00782744116193812,0.007796965671138057
2020-12-28,214.9010467529297,215.923194725972,213.04779042772108,214.4138417866423,17933500.0,0.009921337490690574,0.009872444147493779
2020-12-29,214.12728881835935,217.02180339074613,213.58278353644175,216.190709476844,17403200.0,-0.00360053125036619,-0.00360702876403122
2020-12-30,211.7677001953125,215.54108989426393,211.5670983865259,215.1589669166923,20272300.0,-0.011019560543021,-0.01108072565715877
2020-12-31,212.47459411621097,213.02866144223617,209.85710666081584,211.78678740642096,20942100.0,0.0033380629824402153,0.003332504017551033
2021-01-04,207.9561309814453,213.02869534095603,205.2049037044896,212.57970992905,37130100.0,-0.02126589841745652,-0.0214952754028781
2021-01-05,208.15667724609375,208.74896409022597,206.0550523377645,207.54529518955255,23823000.0,0.0009643681275564031,0.0009639034233536302
2021-01-06,202.75938415527344,206.8098006575534,202.46324792879471,202.68295955223013,35930700.0,-0.02592899330555387,-0.0262710758464792
2021-01-07,208.52926635742188,209.53231905241697,204.15407157426245,204.46930296341804,27694500.0,0.028456794866420942,0.028059421320322433
2021-01-08,209.79983520507812,210.7169158664161,207.3256488060607,208.90186433865415,22956200.0,0.006093000133029269,0.0060745128649968986
2021-01-11,207.7650604248047,209.1215641625514,207.0390340746721,208.7012361864748,23031300.0,-0.009698648134229715,-0.009745986348500586
2021-01-12,205.31948852539065,207.39247071614403,203.78149299111993,206.819293632982,23249300.0,-0.011770852589043201,-0.011840677548116291
2021-01-13,206.66648864746097,207.0677068608454,204.3642467924793,204.45023357688456,20087100.0,0.00656050787845075,0.0065390814079366736
2021-01-14,203.49496459960935,207.73643545452737,203.22748576880403,206.25573969910283,29480800.0,-0.015346097321379037,-0.015465067393154484
2021-01-15,203.14144897460935,204.91828052845557,202.5491766488271,203.97255724393224,31746500.0,-0.001737220504180903,-0.0017387312216073623
2021-01-19,206.76199340820312,207.27784115819605,203.12235803022585,204.19227311258143,30480900.0,0.017822775469354513,0.017665812078208526
2021-01-20,214.30877685546875,215.69393811736836,207.5740101820579,207.9656807925922,37777300.0,0.03649985823248603,0.03584951611846937
2021-01-21,214.91061401367188,216.18114567833973,212.47463268897792,214.65268280655076,30709400.0,0.0028082711638497404,0.002804335337241962
2021-01-22,215.8467559814453,219.7825421565969,215.70346898693128,216.9262332617842,30172700.0,0.00435595967221003,0.00434649994073424
2021-01-25,219.2666778564453,219.505499229493,214.19411422515188,218.8750073062871,33152100.0,0.01584421252684476,0.015720003272289743
2021-01-26,221.9415283203125,223.70879811853584,219.79213549637652,221.49254287541453,49169600.0,0.012199074159450873,0.012125265115986631
2021-01-27,222.48602294921875,229.6888849420293,219.8494397921555,227.35798561441428,69870600.0,0.002453324679824842,0.002450320191818918
2021-01-28,228.2464141845703,231.79053068312115,224.5781204522102,225.07487311695797,49111200.0,0.025891025238319543,0.02556152788954237
2021-01-29,221.58804321289065,227.37707132988027,221.0053184426969,225.43784282406364,42503100.0,-0.029171853566537953,-0.029605812520044322
2021-02-01,228.9341583251953,231.6567277604019,222.03699602740485,224.54940149192532,33314200.0,0.03315212773121923,0.03261444718547228
2021-02-02,228.80043029785156,231.4752326767527,228.01710374900568,230.51039954635095,25916300.0,-0.0005841331338323208,-0.0005843038060581122
2021-02-03,232.1343994140625,234.13094280778196,228.5616260438529,228.857776822346,27158100.0,0.014571515935834611,0.014466371575244342
2021-02-04,231.18869018554688,232.36370210777145,229.622022199084,231.80963464497927,25296100.0,-0.004073972797236092,-0.004082294032425744
2021-02-05,231.3701934814453,232.4019037859869,229.6697861026184,231.39885088630737,18054800.0,0.0007850872624988181,0.0007847792426983542
2021-02-08,231.6281280517578,232.78401560191813,230.04235026944377,232.2777153400292,22211900.0,0.0011148133060328025,0.0011141923631265772
2021-02-09,232.8699493408203,233.81567265249217,230.58681758942583,231.05489815330387,23565000.0,0.00536127153255328,0.005346951077426928
2021-02-10,231.96241760253903,234.92379372146976,230.1187091230428,234.04493286560327,22186700.0,-0.0038971612303356773,-0.003904774950865222
2021-02-11,233.55780029296875,234.1882777613112,231.32242073183644,233.83482672549016,15751100.0,0.006877763677922033,0.006854219752706152
2021-02-12,234.0354461669922,234.33158239830547,231.87649118115476,233.02283109251383,16561100.0,0.0020450863701588773,0.002042998027770502
2021-02-16,232.80311584472656,235.12446761239,232.0579941851068,234.07364754036084,26728500.0,-0.005265571273277647,-0.0052794832515262995
2021-02-17,233.81805419921875,233.92337823277543,230.6966554202905,231.06050473804564,21653500.0,0.00435964248506493,0.004350166774258059
2021-02-18,233.42543029785156,233.5594777102561,230.6200042346453,231.52004312224952,16925600.0,-0.0016791855646556275,-0.0016805969769726535
2021-02-19,230.7253875732422,233.4925213487546,229.96896550082693,233.38719731120597,25262600.0,-0.011567046149016935,-0.011634464821501692
2021-02-22,224.5399627685547,227.81456205861232,222.51966738845243,227.32624961880384,36446900.0,-0.026808600777510794,-0.027174505737706047
2021-02-23,223.3527679443359,224.84644379771035,219.0057732325133,220.53775670832545,30228700.0,-0.005287231767480471,-0.005301258641430376
2021-02-24,224.5782928466797,225.2006527602757,219.26424384032524,220.2312992194705,26339700.0,0.0054869474581538125,0.0054719490007682
2021-02-25,219.2546844482422,224.6165963051779,218.1918745974985,222.21331214271885,39542200.0,-0.02370491079506043,-0.023990392769369328
2021-02-26,222.50054931640625,225.36342243638325,219.7812786087356,221.68668056272455,37819200.0,0.014804084466119027,0.014695573632523922
2021-03-01,226.86668395996097,227.3741502565887,223.23780465757733,225.8708905631292,25324000.0,0.01962302860360965,0.01943297918435105
2021-03-02,223.9272003173828,227.2113842225044,223.5250580328917,226.93370515768925,22812500.0,-0.012956876661083139,-0.013041549176936758
2021-03-03,217.8854522705078,223.64952050590935,217.59820362700248,222.28989251072855,34029500.0,-0.02698085823567542,-0.02735152405611172
2021-03-04,217.0907287597656,222.6058557444878,214.72573791098387,217.10031296721587,44727800.0,-0.0036474372311721126,-0.0036541053496501976
2021-03-05,221.7537078857422,223.3527073519188,216.83223166317447,219.76213575150248,41872800.0,0.021479402425963023,0.021251971025216646
2021-03-08,217.7227325439453,223.4484945119107,217.47379145319076,221.53352258589504,35267400.0,-0.018177713375028715,-0.018344957855206134
2021-03-09,223.84103393554688,225.37301709229348,221.8207382699985,222.97930254117327,33080500.0,0.028101343943800927,0.027713745776848518
2021-03-10,222.538818359375,226.9241044948039,222.1749691284219,226.9241044948039,29746800.0,-0.005817590962999386,-0.005834579063895167
2021-03-11,227.04861450195312,229.001879123352,224.34849750846828,224.97087205019423,29907600.0,0.02026521114754609,0.02006260442816314
2021-03-12,225.727294921875,225.7943259459285,223.3144264272231,224.0612642405553,22653700.0,-0.005819544783290276,-0.0058365443191571885
2021-03-15,224.8271942138672,225.19104342164627,221.9547373778958,224.97082582170833,26034900.0,-0.003987558121047563,-0.003995529629223493
2021-03-16,227.6039276123047,229.85401019615043,225.90917386646177,226.2347154915178,28092200.0,0.012350522845542056,0.012274877342427246
2021-03-17,226.96243286132812,228.40824580326876,223.31441421643075,226.11027106399007,29562100.0,-0.002818469600705975,-0.002822448965054812
2021-03-18,220.91114807128903,224.23362531391453,220.5377291546,222.67291862130548,34833000.0,-0.02666205465702054,-0.027023934033070546
2021-03-19,220.5568695068359,222.58673481626653,219.59938366501785,221.1983832676451,46430700.0,-0.0016037151929462201,-0.001605002520678387
2021-03-22,225.9571075439453,226.82840862757848,220.35580906733205,220.4802869121692,30127000.0,0.024484560599650873,0.024189618402344407
2021-03-23,227.47947692871097,230.8019538061581,226.9911644328888,227.39330671357888,31638400.0,0.006737426413858438,0.006714831387956661
2021-03-24,225.4496154785156,227.881623009937,225.31556804938333,227.73800598232168,25620100.0,-0.008923272893015755,-0.008963323726941428
2021-03-25,222.46224975585935,226.86669032919292,221.72499620085964,225.29641418401795,34061900.0,-0.013250702230365619,-0.013339276099292535
2021-03-26,226.42623901367188,226.6464712680149,221.70584100914795,221.70584100914795,25479900.0,0.01781870525072371,0.01766181312390409
2021-03-29,225.23895263671875,226.7326280661036,222.02179993878485,226.53154963057577,25227500.0,-0.005243590063258696,-0.005257385929344497
2021-03-30,221.9930877685547,223.90805936160643,221.27497342116027,223.60165689388273,24792000.0,-0.01441076168294575,-0.014515605177819961
2021-03-31,225.74642944335935,228.9348588863674,222.51012278869996,223.00801949174152,43623500.0,0.01690747091512068,0.01676613054292926
2021-04-01,232.0466766357422,232.51583530133811,227.92948500151644,228.33162726205853,30338000.0,0.027908513139799584,0.02752616807248841
2021-04-05,238.48101806640625,239.3331799256443,232.38182300122529,232.43926981711712,36910600.0,0.027728651510766644,0.027351174515663414
2021-04-06,237.32240295410156,238.7969244835869,236.38407107170175,237.08303153236176,22931900.0,-0.004858311666474324,-0.004870151626307909
2021-04-07,239.27569580078125,240.2619050069019,236.68091746198468,237.2745539833188,22719800.0,0.008230545546336288,0.008196859317479255
2021-04-08,242.48329162597656,243.3354534484724,241.28643431291647,242.02370250858235,23625200.0,0.013405439338335157,0.013316381460242317
2021-04-09,244.97276306152344,245.1068104974857,241.70773277335192,242.1194446802093,24326800.0,0.010266568961736278,0.010214225694946585
2021-04-12,245.0302276611328,246.7154122470637,243.7950626307561,243.88124746804633,27148700.0,0.00023457546419125563,0.0002345479556688542
2021-04-13,247.50050354003903,248.17075531097737,245.91107355136575,246.3228146667329,23837500.0,0.010081514850169837,0.010031035368916426
2021-04-14,244.72378540039065,247.82602995681816,244.3120735305234,246.53344753840463,23070900.0,-0.011219040365302413,-0.011282448496981071
2021-04-15,248.467529296875,248.8792411187136,246.77279019433297,246.96426979465292,25627500.0,0.015297834210758143,0.015182002170748781
2021-04-16,249.65484619140625,249.9038018578808,246.648355876942,248.4388497054509,24878600.0,0.004778559588414444,0.00476717851490183
2021-04-19,247.7398681640625,250.3633991429451,246.85899758557616,249.12823427121432,23209300.0,-0.007670502121459144,-0.007700071729066946
2021-04-20,247.28028869628903,249.13781346064496,245.92064602191053,246.85899261240544,19722900.0,-0.0018550888525907805,-0.001856811660887632
2021-04-21,249.5016326904297,249.59738711284092,246.3132178871805,247.93137119944473,24030400.0,0.00898310175005057,0.008942993708981401
2021-04-22,246.2366485595703,250.6506442962717,244.7716817698351,249.14738450102257,25606200.0,-0.013086023107954592,-0.013172399484717622
2021-04-23,250.0474395751953,250.3921496973052,246.33238956883352,246.9164711684651,21462600.0,0.015476132565632517,0.015357598626336146
2021-04-26,250.430419921875,251.28259637971237,249.1091139540054,250.53575856302515,19763300.0,0.0015316307470707446,0.001530458997004425
2021-04-27,250.8324737548828,252.00060721576384,249.0611197630358,250.4590403899465,31014200.0,0.0016054512592089676,0.0016041639000135641
2021-04-28,243.73757934570312,245.6334117212296,242.1960266458455,245.19294722116507,46903100.0,-0.028285390256577836,-0.028693129009036884
2021-04-29,241.7747344970703,245.21211962839484,238.41396459315484,244.59932929978729,40589000.0,-0.008053107173304763,-0.008085708587298429
2021-04-30,241.458740234375,242.3204861426284,238.9884399502371,239.12248736573355,30945100.0,-0.0013069780155177124,-0.0013078328562040721
2021-05-03,241.15235900878903,243.5365037605011,240.44381430171563,242.62688061963897,19626600.0,-0.0012688761040026142,-0.001269681808918195
2021-05-04,237.25538635253903,240.53000045768175,235.31169145877024,240.30019861922892,32756100.0,-0.016159794879335942,-0.016291788287139015
2021-05-05,235.99154663085935,238.89272768605636,235.3691866512584,238.47143156014027,21901300.0,-0.0053269168768279584,-0.005341155486304092
2021-05-06,239.1129150390625,239.23739286323433,234.28719323134123,235.972362911324,26491100.0,0.013226611091649021,0.013139903202028328
2021-05-07,241.72686767578125,243.4886380135176,240.49170283166248,241.43003481001085,27032900.0,0.010931875579751615,0.01087255456299076
2021-05-10,236.6712951660156,241.0278577810219,236.6138483648184,240.20441954036124,29299900.0,-0.020914400448635684,-0.021136204572817636
2021-05-11,235.76171875,236.11599842229504,232.25733191028016,234.1531496576792,33641600.0,-0.0038432054693305906,-0.0038506095598525086
2021-05-12,228.8391265869141,233.9904053250569,227.9486717264203,231.87435509010888,36684400.0,-0.029362664133046,-0.02980237596025169
2021-05-13,232.69778442382812,235.15853006552896,231.1562316244552,231.5200809218459,29624300.0,0.016861879760096343,0.016721296397880475
2021-05-14,237.60008239746097,238.58629154857744,235.05318141277328,235.13935162363052,23901100.0,0.0210672309827582,0.02084838518579661
2021-05-17,234.75634765625,236.1064060614497,233.16693242516905,236.0681130601291,24970200.0,-0.01196857641006166,-0.012040776487071542
2021-05-18,232.74560546875,235.93403432568056,232.57325046050104,235.79998692374073,20168000.0,-0.008565230323161699,-0.008602122720715132
2021-05-19,233.3214874267578,233.42705466326876,228.98366832095297,229.66504486622335,25739800.0,0.002474297879214493,0.002471241844206196
2021-05-20,236.54605102539065,237.95680642050272,234.03165022443645,234.12762575703587,21800700.0,0.013820259909173904,0.013725630984636583
2021-05-21,235.28884887695312,238.3214941013183,234.87618630622384,237.592129847936,21863100.0,-0.005314830423030714,-0.005329004377994678
2021-05-24,240.67274475097656,241.03743419435497,237.53453234396076,237.8032462568259,21411500.0,0.022882069846153152,0.02262420158162117
2021-05-25,241.57485961914065,242.56334606960095,240.7111384283455,241.62284738392032,17704300.0,0.003748305065027324,0.003741297674696182
2021-05-26,241.3541259765625,242.74568324908876,240.64394515378893,241.29653187433004,17771600.0,-0.0009137277071221694,-0.0009141454107478522
2021-05-27,239.2620086669922,241.3445489814195,239.2044292015683,241.04704531418864,24426200.0,-0.008668247543335839,-0.00870603532879769
2021-05-28,239.61705017089844,241.92033089438252,239.50189126005725,240.883856765386,18270200.0,0.0014839025463520006,0.0014828026509257693
2021-06-01,237.4289703369141,241.16219011250507,237.00671606727997,241.10461065045544,23213300.0,-0.00913156986292829,-0.009173518211807083
2021-06-02,237.3330078125,239.223611570422,235.9318441224372,238.1295578675878,19406700.0,-0.0004041736114928085,-0.0004042553116616986
2021-06-03,235.8070831298828,236.41168209445024,233.20629862376543,235.3368264740552,25307700.0,-0.0064294667508816294,-0.006450224795506666
2021-06-04,240.6823577880859,241.50769763472985,237.53455340642336,237.7744776101709,25281100.0,0.02067484400168662,0.020464020293962378
2021-06-07,243.5806121826172,243.84932608170533,239.74182545986196,239.9049721383219,23079200.0,0.012041823177929345,0.01196989726224482
2021-06-08,242.3905792236328,245.69193789696416,242.3329851263749,244.8761899229369,22455000.0,-0.004885581608162548,-0.004897555076143115
2021-06-09,243.3695068359375,245.23132096206123,243.00483201146952,243.58064130243469,17937600.0,0.004038637208756857,0.004030503804729437
2021-06-10,246.8723602294922,247.08349466686664,243.44625075720447,244.0412580022731,24563600.0,0.014393148258775357,0.014290550201253535
2021-06-11,247.4961700439453,248.0719645734149,246.2677302807677,247.5921162737796,18999700.0,0.0025268515838436922,0.0025236644621735808
2021-06-14,249.4156188964844,249.47319836227948,246.45012996992423,247.50580232220523,19150500.0,0.007755468911693653,0.007725549853991217
2021-06-15,247.94720458984375,249.51151476586116,247.29461791752257,249.30038033803768,18038900.0,-0.005887419212708189,-0.005904818389643992
2021-06-16,247.00672912597656,250.07774084164856,244.16602059107635,248.94530582063737,27220000.0,-0.003793047255454818,-0.003800259101553951
2021-06-17,250.38490295410156,251.20065113623295,245.69200057504625,245.7495800431851,27565500.0,0.013676444524724163,0.013583766009589835
2021-06-18,248.97413635253903,251.72846151081313,248.32154955086472,249.1660874295597,37202200.0,-0.00563439163031787,-0.0056503246917641615
2021-06-21,252.0451812744141,252.8992962171979,247.52501743926575,249.34843554518008,26696100.0,0.012334794958487327,0.012259341212524252
2021-06-22,254.80905151367188,255.07776538792697,251.82437988299503,252.13148982146245,24694100.0,0.010965772982775679,0.01090608484881046
2021-06-23,254.5787353515625,256.0758598739971,253.7725936308377,255.2697181532723,19518700.0,-0.000903877475078696,-0.0009042862186449697
2021-06-24,255.94155883789065,257.0548107139266,254.77072749306177,255.43292067180403,21446900.0,0.0053532494944881215,0.005338971786501925
2021-06-25,254.3388214111328,256.4789557010309,254.0893201724312,255.5000755623851,25611100.0,-0.0062621226268805286,-0.0062818119578190975
2021-06-28,257.88970947265625,258.06244785704735,255.1929639728323,255.4616778888696,19590000.0,0.01396125075134913,0.013864690189645805
2021-06-29,260.461669921875,260.70159408895256,257.1795237173201,258.03363852255484,19937800.0,0.00997310227879189,0.009923699091409121
2021-06-30,259.9817810058594,260.42323320384054,258.7341872468465,259.7802529375048,21656500.0,-0.001842455038238655,-0.0018441544462319754
2021-07-01,260.65362548828125,260.88394332062984,258.7342321183935,258.7438091696623,16725300.0,0.0025841983227536947,0.0025808650236370566
2021-07-02,266.4598388671875,266.7957386402668,261.5174056815565,261.8245157190933,26458000.0,0.022275590328082018,0.022031113285634167
2021-07-06,266.4693908691406,268.11046403566195,263.244794707822,266.8244739642971,31565600.0,3.584781103871393e-05,3.5847168521290975e-05
2021-07-07,268.64794921875,269.3773282430186,265.9799929781562,268.1393110275168,23260000.0,0.008175642022161034,0.008142402507608991
2021-07-08,266.2391052246094,267.4963057183195,263.79186075613046,265.74004413313054,24618600.0,-0.00896654525428442,-0.009006986649085436
2021-07-09,266.7380676269531,266.8436201918425,264.2236672937446,264.6075400651112,23916700.0,0.0018741138794122758,0.001872359919068151
2021-07-12,266.1430969238281,268.49433627554,265.43290144744316,267.9089353442858,18931700.0,-0.0022305429008246946,-0.0022330342670632062
2021-07-13,269.65557861328125,271.4502066850758,266.21027111145844,266.33500707591065,26120100.0,0.013197718558368043,0.013111387423906058
2021-07-14,271.12396240234375,272.2276079057793,269.2429355174447,270.9704073941302,23113700.0,0.005445404825717759,0.005430632213164896
2021-07-15,269.7035827636719,271.12394453030225,268.5519349217963,270.634489804362,22604200.0,-0.0052388568907238975,-0.005252627818487359
2021-07-16,269.43487548828125,272.6498656125402,268.1968584208553,270.70168228808353,26186800.0,-0.0009963059171745892,-0.0009968025598142906
2021-07-19,265.8455810546875,269.0701477729701,263.38875994905754,267.688182240101,32935600.0,-0.013321565840684446,-0.013411093890441157
2021-07-20,268.0625,269.6459937608424,265.12583032349374,266.82448300692533,26259700.0,0.008339122796464427,0.008304544414540435
2021-07-21,270.0586853027344,270.1738442376785,266.1143453427813,267.65944319932055,24364300.0,0.007446715981289431,0.007419126076630639
2021-07-22,274.60760498046875,274.8763188626381,271.9972290018453,272.40028518129105,23384100.0,0.016844189523603115,0.016703899354363852
2021-07-23,277.9953918457031,278.30247257073574,274.9531400276046,275.78807157831795,22768100.0,0.012336828273475264,0.012261349750565292
2021-07-26,277.4003601074219,278.0145801435692,275.0875164942922,277.3523869804331,23176100.0,-0.002140437416356611,-0.002142731426564689
2021-07-27,274.9914855957031,277.90894231723627,271.54617814543514,277.76499367762403,33604100.0,-0.008683746880450816,-0.008721670315009766
2021-07-28,274.6843566894531,278.4559572251852,272.39066780193826,277.3427056762893,33566900.0,-0.001116866966206942,-0.001117491126896628
2021-07-29,274.9530944824219,276.9876467259065,274.5500089966287,274.7035639775205,18168300.0,0.000978351283661194,0.00097787300996511
2021-07-30,273.4271545410156,275.10662354630284,272.4674579665658,273.67668502240946,20944800.0,-0.005549819121980493,-0.0055652765854029935
2021-08-02,273.34088134765625,275.2122727524046,272.3043922822221,274.81879350419587,16267400.0,-0.00031552533070167144,-0.000315575119292145
2021-08-03,275.548095703125,275.6536775635122,272.55384686025644,273.91662898110934,17879000.0,0.00807495148397308,0.008042523515785297
2021-08-04,274.9626770019531,275.99913642366494,273.17762613038536,274.6843567927207,16191300.0,-0.0021245608672345595,-0.0021268209483611884
2021-08-05,277.8514099121094,277.9569917907823,274.569263222689,275.31782556305,13900200.0,0.010505909171577343,0.010451105614432932
2021-08-06,277.7937927246094,277.83218879233317,276.02795434835366,276.8820984514025,16589300.0,-0.00020736690707534589,-0.00020738841056521372
2021-08-09,276.7093200683594,279.7995444289697,276.2102883577603,278.0721021873737,16117600.0,-0.003903876489152136,-0.003911516505241695
2021-08-10,274.8955078125,277.592253026987,273.70549335133626,277.1603778240849,18616600.0,-0.006554937345121914,-0.006576515293342407
2021-08-11,275.3850402832031,277.02611380022,274.3389448772672,275.63454156443856,13955900.0,0.0017807947266894608,0.0017792109916860298
2021-08-12,278.1296691894531,278.28322415990436,274.7995208173079,275.0778410317268,14561300.0,0.009966514170222984,0.009917176016644628
2021-08-13,281.04718017578125,281.0951532950036,277.64023937005385,277.81300703201526,18249000.0,0.010489751038896822,0.010435115344885115
2021-08-16,282.7266845703125,282.93781903888737,278.3312568029692,281.3735085609403,22507600.0,0.005975880610084028,0.005958095853433892
2021-08-17,281.26788330078125,281.6037829881996,279.34848998709674,280.60571955216835,20075300.0,-0.005159757989410596,-0.005173115508185857
2021-08-18,279.5467224121094,283.4793919946404,279.10439575220477,280.8063292983416,21813000.0,-0.00611929406398426,-0.006138093676714762
2021-08-19,285.3544006347656,286.02748609208663,277.5371547943832,277.5852197511838,29850500.0,0.02077534006674764,0.020562475858468897
2021-08-20,292.6524658203125,294.0755466635113,286.5948135303095,288.190963446094,40817600.0,0.025575442920496183,0.025253862787323125
2021-08-23,292.931396484375,293.6525471548652,290.2391123853567,291.5852544348658,22830200.0,0.0009531122974844042,0.0009526583743621726
2021-08-24,290.9794921875,293.892939812754,290.3833456430918,293.2871685357918,18175800.0,-0.006663349577071043,-0.006685648804430329
2021-08-25,290.3929138183594,292.87365880728834,288.86407816857775,292.5948057108051,20006100.0,-0.0020158752932410984,-0.0020179099046484634
2021-08-26,287.58514404296875,290.79666345082654,287.4505445681289,289.4120524153368,17666100.0,-0.009668864637471408,-0.009715911615350842
2021-08-27,288.1910400390625,289.29679853271193,285.4121920346945,287.4891094887722,22605700.0,0.002106840386731701,0.0021046241108711957
2021-08-30,291.91204833984375,292.5178193402861,289.4793689535972,289.53705863519326,16348100.0,0.012911603012629724,0.012828958885036964
2021-08-31,290.2678527832031,292.78706685723137,289.9024652133177,292.71015705794855,26285300.0,-0.005632503235106112,-0.005648425598108122
2021-09-01,290.2197570800781,293.450526164361,289.89283908325706,291.21976052803296,18983800.0,-0.00016569421196266365,-0.00016570794076514563
2021-09-02,289.5660095214844,291.6909918216451,288.6333202025315,290.5756380065311,16285600.0,-0.0022525949479496044,-0.0022551358564249064
2021-09-03,289.55633544921875,290.96016674016533,288.7101809142856,289.4120818879158,14747900.0,-3.3408866881856625e-05,-3.34094249704799e-05
2021-09-07,288.63323974609375,289.5082391184174,286.7294213995241,289.4313293174563,17180400.0,-0.003187965829491879,-0.0031930582183448057
2021-09-08,288.6620788574219,289.04668654196234,286.0274854074498,288.248626330133,15046800.0,9.991611275772527e-05,9.991112147540122e-05
2021-09-09,285.8159484863281,290.51786328819594,285.5755650140941,289.2486315123154,19927000.0,-0.009859730735534256,-0.009908659764309564
2021-09-10,284.3352355957031,288.38331521441347,284.01794225939454,286.9410140892641,19633400.0,-0.005180651739228659,-0.0051941178443854685
2021-09-13,285.56597900390625,287.0563743400453,282.7679114864811,286.1044357072228,23652900.0,0.004328494165081631,0.004319153179447128
2021-09-14,288.25830078125,289.79676112846977,286.6333058908585,288.0371373862397,21853400.0,0.009428020055942676,0.009383853658960384
2021-09-15,293.09478759765625,293.57555457579934,290.2101857287975,291.5947969733447,28356300.0,0.0167783089100928,0.01663910796502379
2021-09-16,293.4794006347656,293.5659351711585,289.19096732817496,292.0755692493566,19550800.0,0.0013122479599922965,0.00131138771512552
2021-09-17,288.33514404296875,292.7870503575158,288.00822606299056,292.46975710578755,41372500.0,-0.01752850994199384,-0.01768395341240937
2021-09-20,282.97943115234375,287.2294241436648,278.3833000222743,284.9313439067863,38278700.0,-0.01857461014126971,-0.018749284600529395
2021-09-21,283.4601745605469,286.09479733126966,282.7582736118841,284.31595379410885,22364100.0,0.0016988634341565945,0.0016974219979772039
2021-09-22,287.0947570800781,288.67168664091787,283.18133670640134,285.3159429755358,26626300.0,0.012822198127712348,0.012740689750242356
2021-09-23,288.0370788574219,289.32553070009544,286.0851663082223,287.35439803754895,18604600.0,0.003282267453880827,0.0032768925720498953
2021-09-24,287.8351745605469,288.26784720291187,285.50824964587054,286.7582613035244,14999000.0,-0.0007009663397362642,-0.0007012121315088706
2021-09-27,282.8544616699219,285.0659780697312,281.67176431973326,284.7486847699523,23571700.0,-0.01730404526906526,-0.01745551010647128
2021-09-28,272.6141357421875,279.59488265396965,271.87376505360436,278.6525686782069,43186200.0,-0.03620351564291169,-0.03687512247182053
2021-09-29,273.07562255859375,275.73906084869554,272.123713405147,274.1333156978042,26353700.0,0.0016928205690796005,0.0016913893632954653
2021-09-30,271.07562255859375,276.7582615099041,270.7871448115844,274.71981454324316,32343600.0,-0.007323978542137621,-0.007350930550902911
2021-10-01,277.9794616699219,278.8256162130786,270.46988411493584,271.2679443559621,30086300.0,0.025468314141142923,0.025149400092091156
2021-10-04,272.2198791503906,276.6814110362589,269.4699059701531,276.3448682644361,31350700.0,-0.020719453462250015,-0.020937113113420308
2021-10-05,277.6524963378906,279.2293964365477,273.12365122676954,273.12365122676954,24993000.0,0.01995672470524723,0.019760199636577755
2021-10-06,281.8351745605469,282.3351909458261,274.52754072695535,274.78714430445336,28002600.0,0.015064435860739023,0.014952094085391209
2021-10-07,283.50830078125,285.22945482720434,282.6140812194665,283.825594084445,20430500.0,0.005936541538194895,0.005918989706008111
2021-10-08,283.50830078125,285.22945482720434,282.46023226093035,284.82559764308587,17685700.0,0.0,0.0
2021-10-11,282.91217041015625,286.50829832033395,281.489089470964,281.6525631685585,19298600.0,-0.0021026910656619657,-0.002104904824298817
2021-10-12,281.6140441894531,284.07556854608913,281.10443241273595,283.979409290472,17974100.0,-0.00458844247959056,-0.004599001694398961
2021-10-13,284.912109375,285.8447984376841,282.20057671725624,283.5659677751689,23416300.0,0.011711295134585464,0.01164324867720554
2021-10-14,291.1043701171875,291.6043571503594,286.3736107122371,287.70053210668726,27262900.0,0.02173393316195371,0.02150111851547038
2021-10-15,292.50823974609375,292.7390278517721,288.9601770620516,290.71017592364666,25384800.0,0.004822564595444279,0.004810973282437839
2021-10-18,295.46978759765625,296.3543824347761,291.04672538099135,291.89287998601975,22729300.0,0.01012466470733675,0.010073753639566332
2021-10-19,296.3736877441406,297.40250700469875,295.4025288425853,296.4890671495345,17682100.0,0.003059196521693952,0.003054526701522519
2021-10-20,295.5850830078125,297.7870034325731,294.33507157143436,297.315831958268,16537100.0,-0.002660845982417115,-0.0026643923253332857
2021-10-21,298.8063049316406,299.0562838093166,294.57553200250277,295.3544015118529,16918100.0,0.010897782428834546,0.010838829515200253
2021-10-22,297.26788330078125,299.1236370552111,295.96018167739544,298.46017618446604,17449300.0,-0.005148558131031877,-0.005161857624897126
2021-10-25,296.2774658203125,297.4986033941539,294.67169118488476,297.4601338192577,17554500.0,-0.0033317338875341607,-0.003337296471686088
2021-10-26,298.18133544921875,300.38325682669654,296.7294388642933,299.03711491126865,28107300.0,0.0064259683862049055,0.006405409876575142
2021-10-27,310.7389221191406,313.5562093922769,303.8447111727647,303.8447111727647,52588700.0,0.04211392591358387,0.041251271244856676
2021-10-28,311.8735656738281,312.37355280117015,308.9985589964651,311.854316213441,26297900.0,0.0036514368620113036,0.0036447865503117386
2021-10-29,318.8638916015625,319.2292792064878,311.44084815229064,311.6620115299265,34766000.0,0.022413973792973385,0.02216647218561676
2021-11-01,316.70037841796875,318.7388253494163,313.8157770598035,318.6138212622399,27073200.0,-0.006785067988498317,-0.006808191216775273
2021-11-02,320.3159484863281,320.6236465263643,317.3063412215679,317.6044145279467,26487100.0,0.011416374323328649,0.011351699292756772
2021-11-03,321.15234375,322.01771844825345,317.9311991041292,321.0561844849301,21500100.0,0.0026111571016813606,0.0026077539537917786
2021-11-04,323.49847412109375,323.59463338175044,316.83505110356475,320.08504044542997,23992200.0,0.007305350301039848,0.007278795479285802
2021-11-05,323.1331481933594,325.75814685735793,321.55624752371233,325.4889184823601,22570100.0,-0.0011292972207269658,-0.0011299353573091555
2021-11-08,324.0273132324219,324.6619291544204,321.57541342152103,324.32538640649415,20897000.0,0.002767172121033612,0.0027633505486023818
2021-11-09,323.0273742675781,325.69081300942594,321.6619830119795,324.1427279377186,21307400.0,-0.0030859712252914173,-0.0030907426533481096
2021-11-10,318.0754699707031,321.7581620227062,317.2293446076053,321.7004723239425,25500900.0,-0.015329673864646232,-0.015448388111507625
2021-11-11,319.6427001953125,320.9311520712927,317.7965715810098,318.5080972611384,16849800.0,0.004927227568833681,0.004915128510011029
2021-11-12,323.76776123046875,324.25815300827657,320.95047337818704,321.0754775053688,23831000.0,0.012905225217518579,0.01282266236797551
2021-11-15,323.1427307128906,324.88310486387337,321.1811931834564,324.5561868329157,16723000.0,-0.00193049028477299,-0.0019323560827994677
2021-11-16,326.45037841796875,327.5657612448941,322.60424288113046,322.7676872089823,20886800.0,0.01023587223447997,0.010183840453500901
2021-11-17,326.6719970703125,329.6293143564149,325.59311335095464,326.49861134342495,19053400.0,0.0006788739330545468,0.00067864360238382
2021-11-18,328.7430114746094,329.87971962558396,324.7453511615108,325.7664394516795,22463500.0,0.006339736564108023,0.006319724968552755
2021-11-19,330.5154724121094,332.4324456190178,329.63890158471446,330.06275288893943,21963400.0,0.0053916307742922776,0.005377147967066101
2021-11-22,327.3558654785156,336.8346949958714,327.0861445993955,331.9700474366429,31031100.0,-0.009559633957632485,-0.009605620569793923
2021-11-23,325.28485107421875,326.9898989068096,321.31608766747587,324.67797163532214,30427600.0,-0.006326492428261665,-0.006346589488924396
2021-11-24,325.5063171386719,325.7471403709016,321.65314542299626,323.9361449609553,21661300.0,0.0006808373145006374,0.0006806056499208591
2021-11-26,317.5784912109375,325.5256600131003,316.0757561892276,322.07708333440075,24217200.0,-0.024355367347162593,-0.024656864760174455
2021-11-29,324.2733459472656,326.58524340078264,322.4527079617969,322.6453783318279,28563500.0,0.021080945094236192,0.020861816249848526
2021-11-30,318.4550476074219,325.38112702645924,316.9137728395476,323.01143434180807,42885600.0,-0.017942573487954583,-0.018105493201006746
2021-12-01,317.9637451171875,326.8260526046821,317.2990999831267,322.82839247617034,33337600.0,-0.0015427687327476125,-0.001543960025846468
2021-12-02,317.3954162597656,321.2485884430419,315.76744866054173,318.1756812750894,30766000.0,-0.0017874014448169273,-0.0017890007528004585
2021-12-03,311.1533508300781,320.48766443659116,306.35614003561716,319.8037050877299,41779300.0,-0.019666526704276044,-0.01986248632605726
2021-12-06,314.2165832519531,315.43034198292435,307.512071408828,312.05881608344686,30032600.0,0.009844767583903735,0.00979662357932884
2021-12-07,322.62615966796875,323.47383295914125,317.98307955857507,319.46655926353213,31021900.0,0.02676363013365357,0.026411748793108147
2021-12-08,322.6742858886719,323.184830047875,318.65734078900067,323.00180200991804,24761000.0,0.0001491702370095549,0.0001491591122360598
2021-12-09,320.8729553222656,324.13850382611764,319.92891744874584,322.1348670016077,22214200.0,-0.005582504231613106,-0.005598144643966516
2021-12-10,329.9665222167969,330.4096289397935,322.50099853083947,322.68402662460824,38095700.0,0.028340085207237964,0.027945934509408896
2021-12-13,326.9416809082031,331.1705518397965,326.6334200526802,328.17469493292174,28899400.0,-0.009167115767600098,-0.009209392341190632
2021-12-14,316.28759765625,322.35636076418,312.2128579722413,320.98847186636954,44438700.0,-0.03258710612350624,-0.03312989030033788
2021-12-15,322.3660583496094,322.88624490056276,312.5886384053127,316.54775928331173,35381100.0,0.01921814430411395,0.01903580817348645
2021-12-16,312.9739074707031,324.39857838163,311.1629118249928,323.3871030361662,35034800.0,-0.02913504891610008,-0.02956790266653623
2021-12-17,311.9142150878906,312.9931277806533,305.604658638539,309.1014164102274,47750300.0,-0.003385880923353679,-0.00339162598990706
2021-12-20,308.1671447753906,310.95104695993683,305.9130421153367,308.301990542722,28326500.0,-0.012013143778792368,-0.012085884742590843
2021-12-21,315.2761535644531,315.70000480849893,308.0610694765146,311.42298181666746,24740600.0,0.023068678506412255,0.022806619130945692
2021-12-22,320.96923828125,321.3641625402389,313.7926936963985,316.24907907920306,24831500.0,0.018057454242675686,0.017896354888080793
2021-12-23,322.40460205078125,324.0422122425746,320.51655561829773,320.53581089915843,19617800.0,0.004471966775437597,0.004461997243245031
2021-12-27,329.8797302246094,329.90862784139654,323.11739392269027,323.1462915394775,19947000.0,0.023185550473782346,0.022920849284601058
2021-12-28,328.7237548828125,331.18978275080303,327.827899397402,330.5540058070814,15661500.0,-0.003504232712357891,-0.0035103869171926164
2021-12-29,329.3980407714844,331.6617557188024,327.2113469290697,328.7718768270416,15042000.0,0.0020512234928451445,0.002049122606370925
2021-12-30,326.86456298828125,330.53470668772496,326.38291652486487,329.35948814109423,15994500.0,-0.0076912351308146,-0.00772096521857118
2021-12-31,323.9747314453125,326.90312120375734,323.5219825277928,326.08434561446063,18000800.0,-0.008841067127464575,-0.00888038125218123
2022-01-03,322.46240234375,325.5931052791262,317.67483390975656,323.04038414975616,28865100.0,-0.004668046470216125,-0.0046789758248945565
2022-01-04,316.93310546875,322.895892734741,314.14917400711465,322.5394495565749,32674300.0,-0.017147105630955672,-0.01729581970903856
2022-01-05,304.7667541503906,314.10106904450225,304.38144269065833,313.89875627530427,40054300.0,-0.038387757884633444,-0.03914398429703406
2022-01-06,302.3584289550781,307.0015085378214,300.05614444176234,301.6552144415301,39646100.0,-0.007902191307008755,-0.007933579084902165
2022-01-07,302.5125427246094,304.88223527940386,298.70752360593445,302.6184908441429,32720000.0,0.0005097055506733117,0.000509575694922709
2022-01-10,302.73406982421875,303.16756341784094,293.5057361453158,298.1295306229004,44289500.0,0.000732290627073473,0.0007320226331172172
2022-01-11,303.41802978515625,304.98817262993884,298.51487210343447,301.876755156164,29386800.0,0.0022592764710447355,0.002256728143487651
2022-01-12,306.5872802734375,311.53862085227667,305.4409591479046,307.9359141133859,34372200.0,0.010445162044343093,0.010390988248784889
2022-01-13,293.61175537109375,309.1015264774925,292.8411325706475,308.70657273811673,45366000.0,-0.042322450203319595,-0.04324414452040889
2022-01-14,298.8135986328125,299.41083578565286,292.6003449804489,293.0819916388529,39846400.0,0.017716740445709256,0.01756162837367995
2022-01-18,291.5406494140625,298.42818916600646,290.66404916965183,292.90853854423693,42333200.0,-0.02433941846029275,-0.024640517869125123
2022-01-19,292.1956481933594,302.38730443677275,291.5887983066239,295.0470165949494,45933900.0,0.0022466807994470095,0.0022441607858779554
2022-01-20,290.5292663574219,300.21035230338873,290.0861596688608,297.72506851398765,35380700.0,-0.005702965962158246,-0.005719289965617286
2022-01-21,285.16363525390625,292.9470300221771,284.7590392453866,291.57917037846426,57984400.0,-0.018468470219157207,-0.0186411417053349
2022-01-24,285.4912109375,286.2040385232011,265.9170853754429,281.47429461593225,85731500.0,0.001148728810747901,0.0011480695266517012
2022-01-25,277.9004211425781,284.1618263856482,274.70231034504417,280.81919810306823,72848600.0,-0.026588523583598755,-0.02694839162105298
2022-01-26,285.8187255859375,297.1759609807795,282.27381356056463,296.68467202710303,90428900.0,0.028493315738074676,0.02809493105045083
2022-01-27,288.8337707519531,296.01992832954136,286.9938775868818,291.5502640782282,53481300.0,0.010548802076682406,0.010493551674772398
2022-01-28,296.94476318359375,297.1566888577396,283.64168680427184,289.2095201733317,49743700.0,0.02808187010308516,0.02769480403996115
2022-01-31,299.5649719238281,300.9135767134534,295.1241743625076,297.6094876295266,46444500.0,0.00882389274066564,0.008785189706765123
2022-02-01,297.4263916015625,299.2277450230752,293.9296328904505,299.01581936187534,40950400.0,-0.0071389532245091925,-0.007164557482251388
2022-02-02,301.9538269042969,303.55289687211734,297.5419577332225,298.26442751039235,36636000.0,0.015222036209884937,0.015107343456975435
2022-02-03,290.1920166015625,299.80569133626227,288.9493603987936,298.12954152402045,43730000.0,-0.038952347195991166,-0.03973128455651095
2022-02-04,294.70989990234375,297.46490411870997,288.95903879189694,289.19021973386526,35096500.0,0.015568599555873863,0.015448652248979549
2022-02-07,289.9030456542969,296.54011926462067,288.8915703465275,294.93143638637616,28533300.0,-0.01631046072642861,-0.016444940581600058
2022-02-08,293.38055419921875,294.34384733210226,288.9397869673649,290.1920562811641,32421200.0,0.011995419148058017,0.011924044321489509
2022-02-09,299.7864685058594,300.4800407856737,296.1067108242928,298.4956591456946,31284700.0,0.021834829251466736,0.021599863506537725
2022-02-10,291.28057861328125,297.77316484125447,289.66225322547234,292.8796487217257,45386200.0,-0.02837316152050362,-0.028783459263728592
2022-02-11,284.2099914550781,293.12045222250043,283.4200840938403,292.06082398149493,39175600.0,-0.024274145539893266,-0.02457361884879819
2022-02-14,284.17138671875,285.86679151785575,280.655373745601,282.98652594700707,36359500.0,-0.00013583173529707615,-0.00013584096126269512
2022-02-15,289.44073486328125,289.75860871286204,286.11736126713663,288.99762818292135,27058300.0,0.018542852626279416,0.01837303005223312
2022-02-16,289.10284423828125,290.42527991431285,283.48487872602993,288.0120675250117,29982100.0,-0.001167391401074247,-0.0011680733331886845
2022-02-17,280.6372375488281,286.4964934172606,279.93256909754444,286.071765783357,32461600.0,-0.02928233622798848,-0.029719621487094228
2022-02-18,277.93450927734375,283.65864238707985,276.3707522552186,282.87676387601726,34264000.0,-0.009630682995210638,-0.0096773579388271
2022-02-22,277.7318420410156,281.41923835084543,274.62362270761514,275.1062652782788,41736100.0,-0.0007291906170812101,-0.0007294566058714435
2022-02-23,270.5404052734375,281.5736347601143,270.37632332672223,280.10638276693766,37811200.0,-0.0258934543289282,-0.026234591516201954
2022-02-24,284.36328125,284.9135007247491,262.094151059809,263.0498031628359,56989700.0,0.05109357311190399,0.04983112038827668
2022-02-25,286.9888916015625,287.29778988293907,281.5253747646306,284.8942395707059,32546700.0,0.009233296014945713,0.009190929724617661
2022-02-28,288.4175109863281,288.7553666251348,282.8285026347826,284.0930236175549,34627500.0,0.004977960564233275,0.00496561148374522
2022-03-01,284.7108459472656,289.5565664408294,282.00803005009567,286.1104916374732,31217800.0,-0.012851733677287758,-0.012935031658477907
2022-03-02,289.7689208984375,291.00448458147713,283.50423036390407,285.1065776203058,31873000.0,0.01776565600914526,0.017609691244211884
2022-03-03,285.6470642089844,292.6067587164932,283.84195705729525,292.37509981281175,27314500.0,-0.014224633465428904,-0.014326773322351069
2022-03-04,279.7974548339844,285.39612468595874,277.20086566715224,284.0736891436429,32356500.0,-0.020478450885531685,-0.020691041722676603
2022-03-07,269.2276306152344,279.6334012626767,268.8608176186458,278.5136671787281,43157200.0,-0.037776698951824006,-0.03850873358079696
2022-03-08,266.2738342285156,274.1022802945537,260.6269119121218,268.1561220285429,48159500.0,-0.010971371623220039,-0.011032000986888911
2022-03-09,278.48468017578125,279.5464994060376,271.03267993001293,273.60034117475794,35204500.0,0.04585822704902465,0.04483781826255098
2022-03-10,275.6756896972656,276.6506367973392,270.83960329634476,273.194900626514,30628000.0,-0.010086696606587342,-0.010137912018068003
2022-03-11,270.34735107421875,279.4596429563479,269.7295545935928,277.9634336750457,27209300.0,-0.01932828617894533,-0.01951751984569594
2022-03-14,266.8433532714844,275.4922975054639,266.2448813621328,270.6079583933382,30660700.0,-0.01296109537900525,-0.013045823282938804
2022-03-15,277.18157958984375,277.8283334961411,269.0538964529326,270.6176534268287,34245100.0,0.03874267877244564,0.03801101904951377
2022-03-16,284.17022705078125,284.343971257443,273.36868699762886,279.07349465678493,37826300.0,0.025213246389889532,0.024900636210386663
2022-03-17,284.9714050292969,285.3478508163391,279.32448255840876,283.1084122705425,30816600.0,0.0028193593214551615,0.002815392382365389
2022-03-18,290.00048828125,290.55070765473886,282.56781343474125,285.11614983812484,43390600.0,0.017647676795628398,0.017493764703152614
2022-03-21,288.774658203125,289.72064808863075,284.66253476098274,288.5140418634162,28351200.0,-0.004226993152287917,-0.004235952143151147
2022-03-22,293.5045471191406,294.4119173522232,288.39818135350095,289.39242369934766,27599700.0,0.01637916895286784,0.016246477323572376
2022-03-23,289.0931396484375,292.70332488596847,287.3845961318238,290.0777490123799,25715400.0,-0.015030116275890015,-0.015144213176850661
2022-03-24,293.5431823730469,293.6397167673037,287.9638360996713,288.75537689115174,24484500.0,0.015393110780909547,0.01527583877395647
2022-03-25,293.1377258300781,294.8945515047454,288.9001402281707,294.6339351738191,22566500.0,-0.0013812500760228552,-0.001382204881226895
2022-03-28,299.91400146484375,300.01050637906735,293.7651124963967,293.7651124963967,29578200.0,0.023116354660858596,0.022853219173153187
2022-03-29,304.46051025390625,304.8562805932184,298.3212830440557,303.01258292097964,30393400.0,0.015159374910328927,0.015045619783548646
2022-03-30,302.9643249511719,304.9817964510435,300.76347640947125,302.86782002120697,28163600.0,-0.004914217944017141,-0.004926332418091051
2022-03-31,297.60699462890625,304.19990720218783,297.20159145457893,303.0029338565664,33422100.0,-0.01768304015045019,-0.01784125300238024
2022-04-01,298.6784973144531,299.36384141537167,294.93318680550044,298.630215389613,27110500.0,0.0036003948323961588,0.0035939289261509876
2022-04-04,304.0358581542969,304.1709827540647,298.95844895090045,299.3252620130999,24289600.0,0.017936881590118192,0.01777791383883384
2022-04-05,300.08782958984375,303.9393076222428,299.1128822350108,302.394845606696,23156700.0,-0.012985404380984278,-0.01307045179678334
2022-04-06,289.10284423828125,296.3424814061848,286.4096909635366,294.59531799298344,40110400.0,-0.03660590090100169,-0.03729270988366403
2022-04-07,290.9078674316406,293.10871553655596,286.0621484743513,286.361384397438,31411200.0,0.006243533155528835,0.006224123052249573
2022-04-08,286.66064453125,290.6665707873598,285.9945956247322,290.0101841560006,24361900.0,-0.01459989012290519,-0.014707517367211745
2022-04-11,275.357177734375,282.4519981244576,275.1061942358303,281.66048690117145,34569300.0,-0.03943152648442039,-0.0402300098656902
2022-04-12,272.268310546875,280.64697807098315,270.75280588328843,279.1990504337595,30966700.0,-0.011217674487060902,-0.011281067121981072
2022-04-13,277.6352844238281,278.56194983374326,271.5346757707154,272.91505579561334,21907200.0,0.019712076907419274,0.01952030990662968
2022-04-14,270.1156921386719,278.30131965119733,269.62341681375074,278.08895577007974,28221600.0,-0.027084425889027486,-0.027457969203119926
2022-04-18,270.7817077636719,272.65436281401867,268.67739376545774,269.2276132247998,20778000.0,0.00246566802441861,0.0024626332524850503
2022-04-19,275.3957824707031,276.2356051160154,268.7449845312876,269.6813121043786,22297700.0,0.017039831623553603,0.01689628210433359
2022-04-20,276.4189758300781,279.6430533893089,275.4633531849248,279.35345023812204,22906700.0,0.0037153559513347645,0.0037084710643466457
2022-04-21,271.0616455078125,283.1180442640561,270.33768184591173,278.5618984401678,29454600.0,-0.019381195904433546,-0.019571473836721455
2022-04-22,264.51702880859375,273.36870459899797,263.8895994942571,271.90145264874303,29405800.0,-0.02414438489428461,-0.02444063885506137
2022-04-25,270.97479248046875,271.351238292918,261.3701954398088,263.8027323682706,35678900.0,0.02441341376379924,0.024120169521267415
2022-04-26,260.8392639160156,268.69666699273034,260.6269000783663,267.8665361916543,46518400.0,-0.03740395359905546,-0.03812142933022199
2022-04-27,273.38800048828125,280.86895873505813,269.4689460085579,272.30688607431046,63477700.0,0.04810907830312705,0.046987662832970484
2022-04-28,279.575439453125,280.8785798159734,271.6890497286869,275.28957261335694,33646600.0,0.022632445293109926,0.022380131395430963
2022-04-29,267.8858642578125,279.81680135936267,266.9012842301464,278.59087064005706,37073900.0,-0.04181188168094585,-0.042711154610983064
2022-05-02,274.5946350097656,275.04832015441815,266.63103347319105,268.0692987483365,35151100.0,0.02504339215710405,0.024734945506129806
2022-05-03,271.9980163574219,274.26644208441866,270.4245970349058,274.10233066665234,25978600.0,-0.009456188582313008,-0.009501182203662056
2022-05-04,279.9132995605469,280.7820499971457,267.1232758393873,272.77983068105766,33599300.0,0.029100518118205132,0.028685137327088727
2022-05-05,267.7217712402344,276.40933528615983,264.816254282709,275.6274568786791,43260400.0,-0.04355465902996658,-0.04453163656473233
2022-05-06,265.1927490234375,269.55582646003774,261.8528418348636,265.26995885904273,37780300.0,-0.00944645706279712,-0.009491357830826896
2022-05-09,255.39508056640625,262.904996341923,254.1788415540158,260.68485272752093,47726000.0,-0.036945461341272745,-0.037645234666450686
2022-05-10,260.14422607421875,264.24668604013874,255.86802193263964,262.25820191919195,39336400.0,0.01859528968717794,0.018424511156848396
2022-05-11,251.5049591064453,261.9396861119795,250.29835302848664,256.4568751636927,48975900.0,-0.033209528030457514,-0.03377348542526283
2022-05-12,246.48548889160156,250.85822802261495,241.3405189455736,248.74425187403017,51033800.0,-0.019957738537948022,-0.02015958430646049
2022-05-13,252.05520629882812,253.90856640021337,246.48552263469375,248.41609257198036,34925100.0,0.022596532689500348,0.0223450129769068
2022-05-16,252.42198181152344,256.59201932670356,246.90055143257808,250.9354349323041,32550900.0,0.0014551396024744534,0.0014540819127762284
2022-05-17,257.5572509765625,259.0148107302658,253.34859468900936,256.8718776822424,28828800.0,0.020343985607693238,0.020139811235141702
2022-05-18,245.83084106445312,255.04176140596195,244.56337491481253,254.4612355715473,31356000.0,-0.04552933325560482,-0.04659836782926521
2022-05-19,244.9213409423828,249.30427969315693,243.70225448849024,245.65666082139012,32692300.0,-0.0036996990212138092,-0.003706559834828705
2022-05-20,244.3601531982422,250.1460116670098,238.4388554517078,248.888200942443,39199300.0,-0.0022912978590650113,-0.0022939268987141838
2022-05-23,252.1875,253.0099090514097,245.2019097430166,247.19504035705393,33175400.0,0.03203200971726239,0.0315296837462385
2022-05-24,251.1909637451172,252.84543724359756,245.26966530696015,249.5171502123445,29043900.0,-0.003951568792596061,-0.003959396869485425
2022-05-25,253.9968414306641,255.98995774612467,248.7818520893062,249.7590702099024,28547900.0,0.011170297066872337,0.011108370034088868
2022-05-26,257.2670593261719,258.43776617311875,252.9421849537325,253.7549092585627,25002100.0,0.012875033709426997,0.01279285507968669
2022-05-27,264.3687744140625,264.4655336439164,258.873192668912,259.7633362460875,26910800.0,0.02760444771472592,0.027230314499115522
2022-05-31,263.0433044433594,265.84914543757435,260.19875384510124,263.68188003957823,37827700.0,-0.0050137160624996735,-0.005026326905994952
2022-06-01,263.57537841796875,268.674267192914,261.27264493032675,266.26511923779674,25292200.0,0.0020227619012593845,0.002020718872980736
2022-06-02,265.66522216796875,265.7329565705162,253.1066615896332,255.8641367942992,44008200.0,0.007928827656602966,0.007897559672822362
2022-06-03,261.2532958984375,264.5719571114333,259.6955816677973,261.5338887851949,28059000.0,-0.016607090056905416,-0.016746533768853947
2022-06-06,260.0245056152344,265.27820295854366,258.5441812387559,263.2270376292287,22400300.0,-0.004703444138292601,-0.004714540138289251
2022-06-07,263.6527404785156,264.2622909881243,257.3057264093207,257.9830113148334,22860700.0,0.013953434329955217,0.013856981362986128
2022-06-08,261.6307067871094,264.136614716851,260.8566623612509,262.88848837981266,17372300.0,-0.0076693065573161245,-0.00769886692418574
2022-06-09,256.193115234375,263.8559613723618,256.0383063846379,259.08602995149107,26439700.0,-0.020783460854077007,-0.021002476899067642
2022-06-10,244.77621459960935,252.11977283149903,244.3311428589637,252.11977283149903,31422800.0,-0.044563651229741486,-0.045587133145785115
2022-06-13,234.3945770263672,240.9351106086177,233.68828195632932,237.1520524259518,46135800.0,-0.04241277115190234,-0.04333846145210082
2022-06-14,236.55223083496097,237.76164750599116,233.66897086158625,235.94268010847784,28651500.0,0.00920522068371521,0.009163110862660712
2022-06-15,243.58615112304688,247.01122689050288,238.4195274205562,240.24816456305055,33111700.0,0.029735167845419186,0.029301650584210494
2022-06-16,237.01658630371097,239.3870394621926,235.1298996985269,237.9937894265541,33169200.0,-0.026970190173156938,-0.027340560238875915
2022-06-17,239.60955810546875,242.3670332514068,236.10709312767509,236.7553385108733,43084800.0,0.010940043657683862,0.01088063428144827
2022-06-21,245.50189208984375,246.47909535720655,241.40921581403924,242.13486575130284,29928300.0,0.024591397901503553,0.024293896920186804
2022-06-22,244.9117126464844,248.8205555049251,242.24131124964808,243.71196602157335,25939900.0,-0.0024039710583712015,-0.00240686523607263
2022-06-23,250.45559692382812,250.94904823926845,245.39541785280727,247.2724343752188,25861400.0,0.022636256214279005,0.022383857968048315
2022-06-24,259.0086364746094,259.2795445759663,253.2227775988385,253.30985203926372,33923200.0,0.03414992380219206,0.03357975958161093
2022-06-27,256.2898864746094,259.589148741076,254.73214265073585,259.50207429528484,24615100.0,-0.010496754227987015,-0.010552233730633782
2022-06-28,248.1529235839844,258.2442876848407,247.99811473013295,255.40942252018837,27295500.0,-0.031749059639273325,-0.03226398939154087
2022-06-29,251.8101806640625,253.46465404099425,247.45626683639776,249.22685422747804,20069800.0,0.014737916552654884,0.014630368858782484
2022-06-30,248.49151611328125,251.1038673258636,244.68911807030895,248.7043745789492,31730900.0,-0.013179231046296147,-0.01326684777733346
2022-07-01,251.15223693847656,251.33607059535083,246.343610863831,248.0658334178518,22837700.0,0.010707491615055131,0.010650572374417501
2022-07-05,254.31607055664065,254.4418545786392,246.46937685474165,247.84327202741883,22941000.0,0.012597274293595584,0.012518588760196596
2022-07-06,257.5670166015625,259.28922459470346,253.8807173042958,255.186893088968,23824400.0,0.012783093250089417,0.012702079189937992
2022-07-07,259.6859436035156,260.3245191537176,256.41567617677276,256.51243541651996,20859900.0,0.008226701655790647,0.00819304679871549
2022-07-08,258.96990966796875,259.395626588486,254.74179480110897,256.1930944319359,19658800.0,-0.002757307252024832,-0.0027611156258479704
2022-07-11,255.92214965820312,257.8765555845532,253.66778135319444,257.0251218655849,19455200.0,-0.011768780448945693,-0.011838580728840633
2022-07-12,245.43414306640625,257.3057794671245,243.8570592390129,257.2477298377406,35868500.0,-0.04098123826251121,-0.04184464043450152
2022-07-13,244.51499938964844,245.31805374321544,240.05467060292145,242.06714149558593,29497400.0,-0.0037449707089413087,-0.0037520006685637045
2022-07-14,245.83084106445312,246.85642391031848,237.95512128406688,242.4348047942675,25102800.0,0.005381435405146018,0.005367007221381936
2022-07-15,248.38511657714844,251.91660674220472,246.49842984837335,247.41758340717303,29774100.0,0.01039037861008496,0.010336769651408268
2022-07-18,245.9952850341797,252.37132447376123,245.0761315629331,251.31671696215605,20975000.0,-0.009621476422990383,-0.009668061882023002
2022-07-19,251.10385131835935,251.2876849600247,245.443777069764,249.21715005990575,25012600.0,0.020766927640380795,0.020554234612132773
2022-07-20,253.7549285888672,256.2705208821731,250.50403112190256,251.46187956720985,22788300.0,0.010557692590491996,0.010502349344596432
2022-07-21,256.2414855957031,256.2898799710948,248.68505377050545,251.35545481408533,22404700.0,0.009799049108774716,0.009751349779306322
2022-07-22,251.9069061279297,256.7155468615233,250.65880967638628,256.628472424911,21881300.0,-0.016915994136142865,-0.017060703825258088
2022-07-25,250.42660522460935,253.00993186101113,248.4721987897753,252.5261652608945,21056000.0,-0.005876380787149138,-0.0058937146530163576
2022-07-26,243.72161865234375,251.4425445815862,241.46727918195788,251.4231750195412,39348000.0,-0.026774258135439877,-0.027139217678071204
2022-07-27,260.0148620605469,261.28232818719346,250.4459740907152,252.68097341491003,45994000.0,0.06685185950387362,0.06471212435254252
2022-07-28,267.4358215332031,268.81938674780196,259.17308078267786,260.9920476929204,33459300.0,0.028540520391208357,0.028140826895538915
2022-07-29,271.62518310546875,272.844284035895,267.64863696842946,268.68390428151326,32152800.0,0.015664923076677217,0.01554349463888922
2022-08-01,268.98388671875,272.147709327751,266.8843268988861,268.80005306751355,21539600.0,-0.009724048251053219,-0.009771635553687921
2022-08-02,265.8974914550781,268.8678255810628,263.53670799309106,267.0391735890701,22754200.0,-0.011474275657630817,-0.011540613096144446
2022-08-03,273.2990417480469,274.29559953530566,267.62928313742134,267.77443670567607,23518900.0,0.027836104253804894,0.027455722662672443
2022-08-04,274.4407958984375,274.58591997817257,271.07379914150016,272.65085351031576,18098700.0,0.004177673449156094,0.0041689711997839425
2022-08-05,273.72479248046875,274.4407575248996,269.63211684357026,270.08685858100347,16774600.0,-0.0026089540209383033,-0.0026123632724913476
2022-08-08,271.2188720703125,276.6370630638141,270.25133901885744,274.82775145511005,18739200.0,-0.009154890163393103,-0.009197053702679491
2022-08-09,273.1346130371094,273.8892877589125,268.5968799256363,270.5610006852255,23405200.0,0.007063450091703949,0.0070386207799442045
2022-08-10,279.7719421386719,280.4008328998237,277.6240169581476,278.8140935874834,24687800.0,0.024300578486772473,0.024010017223223212
2022-08-11,277.70135498046875,281.7553212542064,277.20793315057733,281.40702349193015,20065900.0,-0.00740098217989571,-0.00742850533149826
2022-08-12,282.4326171875,282.4326171875,277.62397604955174,279.1139854304459,22619700.0,0.0170372312636502,0.016893725308476784
2022-08-15,283.94195556640625,284.62889583747915,280.6910288186994,281.55214749764076,18085700.0,0.005344065405534337,0.005329836558752039
2022-08-16,283.2066955566406,284.4935315241321,280.9910653118464,282.51007032188716,18102900.0,-0.0025894729375196546,-0.002592831421622026
2022-08-17,282.4600524902344,284.42831264174936,280.6663108728771,280.9280886741136,18253400.0,-0.0026363891748347745,-0.002639870568994823
2022-08-18,281.3450622558594,283.0321341039528,280.28818642679033,281.36444334293145,17186200.0,-0.00394742628044209,-0.00395523793161658
2022-08-19,277.4472961425781,280.45302156557796,276.87524340040335,280.1136602196925,20570000.0,-0.01385404130439849,-0.01395090420358672
2022-08-22,269.3027648925781,273.869510964488,268.7888850126345,273.50106320350113,25061100.0,-0.02935523742071211,-0.029794724612371985
2022-08-23,268.03265380859375,270.3790379637527,267.0242749639361,268.03265380859375,17527400.0,-0.00471629425895792,-0.004727451067743712
2022-08-24,267.4023742675781,268.79858174374715,266.74303270034477,267.0339265183886,18137000.0,-0.0023515028190025378,-0.002354271943677818
2022-08-25,270.3692626953125,270.5340758675693,266.17093562909554,268.8954719441874,16583400.0,0.011095220960026131,0.011034120529054585
2022-08-26,259.9365539550781,271.813993730699,259.82991359676106,270.59230474229855,27549300.0,-0.03858688904289875,-0.039351086256099656
2022-08-29,257.1635437011719,259.2675307004995,255.82550904713992,257.7646828438369,20338500.0,-0.010668027300175242,-0.01072533866733304
2022-08-30,254.9722442626953,258.928145422764,252.7325011017951,258.5597272905954,22767100.0,-0.008521034540661332,-0.008557546114355954
2022-08-31,253.51788330078125,258.9863379304906,253.3821269343252,257.31867689878567,24791800.0,-0.005703997178671871,-0.005720327097392878
2022-09-01,252.4803924560547,252.9555101006961,247.64216387595835,250.9969258611679,23263400.0,-0.004092377355074617,-0.004100774047401347
2022-09-02,248.27239990234375,256.68840643713196,246.7307604021961,253.7408837951921,22855400.0,-0.016666611267420972,-0.01680706197816686
2022-09-06,245.54788208007812,249.98857705648493,244.27772561001785,248.40817526683784,21328200.0,-0.010973905369011216,-0.011034562843001089
2022-09-07,250.24066162109375,250.9581464072949,245.5187784892074,246.95376285633063,24126700.0,0.019111464131811307,0.018931134059978472
2022-09-08,250.65760803222656,252.5095226601968,247.04105284590432,249.6783453321023,20319900.0,0.0016661817005747537,0.0016647951597840256
2022-09-09,256.41693115234375,257.1635319672501,252.37377054080144,252.57737549512015,22084700.0,0.022976853426993182,0.0227168605424416
2022-09-12,258.5403137207031,259.31600091262334,257.09563886057305,257.69677794091064,18747700.0,0.008280976450411703,0.008246877285178238
2022-09-13,244.32620239257812,252.48041678186516,243.9383587650543,250.96786362132625,33353300.0,-0.05497831701202416,-0.05654740679080489
2022-09-14,244.54920959472656,246.49807394155667,242.26098391432333,245.8193660691324,23913000.0,0.0009127437006946071,0.0009123274034588897
2022-09-15,237.9172210693359,243.75412313348235,236.5985823888046,242.1737066610615,31530900.0,-0.027119239258149186,-0.02749375236141028
2022-09-16,237.2967071533203,237.83967345913703,234.69820652512584,236.83129478142976,39791800.0,-0.002608108455649627,-0.00261151549575056
2022-09-19,237.08338928222656,237.68452841666505,233.5250071893504,235.0957332088687,26826900.0,-0.0008989499839789916,-0.0008993542818296968
2022-09-20,235.07630920410156,236.10406881216943,232.3517727501466,234.7078762922614,26660300.0,-0.008465713621698567,-0.008501751309227094
2022-09-21,231.6827850341797,240.12789337863492,231.634302730604,236.8409944044197,28625600.0,-0.014435840776177433,-0.014541051287964736
2022-09-22,233.6510467529297,236.44346175605511,230.3447666716902,230.6356309055808,31061200.0,0.008495502669564559,0.008459618976865925
2022-09-23,230.68411254882812,233.79649299504183,228.0468350078117,232.2548385862269,34176000.0,-0.012698142145448621,-0.01277945261369151
2022-09-26,230.22840881347656,234.10675645335732,229.69513305404857,229.84057996737735,27694200.0,-0.001975444820696559,-0.001977398585276469
2022-09-27,229.22006225585935,234.44613550367384,227.36814756715876,232.6814800927302,27018700.0,-0.004379766002006069,-0.004389385274171501
2022-09-28,233.73831176757812,234.95998588678188,227.5911198226186,229.6078622695972,29029700.0,0.01971140513292169,0.01951965111800289
2022-09-29,230.27688598632812,232.6523709038743,227.28086605201815,231.6246111693645,27484200.0,-0.014808979131721967,-0.014919726796493348
2022-09-30,225.81675720214844,233.224399677071,225.65192922341265,231.04282940218872,35694800.0,-0.019368547412285664,-0.019558575439788218
2022-10-03,233.41835021972656,234.26188606885609,227.5232602290519,228.25045038719023,28880400.0,0.03366266131779261,0.03310847654858895
2022-10-04,241.31076049804688,242.74574477777827,237.5293632112238,237.63601834790975,34888400.0,0.03381229569522204,0.03325322739762161
2022-10-05,241.6210479736328,242.95908260476145,236.67616375353109,238.50868236825332,20347100.0,0.001285841853655878,0.0012850158670025588
2022-10-06,239.2843475341797,242.72638403117548,238.59594911161383,240.38967602221575,20239900.0,-0.009670930819355328,-0.009717997972091066
2022-10-07,227.11602783203125,233.98070446797664,226.07856280672056,233.57346497384196,37769600.0,-0.05085296981412579,-0.05219156067017339
2022-10-10,222.27781677246097,227.426321306338,219.83445342266864,225.96225028205052,29743600.0,-0.02130281647558796,-0.021532996326638448
2022-10-11,218.5545654296875,222.09355135270337,217.2940996232981,220.69734398530096,30474000.0,-0.01675044049305574,-0.016892315667324072
2022-10-12,218.88421630859375,220.9300450129457,217.14866247633316,218.54485501658385,21903900.0,0.0015083230050954022,0.0015071866284900241
2022-10-13,227.11602783203125,228.91945995498912,212.46557001660585,213.163673728378,42551800.0,0.037608063579293916,0.03691812536547248
2022-10-14,221.6087951660156,230.02481774633813,221.39548484935543,228.3765080640144,30198600.0,-0.02424854255591613,-0.02454737925705667
2022-10-17,230.3059844970703,231.69250151345716,227.98867230404576,228.64799911599317,28142300.0,0.03924568663684713,0.038495148684308006
2022-10-18,231.2464599609375,236.5113093692739,228.2116484355252,235.8423068812293,26329600.0,0.00408359107958467,0.004075275851173682
2022-10-19,229.2878875732422,232.3226990610641,227.1644900654512,229.83085382652337,19985700.0,-0.008469631872531802,-0.008505703021869782
2022-10-20,228.96795654296875,233.9710288478756,227.72688640768192,228.59952355559247,21811000.0,-0.0013953246011358944,-0.0013962989729893098
2022-10-21,234.75636291503903,235.609604075632,227.3681158672251,227.6008220368562,26299700.0,0.025280421153533794,0.02496615678694984
2022-10-24,239.73036193847656,240.30241466092303,233.96132282043845,236.34649831848267,24911200.0,0.02118791994250513,0.020966577038399107
2022-10-25,243.03662109375,243.4050540025671,238.35351526216095,239.74001722910089,34775500.0,0.013791574536236473,0.013697336246509656
2022-10-26,224.28485107421875,231.05256356203463,223.06316209926047,224.13940416091688,82543200.0,-0.07715615011080101,-0.08029523550937433
2022-10-27,219.8538055419922,226.58274025958372,218.9133051682239,224.01332637862237,40424600.0,-0.019756330001798772,-0.019954095368723803
2022-10-28,228.6964569091797,229.40426599695735,219.1751212635659,219.35934514135127,40647700.0,0.04022059725274363,0.039432803403576744
2022-10-31,225.0702209472656,227.7753619981535,224.12001509457988,226.65063759786585,28357300.0,-0.01585610905792978,-0.01598316198835515
2022-11-01,221.23062133789065,228.57040061346953,220.41617196573657,227.4650722384831,30592300.0,-0.017059562980899945,-0.01720675373377474
2022-11-02,213.4060821533203,224.26545245124476,213.34789451187777,222.48141610977817,38407000.0,-0.03536824666156746,-0.036008853230113
2022-11-03,207.7339630126953,213.7066209959051,207.47217044537365,213.3963461317135,36633900.0,-0.026578994766184305,-0.0269386025739682
2022-11-04,214.65684509277344,214.8507595155396,206.93892679101333,210.93363491466295,36789100.0,0.03332571130727935,0.03278244664154112
2022-11-07,220.93978881835935,221.46337409255833,214.55021392738465,215.23862721909845,33498000.0,0.02926971055998906,0.028849531894992696
2022-11-08,221.9093780517578,224.60482880222665,218.97153054463013,221.74455003259663,28192500.0,0.004388477234381627,0.0043788759479325605
2022-11-09,217.68197631835935,221.6766848972125,217.5074577563998,220.45499578460004,27852900.0,-0.01905012654495597,-0.019233918117760252
2022-11-10,235.5902404785156,235.92960183972272,227.85294051339187,228.2698558137152,46268000.0,0.08226801530855932,0.07905885336316205
2022-11-11,239.5946044921875,240.44784564522817,234.5721369704996,235.59991144789905,34620200.0,0.016997155763067706,0.01685432036936338
2022-11-14,234.2036895751953,236.4919149668779,231.93486006162664,234.6303101253816,31123300.0,-0.022500151572352967,-0.022757142183858894
2022-11-15,234.61094665527344,239.4879676468522,232.7299456758309,238.18872473342853,31390100.0,0.0017389012137973836,0.0017373910754824935
2022-11-16,235.03872680664065,237.05143476413045,233.76499097023776,236.06938283193108,24093300.0,0.0018233597258177081,0.0018216994233855356
2022-11-17,234.9901580810547,236.5167067424555,231.05227616886512,231.19811815212495,23123500.0,-0.00020664137457615528,-0.0002066627278466954
2022-11-18,234.5428771972656,236.9931261385697,232.41349542511935,236.76948200355855,27613500.0,-0.001903402625206163,-0.0019052163979082365
2022-11-21,235.34988403320312,237.8973557920272,234.51368886128463,234.74703599252672,26394700.0,0.0034407646293976857,0.003434858742081741
2022-11-22,238.24740600585935,238.5196542333606,234.0469941841152,236.8472637864728,19665700.0,0.012311550458412146,0.01223637967148394
2022-11-23,240.726806640625,241.40742716232413,237.50843223083615,238.32517685687512,19508500.0,0.010406831605564992,0.01035305331945494
2022-11-25,240.6392822265625,241.8157801407715,239.9003101451617,240.46425705702575,9200800.0,-0.0003635839950021369,-0.0003636501076883431
2022-11-28,235.0679168701172,239.8225578203936,234.13449861777707,239.26834351489455,24778200.0,-0.02315235195557086,-0.023424577641070612
2022-11-29,233.6775054931641,236.069402727706,231.61619326885713,234.71787945747192,17956300.0,-0.0059149346940499115,-0.005932497208595967
2022-11-30,248.0775604248047,248.26230347666475,233.2205218203915,233.910875092645,47594200.0,0.06162362483821471,0.05979945778053395
2022-12-01,247.64002990722656,249.0304395252054,243.97438162172944,246.8427208792038,26041500.0,-0.0017636843768896737,-0.0017652414992979657
2022-12-02,247.9608612060547,248.9720667058495,242.778397783122,242.90480403425175,21528500.0,0.0012955550802844495,0.001294716572944918
2022-12-05,243.2743225097656,246.79412899432043,241.19355948803093,245.03421833383436,23435300.0,-0.018900316257550842,-0.019081210162809063
2022-12-06,238.3349151611328,244.88835294425144,237.03201078829815,243.8771473447241,22463700.0,-0.02030385820285041,-0.020512814786534356
2022-12-07,237.6056976318359,239.3461577438851,235.5054989098059,238.0529711038157,20481500.0,-0.003059633662167771,-0.0030643239106457956
2022-12-08,240.5517578125,241.8546767818727,236.3318961563343,238.0626230998569,22611800.0,0.012398945858735022,0.012322708458277036
2022-12-09,238.62660217285156,241.43660437225947,237.4014851890443,237.9265310859859,20609700.0,-0.008003082817416018,-0.008035279380939895
2022-12-12,245.52032470703125,245.5494930971703,240.32814355248385,240.600391751391,30665100.0,0.02888916185960766,0.028479736628147578
2022-12-13,249.8083038330078,256.61453937496145,246.06486835036688,254.44625651294808,42196900.0,0.01746486418626736,0.017314106226118654
2022-12-14,250.1000213623047,255.3213722959426,247.2705680748309,250.01251616861,35410900.0,0.0011677655419009003,0.0011670842340740935
2022-12-15,242.11724853515625,247.1635885966975,240.49347691697452,246.69687943873564,35560400.0,-0.031918321252697,-0.03243881639407596
2022-12-16,237.91680908203125,242.92424748334844,236.7694646066407,241.6699621291789,86102000.0,-0.01734878237109605,-0.017501036009138948
2022-12-19,233.7942047119141,238.42245470858504,232.1023783936972,238.0821369724473,29696400.0,-0.017327923932838774,-0.017479809538842723
2022-12-20,235.10682678222656,236.18610187706696,231.8203825618914,232.7732513908985,25150800.0,0.005614433736413238,0.005598731548502781
2022-12-21,237.6640167236328,238.82107914890844,233.463604755998,234.99987114249353,23690600.0,0.01087671496572451,0.010817988948521876
2022-12-22,231.59674072265625,235.29155709825017,227.39631414751827,234.58175331390825,28651700.0,-0.02552879516478035,-0.025860309126587155
2022-12-23,232.12179565429688,232.25791977065128,227.46439246807083,229.57432368977197,21207000.0,0.002267108466217138,0.002264542453372814
2022-12-27,230.4007873535156,232.3162427208361,229.30206179925912,232.09261343652005,16688600.0,-0.007414246886769726,-0.007441869031510906
2022-12-28,228.0380401611328,233.08437961165023,227.6880046259404,230.33271426152407,17457100.0,-0.010254944089047369,-0.010307888299151401
2022-12-29,234.3386688232422,235.2234829457409,229.12703678909463,229.12703678909463,19770700.0,0.027629726416072087,0.027254913838369046
2022-12-30,233.1815948486328,233.3177189415319,230.10906265300991,231.6161603620868,21938500.0,-0.004937614352849895,-0.004949844646188956
2023-01-03,232.94825744628903,238.9474656895386,230.82859367762717,236.3513749637393,25740000.0,-0.0010006681809310303,-0.0010011691835880247
2023-01-04,222.7583770751953,226.42401047503648,219.7052947992431,225.8503455985308,50623400.0,-0.04374310622797084,-0.044728684694013594
2023-01-05,216.1563262939453,221.25128535832076,215.62154764960167,220.9109676292611,39585600.0,-0.029637721678235196,-0.030085794406107848
2023-01-06,218.7037811279297,219.51080795719037,213.2782522890228,216.82721193090404,43613600.0,0.01178524301213435,0.011716337883129788
2023-01-09,220.83314514160156,224.8391105735464,220.1428067767752,220.18169301907503,27369800.0,0.009736292636048693,0.009689200361617002
2023-01-10,222.51528930664065,224.90718660058684,221.03735973961676,221.45544993887123,27033900.0,0.007617263087751125,0.007588398227431242
2023-01-11,229.2437286376953,229.41873899259983,224.71271707723935,224.88772743214392,28669300.0,0.03023809892803553,0.029789939535063478
2023-01-12,231.9078826904297,233.25940599267489,227.09490487805533,228.74784480479596,27269500.0,0.011621491539011375,0.011554480683898125
2023-01-13,232.60792541503903,232.7440495138857,228.41723190438844,230.4396576846913,21333300.0,0.0030186241040535133,0.0030140772062648372
2023-01-17,233.6969451904297,234.24144161412065,230.52717483814848,231.38282055332843,29831300.0,0.0046817827614753504,0.004670857303704654
2023-01-18,229.2826232910156,235.67076853478864,229.0006572078567,234.88319223600368,30028700.0,-0.01888908687196167,-0.019069764515122517
2023-01-19,225.510009765625,229.0006473536565,224.29461063179636,227.3088064182575,28623000.0,-0.016453987970131645,-0.01659085828206313
2023-01-20,233.57052612304688,234.07613627577243,228.0185768034781,228.3588944678233,35389800.0,0.035743496999531166,0.035119523413092116
2023-01-23,235.86520385742188,238.38350713722812,233.01630075916648,234.4261755313061,31934000.0,0.009824346301151587,0.009776401174963244
2023-01-24,235.34019470214844,237.1973284246372,233.7844924737383,235.7874681801221,40234400.0,-0.0022258864244799614,-0.002228367391918839
2023-01-25,233.9497528076172,236.5652941592754,224.50852565701223,227.98943061234027,66526600.0,-0.00590822105969202,-0.005925743650050764
2023-01-26,241.1351776123047,241.43659421049372,235.30126202491024,236.90558287687787,33454500.0,0.030713538776834026,0.030251318490818
2023-01-27,241.290771484375,242.914543005232,239.9975849790759,242.0977983186481,26498900.0,0.0006452558005471953,0.0006450477125316466
2023-01-30,235.9916076660156,238.80160965707887,235.49571536167772,237.7417704170005,25867400.0,-0.02196173432477322,-0.022206483255452485
2023-01-31,240.950439453125,241.08656355946167,236.22496713827303,236.7111267803919,26541100.0,0.021012746326671605,0.0207950232639278
2023-02-01,245.75369262695312,248.11642130402413,238.6752096108031,241.13517614830616,31259900.0,0.0199346105561371,0.01973851794331426
2023-02-02,257.27569580078125,257.3632009780913,250.12914292548697,251.6556913662783,39940400.0,0.04688435421118253,0.04581847135727976
2023-02-03,251.19873046875,256.88680506414505,249.98333118224824,252.3557929633264,29077300.0,-0.023620440761481398,-0.023903875505780072
2023-02-06,249.6623992919922,251.15004653464848,247.72749350962195,250.3138662354951,22518000.0,-0.006115998969783543,-0.006134778300212531
2023-02-07,260.15374755859375,261.33024559426707,252.88078856760495,253.31834411841427,50841400.0,0.04202213988311243,0.04116319059404207
2023-02-08,259.34674072265625,269.0991022332483,258.84111568990085,265.63764785701306,54686000.0,-0.003102038096744031,-0.0031068593900595767
2023-02-09,256.3228454589844,266.39609026500864,255.5255363984652,266.2210502148411,42375100.0,-0.011659661714837677,-0.011728168602564442
2023-02-10,255.81723022460935,256.7798168982394,253.4447686061317,254.29068170390744,25818500.0,-0.001972571869158446,-0.001974519951290844
2023-02-13,263.8097229003906,266.9989295409681,259.7551376978075,260.2315944105398,44630900.0,0.031242980266668496,0.030764851629446224
2023-02-14,264.63616943359375,267.3586517330217,261.8261522809417,265.12232910655104,37047900.0,0.0031327372020901745,0.003127840405154713
2023-02-15,262.5208740234375,263.8952813592712,259.4601307903443,261.5461195793408,28922400.0,-0.007993221087970181,-0.008025338139937844
2023-02-16,255.53192138671875,260.0060415876993,255.28823272818724,257.3547077929904,29603600.0,-0.026622464452463968,-0.026983260185299097
2023-02-17,251.54522705078125,253.52397815006816,249.53723449671304,252.84166762278508,30000100.0,-0.015601551126381952,-0.01572453617389535
2023-02-21,246.29129028320312,249.0401059222705,245.23855332825676,248.0555940681639,28397400.0,-0.020886648612567282,-0.0211078603271454
2023-02-22,245.1605682373047,247.9191260368641,244.0201069347721,247.67543734298337,22491100.0,-0.004590994852470276,-0.004601565835967097
2023-02-23,248.3382568359375,250.35599131241565,244.15655088158255,249.1083064975943,29219100.0,0.012961662723660172,0.012878379262794348
2023-02-24,242.9283447265625,244.66340673985152,241.83662432455813,243.6496684913582,24990900.0,-0.021784449074831902,-0.022025233512783873
2023-02-27,243.84461975097656,246.43747061453573,243.09405452761465,246.08655835575647,21190000.0,0.003771791329848284,0.0037646959608345952
2023-02-28,243.1233062744141,245.14105556625483,242.4507231771338,242.7821510664902,22491000.0,-0.0029580864949946273,-0.0029624702800619407
2023-03-01,240.0528259277344,244.59517118131993,239.58493299824488,244.4294646797165,27565300.0,-0.01262931305818138,-0.01270974071388666
2023-03-02,244.77064514160156,245.0533174507925,239.4094944705545,240.32576623774196,24808200.0,0.019653254218666927,0.01946262265670847
2023-03-03,248.8451232910156,249.16679413004076,245.04358587267615,245.82339261513917,30760100.0,0.016646106182613973,0.016509078319777232
2023-03-06,250.38525390625,253.55320692008516,249.517722752789,249.956359426143,24109800.0,0.006189113111263467,0.006170039210606886
2023-03-07,247.73388671875,251.18452648625785,246.99307854410944,249.82960325303648,21473200.0,-0.010589150703310679,-0.010645614717328505
2023-03-08,247.2952423095703,248.11403261472032,244.47820207332853,247.62665530828696,17340200.0,-0.0017706274058408855,-0.0017721968193840718
2023-03-09,245.9501190185547,253.0073336989174,245.22879516854297,249.36176055143883,26653400.0,-0.00543934156780812,-0.005454188649527995
2023-03-10,242.3142547607422,246.40822131411625,241.34925717678095,244.74139919259653,28333900.0,-0.014782933516442887,-0.014893290023879811
2023-03-13,247.50970458984375,251.3989810865607,239.5264614444424,241.15429996225072,33339700.0,0.021440958288778678,0.021214334573078655
2023-03-14,254.20626831054688,254.47919841708625,249.40072024994075,250.26825127577845,33620300.0,0.02705576224496009,0.02669622571874308
2023-03-15,258.7388610839844,259.75261418809725,252.6661292714571,253.41670934490335,46028000.0,0.017830373749479378,0.017673277279367985
2023-03-16,269.2272033691406,269.57810070864684,256.6333622072751,258.51463124296953,54768800.0,0.040536401224058105,0.03973635059718997
2023-03-17,272.375732421875,276.177270273355,269.3442592079885,271.2352859400092,69527400.0,0.011694691373432153,0.011626836982010016
2023-03-20,265.35748291015625,270.47494508940247,263.0375619626868,269.98756773899805,43466600.0,-0.025766794454538222,-0.026104573253740982
2023-03-21,266.86834716796875,268.0575491212291,262.7158825243108,267.94058331388436,34558700.0,0.0056936938097353895,0.005677545999931344
2023-03-22,265.416015625,273.9451208577967,265.30877711926536,266.4979792673245,34873300.0,-0.005442127394953422,-0.005456989716535149
2023-03-23,270.6504211425781,273.9645815107582,268.2525326655101,270.9233512964952,36610900.0,0.019721513433363036,0.019529563972060907
2023-03-24,273.4869079589844,273.54539085578926,268.33044774491924,270.2409584505626,28172000.0,0.010480260124598129,0.010425722910315243
2023-03-27,269.4027404785156,274.35448184903447,268.56443586925224,273.4187255560144,26840200.0,-0.014933685531598684,-0.01504631574282704
2023-03-28,268.2817077636719,269.16873798129603,265.18196566074795,268.82756793649463,21878600.0,-0.004161177844191788,-0.004169859637411193
2023-03-29,273.4284362792969,274.0425364680911,271.3814455656998,271.9175487241211,25087000.0,0.019184045600897814,0.01900235186796619
2023-03-30,276.87908935546875,277.2787423935812,274.3739921244632,277.05456782750633,25053400.0,0.012619949567524769,0.012540981690360305
2023-03-31,281.0217590332031,281.96727225154604,275.8555711889492,276.5671528059377,32766000.0,0.014962017129490857,0.014851190246247436
2023-04-03,279.9787902832031,280.99251370652144,276.781596204477,279.2866930601582,24883300.0,-0.0037113451769290595,-0.0037182493061383524
2023-04-04,279.92999267578125,283.11745895747976,278.45813359566927,279.97874824950554,25824300.0,-0.00017429037168326111,-0.00017430556201513656
2023-04-05,277.1617126464844,279.90077062602654,275.7775778065867,278.63360157573726,22064800.0,-0.009889186945763018,-0.00993840973944549
2023-04-06,284.2384338378906,284.70629698554035,274.9100256186965,276.0602288528665,29770300.0,0.02553282386601685,0.02521230568848481
2023-04-10,282.0843200683594,282.2890102574726,277.52244476659155,281.9088415876765,23103000.0,-0.007578545028009143,-0.0076074081196768305
2023-04-11,275.68988037109375,278.76038171504166,274.52994955434735,278.53617740745267,27276600.0,-0.022668540015680527,-0.02292942144194059
2023-04-12,276.333251953125,279.7644081756239,274.84187817369144,277.6004511479009,27403400.0,0.002333678628918978,0.0023309598299944985
2023-04-13,282.52288818359375,282.58137108364906,276.02129123451107,276.4306715348985,24222700.0,0.022399172689932856,0.022151995456467944
2023-04-14,278.91632080078125,281.197243201843,276.5281599154827,279.75459555412215,20987900.0,-0.012765575936165674,-0.01284775603395356
2023-04-17,281.5091247558594,284.238455563406,278.9357880056503,282.61060224538903,23836200.0,0.009295992244677809,0.00925305042815852
2023-04-18,281.0899963378906,284.39442891149264,279.76434427989847,284.2092231464568,20161800.0,-0.0014888626375156866,-0.001489972094848835
2023-04-19,281.16796875,281.75279769664104,277.3566747962618,278.7700510801762,17150300.0,0.00027739305249285806,0.0002773545861534382
2023-04-20,278.88702392578125,281.7333204424285,277.88302787911294,278.0487492496202,23244400.0,-0.008112392156045534,-0.008145476660429909
2023-04-21,278.5458984375,279.04300308117706,275.91404898236954,277.8148324496472,21676400.0,-0.001223167300792083,-0.0012239159804842284
2023-04-24,274.6566467285156,277.75638957147896,271.6836565150722,274.9685754009273,26611000.0,-0.013962696025326848,-0.014061091449462822
2023-04-25,268.4669189453125,274.4908950976734,268.41816336812605,272.45366159943416,45772200.0,-0.022536238816464382,-0.02279406076785514
2023-04-26,287.9132995605469,292.0072813214267,285.3399625443694,289.20974000859206,64599200.0,0.07243492304985133,0.06993169217006583
2023-04-27,297.1344299316406,297.49511411918564,287.7962940057379,288.49811850361414,46462600.0,0.03202745543595342,0.031525270810094104
2023-04-28,299.5031433105469,301.13096702652024,295.6528502866571,296.33519048615636,36469600.0,0.00797185765194297,0.007940250263346126
2023-05-01,297.84600830078125,300.80927056527844,297.44635535169203,299.2204158338492,21294100.0,-0.005532946971602892,-0.0055483104189981034
2023-05-02,297.6998596191406,301.3746744145902,296.2377274555762,299.9905392914893,26404400.0,-0.0004906853795839661,-0.0004908058050504566
2023-05-03,296.7152404785156,300.81894827106834,296.41306898708916,298.87919648794815,22360800.0,-0.0033074222536908504,-0.003312903864678264
2023-05-04,297.6998596191406,299.9905392914893,295.74059300087464,298.5088929942314,22519900.0,0.0033183975957455925,0.003312903864678243
2023-05-05,302.8075256347656,304.0942089102195,296.58858621722317,298.00199235653776,28197100.0,0.017157099174179846,0.017011578267630976
2023-05-08,300.8580322265625,302.36891985995953,298.3626625741606,302.30067989163814,21318600.0,-0.006438061287005525,-0.006458874984907942
2023-05-09,299.24969482421875,302.2129574604757,298.5771116971217,300.22444953048654,21340800.0,-0.005345835012084965,-0.005360175117463862
2023-05-10,304.4256286621094,305.09821176430125,299.9027824610233,300.8287815493971,30078000.0,0.017296371316037673,0.017148491835914083
2023-05-11,302.2812194824219,303.2657314235519,298.5284370179185,302.27149216175627,31680200.0,-0.007044115139424267,-0.007069042046114088
2023-05-12,301.1699523925781,302.8075331032812,298.8597885779878,302.71005168658775,19774700.0,-0.003676269044257885,-0.003683043128634755
2023-05-15,301.6476135253906,302.07650801921994,299.8248268001941,301.2967160743426,16336500.0,0.0015860185553633332,0.0015847621562071743
2023-05-16,303.8699951171875,305.79026290466595,302.0082102270211,302.0082102270211,26730300.0,0.0073674761282664925,0.007340468845235195
2023-05-17,306.7420654296875,307.1621190650021,303.5574089684494,305.0715994717328,24315000.0,0.00945164168443946,0.00940725438852888
2023-05-18,311.1575622558594,311.6655618014146,306.4685237275618,307.25979860655974,27276000.0,0.014394820025700028,0.014292198246244737
2023-05-19,310.981689453125,311.3822160378819,309.0572240548509,309.41866687685257,27546700.0,-0.000565221045759956,-0.0005653808433920679
2023-05-22,313.75616455078125,315.13357706437006,310.659453353748,311.23581238076383,24115700.0,0.008921667068357841,0.008882104134150094
2023-05-23,307.9728698730469,315.26042587914117,307.9630914801306,312.6326020315771,30797200.0,-0.018432449561635145,-0.018604443957484007
2023-05-24,306.5955505371094,309.1842914063532,305.38419212471825,307.45521463229585,23384900.0,-0.00447220995961517,-0.004482240206662186
2023-05-25,318.3865661621094,319.3438949651791,312.6033903237595,315.7684901108892,43301700.0,0.038457882393739595,0.037736807318769106
2023-05-26,325.1954345703125,325.69362591247574,316.3936865085404,316.53043497879963,36630600.0,0.021385539252734453,0.021160077360217442
2023-05-30,323.55419921875,327.9794888093755,322.8801459197919,327.48129753653654,29503100.0,-0.0050469200274324555,-0.005059698741879057
2023-05-31,320.7994384765625,328.1749119576372,319.7639124360726,324.60928590262876,45950600.0,-0.008514062709861658,-0.008550514390506445
2023-06-01,324.8926086425781,325.82066191290807,317.2143019258067,318.3963251868189,26773900.0,0.012759280955894514,0.012678567172120707
2023-06-02,327.64739990234375,329.6988654721622,324.8632701870316,326.5239875083562,25873800.0,0.008479082584474051,0.008443337080989877
2023-06-05,328.1749572753906,330.734392827561,326.924544875392,327.47159843712996,21307100.0,0.0016101375234600646,0.001608842641809851
2023-06-06,325.9671936035156,327.61813272213266,324.49211655757586,327.5790489490728,20396200.0,-0.006727398367640691,-0.006750129316162142
2023-06-07,315.9052734375,326.75845825838536,315.045609330463,323.9841067025186,40717100.0,-0.030867892117555473,-0.03135434214003047
2023-06-08,317.74188232421875,319.08998948746154,315.8760268835758,316.45238592353536,23277700.0,0.005813796226741719,0.005796961331710072
2023-06-09,319.2364807128906,322.36249701135495,316.9114880172706,317.4780685960809,22529000.0,0.004703812974667265,0.0046927846164509434
2023-06-12,324.1794738769531,324.42369526305714,317.64410719983425,320.98503906691633,24260300.0,0.015483797945097688,0.015365147154842348
2023-06-13,326.5630798339844,329.1909043563213,322.75323214002157,326.738912078587,22951300.0,0.007352735595887783,0.007325836012057473
2023-06-14,329.54254150390625,331.20325873096044,325.11725150881233,326.6118850882896,26003800.0,0.009123694177053165,0.009082324717145865
2023-06-15,340.05389404296875,341.7536655006573,329.40584662971514,329.679373413851,38899100.0,0.03189680000370432,0.031398662062627446
2023-06-16,334.417236328125,343.3459850753044,334.04604484014123,343.1994581968657,46552000.0,-0.01657577758580675,-0.01671469301397524
2023-06-20,330.2362365722656,334.1730851991642,328.09685426062657,331.46712223435634,26375400.0,-0.012502345279108318,-0.012581157175865993
2023-06-21,325.8499450683594,329.923570971666,324.3943951235906,328.59499110748806,25117800.0,-0.013282284068624306,-0.013371282550925245
2023-06-22,331.8577575683594,332.2582841920234,325.6350018399905,326.3969713207667,23556800.0,0.018437359253627106,0.018269451851393094
2023-06-23,327.2762145996094,330.14826075055646,325.7425268104143,326.6314665032556,23146900.0,-0.013805743166351192,-0.013901928740148237
2023-06-26,321.004638671875,328.34102981665524,320.8971657453209,326.00628855643646,21520600.0,-0.019162944473086863,-0.019348933593282668
2023-06-27,326.8366394042969,328.38010561548896,321.6884329438187,324.1892578253604,24354100.0,0.018167964041115425,0.018004898664772652
2023-06-28,328.0870361328125,330.1678072397065,326.0941811528345,326.92453987884056,20259500.0,0.0038257544527280363,0.003818454865856282
2023-06-29,327.3055114746094,328.3410078355039,324.93168659890875,326.97337394490575,16997000.0,-0.002382065038030845,-0.0023849066684828385
2023-06-30,332.66864013671875,334.8080220472076,329.4058457163647,329.94312088694005,26832800.0,0.016385696158756513,0.016252899321512936
2023-07-03,330.1775207519531,333.02026113567905,328.79036003615676,331.34979527734635,12508700.0,-0.007488290401349018,-0.007516468406105318
2023-07-05,330.3338623046875,333.7529619318794,326.99293022093957,327.3445947298887,18172400.0,0.00047350756156361307,0.0004733954922339052
2023-07-06,333.3817443847656,335.0619888415349,327.7451250968569,329.50350728576706,28161200.0,0.009226671643087103,0.009184365936417969
2023-07-07,329.42535400390625,333.8897282258727,329.2104379854344,331.4768196689225,21214800.0,-0.01186744759573033,-0.011938427880733113
2023-07-10,324.1599426269531,327.48137758941004,320.0179571321777,326.8659348779879,32791400.0,-0.015983625161075765,-0.01611274097187742
2023-07-11,324.7851257324219,325.1660955778508,319.44156081618985,323.40771358997307,26698200.0,0.001928625419915786,0.0019267680096928985
2023-07-12,329.4057922363281,333.7529146882439,327.9111586604982,328.81965499219945,29995300.0,0.014226841495546427,0.014126589711421588
2023-07-13,334.7396240234375,335.7946473564409,331.18374612162296,331.711272694216,20567200.0,0.01619228293132946,0.016062586103520276
2023-07-14,337.2599182128906,343.30684144362357,336.3514219127962,339.55560494875635,28352700.0,0.007529118181947458,0.007500915842350766
2023-07-17,337.7386779785156,338.9695335941496,334.29027291358,337.689815809939,20363900.0,0.001419557260649018,0.001418550641763711
2023-07-18,351.18060302734375,358.30210756551196,334.2609666964125,337.8363418414127,64738600.0,0.039799779904637456,0.03902817529659371
2023-07-19,346.8725280761719,354.0819486228708,344.293565577068,353.388368189592,39732900.0,-0.012267405756565819,-0.01234327146732785
2023-07-20,338.8523254394531,349.69576227029717,337.38699694372247,345.39747131192405,33778400.0,-0.023121469668412442,-0.02339296390982946
2023-07-21,335.8239440917969,342.20300571747845,331.97501253322577,341.07959326630163,69405400.0,-0.008937171505990937,-0.00897734757600507
2023-07-24,337.1329345703125,338.9011247209187,334.3976671440658,337.85585009967554,26678100.0,0.0038978473737352193,0.0038902704494083043
2023-07-25,342.86724853515625,343.7562178269047,337.09385224182984,339.0866769937066,41637700.0,0.01700905897002425,0.016866024568564404
2023-07-26,329.9626159667969,336.70314999869004,325.41032580255074,333.5477989926325,58383700.0,-0.03763740229926393,-0.038363978646352256
2023-07-27,323.0755615234375,333.44030197626535,321.44414968283064,332.6099731824386,39635300.0,-0.020872226458685805,-0.021093130625375645
2023-07-28,330.54876708984375,332.1508737419497,325.46897998950345,325.95742277677743,28484900.0,0.023131448046292746,0.022867971428881407
2023-07-31,328.1553955078125,329.89425053304086,325.6545411607463,329.13228102338303,25446000.0,-0.007240600541646325,-0.007266940913504547
2023-08-01,328.5657043457031,330.7148646247149,325.98674182307207,327.44229185029457,18311900.0,0.0012503492050028875,0.0012495681694126904
2023-08-02,319.92999267578125,325.9183054002414,318.81632892578153,325.9183054002414,27761300.0,-0.026283058626337175,-0.0266346321823055
2023-08-03,319.1094665527344,322.25503950417715,318.4158860961526,318.4647184532504,18253700.0,-0.0025647052224903044,-0.0025679997130664467
2023-08-04,320.20355224609375,327.393445572908,319.67602568873457,324.20878906184083,23741500.0,0.0034285591874743115,0.003422695078231111
2023-08-07,322.4796447753906,323.45653023504116,319.94951501235715,320.7798736154958,17741500.0,0.007108267579578831,0.0070831229318601245
2023-08-08,318.5135192871094,321.151122177393,315.5340303066097,319.4024887084689,22327600.0,-0.012298839795124694,-0.012375096415636791
2023-08-09,314.7818298339844,319.5490060989431,313.62908227048086,318.9238148724649,22373300.0,-0.011715953098245802,-0.011785125689449737
2023-08-10,315.4656677246094,320.6724848006537,313.75611788086866,318.48424072838094,20113700.0,0.002172418563630707,0.002170062274370179
2023-08-11,313.59002685546875,314.9576606059445,311.83161505156005,312.8573627235517,24355500.0,-0.005945625977841762,-0.005963371586104076
2023-08-14,316.54998779296875,316.5695147707091,312.68149972344554,313.9612471638397,18836100.0,0.009438951127308082,0.00939468257589403
2023-08-15,314.4203796386719,317.5757308061961,313.482577825794,315.53404351386234,16966300.0,-0.00672755721503826,-0.006750289239440012
2023-08-16,313.6567687988281,317.59218190962685,313.0693905863645,314.0483443153716,20698900.0,-0.002428630232942597,-0.0024315841389462543
2023-08-17,310.2109069824219,315.09587723168505,309.5549947446499,313.7938817302348,21257200.0,-0.010986091037035295,-0.011046883795056752
2023-08-18,309.8193664550781,311.679373042675,304.9931006267398,307.8712277189821,24755000.0,-0.0012621752444247347,-0.0012629724584850598
2023-08-21,315.1057434082031,315.9769970024674,310.3676092556973,311.23886284996155,24040000.0,0.017062771167636104,0.016918837057119152
2023-08-22,315.67340087890625,319.2172084832267,314.6944471815671,318.6494284839002,16084600.0,0.0018014824628815873,0.0017998617395274218
2023-08-23,320.117919921875,322.2716304158125,316.65241480901244,317.00485374224843,21166400.0,0.014079485413069914,0.013981290078145435
2023-08-24,313.23583984375,325.97203798658785,313.2260407459276,325.84476921608996,23281400.0,-0.021498578023387727,-0.021733038926201275
2023-08-25,316.1825256347656,318.5124107055097,312.0904758312742,314.70429575926823,21684100.0,0.009407243412776545,0.009363270857042047
2023-08-28,316.8873596191406,319.285778523708,314.94902032407407,318.8061007178544,14808500.0,0.002229199678128957,0.002226718698907739
2023-08-29,321.49822998046875,322.0562408320529,315.1056626837717,315.1056626837717,19284600.0,0.014550502635604756,0.01444565985851338
2023-08-30,321.8702392578125,322.86876141280084,319.57949087262745,321.75276957784916,15222100.0,0.0011571114322039833,0.001156442494744442
2023-08-31,320.8619079589844,323.9456064626788,319.9025224771531,322.27160382501023,26411000.0,-0.0031327260984215233,-0.0031376433571273224
2023-09-01,321.74298095703125,325.00288418337306,319.9025429102048,324.33720272503615,14942000.0,0.002745956987077136,0.0027421937347682068
2023-09-05,326.5300598144531,327.80271780347465,321.7429908017799,322.0758315411327,18553900.0,0.014878580546443088,0.014768980260704442
2023-09-06,325.8741455078125,327.42087936565457,323.23095829944674,326.3636224074877,17535800.0,-0.0020087409625114683,-0.0020107611884991917
2023-09-07,322.96661376953125,326.0698802204904,322.10512974677425,324.3175746347369,18381000.0,-0.008922253509097589,-0.0089622951654123
2023-09-08,327.23492431640625,329.0851616119029,322.5261582327596,323.14290399792515,19530100.0,0.013215949775913671,0.01312938100323392
2023-09-11,330.82763671875,331.29754527961506,328.3704532160462,330.1423571352341,16583300.0,0.01097900051422962,0.010919168817895581
2023-09-12,324.78753662109375,329.7019045004539,324.5036614898463,328.75231798743556,17565500.0,-0.01825754389072154,-0.018426269679562526
2023-09-13,328.9872131347656,329.76059500536803,324.2001445661415,324.3371825636095,16544400.0,0.012930534703895713,0.012847649079020074
2023-09-14,331.5716552734375,333.68616913545833,329.4864789543326,332.01216654665086,20267000.0,0.007855752550519846,0.007825056780566263
2023-09-15,323.2701416015625,330.29902307578516,322.71213073688756,329.829144347891,37679800.0,-0.025036861685384326,-0.025355615555791536
2023-09-18,322.13458251953125,323.44637721984947,319.49139491981464,320.901090989623,16834200.0,-0.0035127249191818644,-0.0035189090236466005
2023-09-19,321.7331848144531,322.45763099664185,317.6803313099975,319.3053983263758,16505900.0,-0.0012460559246345593,-0.001246832897819977
2023-09-20,314.01904296875,322.6534238453553,313.7645352608611,322.57512067569024,21436500.0,-0.023976829900689167,-0.02426895299497922
2023-09-21,312.8050842285156,318.5026021085826,308.3704250255411,312.5407774764578,35560400.0,-0.003865876186226025,-0.003873368000085978
2023-09-22,310.33819580078125,314.6847536524901,309.4962798834054,314.5574848611761,21447900.0,-0.007886343771612792,-0.007917605449353266
2023-09-25,310.8570556640625,310.98432446171176,308.3705041858595,309.92703743147536,17836000.0,0.0016719175090336158,0.0016705214108458316
2023-09-26,305.5706787109375,309.23195666524725,303.49527138826676,308.4977412546043,26297600.0,-0.017005812983179935,-0.01715207236535461
2023-09-27,306.20697021484375,307.6851701509051,303.1722074325514,305.7272625333357,19410100.0,0.002082305496687198,0.0020801405035269257
2023-09-28,307.0390930175781,308.84036447643473,302.9372740873856,304.4448414726015,19683600.0,0.0027175175083393732,0.0027138317335636476
2023-09-29,309.10467529296875,312.746384776468,308.35089159051364,311.06258297495117,24147300.0,0.0067274243650543575,0.006704896226883157
2023-10-02,315.0272521972656,315.11538431031136,308.5465842344421,309.6234391546905,20570000.0,0.019160424858289504,0.018979175468734663
2023-10-03,306.7944030761719,314.6260349402652,304.6602606879749,314.07779322449835,21033500.0,-0.02613376799521605,-0.02648132357556235
2023-10-04,312.24713134765625,313.3044183025866,307.391528310135,307.4208957324774,20720100.0,0.017773232551868245,0.017617135506530428
2023-10-05,312.638671875,313.24564832750764,308.27254628304615,312.3743651035606,16965600.0,0.0012539443538004402,0.001253158822185941
2023-10-06,320.3724670410156,322.26184092251725,309.6431106472469,309.8878491254301,25673600.0,0.024737167413210415,0.024436157672727787
2023-10-09,322.8785400390625,323.34841872912307,316.37827265710837,317.9152372482106,19891200.0,0.007822373193280718,0.007791937050966717
2023-10-10,321.47869873046875,324.1316555430621,320.7738506985827,323.99458765130214,20557100.0,-0.00433550433058949,-0.0043449298823689825
2023-10-11,325.423828125,325.81540366125716,322.21286092721374,324.23927254305164,20063200.0,0.012271822083735895,0.01219713369602039
2023-10-12,324.19036865234375,326.6083859172805,321.8017188086289,323.6127894514465,19313100.0,-0.0037903170144703013,-0.0037975184689617945
2023-10-13,320.8325500488281,326.8041445225291,319.49135820401887,325.3846793916084,21072400.0,-0.010357552007093984,-0.010411564732326973
2023-10-16,325.63922119140625,329.06555964733286,323.6421469834392,324.0826582883067,22158000.0,0.014981868709538881,0.014870748993843509
2023-10-17,325.0714111328125,326.4419405397074,320.51928173209353,322.65339394249423,18338500.0,-0.0017436783459815475,-0.0017452003225510474
2023-10-18,323.16241455078125,328.52709196343386,321.3905106177838,325.4923293025366,23153600.0,-0.005872545282831099,-0.005889856484027204
2023-10-19,324.34698486328125,329.78996567974724,323.9456102144574,325.1595033838665,25052100.0,0.003665557190945634,0.003658855408370927
2023-10-20,319.7948913574219,324.93439945615916,318.60056637565555,324.7385967213242,25027700.0,-0.014034641042765306,-0.014134057900089632
2023-10-23,322.3890686035156,325.7273046053134,317.5628335992071,318.620090545015,24374700.0,0.008112003400311707,0.008079277960856016
2023-10-24,323.5736389160156,324.8560661648909,320.7053110922139,324.32742268148115,31153600.0,0.003674350118728187,0.0036676161845111206
2023-10-25,333.5002746582031,338.913889121063,330.51444701213205,337.7587006877497,55053800.0,0.030678134892082376,0.030216968992653862
2023-10-26,320.9892272949219,334.44004510375515,320.0592090856676,333.3729888756814,37828500.0,-0.037514354001967565,-0.03823612618019883
2023-10-27,322.8687744140625,329.63334926048014,321.4884458683103,323.4757210351802,29856500.0,0.005855483484539903,0.005838406770306355
2023-10-30,330.2109069824219,332.3058824741977,324.84622935304117,326.39299310170355,22828100.0,0.022740299311024392,0.02248559287505511
2023-10-31,330.99407958984375,331.865362876774,327.64607407506094,331.71852577091533,20265300.0,0.0023717345213662977,0.002368926398251615
2023-11-01,338.7865905761719,340.1081843444484,332.5016932588563,332.6387611479277,28158800.0,0.023542750359717424,0.02326989403999546
2023-11-02,340.9891662597656,341.4884123407966,337.51386263532146,339.9318795140481,24348100.0,0.006501366184086033,0.006480323458025895
2023-11-03,345.37493896484375,346.9315020236901,340.02005970434163,342.27167169728,23637700.0,0.012861912163323774,0.012779900242554317
2023-11-06,349.0263977050781,350.01515060483416,345.9133317859224,346.0112331411466,23828300.0,0.010572448456099615,0.010516950943284422
2023-11-07,352.9422607421875,354.83163466533523,350.10330030774577,351.83603801636735,25833900.0,0.011219389315126227,0.011156918786680023
2023-11-08,355.5560302734375,356.211912585882,352.9617788165993,354.06800138493276,26767800.0,0.007405657587599812,0.0073783703426285735
2023-11-09,353.0988464355469,357.11256296700316,352.77577495327927,354.6749477041347,24847300.0,-0.0069108203171267535,-0.006934810628230024
2023-11-10,361.8899230957031,362.3108661279153,353.4709130749397,353.8820570074666,28042100.0,0.024896928293309806,0.02459204977147614
2023-11-13,358.96282958984375,360.7151655370174,358.1992466988061,360.4704270478989,19986500.0,-0.008088353167781559,-0.008121241357176835
2023-11-14,362.4772033691406,364.1218684157094,359.6186750774512,363.2016494775537,27683900.0,0.009790355684772267,0.009742740678880396
2023-11-15,362.6244201660156,366.0184671527949,360.1131840283514,364.2037205782202,26860100.0,0.00040614084280798934,0.00040605838994012033
2023-11-16,369.0004577636719,369.17701989618257,363.12460290925713,363.8897354194032,27182300.0,0.017583034244459395,0.01743024114207417
2023-11-17,362.8009338378906,367.2347751466243,360.00524677898665,366.4892506146671,40157000.0,-0.016800857005309644,-0.016943592379704938
2023-11-20,370.2463073730469,371.64904556813445,363.9290460653395,364.1448542442713,52465100.0,0.02052192494764382,0.02031418755205813
2023-11-21,365.9595947265625,369.0495522871196,364.0467481750121,368.5100468166504,28423100.0,-0.011578002430055911,-0.011645549378849932
2023-11-22,370.64849853515625,372.5515261398846,367.8233841555208,370.79563367244174,23345300.0,0.012812627066376647,0.01273123981265565
2023-11-24,370.2364807128906,370.766197129462,367.99014782412655,370.1383806452385,10176600.0,-0.0011116133584622157,-0.0011122316588413497
2023-11-27,371.3939514160156,373.3852898149662,369.02991062580026,369.59884307126106,22179200.0,0.0031263010627593513,0.003121424345006855
2023-11-28,375.4060363769531,375.70030662709087,370.9525569972749,371.1389381343408,20453100.0,0.010802774104534008,0.01074484099245543
2023-11-29,371.6294250488281,376.97553440384473,370.24629493974936,376.44584793002184,28963400.0,-0.01006007086240035,-0.010111015333252068
2023-11-30,371.6882629394531,372.8457658390955,368.313824366715,371.2762546529022,30554400.0,0.0001583240902338634,0.00015831155829781
2023-12-01,367.37213134765625,370.95255911244834,364.2331089605876,369.57924804408185,33040500.0,-0.011612235365365708,-0.011680183905619004
2023-12-04,362.1044921875,362.47722453595185,355.9834013927852,362.0652461744231,32063300.0,-0.01433870103546675,-0.014442493570595776
2023-12-05,365.4200744628906,365.9693989437116,358.65158858882313,359.46578625799856,23065000.0,0.009156424034844068,0.009114758131614387
2023-12-06,361.77093505859375,367.04840106048385,361.0156214613024,366.4206145498899,21182100.0,-0.009986149254828214,-0.010036345299681023
2023-12-07,363.8799743652344,364.3704447283438,359.3382140130918,361.2118143924818,23118900.0,0.005829764368160406,0.005812837048195652
2023-12-08,367.0974731445313,367.3230703614092,361.2118285564288,362.1633422956095,20154400.0,0.008842197993746748,0.008803334684435782
2023-12-11,364.2233276367187,364.51762785490314,359.1224531501872,361.4570971757964,27708800.0,-0.007829379709952455,-0.007860190226796616
2023-12-12,367.24462890625,367.28387492110465,363.3993277208236,363.7819090097957,24838300.0,0.008295188803900011,0.008260972813761213
2023-12-13,367.2347717285156,370.44246703468053,363.7033791572921,368.8533179256787,30955500.0,-2.684090374238668e-05,-2.6841263965889365e-05
2023-12-14,358.9556579589844,366.63644114858533,357.18997650221536,366.1950058164245,43277500.0,-0.022544471294378754,-0.022802483087852692
2023-12-15,363.6641540527344,365.30230824664153,359.2989559925913,359.8580993724713,78502300.0,0.013117208182543916,0.013031922603503254
2023-12-18,365.5475769042969,365.89091216563435,361.6532407972144,362.4085843593443,21802900.0,0.00517901704243684,0.005165652058798625
2023-12-19,366.1459655761719,366.1459655761719,362.79113493260104,364.40968123442,20603700.0,0.0016369652260932455,0.0016356268588921695
2023-12-20,363.5563049316406,368.8631986960778,363.46802384456504,367.85283078495934,26316700.0,-0.007072754824585137,-0.007097885319647849
2023-12-21,366.4206237792969,367.2740374598463,362.98733108269056,365.45929104730993,17708000.0,0.00787861139746937,0.007847737196556924
2023-12-22,367.4407958984375,368.02936637236263,365.6064413711889,366.5579551555187,17107500.0,0.002784155838769342,0.002780287255730604
2023-12-26,367.5192260742187,369.7557695499751,366.3813313323872,367.8527423015936,12673100.0,0.00021344983098403603,0.00021342705380999411
2023-12-27,366.9405517578125,367.91167362196546,365.7045567045712,366.5677894442357,14905400.0,-0.0015745416167407544,-0.0015757825101220806
2023-12-28,368.12750244140625,369.28500552722875,367.028853415138,368.2157835307377,14327000.0,0.003234722022157799,0.0032295015636694055
2023-12-29,368.8730163574219,369.9716653516636,366.3618101031722,368.8337703402161,18730800.0,0.0020251513703035684,0.002023103515611644
2024-01-02,363.801513671875,368.7356447522221,359.7796503608471,366.73451711634624,25258600.0,-0.013748641024565522,-0.013844028901142334
2024-01-03,363.53668212890625,366.1459883616317,361.4865193608946,361.9769897820248,23083500.0,-0.0007279561327158124,-0.0007282212214378396
2024-01-04,360.9273376464844,365.9889954484458,360.1720240549271,363.6053166389914,20901500.0,-0.0071776648979170465,-0.007203548263728498
2024-01-05,360.7409362792969,364.96878822939505,359.5147604251864,361.9376851103461,21004600.0,-0.0005164512292223922,-0.0005165846360925469
2024-01-08,367.5486755371094,368.0489648766835,361.9769395114855,362.26139076236115,23134000.0,0.018871546234890735,0.018695687643783154
2024-01-09,368.6277160644531,368.8238862439724,364.11538283242464,364.9197613954772,20830000.0,0.0029357758554480196,0.0029314748812525903
2024-01-10,375.47467041015625,376.8480113734613,369.14762069750896,369.1966557593691,25514200.0,0.018574171304324816,0.018403778092409465
2024-01-11,377.29925537109375,383.2339350900792,373.1302570741052,378.64313944413783,27850800.0,0.004859408915505181,0.004847640098929866
2024-01-12,381.0660400390625,381.27202920676456,377.31883933016337,378.1428259369064,21661200.0,0.009983546520026643,0.00993404014624419
2024-01-16,382.8317260742187,386.5200727807335,380.2322391394401,386.1571295021332,27202300.0,0.004633543400968554,0.004622841584232493
2024-01-17,382.0469970703125,382.6747835868635,377.47580955942465,380.585404924774,22234100.0,-0.0020498013891201428,-0.0020519051072821048
2024-01-18,386.3631591796875,386.4808672893111,382.68463107425833,384.2541423864291,23392100.0,0.011297463774019967,0.011234124035984396
2024-01-19,391.0716857910156,391.0716857910156,386.0002086328451,388.2171444423586,29331100.0,0.012186789810201049,0.012113128744686463
2024-01-22,388.952880859375,392.9845335375129,386.08852029622886,392.3959630178593,27016900.0,-0.005417945120099743,-0.005432675414136679
2024-01-23,391.2972717285156,391.7681340805433,386.4219948473302,388.2073142541726,20525900.0,0.006027441843240222,0.006009349479699887
2024-01-24,394.8875122070313,397.89900754206303,392.8177415608544,393.88696340305137,24867000.0,0.009175224919550695,0.00913338825587262
2024-01-25,397.1535034179687,399.25273113363767,394.858105500646,396.613997943498,21021200.0,0.005738320764494986,0.005721919316497418
2024-01-26,396.23138427734375,398.4287118822507,394.759973173457,396.66300059602537,17803300.0,-0.00232182048676155,-0.002324520091422373
2024-01-29,401.91107177734375,402.16612596865383,396.6237864171102,398.3208248033987,24510200.0,0.014334269634796115,0.014232505317079883
2024-01-30,400.8025817871094,405.1775691973873,398.7033841260815,404.40264755037606,33477600.0,-0.0027580479067977892,-0.0027618583287560856
2024-01-31,390.00244140625,407.404352059521,389.6394980894709,399.20367116692984,47871100.0,-0.026946284459305136,-0.027315992214388386
2024-02-01,396.0842590332031,400.2238302394902,394.1419855506921,394.1714125760664,30657700.0,0.01559430655106575,0.01547396483726675
2024-02-02,403.3825073242187,404.7852455891368,395.8684966385469,396.11373185699847,28256700.0,0.018425999328601783,0.018258297519436976
2024-02-05,397.9186096191406,403.3236027361499,396.290244380319,402.0876078105048,25352300.0,-0.013545202396906264,-0.013637775549418323
2024-02-06,397.7616882324219,400.1944322717671,395.23087405866585,398.1442695260025,18382600.0,-0.00039435548608535154,-0.000394433264658998
2024-02-07,406.1584777832031,406.4037129539298,399.6352282290594,399.6744742384372,22340500.0,0.021110101347605825,0.020890370143885437
2024-02-08,406.2174072265625,407.6397834551556,404.66753383171147,406.158553169539,21225300.0,0.0001450897779631255,0.0001450792534592771
2024-02-09,412.53460693359375,412.799480086422,407.17867899598485,407.3356331031592,22032800.0,0.015551277701666644,0.015431595792192736
2024-02-12,407.3454895019531,412.7210259706923,406.8452001103824,412.54446380988065,21202900.0,-0.01257862333105042,-0.012658403939675192
2024-02-13,398.5758361816406,402.25436384146246,395.7016870880575,397.22213321307663,27824900.0,-0.02152878464675001,-0.021763909693414348
2024-02-14,402.4282531738281,402.7722233518472,397.59311635632974,401.03275815392834,20401200.0,0.009665455460355243,0.009619043766190381
2024-02-15,399.5487365722656,402.0744232742021,397.3178942663528,401.1015057472966,21825500.0,-0.0071553539763986596,-0.0071810762966449965
2024-02-16,397.0918884277344,401.2489518855877,396.4825852713034,400.9246260176193,22296500.0,-0.006149057473209818,-0.006168040786779443
2024-02-20,395.84381103515625,397.5144761866431,391.1462443294289,396.2860326967427,24307900.0,-0.003143044290125907,-0.0031479940280488335
2024-02-21,395.2443237304687,395.3524423554376,390.3698682526408,393.2690069492409,18518900.0,-0.0015144541558446134,-0.001515602100692645
2024-02-22,404.5509948730469,405.710638303165,401.52412337910727,403.1161813071161,27009900.0,0.023546628208947373,0.023273682686715584
2024-02-23,403.2635803222656,408.6883757427927,401.9172111140197,408.5016799323737,16295900.0,-0.0031823294642626676,-0.0031874038430955596
2024-02-26,400.5119018554687,405.05222425854834,400.3349831970826,404.3642838981377,16193500.0,-0.00682352337545078,-0.006846910058177907
2024-02-27,400.4529418945313,401.27845233828214,396.88553712565647,400.9541264549498,14835800.0,-0.00014721150773355784,-0.00014722234441109792
2024-02-28,400.6888122558594,402.2415517366939,398.3302065928444,401.1408710933735,13183100.0,0.0005890089362614592,0.0005888355385831416
2024-02-29,406.5067138671875,407.05705416129825,398.9198455368932,401.59293981884394,31947300.0,0.014519750572953738,0.0144153483770802
2024-03-01,408.3345947265625,408.6982091819838,403.79427262351686,404.1775313768846,17823400.0,0.004496557613983709,0.004486478302304744
2024-03-04,407.7646179199219,410.1527047870807,405.2094495475142,406.3101300793095,17596000.0,-0.0013958572553038895,-0.001396832371563516
2024-03-05,395.7061767578125,407.1061373567677,393.73086019090937,406.8211300941881,26919200.0,-0.029572063470395205,-0.03001813309231658
2024-03-06,395.1558837890625,398.1729482982255,391.5197089331465,396.02071283324057,22344100.0,-0.0013906605483361423,-0.0013916284141357463
2024-03-07,402.0843200683594,402.71326755552275,395.3032878406332,399.1163813277323,18718500.0,0.01753342557590587,0.017381488483891917
2024-03-08,399.214599609375,403.3421811822811,397.3571789041796,400.9245831223799,18002200.0,-0.007137111087785031,-0.007162702101761629
2024-03-11,397.5439758300781,398.68397503984977,394.34021545583295,396.7971025481086,16120800.0,-0.004184776260516387,-0.004193556942045338
2024-03-12,408.1183776855469,408.4033849510457,399.77479973523793,400.5904729541975,22457000.0,0.026599326108235566,0.02625171471314268
2024-03-13,407.9414978027344,410.968369200055,404.35444900675975,410.88976201717287,17115900.0,-0.00043340337628405834,-0.0004334973226727809
2024-03-14,417.8869934082031,420.4421618629372,410.7816654727546,412.99286375239626,34157300.0,0.024379710470833427,0.024087268890578852
2024-03-15,409.2387390136719,415.3121560642415,405.6713345351322,412.0592402980969,45079900.0,-0.02069519877610404,-0.020912345557413687
2024-03-18,410.1232299804687,413.4744273628243,406.6442696787311,407.1061656227226,20106000.0,0.0021613080152884656,0.0021589757490126284
2024-03-19,414.1427001953125,414.3982260382619,408.38374152289526,410.62442124737834,19837900.0,0.009800640200349653,0.009752925429751666
2024-03-20,417.8968505859375,418.61424242329224,413.4056537780831,414.7225416621304,17860100.0,0.009064871574108402,0.009024032242438947
2024-03-21,421.9654541015625,423.3904606608256,419.7935742345306,422.41751294459345,21296200.0,0.009735903752134956,0.009688815227407744
2024-03-22,421.34625244140625,422.446932938044,418.7223141130456,422.2897185739193,17648500.0,-0.001467422638838145,-0.001468500357880541
2024-03-25,415.5676879882813,420.0392404054395,414.3392444656493,417.9066492539799,18060500.0,-0.013714526757131917,-0.013809439668759138
2024-03-26,414.3785400390625,418.6436921137747,414.08372560652526,418.2702405050307,16725600.0,-0.0028615024305074233,-0.0028656043555684955
2024-03-27,414.1623229980469,417.1302615081193,411.7840733216957,417.1204243635022,16705000.0,-0.0005217862898866388,-0.0005219224677253421
2024-03-28,413.4646301269531,414.5947922292506,411.8922163366139,413.70048169854954,21871200.0,-0.0016845879800057029,-0.0016860084938814493
2024-04-01,417.2481994628906,420.5109524938084,414.9387197575333,416.6388963047316,16316000.0,0.00915088996796598,0.009109274262195982
2024-04-02,414.1722106933594,415.0960026612766,410.6342871982826,412.8651299341305,17912000.0,-0.007372083986200262,-0.007399392091893273
2024-04-03,413.19927978515625,415.960818454912,411.86271762245,412.49169510873463,16502300.0,-0.0023490975084358157,-0.0023518609665912535
2024-04-04,410.673583984375,421.27751676074166,410.3689323931849,417.66095627375125,19370900.0,-0.006112536793613232,-0.006131294825142479
2024-04-05,418.1818237304687,419.15477140454254,411.1060069616712,412.7668650207587,16554800.0,0.01828274337309055,0.018117623546036687
2024-04-08,417.267822265625,419.91143485729225,416.0000602813901,417.83783679739304,14272400.0,-0.0021856556477997113,-0.002188047679178591
2024-04-09,418.9286804199219,420.3634939121141,414.3490398303801,419.08592477391875,12496900.0,0.003980316874852674,0.003972416371040648
2024-04-10,415.9607849121094,416.7174952724338,412.4621804028437,414.90923013212864,16216600.0,-0.007084488712583603,-0.007109702859541595
2024-04-11,420.55023193359375,421.9654011694112,415.07628079166767,418.4766338120234,17966400.0,0.011033364653483257,0.010972941129285207
2024-04-12,414.6242370605469,417.8476715499989,412.5309645735886,416.7371538463039,19253800.0,-0.014091051253973919,-0.014191272714445324
2024-04-15,406.5067138671875,419.4594150607099,406.30031376342345,419.2432078029309,20273500.0,-0.019578023829258218,-0.01977221206457094
2024-04-16,407.4304809570313,411.1846115754289,406.59516335126955,407.42067380289205,16765600.0,0.002272452233459621,0.002269874118905651
2024-04-17,404.73773193359375,411.65633410094387,403.25376259314334,410.0544389834795,15855500.0,-0.0066091005687950455,-0.006631037382453055
2024-04-18,397.2982482910156,404.786864609064,396.983789567324,403.5485840383649,21029900.0,-0.01838099849756225,-0.018552028088972876
2024-04-19,392.2370300292969,398.4873651815571,390.9103052571919,397.0623589464645,30565800.0,-0.01273909030178122,-0.012820928283152469
2024-04-22,394.04534912109375,395.9027700554988,388.9252051027742,393.1805201140456,20286900.0,0.004610271222127649,0.0045996764723903434
2024-04-23,400.5413818359375,401.16052215978465,396.10914808184776,397.26879155025864,15734500.0,0.01648549520843967,0.016351084637126773
2024-04-24,402.0056762695313,405.3568737379943,399.7649965241752,402.4970536697523,15065300.0,0.0036557881407459636,0.0036491219890332936
2024-04-25,392.158447265625,392.9937947660836,381.338308328151,387.2348365789739,40586500.0,-0.02449524866236985,-0.024800248261811653
2024-04-26,399.3128967285156,405.8776909237546,398.7625564960581,405.06201771927783,29694700.0,0.018243772415909687,0.018079351560002153
2024-04-29,395.3131103515625,399.31292950505053,392.3058831233316,398.2613746922827,19582100.0,-0.010016672162914131,-0.010067176563905541
2024-04-30,382.6158752441406,395.2246348761621,382.4586608840312,394.5661760291184,28781400.0,-0.0321194384272504,-0.03264658612334882
2024-05-01,388.1291809082031,394.7922572147303,383.57902141142335,385.8393454420747,23562500.0,0.014409505775327736,0.014306675492217846
2024-05-02,390.9791564941406,393.0331103770738,387.84416635932274,390.80226783236736,17709400.0,0.007342853168805119,0.007316025669355722
2024-05-03,399.6470031738281,400.1285433474104,394.92976293452625,395.34253307709054,17446700.0,0.022169587651196032,0.021927415051880846
2024-05-06,406.4084167480469,406.7916755135943,399.36205183771864,401.7108501382599,16996600.0,0.016918464346091566,0.016776941134711374
2024-05-07,402.2808532714844,407.5189532422579,402.03516456718575,407.50911609687097,20018200.0,-0.010156195852413674,-0.010208121889359946
2024-05-08,403.4601440429687,405.1210019721616,399.6961765499289,401.1310200807253,11792300.0,0.0029315110622192275,0.002927222562809976
2024-05-09,405.2094421386719,405.60253803694064,402.04497067197207,403.48962134136315,14689700.0,0.004335739530982874,0.004326367292965685
2024-05-10,407.5877380371094,408.2167155386998,404.6984363706866,405.81879129865774,13402300.0,0.005869300295385571,0.0058521430536760165
2024-05-13,406.5853271484375,411.1354867839949,403.7353441559508,410.80135374265615,15440200.0,-0.002459374498112621,-0.002462403727265469
2024-05-14,409.3763122558594,410.29026696650755,404.4527014093116,404.9145973369448,15109300.0,0.0068644511276299,0.006840998050152121
2024-05-15,416.5338745117187,417.25259039103736,410.81377223604346,411.4340293579302,22239500.0,0.01748406549567494,0.01733297776547581
2024-05-16,414.4761657714844,418.8376448328751,413.8460838814957,415.2736305334928,17530100.0,-0.004940075384376463,-0.004952317892696348
2024-05-17,413.7082824707031,416.3763735645946,411.56201978291415,416.00224831627656,15352200.0,-0.001852659728580397,-0.0018543780252226552
2024-05-20,418.7589111328125,420.1667782061981,413.49168315107727,413.7082803966284,16272100.0,0.012208188417081045,0.012134269487585884
2024-05-21,422.4016418457031,426.27082729608,418.2764696581723,420.2258146706779,21453300.0,0.008698873304060495,0.008661256099799923
2024-05-22,423.8587341308594,425.7195053768376,420.5212017999642,423.43539455106486,18073700.0,0.0034495421911464597,0.003443606167607689
2024-05-23,420.3931884765625,426.89107515061806,418.83764844643395,426.2708180980622,17211700.0,-0.008176180824498336,-0.008209789107901799
2024-05-24,423.5043029785156,424.3903716147687,417.84327052223153,420.58025544710625,11855300.0,0.00740048741804622,0.007373238166943663
2024-05-28,423.661865234375,424.15412896604386,419.999421868943,422.9825388810405,15718000.0,0.0003720440494965338,0.000371974858270075
2024-05-29,422.5296325683594,424.27223522977,419.1034664398289,419.1034664398289,15517100.0,-0.002672491340208971,-0.0026760688204689265
2024-05-30,408.2540283203125,417.73500282997145,407.8306586642601,417.73500282997145,28394500.0,-0.03378604279485009,-0.03436998150440813
2024-05-31,408.7068481445313,410.3017776619535,398.2511723788605,410.3017776619535,47995300.0,0.0011091619256811125,0.001108547260059573
2024-06-03,407.1217956542969,409.9867742472408,402.5929932498963,409.10070551791864,17484700.0,-0.0038782136815919133,-0.0038857534524802213
2024-06-04,409.6323547363281,409.9966250957063,403.3412097338974,406.0486602967713,14348900.0,0.006166604462913838,0.006147668763718202
2024-06-05,417.449462890625,417.5183569725432,409.8587351784671,411.3453811328119,16988000.0,0.01908322930040174,0.01890342833441422
2024-06-06,417.9515075683594,418.7292925275768,414.072467704925,417.44941908945174,14861300.0,0.0012026477989885986,0.0012019251974231544
2024-06-07,417.29193115234375,419.6843254469309,416.4550768800314,419.60557647742206,13621700.0,-0.0015781170879202167,-0.0015793636263201239
2024-06-10,421.2497253417969,421.45646767892094,417.33132559781046,418.1287903721088,13982900.0,0.009484473324283371,0.009439778092080206
2024-06-11,425.98529052734375,426.1231387794062,418.6702594600755,418.89671156901073,14551100.0,0.011241705099521493,0.01117898673593037
2024-06-12,434.2356262207031,436.5394165910894,426.5464700981563,428.58444890305617,22366200.0,0.01936765394679707,0.019182487938526956
2024-06-13,434.74761962890625,436.52964196122593,432.57182236972,434.0289338170149,15960600.0,0.0011790681770151856,0.001178373622030338
2024-06-14,435.7222595214844,436.2834473000101,429.962768739338,431.4986289418585,13582000.0,0.0022418521656544232,0.002239342964560262
2024-06-17,441.43255615234375,443.9627988421197,433.9009273701986,435.7419888452348,20790000.0,0.013105358989762284,0.013020226758265183
2024-06-18,439.4339904785156,443.1752129183503,438.0064436641029,442.7518432687409,17112500.0,-0.0045274541851834105,-0.00453773414565109
2024-06-20,438.8038635253906,439.6210080275433,434.4423844149745,439.3945559147101,19877400.0,-0.0014339513255194891,-0.0014349804176177685
2024-06-21,442.8207092285156,443.6083190884872,439.6013156180092,440.4578496032106,34187100.0,0.00915408007316354,0.00911243543480856
2024-06-24,440.7434387207031,445.74482519591487,439.5029244573709,442.84045705555275,15913700.0,-0.004690996749974752,-0.004702034005910554
2024-06-25,443.97265625,444.4353853435752,439.83762902888526,441.3144201727987,16413400.0,0.007326751224408401,0.007300040969569764
2024-06-26,445.1638793945313,446.5816011478092,441.2553047079256,442.0527694384707,16507000.0,0.002683100248994874,0.002679507161163378
2024-06-27,445.84326171875,449.11190006347704,444.7799552473841,445.1836151073107,14806300.0,0.0015261398232551127,0.0015249764553660154
2024-06-28,440.0345458984375,448.3341049043701,439.50289267468526,446.059848949654,28362300.0,-0.013028605160296913,-0.013114221893965735
2024-07-01,449.6632080078125,450.2932899171113,438.7644825324962,441.71806471797646,17662800.0,0.021881604976526914,0.021645638668184367
2024-07-02,452.1737976074219,452.4789987346013,446.0992495967908,446.18788351342585,13979800.0,0.005583266664693998,0.005567738004988367
2024-07-03,453.6406555175781,453.8867873546844,450.795387104232,451.1005881786126,9932800.0,0.00324401351409076,0.003238763054228431
2024-07-05,460.3255920410156,461.1033770377166,451.8685059547019,452.498587816865,16000300.0,0.014736193597574276,0.014628670926227454
2024-07-08,459.0260314941406,460.46346308739743,457.2735739768986,459.33123257528905,12962300.0,-0.002823133385030707,-0.0028271259422036764
2024-07-09,452.4297180175781,460.0991646310165,450.9135374483829,459.77428381745585,17207200.0,-0.014370238339405983,-0.014474490168735801
2024-07-10,459.0359191894531,459.24266153927346,451.76024698147666,454.0837473649462,18196100.0,0.014601607517785498,0.014496030534950922
2024-07-11,447.6646423339844,457.58866578342753,444.5633568384772,455.81652839633193,23111200.0,-0.02477208510294293,-0.02508407643286073
2024-07-12,446.5323791503906,449.29889867197954,443.6772557704515,447.3003093014831,16324300.0,-0.0025292665011256155,-0.0025324704992928672
2024-07-15,446.93609619140625,450.18505497376174,444.4452428142979,446.2863044349352,14429400.0,0.0009041159384315378,0.0009037074717987297
2024-07-16,442.5647583007813,447.27079820143007,439.7490242805094,447.19204922721934,17175700.0,-0.009780677658116188,-0.009828822670283692
2024-07-17,436.6575622558594,437.9670004651751,432.38471713490526,435.74195902538145,21778000.0,-0.013347642201793186,-0.013437522668846211
2024-07-18,433.5563354492187,437.7701116080265,427.6787055457858,437.46491051123894,20794800.0,-0.007102194201376366,-0.007127534836637219
2024-07-19,430.3467712402344,434.3144456334854,425.31585048613374,426.39883667006126,20940400.0,-0.007402876965593941,-0.0074304142468535105
2024-07-22,436.0865783691406,437.7208974938516,432.1189340633458,434.95437784378936,15808800.0,0.013337632608150907,0.013249469446432467
2024-07-23,437.9670104980469,441.45224583194545,436.24408758502966,437.0316974699668,13107100.0,0.004312061462516503,0.004302791165328221
2024-07-24,422.2637634277344,434.649133994153,420.9740350363965,433.6350720518326,26805800.0,-0.03585486279538519,-0.03651343843800125
2024-07-25,411.92626953125,423.14987619224735,411.05005574464656,422.1653487650477,29943800.0,-0.024481129549382974,-0.024785774717945297
2024-07-26,418.68994140625,422.28349032231534,410.8137224917234,411.7293557750341,23583800.0,0.016419617721143975,0.016286273459369616
2024-07-29,420.1274108886719,425.46353285919287,418.12882136064246,424.9023450000168,15125800.0,0.0034332553526217335,0.0034273751863615324
2024-07-30,416.3763427734375,422.4114705197089,410.90234276735913,421.1020622928212,32687600.0,-0.008928406045442094,-0.008968503109706894
2024-07-31,411.8770751953125,415.25399722383173,405.8320620767301,413.9938032575864,42891400.0,-0.01080577140419614,-0.010864577767783911
2024-08-01,410.65618896484375,420.84605305704525,406.69839983005807,414.2792724511176,30296400.0,-0.0029642004957177726,-0.0029686024389876204
2024-08-02,402.1696166992187,408.5789001449341,398.0838337068482,406.1077265801338,29437900.0,-0.02066588180983575,-0.02088240949724467
2024-08-05,389.0360412597656,394.83492274068107,379.6141057371845,383.1485859534076,40709200.0,-0.03265680671564908,-0.03320194133833231
2024-08-06,393.427001953125,399.3932659734361,392.33419089963513,393.8109820824443,24946500.0,0.01128677096122166,0.011223550619446512
2024-08-07,392.2652282714844,403.7349659899611,391.3200904199489,402.3172742353533,20650900.0,-0.002952958683245299,-0.002957327268024348
2024-08-08,396.4593505859375,399.58028569311574,393.7519001712231,396.2132187300544,20203000.0,0.010692057343278938,0.010635301497579276
2024-08-09,399.7377624511719,401.7363516629641,396.03596024402367,397.7785627439822,19276700.0,0.008269225736230235,0.008235223011291221
2024-08-12,400.5155944824219,402.43543495594565,397.98535182009545,400.7617263356741,16762900.0,0.001945855769243332,0.0019439650442274626
2024-08-13,407.6041870117187,408.5296451452922,403.232883075169,403.2525628062739,19414300.0,0.017698667984344718,0.01754387036586478
2024-08-14,410.4100646972656,411.2567738583692,406.0683254390975,408.3819407203729,18267000.0,0.006883829398607766,0.0068602440216231925
2024-08-15,415.2626953125,415.34158622213624,411.9388626649199,414.0495331175792,20752100.0,0.011823858702914247,0.011754503051246356
2024-08-16,412.73779296875,415.56847485047064,411.58380640221424,414.8386210132459,22775600.0,-0.006080253228260557,-0.006098813239208531
2024-08-19,415.755859375,415.9728470077707,410.75530126947416,413.22105614207504,15234000.0,0.0073123093103288905,0.007285703995406337
2024-08-20,418.98101806640625,420.0264956299884,415.864330676567,415.9235063802004,16387600.0,0.0077573379152240385,0.007727404472353408
2024-08-21,418.3301086425781,420.55913050260955,415.943244764668,418.27090283610073,16067300.0,-0.0015535534923086791,-0.0015547615078420228
2024-08-22,409.8577880859375,420.9438431425212,408.9306617888671,418.54710638332296,19361900.0,-0.02025271521605776,-0.020460613241840103
2024-08-23,411.0807800292969,413.51694694228206,406.4451490290269,411.2681797994915,18493800.0,0.002983942184119126,0.0029794990651191688
2024-08-26,407.825927734375,411.5640200400142,405.70538485264774,410.6664817766791,13152800.0,-0.00791779244626789,-0.007949304612960822
2024-08-27,408.1711730957031,408.6840392458711,404.6303529004273,407.2045864016282,13492900.0,0.0008465507900541347,0.0008461926680321327
2024-08-28,404.9756164550781,409.3153393341326,401.7306743732061,409.1969879073614,14882700.0,-0.007828962090558389,-0.007859769311988582
2024-08-29,407.4610290527344,416.268697643249,404.9755591436319,409.2561057035253,17045200.0,0.006137190726227093,0.006118434870943999
2024-08-30,411.4259643554687,411.7711459201445,406.48458250077,409.9070510926303,24308300.0,0.009730833184101062,0.009683793537333663
2024-09-03,403.8314514160156,414.1284456363182,401.45446023053216,412.1854296938011,20313600.0,-0.018459002584706785,-0.018631495974655743
2024-09-04,403.29888916015625,405.6068322704441,398.8309422223781,400.34985575804666,15135800.0,-0.0013187735972320924,-0.0013196439444105425
2024-09-05,402.79583740234375,407.44131080829675,400.56678553175374,402.0363656944642,14195500.0,-0.0012473422846764892,-0.0012481208635676515
2024-09-06,396.1974792480469,405.02486305915306,395.3097834719027,403.4566466739337,19609500.0,-0.016381396086042277,-0.016517054713684597
2024-09-09,400.1623840332031,403.0522412027111,396.641279237834,401.66155199530795,15295100.0,0.010007395283486709,0.009957652889220039
2024-09-10,408.5262756347656,410.627073483588,402.11531302402886,402.6084639940855,19594300.0,0.020901243933184155,0.020685809659309624
2024-09-11,417.24517822265625,418.1821469994098,403.9695325309428,409.8084532189213,19266900.0,0.021342329999076037,0.02111777191727003
2024-09-12,421.15093994140625,421.5158668532968,414.000250680106,417.51148327493246,17395700.0,0.00936083128722398,0.009317290215538551
2024-09-13,424.6917114257813,425.914716092092,419.631978102124,419.9969049719398,15874600.0,0.00840736930295738,0.00837222422138414
2024-09-16,425.4314575195313,427.5914610863902,422.3542004104568,424.7016037460969,13834700.0,0.0017418425503679114,0.0017403273019270798
2024-09-17,429.1892700195313,435.79750485485505,426.3487157034463,434.1997005769437,18874200.0,0.00883294461088946,0.008794162362626427
2024-09-18,424.90875244140625,430.05724996700025,424.5142376703877,429.04136013434226,18898000.0,-0.009973496257094872,-0.010023564754370586
2024-09-19,432.6807861328125,435.452292084435,430.91529729082623,435.1860014052933,21706600.0,0.018291065191644806,0.018125795917221375
2024-09-20,429.3076477050781,433.22326773049826,428.2720426762547,431.2309485866615,55167100.0,-0.00779590528593288,-0.0078264522197865
2024-09-23,427.57177734375,430.48135010026584,424.4945200082598,428.33121902605126,15128900.0,-0.004043418212108407,-0.004051614930161214
2024-09-24,423.2912292480469,427.4139642542688,420.2632749795507,427.06875254523504,17015800.0,-0.010011297102665795,-0.010061747133423782
2024-09-25,426.1909484863281,427.1871231515397,422.6994610311912,423.94218110016,13396400.0,0.00685041181560142,0.006827054356050179
2024-09-26,425.40185546875,429.3371902827192,423.2517246244965,429.1300753187062,14492000.0,-0.0018515011179395247,-0.001853217264760054
2024-09-27,422.1568908691406,425.9344436660322,421.6144369121871,425.6089472122261,14896100.0,-0.0076279982277785985,-0.00765724020634726
2024-09-30,424.40570068359375,424.52408219664926,419.54323948144145,422.3443332995087,16807300.0,0.005326952758779369,0.005312814732107315
2024-10-01,414.9273376464844,422.6106376703255,413.07308530803846,422.5810498180969,19092900.0,-0.022333260420023815,-0.022586424093893425
2024-10-02,411.4161071777344,417.02816727140424,411.0018471451831,416.7914343529987,16582300.0,-0.008462277970562537,-0.008498286330525899
2024-10-03,410.8341979980469,413.8029462214933,408.61501874387466,411.90926344701154,13686400.0,-0.0014144054390075045,-0.0014154066545749746
2024-10-04,410.36077880859375,414.00023534021534,409.28571331626097,412.5109097932594,19169700.0,-0.001152336372580609,-0.0011530008226340854
2024-10-07,403.9300842285156,411.3963666559109,403.3974727803463,410.30158600641573,20919800.0,-0.015670831405351304,-0.015794916940013764
2024-10-08,409.0292663574219,409.966265233936,402.578873384896,405.27145839926953,19229300.0,0.01262392262424683,0.012544905224485375
2024-10-09,411.7416076660156,414.62162263212304,408.6248898614367,410.1635185105957,14974300.0,0.006631166842285596,0.006609277370647142
2024-10-10,410.143798828125,411.63312440285347,407.49064417755886,409.54216908706456,13848400.0,-0.0038806105774636945,-0.003888159683112304
2024-10-11,410.6172180175781,411.41612015598,407.589263932771,410.4396908978323,14144900.0,0.0011542761119534006,0.001153610447473251
2024-10-14,413.3986206054687,418.2314942204609,411.8007861364326,412.0473616280092,16653100.0,0.006773711539226124,0.00675087303151916
2024-10-15,413.0040588378906,416.69284850861214,409.57174739931537,416.3969398711013,18900200.0,-0.00095443416574581,-0.000954889928054004
2024-10-16,410.4199523925781,410.65665522282575,404.85722518493617,409.4829836231505,15508900.0,-0.006256854842016879,-0.006276510991617214
2024-10-17,411.0117492675781,416.7125733271007,409.8972232496161,416.57447660649984,14820000.0,0.0014419300805188495,0.0014408914975963948
2024-10-18,412.4320068359375,413.9015870376485,410.55803924257515,411.4259897320176,17145300.0,0.0034555157386382263,0.00344955916221317
2024-10-21,413.04351806640625,413.22104518863654,408.0824205982212,410.4199513395574,14206100.0,0.0014826958633984422,0.001481597755193093
2024-10-22,421.6539916992187,424.6819160644371,412.3137102440662,412.75752809912296,25482200.0,0.020846407838866376,0.020632094799607575
2024-10-23,418.7838134765625,425.17503084101816,416.742161218674,424.9580432083023,19654400.0,-0.006806951384687898,-0.0068302243503549735
2024-10-24,418.9120178222656,420.144895200207,416.6139175340375,419.5037748840412,13581600.0,0.0003061349115640599,0.00030608806183333564
2024-10-25,422.2851867675781,426.5953216047658,420.7268428827928,420.914242666979,16899100.0,0.008052213356990912,0.00801996727292556
2024-10-28,420.74652099609375,426.0232421444704,420.46048501920137,425.7470788183642,14882400.0,-0.003643665038933097,-0.003650319355375452
2024-10-29,426.0331115722656,427.2364010768137,419.96733089551304,422.1372070838931,17644100.0,0.012564787377578712,0.012486505484853336
2024-10-30,426.6051635742187,432.4933871760131,426.1810609771617,431.4479095602445,29749100.0,0.001342740708209167,0.001341840038058593
2024-10-31,400.7837829589844,410.4594021869807,400.7344498042727,409.6703426075015,53971000.0,-0.06052758573969308,-0.062436822709446546
2024-11-01,404.7487487792969,409.8084828784166,401.9180668422498,403.4073925009318,24230400.0,0.009893029580785972,0.009844413938017153
2024-11-04,402.8648986816406,404.7980722358363,400.01450160866744,404.18653972407174,19672300.0,-0.004654369169362127,-0.004665234472742236
2024-11-05,405.8237609863281,409.2166418436789,402.4900558335031,402.7760918050739,17626000.0,0.007344552266455251,0.007317712380302094
2024-11-06,414.42431640625,414.6906371773605,404.8966366405916,406.77063429083336,26681800.0,0.021192833556662016,0.02097138869180749
2024-11-07,419.6024169921875,421.0029789570154,414.12845339700306,415.5092700597973,19901800.0,0.01249468330150183,0.012417268924525183
2024-11-08,416.7519836425781,420.65773046119216,416.0023846199846,419.493901525776,16891400.0,-0.006793176669576795,-0.006816355324983127
2024-11-11,412.2840881347656,418.990929361184,410.301611581567,416.7322894657105,24503300.0,-0.010720754029198143,-0.010778635372150883
2024-11-12,417.2352600097656,418.6259491955741,411.4851336112788,412.52073848816826,19401200.0,0.012009126758686817,0.011937589360858843
2024-11-13,419.3756408691406,423.4490430245243,412.4813691184813,415.86440800280457,21502200.0,0.005129913659082552,0.005116800479208897
2024-11-14,421.0424499511719,422.30491523139983,414.24681513135374,419.1783248352984,30246900.0,0.0039745014244909616,0.003966623959469701
2024-11-15,409.3153381347656,417.0084818478404,407.9739818358906,414.0693210931382,28247600.0,-0.027852564077009867,-0.028247802976064634
2024-11-18,410.06488037109375,412.6687016895815,406.45501186857297,409.1870572477352,24727000.0,0.0018312097458741405,0.001829535125383353
2024-11-19,412.0670471191406,412.2149863727036,405.9125032750338,407.4511317111748,18133500.0,0.004882560891912968,0.004870679849063591
2024-11-20,409.7985534667969,411.57391488876465,404.9558076834049,411.1596548604422,19191700.0,-0.00550515666856477,-0.005520365888647077
2024-11-21,408.0295715332031,414.85856338751086,405.47983232208855,414.5818472703372,20780200.0,-0.004316711024547559,-0.004326054921212119
2024-11-22,412.1111450195313,412.50644943843054,406.2407824115055,406.547145598137,24814600.0,0.010003131564683798,0.009953431407454229
2024-11-25,413.8801574707031,416.14328803070504,409.9863472135053,413.4749606494442,27691100.0,0.004292561539649631,0.004283374777808073
2024-11-26,422.9723205566406,424.0100286609721,413.93949178519347,414.67080652096905,23458900.0,0.02196810579541042,0.021730283657959554
2024-11-27,418.0309143066406,422.2212256438806,417.07228524559736,420.12605489536344,18332400.0,-0.01168257592718358,-0.011751353407524907
2024-11-29,418.4954528808594,419.89881842784905,412.90180567999255,415.1649667399431,16271900.0,0.001111254116191951,0.0011106371303796201
2024-12-02,425.9272766113281,427.9235836266096,416.3706327320822,416.62759418862754,20207200.0,0.017758433644402105,0.017602594924615477
2024-12-03,426.1446533203125,427.3997530713115,422.7251964040861,424.80058218242306,18302000.0,0.0005103610896062261,0.0005102308996793659
2024-12-04,432.2917785644531,434.5153999624501,427.5579272324192,427.95323167121506,26009400.0,0.014424973295441346,0.014321923182725347
2024-12-05,437.4307861328125,439.44687793021666,431.0564230401268,432.7859063083414,21697800.0,0.011887821659308129,0.01181771655842316
2024-12-06,438.3696594238281,440.8699968788184,436.5907442566123,437.1145294101148,18821000.0,0.0021463356507571696,0.002144035562979921
2024-12-09,440.7908935546875,443.0738089240489,435.3356203613735,437.4110061952819,19144400.0,0.005523270324049534,0.00550807300011787
2024-12-10,438.1324157714844,444.3486806813264,436.42271747683185,439.1800161501316,18469500.0,-0.006031154050766041,-0.006049414920123361
2024-12-11,443.7261047363281,445.0701760009867,438.8440180787416,438.8440180787416,19200200.0,0.012767119627508317,0.012686307058020574
2024-12-12,444.2894287109375,450.8120574082061,443.8446923743848,443.8446923743848,20834800.0,0.0012695308403010142,0.0012687256674129394
2024-12-13,442.0262451171875,446.13747735633456,440.3560560775405,443.1825414368637,20177800.0,-0.005093939777762402,-0.005106958117569433
2024-12-16,446.2956237792969,446.8787030896928,440.0596036741231,442.02626356510217,23598800.0,0.00965865422985801,0.009612307620700292
2024-12-17,449.1319885253906,449.9522746519603,444.2993336430134,445.7224537683285,22733500.0,0.006355349671760102,0.0063352395964357015
2024-12-18,432.2620849609375,447.3431572883963,431.89639748062007,446.0287633849149,24444500.0,-0.03756112678556056,-0.038284723185572675
2024-12-19,431.9063415527344,437.98423408144293,431.2046739034814,436.4425256398133,22963700.0,-0.0008229808270954209,-0.0008233196617319989
2024-12-20,431.4813537597656,438.5376294710307,423.6047919913248,428.0322496423795,64263700.0,-0.0009839813683699683,-0.0009844657958410928
2024-12-23,430.147216796875,432.5190736490341,427.755575118412,431.619738686297,19152500.0,-0.003091992159720114,-0.00309678224396166
2024-12-24,434.1793212890625,434.4461751355928,429.09959787026054,429.5541964268554,7164500.0,0.009373777940987038,0.009330116719531748
2024-12-26,432.97369384765625,435.77053252746487,431.511064298451,433.9323230175154,8194200.0,-0.0027767960892904897,-0.0027806585393657475
2024-12-27,425.48248291015625,430.1174999572429,421.35149629533174,429.5047736371233,18117700.0,-0.01730176923897786,-0.01745319400102617
2024-12-30,419.849365234375,422.5374777077036,416.9537232035626,421.0649558192297,13158700.0,-0.013239364490995276,-0.013327786175498098
