,Close,High,Low,Open,Volume,SimpleReturn,LogReturn
2018-01-02,58.18548583984375,58.301814502597715,57.24800691903754,57.35749118376303,11469300.0,,
2018-01-03,59.328243255615234,59.51300542078787,58.041773379067784,58.27443587951758,13957700.0,0.019639905025747195,0.019449530676421665
2018-01-04,59.41037368774414,59.68409218822405,59.14349958548142,59.38984571383872,10863000.0,0.0013843395256969426,0.001383382211132819
2018-01-05,59.36249542236328,59.45145174929059,58.65082914470051,59.36249542236329,11047600.0,-0.0008058906619995421,-0.0008062155664491271
2018-01-08,59.629371643066406,59.63621604406123,59.25985230057027,59.32828064827364,10927100.0,0.00449570421196599,0.004485628720119749
2018-01-09,59.376163482666016,59.63619843620994,59.294051577965185,59.49249738223675,8131600.0,-0.004246366403390267,-0.0042554078217341244
2018-01-10,58.90400695800781,59.66357343436391,58.83557862749987,59.53355595187596,10822300.0,-0.007951954066483968,-0.007983739469401735
2018-01-11,59.48564529418945,59.786736161164995,58.80135166615126,59.09559813503753,14366000.0,0.009874342446623219,0.009825909693991735
2018-01-12,59.88937759399414,60.21099644289703,59.65672026033872,59.67040383612884,9834500.0,0.006787054218005073,0.006764125851107276
2018-01-16,59.51301956176758,60.05361217162948,59.259829031858715,60.03992337501482,10882800.0,-0.006284220129619489,-0.006304048957066184
2018-01-17,60.21784591674805,60.36154696801433,59.48565186272655,59.67040886556987,10546000.0,0.011843229602035876,0.011773647404815346
2018-01-18,59.82778549194336,60.347850053548115,59.766196357443015,60.06044279378901,9223700.0,-0.006477488838507295,-0.006498558805602563
2018-01-19,59.63618850708008,60.05360802230014,59.26666933520925,59.92359056717544,13090000.0,-0.0032024749585471968,-0.003207613855870249
2018-01-22,60.3889274597168,60.41629983802958,59.5677769933227,59.649888907513706,10270400.0,0.012622184138199044,0.012543188409879998
2018-01-23,60.423133850097656,60.53261812377935,60.03992584034559,60.38891707790225,10281800.0,0.0005664348055143265,0.0005662744418740514
2018-01-24,60.580509185791016,60.84738326161643,60.22467882493901,60.55313681638,10316100.0,0.0026045543431061358,0.002601168369470288
2018-01-25,60.471046447753906,60.813193356027554,60.354712531172765,60.59421954356232,11271900.0,-0.001806896962542881,-0.0018085313699601076
2018-01-26,60.902130126953125,60.902130126953125,60.53945535589847,60.65578401439792,10514400.0,0.007128761688813601,0.0071034721846418795
2018-01-29,60.22468948364258,61.10742897558116,60.183628311886125,60.62157585848016,9315700.0,-0.011123431017903473,-0.011185759008442278
2018-01-30,59.38300704956055,60.477875936453025,59.38300704956055,59.90307172861447,12408000.0,-0.013975704006089384,-0.014074283715630301
2018-01-31,59.73882293701172,59.85515157572001,59.07505742559571,59.23244200249635,14404700.0,0.005991880592274734,0.005974000663142655
2018-02-01,60.95003890991211,61.073211983246,59.77305292488753,59.87569802279019,17971000.0,0.02027518979035614,0.020072384820460733
2018-02-02,57.84333801269531,58.85609485253098,56.796369624810325,58.25391313450861,29822100.0,-0.0509712701218894,-0.05231620698628985
2018-02-05,54.55188751220703,57.47381893447559,53.46385795577023,56.987971097084134,30452700.0,-0.056902845056519435,-0.05858597414400484
2018-02-06,53.614402770996094,54.98298997750906,52.62217913457255,53.72389225347516,36262800.0,-0.01718519347293268,-0.01733457279224221
2018-02-07,52.6495361328125,54.339741674676574,52.63584734112648,53.67597623800176,21994500.0,-0.017996407463584774,-0.018160312246974834
2018-02-08,52.054222106933594,53.087507066794494,52.026849732151234,52.99170636542956,25650800.0,-0.011307108658605847,-0.011371520009424272
2018-02-09,52.38605117797851,52.869958227590594,51.08642549945556,52.71095891614271,29491600.0,0.006374681199984966,0.006354448857418493
2018-02-12,52.82845687866211,53.65800924195489,52.42750683344386,53.26397358348365,19340400.0,0.008445104960871141,0.008409644566599959
2018-02-13,52.74550247192383,53.05658129494518,52.35146683483543,52.60724111514541,11926600.0,-0.0015702598871818463,-0.0015714940373653787
2018-02-14,52.85612106323242,52.994382458672504,51.96435484064243,52.39295725530727,17188400.0,0.0020972137172734495,0.0020950176344861062
2018-02-15,52.68329620361328,53.0220273793937,52.15791346985904,52.966728097524374,14432400.0,-0.0032697227140899843,-0.0032750799383495463
2018-02-16,52.91141891479492,53.312368999550635,52.43442639071892,52.6418158205256,13722400.0,0.004330076658453086,0.00432072885128548
2018-02-20,52.36529922485352,53.554320724381334,52.1648241790836,52.86302964550538,13387300.0,-0.010321395667366895,-0.010375030649401285
2018-02-21,51.77079772949219,52.842301202941826,51.756974226061864,52.41369875873531,11715000.0,-0.011352966643207396,-0.011417903520966194
2018-02-22,52.44134140014648,53.118803700503335,51.97817764543463,52.05422008565686,14020200.0,0.012952160292332149,0.012868998378750676
2018-02-23,53.59578323364258,53.65800215788782,52.50354233361333,52.60032263876721,13378800.0,0.022013964606421688,0.021775155686616778
2018-02-26,54.50138092041016,54.563599854113974,53.61652926784112,53.74096186111689,16940400.0,0.016896808519800466,0.016755645369475623
2018-02-27,53.57505798339844,55.213419719771935,53.57505798339844,54.611994589528734,14629500.0,-0.016996320485245353,-0.017142415693700733
2018-02-28,52.35838317871094,54.09352520848122,52.33073090353598,54.03131154493671,17087800.0,-0.022709724459178737,-0.022971562018560383
2018-03-01,51.98509216308594,53.008205381625345,51.750055704606815,52.21321950746831,15696700.0,-0.00712953672291361,-0.007155073318306783
2018-03-02,52.227046966552734,52.44825991712558,51.487365668624825,51.77079228929655,15630300.0,0.004654311330404948,0.004643513514725907
2018-03-05,52.72477722167969,52.92525230150457,51.92979656523381,52.00583901875818,14891000.0,0.009530124409402374,0.00948499924617986
2018-03-06,52.66256332397461,53.21559838834578,52.44135035305279,53.00129453198199,10754300.0,-0.0011799745960708874,-0.001180671314221646
2018-03-07,51.33527755737305,52.012739868590955,50.851370632370674,51.84683148459733,27255500.0,-0.025203592131211705,-0.025526642230911712
2018-03-08,51.238502502441406,51.68783753559643,50.94124709369392,51.50119124365405,19299800.0,-0.001885156943458255,-0.001886936088138572
2018-03-09,51.54264450073242,51.888289928498345,51.30069375612241,51.72238159992729,19714100.0,0.005935809663378144,0.0059182621500910425
2018-03-12,52.01272964477539,52.24777131052043,51.632522786436006,51.75695536850541,14226700.0,0.009120314811093655,0.009078975899119438
2018-03-13,51.52192306518555,52.41368918637701,51.328362407711246,52.07495803579699,13739700.0,-0.009436278060041103,-0.009481081808365665
2018-03-14,50.8790168762207,51.7016548592954,50.83062671687112,51.597960153794354,14820700.0,-0.0124783034234075,-0.012556811231421234
2018-03-15,51.44588088989258,51.84683098194472,51.22466795533491,51.39749072527472,15640600.0,0.011141410516066985,0.0110798021820619
2018-03-16,51.929779052734375,51.929779052734375,51.404396443961105,51.404396443961105,32109700.0,0.009405965151563223,0.009362004507874229
2018-03-19,51.25923156738281,51.85374228251363,51.058756533291536,51.8468278953706,12744800.0,-0.012912581135202328,-0.012996673192353897
2018-03-20,51.14862823486328,51.639444294699494,51.1209759573064,51.3076275122822,13003200.0,-0.002157725138234645,-0.002160056381178747
2018-03-21,51.87447738647461,52.2892509325564,51.14171061259239,51.314533362970785,15418500.0,0.014190979829965089,0.014091230462249107
2018-03-22,50.80988693237305,51.639433997126496,50.73384450278863,51.44587336695947,17737000.0,-0.020522432374020183,-0.020735943721988444
2018-03-23,50.388214111328125,51.30071826562418,50.23612920658992,51.02420073647591,20157300.0,-0.00829903088755457,-0.00833365956713549
2018-03-26,51.15553665161133,51.25923136181263,50.29142285682059,50.913585843896335,15032700.0,0.015228214649320115,0.015113429239606733
2018-03-27,50.948143005371094,51.77078095750133,50.65780206019511,51.15553240857201,15821900.0,-0.00405417790165441,-0.004062418360615553
2018-03-28,50.33290100097656,51.16245344751113,50.312163112786344,50.975801905534624,18163900.0,-0.012075847481421875,-0.012149352887029745
2018-03-29,51.57723236083984,51.7707930361167,50.643990376964794,50.69238054578401,14882900.0,0.024722027443622396,0.02442138307304189
2018-04-02,50.61631774902344,51.43204117697981,49.88355112317695,51.34216998949476,17891100.0,-0.01863059663794553,-0.018806332333572474
2018-04-03,51.86065673828125,51.94361357014771,50.533379073213474,50.7753299068249,15999200.0,0.024583751734524872,0.024286434242357557
2018-04-04,51.75696563720703,51.88830735746611,50.768419170784505,51.19010715623182,13122200.0,-0.0019994174311657176,-0.002001418934536555
2018-04-05,52.55192947387695,52.75931884396531,51.86063860575679,51.888290873377294,14200000.0,0.015359552610604288,0.015242788791146385
2018-04-06,51.75696563720703,52.62107949687244,51.30762537535453,52.28925745414265,14299600.0,-0.015127205501847318,-0.015242788791146461
2018-04-09,51.75696563720703,52.392952172128986,51.708575472031065,51.99891646308686,11103100.0,0.0,0.0
2018-04-10,53.277809143066406,53.761710842260015,52.57960359925881,52.593432375883175,19006100.0,0.029384325126782018,0.028960880926859667
2018-04-11,53.52666473388672,53.94835268466891,53.0565866219065,53.305451814962616,13734000.0,0.004670905107078793,0.004660030280193712
2018-04-12,53.38148498535156,54.01747135760946,53.23631452695342,53.82391074641193,13270400.0,-0.0027122883381008878,-0.0027159732566646748
2018-04-13,53.810089111328125,54.05204518154593,53.6441807474594,53.78244211245983,10925000.0,0.008029078361049269,0.00799701681349945
2018-04-16,54.29398727416992,54.66728498863284,53.72021456819187,54.00364636540908,10743600.0,0.008992703242707067,0.008952509673080488
2018-04-17,54.148826599121094,54.446081947241126,53.94835157139997,54.293997079719446,10478100.0,-0.0026736049853145483,-0.002677185450380036
2018-04-18,54.76408004760742,55.13737786265457,54.57051938961239,54.6396474425917,12061400.0,0.01136226742347013,0.011298201694201253
2018-04-19,54.90234375,55.17886127430933,54.48065571210822,54.83321568745594,11291500.0,0.0025247151467235884,0.002521533407635579
2018-04-20,54.61199188232422,54.88850935174467,54.14882815367088,54.83320480303417,12072200.0,-0.00528851498577021,-0.0053025486812875305
2018-04-23,55.00602340698242,55.0267612926493,54.43916501085057,54.55668321238399,11729800.0,0.007215109925073682,0.007189205546785046
2018-04-24,54.162654876708984,55.254896045140526,53.899966165901,55.16503010373757,14102000.0,-0.015332294138652114,-0.015451049182347989
2018-04-25,54.9576530456543,55.040609892335816,53.568156190006775,54.0589723327386,13867500.0,0.014677976379757984,0.0145712975041892
2018-04-26,55.89779281616211,55.92544509011371,54.9783744852662,55.026764646148514,14554400.0,0.017106621524154653,0.016961950827961328
2018-04-27,53.77553176879883,54.37004249766959,52.86994217501923,53.19484454040154,16346800.0,-0.03796681300714355,-0.038706330997897706
2018-04-30,53.74787521362305,54.307819235521904,53.74096082687083,53.85848430513144,15028800.0,-0.0005142962657196382,-0.0005144285614055008
2018-05-01,53.194847106933594,53.40915093060346,52.52429918190805,53.40915093060346,16231000.0,-0.01028930175363063,-0.01034260255281891
2018-05-02,53.09115219116211,53.388407539302506,52.74550668281895,52.84919611601638,13883700.0,-0.001949341363140622,-0.0019512438017525355
2018-05-03,52.91141891479492,52.95980907853218,52.123347520141174,52.80772419989158,12243100.0,-0.003385371553437655,-0.0033911148895964137
2018-05-04,53.16028594970703,53.38149888784916,52.49664713528062,52.62798885615308,9887200.0,0.004703465528166362,0.004692438796562043
2018-05-07,53.740970611572266,54.66730346215269,53.50593416052114,53.740970611572266,15071500.0,0.01092327950257066,0.010864051404730981
2018-05-08,53.982913970947266,54.03130940618694,52.79389783028265,53.78244421359547,17430400.0,0.004502028091820431,0.004491924277105979
2018-05-09,55.2548942565918,55.469192795995035,54.57742670183484,54.5981698637632,17142100.0,0.023562645883271394,0.02328933175296433
2018-05-10,56.492313385009766,56.54070355434157,55.648937341684466,55.745717680348065,17710300.0,0.022394742494151965,0.02214766230998506
2018-05-11,56.75765609741211,57.23948338412322,56.49928926751005,56.68782736845454,14751000.0,0.004696970198298844,0.004685973853336138
2018-05-14,57.14171600341797,57.48388046812869,56.98808961954256,57.05093387062434,11852100.0,0.006766662551157987,0.00674387144549797
2018-05-15,57.11378860473633,57.2813786170054,56.841452836952655,57.15568477590599,12595700.0,-0.0004887392370220844,-0.000488858708971659
2018-05-16,57.27439880371094,57.29535221859021,56.680846577645674,57.09284516215084,9570000.0,0.0028121090002648508,0.002808162418830354
2018-05-17,57.176631927490234,57.45595216176952,56.86938446461432,57.4000870493956,11224100.0,-0.0017069908766003117,-0.0017084494456056933
2018-05-18,56.77162170410156,57.12077065596544,56.74368914864163,56.9461961800335,10030900.0,-0.0070834921494202785,-0.007108699186367106
2018-05-21,57.455955505371094,57.504836149645264,56.92524756211536,57.07189482252853,8822400.0,0.012054152774362059,0.011982080080233048
2018-05-22,57.009056091308594,57.71433865950034,56.806549004299406,57.56769669875404,10753400.0,-0.007778121695682594,-0.007808529061661623
2018-05-23,57.36517333984375,57.421038450260234,56.26186138327404,56.52721266636706,15140900.0,0.006246678562170649,0.006227248937407674
2018-05-24,56.05237579345703,56.8135233522679,55.828920655819026,56.80653888083182,13360500.0,-0.02288492250532259,-0.02315084728949052
2018-05-25,54.96302032470703,55.39596688750892,54.530073761905136,55.36104986575781,14562000.0,-0.01943459939618042,-0.019625934291412152
2018-05-29,54.76053237915039,54.97700839969255,54.13904753431183,54.571994247804774,14644800.0,-0.0036840760271250605,-0.003690878948671665
2018-05-30,56.911285400390625,57.02301563449387,55.31916685755496,55.34011494455162,16627500.0,0.03927560466996338,0.03852393648960348
2018-05-31,56.72970962524414,56.94618555778152,56.345649046387365,56.42944136954706,15803100.0,-0.003190505606559979,-0.0031956061212759413
2018-06-01,57.14171600341797,57.50482855182261,56.9461934521547,57.16964855753986,9906100.0,0.0072626209599087055,0.00723637512738196
2018-06-04,56.54117965698242,57.63052263456843,56.42944944000438,57.29534263881426,10954700.0,-0.010509595938624328,-0.010565211751698755
2018-06-05,56.338680267333984,57.016030148660285,56.15014216012731,56.27583067987129,12059300.0,-0.003581449677508286,-0.003587878422478837
2018-06-06,57.30233383178711,57.32328191997816,56.47136281052549,56.89732502904738,11603300.0,0.017104652787045538,0.01696001520098494
2018-06-07,57.87493896484375,58.161243715161106,57.65148380774363,57.77019852213368,13502500.0,0.009992701776118551,0.00994310486282162
2018-06-08,58.377723693847656,58.41962520519352,57.60959680200599,58.035559095476664,14350400.0,0.008687434284972984,0.008649915664857342
2018-06-11,58.028564453125,58.510391792224475,57.90985506823098,58.4615111438804,10831600.0,-0.005981035549686098,-0.005998993583706325
2018-06-12,57.5537109375,58.48244841179552,57.48388221386961,58.035538187452886,12351800.0,-0.008183099480404743,-0.008216764822644638
2018-06-13,56.91826629638672,57.6794084899356,56.8903337396156,57.56768359044157,12049300.0,-0.01104089781114792,-0.011102300905217154
2018-06-14,57.18362045288086,57.469925178404125,56.91128467023668,57.21853748248785,11477300.0,0.0046620210656518335,0.004651187503258842
2018-06-15,56.32471466064453,57.13473750447978,56.21996890363734,57.064908775671825,23797500.0,-0.01502013663062951,-0.015134081298841778
2018-06-18,56.43644714355469,56.82749233948927,56.07333450841417,56.14316324660374,9192600.0,0.001983720354081564,0.001981755379071453
2018-06-19,56.352638244628906,56.53419718985692,55.66132481724748,55.78701865200685,8759700.0,-0.0014850137308005662,-0.0014861174565247996
2018-06-20,56.17806625366211,56.65290905845739,56.05237241334599,56.457386490763525,8917700.0,-0.0030978494779423382,-0.003102657746398715
2018-06-21,55.64735412597656,56.12917599161566,55.3959664884303,55.877788354069395,10990700.0,-0.009446963255894447,-0.009491868851387343
2018-06-22,56.82749938964844,57.21854996168894,56.50628289205252,56.673878277609255,16012200.0,0.021207571900008437,0.020985821065897605
2018-06-25,55.682281494140625,56.7297285029041,55.37503399433188,56.40851205952755,10557200.0,-0.020152530162473092,-0.02035836245408342
2018-06-26,56.31074905395508,56.56912122619904,55.842890682878114,55.96858453321425,10382800.0,0.011286670426400969,0.011223451206670062
2018-06-27,57.05793380737305,57.59562629668577,56.60403900314048,56.60403900314048,12725900.0,0.013268954257774856,0.013181692749319735
2018-06-28,57.239501953125,57.30933070473563,56.58309996728209,57.07191188374103,9390700.0,0.0031821717618609746,0.0031771193688507277
2018-06-29,57.77019119262695,58.33581082186392,57.46293839274983,57.574663293329365,17323200.0,0.009271381151019664,0.0092286657145406
2018-07-02,57.09284973144531,57.35121659880127,56.78559688638277,57.18362655949047,9998300.0,-0.011724757131634456,-0.01179403413295991
2018-07-03,57.428035736083984,58.272975819604305,57.31631080754495,57.665459866566174,7197300.0,0.005870892873894418,0.005853726338152068
2018-07-05,57.47688674926758,57.798103078598416,57.29533316807347,57.67240926906991,9035700.0,0.0008506474678691145,0.0008502858723574931
2018-07-06,57.49087905883789,57.749245924640185,57.023020649463376,57.23250686544433,7637100.0,0.00024344237069340302,0.00024341274340773886
2018-07-09,57.88889694213867,58.04950247559557,57.65147288592868,57.82604736082802,7158600.0,0.006923148329206041,0.0068992933754471976
2018-07-10,58.41961669921875,58.74083315894329,58.31487092749328,58.44754393259371,8806200.0,0.009167902397769767,0.009126132282711412
2018-07-11,57.67241668701172,58.328818368709314,57.28137159711006,57.9796694448429,10405300.0,-0.012790224490073054,-0.012872723621200627
2018-07-12,57.74226379394531,58.12632450051098,57.476907142131274,57.9657189426571,9762200.0,0.0012111007470461121,0.0012103679561324386
2018-07-13,58.175193786621094,58.48244655394223,57.65147038464549,57.73526804689397,8720000.0,0.00749762763407924,0.007469660130300126
2018-07-16,57.60259246826172,57.81208396998511,57.260427987864375,57.62354055291602,8306900.0,-0.009842705818215225,-0.009891465462166585
2018-07-17,57.47688674926758,57.784139467579294,57.28834869876936,57.44197505792522,7373300.0,-0.0021822927338452924,-0.002184677404631542
2018-07-18,57.41405487060547,57.483883595914705,56.90429505342661,57.120771027752546,8711900.0,-0.001093167744735446,-0.0010937656884027183
2018-07-19,57.26741409301758,57.69337625177923,57.06490705626283,57.40008707547801,8659100.0,-0.002554091988771323,-0.002557359246151179
2018-07-20,56.841461181640625,57.21155828821307,56.73671541074869,57.06491634000085,9196300.0,-0.007437963074167997,-0.00746576265547019
2018-07-23,56.841461181640625,57.26043893761714,56.68783476134462,57.225521904789424,8425900.0,0.0,0.0
2018-07-24,57.96571731567383,57.97269645966916,56.89732224939614,56.92524948055914,11121000.0,0.01977880425066081,0.01958574520117481
2018-07-25,58.370723724365234,58.475469483533814,57.61656597905085,57.96571495788569,9523600.0,0.006986998996075355,0.006962703023564329
2018-07-26,58.82461929321289,58.93634952526162,58.21710347111765,58.53831989687172,13210100.0,0.007776082595635003,0.007746004690261731
2018-07-27,57.20457458496094,57.52579104644647,56.42946332857081,56.54119357304819,18220800.0,-0.027540249774958947,-0.027926592289442772
2018-07-30,57.078880310058594,57.351216119509424,56.35963418111966,57.351216119509424,11282800.0,-0.002197276630659384,-0.0021996941849614583
2018-07-31,56.91826629638672,57.36517654954377,56.86938565393487,57.009043110200025,11716800.0,-0.0028138956615721966,-0.002817862108495251
2018-08-01,56.13617706298828,56.51325863082472,56.01746767892618,56.48532607088227,8936300.0,-0.013740566680754407,-0.013835842032058827
2018-08-02,55.80097579956055,56.045378946717136,55.47975414605298,55.787006861100714,8364300.0,-0.0059712164412553115,-0.005989115442257559
2018-08-03,56.00350570678711,56.07333977913209,55.60547600134265,55.84290012661379,7811100.0,0.003629504759093516,0.0036229340009611252
2018-08-06,55.989532470703125,56.16410696639282,55.6822796534602,56.03841311639261,10041800.0,-0.00024950645334853583,-0.0002495375852621837
2018-08-07,56.75066757202149,56.974122685276576,56.0803022322562,56.49928523125087,10698100.0,0.013594239275290132,0.013502666578580456
2018-08-08,56.37358474731445,56.72273365356476,56.108228168906926,56.576086424660865,7275000.0,-0.006644553109943385,-0.00666672642873493
2018-08-09,56.087303161621094,56.499301810841885,55.940661199977264,56.37360793977693,9828500.0,-0.0050782930866747344,-0.005091231438761936
2018-08-10,56.03085708618164,56.10140607058727,55.635778467476186,56.09435493992645,12954300.0,-0.0010063966754970677,-0.001006903432658972
2018-08-13,55.42412567138672,56.26367311170537,55.33241253067539,56.05202077770392,10308500.0,-0.010828522823802311,-0.010887577984114789
2018-08-14,55.24773406982422,55.78391587577489,55.085471993608905,55.727474552508326,8005900.0,-0.003182577973504519,-0.003187653145731512
2018-08-15,54.28120803833008,54.95848784554806,53.9778426200671,54.87382585119278,16307800.0,-0.017494401313773444,-0.017649236846583535
2018-08-16,55.02903747558594,55.09958644712326,54.46463493820435,54.521076268450805,11519900.0,0.013776949045197995,0.01368290961592368
2018-08-17,55.21247482299805,55.37473693607648,54.88794521429912,55.268910776545034,10178400.0,0.0033334645821034847,0.0033279209053938387
2018-08-20,55.60049057006836,55.73453738238863,55.14897069782701,55.21246853933609,8152100.0,0.007027682571995264,0.007003103499586447
2018-08-21,55.614620208740234,56.143745721713685,55.50173751568523,55.769831220419334,9192200.0,0.00025412794971768626,0.0002540956646798436
2018-08-22,56.41181564331055,56.47531348307782,55.748643494285744,55.81214133405302,10098200.0,0.014334278137262624,0.014232513699392033
2018-08-23,55.79097366333008,56.17899565894885,55.663983374345165,56.12961084559589,7203900.0,-0.011005530896328941,-0.011066539787933054
2018-08-24,56.17196273803711,56.47532822769373,56.030859380904545,56.10140836819947,6545200.0,0.006828865848552912,0.006805654754546285
2018-08-27,56.72225189208984,56.77163672103056,56.34128090488605,56.37655808950484,6671900.0,0.009796509276684073,0.009748834590480423
2018-08-28,56.637577056884766,57.01854795784417,56.58113572728898,56.84922935159825,8823400.0,-0.0014927974891786322,-0.001493912821465497
2018-08-29,57.04677200317383,57.17376231101894,56.51059010532315,56.750463079049155,8004800.0,0.0072247961080340595,0.0071988222972589055
2018-08-30,56.79985427856445,56.990337070453144,56.524709477757256,56.75752058283402,7450900.0,-0.004328338237887253,-0.004337732611656526
2018-08-31,56.55997848510742,56.764574292984605,56.27777718518916,56.60936330890246,10700000.0,-0.004223176212400204,-0.004232119007942573
2018-09-04,56.644630432128906,56.92683168194003,56.30598785584733,56.729292421834586,8855000.0,0.0014966757288243926,0.0014955568259897778
2018-09-05,57.39952850341797,57.44891332947685,56.15784595638288,56.369498286659464,13878400.0,0.013326913169529275,0.013238891041985551
2018-09-06,56.76457595825195,57.59706685703494,56.679913951030166,57.22315241125434,13320600.0,-0.011061981896387962,-0.011123620603824857
2018-09-07,57.731101989746094,57.80165095686237,56.31304460578192,56.54586104155268,16417800.0,0.017026922427906044,0.016883589113189598
2018-09-10,57.64645767211914,58.37312248301564,57.611185869018456,58.020372156751876,10817900.0,-0.0014661822606814034,-0.001467258157661475
2018-09-11,58.45777130126953,58.6905877558519,57.59000332625416,57.822819780836525,11891900.0,0.014073954617731532,0.013975836057528227
2018-09-12,58.64825820922851,59.10683463874442,58.46483194345575,58.73292021211425,11556300.0,0.00325853866335879,0.003253241131271016
2018-09-13,58.07679748535156,58.732913126571674,57.85809406579197,58.662364157282255,11162700.0,-0.009743865228499238,-0.009791647324849374
2018-09-14,58.500125885009766,58.66239343966137,58.04154928190987,58.1473754799397,9442600.0,0.007289114034997768,0.007262676834734892
2018-09-17,58.84580612182617,58.98690408519388,58.54949178668634,58.55654829961741,8403300.0,0.00590905116163154,0.0058916611906739145
2018-09-18,59.000999450683594,59.35374966823948,58.87400915706182,59.19148758238682,9219900.0,0.0026372878389351317,0.0026338162976586245
2018-09-19,59.70650100708008,59.805270639247325,59.0080570703142,59.0080570703142,10413600.0,0.011957450940914605,0.011886525456590054
2018-09-20,59.84056091308594,60.207418858216464,59.64302160551239,59.8687815831025,11198200.0,0.0022453150619219375,0.0022427981089225054
2018-09-21,60.08747863769531,60.27091028196415,59.62890221829415,59.9746013522127,26639400.0,0.00412626019612361,0.004117770530221547
2018-09-24,61.09634017944336,61.44203390576611,60.47550169792922,60.524886515975325,13549500.0,0.016789879765651383,0.016650487820022646
2018-09-25,61.02579498291016,61.63252586074243,60.93408185302083,61.399709397321296,12200700.0,-0.00115465503049772,-0.0011553221582017966
2018-09-26,60.51781463623047,61.02577571145128,60.45432219309792,60.68713320045737,10275500.0,-0.00832402669759491,-0.008358864871792536
2018-09-27,60.510772705078125,60.94112842068519,60.383782405677,60.73653263928664,7895400.0,-0.00011636129286352048,-0.00011636806336398014
2018-09-28,59.98163604736328,60.62364393512605,59.96047189854304,60.143903492552454,9884900.0,-0.008744503400969439,-0.008782960929633188
2018-10-01,60.53900146484375,60.69421244959316,60.15097938551234,60.21447185243231,8566900.0,0.009292267670730991,0.00924936015211681
2018-10-02,60.99757385253906,61.14572831471494,60.40495600383558,60.53194631177801,8453100.0,0.007574825758591697,0.0075462808239334985
2018-10-03,60.77887725830078,61.30094619082358,60.6589434491138,61.0328579027805,10206700.0,-0.003585332668590735,-0.003591775377876866
2018-10-04,60.37673568725586,60.72948594663565,60.14391922425516,60.32029435394506,10204600.0,-0.006616469227226474,-0.006638455092606195
2018-10-05,60.20740509033203,60.461385679859895,59.91815270825604,60.186240938294915,9217400.0,-0.0028045669411632668,-0.002808507107725266
2018-10-08,60.76476287841797,60.891753197828606,59.7206250366347,59.819394687004944,13242400.0,0.00925729629519334,0.009214710147811302
2018-10-09,61.03285217285156,61.29388392333541,60.489613752170825,60.941133659402105,10177900.0,0.004411920358678989,0.004402216369735062
2018-10-10,59.62889862060547,61.25155188903293,59.61479097922452,61.18805942900636,16573400.0,-0.02300324337243731,-0.02327194667100311
2018-10-11,57.56884765625,59.38198397579131,57.265482184145775,59.21972185265556,20320100.0,-0.03454786206035332,-0.03515875064718661
2018-10-12,57.41364288330078,58.02037389323666,56.63053670495431,57.94276838853256,15216300.0,-0.002695985403007639,-0.0026996261166670676
2018-10-15,57.018558502197266,57.66761776495401,57.018558502197266,57.41363711734616,10558800.0,-0.0068813675855156076,-0.006905153377428857
2018-10-16,57.2866325378418,57.33601735244606,56.44709068956924,56.7998409031829,9781800.0,0.004701522498752775,0.0046905048614666635
2018-10-17,57.498291015625,57.51239865737184,56.67990784822432,57.103212456213186,12247700.0,0.00369472717118402,0.0036879184325501746
2018-10-18,57.74522018432617,58.18263247245939,57.28664374044398,57.28664374044398,17448600.0,0.004294547965504991,0.0042853527112977
2018-10-19,57.82989501953125,58.17558886605555,57.50536533345122,57.611191518215946,12098700.0,0.0014663522787650152,0.0014652782340860042
2018-10-22,57.25136947631836,57.978034165965674,56.891562696453654,57.85104385439825,9474100.0,-0.010003918267835421,-0.010054293707632141
2018-10-23,56.3271598815918,56.7645721490718,55.53700273071424,56.482370859811866,15465100.0,-0.016143012877776752,-0.01627473078293994
2018-10-24,54.76095199584961,56.62347292769764,54.71156717502568,56.53175441578049,16085700.0,-0.027805553999786126,-0.028199447203173085
2018-10-25,55.24773406982422,55.76980823622867,54.84559906099643,55.37472435590357,12315500.0,0.008889218617154526,0.008849942100099923
2018-10-26,54.69744873046875,55.31829256792606,54.295313691452655,54.937321681088505,18160100.0,-0.009960324140352972,-0.01001026003064187
2018-10-29,54.35879898071289,55.33238743394232,53.77323245377041,55.078406901353766,15707000.0,-0.006191326243105366,-0.006210571982317791
2018-10-30,55.57932662963867,55.75570174861191,54.619845551820966,54.76094887652444,17758200.0,0.022453175416160986,0.022204813672209243
2018-10-31,56.21428680419922,56.68697090413808,55.663997209339975,55.97441380647922,16629100.0,0.011424394879623101,0.011359629285484429
2018-11-01,56.9127197265625,56.96916105409162,55.946187559697194,56.320101935130445,14159300.0,0.012424473600385566,0.012347923241360408
2018-11-02,57.81575393676758,58.16850412645509,56.60229780557674,57.68171252481402,19350400.0,0.015867001516422174,0.015742436568341716
2018-11-05,57.59707260131836,58.464840768623766,57.45597462441896,58.2038035905628,15815000.0,-0.0037823831838011968,-0.0037895544838568566
2018-11-06,57.84400177001953,57.92160727880916,57.39248174572161,57.66762659232368,9063200.0,0.0042871826214223585,0.004278018835886502
2018-11-07,58.57771682739258,58.655322327799034,57.61118440285484,57.999206522344394,12699800.0,0.012684375819816296,0.012604602995569276
2018-11-08,57.64645767211914,59.085679649180435,57.52652385299974,58.64826730689795,16865500.0,-0.01589783975393788,-0.01602556593067645
2018-11-09,57.63221740722656,58.00992241324368,56.79128712629667,57.19749888861234,15070100.0,-0.0002470275792759713,-0.000247058095614121
2018-11-12,56.89103698730469,58.24507750597424,56.81977284150225,58.19519206020195,11906600.0,-0.01286052234785151,-0.012943934788825176
2018-11-13,55.586875915527344,56.905281500461754,55.33032066864111,56.86965214995852,15530200.0,-0.02292384074609799,-0.023190677824034618
2018-11-14,55.152156829833984,56.36366347202467,54.69605982780183,56.19975650038147,18552100.0,-0.007820534587228534,-0.007851275345508571
2018-11-15,55.722286224365234,55.722286224365234,54.09743981684159,54.63905166127903,18976000.0,0.010337390725993156,0.01028432529457008
2018-11-16,56.27103805541992,56.43495051490512,55.65815649977293,55.85057571034715,13704900.0,0.009847977680692122,0.009799802376495801
2018-11-19,56.45631790161133,56.55608879186926,55.8933219139526,55.91470061370705,9430800.0,0.003292632455241584,0.003287223610638406
2018-11-20,54.85286331176758,56.22828284213652,54.42527290295541,55.886207252822565,15533700.0,-0.02840168557641598,-0.028812816701668086
2018-11-21,55.27330780029297,55.85768243870015,55.05951538357148,55.180664963424185,9685300.0,0.0076649506177226545,0.007635724135094316
2018-11-23,53.798118591308594,54.30410105292041,53.23512264292509,54.19720756160516,10875400.0,-0.026688998138384545,-0.027051615943981516
2018-11-26,54.8599739074707,55.10227306844671,54.2470925228657,54.332607315160615,13741100.0,0.01973777789942366,0.01954551375456462
2018-11-27,54.90984725952149,55.19490375388585,54.44662230052322,54.56777185433849,10344500.0,0.0009091027300689447,0.0009086897464594336
2018-11-28,55.90757751464844,55.90757751464844,54.76020673806005,54.902740477543645,11482100.0,0.018170333827580265,0.01800722616258313
2018-11-29,56.34230041503906,56.6772479332535,55.7222962692526,55.74367497260984,10255200.0,0.007775742032047894,0.007745666754433987
2018-11-30,56.655879974365234,56.727144144773085,55.81494971449412,55.90759259231356,14040100.0,0.005565615124271117,0.005550184316563638
2018-12-03,57.88163757324219,58.05267265278266,57.111971559649334,57.18323572303227,19415100.0,0.021635134772093556,0.021404417051708834
2018-12-04,56.60597610473633,58.401857625740654,56.54896261210612,57.99564600568575,18540700.0,-0.02203913921563927,-0.022285629396020103
2018-12-06,55.86481857299805,55.90045336616422,54.81721872434299,55.58688458504133,23218100.0,-0.01309327358593626,-0.013179746127672127
2018-12-07,55.33034133911133,57.26875706769735,55.10942079730141,56.577483251844974,16224700.0,-0.009567331417864033,-0.009613392355362247
2018-12-10,54.546417236328125,55.48711821940194,53.30640353980048,55.48711821940194,17946200.0,-0.014168069160800045,-0.014269394447034747
2018-12-11,54.64617156982422,55.444344000768574,53.93351936126475,55.37307443022873,15742400.0,0.0018287971703787598,0.0018271269568447246
2018-12-12,54.175819396972656,55.72940145477087,54.175819396972656,55.61537992681304,14559800.0,-0.008607230101207897,-0.008644486241711484
2018-12-13,54.8599739074707,55.03100892916584,54.12593750527238,54.1829509915392,13749700.0,0.012628410942618462,0.012549337579207055
2018-12-14,53.86227035522461,54.78159261491357,53.51306676024,54.67469366618576,12669300.0,-0.01818636578152344,-0.018353770493438035
2018-12-17,52.76477813720703,53.87651401046418,52.365694580059476,53.634214832797646,15464100.0,-0.02037589969341358,-0.02058635201546461
2018-12-18,51.31097412109375,52.63650805419052,51.04016815947964,52.47259560564352,18681200.0,-0.02755254674496832,-0.02793923759199246
2018-12-19,50.44152069091797,52.21602310589131,50.09945068753029,51.63164853275808,21679600.0,-0.016944785108227944,-0.01708999063443539
2018-12-20,48.90933609008789,50.356025142705846,48.49600179787522,49.949808023228435,28723700.0,-0.030375464098685412,-0.03084635880850914
2018-12-21,48.54587936401367,50.14934712920708,48.225182548711466,48.560130018488806,47287300.0,-0.0074312340982252145,-0.007458983277574061
2018-12-24,46.68585586547851,48.12541118606662,46.635970419643925,47.65506347349844,14262800.0,-0.03831475550351182,-0.039068070527411985
2018-12-26,48.91646194458008,48.93071803783861,46.07298029543146,47.163337634129455,24887700.0,0.04777905508531055,0.04667273837179658
2018-12-27,49.13025665283203,49.13025665283203,47.092070417877174,48.27507053742721,22077000.0,0.004370608579462809,0.004361085208320748
2018-12-28,48.58150863647461,49.58635104410478,48.33208140528814,49.30128902113202,19710600.0,-0.011169247908371926,-0.011232092346028118
2018-12-31,48.59576797485352,49.27991361343436,48.218063079949054,48.68841082773941,15807000.0,0.0002935137005648514,0.0002934706338455504
2019-01-02,49.66474533081055,49.79302297470272,47.93299985681926,47.997135960212304,16727200.0,0.021997334346278485,0.02175888350636798
2019-01-03,48.90220260620117,50.06382389363499,48.716911486482864,49.88566081928042,13866100.0,-0.015353803176280767,-0.01547289337651143
2019-01-04,50.705223083496094,50.790737898048974,49.42957454105069,49.629116357816365,16043600.0,0.036869923668147564,0.03620648615133251
2019-01-07,50.968894958496094,51.38223463677232,50.413026981486176,50.776481211495,10844200.0,0.005200092987774019,0.005186619194034758
2019-01-08,51.339473724365234,51.73142923763696,51.2682095798709,51.69579988394264,11439000.0,0.007270684721944587,0.0072443807155876064
2019-01-09,51.61027908325195,51.738556716779655,51.061539195836914,51.738556716779655,13473500.0,0.005274798108384049,0.0052609350892247565
2019-01-10,51.34660339355469,51.36798209386843,50.68383649829943,51.36085404806189,13151100.0,-0.005108976242347629,-0.005122071683376293
2019-01-11,51.111427307128906,51.23257690147505,50.648202193157594,51.20407015508079,9790100.0,-0.004580168324343381,-0.004590689433207854
2019-01-14,51.04728698730469,51.15418592955906,50.683838195588294,50.747974298677285,11012400.0,-0.001254911537468928,-0.001255699598319126
2019-01-15,51.07579040527344,51.56752224532897,50.826363181008205,51.275332184685624,10298300.0,0.00055837282744986,0.0005582169953482186
2019-01-16,51.05440902709961,51.58177019317925,50.81923246922833,50.897624655185425,12595600.0,-0.0004186206029151984,-0.0004187082489809437
2019-01-17,51.403621673583984,51.55327804265475,50.5270621637256,50.7337320363777,10141700.0,0.0068400095729050925,0.006816722834793552
2019-01-18,52.01649475097656,52.2302926359438,51.403613280316954,52.216036543822746,15759200.0,0.011922760642904873,0.011852244477098702
2019-01-22,51.232566833496094,51.81694142697505,51.08291052216543,51.58889293774192,15035600.0,-0.015070756328996016,-0.015185474226765949
2019-01-23,50.81211471557617,51.52476706537608,50.54843138879207,51.31809723148139,13187200.0,-0.008206735362028095,-0.008240595998789667
2019-01-24,50.88337326049805,51.289584837672855,50.34175601189653,50.66957540425643,11272500.0,0.0014023928214905723,0.0014014103870764062
2019-01-25,51.111427307128906,51.5033828365616,50.98314966690771,51.36085454169624,8996200.0,0.004481897170286464,0.004471883378538794
2019-01-28,50.76935195922851,50.7978587057192,50.14934789365056,50.61256757208275,13678400.0,-0.006692737141634986,-0.006715233939813295
2019-01-29,50.961769104003906,51.4463729007847,50.94039040426597,51.097169348046044,10513200.0,0.003790025622740334,0.0037828615712168752
2019-01-30,51.51763153076172,51.71717328976288,50.961763648657026,51.14704931795516,11524700.0,0.010907439763784499,0.0108483826955403
2019-01-31,52.22316360473633,52.37281994654783,51.32522011676139,51.517639297023294,19876700.0,0.013694963316652542,0.013602034780528665
2019-02-01,54.10456466674805,54.51077628545774,52.96432200344945,53.39191232254819,22968700.0,0.03602617942205799,0.0353924132304287
2019-02-04,53.32064437866211,53.9905392743816,53.021331720317214,53.9905392743816,15483800.0,-0.014488986149586824,-0.014594976550834728
2019-02-05,53.869384765625,53.90501955547942,53.456050563683775,53.5772001498199,12786700.0,0.010291330747354666,0.010238735545046097
2019-02-06,53.63421249389648,53.99766124454688,53.541564217094844,53.86226100762251,10866900.0,-0.004365601588949053,-0.0043751586525966205
2019-02-07,53.22087860107422,53.584332828011725,52.665010628761586,53.41329234644935,14418900.0,-0.007706534199030113,-0.007736382986403326
2019-02-08,53.307342529296875,53.37219066923506,52.40663726925344,53.14881752393425,11959500.0,0.001624624216949977,0.0016233059426339431
2019-02-11,53.39382553100586,53.48029524552927,52.88943260662904,53.23530046978155,10434800.0,0.0016223468964233767,0.0016210323133117079
2019-02-12,54.33053207397461,54.36655697905804,53.91260359324023,54.099951791063845,12599200.0,0.017543349510044104,0.017391241368166166
2019-02-13,54.943023681640625,55.15198797238838,54.40980767962813,54.46024695687973,13214600.0,0.011273432898320834,0.011210361333040533
2019-02-14,54.95743560791016,55.23125355463951,54.553921367428,54.950233923236695,12772900.0,0.00026230675532246117,0.0002622723589203249
2019-02-15,55.99504089355469,56.03107130097932,55.303299951254736,55.44020890250634,14330300.0,0.01888016196838671,0.01870414376084721
2019-02-19,56.36973190307617,56.54987292788823,55.80768728778959,55.88694977850432,13551500.0,0.006691503453560621,0.006669214719173816
2019-02-20,56.585914611816406,56.78767173983106,56.204016405578734,56.420187898434115,12633100.0,0.003835084919544096,0.003827749729443943
2019-02-21,56.07432174682617,56.679598705382766,55.92300388155456,56.355341424826335,10266000.0,-0.009040993125229102,-0.009082110921676087
2019-02-22,56.506649017333984,56.888547202753784,55.930200896925115,56.71561331637803,9519300.0,0.007709897454662995,0.0076803280825840665
2019-02-25,56.56429672241211,56.81649312422837,56.348125236587165,56.51385744204885,9274400.0,0.0010201933061089186,0.0010196732625845652
2019-02-26,56.679588317871094,57.01824890809734,56.48503288569884,56.69399718443575,10990600.0,0.002038239704893252,0.0020361653126068457
2019-02-27,57.26323699951172,57.46499409290753,56.679581765406894,56.83810126916897,12398200.0,0.010297334524862922,0.01024467814742872
2019-02-28,56.94618606567383,57.46499315304549,56.71560574878292,57.24882170081783,14597900.0,-0.005536727409255482,-0.005552111897213704
2019-03-01,57.6451530456543,57.6451530456543,56.94620468538051,57.19840113046121,15419400.0,0.01227416668737713,0.012199449873231715
2019-03-04,57.8685188293457,58.04145822447117,56.93178851102878,57.81807954680148,18089900.0,0.003874840674193525,0.0038673528156745077
2019-03-05,57.78204727172851,57.93336510009353,57.46499725183871,57.73160799560685,13745500.0,-0.0014942763244416568,-0.001495393868727268
2019-03-06,57.12633514404297,57.19839047242961,56.10313518753287,56.816492284258175,18633600.0,-0.011348025185088373,-0.011412905330911364
2019-03-07,57.76043319702149,57.83248852287479,57.155156365421966,57.320888562606655,16541700.0,0.011099925303796443,0.01103877323903563
2019-03-08,56.93178176879883,57.15515492254574,56.38415141069442,56.84531208147639,16211300.0,-0.014346350647962192,-0.014450254494340621
2019-03-11,57.48662185668945,57.85411120740618,57.392950472081885,57.6307380223968,11060900.0,0.009745700391809997,0.009698517360524496
2019-03-12,57.6451530456543,58.06308172462814,57.56589052041891,57.72441557088969,11320000.0,0.0027577057730066024,0.0027539102787444278
2019-03-13,58.156734466552734,58.192764874638264,57.78924519446035,58.07026478562852,10260200.0,0.008874664978220759,0.008835516587727198
2019-03-14,57.962188720703125,58.300854790152826,57.89733508098333,58.22159228464465,9976700.0,-0.0033451972094735716,-0.003350804891018259
2019-03-15,57.75321960449219,58.04144637338074,57.71718919683048,57.77483565010186,25316400.0,-0.0036052661368237704,-0.0036117807714902755
2019-03-18,58.423343658447266,58.5458382467712,57.96218303390093,57.96218303390093,9840600.0,0.01160323283349829,0.011536431571218123
2019-03-19,58.27204132080078,59.08627706220301,58.10630910039816,58.78364135274056,13936500.0,-0.002589758274210152,-0.002593117499143337
2019-03-20,58.59629821777344,59.02863576882788,58.04866772112035,58.18557671965118,13133600.0,0.005564536433305012,0.005549111595372252
2019-03-21,58.93495178222656,59.00700710909603,58.22159470052138,58.22879638497999,10117000.0,0.005779436154729645,0.005762799283973674
2019-03-22,57.991024017333984,58.682765165968966,57.861322208373046,58.53144730509287,12497700.0,-0.01601643398946917,-0.0161460832781605
2019-03-25,57.58749008178711,57.9621865478647,57.349702574176554,57.64513653771729,11320400.0,-0.006958558542202287,-0.00698288221483827
2019-03-26,58.336883544921875,58.56025671289863,57.774844285193794,57.88293002686516,9472800.0,0.013013129449997995,0.012929186140103691
2019-03-27,57.89014434814453,58.58909273305872,57.515453259025485,58.34410346276365,7258700.0,-0.007657920163550269,-0.007687392595601922
2019-03-28,58.17837142944336,58.214401850483,57.659564152306736,57.66677133600874,7412300.0,0.004978862715654397,0.0049665091661338905
2019-03-29,58.22159957885742,58.71158353908184,57.99101921507355,58.60349779098669,10889200.0,0.0007430278358082631,0.0007427519272892175
2019-04-01,58.89173126220703,58.92775618398882,58.42336329928271,58.531449059568345,10816400.0,0.011510018415793688,0.011444282090497752
2019-04-02,58.63951110839844,59.05023247193381,58.44496119828944,58.90612183462851,7646000.0,-0.004282777028333906,-0.004291974387423606
2019-04-03,58.29363250732422,58.92051970989456,58.0846682739783,58.92051970989456,8562900.0,-0.005898388211914685,-0.005915852411277645
2019-04-04,59.12229919433594,59.14391524234433,58.1999723320495,58.45217421873122,9360600.0,0.014215389423666513,0.014115298217184805
2019-04-05,59.439353942871094,59.46817717765885,59.05024851944131,59.194364693380074,10059100.0,0.005362693143800001,0.005348365106673802
2019-04-08,59.806846618652344,59.95095730308269,59.51141256885883,59.56905904161906,9108200.0,0.0061826492282277545,0.0061636150665628255
2019-04-09,59.03582000732422,59.5041877962091,58.89891106200467,59.4609502096793,8561600.0,-0.012891945570119079,-0.012975767901704474
2019-04-10,58.76921081542969,59.143907255203686,58.66113058998357,59.02861435143684,10324300.0,-0.004516058079001128,-0.004526286274989319
2019-04-11,59.05024337768555,59.13671307451953,58.380118345263206,58.75481486740766,9115100.0,0.004781969305976741,0.004770572010657019
2019-04-12,58.30805969238281,59.66992572950391,58.06307047817734,59.66992572950391,16638700.0,-0.012568681225507028,-0.012648335233724196
2019-04-15,58.1135139465332,58.40894246128099,58.019837065845024,58.28644784534824,8536100.0,-0.0033365155156247495,-0.003342094095653264
2019-04-16,58.50980758666992,58.61789331015186,58.14232382328691,58.22878800409785,7005700.0,0.006819302658265025,0.0067961563819531725
2019-04-17,58.67555236816406,58.87010231425395,58.423355957503304,58.76202206502037,8311400.0,0.002832769211360331,0.0028287644818582145
2019-04-18,58.459381103515625,58.96377942428035,58.41614900365302,58.7692239799597,9493900.0,-0.003684179456753256,-0.0036909827607568436
2019-04-22,59.73478317260742,59.96536353489678,58.82687059095019,58.99260280328448,10770600.0,0.02181689311478352,0.021582310479779418
2019-04-23,60.08064270019531,60.1599052042135,59.57624994505113,59.9437392366383,10595100.0,0.005789918523492643,0.005773221364364504
2019-04-24,58.913352966308594,59.864497852618946,58.89173691167188,59.81405855930971,11684000.0,-0.01942871582968142,-0.019619934131867238
2019-04-25,59.24479293823242,59.691539250506125,58.65393047887938,58.83407153962688,11135000.0,0.00562588878812198,0.005610122580773343
2019-04-26,57.99820709228515,58.09908563383222,57.328082210597806,57.839682099148845,18053500.0,-0.021041272728338223,-0.02126579538763432
2019-04-29,57.623531341552734,57.91895986325369,57.40015815459813,57.73161709240709,10023700.0,-0.006460126433498914,-0.006481083355267168
2019-04-30,57.84690475463867,58.027045840943586,57.594708333305725,57.91175840439267,13721500.0,0.0038764270062161543,0.003868933023390638
2019-05-01,56.68678665161133,57.832486635932526,56.650761738594575,57.60190630224387,13909800.0,-0.020054972827812656,-0.020258803613145034
2019-05-02,55.692420959472656,56.564303189706784,55.656390541892534,56.405778148306055,15360400.0,-0.017541401636502973,-0.01769707519682835
2019-05-03,55.822113037109375,56.35532904004811,55.8004969893167,56.0526933760128,12180700.0,0.0023287204147777185,0.002326013147556962
2019-05-06,55.57711410522461,55.95901774455136,55.27447846422017,55.42579628472239,13367100.0,-0.004388922571273768,-0.004398582165778436
2019-05-07,55.28168869018555,55.332127966464334,54.59714937215185,55.12316367974682,13498800.0,-0.0053155947334676545,-0.005329772772612355
2019-05-08,55.368160247802734,55.692417493433915,55.06552454985592,55.15199424818481,11352900.0,0.001564198917688664,0.0015629768327848925
2019-05-09,55.317718505859375,55.396981018103475,54.734063186124914,55.015082821365155,13221600.0,-0.0009110243453567257,-0.0009114395802475272
2019-05-10,55.79874420166016,55.96637610981478,54.78567963979026,55.52179318001762,11056000.0,0.0086956893522252,0.008658099600923367
2019-05-13,55.17924499511719,55.55823645589657,54.92415779679485,55.13551734982876,12176100.0,-0.011102386181023438,-0.011164477674037332
2019-05-14,55.25212097167969,55.973660412815406,55.21568312425315,55.48534432504628,10548400.0,0.0013207135503385814,0.0013198421753376907
2019-05-15,55.660255432128906,55.79144389099528,54.81481746154952,55.07719437928227,8918000.0,0.0073867654901143,0.007359616949207322
2019-05-16,55.65296936035156,56.08297260619877,55.550934503354505,55.6821229709911,8105200.0,-0.00013090259325576614,-0.0001309111617479934
2019-05-17,55.32500076293945,55.60924151500012,55.091771878702346,55.13550507473813,9279400.0,-0.005893101503506859,-0.005910534348931074
2019-05-20,55.31772232055664,55.6529805697135,55.15009041573632,55.427046992353915,7154300.0,-0.00013155792647878695,-0.0001315665809818506
2019-05-21,55.572811126708984,55.72586344747201,55.33958774833428,55.587385155145675,8489900.0,0.004611339647611512,0.004600739994182149
2019-05-22,55.0699348449707,55.55096131193982,54.94603611032182,55.40519318839523,7858300.0,-0.009048962461008059,-0.00909015299785554
2019-05-23,53.77991485595703,54.516028532835705,53.23329694510835,54.49415914559441,14657200.0,-0.023425122848706015,-0.023703852494708032
2019-05-24,54.00585174560547,54.1151764464833,53.5248308464224,54.03500536987191,7056400.0,0.004201138849951436,0.0041923387046119255
2019-05-28,52.919891357421875,54.11516182701144,52.832430508250525,54.10787203279288,14912900.0,-0.020108198520764176,-0.020313120066623693
2019-05-29,52.591922760009766,52.78870271950229,52.19835728054096,52.39513724003349,13645200.0,-0.006197454095228649,-0.006216738029342164
2019-05-30,52.45344543457031,52.57005434146779,52.13276120975553,52.48988328526409,9362100.0,-0.0026330531034463034,-0.0026365256847691717
2019-05-31,51.578861236572266,52.147348508381015,51.476826342769726,51.88497147846457,13983300.0,-0.016673531943463882,-0.016814099978173874
2019-06-03,52.38785552978515,52.4826061875368,51.72462872794668,51.812084029890215,11831000.0,0.015684609427539353,0.015562877173059481
2019-06-04,53.634132385253906,53.68515538133949,52.5992040856201,52.80327382802864,10423000.0,0.023789423003966803,0.02351086387249482
2019-06-05,53.189552307128906,53.67057302362424,52.89802173567072,53.67057302362424,10617800.0,-0.008289125941883135,-0.008323671781990793
2019-06-06,54.15890121459961,54.38484040049491,53.63414712675693,53.721607994892366,11738900.0,0.018224423132449985,0.018060348775178328
2019-06-07,54.355674743652344,54.63262575737125,54.24635007280834,54.304657305322976,9095500.0,0.003633262947359883,0.0036266785911830282
2019-06-10,54.59619140625,54.90229605584317,54.26092757804709,54.80026117264545,7760400.0,0.00442486757329319,0.004415106630100822
2019-06-11,54.545166015625,55.25212593288282,54.53059198744242,55.03348214724105,9415100.0,-0.0009345961560820459,-0.0009350331633743014
2019-06-12,53.95480728149414,54.377526281000875,53.79446520854451,54.28278121993177,7920800.0,-0.010823300711226058,-0.010882298718676695
2019-06-13,54.42856216430664,54.7856842730315,54.20991279787178,54.443136193842925,8986400.0,0.00878058706318452,0.008742261890217075
2019-06-14,54.18804168701172,54.52329992610997,54.10058640058481,54.42855484565295,8575900.0,-0.004419012146028245,-0.004428804840206878
2019-06-17,54.72737121582031,54.80025803720621,53.96210963562243,54.04957048499523,9355700.0,0.0099529252583761,0.0099037211118778
2019-06-18,55.20110702514648,55.55094485754488,54.9168662190344,54.967883657042115,10091500.0,0.008656286585700723,0.008619035751878217
2019-06-19,54.895015716552734,55.28129149240427,54.785691019872,54.95332296284713,9757400.0,-0.005545021197750688,-0.005560451896597233
2019-06-20,55.83518981933594,56.0975668230419,55.44891410845885,55.565523020948106,16229700.0,0.01712676625575149,0.01698175655105929
2019-06-21,56.62232208251953,56.67333952545248,56.02468679652604,56.221466773414775,23108100.0,0.014097422534614656,0.01399897800415911
2019-06-24,56.08299255371094,56.67334364829213,55.98095766042227,56.50571171761237,10011800.0,-0.009525033749456457,-0.009570687013961937
2019-06-25,55.587379455566406,56.27976528572126,55.52907778731358,56.17773041567459,9740000.0,-0.008837137170772058,-0.008876416248415401
2019-06-26,55.82790756225586,56.214183325285944,55.733162460536086,55.886214806614895,11365500.0,0.004327027268513639,0.00431769260390061
2019-06-27,55.25943756103515,55.93724412925535,55.21570989872613,55.8206296157832,8147800.0,-0.01018254177960709,-0.010234738490589448
2019-06-28,55.84975814819336,55.92264496660496,55.34687357615139,55.52907950121327,14781300.0,0.010682710740698154,0.010626053729447976
2019-07-01,55.79874420166016,56.79723473522629,55.60196423689801,56.21417351436591,11437900.0,-0.0009134139202149338,-0.0009138313369119267
2019-07-02,55.18653869628906,55.587388447605946,54.96060509899256,55.4926433559458,10475400.0,-0.010971671748714495,-0.0110323044417449
2019-07-03,55.7112922668457,55.75501991487496,55.120941216029514,55.25941951543448,5246100.0,0.009508724101080945,0.009463800735474611
2019-07-05,55.4853515625,55.645693681445024,55.09178605976696,55.52908476979306,6880800.0,-0.004055563874976964,-0.004063809976761906
2019-07-08,55.74043655395508,55.900773090047835,55.33229151890237,55.49263361547844,7876100.0,0.004597339374659004,0.004586803887794685
2019-07-09,55.70399475097656,55.95179213610791,55.19382039306881,55.71856877813816,7863000.0,-0.0006537767773533432,-0.0006539905825829878
2019-07-10,56.49113464355469,56.57858994138443,55.9299372002202,55.973670409619416,8077400.0,0.014130762005436281,0.014031853467658487
2019-07-11,56.53486251831055,56.56401613786504,56.1558765850709,56.41825360057695,6404000.0,0.0007740661438608853,0.0007737667091748879
2019-07-12,56.578582763671875,56.76078869168117,56.48383768288116,56.66604361089045,6139000.0,0.0007733324786483031,0.0007730336111597351
2019-07-15,56.177730560302734,56.65875129740636,56.03925228181858,56.578580247808524,7116400.0,-0.007084875297133086,-0.007110092202461859
2019-07-16,55.33958435058594,56.17044293256287,55.23754947634201,56.061118264306195,10197400.0,-0.014919545545135637,-0.015031961496040629
2019-07-17,55.01161575317383,55.36144801804109,54.91686511272277,55.20110591310876,7419300.0,-0.005926473811844524,-0.005944105053004465
2019-07-18,54.545166015625,54.85856044614701,54.064145238826015,54.683644305536816,11424500.0,-0.008479113568336083,-0.008515265755846076
2019-07-19,54.65447616577149,54.84397184469486,54.32650779421543,54.58888471565323,11243100.0,0.0020040300200969696,0.002002024630729612
2019-07-22,54.712799072265625,54.88043098254951,54.29736975428309,54.83669777611495,8368800.0,0.0010671204004817358,0.0010665514322429424
2019-07-23,54.93144607543945,55.2229711166301,54.479573364819984,54.77110396649436,8551200.0,0.0039962679095439935,0.00398830404105884
2019-07-24,54.92415618896485,55.42704633699595,54.55245453344256,54.94602001096902,8260200.0,-0.00013270880334359525,-0.00013271760993598786
2019-07-25,54.61077117919922,55.230270338198814,54.51602608068835,55.230270338198814,9083900.0,-0.005705777412172486,-0.0057221175451964215
2019-07-26,54.5233154296875,54.7201010010708,54.37026307443672,54.567048645820016,7677300.0,-0.001601437731482358,-0.0016027214035499063
2019-07-29,54.90958404541016,54.938737665529686,54.44313724446655,54.574325754762214,7091900.0,0.007084466758460195,0.0070594898199796315
2019-07-30,54.9168701171875,55.06992244207472,54.58161184927013,54.70551055601444,6961200.0,0.0001326921684803306,0.0001326833656532448
2019-07-31,54.19532775878906,55.14280074021926,54.12244650494441,54.690928069609235,13104600.0,-0.013138810657976951,-0.013225888403757638
2019-08-01,52.81056213378906,54.12973118896236,52.67208385799225,53.74345553593261,17132800.0,-0.025551383897211122,-0.02588348989799612
2019-08-02,52.29309844970703,53.39362375101947,51.8776691792158,52.91988725227041,21376700.0,-0.009798488468482858,-0.009846809564849242
2019-08-05,51.22172546386719,51.68817215713708,50.73341495067577,51.58613729051449,19080900.0,-0.020487846725514625,-0.020700634043596407
2019-08-06,51.71733474731445,51.753778160498086,51.22173435463142,51.22902414936498,12282400.0,0.009675763144622707,0.009629252723619254
2019-08-07,51.3820686340332,51.65901962631499,50.580363710705235,50.91562193098844,15231100.0,-0.006482664176708397,-0.0065037678991282585
2019-08-08,52.75225830078125,52.77412768295912,51.469532570528735,51.637158910506855,14304100.0,0.02666668943415207,0.026317330493495307
2019-08-09,51.62987518310547,52.65751940735412,51.360213936545925,52.57005854981669,13686600.0,-0.021276494198148033,-0.02150610146690283
2019-08-12,51.37900161743164,51.77008593745964,51.15763918889774,51.696292831658106,9542600.0,-0.004859077516343069,-0.004870921215374891
2019-08-13,52.01357650756836,52.109505279358,50.855095847639575,51.11335479164483,12403300.0,0.01235086066603186,0.01227521104150263
2019-08-14,49.9179801940918,50.98053201795389,49.9179801940918,50.96577677759879,18114400.0,-0.04028941007684095,-0.04112350880116043
2019-08-15,49.6228141784668,49.8515569479222,49.09153556458991,49.77776950257735,12874400.0,-0.005913020007566994,-0.005930571131335756
2019-08-16,50.39760971069336,50.51566852843472,49.63758249743826,50.01390588638285,12649000.0,0.015613695939130645,0.015493056321784054
2019-08-19,51.24616622924805,51.393746766074,50.81081631226068,50.89198420010948,10032800.0,0.016837237389348614,0.016697062359972765
2019-08-20,50.93627166748047,51.13550404784631,50.70014836344869,51.13550404784631,9743500.0,-0.006047175517116199,-0.006065533730626616
2019-08-21,51.44539642333984,51.63724829848468,51.18713753158043,51.62248743060035,10134200.0,0.009995328263972869,0.00994570536125553
2019-08-22,51.33472442626953,51.622499491410224,51.09860115154838,51.58560857232366,8972000.0,-0.002151251710835189,-0.002153568976741503
2019-08-23,49.799922943115234,51.305211009684925,49.46049606971568,50.78131264228845,15371900.0,-0.029897919981214383,-0.03035397588897846
2019-08-26,50.065555572509766,50.36809148396006,49.82943231731885,50.26478791166544,7343900.0,0.0053339967954961764,0.005319821419851858
2019-08-27,49.57855987548828,50.50091733333188,49.416224062168105,50.27216885564293,9490900.0,-0.00972716054885614,-0.00977477841774333
2019-08-28,49.94012069702149,50.16148873110399,49.55642248485117,49.82943667998023,9647400.0,0.007292685032425972,0.007266221984829925
2019-08-29,50.493526458740234,50.67061747774132,50.24264235466854,50.39760332961923,9004100.0,0.011081386147946404,0.011020437439228193
2019-08-30,50.53042984008789,50.97316026232094,50.22051347786428,50.62635298219118,9180800.0,0.0007308537140460203,0.000730586770526876
2019-09-03,50.589454650878906,50.678002984052405,49.90322055024632,50.095072457310955,9849700.0,0.0011681042686122467,0.001167422565636199
2019-09-04,51.12810897827149,51.36423221472421,50.98052843697477,51.283064324416515,6959200.0,0.0106475614554431,0.010591275360230353
2019-09-05,51.85123825073242,52.057851025776905,51.43064352480267,51.53394709751366,9901500.0,0.014143477764222645,0.014044391968160248
2019-09-06,52.338253021240234,52.353008263872155,51.74056717623999,51.91027779981185,10418500.0,0.009392538865760525,0.009348703244002497
2019-09-09,52.751461029052734,53.17943619903335,52.375143276132206,52.5079629623461,12840200.0,0.007894952237798458,0.007863950168712365
2019-09-10,53.1794319152832,53.75498196597373,52.84738554130703,53.23108369855999,13810800.0,0.008112967449276143,0.008080234251923108
2019-09-11,53.07612991333008,53.74760311572228,52.795735314365096,53.70333176578631,10525700.0,-0.0019425179666772152,-0.0019444071015513708
2019-09-12,53.1130256652832,53.24584534273101,52.16852705364199,52.3751398193781,9100700.0,0.0006951477436913933,0.000694906240412439
2019-09-13,53.60002136230469,53.65905357444105,53.17204626874849,53.31962679908939,7337200.0,0.009169044521969427,0.009127264030511404
2019-09-16,54.404327392578125,55.474259646731326,54.3083986270127,55.37095607583194,19830200.0,0.015005703539496817,0.014894231728698505
2019-09-17,53.99112319946289,54.66260223543972,53.592664040139944,54.47075027807148,14452200.0,-0.00759506114529418,-0.007624050499420255
2019-09-18,53.73284149169922,53.843525483011256,53.37127904106012,53.60740226203569,7292200.0,-0.00478378097098453,-0.004795259874177367
2019-09-19,53.37128448486328,54.00586676151577,53.26798091700099,53.84353097498296,8050200.0,-0.0067287900062347195,-0.006751530381254071
2019-09-20,53.186805725097656,53.496716386156585,53.024469960841614,53.48933595243001,19736600.0,-0.003456517142995552,-0.0034625046997520995
2019-09-23,53.22371292114258,53.39342917105901,52.72933067298651,52.77360202965028,7495200.0,0.0006939163866257481,0.000693675737970196
2019-09-24,52.493202209472656,53.03186139077545,52.25707894785479,52.98758440885654,13307100.0,-0.01372528656075278,-0.013820349149436702
2019-09-25,52.64815139770508,52.73669972153556,52.25707281929219,52.37513725106617,8035200.0,0.0029517953127360386,0.0029474473191086464
2019-09-26,52.36774826049805,52.648142795715664,52.15376073508682,52.552219682788305,8420200.0,-0.005325982579879374,-0.005340216186220834
2019-09-27,52.74406433105469,52.88425876469612,52.116857077275675,52.168508843274154,8224000.0,0.007186027336609779,0.00716033087239377
2019-09-30,52.10211944580078,52.72194084719582,52.079983771411264,52.56698549684705,9768900.0,-0.012170940813826192,-0.012245613221482847
2019-10-01,50.87723922729492,52.32350079193836,50.84772874033156,52.26446855876442,10279100.0,-0.023509220575566814,-0.023789971183682597
2019-10-02,49.54902648925781,50.611578082160825,49.4457229403592,50.37545488044669,14503700.0,-0.026106226639053598,-0.02645304354507767
2019-10-03,50.1614875793457,50.17624282078836,48.9292138080277,49.43835689695324,10788400.0,0.012360708847038104,0.012284939025630949
2019-10-04,50.8919792175293,50.96576666390718,50.04340951013036,50.25739704536114,10534800.0,0.014562798541970956,0.014457779345738872
2019-10-07,50.19100570678711,50.936272179665984,50.19100570678711,50.69276843660303,10993000.0,-0.01377375220063648,-0.01386949045871446
2019-10-08,49.21697998046875,50.1172015457274,49.17270863451237,49.83680697196725,9748700.0,-0.01940637994003469,-0.019597155945698885
2019-10-09,49.76302719116211,49.95487347296601,49.58593052078864,49.659723614922264,8580900.0,0.011094691525364908,0.011033596903990535
2019-10-10,50.36069869995117,50.44186657679697,49.71873611843106,49.75563265504136,7100100.0,0.01201035271614681,0.01193880076961496
2019-10-11,50.89936828613281,51.275686015388736,50.8329556323909,50.89936828613281,10101900.0,0.010696229402833213,0.010639429412618298
2019-10-14,51.04694366455078,51.18714377845373,50.61158808277849,50.618968517621354,6234600.0,0.0028993557953089777,0.00289516076991975
2019-10-15,51.224029541015625,51.65200464489685,50.92149929835597,50.95839020961499,6645700.0,0.0034690789252447285,0.0034630755510628272
2019-10-16,50.345951080322266,51.30519925149056,50.33119021159642,51.06907601847446,9765800.0,-0.017141924767755223,-0.01729054847305262
2019-10-17,50.27954864501953,50.82558267674661,50.23527728909176,50.53043279773073,9757200.0,-0.001318923048981513,-0.001319793593524446
2019-10-18,49.888465881347656,50.286924940761686,49.888465881347656,50.08031779061129,13472700.0,-0.0077781677483418354,-0.007808575475333118
2019-10-21,50.722267150878906,50.744402823631056,50.043413581577894,50.043413581577894,10199300.0,0.016713307470995753,0.01657517709990927
2019-10-22,50.98053359985352,51.474921426237415,50.655867635365354,50.75179077470599,9536000.0,0.005091776521076508,0.005078857263098038
2019-10-23,51.467552185058594,51.474932621881585,50.751801813071374,50.88462152776616,8641800.0,0.009553030359150005,0.00950768870272306
2019-10-24,50.98053359985352,51.68890901057199,50.92888181257431,51.62249635285725,9003600.0,-0.009462633533724896,-0.009507688702723135
2019-10-25,51.09859848022461,51.268314713943795,50.84033954162815,50.84033954162815,7607200.0,0.0023158816127304416,0.0023132040919922325
2019-10-28,50.64848327636719,51.40850478586277,50.60421192773549,51.25354943602969,11209600.0,-0.008808758307365716,-0.008847784770977998
2019-10-29,50.50090408325195,50.9362539869109,50.35332355094425,50.530420189713496,13894400.0,-0.0029137929424254416,-0.0029180463013619424
2019-10-30,49.969627380371094,50.449254277290166,49.63757539190931,50.449254277290166,12840600.0,-0.010520142411807876,-0.010575870298103446
2019-10-31,49.85894775390625,49.96963175976064,49.54165660625563,49.77777985825453,16169100.0,-0.0022149379986835527,-0.002217394602005602
2019-11-01,51.35685729980469,51.36423773506824,50.40498381722137,50.46401604008451,14108700.0,0.0300429434109164,0.02960049400438845
2019-11-04,52.88427734375,53.031857891036005,51.60773798005401,51.703661113573226,15858200.0,0.029741306696956293,0.02930761214931018
2019-11-05,53.93207550048828,53.954216805456504,53.01709859858641,53.15729871527305,14930400.0,0.019813037245976606,0.019619313677594966
2019-11-06,52.751461029052734,53.76974716656679,52.53747344406242,53.66644359169183,13996500.0,-0.02189076649618016,-0.02213392448505917
2019-11-07,53.87303924560547,53.88779448331505,53.12777307479011,53.14990874616519,13073800.0,0.021261557399045783,0.021038684042650108
2019-11-08,52.84995651245117,53.6191496237839,52.767815428149966,53.47725869200633,12106000.0,-0.018990625876704192,-0.019173263781189845
2019-11-11,52.52883529663086,52.730470364812504,52.25252859229243,52.43175533260862,8674000.0,-0.0060760923378367915,-0.006094626903513075
2019-11-12,51.804443359375,52.58109993122138,51.51319785712181,52.476544858412424,13918600.0,-0.013790367388981872,-0.013886337838658015
2019-11-13,51.3787841796875,51.640157657411905,51.22942383704891,51.5430720103182,11773700.0,-0.008216653863735934,-0.008250596622565979
2019-11-14,51.154762268066406,51.5057520594645,50.915791343765875,51.42360527009404,11279800.0,-0.004360202663372115,-0.004369736068817369
2019-11-15,51.67003631591797,51.75218309046754,51.281705073044506,51.311577145382095,11252800.0,0.010072846104755007,0.010022453108488776
2019-11-18,51.169681549072266,51.39371922236878,51.005393712504834,51.304103013547234,10095600.0,-0.009683654251498197,-0.009730845735801966
2019-11-19,50.64692687988281,51.19954583986881,50.617054814814125,51.08006327710793,12605500.0,-0.010216101671223554,-0.010268644197421434
2019-11-20,50.80376052856445,51.184622308118,50.27354409301711,50.534917589763694,16930700.0,0.0030966074023326406,0.003091822788466364
2019-11-21,52.02849197387695,52.088236121061094,50.72161866618008,50.79629600140252,14080900.0,0.024107102162720606,0.023821113103740642
2019-11-22,51.804443359375,52.40933698751414,51.774571295360104,52.05834735723115,12143600.0,-0.004306267700675326,-0.0043155663760890625
2019-11-25,51.4609375,51.85673248776706,51.31157713833256,51.80445778556226,10670000.0,-0.00663081846072644,-0.006652900004055207
2019-11-26,51.33396530151367,51.55800293212001,51.109933368420954,51.468386740374754,15457000.0,-0.002467351056057332,-0.0024703999828886805
2019-11-27,51.304100036621094,51.595345576498175,51.08753751518583,51.34891098718906,8393900.0,-0.0005817837121516733,-0.0005819530139634113
2019-11-29,50.87843704223633,51.177152046957794,50.78135708714565,51.02779739335448,7980800.0,-0.008296861149126977,-0.008331471673686159
2019-12-02,51.09501266479492,51.43853297575559,51.057676844754035,51.154756813879125,11116900.0,0.004256727115630632,0.004247692881202198
2019-12-03,50.69173812866211,50.96805049011669,50.42289520873726,50.78135433447523,12245800.0,-0.007892639909465649,-0.007923951655548137
2019-12-04,51.26676559448242,51.34891235895143,50.88590384080924,50.96805060527825,11049700.0,0.011343613122138718,0.011279756796689105
2019-12-05,51.08755874633789,51.50575647533918,50.938198344896904,51.44601231476278,13109000.0,-0.0034955754681706974,-0.0035016992670631455
2019-12-06,51.90900421142578,52.1778471494857,51.34891570672011,51.34891570672011,13710800.0,0.016079168495143126,0.01595126786773662
2019-12-09,52.02100372314453,52.25250506253569,51.54305646833291,51.58786740636971,12397700.0,0.0021576124107982597,0.0021552881078368176
2019-12-10,51.57295227050781,52.386950599015805,51.3041093085708,52.02102767207976,14281800.0,-0.008612895187898428,-0.008650200528771588
2019-12-11,51.49825668334961,52.09568654201913,51.28168850201974,51.33396318733982,13748400.0,-0.001448348094683749,-0.001449397964625969
2019-12-12,52.52883529663086,52.55870736960278,51.453469157218365,51.49827441791857,17068500.0,0.020011912628771666,0.019814306275795526
2019-12-13,51.69990539550781,52.67819149349426,51.61775862571346,52.63338623633912,12274500.0,-0.015780473647322824,-0.015906310925203275
2019-12-16,52.27492141723633,52.46161756515503,52.050883760728176,52.050883760728176,15208700.0,0.01112218711677726,0.011060790417905333
2019-12-17,52.03594970703125,52.55869663347034,51.75963736161962,52.25998735979896,14450700.0,-0.004571440831019236,-0.004581921821003593
2019-12-18,52.17784118652344,52.49148934591086,51.73723531713367,51.998608783289846,13652300.0,0.002726797152565741,0.0027230861857153173
2019-12-19,51.81938171386719,52.31226227302883,51.70736288701098,52.26745132377782,13273200.0,-0.006869955990989385,-0.006893662777423125
2019-12-20,52.23012161254883,52.446689850424335,51.81938776528238,52.170377471580096,35092000.0,0.007926375906019745,0.007895127205868496
2019-12-23,52.491493225097656,52.49896266682962,51.923935301276536,52.17037560079929,14172500.0,0.005004231360740796,0.004991751811370569
2019-12-24,52.28987503051758,52.64833428146888,52.207733935056,52.53631540945182,3979400.0,-0.0038409689302509875,-0.003848364394652428
2019-12-26,52.37199401855469,52.64830632983029,52.28238352652957,52.41680496208073,8840200.0,0.0015704567660408397,0.001569224888385588
2019-12-27,52.192771911621094,52.50642005622686,52.185302470793154,52.42427329966145,10516100.0,-0.003422098209017954,-0.003427966979926171
2019-12-30,51.88660430908203,52.60351694907175,51.82686016470409,52.342137741797046,12689400.0,-0.005866092014762181,-0.005883365116051146
2019-12-31,52.11063003540039,52.12556891845536,51.535608383103686,51.54307212711665,13151800.0,0.004317602381220809,0.004308308278616009
2020-01-02,52.9470329284668,53.03664344023333,52.454152323691936,52.454152323691936,12456400.0,0.016050523520790616,0.015923075794694284
2020-01-03,52.5213737487793,53.29803058599504,52.394421706474034,53.27562225719212,17386900.0,-0.008039339621968566,-0.008071829360603437
2020-01-06,52.92462921142578,53.29055208781009,52.44668750012374,52.51389538256561,20081900.0,0.007677930599746752,0.007648605300026841
2020-01-07,52.491493225097656,52.663250502330115,51.90900211532728,52.64831731638086,17387700.0,-0.008184015510015463,-0.00821768841048959
2020-01-08,51.69990539550781,52.491495325328,51.65509444083778,52.35707385634769,15137700.0,-0.01508030694031326,-0.015195171022433103
2020-01-09,52.095703125,52.200252528920075,51.25183275369698,51.63269455227166,14811800.0,0.007655676088076158,0.007626520111155235
2020-01-10,51.63267517089844,52.24503817721679,51.6177419891647,52.222635555859654,11995600.0,-0.008888025812619493,-0.008927759927816794
2020-01-13,52.12556838989258,52.17784308502584,51.61028518249723,51.677493063019526,9953900.0,0.009546149165479356,0.009500872600036816
2020-01-14,51.677490234375,51.96127201886331,51.445988839672765,51.81191168557627,16261000.0,-0.00859612987173608,-0.008633289703198306
2020-01-15,51.59535598754883,51.96874836504453,51.44600131555676,51.67750276639913,11390300.0,-0.0015893621469166286,-0.0015906265228120358
2020-01-16,51.39372253417969,51.96128049826015,51.37878934717116,51.75218169505026,13340300.0,-0.003907976784147005,-0.003915632878488481
2020-01-17,51.19954681396485,51.58787796973205,50.99791749280745,51.34143770136216,18144100.0,-0.0037781991776466572,-0.0037853546009218916
2020-01-21,50.46772003173828,51.095016552302575,50.41544532169125,51.06514447548769,17982600.0,-0.014293618357320348,-0.014396756107617408
2020-01-22,50.17646026611328,50.55731631877536,50.03456936560321,50.45276692814093,17033100.0,-0.005771209110334907,-0.005787926889863356
2020-01-23,49.862823486328125,49.98231180087119,49.32514316343364,49.81801821713269,19605900.0,-0.006250675677833106,-0.006270292941205773
2020-01-24,49.52675247192383,49.795595373019545,49.31765370385253,49.691045988983895,18238600.0,-0.006739911439159529,-0.006762727217601949
2020-01-27,48.34684371948242,49.08616473336553,48.31697164540998,48.854657583682936,21231000.0,-0.023823664858912075,-0.024112037637014815
2020-01-28,48.279640197753906,48.690368434032166,48.264701310607165,48.623160534420045,19664700.0,-0.001390029142718019,-0.0013909961294238328
2020-01-29,47.876365661621094,48.638083518307376,47.71954156458318,48.56340619079145,14202800.0,-0.008352890255208911,-0.008387971130740213
2020-01-30,48.38418197631836,48.45138986531622,47.36855431635048,47.62992782497857,18544700.0,0.010606826722947105,0.010550968971544443
2020-01-31,46.3902702331543,47.196799171602365,46.19610744172673,47.196799171602365,34282900.0,-0.04120999181385321,-0.04208319764209627
2020-02-03,45.35223007202149,45.8675104392825,45.08338715040451,45.83764121924739,27389300.0,-0.02237624734487831,-0.022630393954159334
2020-02-04,44.7846794128418,46.2334407066555,44.72493526938182,45.889920428033314,31922100.0,-0.012514283383163183,-0.012593246496949161
2020-02-05,46.84580993652344,46.99516746555567,45.25515752253235,45.367176381496,32099200.0,0.04602311662614289,0.04499546542352241
2020-02-06,46.21103286743164,47.0548974329853,46.13635269652607,46.99515614501808,16055400.0,-0.013550348898907383,-0.013642992732647356
2020-02-07,45.90485382080078,46.046741880212295,45.59867222509155,45.86004571578575,15112500.0,-0.0066256698375302125,-0.0066477170268204365
2020-02-10,45.420047760009766,45.84425205468821,45.1624956685363,45.813951128713605,20934500.0,-0.010561106733583236,-0.010617271009237768
2020-02-11,45.85182571411133,46.124528267815315,45.579123160407335,45.889703316302146,14908700.0,0.009506329812398961,0.009461428996168019
2020-02-12,46.412384033203125,46.60933428384504,45.87455557024296,46.46540921182424,17862100.0,0.012225430729561504,0.012151303696381672
2020-02-13,46.15482711791992,46.52600332959165,45.87455079017624,46.25330367780752,16949400.0,-0.005549314491126944,-0.005564769138438615
2020-02-14,45.94272994995117,46.329056653523146,45.66245071105115,46.32148286663781,10855300.0,-0.004595340968927664,-0.004605932006981085
2020-02-18,45.35945510864258,45.745781854775295,45.03372733323496,45.56398205294428,18948500.0,-0.012695694007387015,-0.012776972992077407
2020-02-19,45.70791244506836,45.92001320172172,45.321585654070304,45.53368641072366,12804900.0,0.007682132327012647,0.007652775003836294
2020-02-20,45.34430313110352,45.85940736853651,45.23825276863008,45.624579501876994,14817200.0,-0.007955062800162227,-0.007986873126649342
2020-02-21,44.791316986083984,45.0791670981122,44.53376490871572,45.0791670981122,20315700.0,-0.012195272764931375,-0.012270245267435543
2020-02-24,42.69301986694336,43.78382698746646,42.69301986694336,43.647475736194224,32096600.0,-0.046846068843935385,-0.04797886564722844
2020-02-25,41.05682373046875,42.98846335620861,40.882597705915956,42.98846335620861,36414500.0,-0.03832467559273067,-0.03907838589872543
2020-02-26,40.15537643432617,41.52646281033959,40.09477748011857,41.32193592178587,29801000.0,-0.02195608949344041,-0.022200711686750967
2020-02-27,37.73894119262695,39.72360570930331,37.7237907288776,39.17062678590192,48141300.0,-0.06017712835169864,-0.06206385589078345
2020-02-28,38.96609878540039,38.96609878540039,36.36785356196377,36.94355960994363,62446700.0,0.032517011712379196,0.031999521952068934
2020-03-02,40.81441116333008,40.82198494948282,38.7312703230531,39.83722803928291,38127600.0,0.04743385752084084,0.04634322764234644
2020-03-03,38.86005401611328,41.01894767179814,38.61765234728391,40.86744590636582,50580700.0,-0.04788399713512714,-0.049068399865277036
2020-03-04,39.70845413208008,39.7539055220536,38.72369713323037,39.56452906498037,24079600.0,0.02183219085632282,0.02159728148596592
2020-03-05,37.958614349365234,38.40554286633523,37.14808341192635,38.19343928715368,40788200.0,-0.04406718470818449,-0.045067645291678574
2020-03-06,36.12545394897461,37.125361467557056,35.75427769037878,36.99658685651723,55640500.0,-0.04829365960302179,-0.04949875774574553
2020-03-09,31.709197998046875,33.76203832989386,30.90624068954711,31.59557095517179,72896300.0,-0.12224776350673616,-0.13039091595249083
2020-03-10,32.88332748413086,35.04221791221696,31.398616772546895,34.974042272927115,60445900.0,0.03702804107995106,0.03635896946034532
2020-03-11,31.80008316040039,32.93634150391488,31.625857227820028,32.110660325374845,51986100.0,-0.032942053210802014,-0.033496861033437124
2020-03-12,28.16407012939453,30.79261657712984,28.027718833626057,30.224487141313094,65725300.0,-0.11433973341093862,-0.12142184819912324
2020-03-13,28.87611961364746,30.40628164073025,26.51270238185421,30.30780507992275,79891500.0,0.025282193979121237,0.0249678858983404
2020-03-16,26.126373291015625,28.694317193597872,25.187064936231295,26.05819766131632,48924700.0,-0.09522561754911996,-0.10006966752215925
2020-03-17,27.883787155151367,28.315565193076463,25.906696723781153,26.67177624494429,41204400.0,0.06726589429617014,0.06510013930322074
2020-03-18,25.08859062194824,27.808036487458235,23.656905160238495,26.171824118410637,54036400.0,-0.10024450831051235,-0.10563222846897835
2020-03-19,26.0809268951416,26.436955572723193,24.505313325096324,25.550672217158844,49412400.0,0.03955328890915211,0.03879109098384586
2020-03-20,24.800743103027344,26.64905635930152,23.906884513121724,26.391504251573064,76534600.0,-0.04908505733945878,-0.05033066033101102
2020-03-23,23.823556900024418,24.77043910678488,22.808499058790986,24.64166162404477,56952500.0,-0.03940148885634176,-0.04019873967593477
2020-03-24,26.846004486083984,27.39898337279721,25.24766967692098,26.0733482240633,61835600.0,0.12686802389514185,0.11944212429196016
2020-03-25,28.247398376464844,29.2321555616828,26.649060313931663,27.656541753609304,56607700.0,0.05220120897719771,0.05088435931333729
2020-03-26,29.40637969970703,29.96693535417594,27.815618417268286,28.40647211251883,46722000.0,0.04102966608803982,0.04021028690981594
2020-03-27,27.989837646484375,28.54281648944279,27.421708341980587,28.12618891073769,51558600.0,-0.048171249493754176,-0.04937014429383563
2020-03-30,28.406471252441406,28.898851243346,27.164162038679542,27.444438412600043,45835000.0,0.014885174084221964,0.014775477113122716
2020-03-31,28.762495040893555,29.883603234877143,28.307989844637383,29.042771366975657,41491600.0,0.012533193063237302,0.012455302733530562
2020-04-01,28.429189682006836,29.315472906179178,27.52775888583266,27.92166221994758,36045900.0,-0.011588193528163537,-0.011655859904789826
2020-04-02,30.60323715209961,31.784944415446116,28.709472548372048,29.34577757081073,62000200.0,0.07647236852018868,0.07368936960636034
2020-04-03,29.701801300048828,31.951594418589348,29.17912334579372,31.39861553924996,48425700.0,-0.029455571891646604,-0.02989809884452326
2020-04-06,30.65625762939453,30.92896015286347,29.716949258518746,30.209329135854887,41301900.0,0.03213462778582832,0.031629111831923094
2020-04-07,31.239545822143555,32.815156653796194,31.178943960713628,32.49700555025649,48921800.0,0.019026725303539438,0.01884798088738209
2020-04-08,33.21662521362305,33.360553152174504,31.413763650859416,31.777366055693804,33355600.0,0.06328771239939335,0.061365723508623383
2020-04-09,32.67123031616211,35.3830999388662,31.61829757621601,34.436217562705224,60107300.0,-0.01641933501532411,-0.016555626229937528
2020-04-13,32.39094543457031,33.85293180097696,31.792518072762636,33.67113203449153,29651900.0,-0.008578950926532491,-0.00861596195525883
2020-04-14,32.140968322753906,33.14087565417608,31.747064996791384,32.57274635724734,30769000.0,-0.007717499704396058,-0.007747433715177015
2020-04-15,30.66383171081543,31.10318642278545,29.83057656076511,31.057735038550778,33125000.0,-0.04595806190732443,-0.04704764823521557
2020-04-16,29.656349182128903,30.663830256135043,29.489697004162736,30.663830256135043,30934000.0,-0.03285572847476781,-0.03340759969842867
2020-04-17,32.73940658569336,32.815156021365084,30.20176003551024,30.209336712870854,40829100.0,0.10395943831893928,0.09890320652681453
2020-04-20,31.194091796875,32.37580198825581,30.709288504920483,30.868364043282643,39260800.0,-0.047200451992726045,-0.048350735324792775
2020-04-21,31.027442932128903,31.91372639378331,30.01996152405392,30.60324145068928,44381600.0,-0.005342321418788432,-0.005356642646365481
2020-04-22,31.913719177246097,32.519723220594756,31.709192270805566,32.269744927282375,27074200.0,0.028564269606615067,0.028163916837794886
2020-04-23,32.913631439208984,33.830212870942404,32.428828132826204,32.67122978601759,35271000.0,0.0313317371883064,0.030850915829634038
2020-04-24,33.12572479248047,34.004431312190796,32.67122251629254,33.63325512755682,28653800.0,0.006443936569661579,0.00642326317490596
2020-04-27,33.28480911254883,33.572662171494805,31.989474681775572,33.019683196187906,28274400.0,0.004802440431566746,0.0047909455023018785
2020-04-28,34.06503677368164,34.38318782286183,33.413581322897095,33.610531559581695,26545100.0,0.023440953454008318,0.023170433643116516
2020-04-29,35.951229095458984,36.05727945845029,34.96647200955385,35.04222144321745,29502500.0,0.05537032982845913,0.053891728867767184
2020-04-30,35.2012939453125,36.11787523059779,34.67103933005768,36.11787523059779,37076300.0,-0.02085979169600094,-0.021080430869468574
2020-05-01,32.67879867553711,35.14069244461723,32.57274832936772,34.564989326988325,35399300.0,-0.07165916325957367,-0.07435633265679477
2020-05-04,33.99686050415039,34.04230900195692,31.98189522782874,32.201569709755894,27465600.0,0.040333851978468394,0.03954167315786602
2020-05-05,33.958980560302734,35.7163934828663,33.830203093830896,35.04221100951101,29276200.0,-0.001114218880388429,-0.0011148400837256646
2020-05-06,33.32267379760742,34.292280075315844,33.254498175602635,34.03472804659271,22659000.0,-0.0187375107319665,-0.018915282050050844
2020-05-07,33.512062072753906,34.292292220065555,33.307535134305525,34.05746435229393,22160300.0,0.005683465747579941,0.005667375791816037
2020-05-08,34.981624603271484,35.011925534443364,34.07261689570586,34.32259524339015,19977400.0,0.04385174888155774,0.04291747639005457
2020-05-11,34.6483154296875,34.99676739276819,34.47408655849194,34.928591757412825,22258000.0,-0.00952812161710792,-0.009573804581361417
2020-05-12,34.06916427612305,35.2660631862252,34.06916427612305,35.07301487989636,25439100.0,-0.016715131641529157,-0.0168564059461109
2020-05-13,32.37806701660156,33.87612103736304,32.123241800199864,33.77573802394767,30827900.0,-0.04963718058404709,-0.050911452123900296
2020-05-14,32.663780212402344,32.85682856229324,31.042175251592457,31.713982684421232,24856500.0,0.008824282056562716,0.00878557561735344
2020-05-15,32.43212127685547,33.21203527812654,32.3162910940217,32.72555557986613,22445600.0,-0.007092226742908214,-0.007117496131364798
2020-05-18,35.01124572753906,35.19657342298556,34.02283920698119,34.285385057214846,32026100.0,0.0795237668442037,0.0765199872604284
2020-05-19,33.93017578125,36.00737784182143,33.92245514361364,35.17340758426473,21771600.0,-0.030877791515961928,-0.03136455689701354
2020-05-20,35.03441619873047,35.19657906286244,34.41666202439327,34.455271107973545,19352400.0,0.03254449445235941,0.03202613882512553
2020-05-21,34.4089469909668,35.35874474104253,34.27767255058891,35.08847522058675,19130700.0,-0.017852993588240107,-0.01801428080144685
2020-05-22,34.4398193359375,34.493872630237846,33.55179882551487,34.01511361828462,15406400.0,0.0008972185338542715,0.0008968162738976034
2020-05-26,35.45140075683594,35.752555727502475,35.111636703258036,35.320129285800455,20356500.0,0.02937243691760205,0.028949332006269073
2020-05-27,35.70622634887695,36.40119868500228,35.065304372798785,36.03054618326526,20788300.0,0.0071880260469503465,0.007162315320453167
2020-05-28,34.77958679199219,35.87609985943037,34.69464505804175,35.85293500314703,19698000.0,-0.025951763925730842,-0.02629445287564467
2020-05-29,35.111629486083984,35.281510005112,34.262215108209524,34.60970267435437,25874700.0,0.009547056900867101,0.009501771751581695
2020-06-01,35.73710632324219,35.8683807209268,34.594260549812525,34.99580143437167,19031000.0,0.017813950714138826,0.01765714181292766
2020-06-02,36.53247833251953,36.640584959457506,36.10004887908297,36.18499064187271,22319000.0,0.022256195061883366,0.02201214046619665
2020-06-03,38.022804260253906,38.14635508625808,37.026674068648035,37.06528314945858,23418000.0,0.04079454763975754,0.03998440957806859
2020-06-04,37.91469192504883,37.95330394870722,37.18883124380208,37.744811392824,18731400.0,-0.0028433551209186003,-0.0028474051339958625
2020-06-05,40.98802185058594,41.27373254730098,39.84517317235843,39.88378519397381,41328900.0,0.08105907682469327,0.07794118732540894
2020-06-08,42.269866943359375,42.74862601446301,41.28145741328494,42.254422722267776,33579400.0,0.03127365105459745,0.030794592759738653
2020-06-09,41.327789306640625,41.67527691051809,40.501542640578606,40.83358602365219,27276900.0,-0.022287215570872543,-0.022539328531528756
2020-06-10,39.111595153808594,41.31234506793927,39.07298312897366,41.31234506793927,31156800.0,-0.053624793147983074,-0.05511616398569653
2020-06-11,35.65989303588867,37.713927453544684,35.598116147208884,36.70235299404453,39183000.0,-0.08825265511022762,-0.09239236140093572
2020-06-12,36.42436599731445,37.54404716195065,35.451403482981725,37.09617646350683,30978100.0,0.021437892723245255,0.021211333352000955
2020-06-15,36.40119552612305,36.87995459777634,34.555653815975894,35.01896866651986,27929300.0,-0.0006361255867326499,-0.0006363280004586166
2020-06-16,37.21971893310547,38.41661800025816,36.47841404649675,38.27762296580856,26203400.0,0.022486168246727445,0.02223708145626021
2020-06-17,36.00738525390625,37.16567555293417,35.98421744486019,37.065289568893405,19279400.0,-0.03257234911897455,-0.03311463632545922
2020-06-18,36.23130798339844,36.547910062169144,35.34328746165846,35.60583329975629,21478700.0,0.006218800057632423,0.006199543116029682
2020-06-19,35.50545120239258,37.2660511633708,35.50545120239258,37.235165666939785,48899900.0,-0.020033965688968647,-0.020237366784446372
2020-06-22,35.84521484375,35.86065906464167,35.05758019806234,35.28151403678173,17565400.0,0.009569337379228271,0.009523841284992639
2020-06-23,36.061431884765625,36.46297280085428,35.90699261770322,36.21587115182803,18916600.0,0.006031963874623791,0.006013844408001434
2020-06-24,34.36260223388672,35.49000375751756,34.16955390673005,35.45139468122297,27626900.0,-0.04710932323229755,-0.048255096737457606
2020-06-25,34.87997817993164,34.93403443371973,33.7371321796632,34.0151223045877,19353600.0,0.015056366875926264,0.014944144819710148
2020-06-26,33.68307113647461,34.70236606333415,33.59040876467384,34.65603635027561,31518600.0,-0.03431501697858508,-0.03491760248596155
2020-06-29,34.22360610961914,34.42437801303254,33.62129629074616,33.82978883089841,17052100.0,0.016047674838034487,0.015920272108574756
2020-06-30,34.53248596191406,34.7255342905103,33.32786333102739,33.536355879393376,22153600.0,0.009025345000336138,0.008984859985963305
2020-07-01,33.75257110595703,35.04213555072063,33.72168266454959,34.354883930666524,17290100.0,-0.02258496121064668,-0.022843907739639846
2020-07-02,34.03828811645508,34.89542035713944,33.92245792263288,34.455270333709784,18216600.0,0.008465044325100868,0.00842941675549735
2020-07-06,34.27766036987305,34.81047563606163,33.85295464086042,34.49387355285758,22692000.0,0.007032441014630519,0.007007828723604875
2020-07-07,33.38964080810547,33.976506441447796,33.289254850646095,33.89928828689983,17407600.0,-0.025906656177387966,-0.026248144384704988
2020-07-08,33.312416076660156,33.92244944641732,33.08075869258426,33.32013965868331,18291400.0,-0.0023128350463287317,-0.0023155137804149223
2020-07-09,31.937923431396484,33.281538463402946,31.88387012238958,33.12710212091717,25882000.0,-0.04126067115938459,-0.04213605664619553
2020-07-10,32.934043884277344,32.98037359487483,31.73714196866121,31.752586187421542,18951000.0,0.031189267987962843,0.030712765284536467
2020-07-13,32.94176483154297,33.42824741719004,32.6097214892725,33.18886644267212,20028300.0,0.00023443666051936596,0.00023440918453963562
2020-07-14,34.03056335449219,34.123225738931815,32.63289222147578,32.841384795728004,21444100.0,0.03305222195948199,0.032517742547491964
2020-07-15,34.462989807128906,34.81819803881312,34.13866707052048,34.77186537767368,17332400.0,0.012707002471048945,0.012626945987127465
2020-07-16,34.192718505859375,34.601982959414194,33.814345437064766,34.21588630800861,14673700.0,-0.007842363729383184,-0.007873276790864818
2020-07-17,33.60586166381836,34.50932665000686,33.50547568345816,34.23133946280733,17958900.0,-0.017163210990095767,-0.017312206180694425
2020-07-20,32.818214416503906,33.598128333595334,32.80277019741411,33.36647093861556,18553900.0,-0.0234377935371457,-0.023716827199398414
2020-07-21,34.47844314575195,34.895425423547614,33.289264373168024,33.320152822096475,28821800.0,0.05058863679107217,0.04935061355601836
2020-07-22,33.67536163330078,34.09234686279377,33.490033882742345,34.09234686279377,21345400.0,-0.023292278861208326,-0.023567831226900905
2020-07-23,33.744850158691406,33.83751253637925,33.21975844232051,33.513192741629865,17934400.0,0.0020634826775522974,0.0020613566213896874
2020-07-24,33.53635787963867,34.30082765689299,33.351030177031745,33.88384548097422,16415300.0,-0.006178491771996586,-0.006197657637159134
2020-07-27,34.03056335449219,34.04600757617948,33.18115178148011,33.38192077204664,18547900.0,0.014736408665103395,0.014628882870482212
2020-07-28,33.6290168762207,34.16955276330806,33.55951936294256,33.907006929333264,19190500.0,-0.011799583629827803,-0.011869751228568287
2020-07-29,33.99967575073242,34.046008416938456,33.466863344941785,33.75257408900191,14143200.0,0.011021995554494346,0.010961696037570348
2020-07-30,32.33174133300781,33.34331588824087,32.300855831429175,33.30470680200423,29901100.0,-0.04905736248642545,-0.050301536327905856
2020-07-31,32.493900299072266,32.56339487852691,31.590432472268567,31.783480825911298,32116200.0,0.005015472702019297,0.0050029371159284255
2020-08-03,32.62516784667969,32.818216177133415,32.022857998282866,32.470728593179956,23033600.0,0.00403975965948189,0.00403162173989251
2020-08-04,33.56725311279297,33.66763614906881,32.61745544075604,32.69467361415045,17724000.0,0.028876028179856794,0.028466971634537406
2020-08-05,33.86067581176758,34.215886976722544,33.61357418569336,34.09233616368543,17175100.0,0.008741337814823558,0.00870335351665054
2020-08-06,33.698509216308594,33.899281088594655,33.39735435356265,33.51318450647255,14434900.0,-0.004789230916726894,-0.0048007360315797006
2020-08-07,33.5440788269043,33.60585571023838,33.05759912622603,33.38191892667821,18757900.0,-0.004582706861393171,-0.004593239653934753
2020-08-10,34.37032699584961,34.43982451979415,33.66763111849218,33.968789019374555,24367800.0,0.024631714384197423,0.024333244985760883
2020-08-11,34.725547790527344,35.84522617512837,34.54022002692549,35.13480946363848,28987500.0,0.010335100818814613,0.010282058814288762
2020-08-12,34.7176628112793,35.386974680467524,34.35544704686675,35.00901001275928,22503200.0,-0.00022706565482022434,-0.00022709143812910029
2020-08-13,33.86724090576172,34.544428745485405,33.79637234105119,34.253081536695994,17338700.0,-0.024495367390954925,-0.024800369971718382
2020-08-14,34.0168571472168,34.07984976403234,33.394788910756986,33.544399004015865,13595700.0,0.004417727498717605,0.00440799798496045
2020-08-17,33.57589340209961,33.99322883295412,33.44203222759768,33.99322883295412,15554600.0,-0.012963094832917799,-0.013047848994314867
2020-08-18,33.4105339050293,34.008977211810354,33.300294585658804,33.53652212770932,13014000.0,-0.004924947047275641,-0.004937114565010907
2020-08-19,33.040443420410156,33.5916430416395,32.96957485476929,33.3475395369218,14473100.0,-0.01107705987791563,-0.011138867359634716
2020-08-20,32.53649139404297,32.98532465401945,32.520742489717925,32.82783861456537,15678500.0,-0.01525258060113932,-0.015370097699307264
2020-08-21,32.292381286621094,32.552233649212035,32.056153777590254,32.52073584699573,25517700.0,-0.007502656155069287,-0.0075309426511427375
2020-08-24,33.24517822265625,33.47352983379789,32.3553846221089,32.504994712690866,18208900.0,0.029505316674490745,0.029078411799220705
2020-08-25,32.190025329589844,33.12706263230695,32.04828819085328,32.804217594917326,31285600.0,-0.03173852418536083,-0.03225310853808018
2020-08-26,31.50497055053711,32.15853676751434,31.497097597808473,32.00105067876584,26795000.0,-0.021281585585551377,-0.021511303549632103
2020-08-27,31.2923641204834,31.733321512782467,30.9537701206555,31.497093909222688,32034300.0,-0.006748345620976481,-0.006771218666844047
2020-08-28,32.04041290283203,32.22152080525101,31.30810533873119,31.37110095894466,33477100.0,0.02390515396882309,0.023623899250212722
2020-08-31,31.449840545654297,32.06403578976499,31.41834574128159,32.00104017342695,25259600.0,-0.018432108193135455,-0.018604096178627443
2020-09-01,31.048254013061523,31.30023047088824,30.74903084296868,31.30023047088824,22464100.0,-0.012769111881817286,-0.012851337708070395
2020-09-02,30.85926818847656,31.276606610568436,30.670287359125933,30.890765994633707,26413400.0,-0.006086842258680947,-0.0061054425996597585
2020-09-03,30.79626846313477,31.520699814560857,30.615160625278243,30.86713700871301,28817200.0,-0.0020415171531940057,-0.0020436038898936073
2020-09-04,30.77264404296875,31.331716409233305,30.43405024282652,31.07186409590756,24632500.0,-0.0007671195682132925,-0.0007674139549921278
2020-09-08,30.06396484375,30.45767836658193,29.41039895402701,30.11908449664281,38496400.0,-0.023029519277875554,-0.0232988416003935
2020-09-09,29.88285446166992,30.583663992556986,29.859229609712735,30.197823451075447,25886100.0,-0.006024168236669958,-0.006042386742554405
2020-09-10,29.134809494018555,30.213584031517787,29.056067967175025,30.134842504674257,34381200.0,-0.025032580760009582,-0.025351224706734718
2020-09-11,29.056062698364254,29.378907705955143,28.733217690773373,29.237170580300983,26838600.0,-0.0027028423051974615,-0.002706501578574042
2020-09-14,28.867074966430664,29.142673227004664,28.733213812379223,29.063931725068024,26129900.0,-0.006504244360135858,-0.006525489128365272
2020-09-15,28.559980392456055,29.43402492697905,28.512733686553545,28.97731578130919,23724200.0,-0.010638229690113299,-0.01069522020138098
2020-09-16,29.77262306213379,30.040348426228007,28.559984471601368,28.709594555967183,30890900.0,0.04245950637970486,0.04158283113517598
2020-09-17,29.76474952697754,29.906486672651443,29.111186469744844,29.410406662792784,24696200.0,-0.000264455541583275,-0.00026449051611628733
2020-09-18,29.28441047668457,29.780490351938624,28.89857290999479,29.552135789891988,46853800.0,-0.016137849567912865,-0.016269482767849414
2020-09-21,28.68596839904785,28.906447017422742,28.095398096575764,28.68596839904785,35351800.0,-0.020435517324590924,-0.02064721152813593
2020-09-22,27.97728729248047,29.00881799986295,27.930043583184233,28.709594824535845,27303200.0,-0.024704799806964384,-0.025015084380949435
2020-09-23,27.079618453979492,28.182017634806503,27.048120647945325,28.071778317483027,31251400.0,-0.032085628213935014,-0.03261165451697236
2020-09-24,27.024499893188477,27.418213473221872,26.58353960218443,27.087495507816012,26796000.0,-0.0020354260487343012,-0.0020375003435279524
2020-09-25,27.276470184326172,27.512697678240272,26.678026999490747,26.772517396297275,23486000.0,0.009323772581678824,0.009280574519110992
2020-09-28,27.80405616760254,28.26863834668612,27.63869416882628,27.670191978478563,23396500.0,0.019342164866315237,0.019157482829660604
2020-09-29,26.992996215820312,27.6465620583697,26.76464467194474,27.55994460899129,20770500.0,-0.029170562269517974,-0.029604482422471493
2020-09-30,27.032377243041992,27.49695640783089,26.87489120213579,27.276477752840037,22223700.0,0.001458935010652862,0.0014578717989491001
2020-10-01,26.087459564208984,26.85126177642561,25.937846499087264,26.607161308146388,36890200.0,-0.034955034488364345,-0.03558058234361429
2020-10-02,25.969343185424805,26.2606903465444,25.363024009616744,25.39452181184474,32694300.0,-0.004527707210947862,-0.0045379883222204705
2020-10-05,26.567790985107425,26.575663934232544,26.118954786281463,26.23707004972976,22965200.0,0.02304439490092669,0.02278288280297603
2020-10-06,26.292192459106445,27.103241474768115,26.22919984811921,26.867013926922567,26731800.0,-0.010373407640682952,-0.010427586438589286
2020-10-07,26.378808975219727,26.567792808951303,26.150454385567947,26.489048293314756,23779300.0,0.003294381640024824,0.0032889670533806873
2020-10-08,27.76468086242676,27.82767647823445,26.583540100199144,26.678033523910685,34413700.0,0.05253731844030285,0.051203742896223134
2020-10-09,27.3552188873291,28.30800496130715,27.28435032788799,28.095399282983816,29228600.0,-0.014747584426651028,-0.014857411173567701
2020-10-12,27.268604278564453,27.347345795606422,26.953632202803917,27.19773571170815,17912800.0,-0.0031662919284761726,-0.0031713152370745363
2020-10-13,26.945755004882812,27.457580792563927,26.85126159477282,27.34734148456479,20995100.0,-0.011839596569870214,-0.01191024276194317
2020-10-14,26.890642166137695,27.42609294395068,26.79614873207897,26.81977359249196,17743000.0,-0.0020453254598036263,-0.0020474199944125145
2020-10-15,27.126869201660156,27.13474215244276,26.19770481189161,26.53629876767828,23251600.0,0.008784730169810961,0.008746368926149006
2020-10-16,26.851261138916016,27.27647246580456,26.678029230913715,27.063866802360288,22627200.0,-0.010159965777667868,-0.010211930502817438
2020-10-19,26.31581115722656,27.06386747220166,26.292189306413373,26.851261803495312,23645800.0,-0.019941334558525425,-0.020142846413836873
2020-10-20,26.53629493713379,26.71740281695618,26.244947739488733,26.50479713095699,23040600.0,0.00837837673290509,0.008343472957040594
2020-10-21,26.111082077026367,26.473297816027944,26.095333174835524,26.386680355876273,28619300.0,-0.016023821754874934,-0.01615359132341129
2020-10-22,27.449710845947266,27.528452359188805,26.000844774211217,26.126832997675383,31831500.0,0.051266690709025786,0.04999580919113528
2020-10-23,26.898517608642575,27.62295231787958,26.662290009207627,27.536334830534155,27429100.0,-0.020080110876143142,-0.020284456450871596
2020-10-26,26.26069450378418,26.591415471941936,25.945725443029797,26.46542724688094,30888700.0,-0.02371220281126052,-0.023997861867097202
2020-10-27,25.843358993530273,26.142582153571183,25.748868575968594,26.103211396570167,27100700.0,-0.01589202106569454,-0.016019653260959405
2020-10-28,24.85906982421875,25.496886767234297,24.81969907549335,25.276405167540016,42136400.0,-0.03808673514762284,-0.038830993657317965
2020-10-29,25.96147346496582,26.087461685748163,24.496858520998508,24.733086059490883,38622800.0,0.04434613396809661,0.04339098045768749
2020-10-30,25.68587303161621,26.09533551389252,25.205541985026773,25.52051404948431,47885700.0,-0.010615746972972184,-0.010672495994356
2020-11-02,26.7646541595459,27.134742932904203,25.646505877071995,26.095339179504037,40130300.0,0.041999005702544556,0.04114098911051315
2020-11-03,26.30794334411621,27.158366184963043,26.087464683361755,27.158366184963043,36773000.0,-0.01706395355259227,-0.017211220516636493
2020-11-04,26.166200637817383,26.882759136637212,25.615001099387708,26.19769844088098,35410100.0,-0.005387829236394026,-0.005402395933812654
2020-11-05,26.11895751953125,26.70952789098181,26.095335665888022,26.27644355267731,30824100.0,-0.0018055016446618666,-0.0018071335272966478
2020-11-06,25.811857223510746,26.504793854767524,25.68586901817276,26.063833634186707,33985600.0,-0.011757754718612401,-0.011827423756050877
2020-11-09,29.07969093322754,29.9301108699902,28.39463001141917,28.678101321142176,76879400.0,0.1266020372505503,0.11920605579439018
2020-11-10,29.72481918334961,30.184481081956744,29.01516448455034,29.878038790796474,49055400.0,0.022184838607927748,0.021942335123015383
2020-11-11,29.41838264465332,29.934494135148917,29.18451866418902,29.910302370365415,34124500.0,-0.010309113633496514,-0.010362620602739204
2020-11-12,28.410354614257812,29.265166288912926,28.120041099232772,28.91840326555163,30933700.0,-0.0342652430139192,-0.03486606116260663
2020-11-13,29.095815658569336,29.232906432818403,28.531317539785594,28.547446409038532,29241500.0,0.02412715552545497,0.02384069422602656
2020-11-16,30.77316665649414,30.781229549996677,29.91835536071765,30.31350482019657,38596800.0,0.057649217248556095,0.05604872576523434
2020-11-17,31.1844539642334,31.216711703252155,30.14416802915063,30.490931032933993,26521100.0,0.013365127883335992,0.01327660245845847
2020-11-18,30.007068634033203,31.55540598200923,29.999005738901417,31.46669875422587,31068000.0,-0.03775552175935426,-0.03848672521807091
2020-11-19,30.16029357910156,30.240934841505457,29.48289651560116,29.72482337907981,26954400.0,0.00510629501792037,0.0050933021051757146
2020-11-20,29.789331436157227,30.16835208205407,29.66030358933842,30.119965485897072,18351000.0,-0.012299686074719651,-0.012375953233459436
2020-11-23,31.740890502929688,31.79734001040428,30.06352492006339,30.24093941570779,29367600.0,0.0655120129484923,0.06345544696364222
2020-11-24,33.85371398925781,33.93435831800588,32.43440764222433,32.66826850492724,46979300.0,0.0665647199196604,0.06444294149466424
2020-11-25,32.91019821166992,33.63597870832097,32.78117036273641,33.60372097702095,28178200.0,-0.027870377173012106,-0.028266126595039173
2020-11-27,32.410221099853516,33.01503987704889,32.152165334351544,32.8214995910561,14971900.0,-0.015192163492929511,-0.01530874668308409
2020-11-30,30.748987197875977,32.16023099774254,30.61995931636744,32.0957155188546,45614300.0,-0.0512564816160741,-0.052616782038531436
2020-12-01,31.04736328125,31.97475328509297,31.023171515046773,31.418318052280256,32472900.0,0.009703606868542103,0.009656829239785187
2020-12-02,32.208614349365234,32.59569799171226,30.91833554154181,30.95865617748617,29369500.0,0.03740256644648898,0.0367200568539158
2020-12-03,32.426353454589844,32.773116503549865,32.039269764737014,32.3134544295829,27038900.0,0.006760275461179521,0.0067375272641931085
2020-12-04,33.61178970336914,33.67630209499114,32.781173050034944,32.87794317560135,28723600.0,0.03655780322136404,0.03590541903903982
2020-12-07,32.98277282714844,33.498884164330946,32.797292431348886,33.40211098140956,24899400.0,-0.018714173858991323,-0.01889149983506735
2020-12-08,34.06339645385742,34.34564399903945,32.61182886072836,32.684407240384814,32573800.0,0.032763274099851136,0.03223800037103298
2020-12-09,34.51498794555664,35.264963410385896,34.17629093628775,34.44240957553229,37824800.0,0.01325738295976886,0.013170272914508202
2020-12-10,35.49077224731445,35.861730183015084,34.48274073172503,34.83756979402406,38058700.0,0.028271320948945355,0.027879063093532858
2020-12-11,35.321414947509766,35.42625106053491,34.84562406687847,35.240773676731834,25478800.0,-0.0047718685472532,-0.004783290261735212
2020-12-14,34.047264099121094,35.85365435597003,34.01500636118199,35.75688421841993,30595000.0,-0.03607304096628505,-0.03673975587940479
2020-12-15,34.70852279663086,34.853679501154545,33.91822689214992,34.22466608946314,27138400.0,0.019421786595970048,0.019235590674993246
2020-12-16,35.24077224731445,35.571406366120634,34.64401640845426,35.281092881067956,34273000.0,0.015334834438279765,0.015218444239368049
2020-12-17,35.06334686279297,35.51494581868232,34.99883448410375,35.48268809120461,21204600.0,-0.005034662216717001,-0.005047378829056265
2020-12-18,34.45854187011719,35.30528755374582,34.208548998229055,34.89401213356074,46596800.0,-0.017248923642185554,-0.017399419429874795
2020-12-21,33.82952880859375,33.934364918223515,32.68440372777764,33.15213169668952,27869500.0,-0.018254198447930414,-0.018422862027107186
2020-12-22,33.25696563720703,33.78920597068421,33.24889966515619,33.531150237862974,21792900.0,-0.016924952594706832,-0.017069816474155067
2020-12-23,33.68436813354492,34.184350705609496,33.43437530937922,33.47469593875644,19085900.0,0.012851518115041927,0.01276963813131333
2020-12-24,33.547279357910156,33.74888561144631,33.369867946660094,33.58760306963122,8039000.0,-0.004069803984188325,-0.0040781081750338516
2020-12-28,33.66017150878906,34.313373608635445,33.48275707363751,33.61984780896997,23877500.0,0.003365165612223775,0.003359516113210229
2020-12-29,33.28115463256836,33.96661453905958,33.224705137975754,33.90210214935377,20287700.0,-0.011260099376550592,-0.01132397423972213
2020-12-30,33.547279357910156,34.20854762340738,33.28116070290142,33.32954731120632,23807300.0,0.007996258792096533,0.007964458126511934
2020-12-31,33.24082946777344,33.611784117687606,33.03922327852448,33.44243565702239,22786500.0,-0.009134865658322333,-0.009176844385873184
2021-01-04,33.466636657714844,34.07145539249282,33.063424167862856,33.42631602398308,27764700.0,0.006793067247624629,0.006770098327251108
2021-01-05,35.0794792175293,36.12783085475388,33.73275126210794,33.74081415664666,44035100.0,0.048192549980747845,0.04706729992005632
2021-01-06,35.9746208190918,36.36976735821073,35.240774170175015,35.81333519901031,36484800.0,0.02551752823956388,0.025197390768002675
2021-01-07,36.25687026977539,36.74879005279066,35.910107244904545,36.28912801075582,29528100.0,0.0078457936249825,0.00781517543126004
2021-01-08,36.66007614135742,36.95038960489049,36.2488007855302,36.450407015620726,28628200.0,0.011120812926816548,0.011059431342897351
2021-01-11,37.772953033447266,38.01487995604853,36.08752439667476,36.321388421572,38246200.0,0.030356644317887094,0.02990499892786345
2021-01-12,38.61163711547851,38.845498071451814,37.829403734111665,38.27293695218658,36915100.0,0.022203296662789418,0.0219603924131588
2021-01-13,39.047096252441406,39.28096023612811,38.458406383216634,39.13580349289272,29000300.0,0.011277924726696753,0.011214803077729974
2021-01-14,40.57123947143555,41.192187038764175,39.111609235798106,39.111609235798106,35474800.0,0.0390334587017811,0.03829091439145111
2021-01-15,38.61968994140625,39.579337590233735,38.13583620719881,39.44224375057251,42411300.0,-0.04810179712166052,-0.049297179657808395
2021-01-19,39.38579559326172,39.86964934396139,38.990646005052184,39.07129034768022,24932600.0,0.01983717769401583,0.01964298484225205
2021-01-20,39.94222259521485,40.11157415489611,39.50675550590126,39.60352562838575,22342400.0,0.014127605995302828,0.014028741428104506
2021-01-21,38.79710388183594,39.82932680802561,38.45034091576903,39.78094328102733,29044500.0,-0.028669378892202668,-0.029088373169622313
2021-01-22,38.24872970581055,38.41807818080066,37.61165335559069,37.910029679563735,23264800.0,-0.014134410075957504,-0.014235252207171525
2021-01-25,37.821327209472656,37.94228909285645,37.22457145880582,37.821327209472656,26395800.0,-0.011174292574557376,-0.011237194006795523
2021-01-26,36.99070358276367,38.59549023921591,36.974574718105224,38.1116335282616,23976800.0,-0.021961778921945063,-0.022206528854049622
2021-01-27,36.57137680053711,37.62779478165756,35.91010846923044,36.28912924800411,32410300.0,-0.011336004498761487,-0.011400746741684866
2021-01-28,37.1439323425293,37.57133655904853,36.8455529118773,37.04715913872854,24967200.0,0.015655837763914215,0.015534549411785548
2021-01-29,36.16009521484375,37.12780577903008,35.893973502279,36.73265619632495,38961100.0,-0.026487155926650963,-0.02684426055034563
2021-02-01,36.224609375,36.75685282603625,35.71656384199359,36.75685282603625,24412400.0,0.0017841258374167168,0.0017825361754053787
2021-02-02,36.79717254638672,37.89391100684814,36.51492195879515,36.942329288287034,31940400.0,0.015805917062058583,0.015682304394679887
2021-02-03,38.24066925048828,38.44227548586943,36.62781936743909,36.79717094312219,28459300.0,0.03922846795584323,0.03847858010589557
2021-02-04,38.97451400756836,39.01483463432927,38.10357370345288,38.61162221418691,25280300.0,0.019190165116441005,0.01900835617817678
2021-02-05,40.28092575073242,40.4180165118226,39.54707918963323,39.65997818729973,34980100.0,0.03351964165378374,0.03297010494582177
2021-02-08,42.014739990234375,42.22441220655996,40.89380976656705,41.063158273106616,36998700.0,0.04304305840017664,0.04214245838815252
2021-02-09,41.52267074584961,41.79330868167659,40.817367142620064,41.555473163655634,28977000.0,-0.011711824100283375,-0.011780947751588625
2021-02-10,41.924522399902344,42.17055770891824,41.32583533417714,41.52266545849508,25723800.0,0.009677885522161533,0.00963135476012012
2021-02-11,40.87477111816406,41.768701828826,40.00544300047624,41.73589628585466,26972200.0,-0.0250390755015667,-0.025357886224916137
2021-02-12,41.43244934082031,41.58827096403124,40.522115935437235,40.53851870553972,19756700.0,0.013643580316182513,0.013551344676853176
2021-02-16,42.67903900146485,43.08089598783193,42.3345870274983,42.61342790984872,28060100.0,0.03008727894385821,0.029643535490278577
2021-02-17,43.34333419799805,43.687786172765016,42.48220895384419,42.93327425997154,25509700.0,0.015564905210503799,0.01544501453106352
2021-02-18,42.66263961791992,43.417148460393456,42.53142055277195,43.31053512081086,20627600.0,-0.01570471198566825,-0.015829337502256145
2021-02-19,42.94966506958008,43.10548980487203,42.580610602452,42.73643533774395,22607200.0,0.006727794019092848,0.006705263410652744
2021-02-22,44.53251266479492,44.950775591311775,43.130108300964054,43.130108300964054,36435100.0,0.03685354921046691,0.03619069382617908
2021-02-23,45.147605895996094,45.31983034714393,44.073250685827595,45.09019774561348,33527900.0,0.013812228288825779,0.013717708818864515
2021-02-24,46.50079727172851,46.7468326071168,44.99997640739465,45.26241451561002,28728600.0,0.029972605387972973,0.02953220517713977
2021-02-25,45.72987747192383,46.95185731841415,45.393628487884264,46.730424602801456,29670900.0,-0.016578636174769068,-0.016717599789151005
2021-02-26,44.58990859985352,45.155793212699024,43.5647589429693,44.622714139715846,35291000.0,-0.02492831678305274,-0.02524428943869334
2021-03-01,46.2547607421875,47.247105008789475,46.033328007502035,46.3121688813457,36998300.0,0.03733697140476866,0.03665682478015861
2021-03-02,45.984107971191406,46.71401395033601,45.94310261488709,46.45977886414434,30302600.0,-0.005851349496858171,-0.005868535716837899
2021-03-03,46.353172302246094,47.534143709150435,45.82829612139972,46.271158443670835,35358900.0,0.00802591041422196,0.007993874094828629
2021-03-04,48.14923095703125,48.77252373434073,46.82883762646346,46.8452403972883,52137500.0,0.03874726508628035,0.03801543429479404
2021-03-05,49.96990203857422,50.06831554326783,48.47728418193397,49.06777146711347,51429800.0,0.037813087464839246,0.037115698649438596
2021-03-08,49.920692443847656,50.527582485689294,49.059567260680986,50.502979892273025,38154600.0,-0.0009847846947663719,-0.0009852699137975682
2021-03-09,49.149784088134766,50.3471583481931,48.77252969855623,49.70746585034175,35645900.0,-0.01544266150915341,-0.015563141369001205
2021-03-10,50.65879821777344,50.781814305317006,49.231788451304226,49.633648512367245,31579100.0,0.03070235521142317,0.030240468118078005
2021-03-11,50.28154373168945,51.298490484548125,50.24053524078484,50.66699789242218,24802600.0,-0.007446968727174097,-0.007474835835307905
2021-03-12,50.82283401489258,51.150880115929766,50.437376639451834,50.47838201101782,20422700.0,0.010765188238681445,0.010707656127482276
2021-03-15,49.52703475952149,50.732611879742194,49.10057208346716,50.42916842642791,31243600.0,-0.025496399020003113,-0.025827064833553137
2021-03-16,48.47727966308594,48.92834490676991,47.92779779537342,48.82993141124999,30624800.0,-0.02119559754652467,-0.02142344961675218
2021-03-17,48.69052505493164,48.98576876477614,48.07543503559215,48.1328431871164,25575500.0,0.004398872901444584,0.004389226139616461
2021-03-18,46.591007232666016,48.362465885730735,46.35317173845378,48.231246842115155,38622800.0,-0.04311963816157238,-0.04407690909700252
2021-03-19,46.32857894897461,47.132296152257354,45.77089711347076,46.50900321680743,84439400.0,-0.005632595199775214,-0.005648518083706911
2021-03-22,45.852901458740234,46.63201595503203,45.844701636646406,46.33677230351017,29315100.0,-0.010267474224889939,-0.010320548342345288
2021-03-23,45.28702163696289,46.164549674989814,44.655528941918526,45.057385938804586,33493300.0,-0.012341199875574693,-0.012417984882860182
2021-03-24,46.2055549621582,46.97646653640604,45.99232516622042,45.99232516622042,29781800.0,0.020282484738312068,0.02007953477563918
2021-03-25,46.0743293762207,46.33676745488805,44.69652789896281,45.27881219047419,31495900.0,-0.0028400391694239913,-0.0028440797327179326
2021-03-26,47.32912063598633,47.38652878108036,46.353179040878565,46.99287158821733,34226500.0,0.02723406453775179,0.026869815920977282
2021-03-29,47.07487487792969,47.41932367107382,46.53359596833994,47.02566656669114,21144400.0,-0.005371867354394211,-0.005386347714828953
2021-03-30,46.49259567260742,47.04207762850684,46.32857419658645,46.63201768143618,20303400.0,-0.012369214083567504,-0.012446349542090568
2021-03-31,45.78728866577149,46.4433838618729,45.76268294506797,46.2137481968559,23686500.0,-0.015170308231499452,-0.015286554517147761
2021-04-01,47.06667709350586,47.115885410144465,46.04152729401842,46.18914911542532,23194500.0,0.02794200017112569,0.02755874537430316
2021-04-05,46.33677673339844,47.00927483570861,46.041533053650696,46.99287206144381,23264800.0,-0.015507794583784928,-0.015629298236264213
2021-04-06,46.2055549621582,47.18969946085295,46.13994386894097,46.61561490923859,18926300.0,-0.0028319140969866874,-0.0028359315522311196
2021-04-07,46.41058349609375,46.55820532274436,46.12354279344481,46.246558896647635,22385000.0,0.004437313524390474,0.004427497675354749
2021-04-08,45.92671203613281,45.99232312644017,45.36903028255619,45.869303896368365,21999300.0,-0.010425886155938202,-0.010480616447221626
2021-04-09,45.820091247558594,46.28755927203033,45.54125039712732,45.92670769497579,20020700.0,-0.0023215419490586475,-0.0023242409055388483
2021-04-12,45.51665115356445,46.57460649878674,45.36082951011276,46.550000776182536,20238800.0,-0.006622424480883349,-0.0066444500294287785
2021-04-13,45.68888473510742,45.91031751191443,45.180411207907746,45.35263565814335,19370600.0,0.0037839686615319668,0.0037768274611660077
2021-04-14,47.009273529052734,47.5751551471673,46.13174546558806,46.26296452754981,28051100.0,0.0288995628061528,0.02848984548569992
2021-04-15,46.73042678833008,47.09127838147811,46.566402199259585,47.09127838147811,23250300.0,-0.00593173899082533,-0.005949401635989365
2021-04-16,46.467987060546875,47.30450961968484,46.287559706073374,47.042071537819055,22752000.0,-0.00561603532901489,-0.005631864548212316
2021-04-19,46.32037353515625,46.86165256690293,45.89391079370291,46.54180629294025,21123300.0,-0.003176671397413622,-0.003181727729039412
2021-04-20,45.34442901611328,46.31217072692972,44.92616612442514,46.31217072692972,21782100.0,-0.02106944406012279,-0.021294572634670786
2021-04-21,45.92671203613281,46.03332849362778,44.53250765219127,44.69653224945069,16625600.0,0.012841335366966744,0.012759584536013564
2021-04-22,45.32801818847656,45.91850539957576,45.12298825445695,45.91850539957576,21600100.0,-0.013035852581504859,-0.013121565012373427
2021-04-23,45.57406234741211,45.87750583279623,45.25421608869517,45.32802700443825,15337900.0,0.005428081102343496,0.005413402165132614
2021-04-26,45.664276123046875,46.164549760863856,45.467445971189214,45.49205169548963,16083800.0,0.001979498227458132,0.001977541602506804
2021-04-27,46.26295852661133,46.44338588659579,45.77088789021037,45.934909350004816,19278600.0,0.013110519959875111,0.013025320953969062
2021-04-28,47.657169342041016,47.94421006438569,46.5746112913279,46.67302480634475,24729800.0,0.030136654892654713,0.02969146809410384
2021-04-29,48.33786392211914,48.780729401942075,47.6899716036845,48.3214611493284,27318400.0,0.014283151716223408,0.014182108511802046
2021-04-30,46.94365692138672,48.29685266218843,46.878045838228296,47.83758759411404,30518400.0,-0.028842958451344436,-0.02926709199799974
2021-05-03,48.23945617675781,48.378878197880496,47.35372823980845,47.550555279793016,20509600.0,0.02760328743755691,0.027229185389732402
2021-05-04,48.54289627075195,48.797134568717816,47.985214482543014,48.387074614358845,23522200.0,0.0062902884494029365,0.006270587159715084
2021-05-05,50.0026969909668,50.06830493736192,48.715109366816506,49.018552766973976,31526200.0,0.030072386123660255,0.02962907756213763
2021-05-06,50.47837448120117,50.55218539041336,49.23179197478917,49.91249292958031,26836800.0,0.009513036673207909,0.009468072677670338
2021-05-07,51.20008087158203,51.23288641538991,49.90429004775048,50.084717410184965,33610600.0,0.014297338172995833,0.014196095096848452
2021-05-10,51.3231086730957,52.5040771624398,51.28210017222859,51.864387722342215,31956600.0,0.0024028829529048057,0.002400000645969553
2021-05-11,49.69106674194336,51.16728199196762,49.527042130049715,50.543992220982894,34563800.0,-0.031799358482894946,-0.03231593888937872
2021-05-12,49.95731735229492,51.32190710440881,49.716017093325256,49.93235317696677,34426500.0,0.005358118225440078,0.00534381458097768
2021-05-13,49.34158706665039,50.2984656694493,48.88395071604056,49.09196752759818,24268200.0,-0.012325127094044097,-0.012401711397777236
2021-05-14,50.564727783203125,50.6562556896786,49.865791157672305,49.865791157672305,20735400.0,0.024789245528331394,0.024486977330189477
2021-05-17,51.74626541137695,51.79619059317348,50.28182832694644,50.37335623986427,25282500.0,0.023366834549959137,0.023098009740377845
2021-05-18,50.281829833984375,51.837794877967816,50.25686882938045,51.588175309673495,25170800.0,-0.02830031434636837,-0.028708487638255755
2021-05-19,49.07532501220703,49.807545065852814,48.609366219144334,49.17517219140454,28889800.0,-0.02399484715971678,-0.024287413033510827
2021-05-20,48.958839416503906,49.21678141878962,48.45960031268908,49.05036732615641,20692500.0,-0.0023736082374217204,-0.002376429711053712
2021-05-21,49.02540969848633,49.78259407982511,48.967165234396454,49.441443398605536,20792700.0,0.001359719363771994,0.0013587957825106406
2021-05-24,49.59952926635742,49.75762090114233,48.834025746049406,49.15853463968895,18400300.0,0.011710653136853155,0.011642614110863253
2021-05-25,48.47624588012695,49.54129432264856,48.35975695065239,49.50801086448861,25616100.0,-0.022647057398433312,-0.022907440791540293
2021-05-26,49.042049407958984,49.19182178776149,48.17670175964855,48.467924068106136,21698700.0,0.011671768668538363,0.011604178995582491
2021-05-27,48.72586441040039,49.674420666980055,48.27654728652002,49.28334800277844,33556000.0,-0.006447222360721372,-0.006468095462860749
2021-05-28,48.567771911621094,48.92556113769382,48.35143579017684,48.867316675224785,19246800.0,-0.0032445293827471078,-0.0032498042810033953
2021-06-01,50.30679702758789,50.506494611242175,49.46641030365517,49.46641030365517,28474200.0,0.03580615390657216,0.03518001620121592
2021-06-02,50.70618438720703,51.014051599460934,50.06549213139056,50.5480927295712,22978300.0,0.00793903375323457,0.007907685432379394
2021-06-03,50.905887603759766,51.097262739222266,50.21527008640401,50.38168421370177,20272800.0,0.003938439047745046,0.003930703700156753
2021-06-04,51.13053512573242,51.33855194628131,50.57304839613733,51.13885440195707,20427800.0,0.004412996856498541,0.004403288138419656
2021-06-07,50.797706604003906,51.36351260604532,50.772745601411856,51.03068759984051,15477900.0,-0.006509388585706599,-0.006530667045693794
2021-06-08,51.696346282958984,51.98756859111305,50.48152551759533,51.17214295419656,28953400.0,0.01769055611034709,0.017535899532668212
2021-06-09,52.12902069091797,52.76970975653221,51.7462672980261,52.145659244705186,29133000.0,0.008369535548813145,0.00833470519381331
2021-06-10,52.21222305297851,53.235665450656676,51.79618940315399,52.92780143853028,27488700.0,0.0015960852699279382,0.0015948128795492671
2021-06-11,51.7296257019043,52.57833478104084,51.70466469707486,52.42856240389409,17631700.0,-0.009242995659934472,-0.009285977201467776
2021-06-14,51.64641571044922,52.237182716265245,51.230382071296845,51.837790803569135,16997200.0,-0.001608555838671255,-0.0016098509536438131
2021-06-15,53.526893615722656,53.58513807571551,51.87939748594335,51.98756712910937,30717100.0,0.036410617840668014,0.035763414578723
2021-06-16,53.33551025390625,53.91796114652831,52.88619634448346,53.51856606735406,24803200.0,-0.0035754617704957248,-0.003581869011053545
2021-06-17,51.579856872558594,53.63506108658959,50.98076735963098,53.13582194187329,28491800.0,-0.03291715731207567,-0.03347111740726144
2021-06-18,50.256866455078125,51.21374195068119,50.12373581333836,50.75610556808104,39590700.0,-0.02564936193501388,-0.025984042110006437
2021-06-21,52.079105377197266,52.1706333107983,50.67291243338631,50.69787344288272,33145400.0,0.03625850656144558,0.03561663641938761
2021-06-22,53.07758331298828,53.260639167404904,51.77955695037891,52.29543787981573,25140400.0,0.019172332714997076,0.018990859387038445
2021-06-23,53.46864700317383,53.834752302031546,52.902840979663054,53.29391363022974,20701600.0,0.007367774977235175,0.007340765508500028
2021-06-24,53.68498229980469,53.718265755381125,53.094218420790554,53.37712144502022,19568400.0,0.00404602152394129,0.004037858390256849
2021-06-25,53.801483154296875,54.026138567549914,53.55186038564176,53.75987724346412,18438300.0,0.002170082758742309,0.0021677315301117917
2021-06-28,52.428558349609375,53.71826200945391,52.212222251618314,53.71826200945391,20570000.0,-0.025518344926479086,-0.025849585174749907
2021-06-29,52.10405731201172,53.06093604780463,52.07909630686263,52.59497718248272,19579300.0,-0.006189394631715528,-0.006208628339075722
2021-06-30,52.48680877685547,52.61161697208733,51.9626054694437,52.170622302248454,17875500.0,0.007345905186456836,0.007319055435257837
2021-07-01,52.63658142089844,53.60177946131245,52.22887017940775,53.526896443723906,22530300.0,0.0028535292492199993,0.002849465663170909
2021-07-02,52.56169128417969,52.686502652296504,51.93764079176548,52.42856063942805,14555300.0,-0.0014227773669400756,-0.0014237904757242012
2021-07-06,51.06397247314453,52.22054558388348,50.672902976314816,52.212226306965846,22110800.0,-0.028494494268413106,-0.028908342932541627
2021-07-07,50.26519012451172,51.43008572210581,49.60785613481098,50.905882385779954,21671400.0,-0.015642777283982445,-0.015766416594306512
2021-07-08,50.040531158447266,50.514809305747455,49.34991689139538,49.46640581542207,18935900.0,-0.004469474113356631,-0.004479492073936332
2021-07-09,50.94747543334961,51.13053123721823,50.1237306641099,50.50648082303107,20086000.0,0.01812419360679085,0.017961908336329924
2021-07-12,50.897560119628906,51.17214387863613,50.05717346228455,50.27350958452359,21809400.0,-0.0009797406700946532,-0.0009802209296971727
2021-07-13,50.65625762939453,51.18045773805166,50.34839044599103,50.75610481569806,17147300.0,-0.004740944156600424,-0.004752218079153347
2021-07-14,49.53296661376953,51.36351535516889,49.391516692730754,50.89755651264098,21573600.0,-0.0221747730328421,-0.022424329449435662
2021-07-15,49.05035781860352,49.67440816445322,48.90058548167285,49.233410428342175,15851100.0,-0.009743183745264505,-0.009790959136231996
2021-07-16,47.694095611572266,49.308304970979016,47.5526456993839,49.24174123997412,27049500.0,-0.027650403938885515,-0.028039872456729828
2021-07-19,46.05492401123047,46.76218312414995,45.43087353316998,46.29622429119423,37969100.0,-0.034368438678268554,-0.034972924022820505
2021-07-20,46.56249237060547,47.095015015087895,45.78866941094027,46.17974211664439,26756100.0,0.011020935769022966,0.010960647805156522
2021-07-21,48.06020736694336,48.50952448489259,47.28638767369963,47.311348677779606,20908700.0,0.03216569646695677,0.03165921276323215
2021-07-22,47.51936340332031,48.043566684362155,47.14493248829043,48.03524423398104,13493800.0,-0.011253467124968108,-0.01131726648034623
2021-07-23,47.461124420166016,47.66914126649485,46.986846264463104,47.66914126649485,14088200.0,-0.0012255842457314925,-0.0012263358883001427
2021-07-26,48.6593017578125,48.800754868042375,47.42784237185458,47.56097303049638,18387600.0,0.025245447769825402,0.02493204516295931
2021-07-27,48.11846160888672,48.26823082802193,47.60257751042226,48.26823082802193,16861400.0,-0.011114835794760358,-0.011177067139245964
2021-07-28,48.44295883178711,48.7841062950778,47.943716551354626,48.259903011553384,16855300.0,0.006743715656122751,0.0067210785209771045
2021-07-29,49.03372573852539,49.36655392473559,48.7258617294361,49.091970194999455,18607800.0,0.01219510370515664,0.01212134250611386
2021-07-30,47.902122497558594,48.992131991878566,47.694105636556834,48.992131991878566,28652800.0,-0.023078059517670058,-0.02334852728347176
2021-08-02,47.910438537597656,49.141897809030745,47.7606661637937,47.88547435924035,20873800.0,0.0001736048343052854,0.00017358976672988236
2021-08-03,48.42631530761719,48.6010486709449,47.36958950345458,47.902112043549344,18208200.0,0.010767523440944782,0.010709966455927467
2021-08-04,47.294700622558594,48.16005128784731,47.26973962181829,47.58592287814397,20868300.0,-0.023367763536628172,-0.023645119028405853
2021-08-05,47.59425354003906,48.010287219280514,47.28638950614421,47.53600907887206,15180200.0,0.006333752271128423,0.006313778357726098
2021-08-06,48.14341354370117,48.31814691150133,47.868829816513966,47.97699945214088,14888500.0,0.011538367824176943,0.01147230851693217
2021-08-09,47.59425354003906,47.86051484082679,47.28638950614421,47.53600907887206,17828200.0,-0.01140675251794554,-0.011472308516932178
2021-08-10,48.40968704223633,48.55945944504416,47.67746675896311,47.77731396947313,16340200.0,0.017133024294861077,0.0169879091960053
2021-08-11,48.55112075805664,48.67593211002384,48.02692069759725,48.41799013053107,18278600.0,0.0029215994661753175,0.002917339888957173
2021-08-12,48.44132232666016,48.812975345941325,48.03588530554826,48.48355796767085,19225500.0,-0.0022615014788974763,-0.0022640625353174838
2021-08-13,47.9514274597168,48.204825232094514,47.5544355756443,48.17103800321015,20063000.0,-0.010113160488060213,-0.010164645909940151
2021-08-16,47.25035095214844,47.377051433291314,46.68442943986496,47.31792540132519,16959500.0,-0.014620555522717682,-0.014728489169732822
2021-08-17,46.929386138916016,47.55443373849199,46.45637461919112,46.878705297547405,16243700.0,-0.006792855645822993,-0.006816032105594797
2021-08-18,45.941123962402344,47.14054458916184,45.87355273924616,46.81112400159717,21890500.0,-0.021058493575609738,-0.021283386526320128
2021-08-19,44.53898239135742,45.36674993799357,44.006844960617535,45.16403306484373,30923500.0,-0.030520401986516843,-0.030995848343976975
2021-08-20,44.54743576049805,44.88529832735659,44.01529827059032,44.15044394175913,16918300.0,0.00018979708755684221,0.00018977907836831133
2021-08-23,46.38035202026367,46.507052504568414,45.56947794266939,45.56947794266939,21632600.0,0.04114526972147159,0.040321328140370004
2021-08-24,46.76044464111328,47.17432682555051,46.464811287245624,46.70131861476511,17915600.0,0.008195121517912352,0.008161723850790663
2021-08-25,46.84491729736328,47.10676347359144,46.34656697623698,46.659093992997875,13270300.0,0.0018064981395777835,0.001804868384285044
2021-08-26,46.21141815185547,46.91248856537261,46.1438469245282,46.625303599445736,11842600.0,-0.013523327226441006,-0.013615600252612927
2021-08-27,47.10675811767578,47.47840790627829,46.79423435857533,46.79423435857533,15822500.0,0.019374864516776613,0.019189561485004034
2021-08-30,46.591514587402344,47.588215123729775,46.55772736397128,47.5037502872791,14086100.0,-0.010937783682467117,-0.010998041029138497
2021-08-31,46.05093765258789,46.71822089912089,46.00025681111147,46.39724868069165,27104100.0,-0.011602476107540394,-0.011670310038303182
2021-09-01,45.417442321777344,46.2536552749789,45.273848213149066,46.02559954019842,21644100.0,-0.013756404605476003,-0.013851900739692107
2021-09-02,46.523948669433594,46.996956962914346,45.83977181648522,45.85666543012772,23293300.0,0.024363026429731205,0.024070981788443396
2021-09-03,46.3465690612793,46.72666732705641,46.11851010181302,46.55773440647464,13840000.0,-0.0038126516176567593,-0.003819938300788245
2021-09-07,46.07626724243164,46.68442432994733,46.00869602277808,46.177625682975346,14354400.0,-0.005832186164422715,-0.005849259778847391
2021-09-08,45.6539421081543,46.60841026863694,45.62015488322301,46.27899288087467,18756700.0,-0.009165784460257287,-0.009208048717589104
2021-09-09,45.68772506713867,46.45636664085687,45.0204419366232,45.29073326658168,19110800.0,0.0007399790122031291,0.000739705362722139
2021-09-10,45.59481430053711,46.65064087258213,45.56947549388866,46.61685364896621,15123700.0,-0.002033604572454162,-0.0020356751538715117
2021-09-13,46.76889419555664,47.24190567256666,46.135398235229495,46.16074026468899,22052300.0,0.025750294480433977,0.02542433942803724
2021-09-14,46.10160446166992,47.10675001238432,45.958010398924216,47.03917557765071,19940300.0,-0.014267810803833658,-0.014370574664411512
2021-09-15,47.655784606933594,47.748697856910105,46.71821335693657,46.76889096810423,23240900.0,0.033712061942569926,0.03315626723136252
2021-09-16,47.14899063110352,47.68957331457573,46.87869928936741,47.68957331457573,17907200.0,-0.010634469246705747,-0.010691419330583336
2021-09-17,46.591514587402344,47.9345261085807,46.54083375225575,46.74355387071513,30000400.0,-0.011823711096233258,-0.011894167086478643
2021-09-20,45.34986114501953,45.75529815650907,44.73325882199625,45.42588078605675,27555100.0,-0.026649776324690233,-0.027011319447410777
2021-09-21,45.30763244628906,46.042486888552645,44.97821504879598,45.92423481992715,19696800.0,-0.0009311759212543569,-0.0009316097348779605
2021-09-22,46.633750915527344,47.22501448663612,45.92423527462226,45.974916114018065,25690600.0,0.029269206922484026,0.028849042579487647
2021-09-23,48.21327209472656,48.34841778377589,46.6928790652624,46.81113114041463,23069400.0,0.03387077273840511,0.03330979026655583
2021-09-24,48.64403533935547,48.83830701553077,47.87539382834596,47.89228743785598,22328600.0,0.008934536610221588,0.00889485979219992
2021-09-27,50.088409423828125,50.51074003148625,49.682972427131546,49.70831123251045,32972200.0,0.029692727472058422,0.02926043489177157
2021-09-28,50.61210632324219,51.08511783713198,50.26579530014724,50.59521593178838,37619300.0,0.010455450780693543,0.010401170576688839
2021-09-29,50.57831954956055,50.84016249041659,49.877249123892874,50.54453232424778,23422800.0,-0.000667563081960143,-0.0006677860014083913
2021-09-30,49.6829833984375,50.82327500207,49.67453820215522,50.78104257640353,31289600.0,-0.017701975057627717,-0.01786052894939753
2021-10-01,51.46521759033203,51.51589843255547,50.18133191981831,50.18133191981831,24407300.0,0.035872125021191525,0.03524370477227707
2021-10-04,52.13248443603515,52.42811453395929,51.48209499847566,51.79461870515637,33946700.0,0.012965394434249156,0.012882063216346183
2021-10-05,52.04803085327149,52.960266646823854,51.541235338271704,52.80822734789846,29641600.0,-0.0016199800120264563,-0.0016212935984937014
2021-10-06,51.093563079833984,51.62569737499787,50.46851230468438,51.076669467302686,25284900.0,-0.018338211029121254,-0.01850844036718046
2021-10-07,51.23714828491211,51.59190766456895,50.797924074070046,51.194915869319495,19513600.0,0.002810240594373292,0.002806299250630282
2021-10-08,52.52103805541992,52.72375495594091,51.73550281611528,51.73550281611528,22186900.0,0.025057791338591873,0.024748992794726078
2021-10-11,51.99736022949219,53.26435240954887,51.946679382323936,53.23901037490087,22121500.0,-0.009970820176386286,-0.010020861718561242
2021-10-12,51.7270622253418,52.35210981673149,51.39764159395134,52.00579879390008,20198600.0,-0.005198302432227742,-0.005211860613076574
2021-10-13,51.583473205566406,51.853764605046365,50.85706386116616,51.33852061787281,14991700.0,-0.0027758974431965067,-0.0027797573913724474
2021-10-14,52.36900329589844,52.55482982254527,51.66793283418707,52.124050732978034,18594500.0,0.015228328794410606,0.015113541672537997
2021-10-15,52.86735153198242,53.27278857420536,52.74065104660711,52.98560359986488,16092600.0,0.009516091671025073,0.009471098882467761
2021-10-18,52.84201431274414,53.33191621186409,52.59706175212053,53.28968378951144,18282800.0,-0.00047926023347233393,-0.0004793751153650427
2021-10-19,53.6359977722168,53.72891103980355,52.93492727833672,53.10386019921014,18933200.0,0.015025609258070283,0.01491384297158783
2021-10-20,53.93162155151367,53.94851516380412,52.97715662305657,53.12074749433474,14305200.0,0.005511667379664242,0.005496533723332684
2021-10-21,52.95181655883789,53.75424545071689,52.66463158349573,53.61065457410941,16564600.0,-0.018167541870401704,-0.018334598086357488
2021-10-22,53.31502151489258,53.3994895800084,52.66463191307321,53.019391342305234,14266800.0,0.006859159508741497,0.0068357424938677675
2021-10-25,54.35395812988281,54.41308416829461,53.703571707353014,53.82182378417661,17939800.0,0.019486752241111294,0.0192993165792462
2021-10-26,55.61249542236328,55.69696670552419,54.36240034033308,54.47220398648648,25585100.0,0.023154473671873177,0.022890476226805317
2021-10-27,54.16812515258789,55.114148098891135,54.04142789483219,55.038131677513945,21764500.0,-0.025972045649197195,-0.026315275185949342
2021-10-28,54.32017135620117,54.455320270419094,53.74580458141232,53.90628908385491,16626400.0,0.0028069312568042015,0.002802999181588652
2021-10-29,54.45530700683594,55.20705493737016,54.33705495782516,54.94521203516821,23966300.0,0.0024877618619540964,0.002484672505075204
2021-11-01,55.435115814208984,55.81521724529531,54.919871933411535,54.962107573839106,19656400.0,0.01799289841943308,0.017832942091653797
2021-11-02,54.75094223022461,55.28307650034929,54.615799780587494,54.92832032026617,16300000.0,-0.012341880664187399,-0.012418674178442071
2021-11-03,53.99919509887695,54.43841612258514,53.771136169955184,54.09210835385919,17372800.0,-0.013730304917614067,-0.013825437356160583
2021-11-04,54.404640197753906,54.810074033625334,53.91473507217585,54.63269592489976,17720100.0,0.0075083544881464626,0.0074803071002471095
2021-11-05,54.91987609863281,55.18172548948579,54.531332665396306,54.94522135136396,18565100.0,0.009470440370639155,0.009425876886511668
2021-11-08,55.51114654541016,56.06861970138876,55.22395832715976,55.36755565841239,17696000.0,0.01076605573026912,0.01070851437945366
2021-11-09,56.051719665527344,56.06016808220742,55.16482279747794,55.55336618946276,18781300.0,0.009738100431324614,0.009690990723784631
2021-11-10,54.94746398925781,56.197241899636296,54.58793691348486,55.91475610685543,20177200.0,-0.01970065651614017,-0.019897301424096507
2021-11-11,55.05018615722656,55.49531651157693,54.801941638619624,54.94746879149954,13319300.0,0.0018694614912315721,0.0018677162229007397
2021-11-12,54.630741119384766,55.10155081037712,54.42529985916079,54.75058239875374,18158900.0,-0.007619320970937982,-0.00764849628885607
2021-11-15,55.1015510559082,55.44395098085393,54.11713494453941,54.57937941481809,18849200.0,0.00861804044529757,0.008581117120886638
2021-11-16,55.657958984375,55.957568740750325,55.07586991872027,55.07586991872027,17028700.0,0.01009786326889861,0.010047220484858309
2021-11-17,55.05018615722656,55.846278395910886,54.938906834068966,55.11010679752066,15497000.0,-0.010919782870928874,-0.010979841316888882
2021-11-18,54.45098114013672,55.23851144143418,54.02297468975417,54.92179084790158,16948200.0,-0.010884704647110222,-0.010944376446403642
2021-11-19,51.934295654296875,53.09847359923994,51.71173376031881,52.978632328218694,32035500.0,-0.04621928628545413,-0.04732149379367428
2021-11-22,52.653350830078125,53.53504631727306,51.63469667808338,51.63469667808338,21994400.0,0.01384547853633511,0.013750505525527963
2021-11-23,54.040096282958984,54.254099511885954,53.00431817322555,53.23544205231829,21185900.0,0.026337268778128475,0.025996414737309806
2021-11-24,54.33969497680664,54.65641881495011,53.56928537601742,53.56928537601742,15869700.0,0.00554400740292782,0.005528695958990194
2021-11-26,52.43079376220703,52.576314397895594,50.96701238536542,51.805904693709095,24979600.0,-0.035129038089271036,-0.03576090481145421
2021-11-29,52.72182846069336,54.048647647055674,52.46502527388608,53.56072061249295,18946400.0,0.005550835255446973,0.005535486143495022
2021-11-30,51.22381210327149,52.37942821292638,51.06972951992682,51.754539187330835,34979800.0,-0.028413588852266636,-0.028825068008189965
2021-12-01,51.18101119995117,53.098478234538256,51.146769900833185,52.13118602518023,30630600.0,-0.0008355665375709975,-0.0008359158178685246
2021-12-02,52.45647048950195,52.713276976851475,50.62460337026547,51.13821307953439,29216000.0,0.02492055666051396,0.024615103889590206
2021-12-03,52.12263107299805,53.269688624175714,51.66038326906889,53.0043234184911,22014700.0,-0.006364122736216449,-0.006384460097543693
2021-12-06,52.71327209472656,53.2097578423972,52.576306905929336,52.83311336949431,19210500.0,0.01133175761793992,0.011268034199607601
2021-12-07,53.303924560546875,53.954492938567455,53.15840066710522,53.3638452033081,19800400.0,0.01120500478055897,0.011142693746070846
2021-12-08,53.458003997802734,54.0914516883788,53.36384206031523,53.59496592539458,18214400.0,0.002890583358094778,0.002886413655336098
2021-12-09,53.594970703125,53.73193264292634,52.91016100411833,53.11560228110522,16910300.0,0.002562136538578841,0.002558859862425449
2021-12-10,53.93737030029297,54.22841481101821,53.26968129674741,54.15993547842816,17942400.0,0.006388651634210207,0.006368330702340413
2021-12-13,52.756072998046875,53.68912713760877,52.51638717892656,53.47512392454806,17793700.0,-0.02190127727157065,-0.022144670556668893
2021-12-14,52.67903518676758,53.47512745311817,52.405111317209325,52.43934935183153,22551100.0,-0.0014602643241120594,-0.0014613315491404807
2021-12-15,52.44791030883789,52.64479288223693,51.369332235780504,52.37942771003994,19961900.0,-0.0043874166850296215,-0.004397069642324808
2021-12-16,52.53350830078125,53.45800375693309,52.47358766181918,52.593428939743326,21187800.0,0.0016320572438313086,0.0016307268856914703
2021-12-17,51.38645935058594,52.456475600700955,51.09541479993743,52.173993008694424,44338100.0,-0.021834615415895486,-0.022076518352217783
2021-12-20,50.641719818115234,50.71876110484105,49.61450375024767,50.32499597954461,21819300.0,-0.014492913928739304,-0.014598962084151382
2021-12-21,51.78877639770508,51.94285896888304,51.12108743288708,51.14676677294013,19798900.0,0.022650427033473752,0.022397715017342227
2021-12-22,52.20823287963867,52.53351545963691,51.335099251654775,51.65182313867636,14058300.0,0.00809937038698183,0.008066746523434044
2021-12-23,52.23390579223633,52.93583608538271,52.21678514296081,52.36230576365776,13543300.0,0.0004917406926383538,0.0004916198278051035
2021-12-27,52.97863006591797,53.029992007917976,51.72029024306923,52.15685858649534,12593700.0,0.014257487782817435,0.014156805658206094
2021-12-28,52.807430267333984,53.338160572643325,52.559189028547785,52.995754134729545,12781000.0,-0.003231487835207769,-0.00323672036763976
2021-12-29,52.34518814086914,52.730391318805054,52.14830230781442,52.62767068905081,12733600.0,-0.008753353914870976,-0.008791889559480329
2021-12-30,52.03702163696289,52.73038995161386,52.01990098820943,52.405107421587665,11940300.0,-0.005887198324264764,-0.005904596193060673
2021-12-31,52.37942886352539,52.61911469916646,51.95998436565622,51.99422566580924,14072000.0,0.006580069646401121,0.006558515488367399
2022-01-03,54.39105987548828,54.44241855907084,52.39654827213822,52.42223087935953,24282400.0,0.03840498179550966,0.03768586452504544
2022-01-04,56.43693161010742,56.65949679610771,54.87042641205577,54.89610575450576,38584000.0,0.03761411782198287,0.036923960155350155
2022-01-05,57.13885498046875,57.875026518416206,56.90773439569894,56.92485177829471,34033300.0,0.012437305685052857,0.012360597770356646
2022-01-06,58.48280334472656,58.619768548874355,57.41278717804841,58.20887946729137,30668500.0,0.023520743716639148,0.023248393345812985
2022-01-07,58.962162017822266,59.2189684819472,58.191755687166825,58.65399687321622,23985400.0,0.008196574816534019,0.008163165335224773
2022-01-10,58.61119842529297,59.210404782808226,58.1660681046878,59.039204832335145,22760300.0,-0.005952352839829977,-0.0059701387056146134
2022-01-11,61.0765266418457,61.119329904469,58.70537348997238,58.970735431826185,32936100.0,0.04206240927994487,0.04120183528036597
2022-01-12,60.896759033203125,61.47028612621694,60.468752570202895,60.896759033203125,23045100.0,-0.002943317482618779,-0.0029476575597625755
2022-01-13,60.46018981933594,61.27340600688682,60.186265947842855,60.879640849794285,21043200.0,-0.007169005720471189,-0.007194826522306888
2022-01-14,61.52163314819336,61.7613156516515,60.43449339640455,60.477296642389966,23012900.0,0.01755607006906823,0.01740374253533462
2022-01-18,62.55742645263672,63.24223287769171,61.64149287934463,62.334861262335174,32841200.0,0.016836245259425064,0.01669608665769606
2022-01-19,62.58309555053711,63.225105142536165,62.10373047838612,63.1309432132409,26431600.0,0.00041032854700029375,0.000410244385263907
2022-01-20,62.72006607055664,63.66168554171086,61.85549769193036,62.06093897160922,26774600.0,0.0021886184889803317,0.0021862269523403705
2022-01-21,61.77845001220703,62.64302487805739,60.81115777713182,62.64302487805739,35995200.0,-0.015012995319398148,-0.015126831114742527
2022-01-24,62.30917739868164,62.55742191391861,59.758256180376875,60.67418968721539,41507000.0,0.008590817451226807,0.00855412636683968
2022-01-25,64.14104461669922,64.40640651655038,61.110758272895325,62.137971104653296,39278400.0,0.02939963733265949,0.028975755927012146
2022-01-26,63.490474700927734,65.05697986238904,62.908385672503535,64.56905277465553,35252400.0,-0.010142802002356288,-0.010194590704556708
2022-01-27,64.30369567871094,65.06554668794557,63.33639685758385,64.59473694926773,29174700.0,0.012808550914351846,0.012727215218058084
2022-01-28,64.4406509399414,64.73169872593105,63.30215220011347,64.17528902722219,30595700.0,0.0021298194417123106,0.0021275545915296857
2022-01-31,65.02274322509766,65.41650840037344,63.576079242451435,64.17529222897936,36085500.0,0.009032998218760468,0.008992444720517767
2022-02-01,69.1915283203125,69.77361738758398,65.28810482707878,65.44218741932302,61033100.0,0.06411272254053046,0.0621413275453108
2022-02-02,69.01174926757812,69.17438724676437,67.75340949816527,68.53237769346057,30299300.0,-0.0025982812794959065,-0.002601662670773348
2022-02-03,68.2071304321289,68.74641638432752,67.64215859861032,68.55809243982132,28529400.0,-0.011659157230306971,-0.011727658166652428
2022-02-04,69.68799591064453,70.64672593933302,69.22574827644465,69.22574827644465,32197500.0,0.021711300110905496,0.021478966660670836
2022-02-07,70.52690124511719,71.11755222708652,69.02887869270457,69.45688513625103,34949200.0,0.01203801778929492,0.011966137145121562
2022-02-08,68.70360565185547,70.62107295558421,68.41255783393022,70.42418709073527,34356300.0,-0.02585248410283658,-0.026192533114368387
2022-02-09,68.37470245361328,69.26616903667669,68.12370591803787,68.87669552476412,40106100.0,-0.00478727710316762,-0.004798772817653471
2022-02-10,67.71692657470703,68.96325252376819,67.32745301725606,68.13237075881452,28527700.0,-0.009620164407333265,-0.009666737121078748
2022-02-11,69.42196655273438,69.5171723722054,67.70827500877844,68.0458205129898,42002100.0,0.025178933307705487,0.024867166435650876
2022-02-14,68.35739135742188,69.10171744333303,66.68697124380634,68.87669154438181,34652800.0,-0.015334846420748227,-0.01545364120947421
2022-02-15,67.50054931640625,67.67365380705974,66.14171043026677,66.557154604574,25075100.0,-0.012534738731257877,-0.01261396128767002
2022-02-16,67.81214141845703,69.00653947964337,67.54383766999328,68.19296475428597,21733800.0,0.004616141723383649,0.004605520016172361
2022-02-17,67.70826721191406,68.47856395110519,67.46592095181965,67.92464284883877,23738800.0,-0.001531793634151457,-0.0015329680294609903
2022-02-18,66.95529174804688,67.65634684658566,66.54850440826104,66.78219384328183,23394800.0,-0.011120879249656768,-0.011183178539823271
2022-02-22,66.17632293701172,69.05844795913282,65.18099370256404,68.95458527791088,35947800.0,-0.011634163494745442,-0.011702369907321987
2022-02-23,66.44464111328125,67.05049698110128,65.89071989903888,66.17633738229996,25385000.0,0.00405459482124626,0.004046397103143284
2022-02-24,65.6051025390625,68.40067235930698,64.07315917343904,68.37470833671355,46199900.0,-0.012635158534266444,-0.012715660976120252
2022-02-25,67.3707275390625,67.50055426575663,66.00323828056764,66.37540470868461,28310300.0,0.026912921886658392,0.02655713853631862
2022-02-28,67.87271118164062,68.3141193492335,65.95129438498299,66.21960467675078,32204600.0,0.0074510645931062935,0.007423442535618082
2022-03-01,68.52183532714844,69.8027820071145,67.79481635441178,68.17563298635271,40002300.0,0.009563845825616646,0.00951840176900893
2022-03-02,69.69892120361328,71.10103775018258,69.0844151686769,69.75950611964193,44321400.0,0.017178259613815028,0.017032381562962332
2022-03-03,70.14033508300781,70.77214831548945,68.91997318503958,69.11904169865367,30196600.0,0.006333152246431828,0.0063131821093401885
2022-03-04,72.78012084960938,72.94456848011826,69.8114528471332,70.14899838103754,42802200.0,0.037635773531413896,0.03694483061487605
2022-03-07,75.402587890625,75.49779370362506,72.61566849901017,73.49847823388446,55207900.0,0.03603273820380992,0.035398743920831525
2022-03-08,75.97382354736328,79.20215142172619,73.93989358732371,77.07301563943587,72082300.0,0.007575809699885694,0.007547257367598953
2022-03-09,71.65495300292969,74.92655140716222,70.6250029115009,72.72817425754468,65466700.0,-0.056846823587089035,-0.0585265743193733
2022-03-10,73.87931060791016,74.15627120630884,71.75017476960875,72.71088328976764,44644200.0,0.031042621783444968,0.03057054441646395
2022-03-11,73.49848175048828,74.632294685939,72.67625689334112,72.76280583568382,35303400.0,-0.005154742975919113,-0.005168074496936665
2022-03-14,70.86735534667969,72.22619425727383,69.67296405435059,71.88864874850124,37462600.0,-0.035798377614665644,-0.03645485438878417
2022-03-15,66.8341064453125,68.52183373806876,66.0984306152203,68.21890917312024,47957900.0,-0.056912648731376025,-0.058596369388822504
2022-03-16,66.58311462402344,68.04581611660956,65.99457259771015,67.3447545273215,37812300.0,-0.0037554451557519908,-0.0037625145445957784
2022-03-17,68.35739135742188,68.50452519979616,66.70427838862561,67.66498670596854,34041900.0,0.02664754785679957,0.02629868592657475
2022-03-18,68.08908081054688,68.71224367366106,67.59574464445816,68.42662626085703,41461500.0,-0.003925113898394339,-0.003932837374926611
2022-03-21,71.1443099975586,71.42127056121936,69.01517442630508,69.34406963539398,33089300.0,0.044871059362846744,0.04389348963430325
2022-03-22,70.8327407836914,71.14432229708399,69.92396687234793,70.65098600142271,23132200.0,-0.004379397507374483,-0.00438901515858846
2022-03-23,71.94922637939453,72.93589878247602,71.87999119216434,72.13098112698736,27716300.0,0.015762281444291926,0.015639346823474107
2022-03-24,72.16560363769531,73.2647956257454,71.62033938271078,72.2348454297361,19871600.0,0.003007360456661612,0.003002847394209849
2022-03-25,73.74082946777344,73.99182605020748,71.6549713359428,71.76748431292562,22398300.0,0.021827931184314364,0.021593112816271267
2022-03-28,71.67227935791016,72.10503072532323,70.98853140500607,71.98386087070853,21552400.0,-0.028051625195880003,-0.02845258827364866
2022-03-29,71.29145812988281,71.39531422539713,69.03249560678677,69.94126945884406,27036300.0,-0.005313368452057099,-0.005327534596455814
2022-03-30,72.51181030273438,72.71087881586358,71.58572273976523,71.8886473438652,22079000.0,0.017117789492091084,0.01697293090260409
2022-03-31,71.48184967041016,73.04841371554116,71.44723538061803,71.7241959217763,27861500.0,-0.014204039700900672,-0.014305882610208227
2022-04-01,71.94058990478516,72.82339979143565,70.9625675855046,70.9625675855046,18671100.0,0.006417576440595374,0.006397071478261822
2022-04-04,71.97521209716797,72.40796347359655,71.01450351323555,72.32140791570126,20869400.0,0.00048126089080779977,0.00048114512192715635
2022-04-05,71.60304260253906,73.62831578848201,71.4559021223352,72.26947678844648,21753100.0,-0.005170800943614773,-0.005184215798491736
2022-04-06,72.39929962158203,73.30807346256577,71.7847935186517,72.2002311021696,24768200.0,0.011120435530413308,0.011059058097219045
2022-04-07,73.61099243164062,73.94853788830903,71.5857130883699,72.5550782940583,26122000.0,0.01673625043877336,0.016597742663622746
2022-04-08,75.16024017333984,75.48047850211286,73.71485246306652,73.71485246306652,24866500.0,0.021046418347612228,0.02082800176085499
2022-04-11,72.57238006591797,74.37262677036716,72.26945552508751,74.24280008050846,21800100.0,-0.03443123786530711,-0.03503796045254551
2022-04-12,74.08702850341797,75.14294283546977,73.8966168562268,74.18223432701356,22444200.0,0.02087086624586698,0.02065605346157534
2022-04-13,75.13426971435547,75.39392310497661,73.73215989412941,74.96117185611473,19306800.0,0.014135284301342699,0.014036312740557779
2022-04-14,76.01708221435547,76.56234638388163,74.63227960688128,75.01309619689937,24566400.0,0.011749798106194032,0.011681305224713995
2022-04-18,76.6402587890625,76.93452650702113,75.9478540594667,76.59698101723993,19032300.0,0.008197849174870653,0.008164429332309342
2022-04-19,75.9565200805664,76.7354738443419,75.53241899607318,76.17289575921173,20382600.0,-0.00892140396313057,-0.008961437971709875
2022-04-20,76.12960815429688,76.59698035222718,75.55837987011148,76.1382650292384,20689400.0,0.0022787783530218153,0.0022761858753384007
2022-04-21,75.3246841430664,77.72212984942782,75.11696538474153,76.98644741618591,29010900.0,-0.010573074402262517,-0.01062936649197878
2022-04-22,73.68022918701172,76.26808654768968,73.56771623347542,75.00445362595299,23591600.0,-0.0218315546193506,-0.02207338923744401
2022-04-25,71.19625854492188,71.54246096791324,68.62571430353313,71.29146437632605,37698300.0,-0.03371285173102745,-0.03429423400428996
2022-04-26,71.22220611572266,73.32537759064047,71.12700030631507,71.60302935335302,28941500.0,0.0003644513255482984,0.00036438492929559646
2022-04-27,73.25613403320312,73.9831595962892,71.2135475223684,72.17425586446694,32773000.0,0.02855749671915131,0.028157332018583257
2022-04-28,75.4718246459961,76.28539920915496,72.76280386480704,73.46385886303321,33683800.0,0.03024580319497505,0.029797417649240075
2022-04-29,73.78409576416016,76.28539771986907,73.30806669857097,76.28539771986907,34656500.0,-0.022362370192483105,-0.022616199276639586
2022-05-02,74.78809356689453,75.33335790596051,73.247493171095,73.57638843237503,36335200.0,0.013607238691973667,0.013515491565958373
2022-05-03,76.32867431640625,76.83931766685458,74.53708424760822,74.65825408002851,33908100.0,0.020599278254549214,0.020389982469891592
2022-05-04,79.36658477783203,79.52237550799785,76.95183836515305,77.46248172314831,46188400.0,0.03980038286571963,0.03902875517833538
2022-05-05,78.16353607177734,79.66951531888981,76.50177269902635,79.66085844415633,41013400.0,-0.01515812617390977,-0.015274184883750368
2022-05-06,79.35794067382812,79.47045364197965,77.33266102427193,78.74343458021056,29619300.0,0.015280841452131266,0.015165265307675278
2022-05-09,73.10034942626953,77.51441140321587,72.71952616598227,77.41055531641815,45851600.0,-0.07885274232704875,-0.08213536661198483
2022-05-10,73.58502960205078,75.20352187323788,72.28677567637179,74.1216436018387,34483200.0,0.006630340067937723,0.006608456042324879
2022-05-11,75.11698913574219,76.97782148460303,74.67558085688162,74.80540759810677,33020600.0,0.020818902186712007,0.020605150469387566
2022-05-12,75.4579849243164,75.52792931654643,72.92231558848772,75.15195069084528,29491500.0,0.004539529505875439,0.004529256918551391
2022-05-13,77.69636535644531,77.77505529906813,75.50169912099064,76.38481294552747,25798400.0,0.029663930654575177,0.02923246808245616
2022-05-16,79.52377319335938,80.42437790782786,77.7925281527439,77.80127370128409,26101200.0,0.023519862589846063,0.0232475324671471
2022-05-17,80.53805541992188,80.83533740583175,79.67243276994314,80.20579790551083,23120700.0,0.012754452987238318,0.012673800017422816
2022-05-18,79.26146697998047,81.24627956619659,78.54448542850913,80.88779212591041,25451200.0,-0.015850748236784784,-0.01597771481076895
2022-05-19,79.68991088867188,80.70418112219272,77.81876362287251,77.81876362287251,24387400.0,0.005405450151453994,0.0053908931403538725
2022-05-20,80.3194580078125,81.83211115682751,79.0428813217948,80.38066351087843,28795000.0,0.007899960134478246,0.007868918825641759
2022-05-23,82.09442138671875,82.86386292267444,80.92277132031582,81.0189523461727,27239300.0,0.022098796766452322,0.021858157135149745
2022-05-24,82.54034423828125,82.88134723991232,80.72165711564976,81.15884113526894,24293300.0,0.005431828911515391,0.005417129733774502
2022-05-25,84.20167541503906,84.40277640136698,82.60157972132889,82.69776077423394,29947800.0,0.02012750482311776,0.01992762421228651
2022-05-26,84.49895477294922,85.18970655330243,84.11423057353706,84.46397923928438,24314800.0,0.0035305634531004326,0.00352434564456626
2022-05-27,85.32958221435547,85.62687084606331,83.32728507620583,83.89561902138662,25588800.0,0.009830032142269296,0.009782031684003217
2022-05-31,83.9393539428711,87.24446493702757,83.68578634399395,86.17773457999283,44888100.0,-0.01629245374707211,-0.016426635197812033
2022-06-01,85.54817962646484,86.30888234545395,84.48145604920747,84.83119798488539,25815400.0,0.019166524496825543,0.01898516041490631
2022-06-02,85.39954376220703,85.77552236943606,84.63010211827564,85.06728623501171,19089100.0,-0.0017374520990021125,-0.0017389632194869098
2022-06-03,86.64114379882812,87.13954008875854,85.60065015226674,85.60065015226674,21038200.0,0.014538719786118426,0.014434045929114651
2022-06-06,86.42255401611328,87.24446229998244,86.27391301568171,86.71984268787672,20682100.0,-0.002522932790711807,-0.0025261207487765067
2022-06-07,90.38345336914062,90.43591333233437,86.99090010339819,87.17451664547693,37810200.0,0.04583177849949727,0.04481252909497966
2022-06-08,91.4501724243164,92.30705624787495,90.04244567352083,90.48836867972236,31613200.0,0.011802149789731153,0.011733047591499525
2022-06-09,89.4740982055664,91.43268107722577,89.32545721474446,90.42715632767168,26607000.0,-0.02160820659343632,-0.021845082413604153
2022-06-10,87.83901977539062,90.36594308667536,87.25319474107049,89.13308751700012,30950500.0,-0.01827432142897034,-0.01844335937707569
2022-06-13,83.80818939208984,85.48697471016035,82.12065852429714,85.2683826634043,33421000.0,-0.0458888361187072,-0.04697509033765904
2022-06-14,84.02677917480469,86.2739050880737,83.30105199811283,85.1722060051556,31264000.0,0.002608215071825404,0.002604819581725774
2022-06-15,82.96878814697266,84.43772681599519,81.55230942905477,83.9305917189864,29620800.0,-0.012591117239315386,-0.012671057086147377
2022-06-16,79.90850830078125,81.42990708258405,78.93795907681226,80.80036758973108,35696700.0,-0.03688471188430953,-0.037582156680139284
2022-06-17,75.30059814453125,79.87354048100445,74.8983895390734,79.53253738787933,64610200.0,-0.05766482511355986,-0.05939425571048656
2022-06-21,79.9872055053711,80.90528810863223,77.39906977481608,77.4515364027881,35951500.0,0.062238647186366514,0.06037861243989559
2022-06-22,76.82198333740234,78.48328409483611,76.53344025761082,76.54218580663766,29727200.0,-0.039571605833338075,-0.04037585013385782
2022-06-23,74.50489044189453,77.86246675867629,73.02720650695301,77.52146379998177,35757200.0,-0.030161846841823103,-0.03062607382037181
2022-06-24,75.98259735107422,77.29414964135432,75.02953255126938,76.02631175821027,26639000.0,0.01983369011638425,0.019639565096756226
2022-06-27,77.84500885009766,78.72812270286074,76.65586742585252,76.77827845444534,25478700.0,0.024511027050289513,0.024215451987150187
2022-06-28,80.00469207763672,81.52609091158892,78.99916729111482,79.67243455577822,33096900.0,0.027743374423630174,0.027365500094097973
2022-06-29,77.04932403564453,81.49110918252585,76.73455096692622,81.29875379244208,25400900.0,-0.03693993396192674,-0.03763949525786873
2022-06-30,74.88089752197266,76.59465851722668,74.03275923937899,75.31808165354461,39948100.0,-0.028143355452005192,-0.028546970431612074
2022-07-01,76.55093383789062,76.83947025613884,74.06772483479708,75.84269110353706,26327900.0,0.02230256809392439,0.022057502852335556
2022-07-05,74.1551513671875,75.80770642977245,72.58129289710116,75.49293340157544,34591100.0,-0.03129658059791396,-0.031796782668460984
2022-07-06,72.81737518310547,74.52239700130758,70.83256250724784,73.23707481138732,33375700.0,-0.018040232666479028,-0.018204941595767195
2022-07-07,75.1432113647461,75.86019308032394,74.58361620482682,74.65356059664136,23817400.0,0.03194067591412231,0.03144118082773039
2022-07-08,75.26561737060547,76.33234765773223,74.26009259154827,76.02631344648434,17673800.0,0.0016289695853590747,0.001627644253492387
2022-07-11,74.88089752197266,75.30059722347794,73.76170721249252,74.46994337095094,15603800.0,-0.0051114952892562515,-0.005124603669330097
2022-07-12,73.88410949707031,74.36501465328094,72.45014624878732,73.25456335472175,21013000.0,-0.013311646332896165,-0.013401040505688199
2022-07-13,74.181396484375,75.46671883341419,72.8348752977531,72.90481968537624,19928600.0,0.004023693177441334,0.004015619773402656
2022-07-14,72.69496154785156,72.84360252025243,70.5527624228538,71.5670259255351,26343000.0,-0.020037839768041188,-0.02024132007118752
2022-07-15,73.91908264160156,74.21636460429625,72.4851194395343,74.14642022365597,17243700.0,0.01683914631338257,0.016698939673442357
2022-07-18,75.28308868408203,76.89192938446632,74.97706119704937,75.70278828836891,19395800.0,0.01845269169659325,0.018284506608972455
2022-07-19,77.18048095703125,77.39907301518302,75.41426006236102,75.56290106088818,18248900.0,0.025203432883996513,0.024891064003925125
2022-07-20,78.02861022949219,78.38710436563319,76.28861951471613,76.57716259928335,16584400.0,0.010988908878827974,0.010928969531895446
2022-07-21,76.72578430175781,76.76950536573045,74.50488900408239,76.00880288053172,21375700.0,-0.0166967721698823,-0.016837734551035363
2022-07-22,76.13997650146484,77.35534763880375,75.74650685003688,76.55093057986994,15479500.0,-0.007635083898119843,-0.007664380367118658
2022-07-25,78.6756362915039,78.80678615597921,76.4372496549134,77.08428678385127,17536400.0,0.03330260799319107,0.032760088180783103
2022-07-26,78.36961364746094,79.81232240639622,77.81876412316906,79.68116585178402,15141200.0,-0.0038896748532050163,-0.0038972593122113953
2022-07-27,80.0658950805664,80.4418736699904,78.16851770480109,78.93795931229442,18047000.0,0.0216446318178376,0.0214137129356102
2022-07-28,81.00147247314453,81.53483762829926,79.57625465660826,80.59926388696068,20353100.0,0.011685092530804742,0.011617349052256204
2022-07-29,84.75251007080078,85.26838410785203,82.27804645858886,82.58407399505147,29825800.0,0.04630826432074908,0.045268029988550805
2022-08-01,82.61030578613281,83.37100180761563,81.51734559811766,82.8813577780727,20793200.0,-0.025275998113547415,-0.0256009230458308
2022-08-02,82.2518310546875,83.23986489631521,82.03323896549455,82.79394183741043,16722500.0,-0.004339346380987319,-0.004348788669969999
2022-08-03,79.58499908447266,82.55785261450946,79.38389811281026,82.55785261450946,23580800.0,-0.032422767201884195,-0.03296003008270504
2022-08-04,76.23616790771484,78.99042248824479,75.57164618681199,78.96419250875786,31821500.0,-0.04207867330881432,-0.04298962683529915
2022-08-05,77.33785247802734,78.42207367883059,75.44047538297005,75.51042642900231,17408000.0,0.01445094369966382,0.014347523963932666
2022-08-08,77.7750473022461,78.34338795605387,77.13676226359877,77.47776532170346,14458500.0,0.005653050999094633,0.005637132470288895
2022-08-09,79.20901489257812,80.1008742244463,78.64941975806877,78.73686191794228,19083400.0,0.01843737342594487,0.018269465767141117
2022-08-10,79.96096801757812,80.2582566699695,77.98490071838195,79.28770744891214,18302000.0,0.009493277072310402,0.00944849908766855
2022-08-11,82.27407836914062,83.2540577104147,80.72906674370876,81.08220686952028,18797900.0,0.028927993356133497,0.028517477101281476
2022-08-12,82.98918914794922,83.00684345852116,81.32057726670408,81.64723926586746,15058200.0,0.00869181147918896,0.008654255150578903
2022-08-15,81.50598907470703,81.86796648063145,79.15757477338663,79.92566199989155,20755200.0,-0.017872208277610824,-0.0180338449575309
2022-08-16,80.7467041015625,82.00919931983302,80.59661890603394,81.24993608446951,14038200.0,-0.009315695469305774,-0.00935935793606582
2022-08-17,81.40001678466797,82.29171085801879,80.26995251603671,80.5789534120352,13678000.0,0.008090889781504185,0.008058334018279906
2022-08-18,83.32467651367188,84.14574005299701,82.18578149230373,82.23875789645471,17770400.0,0.023644463539796545,0.023369262753782094
2022-08-19,83.05982208251953,84.04862515816082,82.81262131360921,83.13045279812698,16128600.0,-0.0031785833709043754,-0.0031836457974368302
2022-08-22,82.99801635742188,83.42178715138537,81.09985810023142,82.47712328418574,16019900.0,-0.0007441109738502982,-0.0007443879618360575
2022-08-23,86.52064514160156,86.88262250237833,84.26933994618179,84.35763170734779,23764700.0,0.042442324994971914,0.041566349414574294
2022-08-24,87.03270721435547,87.37702352661545,85.95561239724863,86.52947516292046,17050300.0,0.005918380196031192,0.0059009353801538975
2022-08-25,87.48296356201172,88.16277240447643,86.60893035741566,87.3328783448447,15305700.0,0.005173415398274317,0.005160079260644286
2022-08-26,86.40587615966797,88.20691898715293,86.00858343753283,87.20044813250672,15531400.0,-0.012311967479019637,-0.01238838765357965
2022-08-29,88.392333984375,89.66365338976178,86.64426054035752,86.67957590380115,23059200.0,0.022989846443270734,0.02272956164483838
2022-08-30,85.0285873413086,87.0680067459892,84.59598608274004,86.8384603342997,17086800.0,-0.03805473270635673,-0.03879772464014822
2022-08-31,84.3929443359375,85.49652404575392,82.62721680023122,83.01567901351572,18340900.0,-0.0074756387851017125,-0.007503721417339223
2022-09-01,82.87442779541016,83.9338616670623,81.479501367019,83.35999884670227,16423000.0,-0.01799340635021196,-0.01815725613922761
2022-09-02,84.3929443359375,85.45238489879085,83.96917349936895,85.06392268550636,18206800.0,0.01832310135855253,0.01815725613922762
2022-09-06,83.82791137695312,85.27580740551906,83.43945590256546,84.89618245473808,19201500.0,-0.00669526301553347,-0.006717776835858105
2022-09-07,83.11278533935547,83.51007129649486,81.48831942000345,82.27406754729887,16274700.0,-0.008530882206785662,-0.008567478463273792
2022-09-08,83.79261016845703,84.2428658765012,82.74200004492087,83.57189420877071,18759200.0,0.008179545738068894,0.008146274559449423
2022-09-09,85.19634246826172,85.63777429452215,84.15456308885852,85.21399677759749,17158000.0,0.016752459399255182,0.01661368468523688
2022-09-12,86.17633056640625,87.57125689810485,85.53183706975295,86.2116459244422,16118900.0,0.011502701521601155,0.011437048429413513
2022-09-13,84.16340637207031,86.3264199544121,83.79260519836306,85.2934709409207,18229100.0,-0.023358202665461736,-0.023635329443328613
2022-09-14,86.22930145263672,87.01504965680796,84.88735150690975,84.92266686544413,22655700.0,0.024546238913304874,0.02424982082945023
2022-09-15,83.72196960449219,85.23166578301789,83.03333696892422,84.94914965725371,21092300.0,-0.029077492289807494,-0.029508620559167805
2022-09-16,82.29170989990234,84.17220681855385,81.2234458229085,83.93383662604872,37874700.0,-0.01708344549640295,-0.017231051040859813
2022-09-19,82.28290557861328,82.53893689547373,80.34060786302453,80.34943838725184,15342100.0,-0.00010698916451934437,-0.00010699488826826303
2022-09-20,81.6119384765625,82.04453988780709,80.90564468473244,81.86796980770798,14712500.0,-0.008154392426136914,-0.008187821336388576
2022-09-21,80.29645538330078,82.88324644071545,80.22583140243158,82.60956083359311,17332400.0,-0.016118758086349105,-0.016250078325543958
2022-09-22,79.96096801757812,81.80615672187102,79.9168221366478,81.40003347731603,16139400.0,-0.004178109284166842,-0.00418686197105772
2022-09-23,75.70558166503906,77.25059353575415,74.911002784385,77.25059353575415,27738800.0,-0.0532182946009806,-0.05468672409022976
2022-09-26,74.14289855957031,76.12051141677921,74.06343732177993,74.9551315696738,22043400.0,-0.020641583765684257,-0.020857599024211568
2022-09-27,75.69674682617188,76.77384183237794,74.87568315223749,75.5819769471743,17307300.0,0.020957479364704268,0.02074089224743649
2022-09-28,78.4512710571289,78.8397332511359,75.85564955301973,76.0322263392573,19543300.0,0.036388938051491904,0.035742496213398894
2022-09-29,78.29237365722656,78.8927213996334,76.92393187012182,77.85094169180145,17896000.0,-0.0020254279855661528,-0.0020274819387199297
2022-09-30,77.08283233642578,78.61018959713893,77.08283233642578,77.84209570500468,21357600.0,-0.015449031167407146,-0.0155696109554938
2022-10-03,81.15281677246094,81.54127889406855,79.21051963585167,79.49303570546236,23881300.0,0.05280014125936394,0.051453415763834456
2022-10-04,84.11042785644531,84.18988909780018,81.85029877539273,82.31821549273103,22133700.0,0.03644495904901279,0.03579654878134743
2022-10-05,87.50946044921875,88.27754762828371,84.45475257344205,84.53420708063521,34857700.0,0.04041154800180902,0.039616354109584064
2022-10-06,90.10507202148438,90.21101809616796,86.81199401139739,86.93559439733698,29124700.0,0.029660925332431365,0.02922954933737806
2022-10-07,89.19573974609375,91.21749890820068,88.44530676976655,90.21986511479788,24507600.0,-0.010091909977873459,-0.010143178524737208
2022-10-10,87.26225280761719,90.0785904220713,87.15631346484446,89.60184317244573,16786100.0,-0.021676897842660026,-0.02191529320354361
2022-10-11,86.52064514160156,88.07448718524705,85.41706548418318,85.83201251308701,17804100.0,-0.008498607841933792,-0.008534926930416641
2022-10-12,86.90028381347656,87.32406139977773,85.84084995129798,86.07922021278748,12635800.0,0.00438783912502827,0.004378240626470275
2022-10-13,89.93733978271484,90.44939567925267,85.99093742896585,86.12336834913042,22019100.0,0.03494874626367217,0.03435190497295992
2022-10-14,87.57125854492188,90.26398897257138,87.43882763372561,89.27518587183333,15222000.0,-0.026308107883881493,-0.026660357912942977
2022-10-17,88.83375549316406,90.02562024264392,88.72780941527311,89.23104149775199,14283200.0,0.014416795752622003,0.014313861890864994
2022-10-18,88.99266052246094,90.36109516787376,87.60656483166898,89.6459777514691,14065400.0,0.001788791078511931,0.0017871930971034456
2022-10-19,91.63243103027344,91.80900108908848,89.37230194600424,89.38995625759935,20921700.0,0.029662788957143693,0.029231359275950997
2022-10-20,91.75602722167967,92.70069113813491,91.29694104832951,92.10034353562122,17649000.0,0.0013488258470999437,0.0013479169986774086
2022-10-21,93.45994567871094,93.9366928536652,91.7383642711387,92.21510471037791,22814100.0,0.018570098429770088,0.01839977948061231
2022-10-24,94.11326599121094,95.06676037256142,92.80663152999608,93.28337872067132,17024200.0,0.006990377618514065,0.006966058197736536
2022-10-25,93.47762298583984,94.75777962309073,92.76250541532788,93.94554648921088,15719800.0,-0.006754021323948645,-0.006776932947976564
2022-10-26,94.59002685546876,95.1992050320113,93.58356266379094,93.8131091374574,17383800.0,0.011900215624839117,0.01182996484263357
2022-10-27,94.9520034790039,96.74421589820216,94.8372268752398,95.7112668786223,18214000.0,0.0038267948066896817,0.0038194912543110765
2022-10-28,97.73301696777344,98.18327937796228,95.45523355278831,96.6382677753552,28169400.0,0.02928862358743678,0.028867906917098722
2022-10-31,97.83013916015624,99.68415859766664,96.6206200200415,96.67358969458186,26401800.0,0.0009937500692813739,0.0009932566265600437
2022-11-01,98.80130004882812,99.38398670708416,97.6888896739724,99.20741662536216,22213100.0,0.009927011215654202,0.00987806211873135
2022-11-02,96.77069091796876,98.96901965001408,96.50582911307464,98.5099334886752,20654200.0,-0.020552453559374406,-0.020766594393768593
2022-11-03,98.08616638183594,98.72182939262764,95.62297558287624,95.86135257978124,17103700.0,0.013593738469660055,0.01350217248959061
2022-11-04,99.15441131591795,100.20502118242236,97.82129209527623,99.76358937104604,17541500.0,0.01089088271554517,0.010832004159604633
2022-11-07,100.32862854003906,100.63762948238572,98.99550249081162,99.2427099804043,16008000.0,0.011842309470023515,0.011772738042175159
2022-11-08,100.64646911621094,101.22916243371162,99.41045849921954,100.18738292255378,14661000.0,0.0031679948265717073,0.003162987304044105
2022-11-09,96.14385986328124,100.01080050821872,95.85251322090302,99.85188477016838,19522800.0,-0.04473688240101881,-0.04576846063846626
2022-11-10,97.55644989013672,97.73301995583236,94.9696586869696,97.28276426759358,20146700.0,0.014692462200542211,0.014585573676256243
2022-11-11,100.60233306884766,101.08791088090284,99.31335265542084,99.39281390453742,20518900.0,0.031221750915916502,0.030744265240324725
2022-11-14,100.89601135253906,102.02627149730544,100.11283255307292,100.23742794572624,20858300.0,0.0029191995327824127,0.002914946943919757
2022-11-15,101.57238006591795,101.92836979685002,100.45102157990016,101.27869481859295,19373800.0,0.006703621920351344,0.006681252561759352
2022-11-16,100.48662567138672,101.68808512516472,99.55215343514844,100.95830919998596,13591000.0,-0.010689464929605985,-0.010747007694807579
2022-11-17,100.62012481689452,100.74472022079424,98.5642938626088,99.04487904476788,12425900.0,0.0013285265040581251,0.0013276447935529215
2022-11-18,99.74795532226562,100.10394509457444,97.54972577744444,98.69778922842174,15415000.0,-0.008667942881367297,-0.008705728002898996
2022-11-21,98.76008605957033,98.9647755936356,95.65408907315872,97.88791146459182,20973000.0,-0.009903654260417616,-0.009953021659810091
2022-11-22,101.61688995361328,101.87498236069706,99.16946968188844,99.86364598166,17719100.0,0.028926705190594815,0.028516225151336137
2022-11-23,101.10961151123048,101.41219840899193,99.76575332484578,99.96154804219272,11546700.0,-0.004992068175028397,-0.005004570171929435
2022-11-25,100.7536163330078,101.99957709393654,100.62011932470476,101.3498952748296,7136000.0,-0.0035208836519280418,-0.0035270965503217226
2022-11-28,97.72772979736328,99.19618355268086,97.55863989604283,98.4842107067282,23015500.0,-0.03003253526546823,-0.030492749558029587
2022-11-29,98.37740325927734,99.49876871284036,97.70992495428943,98.43970096281194,14453200.0,0.006647790379057605,0.0066257912637792985
2022-11-30,99.08937072753906,99.58775911901624,97.70101810043424,99.26736900661666,23158100.0,0.007237103691233759,0.007211041523843513
2022-12-01,98.6087875366211,99.73904769636006,98.0570030833186,99.35635990244408,14398300.0,-0.004849997405265594,-0.004861796809527358
2022-12-02,97.77220916748048,99.41865406795722,97.18482508096535,97.46072069278586,15248400.0,-0.008483811534848451,-0.008520003908825511
2022-12-05,95.09339904785156,99.10717011918292,94.28352897666132,98.51978600584376,19287700.0,-0.027398482068050733,-0.027780820318677468
2022-12-06,92.4501953125,95.26250724429124,91.80052021264764,94.24794073470596,21197000.0,-0.027795869764014713,-0.028189486039973472
2022-12-07,92.2455062866211,93.31346889543364,91.10634435990356,92.36120008576124,20061700.0,-0.002214046440756734,-0.002216501065348809
2022-12-08,92.93077850341795,95.04891401845458,92.29889985168684,94.58612525469007,21128800.0,0.007428786987927705,0.007401329450153441
2022-12-09,92.1476058959961,94.29243265541152,91.93401473923576,93.08207145053544,21298200.0,-0.008427483553181014,-0.008463195575902164
2022-12-12,94.41702270507812,94.55051971670584,92.1920951444162,92.4056930789966,20413200.0,0.02462806045816812,0.024329678892214168
2022-12-13,95.44939422607422,96.59745768470516,95.24469789890148,95.93888101500453,24305300.0,0.010934167286981822,0.010874821485904167
2022-12-14,94.7463150024414,96.38386522777829,94.11443638617808,96.10796959142549,17597300.0,-0.007365989374092385,-0.007393252234954384
2022-12-15,93.83854675292967,94.48822179676498,92.28999228555509,93.74064939729313,15365100.0,-0.009581040164869159,-0.009627233621218485
2022-12-16,93.17996215820312,93.96314099363364,91.78270794219364,92.28109632563306,54596600.0,-0.007018273593479174,-0.007043017516642526
2022-12-19,93.5982437133789,94.51491271069357,92.89516584409398,93.67834463010227,13611100.0,0.004488964638830861,0.004478919287997493
2022-12-20,94.95101165771484,95.68078763297866,93.5092561402687,93.59825188555644,14680000.0,0.014452920168870342,0.014349472276262017
2022-12-21,96.17025756835938,96.64194107999612,95.36928915460456,96.37495387205767,13565400.0,0.012840789048564671,0.012759045143978172
2022-12-22,94.23014068603516,96.28597861100808,92.64599316294196,96.01898455635472,13213000.0,-0.02017377234271367,-0.020380041757396584
2022-12-23,96.72205352783205,96.77544961779844,95.13790615271992,95.18240063104518,11539400.0,0.026444965736596826,0.02610134253408862
2022-12-27,98.06591033935548,98.31510114230746,96.8555491907828,97.24713182830445,11962100.0,0.013894006201354392,0.013798369331893427
2022-12-28,96.4550552368164,97.89681071167584,96.02787295607727,97.81671658026472,10702100.0,-0.016426249416996552,-0.016562656081399875
2022-12-29,97.1848373413086,97.64762609632892,96.1079731701187,96.1079731701187,10534000.0,0.007566032725816463,0.007537553858036034
2022-12-30,98.163818359375,98.34180986940662,96.65976497682652,96.65976497682652,11799600.0,0.010073392566664285,0.010022994120717315
2023-01-03,94.79082489013672,97.9146185995507,93.883050554968,97.70102743419248,15146200.0,-0.034360862541938264,-0.03496507826993344
2023-01-04,95.06671142578124,95.36930512671611,93.23337315579307,93.26897281413486,18058400.0,0.002910477210893214,0.002906249972297108
2023-01-05,97.19373321533205,97.85230986173872,94.61281592759984,94.63951397151716,15946600.0,0.022373991459790687,0.02212736560452648
2023-01-06,98.3685073852539,99.66786441329644,97.60313167436104,97.96802309487686,16348100.0,0.01208693329351962,0.012014469639820623
2023-01-09,96.53516387939452,99.35637056596836,95.94777970897223,99.35637056596836,17964600.0,-0.018637504569213537,-0.018813371431752195
2023-01-10,97.97692108154295,98.19051904725367,96.1257862416376,97.70993380931618,15104600.0,0.014935046921862538,0.01482461726566873
2023-01-11,99.11608123779295,99.1872737635608,97.08694147974909,98.77788788314876,16710400.0,0.011626821333790671,0.011559749236201268
2023-01-12,100.76250457763672,101.22528644976543,99.44534468168123,99.51654398198998,15357300.0,0.016611061689311146,0.016474607035121217
2023-01-13,100.7002182006836,101.0028050760818,99.81914882767964,100.66461854652972,12011400.0,-0.0006181503448550174,-0.0006183414785497379
2023-01-17,100.5044174194336,101.52788534715503,100.27302307639778,100.9316064535044,16542200.0,-0.0019443928200809646,-0.0019462856057442257
2023-01-18,98.43968963623048,101.56348964532926,98.25279654713084,100.7981140671462,16399700.0,-0.020543652072390173,-0.020757608259216923
2023-01-19,99.0715789794922,99.7924533715099,97.52303122295994,97.9591151449264,12928000.0,0.006419050543503113,0.00639853618025301
2023-01-20,100.87820434570312,100.95830526079745,98.43968587963327,99.10716408234848,16515600.0,0.01823555640094221,0.018071282718004827
2023-01-23,100.35314178466795,101.98178371536297,100.24634280972872,101.13631389773408,16584400.0,-0.005204915813487476,-0.005218508574432772
2023-01-24,101.28760528564452,101.47449839551795,93.33126853843952,97.14924524284352,13583000.0,0.009311751324952766,0.009268664239534681
2023-01-25,100.7536163330078,101.14520574671282,99.13386938078246,100.77141955541616,11914700.0,-0.005272006887030223,-0.005285952952770163
2023-01-26,104.80299377441406,104.82079020801444,101.75928759328454,102.09748094115469,21019700.0,0.040190889307857525,0.03940424372191758
2023-01-27,102.88956451416016,104.72290289825293,102.69376977606464,104.08212258810062,15179200.0,-0.01825739123800718,-0.01842611418796538
2023-01-30,101.06510925292967,102.782753633823,100.7002246568534,102.42676385940062,18672100.0,-0.017732170117013113,-0.01789126862586458
2023-01-31,103.24552917480467,103.5926172932483,98.27948977100316,99.76573958997344,27861800.0,0.021574408200739192,0.0213449747183651
2023-02-01,102.1152572631836,104.46477985223466,100.86929666839858,103.08532905688683,19464900.0,-0.01094741748775796,-0.01100778141963213
2023-02-02,98.92027282714844,102.40895733484687,97.74551144027286,102.21316263871104,24562100.0,-0.03128802219829563,-0.03178794780565279
2023-02-03,99.60555267333984,101.5545913357865,99.28516257019956,99.58775624091643,20226600.0,0.006927597615797643,0.006903712060993351
2023-02-06,99.43647003173828,100.6468244328054,98.18160757152626,99.99714935803748,13855200.0,-0.0016975222471389273,-0.001698964670623787
2023-02-07,102.27547454833984,102.62256272520544,99.69455706682248,100.0238488097203,16013300.0,0.028550938259326752,0.028150955631502186
2023-02-08,101.385498046875,103.08534597232118,101.32320034641018,102.3911696557302,18459700.0,-0.008701758709945717,-0.008739840089866335
2023-02-09,101.76817321777344,103.4502177112918,101.61687979114654,102.00846916824136,17439300.0,0.003774456685329053,0.0037673512974012177
2023-02-10,106.0578384399414,106.4672242697067,103.37903071974203,103.6905192000048,24918600.0,0.04215134345576321,0.041287176024093035
2023-02-13,105.6453094482422,105.98609829702671,103.94135151994386,105.57356226675456,14536200.0,-0.0038896605641535187,-0.003897244967363205
2023-02-14,104.4076919555664,105.65427012405458,104.04896289911068,104.9368188533308,12079000.0,-0.011714836173414067,-0.01178399552428712
2023-02-15,104.09380340576172,104.11173677905028,102.36294209044988,103.7799180568062,13663400.0,-0.0030063738018293318,-0.003010902021505557
2023-02-16,103.78889465332033,104.73055075905827,102.95485247841648,103.41222536883726,11360600.0,-0.00292917294272399,-0.002933471365723215
2023-02-17,99.79803466796876,102.40778169835008,99.52899302625718,102.40778169835008,20758300.0,-0.03845170524921748,-0.03921048666475819
2023-02-21,99.69939422607422,100.78454469583224,99.37653874919886,99.37653874919886,14469400.0,-0.0009884006455911365,-0.0009888894356160324
2023-02-22,98.40797424316406,99.52002814005934,97.43043775308824,99.08058864601152,13973800.0,-0.012953137708959228,-0.013037761150908428
2023-02-23,99.3137664794922,100.29130306570242,98.5604415584684,99.30480321294776,11289400.0,0.009204459733008541,0.009162356852497116
2023-02-24,99.32274627685548,99.51107752548256,97.77124573980062,98.0492644001263,14351000.0,9.041845538226845e-05,9.041436788012016e-05
2023-02-27,99.14337158203124,99.7801124333347,98.61424466254996,99.36757639624464,11710500.0,-0.001805978001496733,-0.0018076107458640858
2023-02-28,98.56941986083984,99.86980520544968,97.95061230842572,99.76218441827672,18107000.0,-0.005789108359266382,-0.005805930200790223
2023-03-01,99.44828033447266,100.31819605141936,97.96852728910262,98.031304359285,13200000.0,0.008916157514912593,0.00887664328553467
2023-03-02,99.90567016601562,100.17471184741072,98.80257942994994,99.20615221532488,10339900.0,0.004599273411311167,0.004588729071860651
2023-03-03,101.17017364501952,101.67239705905212,98.6052701379182,98.69495753333706,13006700.0,0.012656974092688067,0.012577544122623158
2023-03-06,102.06700897216795,102.09391245816506,100.32718406986432,100.43479801385271,14347400.0,0.0088646218034103,0.008825561709139727
2023-03-07,100.09400939941406,101.49304541266594,99.69940669118868,101.17018989542494,11525300.0,-0.01933043392397138,-0.019519709923524885
2023-03-08,98.63217163085938,100.82040567096658,97.81606293249368,99.7531955513483,13509800.0,-0.0146046479437284,-0.014712345692540393
2023-03-09,97.86988830566406,100.65003362531812,97.7802077435887,99.43035882296608,12961200.0,-0.007728546503550926,-0.007758566493032586
2023-03-10,96.6591796875,99.582812419328,96.09418601139636,98.25551689106504,15795700.0,-0.012370593643499572,-0.012447746380782975
2023-03-13,95.54712677001952,96.73092794416966,93.01809667787208,94.4709395303088,20745600.0,-0.011504886768910705,-0.011571580004232179
2023-03-14,95.9058609008789,97.76227663179726,94.1301556250408,95.37673394066194,18263500.0,0.0037545255727349236,0.003747494933910649
2023-03-15,91.13477325439452,93.4485616839452,89.879224955159,92.21095360106054,25733800.0,-0.04974761293697605,-0.05102765907907647
2023-03-16,90.60564422607422,91.18857808445073,87.90621647223654,88.88375297484102,27465200.0,-0.005806005868290054,-0.005822926245353365
2023-03-17,89.53842163085938,91.1257953753422,88.91065095586951,90.22000610812496,43199500.0,-0.011778765046380202,-0.011848684283228534
2023-03-20,91.8791275024414,91.90603782681596,89.23351350719368,89.35009754406575,32042100.0,0.02614191571560287,0.025806056594249078
2023-03-21,95.99552917480467,96.21076386965078,93.38578198631896,93.42165557582456,31592300.0,0.04480235918929343,0.04382773756704897
2023-03-22,93.79834747314452,96.12111351757,93.77144398310934,95.78032457347452,14952700.0,-0.02288837532901311,-0.02315438098769114
2023-03-23,92.74008178710938,95.36775561715244,91.87016602116915,94.48887658510102,14385900.0,-0.011282348938376874,-0.011346477440165812
2023-03-24,92.84768676757812,93.13466862579388,90.49802494161996,91.00024148295076,13401600.0,0.001160285589522747,0.001159612978428485
2023-03-27,94.88346862792967,95.49330592246706,93.18848098500132,93.93283567803527,14805900.0,0.021926037483816163,0.021689118794565303
2023-03-28,96.06727600097656,96.54258908635192,94.33641465626654,94.56061945821246,11047600.0,0.012476434411235582,0.012399245072128359
2023-03-29,97.7174301147461,97.8967980800734,96.39910464889064,96.91029137624396,14219100.0,0.017177067805615343,0.017031209881512566
2023-03-30,98.19273376464844,98.26448094384932,97.3228180328535,98.24654757014292,11578200.0,0.004864062116085144,0.00485227078633243
2023-03-31,98.34519958496094,98.80257246374138,97.7981393098508,98.36313295891424,14418000.0,0.0015527199871829822,0.001551515763890239
2023-04-03,104.14762115478516,104.79333213505096,101.44820003199074,101.69033822849634,28087700.0,0.05900055716305164,0.057325592740992797
2023-04-04,103.15215301513672,104.65880971486472,102.389857977542,104.26421387501834,16365500.0,-0.0095582417400486,-0.009604214915649435
2023-04-05,104.91889190673828,104.92786201588576,102.51541581935352,103.44810874722404,16479500.0,0.017127503788915588,0.01698248166509735
2023-04-06,103.1790542602539,105.08927674052394,102.9279391305777,104.80229486308168,15778000.0,-0.016582691780913095,-0.016721723773697045
2023-04-10,102.72169494628906,104.19247821561878,102.389869304942,102.93692968657928,13006600.0,-0.004432675965523214,-0.00444252940247439
2023-04-11,103.4480972290039,104.21039220913876,102.57818147764772,103.09833827526924,11758500.0,0.007071556627785913,0.007046670425131804
2023-04-12,103.34048461914062,104.56015249761312,103.07143610874668,104.17452679073648,10919000.0,-0.001040257024980007,-0.0010407984678447483
2023-04-13,103.8247528076172,103.93237357173044,102.35396990900604,102.77547601571544,12399700.0,0.004686142030989382,0.004675196249758536
2023-04-14,104.07588958740234,104.62294994502147,103.24184730793289,103.94136531480622,11530800.0,0.0024188526627217932,0.002415931947524822
2023-04-17,102.86516571044922,104.48841321309042,102.61405741404629,103.57365374226492,13260400.0,-0.01163308698828236,-0.011701280729775507
2023-04-18,104.87403869628906,105.11617686801522,102.5064365723974,102.58714701557696,17436100.0,0.019529186308750335,0.01934093868414779
2023-04-19,104.54222869873048,104.83818071883373,103.82477050009018,104.10278914421224,10682600.0,-0.00316389071769696,-0.003168906402112686
2023-04-20,103.70817565917967,103.74404924959764,101.54684486345252,103.25079593408536,17038700.0,-0.007978144812221144,-0.008010140500659652
2023-04-21,104.04000091552734,104.82022926758272,103.3673864922036,104.4704703148294,14315300.0,0.003199605568592334,0.003194497723188649
2023-04-24,106.00402069091795,106.6228280933212,103.92340053861156,103.95927412563942,15831300.0,0.0188775447722771,0.01870157505888529
2023-04-25,104.49737548828124,105.59149606267934,103.69920690706056,105.42110505870058,12179800.0,-0.014213094869577891,-0.01431506829429593
2023-04-26,103.53778076171876,105.008563799772,102.84723294253769,104.0579375743002,15566100.0,-0.00918295528551416,-0.009225378532982657
2023-04-27,104.77539825439452,104.93682599868217,103.02659655091402,103.69024774531206,16279200.0,0.011953293605200921,0.011882417236180737
2023-04-28,106.12958526611328,107.54656130328291,104.77539314405982,105.15205558163017,24381900.0,0.012924665849809447,0.012841855126831706
2023-05-01,102.83826446533205,105.19690353398629,102.64096313038276,104.0220656328396,17355000.0,-0.03101228363917996,-0.03150334378594058
2023-05-02,98.7397918701172,102.18358113228764,98.01337051263052,102.18358113228764,24324100.0,-0.03985357606454443,-0.04066948121823383
2023-05-03,96.79369354248048,98.4797111232598,96.64123592531055,97.82503695908908,16212300.0,-0.0197093622619402,-0.019906182164979067
2023-05-04,95.09872436523438,97.52910397424252,94.98214031332664,96.7668088978241,17177200.0,-0.01751115300194872,-0.017666286959078736
2023-05-05,97.46631622314452,98.13893065967464,96.43497271869413,97.34973218400027,14968200.0,0.024896147384871448,0.024591287832675952
2023-05-08,97.8519515991211,99.52003599725452,97.78917452358652,99.09852984344182,11187800.0,0.003956601530868298,0.00394879476842147
2023-05-09,97.87884521484376,98.85638168354552,97.04480309986192,97.16138713061883,11370800.0,0.00027483985023457613,0.0002748020886816989
2023-05-10,96.62329864501952,98.65908205965071,95.69957596422046,98.41693704414394,14884800.0,-0.012827558059847588,-0.012910541597324014
2023-05-11,94.87450408935548,95.79822677158197,94.10323902916517,95.5022747931441,17165900.0,-0.01809909804558485,-0.018264890226588133
2023-05-12,94.86553955078124,95.96863024326872,93.96872029718386,95.3408526604378,12613300.0,-9.448838400050175e-05,-9.449284830907635e-05
2023-05-15,95.04647064208984,95.82442841311271,94.60321788003856,95.44449747421162,13715600.0,0.0019072372556501183,0.0019054207879320084
2023-05-16,92.7397232055664,94.81126103233692,92.28742255085388,94.648432520578,14795200.0,-0.02426968009374908,-0.02456904232158446
2023-05-17,94.82030487060548,95.19119470415308,93.03823926398098,93.52672477809836,14064700.0,0.022434633112148328,0.022186678394629872
2023-05-18,95.67967987060548,95.80633040654976,94.19613423791458,94.5760720426265,12005600.0,0.009063195917506484,0.00902237163761519
2023-05-19,96.12293243408205,96.8375682622344,95.72490566864022,96.40335661797424,13359600.0,0.00463267189100125,0.004621974093443397
2023-05-22,94.95599365234376,96.82851795067934,94.87457595160232,95.74299231733885,12882000.0,-0.012140066394026539,-0.012214358889536063
2023-05-23,96.24958801269533,97.8959622448184,95.66159573660262,95.87869813491533,14394400.0,0.013623093294012678,0.013531133204492661
2023-05-24,97.32605743408205,98.15829593409748,96.54810661052528,97.13609197584088,16340300.0,0.011184145757015873,0.011122065645353148
2023-05-25,95.5801773071289,96.27671727608002,94.720801925471,95.83346456856567,14316500.0,-0.017938465535148218,-0.018101310203043803
2023-05-26,94.95599365234376,96.7471002499379,94.82935003035466,96.31289551784953,12370300.0,-0.006530471823456119,-0.006551888646802161
2023-05-30,94.1147232055664,94.18709296834412,92.82114302754655,93.43627220803629,11938000.0,-0.008859582364620922,-0.00889906181841573
2023-05-31,92.43215942382812,93.2101170797607,92.03413265059004,92.53166611713765,24926100.0,-0.017877795571509147,-0.018039533942038256
2023-06-01,93.49958801269533,95.50780394049818,91.59992672207854,92.04317941285844,13551900.0,0.011548238140501876,0.011482066197395191
2023-06-02,95.67063903808594,96.00533711474354,94.5579763603257,95.12787961787431,14112000.0,0.023219899376410336,0.022954419272047808
2023-06-05,95.2454605102539,96.96420415854875,95.0645361305832,96.96420415854875,10628000.0,-0.004444190319067176,-0.004454095089547299
2023-06-06,96.0234375,96.13198524818586,94.06045416928347,94.21423474692062,12209800.0,0.00816812670733369,0.008134948109262905
2023-06-07,98.17638397216795,98.5020410121534,96.54810567380136,96.60237954661208,16027100.0,0.022421051862134833,0.022173395061127667
2023-06-08,97.86882019042967,98.72818869408904,95.79728231465374,98.39348371712212,13517100.0,-0.0031327674670261763,-0.00313768485573661
2023-06-09,97.1451416015625,98.24875638890654,96.93708714913188,98.11306480165656,12251600.0,-0.007394373279038913,-0.007421847175750946
2023-06-12,96.26765441894533,96.84659861299802,95.48969686414462,95.7158471556202,14112000.0,-0.009032743873246485,-0.009073786442469508
2023-06-13,96.28575897216795,98.00449582080898,96.14101945984967,97.13607945157862,13533800.0,0.0001880647589462825,0.00018804707698637135
2023-06-14,95.12787628173828,97.7964473634356,94.43132941395356,97.19940719104868,16627700.0,-0.012025482301742718,-0.012098373370266835
2023-06-15,95.78822326660156,96.8194681120908,95.38115547553568,95.43542934059522,16224100.0,0.006941676937131991,0.006917694419741739
2023-06-16,95.10071563720705,96.5842609589499,94.94693509933882,96.21337807929368,43128900.0,-0.007177371141763644,-0.0072032523838922394
2023-06-20,92.9206314086914,94.77505962877724,92.3778720979726,94.693648837871,17514100.0,-0.0229239518746871,-0.023190791559892746
2023-06-21,93.9609375,94.6484295041292,92.56785069969597,92.72163126102276,13285700.0,0.011195641651777333,0.011133434325789093
2023-06-22,93.44532012939452,93.97903160122998,92.85732788470972,93.02919744431144,12455300.0,-0.005487571583728479,-0.005502683615599078
2023-06-23,92.63117218017578,93.0111030602852,91.9255842880983,92.80304172981002,17933600.0,-0.008712559902319117,-0.008750736156023684
2023-06-26,94.3408660888672,94.9017213537684,92.45024586955628,92.45024586955628,14283400.0,0.018457003926992455,0.018288740699868557
2023-06-27,94.5760726928711,94.63034656467718,93.41817718237732,94.123772023659,13227500.0,0.0024931571412789566,0.002490054381055905
2023-06-28,95.344970703125,95.72490156207878,93.35484386285157,94.35895177691486,13084100.0,0.008129942260880707,0.008097072313967335
2023-06-29,96.52095794677734,96.54810178364964,95.10073415244968,95.58017864868188,11364400.0,0.012334024909546715,0.012258580545956903
2023-06-30,97.01849365234376,97.58839001161392,96.62046685450144,97.08181547004044,13544700.0,0.005154690920502025,0.005141450980301412
2023-07-03,97.20846557617188,98.113066975803,96.85567158244062,97.23560251391106,7397000.0,0.0019581001175801305,0.001956185538429274
2023-07-05,96.71094512939452,97.6245876323011,95.97821325579322,97.36225238145144,12491200.0,-0.005118077359090756,-0.005131219578124448
2023-07-06,93.10155487060548,95.63444101906003,92.65830221017174,95.06453783980002,17961400.0,-0.03732142472560729,-0.038035697276654575
2023-07-07,93.31866455078124,94.07852625780724,91.8712970871058,92.19695407627682,21929200.0,0.0023319662112786244,0.002329251397823017
2023-07-10,94.70270538330078,94.7569792488344,92.94777678107624,93.1467901567792,14877600.0,0.014831339895208018,0.014722431095458878
2023-07-11,95.860595703125,96.03247214936866,94.81125493888344,95.21832964289848,12576500.0,0.012226581227408051,0.012152440298128467
2023-07-12,96.33098602294922,97.38032679487956,96.00532901797496,96.79233459692271,13238200.0,0.004907024793388448,0.004895024588085956
2023-07-13,94.56702423095705,96.09580269305005,93.46340949985276,95.8606044139064,26826800.0,-0.018311468249395224,-0.01848119838245116
2023-07-14,91.31046295166016,94.12377371689408,90.9395730834851,94.12377371689408,28181900.0,-0.03443654176262889,-0.035043453496746056
2023-07-17,91.7084732055664,91.97080839901436,90.65913933333448,91.1114399630944,18051300.0,0.004358867987745985,0.004349395638516633
2023-07-18,91.29237365722656,92.45026237066811,90.7677031772105,91.29237365722656,24617800.0,-0.004537198513894669,-0.004547522839919386
2023-07-19,91.92559051513672,92.63117845501073,91.18381769353066,91.40996802818567,15556500.0,0.006936141898201464,0.00691219752327784
2023-07-20,93.54483032226562,93.77098066316476,92.594996129865,92.7578246513748,15740200.0,0.017614679416851686,0.01746133902724024
2023-07-21,93.97903442382812,94.42228715630804,93.4091380534968,94.22328065508488,17121500.0,0.0046416685996077955,0.004630929275346939
2023-07-24,95.45352172851562,96.03247288319834,94.04234597422372,94.40418785781544,15090900.0,0.015689534519346404,0.01556772619786541
2023-07-25,95.59825134277344,95.9691342314168,94.5670065673428,95.03739613620834,14116100.0,0.0015162312677099443,0.001515082949678612
2023-07-26,95.06455993652344,95.6344632482513,94.65749205805596,95.08265582980177,15159600.0,-0.005582648204896734,-0.005598289425504113
2023-07-27,95.36306762695312,96.7832913954252,94.74793846535988,95.88773803863332,17677900.0,0.003140052303708174,0.003135132635459879
2023-07-28,94.2232666015625,95.12786782361331,92.55879676417798,95.08263500188691,17566400.0,-0.01195222693390452,-0.012024229097487987
2023-07-31,97.00945281982422,97.57030817594908,95.1550240789804,95.1550240789804,24197000.0,0.029570044838750142,0.029141282897083922
2023-08-01,96.4486083984375,97.08182664831487,95.4625892361298,96.74712162963036,14177400.0,-0.005781337849914192,-0.005798114475724766
2023-08-02,95.2454605102539,96.2314724986114,94.59414654655822,96.1229247723684,13484100.0,-0.01247449712507298,-0.01255295684420904
2023-08-03,96.90088653564452,97.58837850340376,95.25451256812056,95.78822398268836,16280400.0,0.01738062912943117,0.01723131364342772
2023-08-04,97.17227172851562,98.81864584791496,97.09086092280768,97.66075726744424,14279600.0,0.0028006471619976825,0.002796732656796705
2023-08-07,96.9732666015625,98.0768814056431,96.3490963332442,97.60649171781183,12410800.0,-0.002047962072031395,-0.002050062013913025
2023-08-08,97.45269775390624,97.47078674260132,94.83839373685048,95.92391940067392,14065600.0,0.004943951762639731,0.004931770565460572
2023-08-09,99.1081085205078,99.88606613019871,97.97735698334772,98.33919885555088,19919600.0,0.016986813138635926,0.016844150550338253
2023-08-10,99.61469268798828,100.98063561395394,98.99956355850844,99.67801449977767,15837200.0,0.0051114300842061144,0.005098411070460054
2023-08-11,101.16156005859376,101.37866242747624,99.55137092805884,99.84084305375544,14047000.0,0.015528506175796375,0.01540917271846419
2023-08-14,101.24297332763672,101.29725409735089,100.21172842334823,101.0258709534602,12973400.0,0.0008047846335683673,0.0008044609680575319
2023-08-15,98.64373016357422,101.10617248409145,98.47044476300184,101.00585008987956,14909600.0,-0.025673319131501393,-0.02600863027168508
2023-08-16,96.98384857177734,99.7107834031121,96.92912979861842,98.75316312402153,13695100.0,-0.016827035930660816,-0.01697021900368793
2023-08-17,98.86261749267578,100.45864681165028,97.9688380124704,97.9688380124704,16709500.0,0.019371977381450023,0.01918672922033315
2023-08-18,100.35832214355467,100.5042412026177,98.1512433194436,98.16948059252567,16224000.0,0.015129122501634118,0.01501581869002365
2023-08-21,99.14533996582033,101.21562188296136,98.62549069712657,100.65016899355555,11092400.0,-0.012086513124434983,-0.012160148959339088
2023-08-22,98.58900451660156,100.06647408509482,98.4522006190889,99.56486211359348,10518800.0,-0.005611312134393365,-0.005627114689433325
2023-08-23,97.72260284423828,97.85940675773102,96.41841852412811,97.62228043821932,11435600.0,-0.008788015221488421,-0.00882685755939857
2023-08-24,96.99295806884766,98.2880198914566,96.73759454981312,97.05679894860629,10818500.0,-0.0074664893704644575,-0.007494503132303715
2023-08-25,98.72579956054688,99.34597114327109,97.23921496816642,97.97794620709722,13579300.0,0.01786564227136167,0.017707927366226003
2023-08-28,99.55574798583984,100.35832019040564,98.89909483749722,98.90820999479313,10382100.0,0.00840660120239356,0.008371462524395669
2023-08-29,100.14854431152344,100.34006696960807,98.88084174743844,100.01174738298778,9665000.0,0.005954415869266594,0.00593675839372586
2023-08-30,101.1244125366211,101.36153883474393,100.303603045974,100.7231299068772,11922100.0,0.009744207784609493,0.009697039158336447
2023-08-31,101.40714263916016,101.616902590926,100.88729338034054,101.34330174625724,17479800.0,0.0027958639802894147,0.0027919628223043694
2023-09-01,103.53214263916016,103.80575045862152,102.32828075817466,102.32828075817466,14843500.0,0.020955131410826278,0.020738592488019167
2023-09-05,103.541259765625,105.63890105871393,103.5139003766245,104.06110903104124,18304000.0,8.806083050583169e-05,8.80569533785107e-05
2023-09-06,104.4350357055664,104.5079917543898,103.26765542676844,103.49565960491287,13325500.0,0.008632075193643063,0.008595031853855956
2023-09-07,103.92430114746094,105.6571342851903,103.6962969703422,104.56271701827454,13248500.0,-0.004890452276431256,-0.004902449669265943
2023-09-08,105.43826293945312,105.83955255856968,104.26176043097264,104.4532831242412,14283200.0,0.014567928533327335,0.014462835689608627
2023-09-11,104.1158447265625,106.41412407821292,103.57775117824995,105.95811566288944,14383600.0,-0.012542109249751299,-0.012621425394297075
2023-09-12,107.1528549194336,107.31701822640989,105.12817645277134,105.19201735225457,20145800.0,0.029169529391488203,0.02875219487708556
2023-09-13,106.19523620605467,107.58149865159244,105.70274630933926,107.07989359692483,13472800.0,-0.008936940729194154,-0.008977114718144519
2023-09-14,108.09222412109376,108.2199128699088,107.00692890031942,107.20757370228289,15210700.0,0.01786321103291577,0.017705538798178783
2023-09-15,106.43234252929688,108.08309743234295,106.24994197868187,107.52676670739176,34568400.0,-0.015356160956937592,-0.015475287925423865
2023-09-18,107.2896499633789,107.83685862200694,106.43235199137575,107.18932756418128,14045300.0,0.00805495222324959,0.00802268425772224
2023-09-19,107.00691986083984,108.38406005228008,106.35026673102549,108.18342222540136,12562900.0,-0.0026352038862608174,-0.002638682147984891
2023-09-20,106.1587371826172,107.636199670832,106.08577418222433,106.28641895423736,11879900.0,-0.007926428303194677,-0.007958009430412305
2023-09-21,104.6630401611328,107.04340434392124,104.51711414682862,106.68771838172393,14400600.0,-0.014089250316829394,-0.014189446039170743
2023-09-22,104.82720184326172,106.41410895478016,104.70863521892096,105.52945164147714,13197300.0,0.0015684780594580339,0.001567249282451915
2023-09-25,106.0037078857422,106.38675324346022,104.72688306854658,104.96400240915176,11316000.0,0.011223289583171425,0.011160775774159469
2023-09-26,106.16785430908205,106.45969933880696,105.2193562229424,105.33791587440946,11805400.0,0.0015484969970744888,0.0015472993118480825
2023-09-27,109.62440490722656,109.8980127013554,107.07076231394343,107.51764855009432,23976200.0,0.0325574122283907,0.03203864937096318
2023-09-28,108.9586410522461,110.08041774600493,107.79126073822836,109.42377153797162,16808100.0,-0.006073135407612007,-0.0060916519012985644
2023-09-29,107.23493194580078,108.69415736520747,106.4597190940662,108.62119435470322,18813600.0,-0.01581984769449163,-0.015946317075987548
2023-10-02,105.4564971923828,107.42645676636388,104.47152436352808,107.18933045657673,14395000.0,-0.016584472253098004,-0.016723534270402563
2023-10-03,105.638916015625,106.19524686452198,104.90929973434278,105.28322999198748,13297100.0,0.0017298016537512506,0.0017283072699474519
2023-10-04,101.68985748291016,104.05197728991784,100.7778408238706,104.015502746715,19622200.0,-0.037382611273015565,-0.03809925794324602
2023-10-05,99.40069580078124,101.1426509959086,99.1362101291482,100.13943404159592,20128800.0,-0.022511209463673687,-0.02276845467038741
2023-10-06,97.74082946777344,98.744046460503,95.86207726549073,96.42753013251134,25367500.0,-0.016698739577583055,-0.016839735367887465
2023-10-09,101.160888671875,102.20970924753648,99.88406392577126,100.72312456118148,22369900.0,0.034991100676398545,0.034392828300074854
2023-10-10,100.73223114013672,101.64424774424164,100.4312709489643,101.25208032615116,13892000.0,-0.0042373840064678925,-0.004246387160291584
2023-10-11,97.1206512451172,97.74082284630396,95.60670722224452,97.54930018451412,57939000.0,-0.035853270141462,-0.036511786557442714
2023-10-12,97.10243225097656,98.3518908451876,96.75586140505489,98.12388663945435,31183000.0,-0.00018759135062484944,-0.00018760894808305244
2023-10-13,100.20328521728516,100.50424546378002,98.35188532579522,98.52517073903148,30276500.0,0.03193383414221751,0.03143455080069
2023-10-16,100.27622985839844,100.94200508758496,99.52837646900072,100.77784180902768,18452000.0,0.0007279665627240028,0.000727701723587344
2023-10-17,101.58953857421876,101.96346875714056,100.02999086880726,100.07559448657558,19775400.0,0.013096909583406369,0.013011886617217059
2023-10-18,103.01227569580078,103.41356524007352,101.87225490696662,101.9816994076232,23380300.0,0.01400476015099339,0.013907599586960187
2023-10-19,103.07611846923828,103.94253845949945,101.53481506604088,102.80251764978856,20972500.0,0.0006197588880185734,0.0006195669167920885
2023-10-20,101.30681610107422,103.3497315485986,101.04233042467716,102.98492347914974,22445300.0,-0.017165007709250224,-0.017314034277502395
2023-10-23,99.82022857666016,101.19737579084462,99.11797875430068,100.89640859920392,18185000.0,-0.014674111591177486,-0.014782841352760161
2023-10-24,98.8534927368164,100.15767693810204,98.60725128147344,100.04823242565216,16786100.0,-0.009684768845237723,-0.009731971229056264
2023-10-25,99.03588104248048,99.865819503372,98.6163542338808,98.972040157653,22047300.0,0.001845036534517508,0.0018433365453175913
2023-10-26,98.13298797607422,98.8078783338569,97.12977107490867,97.99618408997556,18768300.0,-0.009116827728517629,-0.009158640328632403
2023-10-27,96.26337432861328,100.19416444081128,95.72528080785528,99.30950704708324,23092000.0,-0.019051836553848456,-0.019235661336684296
2023-10-30,96.5643310546875,97.05682093501882,95.95328150169952,96.4366492662463,19379900.0,0.003126388703629246,0.0031215117127350997
2023-10-31,96.5369644165039,96.81969431950974,95.34222478945902,96.29072297389632,22185200.0,-0.000283403176770225,-0.00028344334303953816
2023-11-01,96.3454360961914,97.74082042475705,96.18127282470518,97.15713033905814,28984900.0,-0.0019839894642446065,-0.001985960178357157
2023-11-02,99.51013946533205,99.5831024689174,96.21775872849298,96.56432255832104,25212700.0,0.03284746530163596,0.03231951737733576
2023-11-03,98.2971649169922,99.2091816736288,97.16626608704078,98.86261781103572,30555600.0,-0.012189456821758649,-0.012264357538929044
2023-11-06,96.55520629882812,98.74404071631338,96.46399906632048,98.65284044194064,19097300.0,-0.017721351573416033,-0.017880254843582882
2023-11-07,95.041259765625,95.63407201408336,94.20220606898545,95.2783860566354,20272500.0,-0.015679595034136407,-0.015803820128171636
2023-11-08,93.87388610839844,95.67056025274304,93.83740460274107,94.6035023052742,19184100.0,-0.012282809172619813,-0.01235886631177362
2023-11-09,93.90123748779295,94.82237629218966,93.81003721049734,94.54876850216765,18380500.0,0.0002913630246748067,0.0002913205867117683
2023-11-10,94.62173461914062,95.22366899373122,93.85564391490028,94.78589790692575,17825500.0,0.007672924773130196,0.0076436376026125475
2023-11-13,95.61580657958984,95.88941431301356,94.67643069730671,94.8953196672992,15308400.0,0.01050574653329317,0.01045094466703442
2023-11-14,95.98397064208984,96.47175841489444,95.59742263591588,95.99317617226411,18260500.0,0.003850451883115724,0.0038430578673871
2023-11-15,95.40416717529295,96.77549652377782,95.256906750932,95.68026993832451,20137600.0,-0.0060406280644389465,-0.006058946465163813
2023-11-16,94.29972076416016,95.04520723963894,93.09405606495127,94.70467984800663,22469100.0,-0.01157650073191796,-0.011644030091540577
2023-11-17,96.60061645507812,97.0331851293406,94.5666294525306,94.8519377177834,22984900.0,0.02439981446681494,0.024106894229213346
2023-11-20,96.17724609375,97.44733542820626,96.112821425084,96.98715721723136,17458800.0,-0.004382687987555478,-0.004392320117937646
2023-11-21,96.14043426513672,96.3613178478261,94.99919422918532,95.91034515182122,14989000.0,-0.0003827498718085298,-0.0003828231392367101
2023-11-22,95.72628021240234,95.82751998774872,93.82114256451736,94.4101701546621,18072000.0,-0.004307803016493694,-0.0043171083331711045
2023-11-24,96.24168395996094,97.07000625765536,95.63425228949386,95.73548504976904,9480800.0,0.005384140555916295,0.0053696978888596565
2023-11-27,95.68026733398438,96.08522646819088,94.96239033917348,95.8091166909113,18013500.0,-0.005833404018679933,-0.005850484778275259
2023-11-28,95.6250457763672,96.5546078465584,95.6066347134056,95.93796362908242,20629500.0,-0.0005771467738945324,-0.0005773133872038143
2023-11-29,94.18928527832033,96.25088899114476,93.54503850666468,95.96557368790025,26802100.0,-0.015014481680924896,-0.01512834013226373
2023-11-30,94.55742645263672,96.15885184555144,93.701494612204,94.89796089126494,29254700.0,0.003908524979551187,0.003900906540580336
2023-12-01,94.78751373291016,95.91955531466732,94.0788423192502,94.33654101512656,17845300.0,0.0024333073445974573,0.0024303516460584653
2023-12-04,94.27212524414062,95.1280571487136,93.49902206173752,93.99601546004736,21523900.0,-0.0054373035906584155,-0.0054521395285976664
2023-12-05,92.44061279296876,94.18928459528551,92.30255790811134,94.12485991858716,22250300.0,-0.019427932131886427,-0.01961913490646214
2023-12-06,91.21654510498048,92.69831982386631,90.50786657589744,92.03566193445604,31154800.0,-0.013241665659764923,-0.013330118221761453
2023-12-07,90.58148193359376,92.8087429018714,90.27776261380244,91.90679749503752,29990700.0,-0.006962148924362643,-0.006986497762489221
2023-12-08,91.6214828491211,91.84236642004126,90.88519491703772,91.13368805660264,22074900.0,0.011481385525242027,0.011415974614254608
2023-12-11,91.68590545654295,91.90678902250032,90.7287339750452,91.85156988645149,22252300.0,0.0007031386681215501,0.0007028915819453586
2023-12-12,90.24095153808594,90.82077356608536,89.71634864939247,90.82077356608536,26084000.0,-0.015759826019735357,-0.015885332464140818
2023-12-13,91.04166412353516,91.14290390119778,89.88201997864809,90.2317529239971,19915400.0,0.008873051223438067,0.008833917027217492
2023-12-14,93.48979949951172,94.00519680734224,91.77793613077552,91.89757992816142,26165700.0,0.026890274903748068,0.02653508483326992
2023-12-15,92.86396026611328,92.9559944998796,92.3209463498968,92.57864501314722,55527000.0,-0.006694198048865285,-0.006716704691472165
2023-12-18,93.55423736572266,94.8979569805986,93.4345865296895,93.9960045428465,21610400.0,0.007433207647308038,0.00740571750193278
2023-12-19,94.78751373291016,94.97158924550956,93.68308874436502,93.87636276627228,18904700.0,0.013182474700385471,0.013096342016303306
2023-12-20,93.2044906616211,95.6618476157736,93.07564132580931,95.25688854792962,20988900.0,-0.016700755288820646,-0.016841785312685435
2023-12-21,93.62786102294922,93.8855596952143,92.78112778609832,93.38856638937644,19250900.0,0.0045423815775698095,0.0045320960976596575
2023-12-22,93.79352569580078,94.74149168050366,93.71068996707022,94.16166264467638,12927800.0,0.0017693950394845892,0.0017678315041511307
2023-12-26,94.00521850585938,94.82433528277276,93.98681446422952,94.55743103767824,16835100.0,0.002257008769935398,0.0022544655516334115
2023-12-27,93.56343841552734,94.3825550797368,93.2689176158668,93.91317133248072,14558800.0,-0.00469952729597134,-0.004710604794003031
2023-12-28,92.21051025390624,93.51741466080688,92.15528409493378,93.31493512868607,16329300.0,-0.014460009000658802,-0.014565573812033132
2023-12-29,92.0172348022461,92.57864573915174,91.68590594067956,92.37617323198285,17746400.0,-0.002096024098857563,-0.002098223831701924
2024-01-02,94.20769500732422,94.888756873682,92.81795468041744,92.8823793566707,23483000.0,0.023804890570615855,0.023525971910788153
2024-01-03,94.99920654296876,95.36735057634482,93.5634525367418,94.12486358598017,23490800.0,0.008401771591832308,0.00836667316450763
2024-01-04,94.17088317871094,96.24168544399689,93.9223899964525,95.79071269453948,19395200.0,-0.008719266132851011,-0.00875750135141014
2024-01-05,94.45618438720705,95.1648628192927,93.9960061405197,94.95317773624087,15827400.0,0.003029611689578049,0.0030250316642171393
2024-01-08,92.88237762451172,92.99282293392751,91.02326055747164,92.70751466180704,23370100.0,-0.016661765165568942,-0.016802133751416683
2024-01-09,91.73192596435548,93.22290594570975,91.29015879920328,93.22290594570975,19496600.0,-0.01238611337887019,-0.012463460632719546
2024-01-10,90.8299789428711,91.85157514887652,90.34219115512772,91.85157514887652,18206100.0,-0.009832422158397303,-0.009881079631070593
2024-01-11,90.81157684326172,91.57547444597388,90.7103370635402,91.15211128612164,15833400.0,-0.00020259940411249122,-0.00020261993014418592
2024-01-12,91.98963165283205,92.6338854319036,91.2717546884702,92.1645016391428,18041700.0,0.012972517937923422,0.012889095518403214
2024-01-16,89.90962982177734,92.04485664678836,89.7623694095462,91.8699866627046,20235700.0,-0.022611263831391448,-0.022870818492609843
2024-01-17,89.25616455078125,90.15810986825412,88.88802059554742,88.90642463351625,18384000.0,-0.007268023150483693,-0.007294563908161019
2024-01-18,89.09051513671875,89.35741235193834,88.18856264547507,89.27458363447634,20940300.0,-0.0018558876565691884,-0.0018576119497927036
2024-01-19,89.22855377197266,89.29297844170193,88.73156747506819,89.01687572361749,20088400.0,0.0015494201042847155,0.0015482209914148635
2024-01-22,89.10891723632812,89.36661593627939,88.14254008974794,88.99847192702204,19955900.0,-0.0013407875684084969,-0.001341687228318761
2024-01-23,90.1121063232422,90.65511327597196,89.02608539601994,89.09970857787702,15863400.0,0.011258010062601187,0.011195110311086217
2024-01-24,91.66749572753906,91.71351635608922,89.95563226755193,90.48944066298064,17330600.0,0.017260604237986588,0.017113332262125268
2024-01-25,93.99600982666016,94.04203046183876,91.68591999336664,92.3209612239002,22089500.0,0.02540174224942371,0.025084479458494548
2024-01-26,94.7967300415039,94.87036025491474,93.13088683822436,93.84876386457104,20817200.0,0.008518661763625701,0.008482582716506959
2024-01-29,94.91636657714844,94.98079125349064,93.74751687157897,94.77831871481736,18317500.0,0.0012620323041960813,0.001261236610817803
2024-01-30,96.4993667602539,96.52697632866456,93.9683866700997,94.253701927788,19610900.0,0.016677842190880643,0.016540294209694464
2024-01-31,94.6218490600586,96.52698672496707,94.58503395762524,96.39813737733174,22415300.0,-0.019456269644337443,-0.01964803428351948
2024-02-01,94.23529052734376,95.72627041199335,93.52661919423524,95.32131135206734,19240700.0,-0.0040852988665384116,-0.004093666497243151
2024-02-02,93.8487548828125,95.71707748328296,93.51742597593702,95.48698835471738,21973400.0,-0.004101814111976521,-0.00411024962665867
2024-02-05,93.46221160888672,94.22610221822696,92.49583441081468,93.3701703353459,17190900.0,-0.004118789582328031,-0.004127295159294871
2024-02-06,94.10645294189452,94.83353542581754,93.48061023559136,93.94078848958596,13347900.0,0.006893067496666738,0.006869418918875495
2024-02-07,94.07884216308594,94.54822594223177,93.12167056444636,94.10645173448933,13826800.0,-0.00029339942103256966,-0.00029344247106347614
2024-02-08,95.68946838378906,96.10362600854675,93.97760469706802,94.18928276420624,19636900.0,0.017119962189916293,0.01697506703229042
2024-02-09,93.6646728515625,96.49016687293523,93.60024818091604,95.80910506584958,20410500.0,-0.021160066686811918,-0.02138715001005908
2024-02-12,94.95317840576172,95.16486349030612,93.87636298614376,94.02362339656815,18173100.0,0.013756579881949893,0.013662817062130435
2024-02-13,94.13573455810548,95.76132703323654,93.44834315298728,95.45479212406188,18917400.0,-0.008608915060884681,-0.008646185831581226
2024-02-14,93.67127990722656,95.32474564106592,93.2811394126556,94.6280631491803,17651300.0,-0.0049338824736342435,-0.004946094255990831
2024-02-15,96.3558349609375,96.55090520552014,93.4483421993936,93.4483421993936,23196300.0,0.028659318591245375,0.028256321946547508
2024-02-16,96.3558349609375,97.19184827000004,96.16075762933416,96.61592862038104,20151400.0,0.0,0.0
2024-02-20,95.44549560546876,96.718104764869,95.35260602958284,96.4580040305599,17650000.0,-0.009447682704817884,-0.009492595162001738
2024-02-21,97.39620208740234,97.51696491070253,95.66842909775174,95.69629526096868,20991300.0,0.02043791034410858,0.02023185902983056
2024-02-22,97.31261444091795,97.91640736363676,96.09573751103274,96.75526985341637,20470700.0,-0.0008582228535911618,-0.0008585913376670967
2024-02-23,96.4580078125,96.6902353048302,95.56625509239451,96.49516506171533,15975900.0,-0.008782074485696012,-0.008820864171423961
2024-02-26,96.83887481689452,97.47982503316976,95.72418556747984,96.34655361361936,13360800.0,0.003948526545715758,0.003940751574507902
2024-02-27,96.63450622558594,97.67488797755414,96.46730214200213,97.23829914336191,16360000.0,-0.0021103982434224067,-0.002112628271846442
2024-02-28,96.90388488769533,97.93497549050822,96.60663398966943,97.04322279643064,14810500.0,0.002787603234403191,0.002783725074016842
2024-02-29,97.08966827392578,97.60057159922124,96.81099953132704,97.23829727292836,17566100.0,0.0019171923442053984,0.0019153568765516585
2024-03-01,98.3158187866211,98.82672205797118,97.88852109013736,98.20435413615924,18460100.0,0.012629052447021394,0.012549971083257309
2024-03-04,96.94104766845705,98.3251215769738,96.63450566914835,98.14863349705556,18138000.0,-0.013983213842197362,-0.01408190002360277
2024-03-05,98.13004302978516,98.71525372595836,96.90388222326496,97.09895245532267,19952700.0,0.012265138348767746,0.012190530966508606
2024-03-06,99.17971801757812,99.92284885565232,98.60379835074048,99.0403871865825,20472800.0,0.01069677496701349,0.010639969202930321
2024-03-07,99.737060546875,100.30369616438412,99.02179594056732,99.02179594056732,15195400.0,0.005619521212977263,0.0056037906084411004
2024-03-08,100.67526245117188,100.69384461975636,99.1797167960572,99.60702162925064,16281500.0,0.009406753108148092,0.009362785121724877
2024-03-11,101.269775390625,101.36267206969826,99.7092061482836,100.55451773610342,17577300.0,0.005905253435435132,0.0058878857664831875
2024-03-12,100.61953735351562,101.5112901601218,100.3501525858396,101.30692881312471,14957200.0,-0.006420849997950784,-0.006441552320550676
2024-03-13,101.7435073852539,102.50521327346782,101.35336690063666,101.3812330656778,17122200.0,0.011170494928726793,0.011108565710164076
2024-03-14,103.54560089111328,103.61991539347474,101.89214219218655,102.0221890278086,22121000.0,0.01771212288795687,0.017557091189565513
2024-03-15,103.35980224609376,104.31658540351631,102.96966178599143,102.96966178599143,38264400.0,-0.0017943654140836207,-0.001795977216099699
2024-03-18,104.31659698486328,104.8367843227515,103.20190072036162,103.84285089527457,16770500.0,0.009256932753135994,0.009214349940236725
2024-03-19,105.05043029785156,105.42199572162104,104.09365411538434,104.24228311970052,14878800.0,0.007034674579106115,0.007010046687900407
2024-03-20,104.95753479003906,105.33839127683864,104.15867165447852,104.70673221818662,16119700.0,-0.0008842944055451607,-0.0008846856244951563
2024-03-21,105.42198181152344,105.8121293528642,104.56738641052952,104.89250345579676,14878000.0,0.004425094610057911,0.004415332666658051
2024-03-22,105.42198181152344,105.60776804240476,104.79961388386612,105.4126978152444,14701900.0,0.0,0.0
2024-03-25,106.4995346069336,107.54920037225818,105.73782867833056,105.73782867833056,14011700.0,0.01022132933657649,0.010169444802959605
2024-03-26,105.70066833496094,106.80607348800469,105.3476850910154,106.50882257546613,13152300.0,-0.007501124534685544,-0.007529399453862215
2024-03-27,106.7967758178711,106.88037430982624,105.34767859448546,105.41270200612404,12415700.0,0.010369920078808104,0.010316521301031601
2024-03-28,107.97649383544922,108.17156408034536,106.88037977816091,107.3169686016516,18482100.0,0.01104638233264632,0.010985816664172143
2024-04-01,108.67317962646484,108.90540712798384,107.1776339497208,108.13441720907666,13817000.0,0.006452198680180654,0.0064314723520954185
2024-04-02,110.80038452148438,111.0976354402984,108.98901284230848,109.53706634476956,19919600.0,0.019574331977137538,0.019385218602248788
2024-04-03,110.81895446777344,111.23696109008888,110.28947610556448,110.98615853410364,16504300.0,0.00016759821158807142,0.00016758416857684145
2024-04-04,111.2091064453125,111.35772836021052,110.20588194342264,110.58673844557414,18467400.0,0.0035206249635979514,0.0035144420710451455
2024-04-05,112.74180603027344,113.4663546756496,111.13478865789703,111.45062173412448,21720600.0,0.013782140995033165,0.013688030995478717
2024-04-08,111.98009490966795,113.085492907326,111.66426184817972,112.47241603870346,17513900.0,-0.0067562437344754755,-0.006779170473283381
2024-04-09,112.56531524658205,113.00190408501648,111.7850271532687,112.39811116137352,14132300.0,0.0052261103849409185,0.0052125016632591495
2024-04-10,113.51280975341795,113.76361944554463,112.1473178791454,112.60248183723628,17409200.0,0.008417286486164466,0.008382058673951644
2024-04-11,113.13194274902344,113.96796311468866,111.78501908016824,113.96796311468866,17555900.0,-0.003355277745497376,-0.003360919312756921
2024-04-12,111.81289672851562,114.9526099063474,111.16265549097436,114.20947908830615,21556200.0,-0.011659359756899468,-0.01172786308241072
2024-04-15,111.17193603515624,113.03904690037804,110.95828364194358,112.48169529617807,15029500.0,-0.005732439746334972,-0.005748933241237794
2024-04-16,110.25231170654295,111.67354263464026,109.53704715757944,111.06045873552866,18082200.0,-0.00827209061396994,-0.008306494213360181
2024-04-17,110.1965789794922,110.86539524198484,108.79393013195248,110.1222715735642,14538600.0,-0.0005055016642108168,-0.0005056294732506798
2024-04-18,110.09440612792967,111.20910234011052,109.58350989848984,110.54028603020616,13821400.0,-0.0009271871459960446,-0.000927617249876306
2024-04-19,111.35772705078124,112.33308537509753,110.49384047659336,110.68891781107324,21572400.0,0.011474887483234886,0.011409550311274
2024-04-22,111.98937225341795,112.92757321146036,110.01079677114949,110.78179366822413,16340700.0,0.005672217091398313,0.005656190643134757
2024-04-23,112.42597198486328,112.45383814990358,110.95829253856247,111.46919585436991,13929800.0,0.0038985818266519257,0.0038910020503873924
2024-04-24,112.44454956054688,112.63961979488266,110.90255567910155,111.74786711491032,12101200.0,0.00016524274022811092,0.00016522908915031883
2024-04-25,112.70465850830078,113.10409011484428,110.91186182130627,112.42598265740206,16041000.0,0.0023132197049164915,0.00231054833107147
2024-04-26,109.57422637939452,110.63318324751263,107.95792491021756,110.5402936618397,27289500.0,-0.027775534484013376,-0.02816856958148638
2024-04-29,111.1347885131836,111.51564500357654,109.38844031667858,109.38844031667858,17309900.0,0.014242054772859891,0.014141589475373341
2024-04-30,109.8621826171875,111.65497920124726,109.59280495367888,110.64247070269032,21083300.0,-0.011451012891837475,-0.011517080585552222
2024-05-01,107.78142547607422,110.0479681294108,107.43773331396784,109.871472962694,27777700.0,-0.01893970328592176,-0.01912135676529664
2024-05-02,107.97649383544922,108.92398598153984,107.66066784476617,107.99507600373688,25513600.0,0.0018098513590201204,0.0018082155514642089
2024-05-03,107.75354766845705,107.81857107753478,106.0164836159228,107.75354766845705,28023300.0,-0.00206476575662784,-0.0020669003242035264
2024-05-06,108.45023345947266,109.9271968345814,108.12511640397894,108.37591896478258,31401300.0,0.0064655485233693355,0.006444736523676621
2024-05-07,107.91146850585938,109.22123495309287,107.68853209950792,108.94255912988814,30122000.0,-0.0049678542537634485,-0.004980235062763498
2024-05-08,107.89289093017578,108.63601462983796,107.20549955905764,107.4841682887983,18957200.0,-0.00017215571190731804,-0.00017217053240286892
2024-05-09,110.02009582519533,110.10369431822592,107.93004845518487,107.93933245195244,17564000.0,0.01971589487203751,0.01952405405907936
2024-05-10,109.57422637939452,110.22446765314744,109.22124311902886,110.11299589812722,13648100.0,-0.004052618228121085,-0.004060852339374761
2024-05-13,109.52777862548828,110.57744434659575,108.79393889431697,110.00151761039253,15060600.0,-0.0004238930580756639,-0.0004239829261352013
2024-05-14,110.19265747070312,110.25820903452438,109.07828088574176,109.3685796477238,15079100.0,0.006070412945087478,0.006052062215317121
2024-05-15,111.04483032226562,111.28830346656066,108.70369293384503,110.13646787242496,18244300.0,0.007733481260210784,0.007703731176710088
2024-05-16,110.37995910644533,111.71909011119185,110.07092722583036,111.00738227405633,15745200.0,-0.005987412596252906,-0.006005409021691584
2024-05-17,112.0374755859375,112.2154043221371,110.46423090075083,110.7826293158141,15104500.0,0.015016462163151667,0.014904831242178425
2024-05-20,111.12911224365234,112.2715884776192,111.01674221708814,112.12175939400538,11551300.0,-0.008107674128987385,-0.0081407200571616
2024-05-21,110.3612060546875,111.85953243208188,110.29565449894474,110.87625909594044,14495000.0,-0.00691003620438535,-0.00693402105922868
2024-05-22,108.1418228149414,109.99599965004292,107.65486223076417,109.99599965004292,17879300.0,-0.020110175659427965,-0.020315137779860454
2024-05-23,106.2969970703125,110.04281664814104,106.15652740722716,108.25418437032764,15979800.0,-0.017059318001194423,-0.01720650450232005
2024-05-24,106.21272277832033,107.76724148420136,105.85687245575474,107.5424871435009,12212900.0,-0.0007928191229751302,-0.000793133570266877
2024-05-28,107.56121826171876,107.79533200386167,105.8849630106252,106.3063648886487,13978300.0,0.012696176579644947,0.01261625587711275
2024-05-29,106.40939331054688,107.2709374556655,105.64150039362212,107.25220435219248,13902000.0,-0.01070855248561109,-0.010766301677299965
2024-05-30,106.74650573730467,106.87760886854772,105.78195820976607,106.07225697972063,14683700.0,0.0031680701888221474,0.003163062428298465
2024-05-31,109.80870056152344,110.0240811816468,106.74648912157822,106.86823282777148,29037400.0,0.028686604803295435,0.028282847589844905
2024-06-03,107.17726135253906,108.96589365604868,106.5311123243978,108.90970864784092,19589300.0,-0.02396384981816657,-0.024255654134244888
2024-06-04,105.5103759765625,105.90368533517668,103.8715798377526,105.81940782029542,19412200.0,-0.015552602809038585,-0.015674813319816863
2024-06-05,105.93180084228516,105.99735241186698,104.39601508815196,105.716413031039,14863500.0,0.003994155663100463,0.003986200199906278
2024-06-06,106.727783203125,106.79333477084865,104.98597623837064,105.58530689886838,13154100.0,0.007514102040282689,0.007486011803058356
2024-06-07,105.58529663085938,107.59867622169506,105.51037851943656,106.5592106456028,13289200.0,-0.010704678181980398,-0.01076238544406648
2024-06-10,105.89432525634766,106.96188330555805,105.53846781022143,105.8755921567704,15239700.0,0.002926814957661117,0.00292254017373274
2024-06-11,105.04215240478516,105.51037989038508,104.23680055798654,105.34181770978572,12462400.0,-0.008047389220334211,-0.00807994422981946
2024-06-12,103.88094329833984,106.10034400380536,103.51572645554708,106.10034400380536,13606800.0,-0.011054696422923005,-0.011116253664243408
2024-06-13,103.0475082397461,103.81540104787004,102.7478429279071,103.79666794705128,14466900.0,-0.008022983158712527,-0.008055340472424918
2024-06-14,102.17659759521484,103.2066965853798,101.6896370325,103.02876786308968,13313400.0,-0.008451544917563947,-0.008487461734880412
2024-06-17,101.47425842285156,102.50435743354724,101.30569624694978,102.23278464211748,21147900.0,-0.0068737772532384556,-0.006897510480575062
2024-06-18,102.429443359375,103.6842967504422,101.88630489969782,102.10168554459104,17762900.0,0.00941307629510435,0.009369049362707837
2024-06-20,104.63948059082033,105.46356557037392,102.6261008947537,102.92577335610754,17433200.0,0.021576190975590714,0.021346719841658743
2024-06-21,103.72176361083984,105.53848155429242,103.72176361083984,104.78932179907628,52212500.0,-0.008770274611445195,-0.008808959822529216
2024-06-24,106.80269622802734,107.25219062967012,104.54583623552134,104.54583623552134,16266700.0,0.029703820200619013,0.0292712076869122
2024-06-25,107.10234832763672,107.27091049359848,106.2501709484456,106.85886805578444,14188900.0,0.0028056604392234785,0.002801731920317971
2024-06-26,107.13981628417967,107.5237591057536,105.95051447423096,107.1210831838584,15771800.0,0.00034983319346393316,0.0003497720160998078
2024-06-27,107.59867095947266,107.68294847226338,106.85887072066792,107.68294847226338,16812700.0,0.004282765186715443,0.004273620249009562
2024-06-28,107.8047103881836,109.13447487482878,107.39266787051346,108.49768514051368,24565900.0,0.0019148882311803561,0.0019130571698572916
2024-07-01,107.65486145019533,109.32175013750224,107.25218553121566,108.3572026708865,11972900.0,-0.0013900036227423307,-0.0013909705739255833
2024-07-02,106.92443084716795,108.5725936270179,106.27827461899028,108.53513457013668,13326700.0,-0.006784929107593429,-0.006808051387126421
2024-07-03,107.4675750732422,108.31038598077082,107.0087069907861,107.0087069907861,7732900.0,0.00507970182091122,0.005066843660979484
2024-07-05,106.1658935546875,107.34582157313564,105.52910394308432,107.3270956189343,12631000.0,-0.012112318693964896,-0.012186270585287038
2024-07-08,105.051513671875,106.33445948994904,104.3398059290717,105.24816834858694,13350500.0,-0.010496590246645177,-0.0105520680097744
2024-07-09,103.89031982421876,105.38864639296472,103.59065451046956,104.04951545927013,11727000.0,-0.011053566075051369,-0.011115110681692639
2024-07-10,104.80803680419922,104.84549585973336,103.40335437229832,103.8715818495986,10004100.0,0.008833517709188055,0.008794730442940291
2024-07-11,106.05352783203124,106.11907939568049,103.88095253661984,104.34918003256698,13082700.0,0.011883545058274825,0.011813490190658854
2024-07-12,106.07225799560548,106.8963429936939,105.47292734858743,106.74650675964696,11684900.0,0.00017661047168471278,0.00017659487789134954
2024-07-15,107.88896942138672,108.7786058734422,106.36255048875556,107.00869951892322,13032500.0,0.017127111839709386,0.01698209631588571
2024-07-16,108.66624450683594,108.956543285127,106.48430253271376,107.08363319120272,13614100.0,0.007204398092018005,0.007178570390589283
2024-07-17,110.16456604003906,110.6702525992786,109.14383351562596,109.32175510797316,13602800.0,0.013788288534337445,0.013694094941978199
2024-07-18,111.2508544921875,112.29967949735102,109.97727514770222,110.4548620434458,13033600.0,0.009860597569581797,0.009812299118891693
2024-07-19,108.69432067871094,111.3257566789111,108.50703255530132,111.0541838987584,16157700.0,-0.022979902717566003,-0.02324805674924966
2024-07-22,107.94515991210938,108.57259016412704,107.299010849125,107.86088239525311,12065900.0,-0.006892363482504327,-0.006916225526821729
2024-07-23,106.203369140625,107.85152486110154,105.9786147877178,107.51440047632566,11251700.0,-0.016135885785917292,-0.01626748677681056
2024-07-24,107.70169067382812,107.87961226406236,105.88496570234857,106.54048133917904,14925200.0,0.01410804144282074,0.014009449239341916
2024-07-25,109.96790313720705,110.52977466844392,107.28027490575464,107.85151298681104,17021700.0,0.021041568142528888,0.02082325151981206
2024-07-26,109.87425994873048,110.52977554963556,109.06890812785608,109.3498403234222,11252500.0,-0.0008515501869643671,-0.0008519129617867597
2024-07-29,108.72242736816406,109.93045521214847,108.04817860458348,109.86490364594395,8861800.0,-0.010483188520258424,-0.010538524210430493
2024-07-30,110.66088104248048,111.06355696155136,108.84416327619827,108.9658998490953,12483900.0,0.017829381860214433,0.017672302765565064
2024-07-31,111.05419158935548,112.14984933538724,111.026099083357,112.03747216680888,15137700.0,0.0035541967782093398,0.003547895546970258
2024-08-01,109.5184097290039,111.89700629366976,108.96590470670525,110.82944816195312,15051500.0,-0.013829121065780492,-0.013925634187995035
2024-08-02,109.4528579711914,111.3164085677312,108.08563452675229,108.6006876352602,20403800.0,-0.0005985455593694455,-0.0005987247592725379
2024-08-05,107.47693634033205,108.6568716313078,106.05352789541912,108.198010685489,18025900.0,-0.018052718471539886,-0.018217656866653626
2024-08-06,106.9057159423828,108.28229891600196,106.4093887458376,107.17728162982158,13647800.0,-0.005314818391737974,-0.005328992282416061
2024-08-07,108.32911682128906,109.67761433413926,107.93580742823605,108.11372902342583,13660700.0,0.01331454418838951,0.013226684658764669
2024-08-08,110.398681640625,110.60470288798015,108.37594251436084,108.70370034216003,13851000.0,0.019104418830904857,0.018924220856165894
2024-08-09,111.29766082763672,111.72842921419088,109.90234505982176,110.39866500205623,12151900.0,0.008143024659824416,0.008110049127284306
2024-08-12,111.43814086914062,112.53379146382603,110.52041185954234,111.95319395788218,13228900.0,0.0012622012040437447,0.0012614052977628469
2024-08-13,110.3705825805664,110.97927973581834,110.0334582221064,110.76389195057496,11585100.0,-0.009579828595918771,-0.009626010332632067
2024-08-14,111.39131927490234,112.2809558107166,110.155198961987,110.59533395465722,12194500.0,0.009248267703858781,0.00920576433017706
2024-08-15,112.08045196533205,112.93004111577416,111.50461483761129,111.62733150993829,11579400.0,0.006186592410571956,0.00616753401171724
2024-08-16,111.55179595947266,111.84443906696772,111.0703640897211,111.38187671070612,10056000.0,-0.004716754764897857,-0.004727913755963981
2024-08-19,111.89163208007812,113.7513018181556,111.55179358976426,111.76891542606089,12417500.0,0.003046442396399618,0.0030418113937669567
2024-08-20,108.16285705566406,112.00491315771374,108.09677774981472,112.00491315771374,15632000.0,-0.033324878322853246,-0.033892805151366695
2024-08-21,107.47372436523438,109.09739533211396,107.3887683552039,108.56876095298227,11752400.0,-0.0063712508081682495,-0.006391633849702252
2024-08-22,108.30445861816406,108.56877584398296,107.2755011866786,107.40765979958805,10609500.0,0.007729649808231764,0.0076999291205772195
2024-08-23,109.80540466308594,110.18300378215592,108.58765128518996,108.58765128518996,10381400.0,0.01385858037676524,0.013763428358495347
2024-08-26,112.15595245361328,112.2786763131796,110.37180393043678,111.16476283079548,13671000.0,0.021406485388761,0.02118058472051121
2024-08-27,111.08924865722656,112.72236195258554,110.82493140759732,112.29756019959152,9991600.0,-0.009510897754873016,-0.009556415180556683
2024-08-28,109.99420928955078,110.99484811425616,109.74877596460271,110.44732970856327,10742900.0,-0.009857293850772164,-0.00990619861628946
2024-08-29,111.51403045654295,112.13707007551464,109.83372195995254,110.63611557660364,10753900.0,0.013817283444361728,0.01372269509027821
2024-08-30,111.3346710205078,111.41018507800332,109.77707925126624,110.2490763206059,13284700.0,-0.0016084024162775767,-0.0016096972840758423
2024-09-03,109.00301361083984,109.58828541722248,107.65310158970242,109.35228686249287,15725100.0,-0.020942778995039824,-0.02116518973785076
2024-09-04,107.67196655273438,109.6449180000199,107.5964524970626,108.8330824841938,12620600.0,-0.012211103289836989,-0.012286271361784177
2024-09-05,106.83181762695312,108.82364588572295,106.73741965113686,108.62540797587766,17200800.0,-0.007802856701514482,-0.007833458278287646
2024-09-06,106.33150482177734,107.78525673639236,105.4724738552936,107.22829642005546,13467700.0,-0.004683181624062893,-0.00469418207730901
2024-09-09,108.56877899169922,109.64493184350778,106.35039397971155,106.54863190482318,21645300.0,0.02104055776951319,0.02082226196801796
2024-09-10,104.61344146728516,108.93693681823736,103.99984377040342,108.65373566518288,20913400.0,-0.03643162943479794,-0.03711183301717348
2024-09-11,103.5750503540039,104.73615924935297,101.734257243612,104.57568195521604,19571900.0,-0.009925981773632575,-0.009975572763111312
2024-09-12,105.00048065185548,105.09487863378732,103.6128079909338,103.74496660605926,15919500.0,0.013762294036832934,0.01366845366059229
2024-09-13,104.92496490478516,106.1710370573034,104.717285012348,105.22704278411972,10035400.0,-0.0007191942989357436,-0.0007194530432212691
2024-09-16,106.3975830078125,106.75629820293,105.43471211454764,105.77455059501854,11729000.0,0.014034963979865811,0.013937385816998259
2024-09-17,107.78526306152344,107.96462427254608,105.8406372236738,106.02943319162064,12202600.0,0.013042402040364331,0.012958082278352025
2024-09-18,108.16285705566406,109.15404664340414,107.43597748921717,107.71917862977384,12569900.0,0.0035032061286994765,0.003497084195539071
2024-09-19,109.50333404541016,110.99484670315448,108.7387010002838,109.65437658386232,12660600.0,0.012393135927023735,0.012316969664883317
2024-09-20,108.814208984375,109.04077277938768,107.85133806293592,108.99357018823396,36206200.0,-0.006293187938454792,-0.006313073518698691
2024-09-23,110.78716278076172,111.19308058544418,108.67261773414126,108.87085565706464,16066300.0,0.018131398599515736,0.017968985043942162
2024-09-24,110.4945297241211,111.54236391665889,110.28684983700845,111.24027884296444,11984900.0,-0.002641398599761202,-0.002644893248238816
2024-09-25,108.34221649169922,110.49452942328482,107.65310472499752,109.9658877478634,13816000.0,-0.019478912103573776,-0.019671126288461488
2024-09-26,106.48255157470705,107.12446793647764,104.91551770252124,104.91551770252124,16887900.0,-0.017164730215157187,-0.017313751937072883
2024-09-27,109.33341217041016,109.58828744530904,106.90734727097636,107.38878634812366,15964000.0,0.026773030449998014,0.026420904038811758
2024-09-30,110.6550064086914,110.8154837016296,108.5215774011504,108.9935745230424,13247600.0,0.012087743463282452,0.012015270133742552
2024-10-01,113.2132339477539,113.84570838494524,109.43725683911822,109.54109678577407,23235900.0,0.02311894980706053,0.022855755681243206
2024-10-02,114.71418762207033,115.94138312987332,113.46811539662492,115.1012287537377,17129700.0,0.013257758143443654,0.013170643189239621
2024-10-03,115.71480560302734,116.27175869917436,114.15721380208316,115.07288928757596,16524300.0,0.008722704677590398,0.008684881675922544
2024-10-04,117.83880615234376,118.1786446648462,115.57321846969568,116.30009088681749,19752300.0,0.018355477834038236,0.018189049546218004
2024-10-07,118.34855651855467,119.26422485107972,117.86711745560548,118.23527462077126,15714400.0,0.004325827652665648,0.0043164981557459155
2024-10-08,115.2050552368164,117.07415975540523,114.46874089906296,116.9420011410446,14818500.0,-0.02656138253148388,-0.02692050960568684
2024-10-09,115.25225067138672,115.71481302393366,114.03450446746088,114.12890244888324,11144900.0,0.000409664614745342,0.0004095807251073503
2024-10-10,116.24344635009766,116.77208080260075,115.4410527126614,116.26233026746092,10243300.0,0.008600228394125553,0.008563457107146304
2024-10-11,116.68711853027344,117.083594348413,116.05464417246456,116.2056794927589,8294800.0,0.0038167500543604405,0.003809484744584749
2024-10-14,117.13080596923828,117.30072521898695,115.75257525554537,116.3378470697096,9808100.0,0.0038023686294879067,0.00379515789868162
2024-10-15,113.60970306396484,115.12009237723753,113.0716266460457,114.053381500199,15771300.0,-0.030061288114060947,-0.030522393103620964
2024-10-16,113.90235137939452,114.63866575315971,113.84570682610936,114.11946602698956,8426800.0,0.002575909517736452,0.0025725975491497285
2024-10-17,113.60970306396484,114.77081912479268,113.00554733865576,113.9967441516089,11204900.0,-0.0025692912559364123,-0.0025725975491496926
2024-10-18,113.28874969482422,113.88346346768024,112.47691407988174,113.69466750229546,12898600.0,-0.00282505244257103,-0.0028290504346895917
2024-10-21,113.35482788085938,114.67642123178403,113.0149893848472,114.20442412088984,10177800.0,0.0005832722685452651,0.0005831022313910632
2024-10-22,113.94009399414062,114.4026563252126,113.2226636069547,113.52474145474456,9201400.0,0.005163133535841968,0.0051498502644715905
2024-10-23,113.53418731689452,113.98730773395556,112.71291691399688,113.250993358073,8320300.0,-0.00356245692817303,-0.00356881758873496
2024-10-24,112.89226531982422,113.69466616855767,112.45802884284969,113.2793064070584,9905600.0,-0.0056539973750688866,-0.005670041723276686
2024-10-25,112.7978744506836,113.68523137816436,112.63739715165975,113.46810952493436,10714600.0,-0.000836114581217906,-0.0008364643199757413
2024-10-28,112.24091339111328,112.34475333073476,110.23020110762884,110.24908502507142,11844500.0,-0.004937691089328289,-0.004949921763445582
2024-10-29,110.7116470336914,112.495795631053,110.5134091008851,111.93884246775497,14731000.0,-0.013624856669626428,-0.013718526830723147
2024-10-30,110.1546859741211,111.64619134290535,109.95644805552516,111.07036150437672,12303700.0,-0.005030735920682483,-0.005043432673206874
2024-10-31,110.23965454101562,112.02380321352368,110.14525655028972,110.58893502901698,20512000.0,0.0007713568074125821,0.0007710594646454982
2024-11-01,108.51213836669922,113.23210971282975,108.40829842091595,113.21323299637132,20939300.0,-0.015670551413726308,-0.01579463249087408
2024-11-04,111.9671630859375,112.05211911485485,109.43725810578536,109.56941672994888,14965400.0,0.03183998372202912,0.031343600504256636
2024-11-05,112.29755401611328,112.53355257630234,111.40076236823664,112.41083591776164,10436700.0,0.0029507841501905663,0.00294643913201539
2024-11-06,114.22330474853516,115.08234297679468,112.61851739737278,114.3649053270741,20807700.0,0.017148643612892478,0.017003265297648566
2024-11-07,114.36491394042967,114.69531051383451,112.91116181534328,114.50651452963322,12184400.0,0.001239757440097522,0.0012389895754208236
2024-11-08,114.32714080810548,114.6197767122662,112.95835206698116,114.20442415199712,12836000.0,-0.0003302860206222391,-0.0003303405770630989
2024-11-11,113.7229995727539,114.80859450685372,113.34540039540111,114.2233154218516,11969700.0,-0.005284320337946791,-0.005298331740956259
2024-11-12,113.60970306396484,114.51593665192844,113.12826399463582,114.34601740405374,11972800.0,-0.000996249740287447,-0.000996746326903546
2024-11-13,114.66697692871094,115.21449529465971,112.14651413656954,113.81738070604972,15127900.0,0.009306193364054582,0.009263157540346931
2024-11-14,114.74311065673828,115.99942182227612,114.5242119693626,115.79004267909038,13041800.0,0.0006639551339586713,0.0006637348132653593
2024-11-15,113.55342864990234,115.3903086803494,113.38211315053942,114.59084119084584,19051700.0,-0.010368221673847988,-0.010422346125437871
2024-11-18,114.50518035888672,114.80022815776562,113.51535827574796,114.0102729479599,14239700.0,0.008381532114884349,0.008346602116803655
2024-11-19,112.90623474121094,113.97219862845826,112.49698146194754,113.97219862845826,11584400.0,-0.013963958771684437,-0.01406237207765108
2024-11-20,114.51470184326172,114.6574659727134,112.91575956823054,113.42018653251256,11360900.0,0.014246043238776762,0.014145521927252932
2024-11-21,116.04701232910156,116.63710062727756,114.4671020120261,115.2380253434609,14675400.0,0.013380906217064892,0.013292172572783346
2024-11-22,115.9137725830078,117.26525746342568,115.7710084592938,115.9423239554936,13323400.0,-0.0011481531787815857,-0.0011488128115972403
2024-11-25,114.1815948486328,115.99943590015316,113.83896382905982,115.57115075632971,26580300.0,-0.014943674903985738,-0.015056456606331202
2024-11-26,112.27808380126952,113.90557738879032,112.16387104974204,113.7628132647022,14827300.0,-0.01667090961451989,-0.016811433187913897
2024-11-27,111.98304748535156,113.00142095896553,111.76414151867108,112.3922935225066,11079100.0,-0.0026277284571418758,-0.00263118699562603
2024-11-29,112.26856994628906,112.78251646228156,111.30729920741688,111.77366252049188,9426500.0,0.002549693612998505,0.0025464486588273384
2024-12-02,112.16387176513672,112.49698321594369,111.18356924078267,112.35422635223,12687300.0,-0.000932568938950884,-0.0009330040519000795
2024-12-03,111.9925537109375,112.9918953018314,111.6023395235525,112.9918953018314,11756600.0,-0.0015273906963371164,-0.0015285583466303336
2024-12-04,108.76612091064452,111.8783512560761,108.36638716796242,111.83076079377749,19520600.0,-0.02880935109865146,-0.02923248711972633
2024-12-05,109.24199676513672,110.0414715138106,108.5567347694977,109.17537447452098,15751200.0,0.004375221351170078,0.004365677896592749
2024-12-06,108.0903778076172,109.23247628302464,108.02375551757316,109.01357758485932,16171100.0,-0.010541906882162055,-0.010597866410055608
2024-12-09,107.45271301269533,109.39428635157208,107.30994887900272,109.10875808418696,17412600.0,-0.00589936688034165,-0.0059168368870063815
2024-12-10,107.23380279541016,108.3854208420565,106.3581934599694,108.10941213085091,20990900.0,-0.0020372702665898412,-0.0020393483245161738
2024-12-11,106.51998138427734,106.96730556314584,105.74906531677998,106.59612321499635,32392200.0,-0.0066566828045322435,-0.006678937333385683
2024-12-12,106.42481231689452,106.95779063234714,105.43499025870756,106.20590635945652,14543300.0,-0.0008934386407700723,-0.0008938379949558418
2024-12-13,105.49209594726562,106.50095712274758,104.93056624371388,106.50095712274758,13106100.0,-0.008764087521729413,-0.008802718009710248
2024-12-16,103.2364501953125,105.07333023716676,102.94140965729945,104.88297564708968,20256100.0,-0.021382130402269217,-0.021614039924191284
2024-12-17,102.79865264892578,102.95092907024753,101.63751498354416,102.06580013362758,17554000.0,-0.004240726463942246,-0.004249743846946076
2024-12-18,101.2853546142578,103.5790783479389,101.18066140791557,102.37986987792723,17114500.0,-0.014720990943686285,-0.014830419994808546
2024-12-19,100.41926574707033,102.47504445269246,100.13373749790486,102.20855529282338,20565600.0,-0.008550978278014099,-0.008587747652231878
2024-12-20,100.76189422607422,101.01886383487997,99.7815844677646,100.36215323496496,40141200.0,0.0034119795285785237,0.003406171932942475
2024-12-23,101.17115783691406,101.45667884683812,99.85773650289252,100.22891889869366,12285100.0,0.004061690324336231,0.004053463928050275
2024-12-24,101.26631927490234,102.0182035210675,100.60008914298254,101.38052476056282,7807000.0,0.0009405984869885753,0.0009401564014266682
2024-12-26,101.35197448730467,101.86592096219958,100.82851572935816,101.38052585902916,9652400.0,0.0008458410754499379,0.0008454835534777876
2024-12-27,101.34246063232422,102.7795995695863,100.66671095933091,101.17114514334988,11943900.0,-9.386945867195795e-05,-9.387386468532252e-05
2024-12-30,100.65721130371094,101.41860792478036,100.4192734981357,101.17115783510772,11080800.0,-0.006761719858958237,-0.006784683862664623
