created_at,sent_score
2018-01-01T21:11:29Z,0.0104219168424606
2018-01-02T13:59:40Z,0.0751344729214906
2018-01-02T14:30:14Z,0.060778297483921
2018-01-02T14:41:32Z,0.4388432996347546
2018-01-02T17:35:09Z,-0.7779792230576277
2018-01-02T20:16:42Z,0.1087903929874301
2018-01-02T21:59:41Z,0.0172381894662976
2018-01-02T22:51:30Z,0.089038910344243
2018-01-03T09:27:34Z,0.5622215382754803
2018-01-03T09:29:57Z,0.9384097047150136
2018-01-03T09:42:26Z,0.0006747245788574
2018-01-03T15:27:09Z,-0.4322220180183649
2018-01-03T15:42:13Z,0.823750551789999
2018-01-03T16:01:11Z,-0.3540307469666004
2018-01-03T19:29:31Z,0.5690774209797382
2018-01-03T22:04:55Z,0.5298271123319864
2018-01-04T09:17:53Z,-0.9666202859953046
2018-01-04T21:01:52Z,0.2211888823658228
2018-01-05T00:06:04Z,-0.6668934989720583
2018-01-05T00:06:47Z,-0.0310488641262054
2018-01-05T00:07:16Z,0.1969751566648483
2018-01-05T14:00:13Z,-0.8284467235207558
2018-01-05T18:37:35Z,-0.0018804837018251
2018-01-05T19:31:22Z,-0.8171279728412628
2018-01-05T20:18:25Z,-0.6379810404032469
2018-01-06T02:45:59Z,-0.5541536584496498
2018-01-06T20:07:24Z,0.0041251312941312
2018-01-07T18:32:30Z,0.0099770128726959
2018-01-07T21:53:39Z,0.1335077658295631
2018-01-08T09:02:57Z,0.7938198503106833
2018-01-08T13:02:12Z,0.0880413511767983
2018-01-08T14:00:49Z,0.0339795537292957
2018-01-08T14:19:21Z,0.2028574822470545
2018-01-08T14:26:19Z,0.0413742959499359
2018-01-08T18:40:28Z,0.0511371996253728
2018-01-08T18:57:08Z,0.4784112572669983
2018-01-08T19:26:48Z,0.5246854238212109
2018-01-08T20:21:25Z,-0.1077449135482311
2018-01-09T01:26:22Z,-0.5705706905573606
2018-01-09T14:44:47Z,0.925763295032084
2018-01-09T16:01:50Z,-0.9646579204127192
2018-01-09T16:25:35Z,0.9350160285830498
2018-01-09T19:57:16Z,-0.8442451227456331
2018-01-10T17:44:43Z,-0.3396080154925585
2018-01-10T21:19:19Z,0.0133358407765626
2018-01-11T09:10:44Z,0.3454876225441694
2018-01-11T09:24:33Z,0.2456654012203216
2018-01-11T14:48:09Z,0.8844632990658283
2018-01-11T21:18:58Z,0.9114086218178272
2018-01-11T21:19:42Z,0.9063579943031072
2018-01-12T09:08:11Z,0.2544923163950443
2018-01-12T12:16:05Z,0.0224286802113056
2018-01-12T15:11:07Z,-0.0837540179491043
2018-01-12T15:19:59Z,0.7236873893998563
2018-01-12T15:26:56Z,0.035563725978136
2018-01-12T22:36:14Z,-0.0033452119678258
2018-01-15T11:23:14Z,0.9183110715821384
2018-01-15T13:32:57Z,-0.0213394425809383
2018-01-15T23:05:28Z,0.9173183739185332
2018-01-16T13:10:59Z,-0.3563064187765121
2018-01-16T16:20:36Z,0.6954501196742058
2018-01-16T20:11:45Z,-0.9392873318865896
2018-01-16T20:47:11Z,-0.9042572509497404
2018-01-17T09:20:59Z,-0.960503381676972
2018-01-17T09:38:35Z,-0.6800970174372196
2018-01-17T14:00:11Z,-0.8611234463751316
2018-01-17T14:21:30Z,0.5454501584172249
2018-01-17T14:37:42Z,-0.7797686941921711
2018-01-17T14:52:26Z,-0.6144540123641491
2018-01-17T18:00:29Z,0.8383012171834707
2018-01-17T18:01:07Z,0.91926240734756
2018-01-17T18:02:06Z,0.8341562291607261
2018-01-17T19:00:58Z,0.1979819871485233
2018-01-18T12:17:30Z,-0.9353909604251384
2018-01-18T13:08:43Z,0.180582458153367
2018-01-18T14:01:28Z,-0.87580974586308
2018-01-18T14:40:12Z,0.2881322428584099
2018-01-18T15:18:21Z,0.2679239213466644
2018-01-18T15:42:51Z,-0.0284436792135238
2015-09-15T17:27:38Z,0.0286224354058504
2018-01-18T20:06:57Z,-0.540266364812851
2018-01-18T21:47:14Z,-0.7275801301002502
2018-01-19T09:15:46Z,0.1396571733057499
2018-01-19T09:17:38Z,0.9144209632650018
2018-01-19T14:05:15Z,-0.2184817120432853
2018-01-19T16:16:19Z,-0.0837540179491043
2018-01-19T16:16:35Z,-0.1297978162765503
2018-01-20T21:50:42Z,0.006240464746952
2018-01-22T12:18:30Z,-0.8789733629673719
2018-01-22T14:00:18Z,0.0629927720874548
2018-01-22T15:14:55Z,-0.6206972133368254
2018-01-22T16:08:24Z,0.0223945192992687
2018-01-22T16:22:31Z,-0.0428203102201223
2018-01-22T17:13:17Z,0.0242893453687429
2018-01-22T20:27:52Z,-0.8775467798113823
2018-01-22T20:36:27Z,0.8712539710104465
2018-01-22T22:17:30Z,-0.3879879508167505
2018-01-23T09:00:52Z,0.8934834953397512
2018-01-23T11:35:58Z,0.6809462532401085
2018-01-23T12:17:18Z,0.8886408507823944
2018-01-23T13:33:08Z,0.0672373743727803
2018-01-23T14:55:20Z,-0.0637254267930984
2018-01-23T15:14:37Z,-0.3439805917441845
2018-01-23T16:20:04Z,-0.0085325986146926
2018-01-23T17:26:01Z,-0.0591353438794612
2018-01-23T18:48:40Z,0.0337958596646785
2018-01-23T19:15:01Z,-0.8240433968603611
2018-01-23T20:19:09Z,-0.7587143927812576
2018-01-23T22:05:30Z,0.0696037132292985
2018-01-24T10:03:09Z,0.1714960797689855
2018-01-24T13:24:18Z,-0.943006318062544
2018-01-24T15:36:19Z,0.4154360797256231
2018-01-24T16:21:18Z,-0.2963156588375568
2018-01-24T16:52:16Z,0.0696595171466469
2018-01-24T17:02:46Z,-0.0993905775249004
2018-01-24T17:39:10Z,0.0068915709853172
2018-01-24T18:53:34Z,-0.5826125591993332
2018-01-24T19:11:20Z,-0.9017635816708208
2018-01-25T09:51:49Z,0.1278380509465932
2018-01-25T14:54:50Z,0.8487084675580263
2018-01-25T16:32:19Z,0.0686595849692821
2018-01-25T17:00:12Z,0.5058722477406263
2018-01-25T22:27:04Z,0.0115264914929866
2018-01-26T13:31:18Z,-0.9647785220295192
2018-01-26T13:35:53Z,0.6429421305656433
2018-01-26T13:36:33Z,-0.9300888031721116
2018-01-26T14:14:30Z,0.2869975045323372
2018-01-26T14:45:48Z,0.0598475532606244
2018-01-26T14:54:52Z,-0.5431939847767353
2018-01-26T15:45:07Z,0.1050044633448124
2018-01-26T18:33:04Z,-0.8363826107233763
2018-01-27T22:36:34Z,-0.0305145792663097
2018-01-28T22:13:22Z,0.9221164975315332
2018-01-28T22:31:12Z,-0.0064798630774021
2018-01-29T09:09:10Z,0.8560319254174829
2018-01-29T11:11:53Z,-0.9515734799206256
2018-01-29T11:35:13Z,-0.1571195051074028
2018-01-29T14:10:06Z,0.0232058633118867
2018-01-29T14:55:25Z,-0.2851477786898613
2018-01-29T15:34:53Z,0.4524452500045299
2018-01-29T15:52:35Z,0.0226623751223087
2018-01-29T15:54:35Z,-0.9595225732773542
2018-01-29T16:13:45Z,-0.942028533667326
2018-01-29T18:23:13Z,0.0561530366539955
2018-01-29T19:45:04Z,0.0768847167491912
2018-01-29T19:59:24Z,0.1048379298299551
2018-01-29T23:40:51Z,-0.910711020231247
2018-01-30T12:25:12Z,-0.3068923875689506
2018-01-30T14:51:03Z,0.9276936538517476
2018-01-30T15:20:20Z,0.0339550264179706
2018-01-30T15:47:31Z,-0.9419973362237216
2018-01-30T16:48:46Z,-0.0192629937082529
2018-01-30T18:02:12Z,-0.8210479766130447
2018-01-30T21:06:02Z,0.5437943879514933
2018-01-30T21:33:46Z,-0.9114944729954004
2018-01-30T21:34:37Z,-0.0532372742891311
2018-01-31T11:55:22Z,-0.890536842867732
2018-01-31T12:27:42Z,0.3739679306745529
2018-01-31T13:34:00Z,-0.2048497349023819
2018-01-31T14:12:09Z,-0.2204081714153289
2018-01-31T14:21:59Z,-0.5730663817375898
2018-01-31T15:04:10Z,-0.6601980477571487
2018-01-31T17:06:00Z,-0.4225186146795749
2018-01-31T17:33:54Z,-0.0013128966093063
2018-01-31T17:38:47Z,-0.8113137409090996
2018-01-31T21:25:29Z,-0.8610714059323072
2018-02-01T09:39:57Z,-0.0997654385864734
2018-02-01T09:45:50Z,-0.0464119482785463
2018-02-01T11:55:39Z,-0.580729067325592
2018-02-01T13:13:45Z,0.1542084524407982
2018-02-01T16:43:27Z,0.9144689850509168
2018-02-01T18:28:23Z,0.4894425272941589
2018-02-01T21:30:22Z,-0.1695872247219085
2018-02-01T21:30:45Z,0.4763083606958389
2018-02-01T21:31:44Z,-0.9571195263415576
2018-02-01T21:32:03Z,0.9104375522583724
2018-02-01T21:32:13Z,-0.96229781024158
2018-02-01T21:32:19Z,-0.9648395413532852
2018-02-01T21:34:08Z,0.9246896877884864
2018-02-01T21:47:22Z,-0.9538882849738002
2018-02-01T22:09:01Z,0.0105966329574584
2018-02-01T22:11:15Z,-0.008122170343995
2018-02-01T22:16:07Z,0.9240842163562776
2018-02-01T22:21:37Z,0.4148575514554977
2018-02-01T22:46:16Z,-0.94168908521533
2018-02-02T09:35:07Z,-0.0536167584359645
2018-02-02T11:17:15Z,-0.7460510656237602
2018-02-02T11:56:37Z,-0.929049196653068
2018-02-02T12:17:37Z,0.0366474743932485
2018-02-02T12:38:04Z,-0.6248582378029823
2018-02-02T13:10:57Z,-0.3186722993850708
2018-02-02T13:19:25Z,0.0854404885321855
2018-02-02T13:33:32Z,-0.0049899630248546
2018-02-02T13:38:19Z,0.6197929382324219
2018-02-02T13:39:48Z,0.8757742550224066
2018-02-02T13:41:18Z,-0.0771818906068801
2018-02-02T13:49:43Z,-0.8793797101825476
2018-02-02T14:05:52Z,3.486312925815582e-05
2018-02-02T14:13:57Z,0.8227749913930893
2018-02-02T14:35:22Z,-0.5844226852059364
2018-02-02T14:45:24Z,0.5480273123830557
2018-02-02T14:56:38Z,-0.0649419613182544
2018-02-02T15:11:04Z,0.084201231598854
2018-02-02T15:11:42Z,-0.934310982003808
2018-02-02T15:12:50Z,0.1322501860558986
2018-02-02T15:26:51Z,-0.9452444650232792
2018-02-02T15:39:53Z,0.6862498410046101
2018-02-02T16:03:03Z,0.7052883598953485
2018-02-02T17:02:23Z,0.507323756814003
2018-02-02T17:22:26Z,-0.4962287992238998
2018-02-02T17:56:10Z,-0.9225096479058266
2018-02-02T17:56:21Z,0.0133418794721364
2018-02-02T18:03:57Z,-0.2537765316665172
2018-02-02T18:06:24Z,-0.0115420669317245
2018-02-02T18:07:34Z,0.533626601099968
2018-02-02T18:15:33Z,0.13121656794101
2018-02-02T18:59:40Z,-0.2667648941278457
2018-02-02T18:59:44Z,0.1269447905942797
2018-02-02T19:31:01Z,-0.9633658127859236
2018-02-02T19:38:08Z,0.0239997971802949
2018-02-05T02:09:40Z,0.1703477129340171
2018-02-05T09:14:55Z,-0.9397920276969672
2018-02-05T09:28:23Z,0.0742892287671566
2018-02-05T11:28:18Z,0.3545495569705963
2018-02-05T12:33:49Z,0.523753640241921
2018-02-05T14:45:07Z,-0.0809631273150444
2018-02-05T15:33:07Z,0.0902301594614982
2018-02-05T18:07:22Z,0.2027920689433813
2018-02-05T19:20:52Z,-0.2614997662603855
2018-02-05T19:57:09Z,0.9036422586068512
2018-02-05T22:28:43Z,0.0132806710898876
2018-02-06T15:11:58Z,-0.8692613691091537
2018-02-06T16:28:09Z,0.0014254301786422
2018-02-06T17:02:12Z,0.9361359030008316
2018-02-06T17:03:06Z,0.3543638493865728
2018-02-06T17:21:21Z,0.7187924608588219
2018-02-06T18:24:08Z,-0.0691719725728035
2018-02-06T20:54:29Z,-0.0729332342743873
2018-02-07T09:31:40Z,0.9263509772717952
2018-02-07T13:50:22Z,0.0388490296900272
2018-02-07T14:19:55Z,-0.6443392168730497
2018-02-07T15:27:04Z,-0.0284300707280635
2018-02-07T17:26:52Z,0.062008143402636
2018-02-07T17:28:18Z,-0.2120885848999023
2018-02-07T17:28:33Z,-0.0817432291805744
2018-02-07T18:02:41Z,0.1541393799707293
2018-02-08T15:07:33Z,0.3363754963502288
2018-02-08T19:50:13Z,-0.5033124685287476
2018-02-09T12:09:45Z,0.0128043014556169
2018-02-10T20:53:13Z,-0.007857596501708
2018-02-10T22:19:00Z,-0.0918139591813087
2018-02-11T17:02:55Z,0.1027695816010236
2018-02-12T13:03:17Z,0.0110980309545993
2018-02-12T14:35:43Z,0.642404573969543
2018-02-12T20:31:36Z,0.1187601471319794
2018-02-13T17:10:04Z,-0.0008219890296459
2018-02-13T17:35:03Z,0.8820728482678533
2018-02-13T17:35:46Z,0.4594832845032215
2018-02-13T18:07:45Z,-0.0060371365398168
2018-02-13T18:11:16Z,0.2287632972002029
2018-02-13T19:08:22Z,0.1580421766266226
2018-02-14T13:42:35Z,-0.9628616673871876
2018-02-14T15:31:58Z,0.0006964467465877
2018-02-14T17:10:23Z,0.0145206227898597
2018-02-14T21:58:23Z,0.6263350835070014
2018-02-14T22:03:17Z,0.905794121325016
2018-02-15T14:11:49Z,0.9363983208313584
2018-02-15T15:11:01Z,0.6333088204264641
2018-02-15T16:55:35Z,0.1606174111366272
2018-02-15T17:33:16Z,0.0775737464427948
2018-02-15T18:43:10Z,0.0469154771417379
2018-02-15T19:12:35Z,0.8810438476502895
2018-02-16T14:35:09Z,-0.005744993686676
2018-02-16T16:07:51Z,0.0066373161971569
2018-02-20T15:34:04Z,0.0526991123333573
2018-02-20T22:09:19Z,0.0074855033308267
2018-02-21T09:14:27Z,0.1744264718145132
2018-02-21T12:37:22Z,-0.0762254334986209
2018-02-21T14:12:38Z,0.4823663383722305
2018-02-21T14:48:05Z,0.2936313655227422
2018-02-21T18:43:16Z,0.0642215013504028
2018-02-22T11:23:45Z,0.1976868435740471
2018-02-22T14:04:01Z,-0.5699014142155647
2018-02-22T16:17:56Z,0.1265180315822363
2018-02-22T16:49:39Z,0.9214035999029876
2018-02-24T15:46:31Z,-0.1789006739854812
2018-02-25T20:02:49Z,0.167623346671462
2018-02-25T20:21:06Z,0.1311825076118111
2018-02-26T09:11:09Z,0.7335657179355621
2018-02-26T09:14:03Z,0.8127406812272966
2018-02-26T16:20:48Z,-0.0065764896571636
2018-02-26T17:37:57Z,0.3900844035670161
2018-02-27T12:23:21Z,-0.4089312180876732
2018-02-27T12:39:50Z,0.2145777512341737
2018-02-27T14:34:58Z,0.1820046957582235
2018-02-27T16:02:45Z,0.0472943447530269
2018-02-27T21:24:45Z,0.1246673017740249
2018-02-27T22:41:10Z,0.0227408688515424
2018-02-28T14:01:12Z,-0.0078385304659605
2018-02-28T20:03:41Z,0.0724167041480541
2018-03-01T14:27:53Z,0.3281172476708889
2018-03-01T17:32:10Z,-0.9651941657066344
2018-03-03T19:18:30Z,0.1226059878244996
2018-03-05T09:27:25Z,-0.9519628370180726
2018-03-05T11:29:33Z,0.1037476481869816
2018-03-05T16:47:10Z,-0.9624017523601652
2018-03-05T19:25:59Z,-0.2799545228481293
2018-03-06T16:55:54Z,-0.0627704858779907
2018-03-06T17:32:37Z,0.2179947448894381
2018-03-06T18:31:35Z,0.0249684676527977
2018-03-06T21:17:37Z,-0.9537131059914828
2018-03-07T12:10:30Z,-0.9480206426233052
2018-03-07T12:19:15Z,0.6386317238211632
2018-03-07T19:05:52Z,0.1100211348384618
2018-03-07T19:15:14Z,0.037536546587944
2018-03-08T12:29:31Z,0.9173502903431654
2018-03-08T12:43:54Z,0.8347411658614874
2018-03-10T20:01:23Z,-0.7621803134679794
2018-03-10T20:55:57Z,0.0168517436832189
2018-03-12T08:04:31Z,0.6801906088367105
2018-03-12T12:06:57Z,-0.0567106008529663
2018-03-12T12:51:57Z,-0.8453122563660145
2018-03-12T15:39:07Z,0.6881858333945274
2018-03-12T15:46:14Z,0.4110210286453366
2018-03-12T16:22:58Z,0.6322597339749336
2018-03-12T16:28:37Z,0.0785829629749059
2018-03-12T16:32:50Z,0.0516649130731821
2018-03-12T17:31:13Z,-0.8529683500528336
2018-03-12T17:40:00Z,-0.0229296796023845
2018-03-12T18:05:23Z,0.0807364098727703
2018-03-13T09:17:01Z,0.4238288393244147
2018-03-13T13:24:51Z,0.0383327808231115
2018-03-13T17:00:45Z,0.0071502402424812
2018-03-14T13:04:43Z,-0.0130425877869129
2018-03-14T14:58:02Z,-0.0126618072390556
2018-03-14T17:24:05Z,0.2073877416551113
2018-03-14T18:25:18Z,0.2624241439625621
2018-03-15T08:30:47Z,-0.9456023406237364
2018-03-15T13:47:52Z,0.2439707815647125
2018-03-15T19:43:17Z,-0.9603285305202008
2018-03-16T13:53:57Z,0.1170750316232442
2018-03-16T15:21:46Z,0.0598912062123417
2018-03-16T16:45:46Z,0.1065127849578857
2018-03-17T14:40:07Z,0.0579771716147661
2018-03-19T08:42:29Z,0.2807685611769557
2018-03-19T08:52:48Z,-0.0196752995252609
2018-03-19T08:56:57Z,-0.8237081170082092
2018-03-19T08:58:12Z,-0.9289435679093004
2018-03-19T11:08:13Z,0.0678861271589994
2018-03-19T11:52:22Z,-0.9539952697232366
2018-03-19T13:03:26Z,-0.9029035242274404
2018-03-19T13:05:23Z,-0.0158042609691619
2018-03-19T15:44:30Z,0.1206378489732742
2018-03-19T18:23:46Z,0.0443124156445264
2018-03-19T19:17:30Z,-0.9466133322566748
2018-03-19T21:01:25Z,-0.1153218895196914
2018-03-20T13:38:26Z,0.1431849719956517
2018-03-20T14:16:48Z,-0.0690191723406314
2018-03-20T17:00:34Z,0.9242175752297044
2018-03-20T17:00:38Z,0.0911891721189022
2018-03-20T17:39:45Z,0.8262750096619129
2018-03-20T18:44:49Z,0.9129923013970256
2018-03-21T13:50:36Z,-0.9659232590347528
2018-03-21T14:03:12Z,-0.0388597063720226
2018-03-21T15:35:36Z,-0.9654946979135276
2018-03-21T18:44:31Z,-0.1370036005973816
2018-03-21T20:17:53Z,0.1449091071262955
2018-03-21T20:37:37Z,0.1297743767499923
2018-03-22T08:20:18Z,0.3152159843593836
2018-03-22T13:51:26Z,0.908486945554614
2018-03-22T14:39:24Z,-0.7710827887058258
2018-03-23T12:03:41Z,0.3861922156065702
2018-03-23T12:04:16Z,0.620638171210885
2018-03-23T14:34:01Z,-0.8381378427147865
2018-03-23T21:14:00Z,-0.0005670953541994
2018-03-26T12:02:31Z,-0.8815670013427734
2018-03-26T13:29:18Z,0.0888265650719404
2018-03-26T13:56:10Z,0.3093913504853844
2018-03-26T14:18:54Z,0.1358079016208648
2018-03-26T15:21:38Z,-0.0308115575462579
2018-03-26T16:19:33Z,-0.1016859970986843
2018-03-27T14:38:32Z,-0.0072324573993682
2018-03-27T15:24:00Z,0.2623866507783532
2018-03-27T15:24:41Z,0.0433000922203063
2018-03-27T15:25:27Z,0.181176639162004
2018-03-27T15:29:27Z,0.0800519594922661
2018-03-27T15:33:28Z,0.1760687129572034
2018-03-28T08:54:13Z,-0.911443155258894
2018-03-28T08:57:26Z,-0.9586566323414444
2018-03-28T11:05:54Z,-0.9497113367542624
2018-03-28T12:01:30Z,0.1132076242938637
2018-03-28T13:16:02Z,0.004809021949768
2018-03-28T14:19:30Z,0.6164904832839966
2018-03-28T14:27:30Z,-0.9582008901052176
2018-03-28T16:44:19Z,0.6300878822803497
2018-03-28T17:19:52Z,0.0451248008757829
2018-03-28T18:58:29Z,-0.8851708360016346
2018-03-28T19:56:47Z,-0.0460309386253356
2018-03-29T13:00:22Z,-0.7902038916945457
2018-03-29T16:05:20Z,0.0001308843493461
2018-03-29T16:12:15Z,0.1761195510625839
2018-03-29T17:18:39Z,0.0324917677789926
2018-03-30T13:49:35Z,0.1522016376256942
2018-03-31T13:14:46Z,0.0486781597137451
2018-04-01T14:14:03Z,0.0281161963939666
2018-04-02T13:56:39Z,-0.0152784176170825
2018-04-02T14:28:24Z,-0.9568121060729028
2018-04-02T14:30:33Z,-0.946687293238938
2018-04-02T14:31:36Z,0.8824861058965325
2018-04-02T17:47:28Z,-0.959676852915436
2018-04-02T18:18:23Z,-0.9124727752059698
2018-04-02T18:26:02Z,0.0202329009771347
2018-04-02T18:35:36Z,0.1250990778207779
2018-04-02T18:38:10Z,0.3594176918268204
2018-04-02T19:30:08Z,-0.6980174779891968
2018-04-02T20:40:55Z,0.2644341876730323
2018-04-03T13:00:10Z,0.0007388442754745
2018-04-03T14:19:29Z,0.3523827120661735
2018-04-03T14:55:41Z,0.9286606218665838
2018-04-03T16:19:12Z,-0.8279541116207838
2018-04-03T20:01:54Z,0.1452542133629322
2018-04-04T11:06:58Z,0.0380461290478706
2018-04-04T17:52:02Z,0.2822804301977157
2018-04-05T12:36:47Z,0.0095284134149551
2018-04-05T15:16:19Z,0.2895597815513611
2018-04-05T19:52:22Z,-0.2324477471411228
2018-04-05T20:27:26Z,-0.9442974645644426
2018-04-06T13:28:52Z,0.0977619495242834
2018-04-06T15:38:19Z,-0.9488787688314916
2018-04-06T15:41:48Z,0.0755601515993475
2018-04-06T19:43:37Z,0.6872863061726093
2018-04-07T20:06:09Z,-0.1176579818129539
2018-04-09T08:22:55Z,0.6953654503449798
2018-04-09T08:24:07Z,0.2136835604906082
2018-04-09T12:30:54Z,0.4203078150749206
2018-04-09T13:00:17Z,-0.007510557770729
2018-04-09T13:46:29Z,-0.4643527865409851
2018-04-09T19:07:01Z,-0.9624207569286228
2018-04-10T22:53:35Z,-0.0693315621465444
2018-04-11T13:10:42Z,0.1643932908773422
2018-04-11T14:58:27Z,0.3102517053484916
2018-04-11T16:39:11Z,0.1841602390632033
2018-04-11T21:15:19Z,-0.9519432615488768
2018-04-12T01:12:46Z,-0.9612744618207216
2018-04-12T11:06:51Z,-0.9532487839460372
2018-04-12T11:31:39Z,0.1313508003950119
2018-04-12T13:26:28Z,0.8985986560583115
2018-04-12T14:46:11Z,-0.9525809567421676
2018-04-13T14:04:18Z,0.3114251000806689
2018-04-13T17:44:54Z,-0.2395826205611229
2018-04-13T18:56:55Z,0.2873096792027354
2018-04-16T13:28:51Z,0.2053584475070238
2018-04-16T16:13:18Z,-0.8786824457347393
2018-04-16T18:07:19Z,0.0541349723935127
2018-04-17T08:23:08Z,0.9336716793477536
2018-04-17T08:36:26Z,-0.5405338816344738
2018-04-17T13:42:14Z,0.0539297824725508
2018-04-18T14:11:46Z,-0.9588580513373016
2018-04-18T19:14:11Z,0.0392659874632954
2018-04-19T12:01:36Z,-0.9631854994222522
2018-04-19T13:20:46Z,0.2700016004964709
2018-04-19T13:28:58Z,-0.9589245673269032
2018-04-19T14:16:02Z,0.1259128265082836
2018-04-19T16:52:25Z,0.7178922519087791
2018-04-20T10:42:58Z,-0.8398558022454381
2018-04-20T11:54:51Z,-0.4753526747226715
2018-04-20T12:00:31Z,0.0084021911025047
2018-04-20T13:24:47Z,-0.9019556362181902
2018-04-20T13:55:14Z,-0.0941036753356456
2018-04-20T14:11:55Z,0.9106901232153176
2018-04-20T20:11:16Z,0.7966753952205181
2018-04-21T20:51:51Z,-0.0168804507702589
2018-04-23T08:18:00Z,-0.9622452748008072
2018-04-23T14:00:54Z,0.9077515630051494
2018-04-23T14:22:37Z,-0.6667398475110531
2018-04-23T15:09:17Z,0.1300238212570548
2018-04-23T15:11:26Z,-0.4854837488383055
2018-04-23T15:13:13Z,-0.949531720019877
2018-04-23T15:13:45Z,-0.9515917478129268
2018-04-23T15:25:11Z,-0.9593914728611708
2018-04-23T15:54:33Z,-0.0085557587444782
2018-04-23T17:40:55Z,0.0317751578986644
2018-04-23T19:33:54Z,0.0938786752521991
2018-04-24T00:51:11Z,0.0271421708166599
2018-04-24T08:18:53Z,0.7863033218309283
2018-04-24T11:19:39Z,0.4425593204796314
2018-04-24T14:00:38Z,-0.9647347400896252
2018-04-24T16:29:55Z,0.0210435632616281
2018-04-24T16:54:43Z,0.0088095106184482
2018-04-24T17:05:29Z,-0.0082376096397638
2018-04-24T19:45:04Z,0.1655580699443817
2018-04-25T14:12:11Z,0.0305293425917625
2018-04-25T15:46:53Z,-0.0064419638365507
2018-04-25T20:45:48Z,0.7237852485850453
2018-04-26T00:48:15Z,0.6979532763361931
2018-04-26T08:21:59Z,-0.0501024425029754
2018-04-26T13:23:50Z,-0.0168131664395332
2018-04-26T13:44:40Z,0.0067230928689241
2018-04-26T14:06:20Z,-0.9063174650073051
2018-04-26T16:18:47Z,-0.3906657136976719
2018-04-26T16:33:39Z,-0.9590436024591328
2018-04-26T18:18:09Z,-0.9575350629165768
2018-04-27T08:49:09Z,-0.5353560224175453
2018-04-27T15:38:52Z,0.0821546679362654
2018-04-27T18:09:09Z,0.4629322271794081
2018-04-27T19:38:55Z,0.342380903661251
2018-04-29T12:43:03Z,0.0112455431371927
2018-04-30T11:30:44Z,0.0075897462666034
2018-04-30T11:39:39Z,0.0907780975103378
2018-04-30T13:06:34Z,0.8103727363049984
2018-04-30T13:28:18Z,-0.9407224021852016
2018-04-30T13:46:38Z,-0.0817570202052593
2018-04-30T14:07:15Z,-0.8201164416968822
2018-04-30T14:39:04Z,0.3923457218334079
2018-04-30T15:58:33Z,-0.0833437070250511
2018-04-30T16:14:30Z,-0.5185122601687908
2018-04-30T16:56:10Z,-0.0870784204453229
2018-04-30T19:11:34Z,-0.0098636019974946
2018-04-30T20:24:27Z,0.0003409795463085
2018-04-30T20:52:23Z,0.1176374852657318
2018-04-30T21:14:16Z,0.0069860238581895
2018-05-01T08:46:28Z,0.7496693632565439
2018-05-01T08:59:22Z,-0.0769145842641592
2018-05-01T09:02:11Z,-0.0369974467903375
2018-05-01T11:26:21Z,-0.1218127086758613
2018-05-01T11:56:11Z,-0.9085836485028268
2018-05-01T12:50:05Z,0.3128214636817574
2018-05-01T14:23:38Z,-0.0109647884964942
2018-05-01T16:12:39Z,0.004754027351737
2018-05-01T16:55:10Z,-0.7883376106619835
2018-05-01T18:01:31Z,-0.0025910586118698
2018-05-01T19:17:07Z,0.1349949538707733
2018-05-01T19:47:32Z,0.0177306327968835
2018-05-01T20:30:27Z,0.1055711358785629
2018-05-01T20:30:40Z,0.0271826311945915
2018-05-01T20:31:11Z,0.2825658936053514
2018-05-01T20:31:40Z,0.5187989175319672
2018-05-01T20:32:03Z,0.493605688214302
2018-05-01T20:34:11Z,0.0329399658367037
2018-05-01T20:34:46Z,0.9246547631919384
2018-05-01T20:48:53Z,0.3486439883708954
2018-05-01T21:12:00Z,-0.5136577785015106
2018-05-02T09:38:17Z,-0.0499472524970769
2018-05-02T12:11:20Z,-0.0810081511735916
2018-05-02T12:11:35Z,0.0136249624192714
2018-05-02T12:22:33Z,0.7923818193376064
2018-05-02T12:37:18Z,-0.0109276194125413
2018-05-02T12:38:09Z,-0.9604942305013536
2018-05-02T12:38:58Z,0.9407436717301608
2018-05-02T12:40:05Z,-0.4126652777194977
2018-05-02T12:40:49Z,0.0129577033221721
2018-05-02T12:41:29Z,0.7824371829628944
2018-05-02T12:49:49Z,0.7422305746003985
2018-05-02T13:01:37Z,0.1132076242938637
2018-05-02T13:03:12Z,-0.0029792562127113
2018-05-02T13:14:46Z,0.0106243100017309
2018-05-02T13:16:36Z,0.6714551411569118
2018-05-02T13:17:19Z,0.9321606177836655
2018-05-02T13:18:26Z,-0.7940926551818848
2018-05-02T13:21:17Z,0.7413044339045882
2018-05-02T13:22:31Z,0.1138180298730731
2018-05-02T13:23:35Z,0.223596348427236
2018-05-02T13:33:38Z,0.7421797420829535
2018-05-02T13:35:53Z,0.5861269738525152
2018-05-02T13:57:06Z,-0.0858051590621471
2018-05-02T14:15:11Z,-0.2501088231801986
2018-05-02T14:22:41Z,-0.3555483222007751
2018-05-02T14:51:34Z,0.7322597354650497
2018-05-02T15:09:10Z,0.0077950656414031
2018-05-02T16:47:16Z,-0.92781163752079
2018-05-02T17:30:55Z,-0.3668274730443954
2018-05-02T17:50:58Z,-0.8764368947595358
2018-05-02T17:55:22Z,-0.0098423976451158
2018-05-02T19:01:20Z,-0.7377626821398735
2018-05-02T19:51:04Z,-0.9494287930428982
2018-05-03T08:42:37Z,0.1364251114428043
2018-05-03T14:38:06Z,-0.8573975302278996
2018-05-03T15:18:23Z,-0.0010983180254697
2018-05-03T16:12:26Z,0.1862008851021528
2018-05-04T07:57:18Z,0.0734683517366647
2018-05-04T13:01:44Z,0.0123736653476953
2018-05-04T13:17:55Z,0.8484299425035715
2018-05-04T13:47:27Z,0.0084791425615549
2018-05-04T15:40:04Z,-0.0164622738957405
2018-05-04T15:43:32Z,0.5778979826718569
2018-05-06T18:23:03Z,-0.0082253776490688
2018-05-06T21:49:55Z,0.0750012258067727
2018-05-07T11:10:36Z,0.1248707696795463
2018-05-07T14:08:40Z,0.3846513740718364
2018-05-07T14:45:17Z,0.0616868594661355
2018-05-07T18:47:59Z,-0.0030728355050086
2018-05-07T19:26:02Z,-0.6403085328638554
2018-05-07T20:43:24Z,0.3640359751880169
2018-05-07T20:43:54Z,-0.0333049558103084
2018-05-08T08:17:08Z,-0.9276188649237156
2018-05-08T13:56:32Z,-0.7655344046652317
2018-05-08T14:41:29Z,0.0716797392815351
2018-05-08T16:20:36Z,0.0083567202091217
2018-05-09T07:53:05Z,0.0057883411645889
2018-05-09T12:18:58Z,0.0084720738232135
2018-05-09T15:56:13Z,0.0851660817861557
2018-05-09T17:52:17Z,0.0465355981141328
2018-05-09T19:00:12Z,0.0257497038692235
2018-05-09T21:36:44Z,0.7189410692080855
2018-05-10T15:12:24Z,0.2484430437907576
2018-05-10T15:13:02Z,0.0269655417650938
2018-05-10T15:54:01Z,0.0458361264318227
2018-05-11T13:38:37Z,-0.0267494730651378
2018-05-11T15:01:58Z,0.8009835742413998
2018-05-11T16:45:35Z,0.0569271091371774
2018-05-11T19:05:36Z,-0.3277992308139801
2018-05-11T21:43:21Z,-0.0005670953541994
2018-05-13T14:03:05Z,0.0053072106093168
2018-05-13T14:18:34Z,0.0098454803228378
2018-05-14T14:14:51Z,0.088968763127923
2018-05-14T19:17:33Z,-0.0114449486136436
2018-05-15T12:25:06Z,0.7364402925595641
2018-05-15T13:31:06Z,0.0305779417976737
2018-05-15T14:26:20Z,-0.1325324103236198
2018-05-15T14:53:04Z,0.7015702575445175
2018-05-15T20:05:38Z,-0.4118885602802038
2018-05-15T20:15:20Z,0.148723647929728
2018-05-15T20:22:45Z,0.5670934105291963
2018-05-15T20:23:17Z,0.0506547559052705
2018-05-15T21:04:07Z,0.1404751883819699
2018-05-16T13:00:20Z,0.015042183920741
2018-05-16T15:38:50Z,0.0578573383390903
2018-05-16T15:43:55Z,0.2343393629416823
2018-05-16T15:51:30Z,-0.0370154436677694
2018-05-16T19:19:28Z,0.8018520958721638
2018-05-16T20:38:03Z,0.0075054913759231
2018-05-17T11:30:20Z,0.0221914052963256
2018-05-17T15:17:44Z,-0.7743124887347221
2018-05-17T20:06:37Z,0.38045968208462
2018-05-18T11:17:37Z,0.0282381847500801
2018-05-18T14:46:48Z,-0.0103815216571092
2018-05-18T15:42:08Z,-0.8842091048136353
2018-05-20T10:22:52Z,0.7697830460965633
2018-05-21T13:37:52Z,0.9374467525631188
2018-05-21T14:08:01Z,-0.0349369999021291
2018-05-21T20:46:34Z,-0.2168356571346521
2018-05-22T12:05:25Z,-0.0211537629365921
2018-05-23T08:24:18Z,0.1782605107873678
2018-05-23T13:34:46Z,0.053772778250277
2018-05-23T14:53:54Z,0.9258824335411192
2018-05-23T15:54:06Z,0.3157020807266235
2018-05-23T23:39:39Z,-0.0466348677873611
2018-05-24T12:44:53Z,0.808718491345644
2018-05-24T13:49:30Z,-0.0942556038498878
2018-05-24T16:06:26Z,0.2945752590894699
2018-05-24T22:01:00Z,-0.54485441185534
2018-05-25T08:45:00Z,-0.726518202573061
2018-05-25T14:51:19Z,-0.4709298312664032
2018-05-25T18:57:53Z,-0.9435931034386158
2018-05-27T15:21:05Z,-0.0009152051061391
2018-05-28T13:32:20Z,-0.4538188371807337
2018-05-28T13:54:13Z,0.0582862365990877
2018-05-29T08:39:22Z,-0.935044434852898
2018-05-29T13:05:47Z,0.9000572329387069
2018-05-29T13:06:48Z,-0.0059683732688426
2018-05-29T13:59:46Z,-0.0076758936047554
2018-05-29T14:28:26Z,0.0721613205969333
2018-05-29T19:57:06Z,-0.0023124366998672
2018-05-30T12:24:51Z,-0.622195104137063
2018-05-30T13:31:29Z,-0.5521773546934128
2018-05-30T13:46:56Z,-0.9590959623456
2018-05-30T13:49:07Z,-0.513630673289299
2018-05-30T14:22:51Z,-0.6702942475676537
2018-05-30T15:26:43Z,-0.5741274543106556
2018-05-30T17:08:49Z,0.2031613998115062
2018-05-30T19:32:38Z,-0.0227252505719661
2018-05-31T10:27:04Z,-0.8249698895961046
2018-05-31T13:40:25Z,0.5590013368055224
2018-05-31T15:09:41Z,0.0177156925201416
2018-05-31T15:43:29Z,0.8899945355951786
2018-05-31T15:53:56Z,-0.5891489386558533
2018-05-31T16:33:15Z,-0.1713588871061802
2018-05-31T20:47:23Z,-0.183822575956583
2018-06-01T12:59:13Z,0.9249427691102028
2018-06-01T13:15:39Z,0.9285011813044548
2018-06-01T15:06:50Z,-0.4294383451342582
2018-06-01T15:15:32Z,0.267645925283432
2018-06-01T16:28:36Z,0.8431541519239545
2018-06-01T19:22:48Z,0.1488405019044876
2018-06-01T19:26:37Z,0.2210857486352324
2018-06-02T21:45:27Z,-0.001757500693202
2018-06-03T21:52:57Z,0.0214504487812519
2018-06-04T08:31:46Z,0.0972015680745244
2018-06-04T08:39:09Z,-0.0275075361132621
2018-06-04T10:49:01Z,-0.0120002850890159
2018-06-04T14:06:56Z,0.0307464431971311
2018-06-04T16:12:30Z,0.2047549188137054
2018-06-04T16:56:53Z,-0.9563687620684505
2018-06-04T16:59:55Z,-0.8123605800792575
2018-06-04T17:00:21Z,0.0202819854021072
2018-06-04T17:03:55Z,0.0414702640846371
2018-06-04T17:05:44Z,-0.0146725848317146
2018-06-04T17:07:02Z,0.043202580884099
2018-06-04T17:07:38Z,0.0440386813133955
2018-06-04T17:10:33Z,0.1047590635716915
2018-06-04T17:11:04Z,0.7735516326501966
2018-06-04T17:11:47Z,0.0128267463296651
2018-06-04T17:16:04Z,0.5131018478423357
2018-06-04T17:16:19Z,0.0078947879374027
2018-06-04T17:17:06Z,0.3394803572446108
2018-06-04T17:17:42Z,0.3160204254090786
2018-06-04T17:18:16Z,0.0859738094732165
2018-06-04T17:18:40Z,0.50046840403229
2018-06-04T17:19:31Z,0.0708322888240218
2018-06-04T17:20:38Z,0.06786978431046
2018-06-04T17:21:12Z,0.0736237782984972
2018-06-04T17:24:11Z,0.0475392192602157
2018-06-04T17:29:27Z,0.0341887567192316
2018-06-04T17:29:42Z,-0.0031685754656791
2018-06-04T17:32:04Z,0.3205586671829223
2018-06-04T17:32:48Z,0.007535271346569
2018-06-04T17:33:36Z,-0.3653284385800361
2018-06-04T17:35:32Z,0.1079703699797391
2018-06-04T17:40:56Z,0.0083615556359291
2018-06-04T17:44:09Z,0.1012826766818761
2018-06-04T17:46:00Z,0.3881547711789608
2018-06-04T18:01:41Z,-0.0425820872187614
2018-06-04T18:04:20Z,0.0074436794966459
2018-06-04T18:06:40Z,0.0630525154992938
2018-06-04T18:25:25Z,0.0061197783797979
2018-06-04T18:27:39Z,0.1529061403125524
2018-06-04T18:33:02Z,0.1081598727032542
2018-06-04T18:36:22Z,0.0299870409071445
2018-06-04T18:38:50Z,0.0275867581367492
2018-06-04T18:42:03Z,0.5732959620654583
2018-06-04T18:50:42Z,0.1209702352061867
2018-06-04T18:56:50Z,0.2311612600460648
2018-06-04T18:59:21Z,0.1316121984273195
2018-06-04T19:17:13Z,-0.0045264307409524
2018-06-04T19:35:04Z,0.0649025896564126
2018-06-04T20:29:46Z,0.027675986289978
2018-06-04T20:44:05Z,0.0083142220973968
2018-06-05T13:01:09Z,0.005727507174015
2018-06-05T14:05:28Z,0.0902901776134967
2018-06-05T14:08:07Z,-0.957995164208114
2018-06-05T14:34:04Z,0.3113435506820678
2018-06-05T14:55:38Z,0.0069818794727325
2018-06-05T15:21:09Z,0.4121141582727432
2018-06-05T16:54:20Z,0.0261746980249881
2018-06-05T18:06:22Z,0.1542124226689338
2018-06-06T11:24:03Z,-0.0056089162826538
2018-06-06T14:12:52Z,-0.0140589345246553
2018-06-06T16:48:25Z,0.0020023547112941
2018-06-06T20:02:58Z,0.3291341653093695
2018-06-06T20:59:01Z,-0.5963120609521866
2018-06-07T10:52:34Z,-0.0028251484036445
2018-06-07T12:20:16Z,-0.2645508050918579
2018-06-07T14:09:10Z,0.7970283813774586
2018-06-07T15:03:17Z,-0.872430257499218
2018-06-07T16:09:43Z,-0.9633291522040964
2018-06-07T16:30:21Z,-0.4791086167097091
2018-06-08T08:07:32Z,0.2005182914435863
2018-06-08T08:13:45Z,-0.9581253053620458
2018-06-08T12:34:10Z,0.7914289850741625
2018-06-08T13:28:11Z,-0.9599918723106384
2018-06-08T14:22:44Z,-0.8592785783112049
2018-06-08T16:50:02Z,-0.0231289938092231
2018-06-08T20:09:24Z,-0.0036247856914997
2018-06-11T12:13:03Z,0.0862399470061063
2018-06-11T14:11:34Z,-0.686979504302144
2018-06-11T14:23:40Z,0.102396285161376
2018-06-11T19:17:38Z,-0.8939120024442673
2018-06-11T20:36:08Z,-0.7743147350847721
2018-06-12T08:01:05Z,0.0738331265747547
2018-06-12T14:31:19Z,-0.9136940203607082
2018-06-13T15:57:38Z,-0.0619296543300151
2018-06-14T14:27:14Z,0.2163112973794341
2018-06-14T14:32:21Z,-0.3588595390319824
2018-06-14T16:54:37Z,0.055210243910551
2018-06-14T19:22:29Z,0.4739268962293863
2018-06-15T13:14:21Z,0.0215600319206714
2018-06-15T17:05:20Z,0.7203085226938128
2018-06-15T18:03:32Z,0.1551934545859694
2018-06-15T19:24:50Z,-0.9645591815933584
2018-06-18T10:35:12Z,0.0267122955992817
2018-06-18T13:31:53Z,-0.1135712563991546
2018-06-19T15:04:54Z,-0.5376710221171379
2018-06-19T15:31:27Z,-0.3973960280418396
2018-06-19T15:54:43Z,-0.0467406157404184
2018-06-19T16:51:56Z,0.5653129108250141
2018-06-20T13:58:45Z,-0.6312312856316566
2018-06-20T19:48:27Z,0.4095917493104934
2018-06-20T19:48:28Z,0.8164655193686485
2018-06-20T20:28:10Z,0.0757232382893562
2018-06-21T14:49:12Z,0.0395096763968467
2018-06-22T15:06:17Z,0.016828466206789
2018-06-25T11:20:10Z,0.0684538148343563
2018-06-25T18:00:12Z,-0.3219802100211382
2018-06-26T13:36:02Z,-0.9425508081912994
2018-06-26T16:04:15Z,0.1473037600517273
2018-06-26T17:21:22Z,0.7522656749933958
2018-06-27T10:15:27Z,-0.9117811983451248
2018-06-27T13:44:17Z,-0.8544842712581158
2018-06-27T18:37:08Z,-0.7136813066899776
2018-06-29T20:03:26Z,-0.7141696065664291
2018-06-30T22:02:34Z,0.0033792927861213
2018-07-02T17:42:52Z,0.0137552097439765
2018-07-03T14:02:19Z,0.3464498557150364
2018-07-03T14:41:51Z,0.1819551531225443
2018-07-05T14:56:48Z,-0.9367068987339736
2018-07-06T11:16:04Z,0.7075884994119406
2018-07-06T13:30:43Z,0.5367181152105331
2018-07-06T14:10:23Z,0.5418389588594437
2018-07-06T15:41:15Z,0.2816073922440409
2018-07-06T15:49:24Z,0.0042709223926067
2018-07-06T17:43:45Z,-0.9564047185704112
2018-07-08T23:13:05Z,0.0043744873255491
2018-07-10T11:47:44Z,0.0923483949154615
2018-07-10T14:59:44Z,0.2381542259827256
2018-07-10T15:52:38Z,0.123088002204895
2018-07-10T15:59:04Z,0.0403701122850179
2018-07-10T17:34:51Z,-0.9287853874266148
2018-07-10T18:54:54Z,-0.2563509345054626
2018-07-10T20:36:00Z,0.0912824496626854
2018-07-11T08:28:58Z,-0.9178856387734412
2018-07-11T13:01:01Z,-0.0054821874946355
2018-07-12T12:33:45Z,0.1189985172823071
2018-07-12T14:23:33Z,-0.29480691999197
2018-07-12T14:25:11Z,0.1910955607891082
2018-07-12T18:18:24Z,-0.8490383923053741
2018-07-12T20:20:47Z,-0.352573174983263
2018-07-12T20:43:56Z,0.9369748942553996
2018-07-12T23:16:12Z,0.2672910345718264
2018-07-13T14:19:14Z,-0.0247184634208679
2018-07-16T07:43:39Z,-0.5448299795389175
2018-07-16T07:54:57Z,0.8334741592407227
2018-07-16T19:09:23Z,0.2581666614860296
2018-07-17T16:14:51Z,0.0822536805644631
2018-07-18T14:26:59Z,-0.0269512608647346
2018-07-18T15:12:50Z,0.8428534418344498
2018-07-18T20:12:14Z,0.8410372734069824
2018-07-19T19:42:51Z,0.9198133703321218
2018-07-20T12:43:38Z,0.0193720236420631
2018-07-20T15:32:27Z,0.8502932833507657
2018-07-20T18:40:21Z,0.1645233654417097
2018-07-23T12:04:20Z,0.8250099308788776
2018-07-23T13:42:44Z,-0.1186727881431579
2018-07-23T13:46:34Z,0.592649981379509
2018-07-23T21:19:13Z,-0.6808816539123654
2018-07-24T08:13:40Z,0.4735011905431747
2018-07-24T12:05:21Z,0.8205483593046665
2018-07-24T13:44:05Z,-0.0961587354540824
2018-07-24T14:37:06Z,0.8179451134055853
2018-07-24T15:01:29Z,-0.3584669232368469
2018-07-24T15:39:33Z,-0.1539699751883745
2018-07-24T18:21:58Z,-0.2649177424609661
2018-07-24T19:17:35Z,0.0618195924907922
2018-07-25T14:37:47Z,0.2002172134816646
2018-07-25T15:00:48Z,-0.7184661030769348
2018-07-25T16:53:19Z,-0.0294742584228515
2018-07-25T21:16:25Z,0.1284231217578053
2018-07-26T13:58:32Z,0.2758767534978688
2018-07-26T14:42:09Z,0.7861161306500435
2018-07-26T15:00:59Z,0.7518304381519556
2018-07-26T15:28:38Z,0.0443755220621824
2018-07-26T18:55:14Z,0.0166241861879825
2018-07-26T19:46:04Z,0.072702445089817
2018-07-27T14:01:04Z,0.9079556185752152
2018-07-27T14:42:49Z,0.5316218622028828
2018-07-27T15:26:41Z,0.9178775530308484
2018-07-27T17:00:16Z,0.002107735723257
2018-07-27T19:28:58Z,0.8293656036257744
2018-07-27T19:36:56Z,-0.8467228375375271
2018-07-30T14:16:24Z,0.0862657688558101
2018-07-30T14:55:09Z,0.555723967961967
2018-07-30T14:57:58Z,0.4238433241844177
2018-07-30T17:46:50Z,0.0057565122842788
2018-07-30T19:18:01Z,0.3111894950270653
2018-07-31T08:37:34Z,-0.0968320593237876
2018-07-31T08:46:17Z,-0.0398484878242015
2018-07-31T12:07:53Z,-0.0175322666764259
2018-07-31T13:01:59Z,0.1132076242938637
2018-07-31T13:58:00Z,-0.8043369725346565
2018-07-31T14:34:21Z,0.8842120207846165
2018-07-31T19:10:38Z,-0.0623880829662084
2018-07-31T20:21:59Z,-0.0373090226203203
2018-07-31T20:29:20Z,0.4072681665420532
2018-07-31T20:30:24Z,-0.5582872778177261
2018-07-31T20:30:38Z,0.5544067621231079
2018-07-31T20:31:26Z,0.6885135993361473
2018-07-31T20:32:05Z,-0.9662250438705088
2018-07-31T20:32:22Z,0.9216719996184112
2018-07-31T21:00:46Z,0.9075476434081792
2018-07-31T21:05:50Z,-0.6090444624423981
2018-07-31T21:05:51Z,0.5399453341960907
2018-07-31T21:09:48Z,0.9269591197371484
2018-07-31T21:16:35Z,-0.6702196933329105
2018-07-31T21:19:57Z,0.8935534581542015
2018-07-31T21:31:18Z,0.0337003972381353
2018-07-31T21:32:58Z,0.2872859518975019
2018-07-31T21:34:52Z,0.8945797495543957
2018-07-31T21:36:18Z,0.9161657746881248
2018-07-31T21:36:48Z,0.6437780261039734
2018-07-31T21:44:15Z,0.866323921829462
2018-07-31T21:46:08Z,-0.8978987745940685
2018-07-31T21:46:22Z,0.9401939213275908
2018-07-31T21:47:11Z,0.7665185704827309
2018-07-31T21:48:18Z,0.1177959442138671
2018-07-31T21:50:11Z,0.3553867191076278
2018-07-31T21:52:55Z,0.8528729155659676
2018-07-31T21:53:40Z,-0.7335796430706978
2018-07-31T21:56:27Z,0.0028867218643426
2018-07-31T21:57:25Z,0.0548764737322926
2018-07-31T21:59:25Z,0.0667878221720457
2018-08-01T08:29:05Z,-0.0412256121635437
2018-08-01T10:56:34Z,-0.8606986254453659
2018-08-01T11:46:41Z,0.0275965202599763
2018-08-01T12:27:18Z,-0.0221297964453697
2018-08-01T12:29:50Z,0.9348888751119376
2018-08-01T12:33:44Z,0.6530217379331589
2018-08-01T12:38:12Z,-0.0004614442586898
2018-08-01T12:39:52Z,0.8747480902820826
2018-08-01T12:41:19Z,0.5626852614805102
2018-08-01T12:43:00Z,-0.348038762807846
2018-08-01T12:44:34Z,0.0377260595560073
2018-08-01T13:36:54Z,0.8133040126413107
2018-08-01T13:45:48Z,0.8184397872537374
2018-08-01T13:47:47Z,0.935448743402958
2018-08-01T13:51:05Z,-0.1147931292653083
2018-08-01T14:14:00Z,0.913925526663661
2018-08-01T14:23:09Z,0.9076462592929602
2018-08-01T14:39:26Z,0.8685539700090885
2018-08-01T14:40:48Z,0.9145087152719498
2018-08-01T15:33:59Z,-0.5560159310698509
2018-08-01T15:36:38Z,0.0513899261131882
2018-08-01T15:57:15Z,0.5295723304152489
2018-08-01T16:00:40Z,-0.933778839185834
2018-08-01T16:20:26Z,0.7995328009128571
2018-08-01T16:30:11Z,0.1289397235959768
2018-08-01T17:32:35Z,0.0890434645116329
2018-08-01T18:22:29Z,0.0023497343063354
2018-08-01T18:32:59Z,-0.877825703471899
2018-08-01T20:23:25Z,0.0935116317123174
2018-08-01T20:46:48Z,0.0257944613695144
2018-08-01T21:19:48Z,-0.0142764300107955
2018-08-02T08:22:18Z,-0.9647227190434932
2018-08-02T08:24:40Z,0.9286012928932904
2018-08-02T08:52:25Z,0.7985680168494582
2018-08-02T09:50:16Z,0.1368281990289688
2018-08-02T12:44:21Z,0.1132076242938637
2018-08-02T14:14:11Z,0.7822361178696156
2018-08-02T14:46:18Z,0.0254341289401054
2018-08-02T14:56:30Z,0.7307027373462915
2018-08-02T15:09:21Z,0.0925389900803566
2018-08-02T15:48:45Z,0.1395750530064106
2018-08-02T15:56:21Z,-0.962105544283986
2018-08-02T16:00:23Z,-0.9574342053383588
2018-08-02T16:26:28Z,-0.3964687138795852
2018-08-02T16:43:14Z,-0.6668401658535004
2018-08-02T17:45:12Z,0.0224189199507236
2018-08-02T18:10:47Z,0.0697040483355522
2018-08-02T18:11:10Z,0.0212254952639341
2018-08-02T20:03:38Z,0.4610300809144974
2018-08-03T10:10:19Z,0.4839635193347931
2018-08-03T13:25:29Z,0.1138795856386423
2018-08-03T13:33:02Z,0.0125811900943517
2018-08-03T13:37:12Z,0.0081039555370807
2018-08-03T14:47:08Z,-0.9262277279049158
2018-08-03T15:06:34Z,0.1940628765150904
2018-08-03T15:16:24Z,0.744354723021388
2018-08-03T16:14:43Z,-0.9623138746246696
2018-08-03T16:20:16Z,-0.0029327142983675
2018-08-03T16:34:43Z,0.0478054657578468
2018-08-04T17:08:33Z,0.0750821642577648
2018-08-05T13:43:48Z,-0.693804644048214
2018-08-05T15:18:47Z,-0.0093849189579486
2018-08-05T15:25:07Z,0.0159783270210027
2018-08-06T08:13:07Z,0.093853517435491
2018-08-06T08:20:21Z,0.0690644979476928
2018-08-06T08:23:43Z,-0.7668182542547584
2018-08-06T08:33:29Z,-0.9430737644433976
2018-08-06T17:02:51Z,0.7140322476625443
2018-08-06T18:16:31Z,-0.066559799015522
2018-08-06T19:50:28Z,0.0375361740589141
2018-08-07T13:12:58Z,-0.0314224883913993
2018-08-07T14:31:58Z,0.9100437182933092
2018-08-07T14:56:20Z,0.0524714961647987
2018-08-07T15:27:20Z,0.7711299955844879
2018-08-07T15:49:44Z,0.0496976934373378
2018-08-07T20:10:20Z,-0.8894378207623959
2018-08-08T15:01:39Z,0.769215339794755
2018-08-08T20:18:36Z,0.8584039397537708
2018-08-08T21:29:17Z,0.0629727570340037
2018-08-08T22:09:46Z,0.1482380218803882
2018-08-09T13:55:25Z,-0.0156914889812469
2018-08-09T14:14:06Z,-0.8322076369076967
2018-08-09T15:14:11Z,0.0955700986087322
2018-08-10T08:59:32Z,-0.043395034968853
2018-08-10T11:58:47Z,-0.0305265355855226
2018-08-10T14:03:45Z,0.7535109780728817
2018-08-13T17:10:39Z,-0.9345203451812268
2018-08-13T17:14:37Z,0.2328523462638259
2018-08-13T19:17:48Z,0.0199848040938377
2018-08-14T09:02:38Z,-0.7203445266932249
2018-08-14T11:16:06Z,0.034055046737194
2018-08-14T17:50:22Z,0.6948700789362192
2018-08-14T20:10:47Z,0.9050426073372364
2018-08-14T21:03:44Z,-0.6320199370384216
2018-08-15T10:37:33Z,0.6992059359326959
2018-08-15T14:23:13Z,0.051040731370449
2018-08-15T17:09:21Z,-0.8818960413336754
2018-08-16T15:09:38Z,-0.3404337987303734
2018-08-16T19:51:40Z,-0.8272179365158081
2018-08-17T08:12:14Z,0.2006400814279914
2018-08-17T14:39:44Z,0.7513402663171291
2018-08-20T08:01:42Z,-0.925790905021131
2018-08-20T13:17:22Z,-0.6572141051292419
2018-08-20T18:12:05Z,-0.9642980508506298
2018-08-20T18:36:50Z,0.0584449023008346
2018-08-21T08:11:04Z,0.0618387684226036
2018-08-21T12:21:46Z,0.6842171847820282
2018-08-21T13:41:29Z,-0.0961587354540824
2018-08-21T13:53:13Z,0.0570839270949363
2018-08-21T19:10:44Z,-0.0135266222059726
2018-08-22T14:04:09Z,-0.7496739290654659
2018-08-22T15:05:19Z,0.0097633861005306
2018-08-22T17:53:40Z,-0.0070277750492095
2018-08-22T19:37:51Z,0.2810906823724508
2018-08-23T14:10:32Z,-0.8724600598216057
2018-08-23T20:33:08Z,0.0214890614151954
2018-08-23T21:02:07Z,0.007839411497116
2018-08-23T21:06:44Z,-0.0141655951738357
2018-08-24T10:18:07Z,0.7726381905376911
2018-08-24T14:05:53Z,-0.1285437494516372
2018-08-25T21:33:08Z,0.0146881081163883
2018-08-25T22:16:25Z,0.0058733746409416
2018-08-27T13:37:17Z,-0.1788165494799614
2018-08-27T17:20:29Z,0.0942356884479522
2018-08-27T19:20:39Z,-0.0174781084060668
2018-08-27T20:41:12Z,0.0356806274503469
2018-08-27T20:48:03Z,0.2644432997331023
2018-08-28T15:55:52Z,0.7242318689823151
2018-08-29T07:54:26Z,0.8848910219967365
2018-08-29T15:13:49Z,0.7350321728736162
2018-08-29T17:57:37Z,0.0637227371335029
2018-08-30T08:07:49Z,0.0036584045737981
2018-08-30T14:13:14Z,0.0024270974099636
2018-08-30T14:56:45Z,0.6305681150406599
2018-08-30T15:47:13Z,0.7611606009304523
2018-08-30T15:52:34Z,-0.027201123535633
2018-08-30T16:09:26Z,0.0150573961436748
2018-08-30T17:17:42Z,0.0165815576910972
2018-08-30T19:04:15Z,0.4001250863075256
2018-08-30T20:09:47Z,-0.002405010163784
2018-08-31T08:34:33Z,-0.9282444221898912
2018-08-31T10:55:20Z,-0.5227232351899147
2018-08-31T11:52:10Z,0.5862461552023888
2018-08-31T13:23:14Z,-0.2798405587673187
2018-08-31T13:59:08Z,-0.1285437494516372
2018-08-31T14:11:57Z,0.7755056116729975
2018-09-04T11:18:54Z,-0.0060955081135034
2018-09-04T11:31:26Z,0.8020738493651152
2018-09-04T11:49:39Z,-0.866905614733696
2018-09-04T13:45:25Z,-0.0961587354540824
2018-09-04T14:16:59Z,-0.6066884994506836
2018-09-04T14:29:32Z,0.7762000523507595
2018-09-04T14:46:48Z,0.1720055025070905
2018-09-04T17:32:58Z,0.1439158171415329
2018-09-04T18:08:43Z,0.0537736676633358
2018-09-04T18:30:50Z,-0.9304847633466125
2018-09-05T08:13:47Z,-0.4200623854994774
2018-09-05T10:17:47Z,-0.9494787193834782
2018-09-05T11:20:42Z,0.8329958021640778
2018-09-05T12:44:22Z,0.6371177211403847
2018-09-05T13:38:32Z,-0.1147931292653083
2018-09-05T14:04:26Z,0.1167654022574424
2018-09-05T14:22:44Z,0.6980562191456556
2018-09-05T14:31:41Z,0.0828363616019487
2018-09-05T14:48:42Z,-0.1910937055945396
2018-09-05T15:00:11Z,0.6640094071626663
2018-09-05T15:06:29Z,0.0224683452397584
2018-09-05T15:56:10Z,-0.024146718904376
2018-09-05T17:45:28Z,0.3246985003352165
2018-09-06T12:48:11Z,0.7275680005550385
2018-09-06T13:16:21Z,0.0458790902048349
2018-09-06T16:00:40Z,-0.0310476720333099
2018-09-07T14:02:53Z,-0.8973775319755077
2018-09-07T17:50:17Z,0.0214526504278183
2018-09-07T19:34:36Z,-0.9559244764968752
2018-09-07T19:37:38Z,-0.3860273230820894
2018-09-07T19:45:54Z,-0.9581178491935134
2018-09-07T20:12:22Z,-0.0559065118432045
2018-09-09T22:45:19Z,0.0074155442416667
2018-09-10T12:51:52Z,0.3921840637922287
2018-09-10T12:56:53Z,0.0394510142505168
2018-09-10T13:51:32Z,0.0417006351053714
2018-09-10T16:17:03Z,-0.0034646578133106
2018-09-10T16:29:56Z,0.0046103112399578
2018-09-11T08:44:23Z,0.5493767447769642
2018-09-11T13:17:09Z,0.8694792557507753
2018-09-11T14:52:11Z,-0.9407152142375708
2018-09-11T15:17:01Z,0.0420863088220357
2018-09-11T17:48:27Z,0.676855068653822
2018-09-12T10:17:24Z,0.0134865120053291
2018-09-12T11:13:05Z,0.8949070796370506
2018-09-12T12:49:40Z,-0.0510355997830629
2018-09-12T13:24:05Z,0.0263771638274192
2018-09-12T13:33:11Z,0.0607062187045812
2018-09-12T13:34:38Z,0.0106717683374881
2018-09-12T13:45:36Z,-0.2716203220188617
2018-09-12T14:27:27Z,0.0210336819291114
2018-09-12T14:50:16Z,-0.9550953488796948
2018-09-12T16:09:51Z,0.0113852471113204
2018-09-12T17:05:19Z,-0.0023247189819812
2018-09-12T17:05:27Z,0.1779322493821382
2018-09-12T17:06:25Z,0.0906204143539071
2018-09-12T17:07:24Z,-0.0048764683306217
2018-09-12T17:10:32Z,0.1446952931582927
2018-09-12T17:12:08Z,0.2092500571161508
2018-09-12T17:17:14Z,0.6368841817602515
2018-09-12T17:18:13Z,0.1917831161990761
2018-09-12T17:21:16Z,0.0710736718028783
2018-09-12T17:21:47Z,0.0327939912676811
2018-09-12T17:26:30Z,0.7070526191964746
2018-09-12T17:28:44Z,0.0457552392035722
2018-09-12T17:31:20Z,-0.9652152843773364
2018-09-12T17:33:17Z,0.1930025648325681
2018-09-12T17:35:03Z,-0.323006534948945
2018-09-12T17:36:36Z,0.0214218702167272
2018-09-12T17:38:58Z,0.0406037559732794
2018-09-12T17:40:58Z,0.7519459156319499
2018-09-12T17:42:04Z,0.063234326429665
2018-09-12T17:46:50Z,0.3055219296365976
2018-09-12T18:10:11Z,0.197828852571547
2018-09-12T18:17:36Z,0.0387702211737632
2018-09-12T18:22:30Z,0.1649570297449827
2018-09-12T18:23:19Z,0.0305382348597049
2018-09-12T18:24:27Z,0.0549616171047091
2018-09-12T18:26:15Z,0.079081505537033
2018-09-12T18:27:04Z,0.0313991568982601
2018-09-12T18:28:35Z,0.0789632843807339
2018-09-12T18:29:45Z,0.0092644579708576
2018-09-12T18:30:04Z,0.1422543376684188
2018-09-12T18:32:03Z,-0.9521864168345928
2018-09-12T18:33:32Z,0.0859043532982468
2018-09-12T18:39:28Z,0.022139735519886
2018-09-12T18:40:20Z,0.0258008893579244
2018-09-12T18:40:28Z,0.0336912218481302
2018-09-12T18:40:56Z,0.0229949727654457
2018-09-12T18:42:46Z,0.0275109838694334
2018-09-12T18:43:14Z,0.8254066705703735
2018-09-12T18:44:03Z,0.0315251871943473
2018-09-12T18:44:45Z,0.8394152261316776
2018-09-12T18:46:54Z,-0.9619493996724486
2018-09-12T19:41:24Z,0.0017705634236335
2018-09-12T20:26:58Z,0.712254973128438
2018-09-13T08:47:53Z,0.9103426039218904
2018-09-13T12:06:35Z,0.8111502788960934
2018-09-13T14:14:50Z,0.6925815716385841
2018-09-13T14:43:09Z,0.906729305163026
2018-09-13T17:05:07Z,0.732146006077528
2018-09-13T17:48:45Z,-0.4918067753314972
2018-09-13T20:08:43Z,0.0285799745470285
2018-09-13T20:24:51Z,0.0658237338066101
2018-09-14T10:54:24Z,0.8825001046061516
2018-09-14T13:01:46Z,0.5380966756492853
2018-09-14T13:32:36Z,-0.9023374691605568
2018-09-14T14:13:02Z,0.7579990774393082
2018-09-14T18:25:50Z,0.1673729792237281
2018-09-15T16:06:58Z,0.0097593702375888
2018-09-16T17:35:01Z,0.0104334093630313
2018-09-17T07:51:10Z,-0.9516307190060616
2018-09-17T11:27:42Z,-0.9568814663216472
2018-09-17T13:39:05Z,0.478923812508583
2018-09-17T14:02:58Z,-0.804749570786953
2018-09-17T16:16:14Z,-0.7080828621983528
2018-09-17T17:56:12Z,0.0443792790174484
2018-09-17T18:05:39Z,-0.027519155293703
2018-09-18T08:21:20Z,0.8528353646397591
2018-09-18T12:34:31Z,-0.1047998741269111
2018-09-18T14:20:10Z,-0.903062361292541
2018-09-18T14:31:16Z,0.9204916656017303
2018-09-18T14:32:25Z,-0.8464303761720657
2018-09-18T19:26:09Z,0.097512561827898
2018-09-19T14:22:14Z,0.0929155685007572
2018-09-19T20:24:43Z,0.7926099514588714
2018-09-20T14:21:39Z,0.2571910098195076
2018-09-21T12:54:47Z,-0.7543502673506737
2018-09-21T17:12:12Z,-0.0353799946606159
2018-09-21T17:31:04Z,-0.902872271835804
2018-09-21T21:37:37Z,0.8210568008944392
2018-09-22T20:06:54Z,0.0227336212992668
2018-09-24T08:06:25Z,0.076010562479496
2018-09-24T13:02:17Z,0.9110890608280896
2018-09-24T13:16:54Z,0.8029535338282585
2018-09-24T13:17:13Z,0.0577593576163053
2018-09-24T13:25:38Z,-0.0137394070625305
2018-09-24T15:16:40Z,0.132451866287738
2018-09-24T16:49:02Z,-0.5914253145456314
2018-09-24T18:19:21Z,0.9317225944250822
2018-09-24T20:01:45Z,0.8082595793530345
2018-09-24T21:11:53Z,-0.8621072247624397
2018-09-25T08:09:13Z,0.5653488412499428
2018-09-25T13:12:40Z,-0.3160570543259382
2018-09-25T14:32:35Z,0.3327973783016205
2018-09-25T15:16:32Z,-0.415094219148159
2018-09-25T16:05:25Z,0.0527302585542202
2018-09-25T18:31:35Z,-0.4377426318824291
2018-09-25T18:56:57Z,0.1888493373990059
2018-09-26T12:10:51Z,0.2105165384709835
2018-09-26T13:18:51Z,0.0470882980152964
2018-09-26T15:46:17Z,0.0800146237015724
2018-09-26T16:11:37Z,0.046533771790564
2018-09-26T19:48:52Z,0.0685085775330662
2018-09-27T10:42:47Z,0.0896215550601482
2018-09-27T12:23:10Z,0.2527784844860434
2018-09-27T13:45:08Z,0.0824233219027519
2018-09-27T13:51:11Z,-0.5715756881982088
2018-09-27T14:09:46Z,0.9305909741669892
2018-09-27T16:16:39Z,0.1206278139725327
2018-09-27T16:18:46Z,0.1446800027042627
2018-09-27T16:52:57Z,0.0705131497234106
2018-09-27T19:19:06Z,0.887775911949575
2018-09-28T11:59:40Z,0.6680974774062634
2018-09-28T13:35:18Z,-0.6273591369390488
2018-09-28T14:04:10Z,-0.1285437494516372
2018-09-28T14:19:17Z,0.1615410707890987
2018-09-28T18:43:09Z,-0.3717391565442085
2018-09-28T18:46:59Z,-0.572598323225975
2018-09-28T18:48:15Z,-0.0467962585389614
2018-09-28T19:13:22Z,-0.7386397421360016
2018-09-30T13:47:19Z,0.0117772500962018
2018-10-01T11:21:54Z,0.0466256253421306
2018-10-02T08:34:59Z,-0.3897898569703102
2018-10-02T13:48:45Z,0.0522791296243667
2018-10-02T23:02:06Z,0.1507737347856164
2018-10-03T16:59:27Z,0.7256573271006346
2018-10-03T21:19:32Z,0.7701354343444109
2018-10-04T10:06:13Z,-0.1942496336996555
2018-10-04T10:18:33Z,-0.8961975844576955
2018-10-04T10:21:42Z,-0.9070652294903994
2018-10-04T14:44:57Z,-0.7143363486975431
2018-10-04T15:18:28Z,0.7435726653784513
2018-10-05T08:29:55Z,-0.4391672387719154
2018-10-05T10:58:49Z,-0.1441554985940456
2018-10-05T14:07:16Z,0.0382381994277238
2018-10-05T16:07:17Z,-0.0269754584878683
2018-10-05T17:19:23Z,-0.8716032318770885
2018-10-05T17:21:24Z,-0.0340602546930313
2018-10-08T10:12:20Z,-0.8833500668406487
2018-10-08T14:34:31Z,0.2620663931593299
2018-10-09T08:51:51Z,-0.8843255890533328
2018-10-09T14:31:04Z,-0.6867524310946465
2018-10-09T15:35:24Z,0.4147622585296631
2018-10-09T15:48:55Z,-0.0384312309324741
2018-10-09T17:43:33Z,0.0202498063445091
2018-10-09T18:43:54Z,0.606565248221159
2018-10-10T13:04:19Z,-0.0359102971851825
2018-10-10T13:46:42Z,0.108142077922821
2018-10-10T14:06:12Z,0.9408994577825068
2018-10-10T14:06:52Z,0.5676596835255623
2018-10-10T18:57:22Z,0.1308593656867742
2018-10-10T19:28:43Z,0.2335122525691986
2018-10-10T19:33:02Z,0.1085087172687053
2018-10-10T20:43:47Z,0.3283177707344293
2018-10-11T07:37:14Z,0.6949533773586154
2018-10-11T07:39:08Z,0.2809791471809149
2018-10-11T08:04:27Z,-0.5679601989686489
2018-10-11T14:08:21Z,0.3279121965169906
2018-10-11T14:50:19Z,-0.1461506485939026
2018-10-11T15:15:43Z,-0.0004248321056365
2018-10-11T19:12:33Z,-0.944296001456678
2018-10-12T08:23:20Z,0.1667274357751011
2018-10-12T16:04:32Z,-0.1221812739968299
2018-10-13T13:24:33Z,-0.2325542885810136
2018-10-13T16:10:31Z,0.0605572797358036
2018-10-13T16:43:42Z,0.0100234132260084
2018-10-14T22:36:56Z,0.0118482932448387
2018-10-15T13:31:50Z,-0.9587584910914302
2018-10-15T14:42:48Z,0.0016423892229795
2018-10-15T16:16:42Z,-0.041748434305191
2018-10-15T16:28:14Z,0.0081500373780727
2018-10-16T14:43:30Z,0.8238033019006252
2018-10-16T15:22:38Z,0.0639370558783412
2018-10-16T15:39:18Z,0.024354699999094
2018-10-16T17:05:59Z,0.7408180609345436
2018-10-18T13:47:36Z,0.1442962232977152
2018-10-18T13:50:03Z,0.0705061797052621
2018-10-18T14:48:02Z,-0.9633521419018508
2018-10-18T14:53:38Z,0.1481495928019285
2018-10-18T16:06:20Z,0.0377782676368951
2018-10-18T16:07:28Z,0.227779883891344
2018-10-18T21:54:41Z,0.1187033131718635
2018-10-19T09:54:39Z,0.1755283717066049
2018-10-19T13:01:28Z,0.0102905817329883
2018-10-19T13:17:18Z,-0.5835057180374861
2018-10-19T14:10:07Z,0.1469384348019957
2018-10-19T14:59:55Z,0.4300747951492667
2018-10-19T17:28:44Z,-0.0069082751870155
2018-10-21T21:42:46Z,0.0030533578246831
2018-10-21T22:17:40Z,-0.0002025756984949
2018-10-22T13:56:24Z,-0.9391969814896584
2018-10-22T15:01:52Z,0.1026414930820465
2018-10-22T16:58:33Z,-0.7612654063850641
2018-10-22T21:18:56Z,-0.0674441158771514
2018-10-23T14:26:46Z,-0.9377019349485636
2018-10-23T20:00:15Z,0.006797470152378
2018-10-24T10:12:22Z,-0.0364458672702312
2018-10-24T10:13:15Z,-0.0276745744049549
2018-10-24T10:14:25Z,0.0713800378143787
2018-10-24T10:15:22Z,0.0017387121915817
2018-10-24T10:16:05Z,0.3334627021104097
2018-10-24T13:10:27Z,0.1132973432540893
2018-10-24T14:09:46Z,-0.9120489805936812
2018-10-24T16:17:02Z,0.0100847091525793
2018-10-24T17:37:44Z,0.3705273661762476
2018-10-25T14:57:16Z,0.0370598118752241
2018-10-25T17:16:38Z,0.1528057465329766
2018-10-25T20:32:10Z,0.9398612901568412
2018-10-26T11:44:26Z,0.0711574172601103
2018-10-26T13:56:45Z,-0.9519694363698364
2018-10-26T15:15:46Z,-0.031130626797676
2018-10-26T16:01:21Z,0.0159384831786155
2018-10-28T14:46:58Z,0.0076528973877429
2018-10-29T08:09:41Z,0.0615340257063508
2018-10-29T10:13:19Z,0.1234260061755776
2018-10-29T13:18:09Z,-0.5819881483912468
2018-10-29T13:34:10Z,-0.963351473212242
2018-10-29T13:38:07Z,-0.9055727645754814
2018-10-29T13:38:37Z,-0.3060131072998047
2018-10-29T14:39:14Z,0.0084917433559894
2018-10-29T14:50:46Z,-0.9564124774187804
2018-10-29T16:23:29Z,0.023579191416502
2018-10-29T17:10:24Z,0.1238404419273138
2018-10-29T20:46:38Z,-0.945960845798254
2018-10-29T20:47:53Z,0.2130087604746222
2018-10-30T10:55:03Z,0.0145239699631929
2018-10-30T12:45:18Z,0.0040481500327587
2018-10-30T14:05:23Z,0.4621422812342644
2018-10-30T14:10:50Z,0.1232026480138301
2018-10-30T14:12:57Z,0.0594998020678758
2018-10-30T14:13:23Z,0.0629032589495182
2018-10-30T14:14:35Z,0.0445986855775117
2018-10-30T14:20:47Z,0.0855006976053118
2018-10-30T14:24:49Z,0.0445831976830959
2018-10-30T14:26:10Z,0.5104729980230331
2018-10-30T14:27:30Z,0.0858772927895188
2018-10-30T14:28:16Z,0.0473747551441192
2018-10-30T14:32:04Z,0.119926817715168
2018-10-30T14:42:46Z,0.0558014474809169
2018-10-30T14:45:03Z,0.0896665658801794
2018-10-30T14:45:29Z,-0.3008718341588974
2018-10-30T14:45:44Z,0.1676234696060419
2018-10-30T14:46:31Z,0.0266653541475534
2018-10-30T14:48:02Z,0.0394971594214439
2018-10-30T14:48:50Z,-0.0086242891848087
2018-10-30T14:49:05Z,0.0511976405978202
2018-10-30T14:54:57Z,0.0797285819426179
2018-10-30T14:56:19Z,0.0311812572181224
2018-10-30T15:04:49Z,0.8383947871625423
2018-10-30T15:05:09Z,0.0190308671444654
2018-10-30T15:06:08Z,0.0030186418443918
2018-10-30T15:15:08Z,0.2935822168365121
2018-10-30T15:15:52Z,0.0187179651111364
2018-10-30T15:16:12Z,0.0625287257134914
2018-10-30T15:17:59Z,0.3118477221578359
2018-10-30T15:23:32Z,0.4179299026727676
2018-10-30T15:30:23Z,-0.0589072201400995
2018-10-30T16:10:42Z,-0.0213373228907585
2018-10-30T17:22:59Z,0.0326299797743558
2018-10-30T17:36:41Z,0.8312244452536106
2018-10-31T00:03:13Z,0.9262871462851764
2018-10-31T13:15:21Z,0.0035774130374193
2018-10-31T13:35:49Z,-0.1148144677281379
2018-10-31T14:06:12Z,0.90817551035434
2018-10-31T14:09:53Z,0.1144567411392927
2018-10-31T16:47:04Z,0.0304128527641296
2018-10-31T17:33:08Z,0.9151311069726944
2018-10-31T17:55:43Z,0.0132263489067554
2018-10-31T19:42:24Z,-0.0037750042974948
2018-10-31T20:16:57Z,-0.0351404547691345
2018-11-01T08:15:17Z,-0.0841044336557388
2018-11-01T08:38:20Z,0.1958328783512115
2018-11-01T08:45:59Z,0.0817855773493647
2018-11-01T09:13:25Z,-0.0489834435284137
2018-11-01T11:44:34Z,0.2276385566219687
2018-11-01T14:34:30Z,0.7547439411282539
2018-11-01T15:36:54Z,0.1382980793714523
2018-11-01T16:10:32Z,0.0223552957177162
2018-11-01T19:30:42Z,0.85257563367486
2018-11-01T20:26:15Z,0.0531231742352247
2018-11-01T20:30:33Z,0.4530971944332123
2018-11-01T20:30:47Z,0.3267519772052765
2018-11-01T20:31:02Z,0.922696053981781
2018-11-01T20:31:18Z,-0.0347875654697418
2018-11-01T20:31:42Z,0.9243965670466424
2018-11-01T20:32:10Z,0.2213771790266037
2018-11-01T20:33:13Z,-0.9643847867846488
2018-11-01T20:34:56Z,-0.967107517644763
2018-11-01T20:35:22Z,-0.9657865567132832
2018-11-01T20:49:03Z,0.5424261838197708
2018-11-01T21:01:07Z,-0.0085414685308933
2018-11-01T21:31:01Z,-0.9577528759837152
2018-11-01T21:32:40Z,-0.1488083265721798
2018-11-01T21:34:22Z,-0.0269997809082269
2018-11-01T21:46:39Z,0.3490190869197249
2018-11-02T10:12:32Z,-0.0504962652921676
2018-11-02T11:36:49Z,0.0046547353267669
2018-11-02T12:12:24Z,-0.1078878119587898
2018-11-02T12:40:41Z,-0.2744393795728683
2018-11-02T12:47:44Z,-0.8940380178391933
2018-11-02T13:21:53Z,-0.5506446603685617
2018-11-02T13:43:07Z,-0.1285437494516372
2018-11-02T14:08:29Z,0.820511095225811
2018-11-02T14:15:14Z,-0.9557782942429184
2018-11-02T14:33:06Z,0.0049210861325263
2018-11-02T14:51:51Z,0.5781468451023102
2018-11-02T15:08:36Z,0.0121709406375885
2018-11-02T15:19:36Z,-0.5524362996220589
2018-11-02T15:28:59Z,-0.116871640086174
2018-11-02T16:10:56Z,-0.1246364936232566
2018-11-02T16:18:02Z,-0.8743995055556297
2018-11-02T16:44:08Z,-0.3490511626005173
2018-11-02T16:52:51Z,-0.4442571401596069
2018-11-02T17:38:37Z,-0.4176060706377029
2018-11-02T18:22:08Z,-0.9516501985490322
2018-11-04T18:58:47Z,0.0208153519779443
2018-11-05T09:36:16Z,0.0382056310772895
2018-11-05T11:30:07Z,0.0974629195407033
2018-11-05T12:29:25Z,-0.8751717694103718
2018-11-05T14:31:28Z,-0.9548839153721927
2018-11-05T14:41:17Z,-0.4648537039756775
2018-11-05T14:43:37Z,-0.9330211747437716
2018-11-05T15:43:04Z,0.0046710520982742
2018-11-05T18:24:05Z,-0.9147450271993876
2018-11-05T21:03:44Z,0.0060892719775438
2018-11-05T21:26:23Z,-0.0508112348616123
2018-11-06T15:06:23Z,0.1136354729533195
2018-11-06T15:34:37Z,0.0533203408122062
2018-11-06T15:50:09Z,-0.0645780526101589
2018-11-06T16:08:58Z,0.8458490073680878
2018-11-06T19:25:25Z,-0.8268211930990219
2018-11-06T19:55:34Z,0.0053153075277805
2018-11-07T09:03:15Z,0.9338299985975028
2018-11-07T14:47:17Z,-0.9654537430033088
2018-11-07T16:03:01Z,0.0828340053558349
2018-11-07T16:50:04Z,0.6664292067289352
2018-11-07T18:04:14Z,-0.8567943153902888
2018-11-07T18:08:44Z,-0.0049144327640533
2018-11-07T18:41:01Z,-0.6830371469259262
2018-11-07T19:25:27Z,0.5204408541321754
2018-11-07T22:00:15Z,-0.0762095116078853
2018-11-08T08:54:04Z,0.1220024535432457
2018-11-08T15:55:30Z,-0.0341712441295385
2018-11-08T17:25:56Z,0.827814944088459
2018-11-08T20:21:43Z,0.0061738193035125
2018-11-09T14:01:41Z,0.1102483021095395
2018-11-09T14:53:19Z,-0.8442637771368027
2018-11-09T17:27:37Z,0.6574654262512922
2018-11-09T19:48:16Z,0.0265083145350217
2018-11-11T14:01:39Z,-0.0044576469808816
2018-11-12T13:15:43Z,-0.9414102472364902
2018-11-12T14:59:00Z,-0.7817095518112183
2018-11-12T17:25:11Z,-0.9601429933682084
2018-11-12T17:45:21Z,0.0193695574998855
2018-11-12T19:26:13Z,0.47933429479599
2018-11-12T19:48:08Z,0.0359871070832014
2018-11-13T15:30:36Z,0.3242525150999427
2018-11-13T15:45:49Z,0.2159805251285433
2018-11-13T17:52:24Z,0.0251274146139621
2018-11-14T11:50:52Z,-0.8398454524576664
2018-11-14T13:45:22Z,-0.2599590942263603
2018-11-14T14:10:29Z,-0.9466246515512466
2018-11-14T14:19:30Z,-0.6100951116532087
2018-11-14T14:32:54Z,-0.0486631691455841
2018-11-14T15:28:12Z,0.9335544276982546
2018-11-14T16:55:39Z,0.0051018092781305
2018-11-14T19:28:57Z,0.1052615186199545
2018-11-14T21:56:08Z,0.1373137980699539
2018-11-15T12:17:14Z,0.4733288735151291
2018-11-15T12:18:00Z,0.703062891960144
2018-11-15T12:27:47Z,-0.3540307469666004
2018-11-15T12:28:02Z,0.0207645799964666
2018-11-15T13:33:42Z,0.0291329529136419
2018-11-15T13:35:16Z,-0.0177257470786571
2018-11-15T13:36:32Z,0.7750994553789496
2018-11-15T13:40:00Z,0.0556081421673297
2018-11-15T14:37:49Z,0.172865224070847
2018-11-15T15:19:35Z,-0.8027583714574575
2018-11-15T16:23:25Z,0.0532616451382637
2018-11-15T16:42:16Z,0.0158247761428356
2018-11-15T16:50:11Z,0.1496326867491006
2018-11-15T19:46:10Z,0.0727138807997107
2018-11-15T20:31:41Z,0.0173293575644493
2018-11-16T08:41:04Z,-0.954999191686511
2018-11-16T15:05:14Z,0.0106570497155189
2018-11-16T16:18:36Z,0.0016966760158538
2018-11-16T17:14:14Z,0.0311030084267258
2018-11-17T20:53:41Z,-0.0005670953541994
2018-11-17T21:27:52Z,0.0128780100494623
2018-11-18T20:46:15Z,0.0049509853124618
2018-11-18T22:49:16Z,0.1039653345942497
2018-11-19T09:07:10Z,0.0955187864601612
2018-11-19T09:17:43Z,-0.9639381458982824
2018-11-19T14:49:52Z,-0.9593459814786912
2018-11-19T18:34:23Z,-0.0004474222660064
2018-11-19T19:11:38Z,-0.8745189364999533
2018-11-20T12:27:51Z,-0.3823205456137657
2018-11-20T12:42:00Z,-0.3159729056060314
2018-11-20T14:42:16Z,-0.0637254267930984
2018-11-20T15:17:54Z,0.0061518494039773
2018-11-20T17:38:17Z,0.2320690341293811
2018-11-20T20:34:00Z,-0.9653442241251468
2018-11-20T15:38:26Z,-0.941167064011097
2018-11-20T21:06:00Z,0.7914669001474977
2018-11-20T23:23:35Z,0.6571976561099291
2018-11-21T01:47:44Z,0.059210866689682
2018-11-21T01:49:30Z,-0.908038373105228
2018-11-21T11:51:51Z,-0.9560265922918916
2018-11-21T12:28:46Z,-0.2254305183887481
2018-11-21T12:42:37Z,0.9368101824074984
2018-11-21T12:43:48Z,0.383008062839508
2018-11-21T14:54:47Z,0.0128302574157714
2018-11-21T15:14:26Z,0.8002189323306084
2018-11-21T16:32:52Z,-0.0134726427495479
2018-11-21T17:21:34Z,0.9011631179600954
2018-11-21T20:24:34Z,0.1445488631725311
2018-11-21T20:26:40Z,0.1235288484022021
2018-11-23T13:20:54Z,0.0770522747188806
2018-11-23T14:47:45Z,-0.4911399334669113
2018-11-26T09:04:26Z,-0.4623769931495189
2018-11-26T14:41:10Z,-0.0442892536520957
2018-11-26T15:13:14Z,-0.0247837416827678
2018-11-26T16:09:16Z,0.3751190453767776
2018-11-26T18:37:07Z,0.128456100821495
2018-11-27T09:09:24Z,-0.7476745918393135
2018-11-27T12:28:24Z,-0.8691576812416315
2018-11-27T13:39:11Z,-0.0955943539738655
2018-11-27T14:53:55Z,-0.7171428427100182
2018-11-27T15:44:34Z,-0.9139886945486068
2018-11-27T15:58:52Z,0.0166267231106758
2018-11-27T16:01:17Z,-0.5245721191167831
2018-11-27T18:01:05Z,-0.903757119551301
2018-11-28T12:16:04Z,0.0518495999276638
2018-11-28T14:00:17Z,0.1863881144672632
2018-11-28T15:06:39Z,0.1914487387984991
2018-11-28T15:12:31Z,-0.0736806951463222
2018-11-28T16:52:05Z,-0.9077579472213984
2018-11-28T17:36:00Z,-0.7540551200509071
2018-11-28T20:10:12Z,-0.7911654897034168
2018-11-28T21:02:57Z,0.3733540251851082
2018-11-29T14:23:12Z,-0.0338940620422363
2018-11-29T14:41:10Z,0.5563792735338211
2018-11-29T14:47:27Z,-0.4945243597030639
2018-11-29T15:25:12Z,-0.1049683690071106
2018-11-29T16:02:44Z,-0.0003169104456901
2018-11-29T17:24:18Z,-0.9486117232590914
2018-11-29T19:02:43Z,-0.9096102248877288
2018-11-30T15:02:38Z,0.4958371818065643
2018-11-30T16:11:19Z,-0.0017114169895648
2018-11-30T16:30:29Z,-0.9273660276085138
2018-11-30T17:09:27Z,-0.1051404625177383
2018-11-30T17:34:20Z,-0.0042220223695039
2018-11-30T20:51:59Z,0.0417490508407354
2018-12-01T13:12:12Z,-0.7799280136823654
2018-12-01T20:16:21Z,-0.0063935853540897
2018-12-03T14:40:14Z,0.9072963017970324
2018-12-03T18:54:43Z,0.5596101824194193
2018-12-03T19:44:55Z,-0.1359004825353622
2018-12-03T19:46:17Z,0.0679183360189199
2018-12-03T20:44:19Z,0.1211660373955965
2018-12-04T10:17:03Z,-0.4130426496267319
2018-12-04T10:54:45Z,0.2223185896873474
2018-12-04T11:01:16Z,-0.4189587831497192
2018-12-04T14:01:04Z,-0.0021217428147792
2018-12-04T15:21:09Z,-0.546232208609581
2018-12-04T15:29:50Z,0.0068095084279775
2018-12-04T15:31:49Z,-0.0961587354540824
2018-12-04T16:30:11Z,-0.914724327623844
2018-12-04T16:43:44Z,0.0028807744383811
2018-12-05T14:55:13Z,-0.939036199823022
2018-12-05T15:30:08Z,-0.8821816332638264
2018-12-05T19:01:05Z,0.2622103402391076
2018-12-06T08:55:52Z,-0.8931181356310844
2018-12-06T08:58:56Z,-0.9666552357375622
2018-12-06T09:03:26Z,0.1325262449681759
2018-12-06T09:07:08Z,-0.9643592098727822
2018-12-06T12:54:23Z,-0.2113697901368141
2018-12-06T13:21:53Z,-0.9288505744189024
2018-12-06T14:43:03Z,-0.1289493143558502
2018-12-06T14:50:56Z,-0.0184866115450859
2018-12-06T18:00:14Z,-0.0051095373928546
2018-12-07T09:34:39Z,-0.95357811357826
2018-12-07T12:24:21Z,0.0487702768296003
2018-12-07T12:40:48Z,-0.4679332673549652
2018-12-07T14:09:58Z,0.042682958766818
2018-12-07T14:17:40Z,-0.9382377937436104
2018-12-07T14:28:40Z,-0.9287034068256615
2018-12-07T15:16:02Z,-0.9106685295701028
2018-12-07T18:39:25Z,-0.2525566294789314
2018-12-07T21:09:39Z,-0.0005670953541994
2018-12-08T18:05:34Z,0.0006727948784828
2018-12-09T19:06:13Z,-0.0016731992363929
2018-12-10T14:08:03Z,-0.9267973406240344
2018-12-10T14:16:08Z,-0.1054036915302276
2018-12-10T14:34:26Z,-0.3753726109862327
2018-12-10T14:48:01Z,0.0714399386197328
2018-12-10T15:37:09Z,-0.0930113196372985
2018-12-10T16:34:45Z,0.0002433490008115
2018-12-10T16:43:21Z,-0.8469020817428827
2018-12-10T16:45:29Z,-0.8621322996914387
2018-12-10T16:58:10Z,-0.8649153038859367
2018-12-10T17:22:53Z,-0.0031453091651201
2018-12-10T18:25:03Z,-0.5519924908876419
2018-12-10T21:13:05Z,0.2071782201528549
2018-12-11T09:01:59Z,-0.9515992235392332
2018-12-11T09:06:21Z,0.0669183209538459
2018-12-11T14:43:14Z,-0.2855588719248771
2018-12-11T17:53:51Z,-0.0320344604551792
2018-12-11T19:15:31Z,0.7371291965246201
2018-12-12T12:20:57Z,0.4918441772460937
2018-12-12T14:25:38Z,-0.790870901197195
2018-12-12T15:04:32Z,0.1685653086751699
2018-12-13T09:40:47Z,0.5606313077732921
2018-12-13T16:35:51Z,0.2580297701060772
2018-12-14T09:13:39Z,0.9219292290508748
2018-12-14T09:24:26Z,0.7707987371832132
2018-12-14T11:38:02Z,-0.2755099833011627
2018-12-14T12:22:00Z,-0.1184335052967071
2018-12-14T12:57:54Z,0.0284896586090326
2018-12-14T15:03:32Z,-0.0914143063127994
2018-12-14T15:28:20Z,0.7616357756778598
2018-12-14T15:49:49Z,-0.9638360869139432
2018-12-14T15:56:30Z,-0.959613222628832
2018-12-14T17:00:33Z,-0.9382552653551102
2018-12-14T18:32:15Z,0.0474877562373876
2018-12-14T19:01:41Z,0.1632862230762839
2018-12-15T21:23:36Z,-0.0056958924978971
2018-12-16T19:03:02Z,0.0124753583222627
2018-12-17T14:32:35Z,-0.0103813745081424
2018-12-17T15:54:20Z,-0.9505055136978626
2018-12-17T18:00:01Z,-0.2026021443307399
2018-12-17T18:01:15Z,-0.858297448605299
2018-12-17T18:02:05Z,-0.29425710439682
2018-12-17T21:06:29Z,0.7965471115894616
2018-12-18T09:05:54Z,0.7779212519526482
2018-12-18T09:09:21Z,-0.9075053166598082
2018-12-18T18:01:44Z,0.908731180243194
2018-12-18T19:58:13Z,-0.2496228963136673
2018-12-19T09:42:17Z,-0.9600217435508966
2018-12-19T16:25:54Z,0.8546418100595474
2018-12-20T09:04:53Z,0.5279668476432562
2018-12-20T14:14:31Z,-0.3710406124591827
2018-12-20T14:36:37Z,-0.9084851322695612
2018-12-20T15:13:05Z,-0.8359981328248978
2018-12-20T16:38:19Z,-0.955551765859127
2018-12-20T17:08:27Z,-0.8768643643707037
2018-12-20T17:12:22Z,-0.9009939152747392
2018-12-20T18:00:37Z,0.0275726485997438
2018-12-23T14:35:25Z,-0.9576335251331328
2018-12-24T09:31:22Z,0.2604536521248519
2018-12-24T14:39:45Z,-0.8781787492334843
2018-12-24T15:03:55Z,-0.1428463235497474
2018-12-26T19:28:13Z,0.0227628685534
2018-12-26T22:02:47Z,0.0064176209270954
2018-12-27T09:23:13Z,0.1852119574323296
2018-12-27T12:38:56Z,0.0427935887128114
2018-12-27T12:47:25Z,-0.0034542270004749
2018-12-27T13:59:07Z,0.9238492054864764
2018-12-27T14:20:00Z,-0.9283950850367546
2018-12-27T14:21:23Z,0.8977504465728998
2018-12-27T16:23:09Z,-0.0041433311998844
2018-12-27T16:30:40Z,-0.0024183373898267
2018-12-28T11:42:50Z,0.0001047886908054
2018-12-28T12:50:33Z,0.902636431157589
2018-12-28T12:52:45Z,0.8063566461205482
2018-12-28T15:19:16Z,0.0359052121639251
2018-12-28T15:19:32Z,-0.9569651978090404
2018-12-28T15:46:38Z,0.9315403793007137
2018-12-28T18:25:35Z,0.0640184804797172
2018-12-28T19:00:07Z,0.0780534408986568
2018-12-28T21:38:26Z,-0.1189660802483558
2018-12-30T20:39:05Z,0.0014269184321165
2018-12-31T16:04:11Z,-0.0034172162413597
2018-12-31T18:20:40Z,0.9077301975339652
2018-12-31T19:02:56Z,-0.9355664364993572
2019-01-02T15:12:51Z,-0.9507222156971692
2019-01-02T19:20:50Z,-0.7532823756337166
2019-01-02T21:25:29Z,-0.533099178224802
2019-01-02T21:32:06Z,-0.1165488213300705
2019-01-02T21:32:44Z,-0.9360975995659828
2019-01-02T21:33:11Z,-0.9483791533857584
2019-01-02T21:33:38Z,-0.8966509867459536
2019-01-02T21:36:01Z,0.0024647619575262
2019-01-02T21:38:05Z,0.0383117012679576
2019-01-02T21:47:09Z,-0.9318181201815604
2019-01-02T21:47:46Z,-0.0197897925972938
2019-01-02T21:50:27Z,-0.9621761497110128
2019-01-02T21:52:58Z,-0.829903606325388
2019-01-02T21:53:22Z,-0.9536700611934066
2019-01-02T22:03:53Z,-0.8989974837750196
2019-01-02T22:10:53Z,-0.9599588755518198
2019-01-02T22:35:58Z,0.0110516902059316
2019-01-02T22:51:53Z,-0.964592156931758
2019-01-03T09:00:06Z,-0.8647816590964794
2019-01-03T09:14:53Z,-0.3622627556324005
2019-01-03T09:48:53Z,-0.0291646532714366
2019-01-03T12:08:28Z,-0.1160258948802948
2019-01-03T12:21:35Z,-0.9575947653502226
2019-01-03T12:30:37Z,-0.8208280503749847
2019-01-03T13:00:30Z,-0.3942945748567581
2019-01-03T13:02:32Z,-0.903638456016779
2019-01-03T13:15:25Z,-0.7307791896164417
2019-01-03T13:16:51Z,-0.1467679738998413
2019-01-03T13:19:17Z,-0.959636552259326
2019-01-03T13:19:41Z,-0.9593137465417384
2019-01-03T13:23:23Z,-0.1620539873838424
2019-01-03T13:26:07Z,-0.9176165089011192
2019-01-03T13:28:54Z,-0.5226083993911743
2019-01-03T13:33:14Z,-0.4362710043787956
2019-01-03T13:40:47Z,-0.4919668734073639
2019-01-03T13:51:46Z,0.6233102679252625
2019-01-03T13:58:54Z,-0.8111716285347939
2019-01-03T14:06:03Z,0.917192604392767
2019-01-03T14:09:56Z,-0.5379324331879616
2019-01-03T14:35:04Z,-0.431643396615982
2019-01-03T14:49:06Z,-0.0942556038498878
2019-01-03T14:53:46Z,0.8551831133663654
2019-01-03T14:58:23Z,0.1336873173713684
2019-01-03T15:06:32Z,0.9365334454923868
2019-01-03T15:19:08Z,-0.9411292029544712
2019-01-03T15:28:06Z,0.9004976861178875
2019-01-03T15:34:59Z,-0.0965821146965026
2019-01-03T15:45:06Z,-0.9512430261820556
2019-01-03T16:12:17Z,0.017555147409439
2019-01-03T16:18:57Z,-0.4869387745857239
2019-01-03T16:21:46Z,-0.8831629194319248
2019-01-03T16:46:03Z,-0.792505569756031
2019-01-03T16:54:07Z,0.1013520956039428
2019-01-03T16:55:48Z,0.0931029040366411
2019-01-03T17:01:09Z,0.6251798570156097
2019-01-03T17:02:59Z,0.6379265636205673
2019-01-03T17:09:45Z,-0.959516441449523
2019-01-03T17:27:50Z,-0.3182152099907398
2019-01-03T18:05:45Z,-0.906488997861743
2019-01-03T19:06:06Z,0.7698387578129768
2019-01-03T19:51:25Z,-0.8626573160290718
2019-01-03T20:31:36Z,-0.6201668679714203
2019-01-03T20:37:20Z,-0.1870474368333816
2019-01-03T20:39:05Z,0.3428849847987294
2019-01-03T22:45:20Z,0.0060401521623134
2019-01-04T09:44:40Z,-0.911206316202879
2019-01-04T10:35:22Z,0.0521582067012786
2019-01-04T12:27:57Z,-0.1160258948802948
2019-01-04T14:08:33Z,-0.9530368698760868
2019-01-04T14:52:32Z,-0.1285437494516372
2019-01-04T14:55:11Z,0.0102321282029151
2019-01-04T15:03:15Z,0.1227382309734821
2019-01-04T15:03:23Z,-0.9679881981574
2019-01-04T15:41:28Z,-0.0279196202754974
2019-01-04T16:30:08Z,-0.016601774841547
2019-01-04T17:17:33Z,-0.0154537558555603
2019-01-04T19:47:36Z,0.145301366224885
2019-01-04T21:00:05Z,0.0991285741329193
2019-01-06T14:06:19Z,0.0018195770680904
2019-01-06T14:27:32Z,0.0159260667860507
2019-01-06T23:06:18Z,0.1218062965199351
2019-01-07T11:38:30Z,-0.0807678252458572
2019-01-07T12:31:48Z,-0.0060955081135034
2019-01-07T12:47:24Z,0.012162597849965
2019-01-07T16:38:53Z,-0.932871263474226
2019-01-08T13:55:00Z,0.0593252945691347
2019-01-08T15:58:21Z,0.0156912468373775
2019-01-08T17:47:44Z,0.0610442422330379
2019-01-08T18:23:33Z,-0.9386493740603328
2019-01-08T18:39:15Z,-0.9648194117471576
2019-01-08T19:03:19Z,-0.0031589716672897
2019-01-08T19:29:25Z,0.9098462257534266
2019-01-08T20:18:20Z,0.9050678890198468
2019-01-08T23:34:41Z,-0.0597732774913311
2019-01-09T09:09:11Z,-0.9061983777210116
2019-01-09T09:12:04Z,-0.8438317086547613
2019-01-09T11:35:37Z,0.8268011449836195
2019-01-09T13:57:20Z,0.2769034206867218
2019-01-09T14:02:27Z,0.6761727705597878
2019-01-09T14:57:04Z,0.0074189323931932
2019-01-09T15:17:30Z,0.062755599617958
2019-01-09T15:44:42Z,0.0124603975564241
2019-01-09T16:06:43Z,-0.9336463576182724
2019-01-09T17:59:43Z,0.0242507010698318
2019-01-09T19:01:41Z,-0.9290497824549676
2019-01-09T20:15:15Z,0.0157765001058578
2019-01-10T09:34:08Z,0.9036659225821496
2019-01-10T16:21:12Z,0.8907852340489626
2019-01-10T20:54:50Z,-0.8617713414132595
2019-01-10T21:02:30Z,-0.9675441151484848
2019-01-10T21:20:54Z,0.5214047823101282
2019-01-10T22:47:21Z,-0.887752890586853
2019-01-11T09:33:31Z,0.0758454725146293
2019-01-11T09:35:37Z,0.1974097387865185
2019-01-11T09:39:54Z,-0.96183779835701
2019-01-11T09:45:45Z,-0.9429335463792086
2019-01-11T19:27:18Z,0.1354711465537548
2019-01-12T20:16:25Z,0.166347000747919
2019-01-13T20:11:13Z,0.0075224284082651
2019-01-14T08:37:12Z,0.0523575861006975
2019-01-14T11:33:58Z,0.8246275535784662
2019-01-14T16:29:34Z,0.0728101683780551
2019-01-14T22:03:59Z,0.3161139562726021
2019-01-15T14:49:57Z,-0.7948598489165306
2019-01-15T15:16:11Z,-0.9271017452701926
2019-01-15T17:04:52Z,-0.0526997148990631
2019-01-15T18:27:49Z,-0.4874193165451288
2019-01-16T12:55:30Z,-0.1560994386672973
2019-01-16T15:01:08Z,0.0345373749732971
2019-01-16T15:16:52Z,0.3613386685028672
2019-01-16T15:26:43Z,-0.9583703307434916
2019-01-16T15:46:06Z,-0.0230111181735992
2019-01-16T19:43:11Z,-0.914516651071608
2019-01-16T21:45:38Z,-0.9193089790642262
2019-01-17T13:35:11Z,0.919684363529086
2019-01-17T13:58:15Z,0.0925082955509424
2019-01-17T16:56:31Z,-0.1259621270000934
2019-01-17T17:53:23Z,0.0271510500460863
2019-01-17T18:40:38Z,-0.882435386069119
2019-01-17T20:03:31Z,0.0736093465238809
2019-01-18T12:17:23Z,-0.9598849043250084
2019-01-18T15:50:48Z,-0.3426537960767746
2019-01-18T18:20:10Z,-0.748779327608645
2019-01-18T18:39:24Z,0.9211717061698436
2019-01-22T18:43:28Z,0.7336831027641892
2019-01-23T09:13:27Z,0.7787752309814095
2019-01-23T14:59:12Z,-0.9396453611552716
2019-01-23T15:15:40Z,0.0514571070671081
2019-01-23T18:53:14Z,-0.9598306771367788
2019-01-23T20:03:23Z,-0.55686055123806
2019-01-24T09:23:36Z,-0.950576450675726
2019-01-24T09:34:32Z,-0.0198686607182025
2019-01-24T11:37:47Z,-0.96548184286803
2019-01-24T12:21:30Z,-0.9411695105955004
2019-01-24T14:25:42Z,0.8373353555798531
2019-01-24T17:45:20Z,-0.9611224764958024
2019-01-24T20:10:16Z,-0.9431536290794612
2019-01-24T20:44:26Z,0.1165918530896306
2019-01-25T13:17:02Z,0.4969937056303024
2019-01-25T14:36:03Z,-0.9572144374251366
2019-01-25T15:09:03Z,0.1964581534266472
2019-01-25T16:03:04Z,0.8210677281022072
2019-01-25T22:48:04Z,0.8199658393859863
2019-01-28T14:18:57Z,-0.8801253270357847
2019-01-28T15:04:03Z,0.0342477690428495
2019-01-28T15:17:29Z,0.0349602792412042
2019-01-28T15:34:03Z,0.4798345118761062
2019-01-28T16:00:26Z,0.9321995936334132
2019-01-28T17:10:08Z,0.2089495761319995
2019-01-28T17:14:54Z,-0.2185829281806945
2019-01-28T23:38:13Z,-0.0080068446695804
2019-01-29T09:13:47Z,-0.0695965401828289
2019-01-29T09:35:14Z,-0.0538506302982568
2019-01-29T09:51:22Z,-0.9676366103813052
2019-01-29T09:56:16Z,-0.0057751387357711
2019-01-29T10:12:36Z,0.4983313530683517
2019-01-29T11:35:48Z,-0.9338339753448964
2019-01-29T12:10:22Z,-0.3540307469666004
2019-01-29T14:28:48Z,0.0142984110862016
2019-01-29T15:07:33Z,0.0358949024230241
2019-01-29T15:57:56Z,0.0312175974249839
2019-01-29T17:22:32Z,-0.5849375613033772
2019-01-29T17:52:59Z,-0.6888753771781921
2019-01-29T18:00:55Z,0.0491898488253355
2019-01-29T18:11:52Z,0.0462725032120943
2019-01-29T19:35:34Z,0.0003658384084701
2019-01-29T20:19:08Z,-0.0462053790688514
2019-01-29T21:30:21Z,0.2728627324104309
2019-01-29T21:31:05Z,0.6338405162096024
2019-01-29T21:31:08Z,0.8188908845186234
2019-01-29T21:31:36Z,0.0603598654270172
2019-01-29T21:32:26Z,-0.0076236277818679
2019-01-29T21:32:43Z,0.8848684765398502
2019-01-29T21:36:10Z,0.3445474207401275
2019-01-29T21:36:35Z,0.2403006553649902
2019-01-29T21:37:20Z,-0.0148638784885406
2019-01-29T21:37:37Z,0.1673932373523712
2019-01-29T21:39:24Z,-0.2385858595371246
2019-01-29T21:41:18Z,-0.9690691363066436
2019-01-29T21:41:59Z,0.9105954114347696
2019-01-29T21:57:20Z,-0.0092681962996721
2019-01-29T22:00:48Z,-0.4135944470763206
2019-01-29T22:04:59Z,-0.9331358335912228
2019-01-29T22:06:50Z,0.9289132803678511
2019-01-29T22:08:53Z,0.9390523890033364
2019-01-29T22:10:32Z,0.6588601507246494
2019-01-29T22:27:57Z,0.0559389321133494
2019-01-29T22:31:44Z,-0.0240969862788915
2019-01-29T22:42:20Z,-0.9318213853985072
2019-01-29T22:58:45Z,0.6481766551733017
2019-01-30T09:32:27Z,0.0410618036985397
2019-01-30T09:40:33Z,-0.0446723122149705
2019-01-30T09:51:39Z,-0.9223579550161958
2019-01-30T11:09:02Z,-0.4467508066445589
2019-01-30T12:09:38Z,0.2177381962537765
2019-01-30T12:36:23Z,-0.1182039678096771
2019-01-30T12:42:53Z,0.6917398385703564
2019-01-30T12:43:34Z,-0.8221424296498299
2019-01-30T12:44:55Z,0.8476426601409912
2019-01-30T12:46:46Z,0.0785294622182846
2019-01-30T12:46:59Z,0.2040495686233043
2019-01-30T12:53:27Z,0.0397422527894377
2019-01-30T12:53:46Z,-0.4394306391477585
2019-01-30T12:55:36Z,-0.1046938970685005
2019-01-30T13:12:23Z,0.001256801187992
2019-01-30T13:47:58Z,-0.0128942970186471
2019-01-30T13:53:12Z,0.8415009155869484
2019-01-30T13:54:00Z,0.8510293960571289
2019-01-30T13:54:56Z,-0.9540904397144914
2019-01-30T13:56:33Z,0.4209426492452621
2019-01-30T13:59:44Z,-0.4142920076847076
2019-01-30T14:00:54Z,0.1469038156792521
2019-01-30T14:15:00Z,-0.3541560918092727
2019-01-30T14:17:19Z,-0.7656308263540268
2019-01-30T14:25:41Z,-0.6235430091619492
2019-01-30T14:26:44Z,-0.945606954395771
2019-01-30T14:44:00Z,-0.0848705470561981
2019-01-30T14:46:11Z,-0.8729864777997136
2019-01-30T14:49:56Z,0.0284991124644875
2019-01-30T14:59:35Z,-0.6016499511897564
2019-01-30T15:03:48Z,0.5726931206882
2019-01-30T15:14:32Z,0.019822284579277
2019-01-30T15:25:21Z,0.9179941769689322
2019-01-30T15:41:11Z,0.1175337918102741
2019-01-30T16:38:06Z,-0.0128966458141803
2019-01-30T17:00:26Z,0.9159099012613297
2019-01-30T17:39:36Z,-0.1843589022755623
2019-01-30T20:11:37Z,0.0086605995893478
2019-01-30T20:20:14Z,-0.4263661634176969
2019-01-30T20:26:21Z,0.1904799677431583
2019-01-30T20:31:22Z,0.1379616456106305
2019-01-30T20:38:26Z,-0.9497174257412552
2019-01-30T21:12:30Z,-0.1396530717611313
2019-01-30T21:52:57Z,0.0312678776681423
2019-01-31T10:06:45Z,0.1070207841694355
2019-01-31T14:26:57Z,0.007618086412549
2019-01-31T14:46:30Z,0.2936323788017034
2019-01-31T19:07:02Z,0.6511957244947553
2019-01-31T20:05:36Z,-0.0005998872220516
2019-01-31T21:23:05Z,-0.5247349180281162
2019-01-31T21:25:16Z,-0.7649560272693634
2019-01-31T23:37:32Z,-0.3207166492938995
2019-02-01T14:07:23Z,-0.8399007972329855
2019-02-01T15:27:52Z,0.8834492489695549
2019-02-02T13:57:14Z,0.1596479378640651
2019-02-04T15:04:40Z,0.0159761421382427
2019-02-04T16:58:10Z,0.0317927151918411
2019-02-04T17:14:30Z,0.0099676512181758
2019-02-04T18:52:53Z,0.3932313388213515
2019-02-04T19:30:12Z,0.0516608096659183
2019-02-04T20:55:42Z,0.1799938632175326
2019-02-05T09:09:30Z,-0.9668075414374472
2019-02-05T09:29:16Z,0.913342233747244
2019-02-05T13:50:18Z,0.8985886741429567
2019-02-05T15:47:46Z,0.9174324441701174
2019-02-05T18:14:12Z,-0.0691719725728035
2019-02-05T20:16:42Z,-0.1164058446884155
2019-02-05T21:24:40Z,0.003109123557806
2019-02-05T21:31:04Z,-0.0010134484618902
2019-02-05T21:45:09Z,0.1774663925170898
2019-02-06T14:39:19Z,0.1909813079982996
2019-02-06T16:05:46Z,0.9278826657682656
2019-02-06T17:16:06Z,-0.0028864815831184
2019-02-06T17:22:30Z,-0.2962130457162857
2019-02-06T21:50:11Z,0.1188165666535496
2019-02-07T18:10:52Z,0.0160854160785675
2019-02-07T20:03:28Z,-0.3732107877731323
2019-02-07T21:02:39Z,-0.9524381449446082
2019-02-08T17:40:54Z,-0.7452677600085735
2019-02-08T20:12:01Z,-0.9385165963321924
2019-02-10T18:38:11Z,0.0029436331242322
2019-02-11T09:25:56Z,0.0598337315022945
2019-02-11T09:28:08Z,-0.958968970924616
2019-02-11T09:30:56Z,-0.9568002205342054
2019-02-11T09:34:10Z,-0.896393895149231
2019-02-11T15:59:08Z,0.0563589306548237
2019-02-11T18:32:35Z,-0.8742998857051134
2019-02-11T20:57:30Z,0.0058564729988574
2019-02-12T09:36:38Z,-0.9679385600611567
2019-02-12T09:39:47Z,0.794783428311348
2019-02-12T12:41:49Z,-0.9278934635221958
2019-02-12T16:56:33Z,-0.4241390600800514
2019-02-12T19:17:16Z,-0.9291845876723528
2019-02-12T20:10:11Z,0.1389113366603851
2019-02-12T21:44:23Z,0.0025791376829147
2019-02-13T09:29:34Z,0.9067834634333848
2019-02-13T14:55:17Z,-0.0361536331474781
2019-02-13T16:39:06Z,-0.9156327825039624
2019-02-13T18:04:14Z,0.8431859612464905
2019-02-13T18:14:59Z,0.0665183514356613
2019-02-13T18:55:14Z,0.0408421773463487
2019-02-14T09:09:05Z,0.1199564198032021
2019-02-14T14:37:20Z,0.0303137823939323
2019-02-14T18:04:02Z,-0.0500311143696308
2019-02-14T19:18:10Z,-0.951452282257378
2019-02-14T22:35:16Z,0.085330156609416
2019-02-15T09:55:31Z,-0.2440196424722671
2019-02-15T12:43:04Z,-0.7167297881096601
2019-02-18T15:55:27Z,-0.7775544952601194
2019-02-19T09:04:44Z,0.0672845765948295
2019-02-19T09:17:45Z,-0.0186935905367136
2019-02-19T19:17:02Z,-0.7927229795604944
2019-02-20T09:02:43Z,0.8695181841030717
2019-02-20T09:04:04Z,0.7348120957612991
2019-02-20T17:14:00Z,-0.0808555223047733
2019-02-20T19:11:40Z,0.1410267865285277
2019-02-20T19:12:21Z,0.0687788678333163
2019-02-20T19:12:52Z,0.0701789185404777
2019-02-20T19:14:03Z,0.0808349242433905
2019-02-20T19:18:44Z,0.0350433140993118
2019-02-20T19:19:20Z,0.0364846726879477
2019-02-20T20:25:47Z,-0.3257823400199413
2019-02-21T12:04:57Z,0.3416522722691297
2019-02-21T13:35:34Z,0.0662421602755785
2019-02-21T13:44:45Z,0.1655310057103634
2019-02-21T16:35:25Z,-0.7375394105911255
2019-02-21T17:00:20Z,0.4419105350971222
2019-02-21T17:58:17Z,-0.9680445012636484
2019-02-22T09:50:31Z,0.7650679270736873
2019-02-22T14:28:05Z,0.1901578903198242
2019-02-23T19:51:02Z,0.1139222085475921
2019-02-23T21:31:30Z,0.016598081216216
2019-02-25T13:14:29Z,-0.0151664298027753
2019-02-26T14:21:25Z,0.6434460282325745
2019-02-26T15:21:25Z,-0.9099854025989772
2019-02-26T21:58:36Z,0.6419610269367695
2019-02-27T22:50:12Z,-0.9375743423588574
2019-02-28T14:27:26Z,-0.8112172093242407
2019-02-28T17:10:20Z,0.9212245866656305
2019-02-28T19:45:44Z,0.166501821950078
2019-03-01T16:11:39Z,0.1881741899996996
2019-03-01T18:21:55Z,-0.5988530218601227
2019-03-01T18:22:08Z,-0.0288141407072544
2019-03-03T16:04:28Z,0.0081953946501016
2019-03-04T14:34:20Z,-0.8721473887562752
2019-03-04T17:03:07Z,-0.00627320446074
2019-03-05T14:23:22Z,0.627937332727015
2019-03-05T15:50:21Z,-0.0717770382761955
2019-03-06T15:03:47Z,-0.71300033852458
2019-03-06T15:07:04Z,-0.8762554973363876
2019-03-06T19:29:41Z,-0.6670226864516735
2019-03-07T18:24:56Z,-0.2180359326303005
2019-03-08T09:06:40Z,0.6179092060774565
2019-03-08T13:53:40Z,0.0274142585694789
2019-03-08T19:34:07Z,-0.0069266408681869
2019-03-11T10:48:19Z,0.4844774045050144
2019-03-11T11:17:33Z,-0.9535479294136168
2019-03-11T13:10:55Z,-0.5626836940646172
2019-03-11T13:44:45Z,-0.4017539545893669
2019-03-11T14:06:25Z,-0.8591829985380173
2019-03-11T14:59:10Z,-0.1035201270133256
2019-03-11T16:36:49Z,0.4600300248712301
2019-03-11T19:21:03Z,-0.0001525096595287
2019-03-12T13:31:32Z,-0.0301591325551271
2019-03-12T14:00:25Z,-0.8388338983058929
2019-03-12T16:48:23Z,-0.9611925161443652
2019-03-13T10:14:28Z,-0.935311960056424
2019-03-13T11:14:00Z,0.0060797035694122
2019-03-13T14:14:00Z,0.8367681708186865
2019-03-13T16:43:51Z,-0.8904594499617815
2019-03-13T18:52:04Z,0.9078149748966098
2019-03-14T08:33:13Z,0.1276766154915094
2019-03-14T11:28:35Z,0.3483182601630687
2019-03-14T13:20:17Z,-0.5592268165200949
2019-03-14T13:39:26Z,0.8152637565508485
2019-03-14T13:48:46Z,0.8092002831399441
2019-03-14T14:17:59Z,-0.8578770309686661
2019-03-14T14:52:26Z,0.3903705459088087
2019-03-14T14:56:33Z,0.8247738033533096
2019-03-14T15:18:21Z,0.0629493230953812
2019-03-14T16:01:00Z,0.006049919873476
2019-03-14T16:16:32Z,0.0316229052841663
2019-03-14T16:46:13Z,-0.879293056204915
2019-03-14T17:50:03Z,-0.8085121139883995
2019-03-14T18:23:59Z,-0.8447648324072361
2019-03-14T18:51:13Z,0.0519578251987695
2019-03-15T08:03:21Z,0.0674581928178668
2019-03-15T08:12:35Z,-0.6598512604832649
2019-03-15T14:29:23Z,0.9262753557413816
2019-03-15T16:07:07Z,-0.1956078857183456
2019-03-15T18:30:09Z,-0.0884458050131797
2019-03-15T19:23:11Z,0.6392560005187988
2019-03-17T18:30:11Z,0.0048218145966529
2019-03-18T16:39:06Z,0.0206536650657653
2019-03-19T08:29:25Z,0.1021736552938819
2019-03-19T08:36:35Z,-0.4140827842056751
2019-03-19T12:31:17Z,0.0169608816504478
2019-03-19T12:42:30Z,-0.1169787906110286
2019-03-19T14:18:25Z,-0.0498988330364227
2019-03-20T07:52:26Z,-0.932712648063898
2019-03-20T12:32:07Z,0.1496311575174331
2019-03-20T13:48:19Z,0.0128890108317136
2019-03-20T14:11:34Z,-0.5898772310465574
2019-03-20T15:52:59Z,0.6278807409107685
2019-03-21T11:48:28Z,0.8905741311609745
2019-03-21T11:51:49Z,0.877662219107151
2019-03-21T12:19:48Z,0.6894008815288544
2019-03-21T12:44:09Z,0.1613759193569421
2019-03-21T12:56:47Z,0.9208526350557804
2019-03-21T13:19:01Z,-0.542914941906929
2019-03-21T14:00:45Z,-0.0826729387044906
2019-03-21T14:04:34Z,0.9201717060059308
2019-03-21T14:28:24Z,-0.0073723122477531
2019-03-21T16:26:58Z,0.0578433843329548
2019-03-21T20:45:38Z,-0.0043882876634597
2019-03-22T13:55:39Z,-0.8644292987883091
2019-03-22T15:23:52Z,0.9053960070014
2019-03-22T19:25:43Z,-0.0272689461708068
2019-03-22T20:20:59Z,-0.0011929348111152
2019-03-23T20:12:19Z,-0.0076670162379741
2019-03-24T18:36:56Z,0.6604810431599617
2019-03-24T18:38:29Z,0.0872313007712364
2019-03-24T20:54:50Z,0.0305068437010049
2019-03-24T21:14:47Z,-0.0147020108997821
2019-03-25T12:45:20Z,0.6493900865316391
2019-03-25T12:54:08Z,-0.003837626427412
2019-03-25T12:58:04Z,-0.0075592305511236
2019-03-25T15:28:22Z,0.7958459360525012
2019-03-25T17:02:31Z,-0.957762976642698
2019-03-25T17:07:08Z,0.8441129792481661
2019-03-25T17:08:20Z,0.0561811570078134
2019-03-25T17:09:22Z,0.0796925788745284
2019-03-25T17:10:33Z,0.0220073610544204
2019-03-25T17:18:06Z,0.0557016134262084
2019-03-25T17:20:30Z,0.9252256229519844
2019-03-25T17:21:28Z,0.0039924886077642
2019-03-25T17:21:43Z,0.1142719220370054
2019-03-25T17:23:17Z,0.0490510230883955
2019-03-25T17:23:40Z,0.0980929462239146
2019-03-25T17:24:36Z,0.0034391358494758
2019-03-25T17:25:04Z,0.6480486169457436
2019-03-25T17:26:44Z,0.0357743157073855
2019-03-25T17:27:12Z,0.0329661928117275
2019-03-25T17:28:36Z,0.0348494779318571
2019-03-25T17:37:14Z,0.0713023580610752
2019-03-25T17:40:38Z,0.7681225184351206
2019-03-25T17:42:43Z,0.0338833425194025
2019-03-25T17:43:01Z,-0.0075833164155483
2019-03-25T17:43:27Z,-0.0116710141301155
2019-03-25T17:50:38Z,0.0554991159588098
2019-03-25T17:51:03Z,0.0065344609320163
2019-03-25T17:51:53Z,0.0320569779723882
2019-03-25T17:54:34Z,-0.9547769706696272
2019-03-25T18:02:17Z,0.0593050336465239
2019-03-25T18:02:32Z,0.2033089073374867
2019-03-25T18:03:00Z,0.1819094233214855
2019-03-25T18:04:56Z,0.0579003598541021
2019-03-25T18:14:19Z,0.0385696366429328
2019-03-25T18:15:45Z,0.1014837622642517
2019-03-25T18:40:49Z,0.0331489294767379
2019-03-25T18:42:34Z,0.6451922273263335
2019-03-25T18:43:33Z,0.7452362501062453
2019-03-25T18:43:55Z,0.0319407768547534
2019-03-25T18:46:46Z,0.0610746070742607
2019-03-25T18:49:43Z,-0.9598272759467364
2019-03-25T19:17:39Z,0.9264652021229268
2019-03-25T19:24:50Z,0.0253466730937361
2019-03-25T20:35:59Z,0.1091599939391017
2019-03-26T11:05:05Z,0.8546547554433346
2019-03-26T12:00:47Z,0.8031457271426916
2019-03-26T12:01:17Z,0.8934915848076344
2019-03-26T12:19:05Z,0.0219135098159313
2019-03-26T12:27:40Z,0.7478086352348328
2019-03-26T12:32:24Z,0.7570102214813232
2019-03-26T13:47:43Z,-0.0961587354540824
2019-03-26T14:11:36Z,0.9108326081186532
2019-03-26T14:42:42Z,-0.912307569757104
2019-03-26T14:45:02Z,-0.5128919091075659
2019-03-26T14:48:11Z,0.6765705049037933
2019-03-26T14:58:39Z,0.2566541377454996
2019-03-26T15:12:04Z,0.8786339508369565
2019-03-26T15:27:29Z,-0.0975990630686283
2019-03-26T15:45:23Z,-0.8382036807015538
2019-03-26T17:53:50Z,-0.905514501966536
2019-03-26T18:36:31Z,0.0082438364624977
2019-03-26T20:38:35Z,-0.958007444627583
2019-03-26T20:59:55Z,-0.8046027645468712
2019-03-27T07:59:59Z,-0.3571013286709785
2019-03-27T13:00:02Z,0.0088334009051322
2019-03-27T13:57:18Z,-0.8915766999125481
2019-03-27T14:16:02Z,-0.922854551114142
2019-03-27T14:34:08Z,-0.8409322313964367
2019-03-28T17:57:26Z,-0.4139267355203628
2019-03-28T18:02:14Z,-0.0106969252228736
2019-03-28T21:37:27Z,-0.0447424743324518
2019-03-29T19:18:35Z,-0.9526140708476304
2019-03-29T19:51:38Z,0.9258842840790747
2019-03-31T13:06:58Z,0.0841071605682373
2019-04-01T11:51:56Z,-0.933053539134562
2019-04-01T12:55:52Z,0.061194384470582
2019-04-01T13:49:54Z,0.0118667334318161
2019-04-01T14:02:38Z,0.9056743681430816
2019-04-01T14:07:45Z,-0.938666831701994
2019-04-01T14:44:20Z,-0.9319764450192451
2019-04-01T15:08:25Z,0.8904992528259754
2019-04-01T18:38:58Z,-0.8491578623652458
2019-04-01T19:01:17Z,0.8830674346536398
2019-04-02T09:57:01Z,0.2078933799639344
2019-04-02T10:24:30Z,0.2589815054088831
2019-04-02T12:40:41Z,0.1250942228361964
2019-04-02T13:55:21Z,0.197763379663229
2019-04-02T15:43:51Z,0.1535075576975941
2019-04-02T16:17:24Z,-0.0941534042358398
2019-04-03T08:56:46Z,0.2374614290893077
2019-04-03T11:40:37Z,-0.0391570627689361
2019-04-03T16:27:20Z,0.1585459625348448
2019-04-03T16:29:56Z,-0.714906420558691
2019-04-04T11:12:49Z,0.3465128559619188
2019-04-04T12:40:29Z,-0.8343564234673977
2019-04-04T13:40:13Z,-0.3045117035508156
2019-04-04T19:50:06Z,0.0156321488320827
2019-04-05T10:01:53Z,-0.7812630981206894
2019-04-05T12:39:41Z,-0.0119416862726211
2019-04-05T14:52:04Z,0.894973499700427
2019-04-08T07:48:31Z,-0.0139110460877418
2019-04-08T12:55:35Z,-0.9094186928123236
2019-04-09T14:00:36Z,0.2102796426042914
2019-04-09T14:41:54Z,0.7966433688998222
2019-04-09T15:33:41Z,-0.0855934135615825
2019-04-09T18:39:00Z,-0.3421535789966583
2019-04-09T19:21:20Z,0.7026496725156903
2019-04-10T07:51:46Z,0.8360612764954567
2019-04-10T10:28:08Z,0.825549902394414
2019-04-10T11:23:00Z,0.2102855462580919
2019-04-10T13:04:49Z,-0.5577187091112137
2019-04-10T13:28:19Z,-0.9474312905222178
2019-04-10T13:37:25Z,-0.1147931292653083
2019-04-10T14:02:10Z,-0.9487664299085736
2019-04-10T14:23:41Z,0.1013433504849672
2019-04-10T14:29:59Z,0.7181525230407715
2019-04-10T15:50:08Z,0.9025315567851068
2019-04-10T16:37:33Z,0.0220884373411536
2019-04-10T17:33:18Z,-0.0658422783017158
2019-04-11T08:31:01Z,0.0404492057859897
2019-04-11T12:09:25Z,0.0126969404518604
2019-04-11T13:09:04Z,-0.5708341021090746
2019-04-11T13:18:25Z,-0.9470383394509554
2019-04-11T14:06:54Z,-0.93717260658741
2019-04-11T14:17:02Z,0.012653412297368
2019-04-11T14:18:45Z,0.1465293020009994
2019-04-11T18:56:00Z,-0.0442632138729095
2019-04-11T20:10:34Z,-0.040421349927783
2019-04-12T07:54:09Z,0.4783316999673843
2019-04-12T14:15:08Z,0.7945640385150909
2019-04-12T15:14:30Z,0.1179416794329881
2019-04-15T00:09:39Z,0.3993866886012256
2019-04-15T08:03:47Z,-0.0041238665580749
2019-04-15T08:05:42Z,-0.0018818639218807
2019-04-15T14:53:36Z,0.1960223987698555
2019-04-15T14:55:55Z,-0.0063340701162815
2019-04-16T08:22:12Z,0.0874815080314874
2019-04-16T14:15:21Z,0.8968704342842102
2019-04-16T14:19:53Z,0.1060014851391315
2019-04-16T14:23:19Z,0.0990475164726376
2019-04-16T17:09:43Z,0.1086910907179117
2019-04-16T18:56:50Z,0.0254045277833938
2019-04-16T19:04:57Z,0.8336221948266029
2019-04-16T19:06:11Z,0.9104314278811216
2019-04-16T19:36:14Z,0.4192913770675659
2019-04-17T11:04:21Z,0.4159973701462149
2019-04-17T13:56:51Z,0.2639851775020361
2019-04-17T13:58:54Z,-0.9369373582303524
2019-04-17T14:02:58Z,0.0159593559801578
2019-04-17T14:20:07Z,0.8626759648323059
2019-04-17T16:17:39Z,-0.9543896513059736
2019-04-17T18:06:25Z,0.2942188596352935
2019-04-17T18:54:51Z,-0.5248578079044819
2019-04-18T08:46:03Z,0.9332006704062225
2019-04-19T13:40:29Z,0.3803995102643966
2019-04-22T08:19:07Z,0.0104447193443775
2019-04-22T13:48:26Z,0.8390406062826514
2019-04-22T14:25:40Z,0.0913175279274582
2019-04-22T20:17:48Z,0.6435138061642647
2019-04-23T13:57:38Z,0.921546483412385
2019-04-23T15:14:40Z,-0.0979848206043243
2019-04-23T15:45:39Z,0.0198040138930082
2019-04-23T17:04:37Z,0.1438823118805885
2019-04-23T17:08:21Z,0.0126742906868457
2019-04-24T11:33:02Z,0.8340798914432526
2019-04-24T13:46:20Z,0.5211624801158905
2019-04-24T18:57:40Z,-0.9582316819578408
2019-04-24T19:43:15Z,0.1069723479449749
2019-04-24T20:20:38Z,0.8027417473495007
2019-04-25T12:32:50Z,0.1510631442070007
2019-04-25T12:33:27Z,-0.6774261556565762
2019-04-25T13:34:06Z,-0.6872784085571766
2019-04-25T14:23:37Z,-0.6928749978542328
2019-04-25T16:26:41Z,-0.0369195230305194
2019-04-25T17:46:21Z,-0.9627269795164466
2019-04-25T20:51:47Z,-0.7858761735260487
2019-04-25T20:52:11Z,0.0273462999612092
2019-04-26T13:32:08Z,-0.957427223213017
2019-04-26T13:45:13Z,0.0879604220390319
2019-04-26T14:01:22Z,0.7823662459850311
2019-04-26T17:52:56Z,-0.9194881469011308
2019-04-26T18:31:28Z,0.351133631542325
2019-04-26T18:32:51Z,-0.2984319366514683
2019-04-26T19:32:38Z,0.7591830138117075
2019-04-27T16:05:51Z,0.0057504102587699
2019-04-27T18:11:22Z,-0.0006405040621757
2019-04-28T14:13:08Z,-0.0014818999916315
2019-04-28T14:25:06Z,-0.0434501506388187
2019-04-28T23:59:07Z,-0.1025731470435857
2019-04-29T08:02:11Z,0.4899744410067796
2019-04-29T10:11:58Z,-0.9610924245789648
2019-04-29T14:06:59Z,0.2463193759322166
2019-04-29T14:39:12Z,0.912201439961791
2019-04-29T14:59:59Z,0.1891962923109531
2019-04-29T19:00:32Z,0.0354660563170909
2019-04-30T10:18:10Z,-0.0630067251622676
2019-04-30T10:22:05Z,-0.0007229708135128
2019-04-30T10:37:37Z,-0.0345408003777265
2019-04-30T11:56:25Z,-0.0020157620310783
2019-04-30T14:06:31Z,-0.9329331908375024
2019-04-30T14:38:37Z,-0.0516852866858243
2019-04-30T16:11:44Z,-0.1799979135394096
2019-04-30T19:41:47Z,-0.0109171345829963
2019-04-30T19:42:28Z,0.0429241824895143
2019-04-30T20:30:31Z,0.4941436052322387
2019-04-30T20:30:58Z,0.6131504029035568
2019-04-30T20:31:41Z,0.4953726530075073
2019-04-30T20:32:08Z,-0.0295014083385467
2019-04-30T20:33:12Z,0.0305093545466661
2019-04-30T20:33:59Z,-0.96612405218184
2019-04-30T20:34:31Z,0.0305319409817457
2019-04-30T20:39:42Z,0.8549173772335052
2019-04-30T20:55:34Z,-0.3946122452616691
2019-04-30T21:32:09Z,0.4431013166904449
2019-04-30T21:33:36Z,-0.0095299612730741
2019-04-30T21:35:37Z,0.9209961034357548
2019-05-01T09:29:02Z,-0.0360610783100128
2019-05-01T11:30:49Z,0.611831858754158
2019-05-01T12:13:19Z,0.8254433441907167
2019-05-01T12:23:20Z,0.7721966523677111
2019-05-01T12:30:41Z,0.001256801187992
2019-05-01T12:32:37Z,0.8716844357550144
2019-05-01T12:36:13Z,0.8552738688886166
2019-05-01T12:36:39Z,-0.0038396995514631
2019-05-01T12:38:25Z,0.7954105902463198
2019-05-01T12:38:37Z,0.8254929631948471
2019-05-01T12:40:05Z,0.9392621731385588
2019-05-01T12:41:28Z,-0.7099202051758766
2019-05-01T12:47:23Z,0.1464283615350723
2019-05-01T13:44:34Z,-0.1147931292653083
2019-05-01T13:57:12Z,0.1096855998039245
2019-05-01T14:22:34Z,0.0165767837315797
2019-05-01T14:26:43Z,0.0927887298166751
2019-05-01T14:42:18Z,0.9158343616873026
2019-05-01T15:17:13Z,-0.7897317931056023
2019-05-01T16:14:32Z,-0.9576484570279716
2019-05-01T16:16:58Z,0.9265661239624025
2019-05-01T16:19:24Z,0.9080890407785772
2019-05-01T16:21:35Z,0.2989354068413377
2019-05-01T16:24:07Z,-0.9477627063170077
2019-05-01T16:28:24Z,-0.9474705597385764
2019-05-01T17:24:27Z,-0.2557114101946354
2019-05-01T19:12:52Z,0.610821083188057
2019-05-01T20:28:00Z,-0.8565455004572868
2019-05-02T10:10:41Z,0.1818527057766914
2019-05-02T11:36:00Z,0.0441142115741968
2019-05-02T13:10:13Z,0.9262586757540704
2019-05-02T13:45:05Z,-0.8770170211791992
2019-05-02T14:01:43Z,0.0127419494092464
2019-05-02T14:19:01Z,0.6003510653972626
2019-05-02T15:44:31Z,0.9267935967072845
2019-05-02T18:47:17Z,0.8995293714106083
2019-05-02T20:12:12Z,0.0246118586510419
2019-05-03T13:46:05Z,0.8905308935791254
2019-05-03T15:38:41Z,-0.8391883540898561
2019-05-03T19:14:00Z,-0.9552548481151462
2019-05-05T18:35:01Z,0.0070929173380136
2019-05-06T08:41:03Z,0.0643166359513998
2019-05-06T15:49:00Z,0.0119278524070978
2019-05-07T14:46:56Z,0.0192403085529804
2019-05-07T21:15:46Z,-0.9588894257321954
2019-05-08T13:48:08Z,0.3538207113742828
2019-05-09T13:52:35Z,0.1315662935376167
2019-05-09T15:40:02Z,0.770503900013864
2019-05-09T16:00:07Z,0.9333802722394466
2019-05-09T17:37:04Z,0.0875135958194732
2019-05-09T18:04:42Z,0.1909188535064458
2019-05-13T13:49:52Z,0.9082655627280474
2019-05-13T14:04:00Z,-0.7467706575989723
2019-05-13T14:24:01Z,0.0085081048309803
2019-05-13T14:55:21Z,-0.2512497939169407
2019-05-13T17:10:02Z,0.088397373445332
2019-05-13T19:47:39Z,0.9383056685328484
2019-05-14T11:35:08Z,0.0635802671313285
2019-05-14T12:30:05Z,-0.442927299067378
2019-05-14T12:40:29Z,0.8611615402624011
2019-05-14T14:35:43Z,0.0185709651559591
2019-05-14T20:10:02Z,0.9002476222813129
2019-05-15T08:02:52Z,-0.967091880273074
2019-05-15T08:19:13Z,-0.9604864893481136
2019-05-15T12:41:48Z,0.0521105974912643
2019-05-15T13:37:14Z,-0.0036841705441474
2019-05-15T13:51:49Z,-0.9166418090462684
2019-05-15T17:50:08Z,-0.8552932683378458
2019-05-16T14:02:26Z,-0.3434670716524124
2019-05-16T18:22:14Z,-0.0085506960749626
2019-05-17T12:02:40Z,-0.0979315191507339
2019-05-17T13:21:30Z,0.0889940308406949
2019-05-17T13:37:59Z,-0.1285437494516372
2019-05-17T16:49:05Z,0.6088595036417246
2019-05-18T19:18:23Z,0.0073865707963705
2019-05-18T19:24:23Z,0.0182038769125938
2019-05-19T20:37:25Z,0.0770908556878566
2019-05-20T08:34:46Z,-0.6109157428145409
2019-05-20T10:10:54Z,-0.9202072117477657
2019-05-20T12:53:17Z,-0.9487621784210204
2019-05-20T13:59:38Z,-0.1186727881431579
2019-05-20T14:12:23Z,0.0119988396763801
2019-05-21T13:07:50Z,-0.8903340138494968
2019-05-21T14:34:27Z,-0.7608222141861916
2019-05-21T14:45:01Z,0.0551573662087321
2019-05-21T16:34:40Z,0.0828329930081963
2019-05-21T17:06:36Z,0.2035721903666854
2019-05-22T13:11:40Z,-0.0305234305560588
2019-05-22T13:56:01Z,0.6692764461040497
2019-05-22T16:12:11Z,-0.9230815973132848
2019-05-22T16:30:37Z,0.0662673097103834
2019-05-22T19:22:32Z,-0.9381792778149248
2019-05-23T13:24:54Z,0.1311061084270477
2019-05-23T13:51:18Z,-0.773088164627552
2019-05-23T16:45:29Z,-0.1200997699052095
2019-05-24T13:41:53Z,0.8361240476369858
2019-05-24T13:58:19Z,-0.3540307469666004
2019-05-24T14:08:02Z,-0.0161312073469162
2019-05-24T19:02:25Z,-0.5518288873136044
2019-05-26T21:29:36Z,-0.7137675806879997
2019-05-27T14:55:32Z,0.0211778618395328
2019-05-27T18:29:03Z,-0.415191076695919
2019-05-28T08:28:04Z,-0.1833060160279274
2019-05-28T12:33:38Z,0.1364532355219125
2019-05-28T12:47:12Z,-0.1981866583228111
2019-05-28T12:58:05Z,-0.4457072895020246
2019-05-28T13:30:18Z,0.1916639935225248
2019-05-28T13:39:36Z,-0.9353893157094716
2019-05-28T13:52:55Z,-0.0961587354540824
2019-05-28T14:13:40Z,0.0185109693557024
2019-05-28T15:01:39Z,-0.0490173362195491
2019-05-28T15:28:37Z,0.0401725117117166
2019-05-29T14:00:10Z,-0.7644828371703625
2019-05-29T14:13:54Z,0.0967343803495168
2019-05-29T19:33:22Z,0.0316259786486625
2019-05-30T11:24:54Z,-0.4800795167684555
2019-05-30T13:35:58Z,-0.5409515276551247
2019-05-30T13:51:31Z,-0.1289493143558502
2019-05-30T15:05:12Z,-0.1534672565758228
2019-05-30T19:24:16Z,0.1843812000006437
2019-05-31T08:57:39Z,-0.0432360768318176
2019-05-31T18:44:30Z,-0.931443279609084
2019-06-02T19:50:15Z,0.0101842526346445
2019-06-03T10:37:50Z,-0.0020157620310783
2019-06-03T10:39:55Z,0.0283936914056539
2019-06-03T14:48:51Z,0.0372945014387369
2019-06-03T16:38:14Z,-0.6281171217560768
2019-06-03T17:01:37Z,-0.0188266616314649
2019-06-03T17:08:57Z,0.0613310206681489
2019-06-03T17:12:29Z,0.774059290997684
2019-06-03T17:16:09Z,0.2588580604642629
2019-06-03T17:16:39Z,0.0315568847581744
2019-06-03T17:17:17Z,0.053947408683598
2019-06-03T17:19:22Z,0.1302002044394612
2019-06-03T17:21:26Z,0.0530349286273121
2019-06-03T17:29:50Z,0.4231027513742447
2019-06-03T17:30:47Z,0.0646758032962679
2019-06-03T17:30:56Z,0.7637524828314781
2019-06-03T17:32:51Z,0.0482371486723423
2019-06-03T17:35:38Z,0.2984109753742814
2019-06-03T17:37:15Z,0.3505339855328202
2019-06-03T17:41:09Z,0.4773449227213859
2019-06-03T17:50:54Z,-0.7231189087033272
2019-06-03T17:51:34Z,0.108106080442667
2019-06-03T18:03:16Z,0.7107216119766235
2019-06-03T18:05:10Z,0.086214954033494
2019-06-03T18:22:16Z,0.079582579433918
2019-06-03T18:27:34Z,0.4100914020091295
2019-06-03T18:42:20Z,0.0241816695779562
2019-06-03T18:44:52Z,0.0487694665789604
2019-06-03T19:17:41Z,0.0280847251415252
2019-06-03T19:36:52Z,0.2009305320680141
2019-06-03T20:36:52Z,0.017717121168971
2019-06-04T11:10:41Z,0.0278345644474029
2019-06-04T13:56:42Z,-0.0961587354540824
2019-06-04T14:26:12Z,0.2617262750864029
2019-06-04T14:35:40Z,0.0201034676283597
2019-06-04T15:43:18Z,-0.76002137362957
2019-06-04T16:04:28Z,0.8927866332232952
2019-06-04T18:49:37Z,0.11307577136904
2019-06-04T18:55:19Z,0.0152495931833982
2019-06-04T22:40:25Z,0.0850200727581977
2019-06-04T22:41:40Z,-0.0084548164159059
2019-06-04T22:43:57Z,-0.1588222198188305
2019-06-05T13:47:29Z,0.8847629260271788
2019-06-05T13:47:44Z,0.0245038419961929
2019-06-05T17:46:00Z,-0.960689461324364
2019-06-05T19:17:54Z,0.0681878346949815
2019-06-06T08:28:48Z,-0.4765814319252968
2019-06-06T08:36:15Z,-0.0095821619033813
2019-06-06T08:38:37Z,0.1762734586372971
2019-06-06T08:44:56Z,0.1257732566446066
2019-06-06T11:42:08Z,0.5154090784490108
2019-06-06T13:00:39Z,-0.4962982013821602
2019-06-06T13:54:16Z,0.2712930738925934
2019-06-06T15:00:05Z,0.8938555391505361
2019-06-06T15:09:42Z,0.1328446194529533
2019-06-06T15:20:21Z,-0.8922546375542879
2019-06-07T14:29:11Z,-0.0841649174690246
2019-06-07T20:26:30Z,0.0370200611650943
2019-06-08T18:49:55Z,0.3386005172505975
2019-06-08T20:49:34Z,0.1076269131153822
2019-06-10T08:14:23Z,-0.8243729621171951
2019-06-10T12:58:15Z,-0.6231701858341694
2019-06-10T19:00:22Z,0.8035547733306885
2019-06-11T11:54:30Z,0.8442922029644251
2019-06-11T13:54:34Z,-0.285818338394165
2019-06-11T15:15:26Z,0.1599283097311854
2019-06-11T16:35:23Z,-0.9032157137989998
2019-06-11T23:18:26Z,0.0209980644285678
2019-06-13T16:55:14Z,-0.017697773873806
2019-06-13T17:12:57Z,-0.0562845021486282
2019-06-14T21:50:47Z,0.9262230154126884
2019-06-15T16:58:36Z,-0.0168859362602233
2019-06-17T08:29:14Z,0.5454726610332727
2019-06-17T11:48:44Z,0.0607107281684875
2019-06-17T13:00:04Z,-0.9622821351513268
2019-06-17T14:08:25Z,-0.0185212902724742
2019-06-17T18:33:10Z,0.8325267536565661
2019-06-17T19:05:06Z,-0.0120953023433685
2019-06-18T10:26:23Z,-0.6947329714894295
2019-06-18T10:27:05Z,-0.741199404001236
2019-06-18T10:28:53Z,-0.1354381740093231
2019-06-18T13:12:23Z,0.7189568225294352
2019-06-18T13:14:23Z,0.869704507291317
2019-06-18T14:55:03Z,0.9082002639770508
2019-06-18T15:41:15Z,0.1169459968805313
2019-06-18T17:45:06Z,0.1041976800188422
2019-06-18T18:42:00Z,-0.9619397427886724
2019-06-19T08:52:36Z,-0.7690037041902542
2019-06-19T09:02:09Z,0.9222835768014191
2019-06-19T12:00:48Z,-0.8484157249331474
2019-06-19T14:11:19Z,-0.0107838194817304
2019-06-19T16:20:37Z,-0.8613932803273201
2019-06-20T10:19:49Z,0.1034263605251908
2019-06-20T13:10:44Z,-0.5095269773155451
2019-06-20T14:09:49Z,0.4106755405664444
2019-06-20T16:20:56Z,-0.267776608467102
2019-06-20T16:31:16Z,-0.9580589104443789
2019-06-20T18:56:50Z,-0.5328229553997517
2019-06-20T19:03:51Z,0.1039516516029834
2019-06-20T21:47:15Z,-0.3237773515284061
2019-06-21T11:34:47Z,0.0781049532815814
2019-06-21T16:01:55Z,0.9319388903677464
2019-06-21T18:28:40Z,-0.0923769995570182
2019-06-24T14:24:04Z,0.0531029142439365
2019-06-24T15:42:12Z,-0.9174346681684256
2019-06-24T17:20:14Z,0.3419366963207721
2019-06-25T14:40:19Z,-0.8627296537160873
2019-06-25T15:51:48Z,-0.6431862115859985
2019-06-25T19:37:14Z,-0.9562826985493302
2019-06-26T14:09:49Z,0.8977794125676155
2019-06-26T14:36:21Z,-0.5307190157473087
2019-06-26T16:06:50Z,0.049387177452445
2019-06-26T16:07:11Z,-0.1291437074542045
2019-06-26T19:02:49Z,0.1771831507794559
2019-06-26T20:40:56Z,0.6566499592736363
2019-06-27T12:46:43Z,0.8597769178450108
2019-06-27T14:42:19Z,-0.9558969400823116
2019-06-27T15:55:41Z,0.5569857805967331
2019-06-27T16:14:12Z,0.1222558934241533
2019-06-27T20:52:14Z,-0.9452635748311876
2019-06-27T20:52:54Z,-0.05567492172122
2019-06-27T21:13:33Z,-0.0500668231397867
2019-06-28T13:32:13Z,0.0810456946492195
2019-06-28T17:05:21Z,0.9047223115339876
2019-07-01T13:45:59Z,-0.061579555273056
2019-07-01T14:04:55Z,0.0107483882457017
2019-07-01T14:21:19Z,-0.8328693006187677
2019-07-01T14:47:22Z,0.7695712810382247
2019-07-01T15:39:54Z,0.016317281872034
2019-07-02T10:11:24Z,-0.917218334041536
2019-07-02T11:54:16Z,-0.6979007944464684
2019-07-02T14:06:57Z,-0.0668319948017597
2019-07-02T14:19:49Z,-0.6871484499424696
2019-07-02T16:05:38Z,-0.8813050203025341
2019-07-02T16:05:51Z,-0.95120800845325
2019-07-03T11:38:47Z,0.0156440380960702
2019-07-03T14:00:55Z,0.8147812895476818
2019-07-05T08:22:32Z,-0.8416438056156039
2019-07-05T14:21:12Z,0.000931479036808
2019-07-05T14:47:57Z,-0.8311028778553009
2019-07-06T19:04:25Z,-0.0011613108217716
2019-07-08T10:01:55Z,-0.5342151969671249
2019-07-08T10:16:56Z,-0.9595695184543728
2019-07-08T10:53:45Z,-0.4126198925077915
2019-07-08T11:05:29Z,-0.8401246033608913
2019-07-08T12:04:32Z,-0.0059475898742675
2019-07-08T13:11:38Z,-0.4992995448410511
2019-07-08T14:28:01Z,0.0074042342603206
2019-07-08T14:34:50Z,-0.946230591274798
2019-07-08T16:50:50Z,-0.5237973853945732
2019-07-08T17:50:24Z,0.015263631939888
2019-07-08T17:56:52Z,0.382172554731369
2019-07-08T20:56:07Z,-0.041436543688178
2019-07-08T21:06:24Z,0.5385050941258669
2019-07-09T08:11:58Z,0.9139913879334928
2019-07-09T11:21:46Z,0.8407116383314133
2019-07-09T13:21:21Z,-0.8916978407651186
2019-07-09T13:49:43Z,0.0069202147424221
2019-07-09T14:02:51Z,-0.0961587354540824
2019-07-09T14:14:48Z,0.909716174006462
2019-07-09T14:17:21Z,0.0049507915973663
2019-07-09T14:18:13Z,-0.3135979175567627
2019-07-09T14:19:40Z,0.931150458753109
2019-07-09T15:10:39Z,0.0151110626757144
2019-07-09T17:50:26Z,-0.0232697427272796
2019-07-09T19:57:27Z,-0.0101200118660926
2019-07-10T15:01:42Z,0.0162298902869224
2019-07-10T15:25:38Z,-0.2719141170382499
2019-07-10T16:16:37Z,-0.6639541760087013
2019-07-10T21:03:57Z,-0.9598585586063564
2019-07-11T14:04:35Z,-0.4626593738794327
2019-07-11T16:17:43Z,0.930276608094573
2019-07-11T16:18:24Z,0.9279605392366648
2019-07-11T17:16:18Z,0.0116391815245151
2019-07-11T20:46:55Z,0.0445746593177318
2019-07-12T08:17:39Z,-0.8715825751423836
2019-07-12T19:33:53Z,0.027745746076107
2019-07-16T11:54:01Z,0.0094437673687934
2019-07-16T17:58:44Z,-0.6933624371886253
2019-07-16T18:32:01Z,-0.9371487768366932
2019-07-16T21:11:23Z,-0.9550954168662428
2019-07-17T13:08:00Z,0.4651418998837471
2019-07-17T13:17:51Z,0.0810985714197158
2019-07-17T16:12:31Z,-0.8721449319273233
2019-07-18T08:32:10Z,0.916789710521698
2019-07-18T10:30:51Z,0.9035448245704174
2019-07-18T13:18:31Z,-0.5349658355116844
2019-07-18T13:33:08Z,0.8925736248493195
2019-07-18T15:40:25Z,-0.9318497078493236
2019-07-18T19:18:41Z,0.0761846303939819
2019-07-19T08:21:22Z,0.8759626131504774
2019-07-19T08:23:00Z,0.2132769934833049
2019-07-19T12:48:15Z,0.6155188903212547
2019-07-19T13:33:41Z,0.0089703947305679
2019-07-19T15:38:34Z,-0.6628905385732651
2019-07-19T15:38:36Z,0.5961457043886185
2019-07-19T15:48:34Z,-0.5824442803859711
2019-07-19T20:40:06Z,0.0337984152138233
2019-07-21T18:15:23Z,0.0063487756997346
2019-07-22T11:34:50Z,0.1906532477587461
2019-07-22T13:11:02Z,0.8111502788960934
2019-07-22T14:47:15Z,0.6959562301635742
2019-07-22T19:22:53Z,0.0172163434326648
2019-07-22T21:21:22Z,0.2969464920461178
2019-07-23T08:14:37Z,0.8757708705961704
2019-07-23T12:50:10Z,0.1466292180120945
2019-07-23T13:32:46Z,0.3593074483796954
2019-07-23T14:11:44Z,0.9232929814606904
2019-07-23T15:07:08Z,0.9306350741535424
2019-07-23T17:33:02Z,0.1729661412537098
2019-07-23T18:06:17Z,0.3065246921032667
2019-07-23T19:04:56Z,0.8225823612883687
2019-07-23T20:46:22Z,-0.9612254770472646
2019-07-23T20:58:36Z,-0.1397092640399933
2019-07-23T21:12:43Z,-0.0373040828853845
2019-07-23T21:34:20Z,-0.6606415286660194
2019-07-24T14:36:16Z,-0.8742904774844646
2019-07-24T15:44:29Z,-0.4079659953713417
2019-07-25T07:51:38Z,0.9294283539056778
2019-07-25T07:59:52Z,-0.934642161242664
2019-07-25T13:53:10Z,-0.0185624100267887
2019-07-25T15:10:34Z,0.8516788557171822
2019-07-25T17:40:28Z,0.8995030606165528
2019-07-25T20:00:23Z,0.0900842314586043
2019-07-25T20:35:12Z,0.7562829554080963
2019-07-26T11:23:22Z,-0.593538660556078
2019-07-26T14:09:46Z,0.0830758698284626
2019-07-26T14:29:53Z,0.1824690345674753
2019-07-26T14:37:10Z,0.0067273173481225
2019-07-26T14:45:09Z,-0.7722355648875237
2019-07-26T17:43:16Z,0.4079377688467502
2019-07-26T19:28:20Z,-0.8995769117027521
2019-07-26T20:18:15Z,0.3423330886289477
2019-07-27T13:07:28Z,-0.0020157620310783
2019-07-28T20:47:04Z,0.0007558017969131
2019-07-28T21:43:43Z,-0.0318149793893098
2019-07-29T11:42:26Z,0.7651551105082035
2019-07-29T13:08:11Z,-0.1186727881431579
2019-07-29T13:50:49Z,0.0332446340471506
2019-07-29T15:31:01Z,0.053891398012638
2019-07-29T17:22:47Z,0.0179774723947048
2019-07-30T08:05:07Z,-0.0626321732997894
2019-07-30T08:07:56Z,-0.965585071593523
2019-07-30T08:38:49Z,-0.0272460002452135
2019-07-30T11:10:43Z,-0.3540307469666004
2019-07-30T12:07:10Z,-0.1216074377298355
2019-07-30T12:12:54Z,-0.6999265011399984
2019-07-30T14:07:59Z,0.0602961089462041
2019-07-30T14:24:28Z,0.1032669302076101
2019-07-30T15:33:13Z,0.0070009045302867
2019-07-30T16:16:59Z,0.0269898641854524
2019-07-30T20:30:14Z,0.5889655202627182
2019-07-30T20:30:38Z,0.2821612060070038
2019-07-30T20:31:41Z,0.199309766292572
2019-07-30T20:32:55Z,0.9265218358486892
2019-07-30T20:33:37Z,0.1551673263311386
2019-07-30T20:43:09Z,-0.9604798881337048
2019-07-30T21:12:08Z,-0.6090444624423981
2019-07-30T21:42:06Z,-0.0313740074634552
2019-07-31T08:52:14Z,-0.0359269827604293
2019-07-31T09:01:44Z,-0.1158082783222198
2019-07-31T11:16:49Z,0.3749098256230354
2019-07-31T12:17:49Z,-0.1029306575655937
2019-07-31T12:37:54Z,0.0212878454476594
2019-07-31T12:38:53Z,0.8866156190633774
2019-07-31T12:39:36Z,0.9059479655697942
2019-07-31T12:40:31Z,0.7869204501621425
2019-07-31T12:41:43Z,0.8400975447148085
2019-07-31T12:43:09Z,0.035629840567708
2019-07-31T12:44:25Z,0.043854683637619
2019-07-31T12:45:41Z,-0.8324178736656904
2019-07-31T12:46:51Z,0.8747270815074444
2019-07-31T12:50:45Z,0.455840852111578
2019-07-31T13:11:36Z,-0.2261839881539344
2019-07-31T13:21:23Z,0.8188653253018856
2019-07-31T13:24:59Z,0.0446694940328598
2019-07-31T13:32:22Z,0.6556238234043121
2019-07-31T13:33:51Z,0.8390630073845387
2019-07-31T13:37:59Z,0.7934319861233234
2019-07-31T13:39:50Z,0.7612381055951118
2019-07-31T13:55:38Z,0.5871801525354385
2019-07-31T14:14:42Z,0.9128399528563024
2019-07-31T14:19:11Z,0.8598128780722618
2019-07-31T14:19:16Z,0.9359716214239596
2019-07-31T14:27:29Z,0.9210203848779202
2019-07-31T14:32:48Z,0.920946916565299
2019-07-31T14:38:43Z,0.0206889305263757
2019-07-31T14:41:33Z,0.0027579590678215
2019-07-31T15:12:39Z,0.9186891419813036
2019-07-31T16:10:40Z,0.8452281430363655
2019-07-31T16:32:41Z,-0.3491053283214569
2019-07-31T16:55:53Z,0.10389837436378
2019-07-31T21:07:21Z,0.0105053912848234
2019-08-01T12:46:15Z,0.1289397235959768
2019-08-01T14:02:17Z,0.8873508125543594
2019-08-01T15:31:24Z,0.006933256983757
2019-08-01T17:08:54Z,-0.5041712820529938
2019-08-01T19:31:30Z,0.0334418229758739
2019-08-02T11:35:00Z,-0.0661881323903799
2019-08-02T11:45:29Z,0.6205008924007416
2019-08-02T12:01:58Z,0.1405222909525036
2019-08-02T15:49:51Z,-0.8786218706518412
2019-08-02T16:41:51Z,-0.4527979791164398
2019-08-02T16:46:24Z,0.1650149170309305
2019-08-02T20:22:17Z,-0.0078131966292858
2019-08-04T12:15:08Z,0.0048860926181077
2019-08-05T15:10:40Z,-0.912221970036626
2019-08-05T16:25:26Z,0.082696259021759
2019-08-05T16:30:13Z,-0.9243334867060184
2019-08-05T18:49:45Z,-4.732608795166016e-05
2019-08-06T12:41:54Z,0.0036330372095108
2019-08-06T15:33:56Z,0.0081417467445135
2019-08-06T15:52:57Z,-0.0757831279188394
2019-08-06T16:01:17Z,0.9238621592521667
2019-08-06T21:18:39Z,-0.0050996840000152
2019-08-06T21:58:38Z,-0.7570381928235292
2019-08-07T14:30:41Z,0.0048115346580743
2019-08-07T16:11:33Z,0.0149347390979528
2019-08-08T07:33:03Z,-0.9212681390345095
2019-08-08T10:49:31Z,0.6562636122107506
2019-08-08T11:27:04Z,0.1630427045747637
2019-08-08T13:48:46Z,-0.5024610813707113
2019-08-09T14:26:13Z,0.0073025412857532
2019-08-09T16:25:45Z,-0.0011777244508266
2019-08-10T21:03:15Z,-0.608812315389514
2019-08-12T13:16:56Z,0.9355557765811682
2019-08-13T14:52:56Z,-0.0043324306607246
2019-08-13T15:21:33Z,-0.4432618785649538
2019-08-13T15:45:16Z,-0.1194426417350769
2019-08-13T16:39:12Z,-0.7552389726042747
2019-08-13T17:20:30Z,-0.0232180058956146
2019-08-13T20:32:03Z,-0.00396279245615
2019-08-13T20:59:09Z,-0.7463711723685265
2019-08-14T08:49:16Z,-0.9008943308144808
2019-08-14T13:03:01Z,-0.0818155407905578
2019-08-14T14:53:08Z,0.005617244169116
2019-08-15T11:08:58Z,0.5527544468641281
2019-08-15T13:48:10Z,-0.0413194745779037
2019-08-16T08:02:03Z,-0.7622588686645031
2019-08-16T14:15:49Z,-0.0036161541938781
2019-08-17T17:58:23Z,-0.0021319277584552
2019-08-19T00:53:27Z,-0.7898194566369057
2019-08-19T10:00:07Z,0.1836412250995636
2019-08-19T16:43:28Z,0.629624305292964
2019-08-19T23:39:46Z,0.0892092697322368
2019-08-20T08:04:59Z,0.3503749798983335
2019-08-20T13:32:01Z,-0.0433226153254509
2019-08-20T14:58:04Z,-0.0633623860776424
2019-08-20T15:20:37Z,-0.9450571117922664
2019-08-20T17:36:42Z,-0.0663311034440994
2019-08-21T08:44:36Z,0.3874196009710431
2019-08-21T08:51:29Z,0.884782250970602
2019-08-21T16:23:45Z,0.0322466157376766
2019-08-21T20:46:14Z,0.3658876866102218
2019-08-22T11:48:43Z,0.4203211525455117
2019-08-22T15:06:07Z,-0.8948625111952424
2019-08-22T17:46:01Z,0.817365363240242
2019-08-22T21:00:23Z,-0.0011100210249423
2019-08-23T11:50:07Z,-0.1925622187554836
2019-08-23T12:17:05Z,-0.0451632179319858
2019-08-23T15:06:14Z,-0.6880935654044151
2019-08-23T15:09:31Z,-0.3408892601728439
2019-08-23T15:44:44Z,-0.484321191906929
2019-08-24T17:40:51Z,0.0375864543020725
2019-08-26T11:25:20Z,0.043215962126851
2019-08-26T16:32:40Z,-0.92621033731848
2019-08-26T17:03:29Z,-0.6737724654376507
2019-08-26T17:19:40Z,-0.6210108771920204
2019-08-26T19:10:07Z,-0.3554103225469589
2019-08-26T20:49:19Z,0.8668161323294044
2019-08-27T02:17:00Z,-0.2868853025138378
2019-08-27T14:37:21Z,0.0470540337264537
2019-08-28T13:50:09Z,-0.4230639785528183
2019-08-28T15:01:35Z,-0.0327344387769699
2019-08-28T19:14:05Z,-0.9319404801353812
2019-08-28T21:27:20Z,0.0017347112298011
2019-08-29T14:17:05Z,-0.8519238382577896
2019-08-29T16:10:36Z,0.0904858019202947
2019-08-29T17:45:50Z,-0.3795948028564453
2019-08-29T21:18:45Z,0.7437635511159897
2019-08-30T07:47:14Z,0.2196622975170612
2019-08-31T19:37:19Z,0.0099369324743747
2019-09-02T12:38:02Z,-0.956183391623199
2019-09-02T14:08:56Z,0.5679486412554979
2019-09-03T12:37:59Z,-0.0245233625173568
2019-09-03T13:06:46Z,-0.1071628108620643
2019-09-03T15:22:55Z,0.0338492440059781
2019-09-04T08:11:59Z,0.0861877864226698
2019-09-04T11:56:27Z,0.006640626117587
2019-09-04T13:37:26Z,0.0023318342864513
2019-09-04T17:27:58Z,0.7232352192513645
2019-09-04T17:41:30Z,0.5370462834835052
2019-09-04T17:41:34Z,0.19869389757514
2019-09-05T10:09:23Z,0.0482507869601249
2019-09-05T11:25:56Z,0.0878088632598519
2019-09-05T14:04:25Z,0.0747680738568306
2019-09-05T15:08:45Z,0.5250955084338784
2019-09-05T15:39:24Z,-0.0924323201179504
2019-09-05T17:31:29Z,0.0226439274847507
2019-09-05T17:31:28Z,0.0669836048036813
2019-09-05T23:43:57Z,-0.7870146669447422
2019-09-06T13:53:30Z,0.930311905220151
2019-09-06T14:00:49Z,-0.9581675352528692
2019-09-06T14:35:14Z,-0.5854362845420837
2019-09-06T14:35:16Z,0.9305557999759912
2019-09-07T18:57:35Z,-0.0116153378039598
2019-09-07T19:26:55Z,0.003575287759304
2019-09-08T15:00:21Z,-0.0020157620310783
2019-09-09T08:34:07Z,-0.9626053860411048
2019-09-09T14:22:58Z,0.4806376621127128
2019-09-09T14:38:58Z,-0.952103833667934
2019-09-10T08:43:31Z,0.5627209190279245
2019-09-10T10:31:55Z,-0.881584906950593
2019-09-10T13:15:52Z,0.1045416742563247
2019-09-10T13:46:01Z,-0.0477538015693426
2019-09-10T17:03:21Z,0.3570240437984466
2019-09-10T17:04:25Z,0.026566244661808
2019-09-10T17:06:26Z,0.1425945777446031
2019-09-10T17:11:54Z,-0.9631251906976104
2019-09-10T17:13:00Z,-0.0054440386593341
2019-09-10T17:13:11Z,0.0140810534358024
2019-09-10T17:15:00Z,0.0480101723223924
2019-09-10T17:16:21Z,0.1829544883221388
2019-09-10T17:19:35Z,0.03396135289222
2019-09-10T17:20:01Z,-0.9376845313236116
2019-09-10T17:20:36Z,0.133380533196032
2019-09-10T17:22:17Z,0.0896665658801794
2019-09-10T17:23:48Z,0.0621830206364393
2019-09-10T17:25:36Z,0.719401441514492
2019-09-10T17:27:59Z,0.1013260902836918
2019-09-10T17:29:02Z,0.0097603648900985
2019-09-10T17:40:04Z,0.0842541800811886
2019-09-10T17:40:33Z,0.2075011488050222
2019-09-10T17:40:59Z,0.3573536621406674
2019-09-10T17:43:42Z,0.117038189433515
2019-09-10T17:44:03Z,0.0421359688043594
2019-09-10T17:44:43Z,0.0105689782649278
2019-09-10T17:44:59Z,0.021618727594614
2019-09-10T17:48:42Z,0.2429455667734146
2019-09-10T17:49:44Z,0.4509272016584873
2019-09-10T17:51:39Z,0.1853385362774133
2019-09-10T17:51:55Z,0.0373573182150721
2019-09-10T17:54:42Z,0.174475921317935
2019-09-10T17:55:30Z,-0.4175680577754974
2019-09-10T17:59:26Z,0.011876905336976
2019-09-10T18:00:17Z,0.0494711818173527
2019-09-10T18:07:53Z,0.0872448273003101
2019-09-10T18:08:38Z,0.133524939417839
2019-09-10T18:09:27Z,0.0789139755070209
2019-09-10T18:09:56Z,0.0829597329720854
2019-09-10T18:13:55Z,0.128070649690926
2019-09-10T18:31:57Z,-0.8581257648766041
2019-09-10T18:35:00Z,0.0289608873426914
2019-09-10T18:35:39Z,0.037464115768671
2019-09-10T18:35:55Z,0.0779739990830421
2019-09-10T18:48:32Z,0.1622235719114542
2019-09-10T19:38:56Z,0.0577446725219488
2019-09-11T08:15:25Z,0.715481043793261
2019-09-11T11:58:35Z,0.5799748487770557
2019-09-11T12:13:18Z,0.7850862201303244
2019-09-11T12:23:53Z,0.911660524085164
2019-09-11T12:53:24Z,-0.1147931292653083
2019-09-11T13:01:18Z,0.8815123625099659
2019-09-11T13:01:21Z,0.3861625883728266
2019-09-11T13:10:13Z,-0.0676411315798759
2019-09-11T13:24:04Z,0.0046781338751316
2019-09-11T13:44:41Z,0.8802663534879684
2019-09-11T15:17:02Z,0.8547376878559589
2019-09-11T15:39:13Z,0.8123299293220043
2019-09-11T16:36:07Z,-0.0809734873473644
2019-09-11T17:16:23Z,0.0122623443603515
2019-09-11T17:23:57Z,0.6147634191438556
2019-09-11T17:51:43Z,-0.402124285697937
2019-09-11T19:18:14Z,-0.945465935394168
2019-09-12T08:40:03Z,0.9264756171032786
2019-09-12T08:41:22Z,-0.9303907593712212
2019-09-12T18:05:39Z,0.2275163400918245
2019-09-13T12:34:43Z,-0.9104065224528312
2019-09-13T12:35:30Z,-0.3870343547314405
2019-09-13T12:52:53Z,-0.2373722940683365
2019-09-13T12:58:29Z,-0.1285437494516372
2019-09-13T13:58:26Z,-0.94288856908679
2019-09-13T17:41:36Z,-0.9154682196676732
2019-09-13T18:10:31Z,-0.6368904747068882
2019-09-13T21:23:05Z,-0.7767734741792083
2019-09-14T17:06:23Z,0.0063612796366214
2019-09-15T15:26:48Z,0.0141973160207271
2019-09-16T12:20:20Z,0.0370083451271057
2019-09-16T13:36:17Z,-0.9141816403716804
2019-09-16T13:44:46Z,0.0101274847984313
2019-09-16T14:20:07Z,0.0086497664451599
2019-09-16T16:36:43Z,0.0301592517644166
2019-09-16T17:15:42Z,0.0142147243022918
2019-09-16T18:13:33Z,-0.0010099448263645
2019-09-17T08:08:34Z,0.7268896857276559
2019-09-17T11:04:19Z,0.9024814730510116
2019-09-17T13:26:28Z,0.0071843806654214
2019-09-17T16:29:15Z,0.0135028026998043
2019-09-18T08:47:25Z,0.9207858238369226
2019-09-18T08:51:29Z,-0.1956634521484375
2019-09-18T11:16:08Z,0.2072788150981068
2019-09-18T12:36:14Z,0.9158824365586042
2019-09-18T20:28:34Z,-0.794362086802721
2019-09-19T16:18:19Z,-0.7766068316996098
2019-09-20T08:05:01Z,0.7972976807504892
2019-09-20T11:59:23Z,0.4900110699236393
2019-09-20T12:07:17Z,-0.1065177172422409
2019-09-20T13:28:16Z,-0.1285437494516372
2019-09-20T14:17:53Z,0.0875299461185932
2019-09-20T14:48:37Z,0.0306584695354104
2019-09-20T18:16:23Z,-0.9277125280350448
2019-09-23T08:08:16Z,0.9259112272411584
2019-09-23T12:42:06Z,0.2106877276673913
2019-09-23T13:38:01Z,0.0077549330890178
2019-09-23T14:40:08Z,-0.1123933047056198
2019-09-23T16:12:17Z,0.0349523164331913
2019-09-23T16:52:49Z,-0.5735929608345032
2019-09-23T16:52:54Z,0.8929717410355806
2019-09-23T17:08:44Z,0.0905601046979427
2019-09-23T18:19:57Z,0.023910105228424
2019-09-24T08:36:30Z,0.0924587249755859
2019-09-24T13:34:29Z,-0.6306791380047798
2019-09-24T14:20:30Z,0.224299291614443
2019-09-24T14:39:38Z,0.0077501665800809
2019-09-24T19:07:16Z,0.7339967302978039
2019-09-24T20:37:24Z,-0.087895069271326
2019-09-25T17:25:52Z,0.2135617528110742
2019-09-25T17:30:32Z,0.0331959314644336
2019-09-26T08:15:03Z,0.1910541420802474
2019-09-26T10:37:26Z,0.8855439890176058
2019-09-26T10:38:17Z,-0.896457077935338
2019-09-26T16:09:06Z,-0.0843969658017158
2019-09-26T16:27:30Z,0.0916905961930751
2019-09-26T18:05:27Z,0.8808381110429764
2019-09-26T18:08:22Z,0.3809636393561959
2019-09-27T13:57:27Z,0.0956578180193901
2019-09-27T14:07:58Z,0.1775692719966173
2019-09-28T18:40:42Z,0.0147812068462371
2019-09-30T12:19:15Z,0.8418822679668665
2019-09-30T13:24:08Z,-0.1186727881431579
2019-09-30T14:30:33Z,0.8908223696053028
2019-09-30T14:30:42Z,0.9239219501614572
2019-09-30T17:23:26Z,0.7502569556236267
2019-09-30T18:27:27Z,0.9335299003869296
2019-09-30T19:11:40Z,0.1527541056275367
2019-09-30T19:42:43Z,-0.8615816533565521
2019-09-30T20:18:50Z,0.0838791942223906
2019-10-01T13:32:36Z,0.0090257972478866
2019-10-01T13:33:46Z,0.0052488539367914
2019-10-01T15:05:25Z,0.040878340601921
2019-10-01T16:11:57Z,0.9413653491064906
2019-10-01T16:12:06Z,-0.9589020702987908
2019-10-01T16:58:05Z,0.0160187352448701
2019-10-01T19:25:07Z,0.2259414410218596
2019-10-02T10:10:33Z,-0.7469667419791222
2019-10-02T13:24:50Z,0.0049381591379642
2019-10-02T15:11:47Z,-0.9631168521009386
2019-10-02T15:18:56Z,0.0384964421391487
2019-10-02T15:22:39Z,0.1729527763091027
2019-10-02T15:23:20Z,-0.4495836570858955
2019-10-02T15:23:43Z,0.0452495329082012
2019-10-02T15:26:06Z,0.734612783882767
2019-10-02T16:44:35Z,0.015461403876543
2019-10-02T20:01:42Z,-0.8141266740858555
2019-10-02T20:05:54Z,0.0799270924180746
2019-10-02T22:29:40Z,-0.0520715322345495
2019-10-03T08:09:07Z,0.1785974856466055
2019-10-03T13:45:19Z,0.1628695707768201
2019-10-03T14:36:53Z,-0.3908517509698868
2019-10-03T14:46:42Z,0.8811541236937046
2019-10-03T15:58:49Z,0.842565855011344
2019-10-03T16:40:13Z,-0.3106437474489212
2019-10-04T09:10:06Z,0.6699768826365471
2019-10-04T12:23:51Z,0.0145068615674972
2019-10-04T14:00:34Z,0.0147386044263839
2019-10-04T15:00:04Z,0.6811188757419586
2019-10-04T15:57:36Z,-0.1830685548484325
2019-10-04T16:48:33Z,0.0147386044263839
2019-10-04T17:04:53Z,0.0413430649787187
2019-10-04T18:25:27Z,-0.0632215291261673
2019-10-04T18:44:53Z,-0.0372576154768466
2019-10-04T19:27:56Z,0.0292352996766567
2019-10-05T13:39:56Z,0.0254375245422124
2019-10-05T14:04:32Z,0.0159971732646226
2019-10-06T21:10:30Z,0.0035056918859481
2019-10-06T21:44:15Z,0.7670099884271622
2019-10-07T07:45:09Z,0.8406600197777152
2019-10-07T11:09:45Z,0.5341927818953991
2019-10-07T12:32:37Z,-0.1186727881431579
2019-10-07T13:32:19Z,0.0067942552268505
2019-10-07T16:27:47Z,0.0143320374190807
2019-10-07T20:54:22Z,0.0654951445758342
2019-10-08T08:51:18Z,0.6272762846201658
2019-10-08T12:15:22Z,-0.1479079574346542
2019-10-08T20:56:41Z,0.2014005566015839
2019-10-09T11:52:41Z,-0.0155087560415267
2019-10-09T12:15:04Z,0.7981024980545044
2019-10-09T12:25:53Z,-0.1147931292653083
2019-10-09T13:54:05Z,0.0071429088711738
2019-10-09T15:40:23Z,0.7488546036183834
2019-10-09T16:43:08Z,0.0144112445414066
2019-10-09T19:33:00Z,-0.2476871125400066
2019-10-10T08:12:18Z,-0.8341014245525002
2019-10-10T10:12:35Z,0.2938566952943802
2019-10-10T14:02:38Z,-0.5297269802540541
2019-10-10T14:08:47Z,0.0087982229888439
2019-10-10T14:38:22Z,0.0167946927249431
2019-10-10T14:57:55Z,0.1803470030426979
2019-10-10T15:17:28Z,-0.714806130155921
2019-10-10T16:54:18Z,0.0546754319220781
2019-10-11T12:58:33Z,0.8686558157205582
2019-10-11T13:59:59Z,0.8252314515411854
2019-10-11T14:09:41Z,0.0078834369778633
2019-10-11T14:18:45Z,0.1294368132948875
2019-10-11T16:23:46Z,0.0138549767434597
2019-10-11T16:39:09Z,-0.4011098258197307
2019-10-11T16:45:14Z,0.9040492363274096
2019-10-11T16:48:59Z,-0.9278424493968488
2019-10-11T17:15:01Z,-0.0032788924872875
2019-10-11T18:56:37Z,-0.1024518236517906
2019-10-12T20:17:52Z,0.0007914137095212
2019-10-12T20:59:35Z,0.0036017168313264
2019-10-12T22:05:02Z,-0.0397770255804061
2019-10-13T14:42:18Z,0.4970839135348797
2019-10-13T19:40:44Z,0.0489038862287998
2019-10-14T14:13:53Z,0.927795734256506
2019-10-14T14:13:59Z,-0.771683856844902
2019-10-14T14:47:35Z,0.1622259616851806
2019-10-14T15:03:19Z,0.0080349668860435
2019-10-14T16:46:22Z,0.0142131485044956
2019-10-14T19:03:07Z,0.8502854611724615
2019-10-14T19:15:12Z,-0.8580127991735935
2019-10-15T13:04:55Z,0.1421744348481297
2019-10-15T13:13:26Z,0.9221619181334972
2019-10-15T13:37:06Z,0.5569709688425064
2019-10-15T14:26:32Z,0.0069182310253381
2019-10-15T14:30:44Z,-0.0762722566723823
2019-10-15T15:00:29Z,0.0478766281157732
2019-10-15T17:13:42Z,0.0149186104536056
2019-10-15T19:01:49Z,0.9144701398909092
2019-10-16T07:29:52Z,-0.0232897847890853
2019-10-16T12:15:38Z,0.1237732963636517
2019-10-17T11:15:58Z,0.8104547653347254
2019-10-17T12:05:54Z,-0.1289493143558502
2019-10-17T16:25:48Z,0.927804185077548
2019-10-17T17:25:10Z,0.573698028922081
2019-10-18T07:38:39Z,0.6345058474689722
2019-10-18T13:09:29Z,0.8028740957379341
2019-10-18T16:00:35Z,0.9309779787436128
2019-10-21T11:33:07Z,0.8478012755513191
2019-10-21T11:58:25Z,0.802714966237545
2019-10-21T11:58:30Z,0.6359092220664024
2019-10-21T12:31:47Z,-0.1186727881431579
2019-10-21T13:29:25Z,-0.6905215680599213
2019-10-21T13:29:30Z,0.9258917178958654
2019-10-21T15:06:50Z,0.1622259616851806
2019-10-21T15:11:44Z,0.00488449819386
2019-10-22T07:21:32Z,0.4976587891578674
2019-10-22T12:30:22Z,0.7329695699736476
2019-10-22T12:44:41Z,0.6033543273806572
2019-10-22T13:07:16Z,-0.9181625340133904
2019-10-22T13:07:27Z,0.9145374149084092
2019-10-22T13:25:02Z,0.9211953394114972
2019-10-22T13:25:09Z,0.9162911996245384
2019-10-22T13:25:15Z,-0.1233388185501098
2019-10-22T13:53:03Z,0.2459247671067714
2019-10-22T13:53:41Z,-0.0961587354540824
2019-10-22T14:46:38Z,0.1041095936670899
2019-10-23T07:48:52Z,0.9313820246607064
2019-10-23T11:48:34Z,0.8074230812489986
2019-10-23T13:12:43Z,-0.014227956533432
2019-10-23T14:05:46Z,0.1734288530424237
2019-10-23T14:23:29Z,0.1919871717691421
2019-10-23T14:27:46Z,0.8826655372977257
2019-10-23T14:27:59Z,0.9272727500647306
2019-10-23T14:52:46Z,-0.8015036229044199
2019-10-23T16:47:45Z,0.0125775951892137
2019-10-23T16:56:29Z,0.8452891353517771
2019-10-24T08:00:33Z,0.5192255172878504
2019-10-24T10:54:00Z,0.6882290616631508
2019-10-24T14:01:15Z,0.0659659970551729
2019-10-24T14:13:46Z,0.1803470030426979
2019-10-24T14:38:42Z,0.8781999098137021
2019-10-24T15:04:22Z,0.0100945830345153
2019-10-24T15:32:53Z,0.0296040065586566
2019-10-24T15:34:51Z,0.9289580453187228
2019-10-24T18:35:10Z,-0.0938926637172699
2019-10-25T11:35:33Z,0.4900110699236393
2019-10-25T16:47:29Z,0.1294368132948875
2019-10-26T18:51:41Z,0.0015964116901159
2019-10-28T11:44:26Z,0.8404613519087434
2019-10-28T12:35:34Z,0.6036772504448891
2019-10-28T12:56:57Z,0.7532990109175444
2019-10-28T13:45:14Z,-0.0220188200473785
2019-10-28T14:33:32Z,-0.5045719854533672
2019-10-28T14:49:27Z,0.5198236517608166
2019-10-28T14:51:56Z,0.1622259616851806
2019-10-28T15:50:45Z,-0.9532255129888654
2019-10-28T16:01:21Z,0.0070563182234764
2019-10-28T16:01:49Z,0.0555916409939527
2019-10-28T17:02:02Z,0.0386185124516487
2019-10-29T12:53:56Z,0.9138846155256032
2019-10-29T14:52:30Z,0.1276030540466308
2019-10-29T15:35:54Z,0.0272029619663953
2019-10-29T20:31:11Z,0.3694767579436302
2019-10-30T07:39:23Z,-0.0661298800259828
2019-10-30T07:53:30Z,-0.9675977588631212
2019-10-30T08:14:01Z,-0.02886513620615
2019-10-30T12:53:55Z,-0.0030552595853805
2019-10-30T13:40:02Z,0.7219929546117783
2019-10-30T14:20:00Z,-0.0284870639443397
2019-10-30T15:11:46Z,0.8304914506152272
2019-10-30T16:15:08Z,0.0230309031903743
2019-10-30T19:11:17Z,-0.0893463566899299
2019-10-30T20:30:25Z,0.3454229235649109
2019-10-30T20:32:01Z,0.0360740330070257
2019-10-30T20:33:18Z,-0.9497822914272548
2019-10-30T20:39:18Z,0.918619241565466
2019-10-30T21:17:31Z,-0.5963120609521866
2019-10-30T21:41:02Z,0.3219977519474923
2019-10-31T10:43:27Z,-0.0546975396573543
2019-10-31T11:36:18Z,0.6642938144505024
2019-10-31T11:42:57Z,0.7783504910767078
2019-10-31T11:49:30Z,0.6887375898659229
2019-10-31T12:01:39Z,0.7808293644338846
2019-10-31T12:03:11Z,0.7418726142495871
2019-10-31T12:25:42Z,-0.8966239020228386
2019-10-31T12:31:15Z,0.749222207814455
2019-10-31T12:33:36Z,0.7810458652675152
2019-10-31T12:34:49Z,0.0299942307174205
2019-10-31T12:35:59Z,0.764899380505085
2019-10-31T12:38:12Z,0.893506295979023
2019-10-31T12:38:36Z,0.0306078679859638
2019-10-31T12:39:23Z,0.4878958379849791
2019-10-31T12:39:26Z,0.7903281506150961
2019-10-31T12:41:24Z,0.8155612573027611
2019-10-31T12:41:25Z,0.1376344244927168
2019-10-31T12:42:26Z,0.889676651917398
2019-10-31T12:46:03Z,0.227756118401885
2019-10-31T12:48:20Z,-0.1289493143558502
2019-10-31T12:48:47Z,0.3967537321150303
2019-10-31T13:26:42Z,-0.0331927649676799
2019-10-31T15:18:38Z,0.008014352992177
2019-10-31T15:20:36Z,0.9192393831908704
2019-10-31T17:10:07Z,0.1373688150197267
2019-11-01T08:04:54Z,0.1068797130137682
2019-11-01T08:06:47Z,-0.2222949415445327
2019-11-01T08:14:57Z,0.0305919051170349
2019-11-01T14:31:18Z,0.1294368132948875
2019-11-01T17:15:23Z,0.0088286492973566
2019-11-01T17:34:56Z,0.0652032475918531
2019-11-01T18:04:10Z,0.0363075770437717
2019-11-01T18:36:18Z,0.4238027315586805
2019-11-01T19:27:47Z,0.0384770259261131
2019-11-03T15:44:34Z,-0.0034531094133853
2019-11-04T08:45:09Z,0.1812733630649745
2019-11-04T08:51:02Z,0.1053561009466648
2019-11-04T11:31:23Z,0.8564334576949477
2019-11-04T16:27:34Z,0.2010515108704567
2019-11-04T19:43:57Z,0.1622259616851806
2019-11-04T20:12:37Z,0.0313457977026701
2019-11-05T16:12:49Z,0.1276030540466308
2019-11-05T21:49:07Z,0.2193795479834079
2019-11-06T11:38:18Z,-0.0087146610021591
2019-11-07T03:35:37Z,-0.5079882629215717
2019-11-07T14:17:59Z,0.9156130310148
2019-11-07T14:56:53Z,0.2444454599171877
2019-11-07T15:16:37Z,0.1803470030426979
2019-11-07T15:39:20Z,0.1117508905008435
2019-11-07T17:27:48Z,-0.9474999913945794
2019-11-07T19:50:18Z,0.1414270214736461
2019-11-09T21:28:45Z,-0.8485895935446024
2019-11-10T21:30:45Z,-0.3105902075767517
2019-11-11T09:18:39Z,0.3717538602650165
2019-11-11T12:17:17Z,0.0610452610999345
2019-11-11T14:32:19Z,-0.447706451639533
2019-11-11T19:21:46Z,-0.5573229417204857
2019-11-11T21:04:24Z,0.1238684980198741
2019-11-11T21:59:50Z,0.0193991027772426
2019-11-12T13:50:13Z,0.8853610511869192
2019-11-12T14:31:26Z,0.9293678179383278
2019-11-12T20:05:28Z,0.4315713625401258
2019-11-12T20:56:00Z,0.241605507209897
2019-11-12T21:59:02Z,0.0892615895718336
2019-11-12T22:05:41Z,-0.2253062389791011
2019-11-13T09:06:29Z,0.6649626195430756
2019-11-13T11:37:52Z,0.2197644859552383
2019-11-13T12:20:48Z,0.113259439356625
2019-11-13T13:35:40Z,0.161100273951888
2019-11-13T13:58:13Z,0.0196228213608264
2019-11-13T14:55:23Z,0.0494929188862443
2019-11-13T15:06:56Z,0.4496230259537697
2019-11-13T15:12:03Z,0.1919871717691421
2019-11-13T15:33:23Z,0.0012355297803878
2019-11-13T16:12:06Z,0.0946875344961881
2019-11-13T17:11:48Z,-0.9379909317940474
2019-11-13T19:34:59Z,0.3826201185584068
2019-11-13T19:57:22Z,0.1149962600320577
2019-11-13T20:20:03Z,0.9183258190751076
2019-11-13T20:21:37Z,0.2463326165452599
2019-11-14T13:20:08Z,-0.529580645263195
2019-11-14T13:47:19Z,0.0851122280582785
2019-11-14T14:56:21Z,-0.5736898425966501
2019-11-14T15:09:36Z,0.1803470030426979
2019-11-14T16:54:21Z,0.223227540962398
2019-11-14T18:50:36Z,-0.9205466322600842
2019-11-14T19:13:35Z,0.9003069158643484
2019-11-14T19:39:25Z,-0.956044894643128
2019-11-14T19:46:35Z,0.0467052478343248
2019-11-14T21:40:07Z,0.0510131912305951
2019-11-15T12:37:12Z,0.8940197601914406
2019-11-15T12:39:43Z,0.7542834915220737
2019-11-15T13:21:46Z,0.8464574590325356
2019-11-15T13:37:33Z,-0.1285437494516372
2019-11-15T14:52:48Z,0.9144836459308864
2019-11-15T14:52:54Z,0.9081131666898729
2019-11-15T14:53:00Z,-0.8346542455255985
2019-11-15T15:06:56Z,0.8532247394323349
2019-11-15T15:07:11Z,0.9287322741001844
2019-11-15T15:07:56Z,0.9136823555454612
2019-11-15T17:29:16Z,0.0778236296027898
2019-11-15T17:43:06Z,0.7589399572461843
2019-11-15T18:17:23Z,-0.0734811425209045
2019-11-15T18:41:26Z,-0.6699322536587715
2019-11-16T15:05:40Z,-0.0045605227351188
2019-11-17T17:49:12Z,0.0035840161144733
2019-11-18T10:21:03Z,0.8995285350829363
2019-11-18T10:39:59Z,0.9175539268180728
2019-11-18T15:40:05Z,0.0124217867851257
2019-11-18T15:52:21Z,-0.2705753557384014
2019-11-18T16:01:06Z,0.1622259616851806
2019-11-18T17:30:11Z,0.5671120882034302
2019-11-18T21:18:23Z,-0.0029507726430892
2019-11-18T21:34:01Z,0.0559605145826935
2019-11-19T10:48:01Z,0.11919875908643
2019-11-19T15:21:57Z,0.1276030540466308
2019-11-19T15:30:26Z,-0.7980995122343302
2019-11-19T17:04:24Z,0.0355574954301118
2019-11-19T18:50:08Z,0.3531642109155655
2019-11-19T20:36:37Z,0.1417199657298624
2019-11-20T12:16:41Z,0.4644002420827746
2019-11-20T19:36:16Z,0.0374809503555297
2019-11-21T09:47:29Z,0.2692478438839316
2019-11-21T11:33:04Z,-0.8756290655583143
2019-11-21T12:42:10Z,0.2017216403037309
2019-11-21T13:00:21Z,0.1607053354382515
2019-11-21T16:09:24Z,0.0047687888145446
2019-11-22T15:27:58Z,-0.9611319191753864
2019-11-22T16:07:01Z,-0.912124127149582
2019-11-22T16:59:10Z,-0.9355411771684884
2019-11-23T20:17:44Z,0.0093802530318498
2019-11-24T20:59:36Z,0.7359851244837046
2019-11-25T10:30:51Z,0.936019747518003
2019-11-25T10:42:45Z,0.8915836210362613
2019-11-25T15:20:56Z,0.5716476738452911
2019-11-25T18:41:08Z,0.1606301050633192
2019-11-26T08:42:02Z,0.1737989485263824
2019-11-26T14:01:55Z,0.0913348942995071
2019-11-26T14:43:49Z,0.5015326887369156
2019-11-26T14:47:14Z,-0.9511192655190824
2019-11-26T16:57:11Z,0.6361158490180969
2019-11-26T20:27:50Z,0.0267473682761192
2019-11-27T11:11:35Z,0.2723138062283396
2019-11-27T11:28:09Z,0.7938123634085059
2019-11-27T16:17:54Z,0.2157274186611175
2019-11-28T08:57:40Z,-0.9274861244484782
2019-11-29T14:09:10Z,-0.8531809374690056
2019-11-29T16:45:53Z,0.0310108661651611
2019-11-29T17:10:53Z,-0.0558871328830719
2019-12-02T06:30:56Z,0.7228864282369614
2019-12-02T10:34:30Z,0.1425038920715451
2019-12-02T13:33:09Z,0.805660855025053
2019-12-02T14:20:58Z,0.0346148088574409
2019-12-02T14:27:45Z,0.9239583145827056
2019-12-02T15:15:26Z,0.1622259616851806
2019-12-02T17:00:00Z,-0.1786017306149006
2019-12-02T20:21:58Z,0.0073918867856264
2019-12-03T05:54:34Z,0.3428606642410159
2019-12-03T14:04:56Z,0.0051078200340271
2019-12-03T14:25:44Z,0.0903259348124265
2019-12-03T17:11:37Z,0.7199149895459414
2019-12-03T17:49:27Z,-0.0291608702391386
2019-12-03T18:31:02Z,0.0157057046890258
2019-12-04T17:11:09Z,-0.8859239388257265
2019-12-05T10:41:14Z,0.1341615710407495
2019-12-05T12:49:23Z,0.6618468947708607
2019-12-05T19:38:50Z,0.1515722461044788
2019-12-06T11:26:43Z,-0.1187226548790931
2019-12-06T13:58:54Z,-0.0292866341769695
2019-12-06T15:33:46Z,0.1294368132948875
2019-12-08T18:10:19Z,0.0226523298770189
2019-12-09T04:44:19Z,-0.0446970351040363
2019-12-09T10:28:06Z,-0.3329139649868011
2019-12-09T12:21:59Z,0.15796591155231
2019-12-09T14:40:31Z,-0.5345285814255476
2019-12-09T15:37:26Z,-0.7920766845345497
2019-12-09T18:22:36Z,-0.8893979638814926
2019-12-10T03:04:41Z,-0.9549799459055066
2019-12-10T10:15:18Z,-0.927650084719062
2019-12-10T15:18:50Z,0.1375953629612922
2019-12-10T15:35:35Z,0.4542077574878931
2019-12-10T17:26:01Z,0.1490731025114655
2019-12-10T19:03:35Z,-0.9421113869175316
2019-12-11T04:00:03Z,0.0554059082642197
2019-12-11T09:29:58Z,0.8804916068911552
2019-12-11T10:30:39Z,0.7925578425638378
2019-12-11T15:49:53Z,0.1919871717691421
2019-12-11T16:43:05Z,0.926126392558217
2019-12-11T20:05:11Z,0.8222102653235197
2019-12-12T10:22:28Z,0.8759526759386063
2019-12-12T11:05:10Z,-0.0517573878169059
2019-12-12T13:00:06Z,0.0706912530586123
2019-12-12T13:01:17Z,-0.9534616582095624
2019-12-12T15:21:05Z,0.1803470030426979
2019-12-12T16:37:33Z,-0.1698516644537449
2019-12-12T17:39:28Z,-0.1949030309915542
2019-12-12T19:27:08Z,0.9043922601267697
2019-12-13T14:14:00Z,0.8794616926461458
2019-12-13T14:20:04Z,0.5348654948174953
2019-12-13T14:34:12Z,0.8809771500527859
2019-12-13T16:19:27Z,0.1294368132948875
2019-12-13T20:09:17Z,0.8233278654515743
2019-12-13T20:55:06Z,-0.1831680834293365
2019-12-15T22:25:59Z,0.9102788902819156
2019-12-16T10:42:07Z,-0.3107572495937347
2019-12-16T14:00:04Z,0.0784886162728071
2019-12-16T14:32:33Z,-0.0197517275810241
2019-12-16T14:36:35Z,-0.1327633261680603
2019-12-16T15:16:26Z,0.1276030540466308
2019-12-16T20:08:40Z,0.0720397923141717
2019-12-17T05:55:28Z,-0.0046502947807312
2019-12-17T11:35:12Z,-0.9636870790272952
2019-12-17T12:41:23Z,-0.0301635861396789
2019-12-17T13:50:26Z,0.0582210607826709
2019-12-17T14:33:51Z,0.8509467579424381
2019-12-17T15:54:51Z,-0.9665620420128108
2019-12-17T15:54:59Z,0.9275677669793368
2019-12-17T16:19:43Z,0.1276030540466308
2019-12-17T17:14:10Z,-0.9679555068723856
2019-12-17T17:49:24Z,-0.9531385488808156
2019-12-18T11:16:59Z,-0.4482659790664911
2019-12-18T12:55:24Z,0.9197462592273952
2019-12-18T20:03:57Z,-0.5814423635601997
2019-12-18T20:16:37Z,0.0568108800798654
2019-12-19T15:22:31Z,0.0489723719656467
2019-12-19T16:38:49Z,0.2709779981523752
2019-12-19T17:52:16Z,0.8533181748352945
2019-12-19T17:53:46Z,0.9082853300496936
2019-12-19T19:46:15Z,0.1114971414208412
2019-12-20T09:33:34Z,0.429885633289814
2019-12-20T11:12:47Z,0.2243952890858054
2019-12-20T12:45:22Z,0.8897493816912174
2019-12-20T13:27:42Z,-0.1285437494516372
2019-12-20T14:00:58Z,0.0437382347881794
2019-12-20T14:31:32Z,0.3149865083396435
2019-12-20T16:59:00Z,0.1294368132948875
2019-12-20T21:31:59Z,-0.2298842966556549
2019-12-21T16:24:58Z,0.0299316309392452
2019-12-21T19:33:35Z,0.0066772364079952
2019-12-22T15:00:13Z,-0.0528984852135181
2019-12-23T12:05:52Z,0.8847336173057556
2019-12-23T13:30:22Z,-0.1186727881431579
2019-12-23T23:20:52Z,-0.927779920399189
2019-12-24T17:18:55Z,0.0167003907263278
2019-12-26T19:16:59Z,0.0057945027947425
2019-12-27T09:43:52Z,0.7294851280748844
2019-12-27T10:20:46Z,0.0531565304845571
2019-12-27T16:27:53Z,0.1294368132948875
2019-12-27T20:45:56Z,0.0379890799522399
2019-12-27T21:40:20Z,0.7281596884131432
2019-12-28T21:46:02Z,0.0055505409836769
2019-12-30T15:00:08Z,0.5729922009631991
2019-12-30T16:12:49Z,0.9252363499253988
2019-12-30T16:27:56Z,0.0659433305263519
2019-12-30T18:20:37Z,0.0315756164491176
2019-12-31T16:30:20Z,-0.0147729590535163
2019-12-31T16:53:17Z,-0.1837477833032608
2019-12-31T18:58:24Z,-0.2189898733049631
2019-12-31T21:00:02Z,0.0328327156603336
2020-01-02T10:43:38Z,0.5895015187561512
2020-01-02T10:48:54Z,0.1323791611939668
2020-01-02T10:50:20Z,0.2352832853794098
2020-01-02T12:16:08Z,0.0110421553254127
2020-01-02T15:20:14Z,0.9076519515365362
2020-01-02T15:50:32Z,-0.2117510437965393
2020-01-02T16:09:45Z,-0.0235113501548767
2020-01-02T16:14:26Z,-0.0235113501548767
2020-01-02T17:05:57Z,0.5170768052339554
2020-01-02T18:23:36Z,-0.0460221022367477
2020-01-02T18:55:40Z,0.205119663849473
2020-01-02T19:35:12Z,-0.9419602388516068
2020-01-02T21:53:57Z,0.1195344105362892
2020-01-03T05:49:26Z,0.6091581787914038
2020-01-03T07:47:01Z,0.9258986990898848
2020-01-03T11:58:13Z,0.8864666149020195
2020-01-03T12:04:49Z,0.9149205014109612
2020-01-03T12:57:03Z,0.5496807023882866
2020-01-03T13:02:43Z,0.7802637033164501
2020-01-03T13:31:24Z,-0.1285437494516372
2020-01-03T13:39:26Z,-0.7813400439918041
2020-01-03T13:41:38Z,0.0285642053931951
2020-01-03T14:57:22Z,0.9225525893270968
2020-01-03T15:06:50Z,0.9371634870767592
2020-01-03T15:10:12Z,0.3677462637424469
2020-01-03T15:12:26Z,0.926976026967168
2020-01-03T15:17:38Z,0.936135720461607
2020-01-03T16:33:41Z,-0.5537376422435045
2020-01-04T14:45:06Z,0.0203759130090475
2020-01-04T22:02:20Z,0.0005078054964542
2020-01-06T11:15:32Z,0.2924947403371334
2020-01-06T11:22:16Z,-0.8401246033608913
2020-01-06T11:37:11Z,-0.8645192440599203
2020-01-06T11:39:07Z,0.1778856571763754
2020-01-06T13:35:23Z,-0.1186727881431579
2020-01-06T14:01:01Z,0.0316346129402518
2020-01-06T14:31:27Z,-0.0029648207128047
2020-01-06T14:47:17Z,-0.9662167094647884
2020-01-06T14:57:04Z,0.055939907208085
2020-01-06T17:30:27Z,0.013665422797203
2020-01-06T17:53:13Z,0.5295602716505527
2020-01-06T18:10:51Z,0.0572563186287879
2020-01-07T21:13:10Z,0.546339594759047
2020-01-08T11:07:43Z,0.9247577674686908
2020-01-08T11:39:35Z,0.4146188786253333
2020-01-09T11:41:52Z,0.2089678756892681
2020-01-09T11:42:20Z,0.8147444631904364
2020-01-09T13:47:28Z,0.0192082859575748
2020-01-09T14:05:47Z,0.8228280022740364
2020-01-09T14:33:48Z,-0.0928607285022735
2020-01-09T14:57:57Z,-0.9565378092229366
2020-01-09T16:27:20Z,0.5855123922228813
2020-01-09T17:14:19Z,0.880823377519846
2020-01-09T18:55:33Z,0.3292982280254364
2020-01-09T20:11:02Z,-0.9351792242377996
2020-01-09T20:15:55Z,0.1803470030426979
2020-01-10T07:16:23Z,0.0907765664160251
2020-01-10T15:26:46Z,0.8950089355930686
2020-01-10T17:18:02Z,0.1294368132948875
2020-01-11T16:57:08Z,0.004201216623187
2020-01-12T20:35:13Z,0.0069202221930027
2020-01-13T12:43:35Z,0.7136076353490353
2020-01-13T13:12:22Z,-0.1186727881431579
2020-01-13T17:25:07Z,0.2012137435376644
2020-01-13T19:36:17Z,0.1319636106491089
2020-01-13T20:30:48Z,0.1664955085143447
2020-01-14T10:57:09Z,-0.9154233261942863
2020-01-14T13:35:41Z,0.6759760789573193
2020-01-14T14:41:32Z,0.0646579358726739
2020-01-14T16:44:53Z,0.8863421343266964
2020-01-14T17:28:12Z,-0.033447228372097
2020-01-14T19:15:29Z,0.1972096860408783
2020-01-14T19:30:34Z,0.6092955134809017
2020-01-14T19:55:13Z,-0.9555547693744302
2020-01-15T00:23:46Z,0.1828282363712787
2020-01-15T08:37:01Z,-0.676985826343298
2020-01-15T10:23:46Z,0.404098710976541
2020-01-15T14:14:55Z,0.7974585369229317
2020-01-15T16:50:07Z,0.9266339708119632
2020-01-15T17:50:04Z,0.915884954854846
2020-01-15T18:23:17Z,-0.7389132771641016
2020-01-15T20:00:50Z,0.8155953828245401
2020-01-16T10:13:03Z,0.2090036086738109
2020-01-16T11:24:15Z,-0.9230364244431256
2020-01-16T15:06:20Z,0.1427805367857217
2020-01-16T15:34:58Z,0.9359182054176928
2020-01-16T18:00:21Z,0.5821498967707157
2020-01-16T22:04:12Z,0.1180585138499736
2020-01-17T05:34:34Z,0.0779849560931325
2020-01-17T09:20:41Z,0.295503918081522
2020-01-17T13:00:24Z,0.779906939715147
2020-01-17T13:02:40Z,0.6122050061821938
2020-01-17T15:56:36Z,0.8294526934623718
2020-01-17T16:28:40Z,0.8447165489196777
2020-01-17T17:07:40Z,0.1396969063207507
2020-01-18T20:42:29Z,0.0029087848961353
2020-01-19T17:37:42Z,0.6823816150426865
2020-01-19T19:34:14Z,0.4794045891612768
2020-01-21T06:49:58Z,0.1350137926638126
2020-01-21T10:32:12Z,0.3286303426139056
2020-01-21T15:11:00Z,0.1276030540466308
2020-01-21T15:57:02Z,-0.9131021685898304
2020-01-21T17:25:01Z,0.3717648331075907
2020-01-21T19:03:33Z,0.0174564197659492
2020-01-21T19:59:26Z,0.8865928500890732
2020-01-21T21:27:27Z,0.9154173601418734
2020-01-22T10:42:10Z,0.2485454315319657
2020-01-22T13:12:59Z,0.2242731573060155
2020-01-22T15:22:46Z,-0.9228196991607548
2020-01-22T16:05:56Z,0.1121719731017947
2020-01-22T17:44:37Z,0.0098046734929084
2020-01-22T17:48:15Z,-0.0634431093931198
2020-01-22T20:05:19Z,0.0309884790331125
2020-01-23T12:13:04Z,0.5901313982903957
2020-01-23T13:13:39Z,-0.1289493143558502
2020-01-23T15:15:54Z,0.8912362493574619
2020-01-23T15:17:16Z,-0.6227120906114578
2020-01-23T18:01:01Z,0.897831516340375
2020-01-23T21:26:38Z,-0.9639708269387484
2020-01-23T21:48:14Z,-0.0322682633996009
2020-01-23T21:59:24Z,-0.9513770686462522
2020-01-24T10:19:06Z,0.1649222299456596
2020-01-24T13:16:39Z,-0.935949427075684
2020-01-24T13:22:06Z,0.6531671974807978
2020-01-24T13:26:54Z,0.8836726620793343
2020-01-24T13:47:43Z,0.0367184020578861
2020-01-24T13:58:01Z,0.8232596218585968
2020-01-24T15:24:32Z,0.2277743443846702
2020-01-24T15:41:55Z,0.1294368132948875
2020-01-24T17:09:42Z,-0.9583420641720296
2020-01-24T18:11:16Z,0.2206848561763763
2020-01-25T14:06:26Z,0.0065071787685155
2020-01-26T14:12:27Z,0.013639086857438
2020-01-26T22:46:19Z,0.2648468501865864
2020-01-27T05:46:39Z,0.0051147788763046
2020-01-27T11:40:33Z,-0.709563709795475
2020-01-27T15:41:37Z,0.495850645005703
2020-01-27T15:45:19Z,0.9206651225686072
2020-01-27T15:45:23Z,0.9297312293201684
2020-01-27T17:47:44Z,-0.1779369376599788
2020-01-27T18:27:04Z,-0.8230577800422907
2020-01-27T19:01:48Z,0.9204373247921468
2020-01-27T20:00:50Z,0.0393821708858013
2020-01-28T09:00:42Z,-0.0506404675543308
2020-01-28T09:45:48Z,-0.0211260542273521
2020-01-28T09:47:59Z,-0.9088136404752732
2020-01-28T09:52:32Z,0.1500263214111328
2020-01-28T11:19:31Z,0.3545951656997204
2020-01-28T12:03:45Z,-0.0170906968414783
2020-01-28T13:40:59Z,0.0467231823131442
2020-01-28T17:05:18Z,0.40371835231781
2020-01-28T17:07:15Z,-0.9620381742715836
2020-01-28T19:13:30Z,0.0484899431467056
2020-01-28T21:30:27Z,0.4962192922830581
2020-01-28T21:30:29Z,0.4126167595386505
2020-01-28T21:31:03Z,0.9270342793315648
2020-01-28T21:31:27Z,0.9264211766421796
2020-01-28T21:31:47Z,-0.1479299664497375
2020-01-28T21:32:31Z,0.9280201513320208
2020-01-28T21:33:13Z,0.9280413743108512
2020-01-28T21:33:42Z,0.9286918509751558
2020-01-28T21:34:22Z,0.9295477103441954
2020-01-28T21:35:01Z,-0.9669823721051216
2020-01-28T21:35:29Z,-0.9674006514251232
2020-01-28T21:36:02Z,-0.0561166312545537
2020-01-28T21:36:05Z,-0.1126405596733093
2020-01-28T21:36:28Z,0.721483294852078
2020-01-28T21:36:59Z,0.9209220558404922
2020-01-28T21:50:54Z,0.9245160296559334
2020-01-28T22:10:42Z,-0.6090444624423981
2020-01-28T22:17:30Z,0.9187883231788874
2020-01-28T22:26:56Z,-0.9526673122309148
2020-01-29T04:31:35Z,0.2003935230895877
2020-01-29T09:58:35Z,-0.0449946578592062
2020-01-29T10:41:08Z,-0.5648890379816294
2020-01-29T11:01:30Z,0.29295389726758
2020-01-29T11:10:57Z,0.5701437331736088
2020-01-29T11:44:02Z,0.803554579615593
2020-01-29T11:48:28Z,0.8343858569860458
2020-01-29T11:54:45Z,0.6772977150976658
2020-01-29T11:56:16Z,0.7601533383131027
2020-01-29T11:58:40Z,0.7952843308448792
2020-01-29T12:00:28Z,0.8602403271943331
2020-01-29T12:01:38Z,0.8922826535999775
2020-01-29T12:15:32Z,-0.0221297964453697
2020-01-29T12:19:07Z,0.7853145599365234
2020-01-29T12:26:44Z,0.3524633031338453
2020-01-29T12:30:57Z,0.9222609661519529
2020-01-29T12:45:47Z,0.918781204149127
2020-01-29T12:45:52Z,0.424463152885437
2020-01-29T12:50:00Z,0.9203254524618388
2020-01-29T12:50:13Z,0.3996132910251617
2020-01-29T13:04:37Z,0.4936268553137779
2020-01-29T13:11:31Z,-0.1147931292653083
2020-01-29T13:18:11Z,0.8164083585143089
2020-01-29T13:32:28Z,0.5348100066184998
2020-01-29T13:35:31Z,0.7551230788230896
2020-01-29T13:37:30Z,-0.7478375248610973
2020-01-29T13:38:09Z,0.687320563942194
2020-01-29T13:45:48Z,0.885893109254539
2020-01-29T13:47:49Z,0.0255966074764728
2020-01-29T14:00:43Z,0.8803695850074291
2020-01-29T14:21:26Z,0.5977740399539471
2020-01-29T14:34:04Z,-0.1532458066940307
2020-01-29T14:35:21Z,0.0253637712448835
2020-01-29T14:38:35Z,-0.6088265869766474
2020-01-29T14:39:20Z,0.5779821947216988
2020-01-29T15:16:13Z,0.1919871717691421
2020-01-29T15:25:10Z,0.7985443100333214
2020-01-29T15:36:36Z,0.0911699626594781
2020-01-29T15:45:39Z,-0.310290340334177
2020-01-29T17:09:58Z,0.9310842864215374
2020-01-29T17:10:02Z,0.8629274927079678
2020-01-29T17:10:04Z,0.8312213458120823
2020-01-29T17:25:02Z,-0.2736592814326286
2020-01-29T17:48:57Z,0.8774984665215015
2020-01-29T18:37:34Z,0.8835992813110352
2020-01-29T18:58:05Z,0.848038955591619
2020-01-29T20:54:38Z,0.8779773470014334
2020-01-30T05:59:54Z,0.332961936481297
2020-01-30T07:53:48Z,-0.0273925885558128
2020-01-30T09:15:27Z,0.1412610802799463
2020-01-30T10:03:16Z,0.8859273577108979
2020-01-30T10:14:52Z,0.541620746254921
2020-01-30T11:13:32Z,0.1778450757265091
2020-01-30T13:47:56Z,0.2808594908565283
2020-01-30T14:55:10Z,-0.0174621492624282
2020-01-30T16:15:53Z,-0.0474887713789939
2020-01-30T17:15:40Z,0.7094457009807229
2020-01-30T18:12:04Z,-0.9065696373581886
2020-01-31T17:05:04Z,0.0531990807503461
2020-02-01T20:28:14Z,0.005327234044671
2020-02-02T14:34:39Z,0.0858800252899527
2020-02-03T10:46:46Z,0.1335977725684642
2020-02-03T14:58:13Z,-0.8317595906555653
2020-02-03T15:24:45Z,0.3467771951109171
2020-02-03T18:10:08Z,0.0316658206284046
2020-02-03T19:58:53Z,-0.6924044489860535
2020-02-03T20:30:54Z,0.0177614167332649
2020-02-03T21:36:51Z,-0.8232667641714215
2020-02-04T02:44:21Z,0.0832664417102932
2020-02-04T12:49:30Z,-0.0474880561232566
2020-02-04T15:33:17Z,-0.906089011579752
2020-02-04T16:52:06Z,-0.9352980125695468
2020-02-05T10:35:19Z,0.3593259677290916
2020-02-05T13:32:06Z,-0.5060229897499084
2020-02-05T13:35:30Z,0.8382117338478565
2020-02-05T14:45:53Z,0.0327115058898925
2020-02-05T16:36:18Z,0.8459096010774374
2020-02-06T05:07:40Z,0.6553639471530914
2020-02-06T10:10:02Z,-0.9523145779967308
2020-02-06T14:08:08Z,-0.0068705528974533
2020-02-06T17:01:08Z,-0.9596719024702908
2020-02-06T17:10:06Z,-0.8084559459239244
2020-02-06T18:44:33Z,0.0017062723636627
2020-02-06T20:33:53Z,0.0518492795526981
2020-02-07T10:47:12Z,-0.8545826319605112
2020-02-07T11:02:06Z,-0.8712809439748526
2020-02-07T20:28:46Z,-0.7618976626545191
2020-02-07T20:30:12Z,0.5046035051345825
2020-02-09T14:01:02Z,-0.7607291340827942
2020-02-09T14:45:55Z,0.0100667718797922
2020-02-10T09:32:07Z,-0.3162586092948913
2020-02-10T13:05:35Z,-0.0965302586555481
2020-02-10T13:55:53Z,-0.9370909547433256
2020-02-10T14:32:54Z,0.0753061473369598
2020-02-10T15:13:05Z,0.0019264630973339
2020-02-10T17:37:21Z,-0.9481049114838244
2020-02-10T17:57:23Z,0.0120054017752408
2020-02-10T20:27:05Z,0.3902122592553496
2020-02-11T11:25:30Z,-0.9434181349352002
2020-02-11T14:03:53Z,-0.6474175527691841
2020-02-11T14:16:07Z,-0.8144284226000309
2020-02-11T15:41:26Z,0.0353803820908069
2020-02-11T16:40:52Z,0.0151684489101171
2020-02-11T17:21:55Z,0.0333863534033298
2020-02-11T19:12:13Z,0.0374079411849379
2020-02-12T06:57:07Z,0.069856084883213
2020-02-12T08:03:57Z,0.0217434875667095
2020-02-12T10:16:35Z,-0.8070063926279545
2020-02-12T10:32:09Z,0.6572660431265831
2020-02-12T10:44:09Z,0.1515489090234041
2020-02-12T11:25:05Z,-0.9170053116977216
2020-02-12T12:38:46Z,0.2347873328253626
2020-02-13T07:25:36Z,0.0270282346755266
2020-02-13T10:16:08Z,-0.3639087378978729
2020-02-13T13:06:12Z,-0.7799599543213844
2020-02-13T13:09:32Z,-0.9606489231809974
2020-02-13T20:33:47Z,0.1705641644075513
2020-02-14T12:24:26Z,0.0789808183908462
2020-02-14T18:43:50Z,0.0438019186258316
2020-02-14T20:25:53Z,0.1396871907636523
2020-02-17T23:57:17Z,-0.9430992528796196
2020-02-17T23:58:03Z,-0.822405681014061
2020-02-17T23:59:08Z,-0.9631416350603104
2020-02-17T23:59:35Z,0.937894007191062
2020-02-18T04:41:12Z,-0.95812373701483
2020-02-18T09:42:58Z,-0.0560961887240409
2020-02-18T11:02:10Z,-0.9533438719809056
2020-02-18T11:13:33Z,0.0718048810958862
2020-02-18T12:13:40Z,-0.0135733783245086
2020-02-18T12:37:20Z,0.169301189482212
2020-02-18T13:10:06Z,-0.957895191386342
2020-02-18T13:11:06Z,-0.954158380627632
2020-02-18T13:17:15Z,0.6245089024305344
2020-02-18T13:22:13Z,-0.0155927389860153
2020-02-18T13:26:27Z,-0.0503903925418853
2020-02-18T13:26:31Z,0.8898549191653728
2020-02-18T13:27:02Z,-0.1993234157562255
2020-02-18T13:31:57Z,-0.9219380626454948
2020-02-18T13:32:01Z,-0.4310325086116791
2020-02-18T13:53:08Z,0.1638222783803939
2020-02-18T13:57:00Z,-0.9456955958157778
2020-02-18T13:57:53Z,0.0331508927047252
2020-02-18T14:23:09Z,-0.8090217970311642
2020-02-18T15:07:28Z,0.0510835833847522
2020-02-18T15:07:49Z,0.0116319060325622
2020-02-18T15:08:55Z,-0.1261562407016754
2020-02-18T15:12:41Z,-0.9607399934902788
2020-02-18T15:18:21Z,0.8480420485138893
2020-02-18T15:20:11Z,-0.2393295019865036
2020-02-18T15:30:45Z,0.311987355351448
2020-02-18T15:45:49Z,0.01801273599267
2020-02-18T16:05:41Z,0.4616656377911567
2020-02-18T16:15:06Z,-0.5978657230734825
2020-02-18T17:02:14Z,-0.9529376989230514
2020-02-18T17:10:09Z,-0.9469668995589018
2020-02-18T17:23:14Z,-0.2264552153646946
2020-02-18T17:48:03Z,0.0166705083101987
2020-02-18T17:50:04Z,0.0410955473780632
2020-02-18T17:59:57Z,-0.7914143428206444
2020-02-18T18:00:29Z,0.088647972792387
2020-02-18T19:27:56Z,-0.6162370890378952
2020-02-18T22:10:45Z,-0.9159984439611436
2020-02-19T08:21:48Z,-0.9423254942521452
2020-02-19T14:57:47Z,0.1405095672234892
2020-02-19T17:05:14Z,-0.0011824592947959
2020-02-20T11:29:32Z,-0.8474451480433345
2020-02-20T12:30:10Z,0.0856636650860309
2020-02-20T14:59:22Z,0.0147919356822967
2020-02-20T15:00:30Z,0.0578113496303558
2020-02-21T05:37:27Z,-0.7507306225597858
2020-02-21T09:48:02Z,0.0142879597842693
2020-02-21T10:24:00Z,-0.476607970893383
2020-02-21T11:29:41Z,-0.7979348357766867
2020-02-21T19:14:27Z,0.0803008927032351
2020-02-21T21:22:32Z,0.0399849507957696
2020-02-21T21:25:04Z,-0.3577053379267454
2020-02-24T13:54:41Z,0.0207206308841705
2020-02-24T17:04:24Z,0.6536874622106552
2020-02-24T18:40:52Z,0.6207019705325365
2020-02-24T19:00:24Z,0.0285265035927295
2020-02-25T04:35:04Z,-0.910838220268488
2020-02-25T04:54:14Z,-0.7502555325627327
2020-02-25T08:25:53Z,-0.0673790890723466
2020-02-25T13:33:27Z,0.3877903874963522
2020-02-25T13:44:33Z,-0.8654184080660343
2020-02-25T14:21:47Z,-0.7806006073951721
2020-02-25T14:40:55Z,-0.0613804645836353
2020-02-25T14:53:02Z,-0.0641587637364864
2020-02-26T04:39:42Z,-0.6879619676619768
2020-02-26T15:30:45Z,-0.0613153092563152
2020-02-26T17:04:19Z,-0.0126899182796478
2020-02-26T17:28:15Z,-0.849683802574873
2020-02-26T17:43:12Z,0.1441875388845801
2020-02-26T17:57:29Z,-0.0448833592236042
2020-02-26T18:09:27Z,0.3504198156297207
2020-02-27T03:06:12Z,-0.9494047900661826
2020-02-27T11:33:06Z,-0.2606954723596573
2020-02-27T13:33:48Z,0.1377151813358068
2020-02-27T18:55:47Z,0.7342737950384617
2020-02-27T20:01:02Z,0.5297554209828377
2020-02-28T04:12:02Z,-0.9239145927131176
2020-02-28T09:55:12Z,-0.9328627856448292
2020-02-28T12:16:57Z,-0.9384854976087807
2020-02-28T13:31:37Z,0.0685753896832466
2020-02-28T18:31:52Z,0.0825795028358697
2020-02-28T18:36:16Z,0.6369379507377744
2020-02-28T19:38:00Z,0.0277023129165172
2020-03-01T19:25:38Z,0.0019351169466972
2020-03-01T19:45:15Z,0.0107121895998716
2020-03-02T10:14:12Z,-0.6010442599654198
2020-03-02T10:33:12Z,0.7156795701012015
2020-03-02T11:19:42Z,0.4683267697691917
2020-03-02T11:45:40Z,-0.901413694024086
2020-03-02T14:40:22Z,-0.4978620838373899
2020-03-02T16:04:05Z,-0.068773403763771
2020-03-02T21:05:25Z,-0.0918648689985275
2020-03-02T21:21:18Z,-0.2496452704071998
2020-03-03T05:34:12Z,-0.8623487129807472
2020-03-03T10:32:20Z,-0.8333219774067402
2020-03-03T11:13:48Z,-0.7151213437318802
2020-03-03T13:32:29Z,0.0074408762156963
2020-03-04T05:21:43Z,0.8365684747695923
2020-03-04T20:53:13Z,-0.7701757438480854
2020-03-05T14:00:24Z,0.070621695369482
2020-03-05T14:10:54Z,0.0474285334348678
2020-03-05T14:26:45Z,-0.0803430005908012
2020-03-05T15:30:16Z,0.0712188314646482
2020-03-05T18:24:50Z,0.0382045842707157
2020-03-06T12:43:59Z,-0.1127425227314233
2020-03-06T12:52:51Z,-0.0276834964752197
2020-03-06T13:33:05Z,0.0666777789592742
2020-03-06T14:24:46Z,-0.6492122858762741
2020-03-06T18:50:24Z,0.5546530978754163
2020-03-06T19:26:26Z,0.8527846112847328
2020-03-07T18:50:26Z,-0.9673660062253476
2020-03-07T20:33:39Z,0.0024411417543888
2020-03-09T05:55:55Z,-0.0935308597981929
2020-03-09T09:38:33Z,-0.9691122625954448
2020-03-09T13:34:38Z,-0.8569999560713768
2020-03-09T14:19:27Z,0.8079727739095688
2020-03-09T16:00:46Z,-0.1445933356881141
2020-03-10T09:57:35Z,0.0810980256646871
2020-03-10T11:06:55Z,-0.0993804037570953
2020-03-10T14:27:34Z,-0.2767409682273865
2020-03-10T14:34:30Z,0.0311776604503393
2020-03-10T15:16:40Z,-0.036228222772479
2020-03-10T17:59:05Z,-0.925328397192061
2020-03-11T07:45:11Z,-0.3934499435126781
2020-03-11T11:51:13Z,0.076681837439537
2020-03-11T13:02:40Z,-0.0274704620242118
2020-03-11T13:50:56Z,-0.7897912673652172
2020-03-11T14:44:28Z,-0.906679891049862
2020-03-11T15:51:10Z,-0.9293472599238156
2020-03-11T15:51:19Z,0.4402677863836288
2020-03-11T18:20:11Z,-0.0122176483273506
2020-03-12T02:01:53Z,-0.9318610681220888
2020-03-12T14:35:06Z,0.1343250330537557
2020-03-12T16:02:30Z,0.1836110362783074
2020-03-12T16:40:28Z,0.2053284645080566
2020-03-13T09:33:06Z,0.2400088310241699
2020-03-13T09:36:01Z,0.2426094207912683
2020-03-13T12:26:29Z,-0.5828991085290909
2020-03-13T13:54:50Z,0.5191032821312547
2020-03-13T14:12:31Z,0.6989202033728361
2020-03-13T16:01:26Z,0.0263675600290298
2020-03-13T16:36:05Z,0.1475478438660502
2020-03-13T16:38:31Z,-0.1468154788017273
2020-03-13T17:29:48Z,0.1833877190947532
2020-03-14T15:02:57Z,-0.8850978193804622
2020-03-14T16:58:23Z,-0.0160660464316606
2020-03-15T13:21:47Z,0.1821973472833633
2020-03-15T13:45:14Z,-0.0097356382757425
2020-03-16T02:16:25Z,0.7867057928815484
2020-03-16T02:54:21Z,-0.8214139994233847
2020-03-16T09:03:45Z,0.0044412910938262
2020-03-16T09:42:42Z,-0.9489152943715452
2020-03-16T15:41:34Z,0.0737773058935999
2020-03-16T16:00:16Z,-0.2221938893198967
2020-03-16T18:12:13Z,-0.0283713117241859
2020-03-17T02:16:40Z,-0.883836280554533
2020-03-17T03:55:54Z,-0.5138675905764103
2020-03-17T05:10:43Z,-0.1134391482919454
2020-03-17T10:13:40Z,0.2180463429540395
2020-03-17T10:43:53Z,-0.944423726759851
2020-03-17T10:49:26Z,0.781007669866085
2020-03-17T12:47:55Z,-0.4874488860368728
2020-03-17T13:06:39Z,-0.0961587354540824
2020-03-17T14:23:20Z,-0.1148534268140792
2020-03-17T15:42:15Z,0.9062613500282168
2020-03-17T15:46:40Z,-0.8333691023290157
2020-03-17T15:48:37Z,-0.8034766083583236
2020-03-18T12:01:06Z,0.1885233055800199
2020-03-18T15:26:35Z,-0.1630719825625419
2020-03-19T12:50:25Z,0.1621988713741302
2020-03-19T14:12:22Z,0.1354932729154825
2020-03-20T10:15:20Z,-0.7268617516383529
2020-03-21T20:11:12Z,0.029036646708846
2020-03-23T07:37:51Z,0.859211528673768
2020-03-23T09:33:36Z,-0.5987868867814541
2020-03-23T11:40:29Z,0.0681548863649368
2020-03-23T12:21:01Z,0.0372828897088766
2020-03-23T14:12:44Z,-0.3653405159711838
2020-03-23T16:27:08Z,0.8998145647346973
2020-03-24T02:29:35Z,-0.9651673790067434
2020-03-24T11:12:34Z,-0.0944872051477432
2020-03-24T16:50:13Z,-0.1486057862639427
2020-03-24T17:06:48Z,-0.9536816193722188
2020-03-24T18:43:53Z,0.1884847674518823
2020-03-24T19:17:15Z,0.1554462537169456
2020-03-25T08:02:14Z,0.1505291648209095
2020-03-25T09:01:27Z,0.2580862194299698
2020-03-25T09:21:02Z,0.907105827704072
2020-03-25T10:11:39Z,0.0870213508605957
2020-03-25T13:49:55Z,0.9257705276831985
2020-03-25T14:25:01Z,-0.1987596154212951
2020-03-25T16:52:57Z,-0.7876863330602646
2020-03-25T19:24:50Z,0.8132011513225734
2020-03-25T19:44:44Z,-0.0171669423580169
2020-03-26T02:11:51Z,-0.6350691020488739
2020-03-26T04:50:38Z,0.2090264428406953
2020-03-26T18:42:25Z,0.1005092896521091
2020-03-27T05:21:08Z,-0.882520005106926
2020-03-27T09:01:19Z,0.0096392035484313
2020-03-27T09:14:39Z,-0.3407443165779114
2020-03-27T10:45:04Z,0.5931726368144155
2020-03-27T13:48:02Z,-0.9051033314317464
2020-03-27T16:17:43Z,0.2070948095060885
2020-03-27T19:15:31Z,0.6005966737866402
2020-03-27T19:44:48Z,0.8834758745506406
2020-03-27T19:45:15Z,0.92308138217777
2020-03-27T19:46:44Z,0.029971033334732
2020-03-28T23:22:24Z,-0.0125993769615888
2020-03-29T16:30:19Z,0.0638320781290531
2020-03-30T13:20:55Z,-0.1593526899814605
2020-03-30T19:56:02Z,-0.958777972497046
2020-03-31T09:32:59Z,0.8323278944008052
2020-03-31T13:16:44Z,-0.0050286725163459
2020-03-31T17:44:09Z,0.035045301541686
2020-03-31T19:16:44Z,0.0610600877553224
2020-04-01T08:50:42Z,0.0549559909850358
2020-04-01T09:55:33Z,-0.936945129185915
2020-04-01T14:38:39Z,-0.9586164178326726
2020-04-01T17:44:51Z,0.0408164486289024
2020-04-01T19:18:16Z,0.1315201371908188
2020-04-02T09:30:41Z,0.6911183847114444
2020-04-02T09:59:41Z,-0.2423948645591735
2020-04-02T10:57:49Z,0.0068221315741539
2020-04-03T09:16:35Z,-0.7461178125813603
2020-04-03T12:47:30Z,-0.3804703652858734
2020-04-03T13:49:28Z,-0.4296123832464218
2020-04-03T16:45:25Z,0.0634307283908128
2020-04-04T18:25:15Z,0.0273579135537147
2020-04-04T21:10:51Z,0.1171520696952939
2020-04-06T02:46:21Z,0.1602313704788684
2020-04-06T16:23:10Z,0.0420206859707832
2020-04-07T02:28:33Z,0.9144404763355852
2020-04-07T09:22:45Z,0.0530479736626148
2020-04-08T10:20:18Z,0.6275948323309422
2020-04-08T10:22:27Z,0.1880581192672252
2020-04-08T10:45:44Z,-0.4335390627384186
2020-04-08T12:22:46Z,-0.1147931292653083
2020-04-08T15:52:31Z,-0.9122272003442048
2020-04-08T17:52:58Z,0.3266837662085891
2020-04-08T19:32:13Z,-0.0079546459019184
2020-04-09T02:16:48Z,0.910089747980237
2020-04-09T14:38:20Z,0.8752979980781674
2020-04-09T14:42:04Z,0.608557503670454
2020-04-09T14:52:06Z,-0.3681759834289551
2020-04-11T18:10:29Z,0.0114055015146732
2020-04-13T10:08:41Z,0.543608209118247
2020-04-13T10:37:28Z,0.888679570518434
2020-04-13T12:27:11Z,-0.7036040499806404
2020-04-13T16:09:04Z,-0.1115398146212101
2020-04-13T15:30:00Z,-0.8952955277636647
2020-04-13T20:01:55Z,-0.765986405313015
2020-04-14T09:22:32Z,0.5518379472196102
2020-04-14T12:03:36Z,-0.0085134804248809
2020-04-14T16:32:50Z,0.81203583907336
2020-04-15T15:02:12Z,0.0130913890898227
2020-04-15T16:03:17Z,0.376665310934186
2020-04-15T13:59:14Z,0.0491554113104939
2020-04-15T17:30:38Z,0.7318643713369966
2020-04-15T19:14:13Z,0.4520206563174724
2020-04-16T10:41:06Z,0.0423677265644073
2020-04-16T14:03:42Z,0.6620936580002308
2020-04-16T17:51:05Z,0.109114471822977
2020-04-16T20:07:08Z,-0.6979768183082342
2020-04-16T22:11:40Z,0.913186687976122
2020-04-16T23:30:39Z,0.2486827373504638
2020-04-17T07:07:42Z,0.4611373730003834
2020-04-17T09:33:00Z,-0.6954963281750679
2020-04-17T09:54:40Z,0.8266333118081093
2020-04-17T12:14:00Z,-0.1285437494516372
2020-04-17T13:20:35Z,-0.9370651710778476
2020-04-17T13:31:36Z,-0.5768466405570507
2020-04-17T13:39:54Z,0.9153551869094372
2020-04-17T16:17:34Z,-0.9610905293375254
2020-04-17T19:59:34Z,0.5871473848819733
2020-04-18T20:12:59Z,0.9118312783539296
2020-04-18T20:44:20Z,-0.1966748833656311
2020-04-19T16:56:35Z,-0.0068296901881694
2020-04-20T14:16:54Z,0.01077451556921
2020-04-21T01:00:14Z,0.0128874406218528
2020-04-21T09:42:01Z,0.4088233225047588
2020-04-21T09:47:36Z,-0.0405754633247852
2020-04-21T12:27:41Z,0.9231679290533066
2020-04-21T14:52:10Z,-0.9652360277250408
2020-04-22T11:40:26Z,0.8861816059798002
2020-04-22T18:58:25Z,0.894681703299284
2020-04-22T23:22:02Z,-0.9541862523183228
2020-04-23T09:25:09Z,-0.8025573585182428
2020-04-23T10:14:23Z,-0.6003907471895218
2020-04-23T12:29:06Z,-0.1289493143558502
2020-04-23T14:28:11Z,-0.6487994641065598
2020-04-23T15:19:02Z,0.0633417144417762
2020-04-23T18:36:53Z,0.0377515107393264
2020-04-24T09:26:34Z,-0.2034510262310505
2020-04-24T10:41:47Z,-0.1522222496569156
2020-04-24T11:05:21Z,-0.9065153747797012
2020-04-24T12:12:57Z,-0.1285437494516372
2020-04-24T16:31:24Z,-0.2402638047933578
2020-04-24T17:48:57Z,0.8784516472369432
2020-04-25T19:20:03Z,0.0026617739349603
2020-04-27T03:07:13Z,0.0532612828537821
2020-04-27T09:28:08Z,-0.9657169599086046
2020-04-27T11:36:27Z,0.0142475683242082
2020-04-27T12:06:32Z,0.0064542889595031
2020-04-27T12:52:33Z,-0.9653303707018496
2020-04-27T12:53:13Z,-0.9306118469685316
2020-04-27T14:33:03Z,-0.036228222772479
2020-04-27T15:22:55Z,0.841753114014864
2020-04-27T15:38:16Z,0.3194515090435743
2020-04-27T16:09:53Z,0.8771009389311075
2020-04-27T16:10:04Z,0.173579329624772
2020-04-27T17:38:43Z,0.3816969469189644
2020-04-27T18:35:10Z,-0.6815565563738346
2020-04-27T18:35:54Z,-0.8408981263637543
2020-04-27T20:05:27Z,0.0276345890015363
2020-04-27T21:17:31Z,0.0128336362540721
2020-04-29T09:04:32Z,0.0476266257464885
2020-04-29T10:47:45Z,0.7555744806304574
2020-04-29T14:53:30Z,0.9306941404938698
2020-04-30T08:16:03Z,-0.0448173824697732
2020-04-30T08:59:47Z,-0.0158409364521503
2020-04-30T10:01:56Z,0.8856173194944859
2020-04-30T12:20:09Z,0.0338261323049664
2020-04-30T13:10:48Z,-0.3540307469666004
2020-04-30T14:42:47Z,-0.036228222772479
2020-04-30T20:20:12Z,-0.94426014367491
2020-04-30T20:30:21Z,0.1865129768848419
2020-04-30T20:30:55Z,0.9294036887586116
2020-04-30T20:31:09Z,0.9262169115245342
2020-04-30T20:31:25Z,0.0299892574548721
2020-04-30T20:32:01Z,0.058218453079462
2020-04-30T20:33:13Z,0.9094862826168536
2020-04-30T20:33:37Z,0.852253214456141
2020-04-30T20:40:54Z,0.9098040014505386
2020-04-30T21:05:16Z,-0.5105247646570206
2020-04-30T21:06:05Z,0.1829831898212433
2020-04-30T21:06:59Z,0.026165846735239
2020-04-30T21:08:27Z,0.8261918323114514
2020-04-30T21:11:54Z,0.9404319170862436
2020-04-30T21:12:54Z,-0.047550780698657
2020-04-30T21:25:25Z,-0.7024203017354012
2020-04-30T21:27:35Z,0.9364342708140612
2020-04-30T21:32:01Z,-0.9470453737303616
2020-04-30T21:35:06Z,0.233238935470581
2020-04-30T21:38:09Z,0.1008737552911043
2020-04-30T21:40:48Z,-0.628902206197381
2020-04-30T21:42:54Z,0.9285053983330728
2020-04-30T21:47:11Z,0.0828641410917043
2020-04-30T21:48:55Z,0.6810973510146141
2020-04-30T21:49:08Z,-0.853074193932116
2020-04-30T21:49:38Z,-0.8136940216645598
2020-04-30T21:53:20Z,-0.3048354983329773
2020-05-01T04:54:18Z,0.0497851762920618
2020-05-01T05:09:22Z,0.884884674102068
2020-05-01T08:15:18Z,0.9396443525329232
2020-05-01T08:59:06Z,-0.0308401361107826
2020-05-01T09:23:29Z,0.9161700261756778
2020-05-01T09:55:01Z,-0.901401061564684
2020-05-01T10:38:48Z,0.209894017316401
2020-05-01T10:45:56Z,0.1821246445178985
2020-05-01T10:45:57Z,0.6961615569889545
2020-05-01T10:48:03Z,0.8602403271943331
2020-05-01T11:15:17Z,-0.2600977942347526
2020-05-01T11:31:48Z,0.8010769374668598
2020-05-01T11:41:29Z,0.8522083535790443
2020-05-01T12:08:46Z,0.350962271913886
2020-05-01T12:17:02Z,-0.1285437494516372
2020-05-01T13:04:56Z,0.7764319851994514
2020-05-01T14:31:51Z,0.6018793359398842
2020-05-01T14:33:47Z,0.8001905679702759
2020-05-01T14:35:34Z,-0.0581962615251541
2020-05-01T14:40:44Z,-0.4091079533100128
2020-05-01T14:44:59Z,0.9135269317775964
2020-05-01T14:45:10Z,0.9198101609945296
2020-05-01T15:07:03Z,0.9092042203992604
2020-05-01T15:07:11Z,0.9112526448443532
2020-05-01T15:21:55Z,0.8677981682121754
2020-05-01T18:36:11Z,-0.9514424735680224
2020-05-02T13:40:00Z,0.1150995306670665
2020-05-04T12:16:44Z,0.01099444180727
2020-05-04T12:32:51Z,0.8169022556394339
2020-05-04T19:53:28Z,-0.0126827843487262
2020-05-04T20:15:12Z,0.4881518930196762
2020-05-04T20:33:23Z,0.2215699544176459
2020-05-05T02:30:43Z,0.0038056038320064
2020-05-05T10:10:11Z,0.014506297186017
2020-05-05T12:46:28Z,0.2904309034347534
2020-05-05T16:00:44Z,0.0255362279713153
2020-05-05T19:35:23Z,0.0522743379697203
2020-05-05T20:00:58Z,0.0159481707960367
2020-05-06T09:22:31Z,0.0113847665488719
2020-05-06T13:23:32Z,0.8228559046983719
2020-05-06T14:19:51Z,-0.0045124124735593
2020-05-06T21:15:43Z,0.2210347540676593
2020-05-08T08:25:40Z,-0.833052508533001
2020-05-08T14:58:08Z,0.0347856562584638
2020-05-08T19:02:27Z,-0.2023443020880222
2020-05-08T19:02:52Z,-0.9164814567193388
2020-05-08T19:29:43Z,0.0149343889206647
2020-05-09T19:06:29Z,0.0042875185608863
2020-05-11T10:25:40Z,0.153277575969696
2020-05-12T08:57:07Z,0.0948365200310945
2020-05-12T12:32:14Z,0.028210824355483
2020-05-12T12:43:47Z,0.8847336173057556
2020-05-12T14:58:17Z,0.2199213039129972
2020-05-12T17:49:22Z,0.1480069933459162
2020-05-12T22:07:02Z,0.0028388500213623
2020-05-13T10:49:58Z,0.8330935416743159
2020-05-13T17:45:06Z,-0.3161035180091858
2020-05-13T19:15:36Z,0.2505906037986278
2020-05-14T16:33:15Z,0.0907860845327377
2020-05-14T17:54:28Z,0.0319961346685886
2020-05-14T21:00:14Z,0.1404230343177914
2020-05-15T04:00:28Z,0.0967353954911232
2020-05-15T04:57:24Z,0.9149796701967716
2020-05-15T07:44:35Z,0.0380360325798392
2020-05-15T09:53:31Z,0.394566360861063
2020-05-15T12:25:38Z,-0.4410381615161896
2020-05-15T15:40:14Z,-0.8879518453031778
2020-05-15T20:25:35Z,0.0772587163373828
2020-05-16T21:12:55Z,-0.9232421619817616
2020-05-17T15:00:20Z,0.022938597947359
2020-05-18T05:26:56Z,0.6777280075475574
2020-05-18T17:45:33Z,0.0271545378491282
2020-05-19T12:15:13Z,0.3827082356438041
2020-05-19T13:15:40Z,0.1178805590607225
2020-05-19T14:08:49Z,-0.9505085796117784
2020-05-19T20:46:58Z,0.0807204023003578
2020-05-20T07:28:53Z,0.5551779121160507
2020-05-20T09:31:03Z,0.9238566383719444
2020-05-20T09:42:34Z,-0.0007060579955577
2020-05-20T10:43:20Z,0.4262461587786674
2020-05-20T10:53:19Z,0.769677103497088
2020-05-20T17:02:05Z,0.0753600280731916
2020-05-21T04:55:52Z,0.1255077663809061
2020-05-21T11:05:03Z,0.2489870674908161
2020-05-21T16:44:10Z,-0.9166419710963964
2020-05-21T17:25:50Z,-0.4653070606291294
2020-05-21T19:02:21Z,0.8985500754788518
2020-05-21T19:06:10Z,0.2574502667412162
2020-05-22T15:44:45Z,0.1982047585770487
2020-05-25T11:32:56Z,0.2912053689360618
2020-05-26T11:15:23Z,0.920017533004284
2020-05-26T17:23:20Z,0.7744679935276508
2020-05-26T20:35:17Z,-0.156679606065154
2020-05-27T09:27:19Z,0.605461997911334
2020-05-27T10:30:09Z,0.0395287359133362
2020-05-27T13:24:31Z,0.2021647179499268
2020-05-27T14:29:24Z,0.328191515058279
2020-05-27T15:23:21Z,0.5901313982903957
2020-05-27T16:48:45Z,0.1398680545389652
2020-05-27T20:31:17Z,0.4208486769348383
2020-05-27T23:06:11Z,0.437047466635704
2020-05-28T12:14:24Z,-0.8316560816019773
2020-05-28T13:13:04Z,0.0441799610853195
2020-05-28T14:45:39Z,-0.8147965110838413
2020-05-31T22:19:26Z,-0.8026256654411554
2020-06-01T04:34:18Z,-0.9442246253602208
2020-06-01T07:55:47Z,0.0016354769468307
2020-06-01T09:39:59Z,0.1669386448338627
2020-06-01T10:53:46Z,0.0645451061427593
2020-06-01T12:20:35Z,0.0142475683242082
2020-06-01T14:14:08Z,-0.1230373382568359
2020-06-02T04:35:47Z,-0.8980268463492393
2020-06-02T08:18:09Z,0.0106825903058052
2020-06-02T10:03:17Z,0.912360018119216
2020-06-02T10:12:56Z,-0.4834789931774139
2020-06-02T11:41:53Z,-0.7254338264465332
2020-06-02T11:44:22Z,0.8271666839718819
2020-06-02T15:37:27Z,-0.4877256788313389
2020-06-03T08:57:23Z,0.1629266496747732
2020-06-03T10:09:31Z,0.0926504917442798
2020-06-03T12:31:55Z,0.8378467820584774
2020-06-03T14:47:10Z,0.029565081000328
2020-06-03T15:00:13Z,0.78273506462574
2020-06-03T19:47:41Z,0.0102593041956424
2020-06-04T05:01:16Z,0.7629207074642181
2020-06-04T14:12:35Z,0.066486214287579
2020-06-04T17:47:01Z,0.2159729748964309
2020-06-05T04:07:30Z,0.7933536116033792
2020-06-05T09:42:40Z,0.925976125523448
2020-06-05T11:02:51Z,0.3992241844534874
2020-06-05T12:27:24Z,0.5743876695632935
2020-06-05T12:43:44Z,0.8889488689601421
2020-06-05T14:30:54Z,0.1294368132948875
2020-06-05T16:24:23Z,0.0711515452712774
2020-06-06T22:36:16Z,0.0176148451864719
2020-06-07T21:03:44Z,0.7807040717452765
2020-06-08T08:34:09Z,0.346712913364172
2020-06-08T18:16:20Z,0.676138951908797
2020-06-09T04:25:09Z,-0.0667946562170982
2020-06-09T07:51:41Z,0.1568015227094292
2020-06-09T14:31:06Z,0.8602686431258917
2020-06-09T14:59:03Z,0.0876512322574853
2020-06-09T15:11:34Z,0.9110141675919294
2020-06-09T17:58:46Z,0.0554108368232846
2020-06-09T19:14:07Z,0.2073302529752254
2020-06-10T04:52:01Z,0.8221488259732723
2020-06-10T10:27:11Z,0.034491604194045
2020-06-10T11:19:25Z,0.71733583137393
2020-06-10T11:53:47Z,0.0361164258792996
2020-06-10T12:14:08Z,-0.1147931292653083
2020-06-10T20:30:18Z,0.8541951943188906
2020-06-11T11:05:26Z,0.1478551570326089
2020-06-11T11:08:07Z,-0.0015489272773265
2020-06-11T12:07:48Z,0.8563910387456417
2020-06-11T12:13:41Z,-0.1289493143558502
2020-06-11T12:16:32Z,0.5029491782188416
2020-06-11T12:35:16Z,0.0558220157399773
2020-06-11T12:45:13Z,-0.4224790260195732
2020-06-11T13:38:14Z,-0.543454822152853
2020-06-11T14:02:10Z,0.5410956777632236
2020-06-11T15:10:26Z,0.2769148908555507
2020-06-11T17:01:56Z,0.6196504458785057
2020-06-11T17:30:50Z,0.0158509239554405
2020-06-11T17:40:42Z,0.0030249468982219
2020-06-11T18:22:11Z,0.5943392906337976
2020-06-11T18:22:16Z,0.9055005442351104
2020-06-11T18:22:20Z,0.8959860922768712
2020-06-11T18:22:24Z,0.0711362082511186
2020-06-11T20:30:20Z,0.5410205973312259
2020-06-12T16:58:32Z,-0.1920303478837013
2020-06-13T18:17:00Z,0.0094936918467283
2020-06-14T13:05:05Z,0.0014167223125696
2020-06-14T20:30:13Z,-0.0070797428488731
2020-06-15T13:00:18Z,0.0364755671471357
2020-06-15T13:52:24Z,0.1183082135394215
2020-06-15T16:49:12Z,-0.2823981344699859
2020-06-15T17:22:24Z,0.1492640729993581
2020-06-16T05:31:21Z,0.0238925609737634
2020-06-16T09:49:39Z,-0.5908355601131916
2020-06-16T10:21:58Z,-0.9382945541292428
2020-06-16T10:51:05Z,0.0332825146615505
2020-06-16T11:09:37Z,0.7931704353541136
2020-06-16T12:18:00Z,-0.0961587354540824
2020-06-16T16:53:44Z,0.8384224288165569
2020-06-17T08:57:42Z,-0.606806643307209
2020-06-17T10:31:51Z,-0.569564700126648
2020-06-17T11:19:48Z,-0.6702025011181831
2020-06-17T11:23:12Z,0.8743278682231903
2020-06-17T11:30:00Z,0.0802829004824161
2020-06-17T12:00:08Z,-0.134703516960144
2020-06-17T12:27:50Z,-0.1147931292653083
2020-06-17T13:25:09Z,0.0440492182970047
2020-06-17T14:51:45Z,0.8462801519781351
2020-06-17T17:02:10Z,0.7540328204631805
2020-06-17T17:45:41Z,0.0578912505879998
2020-06-17T18:04:52Z,-0.7494932096451521
2020-06-18T09:20:57Z,0.095251478254795
2020-06-18T12:31:28Z,0.0304398331791162
2020-06-18T18:47:17Z,0.0897233486175537
2020-06-19T04:53:41Z,-0.9520888878032564
2020-06-19T09:23:41Z,0.4070212701335549
2020-06-19T13:05:52Z,0.0334812216460704
2020-06-19T14:44:00Z,0.3767523635178804
2020-06-19T15:08:25Z,0.1294368132948875
2020-06-19T16:14:52Z,-0.9565561441704632
2020-06-19T16:16:43Z,-0.947405141312629
2020-06-19T16:18:09Z,-0.6385287344455719
2020-06-19T16:28:12Z,-0.9474550765007734
2020-06-19T16:47:32Z,-0.9547931551933287
2020-06-19T16:51:22Z,0.0625120941549539
2020-06-19T16:56:59Z,-0.9571141442283988
2020-06-19T17:18:46Z,-0.9419482331722976
2020-06-20T17:53:01Z,0.0109708756208419
2020-06-21T21:14:01Z,0.52613172121346
2020-06-21T21:36:52Z,0.0192999243736267
2020-06-22T08:41:11Z,-0.0134725421667099
2020-06-22T14:02:23Z,-0.036228222772479
2020-06-22T14:07:44Z,0.8119058907032013
2020-06-22T14:24:30Z,0.3551744893193245
2020-06-22T14:42:09Z,0.029565081000328
2020-06-22T15:10:48Z,-0.0311799682676792
2020-06-22T15:14:24Z,-0.1634703166782856
2020-06-22T16:30:48Z,0.5339407175779343
2020-06-22T16:51:04Z,0.0717604123055934
2020-06-22T17:04:49Z,0.0092071499675512
2020-06-22T17:06:28Z,-0.0098307579755783
2020-06-22T17:08:02Z,0.1412220215424895
2020-06-22T17:10:21Z,0.0088419057428836
2020-06-22T17:12:41Z,0.279363015666604
2020-06-22T17:16:11Z,0.1970774801447987
2020-06-22T17:17:37Z,0.0400974610820412
2020-06-22T17:20:03Z,0.4557304810732603
2020-06-22T17:22:18Z,0.0932780709117651
2020-06-22T17:24:06Z,0.1521967062726616
2020-06-22T17:26:23Z,-0.0305913444608449
2020-06-22T17:27:05Z,0.0459567522630095
2020-06-22T17:28:24Z,0.0935430340468883
2020-06-22T17:30:07Z,-0.0029269587248563
2020-06-22T17:31:47Z,0.1031112493947148
2020-06-22T17:34:33Z,0.4449055222794413
2020-06-22T17:37:26Z,0.7311068074777722
2020-06-22T17:39:40Z,0.1879472089931368
2020-06-22T17:43:12Z,0.7534513548016548
2020-06-22T17:47:45Z,0.1755142556503415
2020-06-22T17:49:58Z,0.0885608168318867
2020-06-22T17:50:50Z,0.253093808889389
2020-06-22T17:52:41Z,0.7887391960248351
2020-06-22T17:54:25Z,0.0952822240069508
2020-06-22T17:55:31Z,0.092099436558783
2020-06-22T17:57:20Z,0.1508475923910737
2020-06-22T17:57:29Z,-0.0032916869968175
2020-06-22T17:58:23Z,0.0836447058245539
2020-06-22T17:58:24Z,0.1784840496256947
2020-06-22T17:58:59Z,0.0103683266788721
2020-06-22T18:00:04Z,-0.014908205717802
2020-06-22T18:00:21Z,-0.9460194883868098
2020-06-22T18:04:28Z,0.151813743636012
2020-06-22T18:06:17Z,0.0772036341950297
2020-06-22T18:08:59Z,0.6952159348875284
2020-06-22T18:11:04Z,0.1001860657706856
2020-06-22T18:12:52Z,0.0143448282033205
2020-06-22T18:14:12Z,0.0934377461671829
2020-06-22T18:19:22Z,0.0379567760974168
2020-06-22T18:22:34Z,0.0422578351572155
2020-06-22T18:26:51Z,0.2978612091392278
2020-06-22T18:28:36Z,0.8032780215144157
2020-06-22T18:28:49Z,0.0847478630021214
2020-06-22T18:32:30Z,0.0937392944470048
2020-06-22T18:33:51Z,0.0998843889683485
2020-06-22T18:36:13Z,0.0613604430109262
2020-06-22T18:40:12Z,0.8440222777426243
2020-06-22T18:40:40Z,0.3518117740750313
2020-06-22T18:42:22Z,0.0974484477192163
2020-06-22T18:46:13Z,0.1729662353172898
2020-06-22T18:48:20Z,-0.7014863640069962
2020-06-22T18:49:00Z,0.9062556549906732
2020-06-22T18:52:47Z,0.0641060946509242
2020-06-22T21:01:22Z,0.0384215675294399
2020-06-23T03:00:37Z,-0.0074901059269905
2020-06-23T11:30:07Z,-0.80044736713171
2020-06-23T11:57:45Z,0.8748791068792343
2020-06-23T12:34:10Z,0.1148493997752666
2020-06-23T13:07:56Z,-0.0961587354540824
2020-06-23T15:02:43Z,0.1276030540466308
2020-06-23T15:45:24Z,0.5042847488075495
2020-06-23T15:50:11Z,0.7202992998063564
2020-06-23T15:52:10Z,0.758234079927206
2020-06-23T16:52:26Z,0.1531220115721225
2020-06-23T22:48:22Z,0.2636478329077363
2020-06-24T07:57:36Z,0.6870278567075729
2020-06-24T11:00:52Z,-0.0759056322276592
2020-06-24T13:21:16Z,-0.4160112980753183
2020-06-24T15:13:19Z,0.0079492628574371
2020-06-24T15:22:16Z,-0.9323967918753624
2020-06-24T18:43:04Z,-0.9248590245842934
2020-06-24T20:50:23Z,0.89299526065588
2020-06-25T09:01:27Z,0.8726184777915478
2020-06-25T12:11:55Z,-0.1289493143558502
2020-06-25T18:22:59Z,0.853417725302279
2020-06-25T18:36:53Z,-0.898356438614428
2020-06-25T18:42:47Z,-0.9616694217547774
2020-06-26T20:02:31Z,0.0009791888296604
2020-06-27T18:08:55Z,-0.0132040753960609
2020-06-29T00:36:05Z,0.9220243077725172
2020-06-29T09:37:07Z,0.0024374164640903
2020-06-29T18:08:46Z,-0.6682071797549725
2020-06-30T05:33:23Z,0.2582327192649245
2020-06-30T09:30:51Z,-0.0033335983753204
2020-06-30T11:21:13Z,0.728869796730578
2020-06-30T13:23:11Z,0.0223220083862543
2020-07-01T06:52:20Z,0.732247187756002
2020-07-01T09:57:03Z,0.0904064252972602
2020-07-01T14:03:46Z,-0.0067285150289535
2020-07-01T14:08:01Z,0.1556580159813165
2020-07-01T18:23:39Z,-0.9343497343361378
2020-07-01T18:25:15Z,-0.94019244145602
2020-07-02T04:45:55Z,0.4161464124917984
2020-07-02T09:13:52Z,-0.6764276660978794
2020-07-02T11:30:29Z,-0.9361081086099148
2020-07-02T14:07:11Z,0.1392494682222604
2020-07-02T16:29:23Z,0.3933139443397522
2020-07-02T20:29:56Z,0.0352383404970169
2020-07-04T19:46:20Z,0.0110459718853235
2020-07-06T17:59:37Z,0.1622259616851806
2020-07-06T22:42:44Z,0.9085233006626368
2020-07-07T11:43:47Z,0.6386875882744789
2020-07-07T12:22:22Z,-0.0961587354540824
2020-07-07T14:41:41Z,0.1276030540466308
2020-07-07T15:07:46Z,0.7911122366786003
2020-07-07T20:30:10Z,-0.0360381267964839
2020-07-08T09:51:59Z,0.1148839825764298
2020-07-08T11:09:39Z,0.0445374399423599
2020-07-08T12:01:08Z,0.133265963755548
2020-07-08T14:42:20Z,0.1919871717691421
2020-07-08T15:05:06Z,0.8221947550773621
2020-07-09T14:40:07Z,0.1803470030426979
2020-07-09T19:34:50Z,-0.9500800343230368
2020-07-10T10:39:42Z,0.2857693620026111
2020-07-10T14:08:18Z,0.5370898135006428
2020-07-12T15:00:10Z,0.0607469901442527
2020-07-13T09:17:43Z,0.934061615727842
2020-07-13T11:47:38Z,0.8901954032480717
2020-07-13T12:32:43Z,0.7917039766907692
2020-07-13T12:37:24Z,0.039120951667428
2020-07-13T13:55:01Z,0.1617508362978696
2020-07-13T14:31:46Z,0.1622259616851806
2020-07-13T14:39:14Z,0.0068252384662628
2020-07-13T19:23:35Z,0.1172742508351802
2020-07-13T19:35:15Z,0.2377327410504222
2020-07-14T12:12:09Z,0.0319119524210691
2020-07-14T15:00:25Z,0.0010758973658084
2020-07-14T15:56:14Z,0.0699395611882209
2020-07-14T19:11:07Z,-0.8595445826649666
2020-07-15T01:47:38Z,-0.5552884042263031
2020-07-15T08:51:10Z,-0.9062368730083108
2020-07-15T10:04:34Z,0.3778928071260452
2020-07-15T10:22:26Z,0.6488886456936598
2020-07-15T11:42:42Z,0.0754421055316925
2020-07-15T12:12:09Z,-0.1147931292653083
2020-07-15T12:30:17Z,0.4149490026757121
2020-07-15T13:54:54Z,0.2947019338607788
2020-07-15T13:59:13Z,-0.1382865197956562
2020-07-15T17:18:26Z,0.811708889901638
2020-07-15T21:06:03Z,-0.5717746559530497
2020-07-16T10:59:05Z,0.7192284315824509
2020-07-16T11:09:53Z,0.7018759064376354
2020-07-16T12:20:27Z,-0.1289493143558502
2020-07-16T13:56:13Z,0.9162059351801872
2020-07-16T14:33:26Z,0.1694913199171424
2020-07-16T20:19:24Z,0.1802543206140399
2020-07-17T09:09:49Z,-0.5687125995755196
2020-07-17T09:51:31Z,0.1408362314105034
2020-07-17T15:17:39Z,0.6922595063224435
2020-07-17T19:49:48Z,0.8791705779731274
2020-07-20T20:05:05Z,0.6566791338846087
2020-07-21T01:23:01Z,0.8133189678192139
2020-07-21T09:54:11Z,0.1874354677274823
2020-07-21T12:11:14Z,0.6311924709007144
2020-07-22T02:11:21Z,0.1940684854052961
2020-07-22T03:07:29Z,0.1608806522563099
2020-07-22T06:58:22Z,0.0389428418129682
2020-07-22T12:10:08Z,0.0791500778868794
2020-07-22T17:03:11Z,-0.4648113176226616
2020-07-23T04:41:08Z,-0.9023312833160162
2020-07-23T11:13:12Z,-0.944564253091812
2020-07-23T12:32:48Z,-0.3828708473592996
2020-07-23T17:15:28Z,-0.8475995492190123
2020-07-23T17:32:34Z,-0.9241784662008286
2020-07-23T17:33:27Z,-0.9108702754601836
2020-07-23T18:16:00Z,-0.2531361896544695
2020-07-24T02:40:50Z,-0.0505359210073947
2020-07-24T06:19:33Z,-0.3508522808551788
2020-07-24T07:37:03Z,0.0943414103239774
2020-07-24T09:18:18Z,0.1789251435548067
2020-07-24T14:29:50Z,0.0258861556649208
2020-07-24T15:21:56Z,0.0992405842989683
2020-07-24T15:54:27Z,0.1106710731983184
2020-07-24T19:25:46Z,-0.5372708383947611
2020-07-25T17:10:11Z,0.0006390530616044
2020-07-25T17:20:52Z,0.0100470446050167
2020-07-27T00:37:47Z,0.0876301890239119
2020-07-27T05:11:02Z,-0.0219129137694835
2020-07-27T12:00:23Z,0.0584272928535938
2020-07-27T17:52:20Z,0.0253775157034397
2020-07-27T18:31:36Z,0.0157817862927913
2020-07-27T18:36:25Z,0.1105168368667364
2020-07-28T03:10:53Z,-0.7927066776901484
2020-07-28T06:56:38Z,-0.7198425736278296
2020-07-28T11:54:42Z,0.0399097399786114
2020-07-28T17:21:46Z,-0.0471328720450401
2020-07-28T18:28:13Z,0.1411733003333211
2020-07-29T03:03:11Z,0.8925053868442774
2020-07-29T08:03:54Z,-0.9509345395490528
2020-07-29T08:47:57Z,0.5896166227757931
2020-07-29T11:27:33Z,0.0239962115883827
2020-07-29T12:45:44Z,0.0556478388607502
2020-07-29T14:37:38Z,0.6742575764656067
2020-07-29T15:10:28Z,0.2344584567472338
2020-07-29T16:31:34Z,-0.2926272507756948
2020-07-29T21:05:40Z,-0.3167608380317688
2020-07-30T03:50:23Z,0.435476828366518
2020-07-30T04:43:58Z,0.9367867298424244
2020-07-30T05:27:42Z,-0.935587146319449
2020-07-30T08:05:47Z,-0.0449806619435548
2020-07-30T08:05:54Z,-0.9377432940527796
2020-07-30T08:45:44Z,-0.0067579559981822
2020-07-30T09:40:33Z,0.8622681051492691
2020-07-30T10:07:18Z,-0.9389281179755926
2020-07-30T13:53:26Z,-0.036228222772479
2020-07-30T15:03:54Z,0.0300364606082439
2020-07-30T15:55:04Z,0.0103212092071771
2020-07-30T16:45:15Z,0.8041765056550503
2020-07-30T20:30:31Z,0.4754799306392669
2020-07-30T20:30:54Z,-0.3375056535005569
2020-07-30T20:31:56Z,0.9264482613652943
2020-07-30T20:32:37Z,0.9231943283230066
2020-07-30T20:32:51Z,0.9195018354803324
2020-07-30T20:33:03Z,0.928934007883072
2020-07-30T20:33:37Z,0.9234987702220678
2020-07-30T20:34:04Z,0.9228155110031366
2020-07-30T20:35:40Z,-0.0409705936908721
2020-07-30T20:58:11Z,-0.814765240997076
2020-07-30T21:25:43Z,0.9380159210413694
2020-07-30T21:29:15Z,-0.0083136558532714
2020-07-30T21:34:58Z,0.8595542199909687
2020-07-30T21:45:10Z,-0.743151843547821
2020-07-30T22:17:43Z,0.064284510910511
2020-07-31T04:42:00Z,-0.7757315151393414
2020-07-31T09:03:57Z,-0.0137234739959239
2020-07-31T09:43:47Z,0.8989125154912472
2020-07-31T10:18:39Z,0.7992607578635216
2020-07-31T10:59:04Z,0.8624087162315845
2020-07-31T11:09:17Z,0.7793069295585155
2020-07-31T11:26:52Z,0.7151821665465832
2020-07-31T11:40:46Z,0.8456399589776993
2020-07-31T11:44:04Z,-0.09014642983675
2020-07-31T11:52:27Z,0.8216061294078827
2020-07-31T12:01:30Z,0.0300460215657949
2020-07-31T12:18:28Z,-0.1285437494516372
2020-07-31T12:26:49Z,0.7191846035420895
2020-07-31T13:42:19Z,0.8350967559963465
2020-07-31T13:51:38Z,-0.7865763045847416
2020-07-31T14:12:45Z,-0.0443072449415922
2020-07-31T14:13:49Z,0.6425357460975647
2020-07-31T15:00:46Z,0.8229089137166739
2020-07-31T15:51:06Z,0.7422294141724706
2020-07-31T16:09:00Z,-0.2257790043950081
2020-07-31T16:23:45Z,0.9057467989623548
2020-07-31T18:35:57Z,-0.7308506816625595
2020-07-31T19:23:51Z,0.1294368132948875
2020-07-31T20:20:08Z,0.0083807818591594
2020-08-01T11:53:04Z,0.0285469274967908
2020-08-01T18:21:21Z,-0.002455024048686
2020-08-03T06:32:45Z,0.3187913782894611
2020-08-03T08:17:28Z,0.0293102487921714
2020-08-03T08:48:08Z,0.1929004592821002
2020-08-03T14:37:11Z,-0.7230648025870323
2020-08-03T16:30:15Z,0.1964591592550277
2020-08-03T18:26:32Z,-0.0782591886818409
2020-08-03T18:41:50Z,0.1622259616851806
2020-08-04T09:00:52Z,0.6870684092864394
2020-08-04T13:30:22Z,0.5796453030779958
2020-08-04T14:31:07Z,0.4839010527357459
2020-08-04T14:44:07Z,0.0084224808961153
2020-08-04T14:45:04Z,0.0612738393247127
2020-08-04T15:01:14Z,0.0061083883047103
2020-08-04T15:02:33Z,0.1275901105254888
2020-08-04T16:25:24Z,0.0885868733748793
2020-08-04T16:45:08Z,0.0632976293563842
2020-08-04T16:45:40Z,0.0699930097907781
2020-08-04T17:08:56Z,0.0431789010763168
2020-08-04T17:18:11Z,0.4681840054690838
2020-08-05T10:11:17Z,-0.853365084156394
2020-08-05T14:03:44Z,-0.3247542977333069
2020-08-05T15:12:13Z,0.1151782730594277
2020-08-05T15:22:16Z,0.6247886568307877
2020-08-05T15:24:13Z,0.8047135286033154
2020-08-05T18:00:14Z,0.0861149150878191
2020-08-06T11:55:41Z,-0.7133384831249714
2020-08-06T18:17:27Z,0.1803470030426979
2020-08-06T18:35:04Z,-0.0157099440693855
2020-08-06T21:52:36Z,-0.0014519803225994
2020-08-07T07:17:10Z,-0.9416452189907432
2020-08-07T15:21:23Z,-0.2838678322732448
2020-08-08T16:43:42Z,0.0108510553836822
2020-08-08T17:23:12Z,-0.0014526359736919
2020-08-09T21:39:33Z,-0.0181858427822589
2020-08-10T08:58:36Z,0.82745311409235
2020-08-10T12:39:51Z,-0.1186727881431579
2020-08-10T13:28:12Z,0.1240480244159698
2020-08-10T13:30:29Z,-0.1266100667417049
2020-08-10T14:14:29Z,-0.036228222772479
2020-08-10T15:38:00Z,-0.9152690935879946
2020-08-10T16:15:55Z,0.0270514860749244
2020-08-10T16:19:32Z,-0.0543989986181259
2020-08-10T17:38:25Z,0.0174407009035348
2020-08-10T17:59:22Z,-0.9551985822618008
2020-08-11T07:05:58Z,-0.0616187676787376
2020-08-11T07:24:35Z,-0.0426152981817722
2020-08-11T10:29:51Z,0.5857040882110596
2020-08-11T13:30:12Z,0.2687833560630679
2020-08-11T16:05:27Z,0.0743898283690214
2020-08-12T07:53:44Z,-0.0073672980070114
2020-08-12T11:45:43Z,0.040866918861866
2020-08-12T17:58:24Z,-0.9018907509744168
2020-08-13T09:38:02Z,-0.8206279929727316
2020-08-13T14:43:39Z,0.5393382646143436
2020-08-13T14:44:59Z,0.1803470030426979
2020-08-13T14:48:44Z,0.0424423888325691
2020-08-13T15:14:43Z,0.909172348678112
2020-08-13T18:20:29Z,0.1400164803490042
2020-08-13T18:47:36Z,0.1230469672009348
2020-08-13T18:48:29Z,0.8807665891945362
2020-08-13T19:20:40Z,-0.9432083312422036
2020-08-13T19:35:12Z,-0.2954589873552322
2020-08-13T19:49:44Z,-0.896387092769146
2020-08-13T21:42:26Z,0.0079389810562133
2020-08-14T03:10:17Z,-0.8582024220377207
2020-08-14T14:28:27Z,0.0293492227792739
2020-08-14T14:32:45Z,0.0461909472942352
2020-08-14T18:40:55Z,0.0673292558640241
2020-08-14T19:07:33Z,-0.9607782093808056
2020-08-14T19:27:33Z,0.2126030474901199
2020-08-15T18:11:59Z,0.0119209066033363
2020-08-16T17:14:06Z,0.2363115455955267
2020-08-16T22:34:07Z,-0.0433511137962341
2020-08-17T04:21:30Z,-0.9450401207432152
2020-08-17T05:04:00Z,0.0736880348995328
2020-08-17T14:45:18Z,0.1622259616851806
2020-08-17T15:07:56Z,0.0007041078060865
2020-08-17T16:25:03Z,0.0372854219749569
2020-08-17T16:45:12Z,0.1003551036119461
2020-08-17T18:52:56Z,-0.9411187605001032
2020-08-17T19:06:34Z,-0.4704375714063644
2020-08-17T19:40:30Z,0.0196081716567277
2020-08-17T21:07:25Z,0.0067362375557422
2020-08-18T01:52:11Z,-0.942225957289338
2020-08-18T05:23:52Z,0.0104136615991592
2020-08-18T12:37:12Z,0.0106050167232751
2020-08-18T12:38:23Z,-0.9487331686541438
2020-08-18T15:40:01Z,-0.173481348901987
2020-08-18T16:55:09Z,-0.921924589201808
2020-08-18T18:18:35Z,-0.597655363380909
2020-08-19T02:05:58Z,0.1501797176897525
2020-08-19T14:38:49Z,0.1919871717691421
2020-08-19T14:51:19Z,-0.0208625495433807
2020-08-19T14:54:05Z,0.3580299578607082
2020-08-19T17:36:07Z,-0.879964105784893
2020-08-19T19:19:37Z,0.0110863298177719
2020-08-20T08:15:15Z,-0.7164586242288351
2020-08-20T08:53:07Z,0.043289553374052
2020-08-20T14:51:34Z,0.1803470030426979
2020-08-20T15:39:51Z,0.0310888057574629
2020-08-20T16:25:58Z,0.007864810526371
2020-08-20T18:50:09Z,0.9246579091995956
2020-08-21T06:57:17Z,0.929601958952844
2020-08-21T15:42:55Z,0.1294368132948875
2020-08-21T17:55:09Z,0.0423473389819264
2020-08-21T19:02:25Z,0.1015075352042913
2020-08-21T19:04:14Z,0.0934677273035049
2020-08-21T20:14:47Z,0.1007917122915387
2020-08-22T18:53:51Z,0.0061183832585811
2020-08-22T21:08:52Z,0.0049333460628986
2020-08-24T03:28:06Z,-0.8552572820335627
2020-08-24T08:33:49Z,-0.0835653841495513
2020-08-24T11:26:09Z,0.1131470650434494
2020-08-24T11:54:52Z,0.8320551514625549
2020-08-24T12:11:07Z,-0.1382865197956562
2020-08-24T14:36:25Z,0.1622259616851806
2020-08-24T15:00:43Z,0.8453192813321948
2020-08-25T04:17:38Z,-0.7608019597828388
2020-08-25T06:14:31Z,-0.1791441142559051
2020-08-25T07:53:49Z,-0.7060212772339582
2020-08-25T10:18:40Z,0.141575344838202
2020-08-25T13:22:00Z,0.084024092182517
2020-08-25T15:29:09Z,0.0721773998811841
2020-08-25T17:08:18Z,0.8106963336467743
2020-08-25T22:10:24Z,-0.0278837941586971
2020-08-26T07:58:34Z,-0.9182999674230814
2020-08-26T10:22:09Z,0.0790697056800127
2020-08-26T10:29:06Z,0.4134544301778078
2020-08-26T10:31:11Z,0.1190620753914117
2020-08-26T11:21:08Z,0.8646246585994959
2020-08-26T12:14:43Z,-0.1147931292653083
2020-08-26T14:23:12Z,0.5231721736490726
2020-08-26T16:04:25Z,-0.9441669322550296
2020-08-26T16:05:52Z,-0.0442574173212051
2020-08-26T16:07:46Z,0.2039020443335175
2020-08-26T21:40:35Z,0.4193002171814441
2020-08-27T05:29:00Z,-0.9670363743789494
2020-08-27T14:29:17Z,-0.0157099440693855
2020-08-28T05:35:11Z,-0.0666390638798475
2020-08-28T15:14:11Z,0.4790868544951081
2020-08-28T19:25:39Z,0.0041451454162597
2020-08-28T20:42:59Z,0.0920030418783426
2020-08-29T17:38:06Z,0.0070758163928985
2020-08-30T16:36:24Z,0.0098869409412145
2020-08-31T01:38:25Z,0.0676890658214688
2020-08-31T10:18:31Z,0.5079475119709969
2020-08-31T12:08:46Z,-0.4504094570875168
2020-08-31T12:44:28Z,0.034522695466876
2020-08-31T12:47:20Z,-0.1186727881431579
2020-08-31T16:11:49Z,-0.1072531789541244
2020-08-31T16:25:45Z,0.713782100006938
2020-08-31T19:26:42Z,0.2073302529752254
2020-08-31T21:13:20Z,0.0384067017585039
2020-08-31T21:35:27Z,0.0678515871986746
2020-08-31T22:24:18Z,-0.1842294037342071
2020-09-01T09:07:39Z,0.1818527057766914
2020-09-01T11:06:35Z,-0.0135733783245086
2020-09-01T12:38:42Z,-0.0597299598157405
2020-09-01T12:51:08Z,0.3058260902762413
2020-09-01T13:39:25Z,0.289881020784378
2020-09-01T15:28:13Z,0.1276030540466308
2020-09-01T15:52:58Z,0.3067952580749988
2020-09-01T17:40:06Z,0.5428501218557358
2020-09-01T18:42:26Z,0.1377442777156829
2020-09-01T21:15:28Z,-0.5595135986804962
2020-09-02T13:48:31Z,0.0732242008671164
2020-09-02T14:37:55Z,0.1919871717691421
2020-09-02T21:16:42Z,-0.8033384382724762
2020-09-03T11:10:06Z,0.6726262206211686
2020-09-03T16:13:39Z,-0.2004420943558216
2020-09-03T16:32:48Z,-0.1054453924298286
2020-09-03T19:06:00Z,0.0735180582851171
2020-09-03T21:00:55Z,-0.9568145163357258
2020-09-04T02:47:22Z,-0.5487525966018438
2020-09-04T05:33:27Z,-0.9350978601723908
2020-09-04T07:40:19Z,-0.9371579177677632
2020-09-04T08:53:50Z,0.0521582067012786
2020-09-04T10:33:54Z,0.0216978788375854
2020-09-04T12:41:25Z,-0.148723978549242
2020-09-04T15:38:50Z,-0.3590196762233972
2020-09-04T15:53:50Z,0.8839508481323719
2020-09-04T16:15:18Z,0.0840914212167263
2020-09-04T16:20:27Z,0.0157155916094779
2020-09-04T16:27:45Z,-0.1921738088130951
2020-09-04T17:00:45Z,0.0253775157034397
2020-09-04T19:57:24Z,0.7220746017992496
2020-09-04T20:30:19Z,-0.9101571924984456
2020-09-06T12:39:49Z,0.0077341590076684
2020-09-06T12:50:04Z,0.0046894494444131
2020-09-06T13:17:36Z,0.010710222646594
2020-09-06T13:50:06Z,0.2042023846879601
2020-09-07T12:43:36Z,-0.4852211251854896
2020-09-07T13:20:35Z,-0.0118006356060504
2020-09-08T04:29:31Z,-0.90289609413594
2020-09-08T10:21:28Z,0.1377552933990955
2020-09-08T15:16:49Z,0.0642251148819923
2020-09-08T15:52:19Z,0.0444317907094955
2020-09-08T15:57:58Z,0.1137022711336612
2020-09-08T16:01:11Z,0.2656212449073791
2020-09-08T16:04:26Z,-0.0139419510960578
2020-09-08T17:55:14Z,-0.0525045190006494
2020-09-08T18:15:09Z,-0.0067457556724548
2020-09-08T18:52:22Z,-0.8522765766829252
2020-09-08T20:01:14Z,0.2040841411799192
2020-09-08T21:31:43Z,0.0839111590757966
2020-09-09T04:20:39Z,-0.0527274832129478
2020-09-09T09:45:47Z,0.8979382095858455
2020-09-09T16:36:46Z,-0.9612814132124186
2020-09-09T17:36:58Z,0.0552229303866624
2020-09-09T17:38:37Z,0.0843867398798465
2020-09-09T18:04:55Z,-0.0668569486588239
2020-09-10T16:19:25Z,0.6928572170436382
2020-09-10T18:57:53Z,0.1295840544626116
2020-09-11T05:03:36Z,-0.9006270691752434
2020-09-11T16:29:13Z,-0.5268760174512863
2020-09-11T17:03:42Z,-0.8710574712604284
2020-09-12T18:11:36Z,0.0069279037415981
2020-09-12T19:16:42Z,-0.0034662596881389
2020-09-12T19:40:47Z,0.0458284243941307
2020-09-13T22:25:19Z,-0.0216766688972711
2020-09-14T01:29:26Z,0.2907500378787517
2020-09-14T08:30:01Z,-0.5010652765631676
2020-09-14T09:31:08Z,-0.0332739539444446
2020-09-14T17:00:11Z,0.9168036486953496
2020-09-14T17:00:50Z,0.189779489301145
2020-09-14T17:38:25Z,0.7090749079361558
2020-09-14T18:17:09Z,-0.0282766260206699
2020-09-15T09:48:58Z,0.3792536109685898
2020-09-15T11:34:25Z,-0.0841581169515848
2020-09-15T12:40:08Z,0.0417032996192574
2020-09-15T14:27:47Z,0.0381047949194908
2020-09-15T15:02:47Z,-0.2829021271318197
2020-09-15T16:31:26Z,0.8452284596860409
2020-09-15T17:03:48Z,0.4468403626233339
2020-09-15T17:09:01Z,-0.0192253645509481
2020-09-15T17:10:21Z,0.0900826454162597
2020-09-15T17:11:40Z,0.476535702124238
2020-09-15T17:15:46Z,0.3182682134211063
2020-09-15T17:16:47Z,0.0873106103390455
2020-09-15T17:18:53Z,0.1070660194382071
2020-09-15T17:22:42Z,0.1845518872141838
2020-09-15T17:24:13Z,-0.0055756755173206
2020-09-15T17:25:54Z,-0.965319144539535
2020-09-15T17:27:37Z,0.0246045337989926
2020-09-15T17:31:10Z,-0.931931933388114
2020-09-15T17:32:40Z,0.1903823278844356
2020-09-15T17:34:11Z,-0.9631027430295944
2020-09-15T17:34:50Z,0.0590824633836746
2020-09-15T17:35:54Z,0.0654360838234424
2020-09-15T17:36:58Z,0.0271013807505369
2020-09-15T17:39:06Z,0.1067900732159614
2020-09-15T17:39:25Z,0.0436498560011386
2020-09-15T17:39:29Z,0.0019944421947002
2020-09-15T17:39:56Z,-0.000318769365549
2020-09-15T17:41:22Z,0.083360020071268
2020-09-15T17:42:04Z,0.0957618709653616
2020-09-15T17:42:38Z,0.9339501494541764
2020-09-15T17:43:19Z,0.17254932038486
2020-09-15T17:44:13Z,0.2928863866254687
2020-09-15T17:44:42Z,0.0676436284556984
2020-09-15T17:46:20Z,0.72395358979702
2020-09-15T17:47:27Z,0.0221332628279924
2020-09-15T17:47:59Z,0.1616505123674869
2020-09-15T17:49:45Z,0.1048309756442904
2020-09-15T17:50:11Z,0.1184825673699379
2020-09-15T17:51:09Z,0.4024791037663817
2020-09-15T17:51:46Z,0.0572166349738836
2020-09-15T17:54:16Z,-0.9307935414835812
2020-09-15T17:57:07Z,0.1335682896897196
2020-09-15T17:57:52Z,0.0600907681509852
2020-09-15T17:58:34Z,0.0685676867142319
2020-09-15T17:59:37Z,-0.7673139944672585
2020-09-15T18:00:25Z,0.0119640920311212
2020-09-15T18:02:01Z,0.0118402279913425
2020-09-15T18:02:12Z,0.019428389146924
2020-09-15T18:03:03Z,0.0820534219965338
2020-09-15T18:05:38Z,-0.8972880207002163
2020-09-15T18:27:18Z,0.5136430924758315
2020-09-15T18:38:31Z,0.077963288873434
2020-09-15T18:52:19Z,0.5106444153934717
2020-09-15T20:18:52Z,-0.6707610823214054
2020-09-16T01:57:06Z,0.9283717814832926
2020-09-16T05:03:54Z,0.3147167190909385
2020-09-16T08:58:21Z,0.0368495360016822
2020-09-16T10:33:54Z,0.6692417655140162
2020-09-16T11:53:34Z,0.0255755688995122
2020-09-16T12:12:04Z,-0.1147931292653083
2020-09-16T12:30:08Z,0.0664311852306127
2020-09-16T13:02:28Z,0.7661235239356756
2020-09-16T14:34:03Z,0.1420148219913244
2020-09-16T16:07:45Z,0.1585169797763228
2020-09-16T17:10:21Z,-0.4921966083347797
2020-09-16T17:43:21Z,-0.9114243052899836
2020-09-16T17:45:58Z,0.036477230489254
2020-09-17T08:01:55Z,0.8617298034951091
2020-09-17T12:21:54Z,0.0359771363437175
2020-09-17T13:59:03Z,-0.0157099440693855
2020-09-17T14:55:52Z,0.4829455986618995
2020-09-17T18:06:24Z,0.0733040804043412
2020-09-18T03:26:50Z,0.0226369500160217
2020-09-18T07:07:38Z,0.7567136995494366
2020-09-18T08:59:30Z,-0.0012344755232334
2020-09-18T09:54:54Z,0.0749421995133161
2020-09-18T10:01:22Z,0.7177499383687973
2020-09-18T14:22:06Z,-0.9121899781748652
2020-09-18T14:22:46Z,-0.1450417134910822
2020-09-18T15:03:28Z,0.0184225626289844
2020-09-18T18:10:09Z,0.265626679174602
2020-09-20T13:09:05Z,-0.7757630329579115
2020-09-20T19:47:49Z,-0.0424599088728427
2020-09-21T09:40:43Z,-0.5232103653252125
2020-09-21T16:03:12Z,0.8219032753258944
2020-09-21T16:08:25Z,0.274165553972125
2020-09-22T04:46:52Z,-0.0111785382032394
2020-09-22T04:57:55Z,-0.1587240919470787
2020-09-22T10:24:04Z,0.8231843877583742
2020-09-22T11:01:34Z,0.1860491316765546
2020-09-22T11:25:51Z,0.8649004474282265
2020-09-22T12:16:34Z,-0.0961587354540824
2020-09-22T13:38:51Z,0.1857802905142307
2020-09-22T15:19:52Z,0.4552460461854934
2020-09-22T15:20:38Z,-0.932945310138166
2020-09-22T16:07:06Z,0.1612348333001136
2020-09-22T17:10:22Z,0.0229997597634792
2020-09-22T20:27:32Z,0.007882934063673
2020-09-23T01:55:09Z,0.6261250646784902
2020-09-23T07:22:11Z,0.359739325940609
2020-09-23T15:45:07Z,0.0062207579612731
2020-09-23T16:11:38Z,0.0142396390438079
2020-09-23T16:44:07Z,0.7418281063437462
2020-09-23T21:26:49Z,0.2232146579772234
2020-09-24T11:53:38Z,0.3745006052777171
2020-09-24T17:54:28Z,0.1399293597787618
2020-09-24T19:40:35Z,0.1116959825158119
2020-09-25T01:35:01Z,0.1989804608747363
2020-09-25T06:01:15Z,0.3641780000180006
2020-09-25T08:47:51Z,-0.4888923764228821
2020-09-25T10:43:49Z,0.061979086138308
2020-09-25T15:24:01Z,0.0244700256735086
2020-09-25T17:14:59Z,-0.6949654603376985
2020-09-25T17:16:10Z,-0.4060700628906488
2020-09-25T17:36:04Z,0.9013257287442684
2020-09-26T18:51:41Z,0.0068566016852855
2020-09-26T19:12:48Z,-0.0009564794600009
2020-09-28T07:40:53Z,0.0395564017817378
2020-09-28T08:58:39Z,0.1994420960545539
2020-09-28T19:03:55Z,-0.0591275729238987
2020-09-28T20:45:38Z,0.0421658083796501
2020-09-29T02:40:56Z,-0.1087843850255012
2020-09-29T09:25:17Z,0.179785668849945
2020-09-29T17:35:46Z,0.3315519541501999
2020-09-30T02:44:43Z,0.213499579578638
2020-09-30T06:23:53Z,-0.9553777696564794
2020-09-30T12:20:38Z,0.0274641644209623
2020-09-30T15:39:13Z,-0.0042635351419448
2020-10-01T10:53:04Z,0.1765801003202796
2020-10-02T01:45:09Z,0.062712101265788
2020-10-02T07:19:49Z,-0.0519763864576816
2020-10-02T09:05:59Z,-0.3537857010960579
2020-10-02T15:30:02Z,0.1660799197852611
2020-10-02T16:56:04Z,0.0164144858717918
2020-10-05T08:59:20Z,-0.9278177274391056
2020-10-06T02:27:07Z,0.803720273077488
2020-10-06T05:14:41Z,-0.0624554213136434
2020-10-06T15:12:51Z,-0.9664041963405908
2020-10-06T15:20:04Z,-0.6961566805839539
2020-10-06T16:06:54Z,0.0100728180259466
2020-10-06T16:09:48Z,-0.0022813025861978
2020-10-06T16:30:06Z,0.1400873195379972
2020-10-06T17:48:32Z,0.0335605945438146
2020-10-06T20:14:21Z,-0.7396981548517942
2020-10-07T09:35:06Z,-0.9177726656198502
2020-10-07T14:26:13Z,0.0258861556649208
2020-10-07T15:19:51Z,0.0434716418385505
2020-10-08T05:03:54Z,-0.8844772595912218
2020-10-08T17:20:48Z,0.0230069831013679
2020-10-08T19:56:55Z,0.1026720646768808
2020-10-08T21:35:49Z,0.150697904638946
2020-10-08T21:50:08Z,-0.6037095990031958
2020-10-09T02:13:41Z,0.083800159394741
2020-10-09T02:59:17Z,0.067899246700108
2020-10-09T06:06:53Z,-0.0959987342357635
2020-10-09T08:09:40Z,-0.1203801929950714
2020-10-09T08:52:19Z,0.0579640623182058
2020-10-09T13:06:03Z,0.0623587956652045
2020-10-10T17:09:17Z,0.0145060401409864
2020-10-12T07:37:47Z,-0.5092341396957636
2020-10-12T11:23:54Z,0.8824473693966866
2020-10-12T12:22:46Z,-0.1186727881431579
2020-10-12T14:06:42Z,0.0452244523912668
2020-10-12T17:16:04Z,0.1668955087661743
2020-10-12T17:22:50Z,-0.314022159203887
2020-10-12T21:30:36Z,0.0702278800308704
2020-10-12T23:01:10Z,0.0010154414921998
2020-10-13T04:00:09Z,-0.957224827259779
2020-10-13T08:04:23Z,0.7546756160445511
2020-10-13T09:45:30Z,-0.8028963953256607
2020-10-13T12:30:37Z,0.0491338409483432
2020-10-13T15:28:42Z,0.4318869709968567
2020-10-13T16:01:29Z,-0.000792920589447
2020-10-13T16:29:14Z,-0.953994492534548
2020-10-13T17:00:25Z,-0.9527193009853364
2020-10-13T17:02:28Z,0.0132698621600866
2020-10-13T17:03:52Z,0.055697763338685
2020-10-13T17:04:49Z,-0.9428820069879292
2020-10-13T17:07:18Z,0.1017388217151165
2020-10-13T17:07:44Z,0.0095201600342988
2020-10-13T17:10:02Z,0.0551622835919261
2020-10-13T17:11:40Z,0.0616316106170415
2020-10-13T17:13:05Z,0.1307859467342496
2020-10-13T17:13:40Z,-0.1331347357481718
2020-10-13T17:14:55Z,0.1204047184437513
2020-10-13T17:15:05Z,0.1209198366850614
2020-10-13T17:16:08Z,0.6280667223036289
2020-10-13T17:17:27Z,0.1109134182333946
2020-10-13T17:19:34Z,-0.8382312078028917
2020-10-13T17:20:47Z,0.1491873944178223
2020-10-13T17:21:11Z,0.0377126187086105
2020-10-13T17:22:34Z,0.4699381487444043
2020-10-13T17:24:06Z,0.0603340398520231
2020-10-13T17:26:19Z,0.7632958237081766
2020-10-13T17:28:02Z,0.7245212905108929
2020-10-13T17:28:18Z,0.573180178180337
2020-10-13T17:29:09Z,0.0933405356481671
2020-10-13T17:30:34Z,0.2624125704169273
2020-10-13T17:30:55Z,0.0263003017753362
2020-10-13T17:31:38Z,0.4638539869338274
2020-10-13T17:32:57Z,0.01323171146214
2020-10-13T17:33:47Z,0.019977331161499
2020-10-13T17:35:13Z,0.0008984692394733
2020-10-13T17:36:37Z,0.4166367789730429
2020-10-13T17:37:06Z,0.0932723274454474
2020-10-13T17:37:29Z,0.2245870754122734
2020-10-13T17:38:13Z,0.0177473332732915
2020-10-13T17:38:38Z,0.3406585985794663
2020-10-13T17:39:48Z,0.1394529771059751
2020-10-13T17:40:53Z,-0.0356945842504501
2020-10-13T17:41:51Z,0.2136730132624507
2020-10-13T17:42:16Z,0.0593680068850517
2020-10-13T17:43:46Z,0.1300262380391359
2020-10-13T17:45:18Z,0.0692590391263365
2020-10-13T17:46:42Z,0.0087029933929443
2020-10-13T17:47:48Z,0.1067955400794744
2020-10-13T17:48:36Z,0.1204209458082914
2020-10-13T17:49:19Z,0.1476624524220824
2020-10-13T17:51:06Z,0.0468258066102862
2020-10-13T17:52:54Z,-0.8051728373393416
2020-10-13T17:54:01Z,0.1226792018860578
2020-10-13T17:55:32Z,0.3353407336398959
2020-10-13T17:56:30Z,-0.8259762525558472
2020-10-13T17:56:44Z,0.1031606830656528
2020-10-13T17:57:26Z,0.0598899405449628
2020-10-13T17:59:39Z,0.0611436869949102
2020-10-13T18:01:02Z,0.9224936114624144
2020-10-13T18:02:01Z,0.2178694531321525
2020-10-13T18:03:57Z,0.7446513921022415
2020-10-13T18:05:17Z,0.4011631896719336
2020-10-13T18:06:15Z,0.022505048662424
2020-10-13T18:07:00Z,0.0564841404557228
2020-10-13T18:08:02Z,-0.9581937296316028
2020-10-13T19:26:36Z,-0.9550639651715755
2020-10-13T19:36:08Z,0.0438876170665025
2020-10-13T19:45:15Z,0.090800417587161
2020-10-14T02:34:09Z,0.0621000677347183
2020-10-14T06:54:07Z,0.2296423632651567
2020-10-14T09:09:04Z,-0.4354519043117761
2020-10-14T09:18:59Z,-0.903734426945448
2020-10-14T12:09:09Z,0.8123430535197258
2020-10-14T12:10:44Z,0.056548505090177
2020-10-14T12:20:34Z,0.1137449070811271
2020-10-14T12:55:07Z,0.6126859150826931
2020-10-14T16:21:38Z,0.3104254435747862
2020-10-14T20:05:17Z,-0.0152924619615077
2020-10-15T10:05:34Z,0.1903893686830997
2020-10-15T15:12:07Z,-0.9331773621961474
2020-10-15T15:20:38Z,0.1137537397444248
2020-10-16T02:06:09Z,-0.0533225536346435
2020-10-16T09:16:35Z,0.7784872413612902
2020-10-17T18:49:52Z,-0.0070579200983047
2020-10-18T18:38:19Z,0.0775173902511596
2020-10-19T12:20:42Z,0.5864820834249258
2020-10-19T13:25:48Z,0.8134313710033894
2020-10-19T14:35:20Z,-0.0471328720450401
2020-10-19T20:44:01Z,-0.2336182370781898
2020-10-20T02:32:17Z,-0.8886577785015106
2020-10-20T10:15:04Z,-0.250034162774682
2020-10-20T15:12:51Z,-0.8290010541677475
2020-10-20T15:16:20Z,-0.4074485898017883
2020-10-20T23:09:24Z,0.0439277850091457
2020-10-21T05:46:07Z,-0.9387350911274552
2020-10-21T06:32:16Z,0.0116660427302122
2020-10-21T08:43:21Z,0.0498867686837911
2020-10-21T15:56:23Z,0.0037119835615158
2020-10-21T16:18:27Z,0.9245744068175554
2020-10-21T20:12:58Z,0.1137105682864785
2020-10-21T21:42:38Z,-0.0048067905008792
2020-10-22T02:59:15Z,0.1213900921866297
2020-10-22T12:10:15Z,0.1409554230049252
2020-10-22T15:50:40Z,0.7241088636219501
2020-10-23T10:14:42Z,0.1505715548992157
2020-10-23T12:15:21Z,0.1465788260102272
2020-10-23T13:28:22Z,0.0744464937597513
2020-10-23T13:29:10Z,0.0202455539256334
2020-10-23T15:27:23Z,0.1703181304037571
2020-10-23T15:28:09Z,0.0611362485215067
2020-10-23T15:28:54Z,0.8919938905164599
2020-10-23T15:29:38Z,0.219972894527018
2020-10-23T15:31:41Z,0.3859286159276962
2020-10-23T16:43:19Z,0.0642958888784051
2020-10-23T17:05:35Z,-0.8714869227260351
2020-10-23T19:36:14Z,0.1406721007078886
2020-10-25T12:45:42Z,0.0130792055279016
2020-10-25T13:21:18Z,0.0172495283186435
2020-10-25T16:58:10Z,-0.1735847927629947
2020-10-26T05:20:09Z,-0.5030196122825146
2020-10-26T10:40:48Z,0.2083823001012206
2020-10-26T12:27:30Z,0.3492274805903435
2020-10-26T13:20:08Z,-0.4065053164958954
2020-10-26T13:24:11Z,0.4077419266104698
2020-10-26T13:58:40Z,0.0118230450898408
2020-10-26T14:22:28Z,0.0353469140827655
2020-10-26T14:23:50Z,0.0879440288990736
2020-10-26T16:13:00Z,0.3163454048335552
2020-10-26T16:23:04Z,0.6594755230471492
2020-10-26T22:47:21Z,-0.071941003203392
2020-10-27T19:32:05Z,0.4667052580043673
2020-10-27T22:53:41Z,-0.0568957533687353
2020-10-27T23:51:31Z,0.0033391267061233
2020-10-28T05:44:32Z,0.5225713737308979
2020-10-28T08:24:32Z,-0.042637163773179
2020-10-28T09:08:09Z,0.0603631846606731
2020-10-28T14:01:20Z,-0.9402257511392236
2020-10-28T14:03:10Z,-0.0949407443404197
2020-10-28T15:34:56Z,0.8815322192385793
2020-10-29T07:40:54Z,0.7508651167154312
2020-10-29T08:08:21Z,-0.0458821039646863
2020-10-29T08:54:12Z,-0.0205170586705207
2020-10-29T10:03:54Z,0.3461834639310837
2020-10-29T11:50:16Z,0.0268280711024999
2020-10-29T14:38:44Z,-0.0443072449415922
2020-10-29T15:08:41Z,0.1927029928192496
2020-10-29T16:08:12Z,-0.0070276148617267
2020-10-29T16:09:05Z,0.4157253727316856
2020-10-29T16:23:24Z,-0.0363057702779769
2020-10-29T17:31:24Z,-0.0115793347358703
2020-10-29T19:21:46Z,-0.0140141770243644
2020-10-29T20:30:34Z,0.5211024880409241
2020-10-29T20:30:59Z,0.9131076075136662
2020-10-29T20:31:15Z,0.0807981193065643
2020-10-29T20:31:35Z,0.2117217779159546
2020-10-29T20:32:00Z,-0.0001845359802246
2020-10-29T20:32:22Z,0.1209650039672851
2020-10-29T20:32:38Z,0.0145042538642883
2020-10-29T20:33:37Z,0.8133859187364578
2020-10-29T20:34:07Z,-0.0403775218874216
2020-10-29T20:35:29Z,0.9229282718151808
2020-10-29T21:11:17Z,0.9059155881404876
2020-10-30T04:10:58Z,0.0434492081403732
2020-10-30T08:11:53Z,0.0547531582415103
2020-10-30T08:25:35Z,-0.9488938711583614
2020-10-30T08:52:47Z,0.0598394041880965
2020-10-30T08:53:26Z,-0.0152220465242862
2020-10-30T10:05:06Z,-0.9563500247895718
2020-10-30T11:09:29Z,-0.081954501569271
2020-10-30T11:43:17Z,0.8480153158307076
2020-10-30T12:24:07Z,-0.1285437494516372
2020-10-30T13:40:52Z,0.0566523373126983
2020-10-30T14:49:57Z,0.0491031594574451
2020-10-30T16:20:26Z,-0.2915486544370651
2020-10-30T16:32:26Z,0.1151699014008045
2020-10-30T17:10:30Z,0.6097460361197591
2020-10-30T17:19:07Z,0.0860352013260126
2020-10-31T18:40:27Z,0.0104844402521848
2020-11-01T15:05:22Z,-0.2372954338788986
2020-11-02T02:46:46Z,-0.9029010394588112
2020-11-02T09:20:11Z,0.056587278842926
2020-11-02T14:00:40Z,0.7167371464893222
2020-11-02T14:51:50Z,-0.8926497530192137
2020-11-02T16:48:10Z,0.1725404784083366
2020-11-02T17:09:03Z,0.0514622349292039
2020-11-02T17:15:14Z,0.00309076346457
2020-11-02T17:16:11Z,0.0809919256716966
2020-11-02T17:18:34Z,0.0441075786948204
2020-11-02T17:20:45Z,0.7078114477917552
2020-11-02T17:20:58Z,0.0516749173402786
2020-11-02T17:34:27Z,0.101463558152318
2020-11-02T20:27:55Z,-0.9358165143057704
2020-11-02T20:28:42Z,0.1082687340676784
2020-11-02T22:39:18Z,-0.0125008579343557
2020-11-03T07:36:02Z,0.0578594654798507
2020-11-03T08:40:45Z,-0.9526222236454488
2020-11-03T14:53:58Z,-0.0186669155955314
2020-11-03T16:50:16Z,-0.0842580627650022
2020-11-03T20:31:43Z,-0.8265441618859768
2020-11-04T12:59:44Z,0.0312405582517385
2020-11-04T16:27:15Z,0.0035080928355455
2020-11-04T17:32:10Z,0.0322747211903333
2020-11-04T20:46:59Z,-0.0539048574864864
2020-11-04T21:30:36Z,0.0473256632685661
2020-11-05T05:05:54Z,-0.950970713980496
2020-11-05T07:58:31Z,0.1425035670399665
2020-11-05T11:01:00Z,0.8071997985243797
2020-11-05T14:09:59Z,0.0930364541709423
2020-11-05T15:31:35Z,0.8853968204930425
2020-11-05T17:27:38Z,0.2231257734820246
2020-11-05T17:39:26Z,-0.0054228156805038
2020-11-05T18:41:07Z,0.388768601231277
2020-11-05T18:50:37Z,0.1947705587372183
2020-11-05T20:25:10Z,0.0801780484616756
2020-11-05T21:18:14Z,0.4146839585155248
2020-11-06T07:56:34Z,0.2643359368667006
2020-11-06T13:36:30Z,0.001134730875492
2020-11-06T21:30:12Z,0.0093463342636823
2020-11-07T15:38:37Z,0.0064615439623594
2020-11-08T20:37:09Z,0.3002625433728099
2020-11-09T06:00:25Z,-0.929316183552146
2020-11-09T17:31:43Z,-0.1109368205070495
2020-11-09T17:46:40Z,0.2030543033033609
2020-11-10T16:41:25Z,0.0189356561750173
2020-11-10T18:09:39Z,0.4948299527168274
2020-11-10T18:12:06Z,0.0683454861864447
2020-11-10T18:25:35Z,0.1483765803277492
2020-11-10T18:30:28Z,0.1007422562688589
2020-11-10T18:31:58Z,0.2543204836547375
2020-11-10T18:35:17Z,0.0667353421449661
2020-11-10T18:40:34Z,0.0610987562686204
2020-11-10T18:50:37Z,0.7420988380908966
2020-11-10T19:00:44Z,0.1791341993957758
2020-11-10T19:45:09Z,-0.0932722389698028
2020-11-10T19:45:55Z,0.0037496015429496
2020-11-11T07:13:00Z,0.1753391250967979
2020-11-11T07:41:31Z,0.7115128748118877
2020-11-11T08:11:32Z,-0.7992074470967054
2020-11-11T09:50:54Z,0.1106823477894067
2020-11-11T16:17:45Z,-0.2278424203395843
2020-11-11T19:55:22Z,0.8826579079031944
2020-11-12T05:55:26Z,0.9040906373411416
2020-11-12T07:55:34Z,0.8603908838704228
2020-11-12T14:42:30Z,0.0258861556649208
2020-11-12T16:05:25Z,0.1528460141271352
2020-11-12T17:38:06Z,-0.8546767123043537
2020-11-13T08:15:57Z,-0.9613534808158876
2020-11-14T14:27:24Z,-0.0450266916304826
2020-11-14T15:27:28Z,0.0018250793218612
2020-11-15T16:42:09Z,0.7482583532109857
2020-11-16T05:00:58Z,0.9272633185610176
2020-11-16T09:23:54Z,-0.0799063295125961
2020-11-16T13:13:32Z,-0.0789274927228689
2020-11-16T15:43:19Z,0.0446800589561462
2020-11-16T17:12:45Z,0.1295107705518603
2020-11-16T17:18:49Z,0.0383804365992546
2020-11-16T17:37:09Z,-0.4483296275138855
2020-11-17T02:39:45Z,-0.4685316830873489
2020-11-17T04:00:56Z,-0.929590940475464
2020-11-17T07:02:27Z,-0.8953128140419722
2020-11-17T08:41:32Z,-0.1347149461507797
2020-11-17T17:00:38Z,0.0778236296027898
2020-11-17T17:02:48Z,-0.0384617876261472
2020-11-17T17:04:41Z,0.0245796553790569
2020-11-17T17:07:43Z,0.7013665158301592
2020-11-17T17:16:09Z,0.0212079193443059
2020-11-17T17:31:21Z,-0.0348982959985733
2020-11-17T17:52:55Z,-0.8546767123043537
2020-11-18T08:53:41Z,0.1135075464844703
2020-11-18T08:55:01Z,-0.1209441423416137
2020-11-18T11:08:30Z,0.4090381562709808
2020-11-18T16:52:14Z,-0.8323624525219202
2020-11-18T17:56:41Z,-0.4483296275138855
2020-11-18T18:12:52Z,-0.9167631417512894
2020-11-18T20:06:24Z,0.188011503778398
2020-11-19T02:35:07Z,-0.902044279500842
2020-11-19T07:59:07Z,0.7912198808044195
2020-11-19T09:15:56Z,0.1846942268311977
2020-11-19T12:47:44Z,0.8857522439211607
2020-11-19T14:40:32Z,-0.0471328720450401
2020-11-19T15:07:23Z,-0.0287492889910936
2020-11-19T15:53:07Z,0.376238914206624
2020-11-19T19:02:17Z,-0.4483296275138855
2020-11-19T20:34:28Z,0.0610809316858649
2020-11-19T21:35:22Z,-0.5647124201059341
2020-11-20T06:21:27Z,0.827362323179841
2020-11-20T08:22:40Z,0.7395725371316075
2020-11-20T13:01:53Z,0.3544754264876246
2020-11-20T16:46:22Z,0.2585226846858859
2020-11-20T17:41:55Z,-0.4483296275138855
2020-11-20T20:31:46Z,-0.0033965818583965
2020-11-20T21:37:38Z,0.0240699145942926
2020-11-21T18:26:54Z,-0.2603632919490337
2020-11-23T05:27:15Z,0.8879136210307479
2020-11-23T17:36:32Z,-0.8546767123043537
2020-11-23T17:50:10Z,0.0794987455010414
2020-11-23T18:01:19Z,0.6844202540814877
2020-11-23T18:36:13Z,-0.2020364739000797
2020-11-23T20:55:55Z,-0.5320337563753128
2020-11-24T02:21:33Z,-0.8371385466307402
2020-11-24T03:07:49Z,0.0803787196055054
2020-11-24T04:34:55Z,-0.1558660380542278
2020-11-24T17:37:07Z,-0.8546767123043537
2020-11-24T18:25:41Z,0.1465484881773591
2020-11-25T03:36:06Z,0.5181678589433432
2020-11-25T07:50:47Z,0.1185205429792404
2020-11-25T09:01:55Z,-0.133488705381751
2020-11-25T17:45:08Z,-0.8546767123043537
2020-11-27T17:52:41Z,-0.4483296275138855
2020-11-28T18:32:38Z,-0.3642717190086841
2020-11-28T19:37:04Z,0.0436178054660558
2020-11-28T21:11:11Z,0.0163379926234483
2020-11-30T04:20:45Z,0.1525428611785173
2020-11-30T11:20:06Z,0.200583629310131
2020-11-30T11:39:04Z,0.0212838519364595
2020-11-30T11:47:55Z,0.3543157828971743
2020-11-30T15:01:19Z,-0.5507680308073759
2020-11-30T17:38:54Z,-0.8546767123043537
2020-11-30T19:35:43Z,0.9191691596060992
2020-12-01T04:51:05Z,0.072639113292098
2020-12-01T08:39:40Z,0.3370650447905063
2020-12-01T09:12:43Z,0.6964660752564669
2020-12-01T13:23:39Z,-0.9328867923468352
2020-12-01T14:52:54Z,0.6188557147979736
2020-12-01T15:32:01Z,0.0699930097907781
2020-12-01T16:57:09Z,-0.9574220227077604
2020-12-01T19:28:13Z,-0.8546767123043537
2020-12-02T04:15:24Z,-0.9255565889179708
2020-12-02T09:49:58Z,0.557327164337039
2020-12-02T17:41:06Z,-0.8546767123043537
2020-12-02T19:50:14Z,0.8914111005142331
2020-12-03T06:00:17Z,-0.3790980502963066
2020-12-03T06:54:41Z,0.7468421896919608
2020-12-03T08:21:13Z,0.2584791015833616
2020-12-03T11:30:29Z,0.0678662071004509
2020-12-03T12:04:59Z,-0.0710157416760921
2020-12-03T14:30:14Z,0.2194653060287237
2020-12-03T17:59:46Z,-0.4483296275138855
2020-12-04T15:24:18Z,0.0544413775205612
2020-12-04T19:01:14Z,-0.4483296275138855
2020-12-05T17:06:47Z,0.0122033096849918
2020-12-06T19:43:37Z,0.0283628981560468
2020-12-06T21:28:50Z,0.0908238347619772
2020-12-07T11:10:54Z,0.6703404868021607
2020-12-07T12:47:37Z,0.2320747394114732
2020-12-07T17:32:37Z,0.5345573723316193
2020-12-07T17:47:05Z,0.1503033461049199
2020-12-07T17:49:59Z,-0.8546767123043537
2020-12-07T19:46:26Z,0.7137374160811305
2020-12-07T20:26:16Z,0.0180877409875392
2020-12-08T03:01:18Z,0.3943295925855636
2020-12-08T13:27:43Z,0.0338966939598321
2020-12-08T13:30:45Z,0.0174418464303016
2020-12-08T13:32:36Z,0.0563563900068402
2020-12-08T13:36:21Z,-0.9543628674000502
2020-12-08T13:37:17Z,-0.939975069835782
2020-12-08T14:29:39Z,0.0168848447501659
2020-12-08T14:45:55Z,0.2588667916134
2020-12-08T15:20:24Z,-0.0052497386932373
2020-12-08T18:00:05Z,-0.8546767123043537
2020-12-08T20:13:04Z,0.0446674339473247
2020-12-09T05:08:07Z,0.5193113489076495
2020-12-09T06:07:43Z,-0.1887930799275636
2020-12-09T07:15:12Z,0.8634162005037069
2020-12-09T08:30:35Z,-0.8665430136024952
2020-12-09T09:51:18Z,0.8861053213477135
2020-12-09T10:16:16Z,-0.405392438173294
2020-12-09T11:37:36Z,-0.8866018354892731
2020-12-09T12:36:37Z,-0.0135730393230915
2020-12-09T13:14:05Z,-0.1147931292653083
2020-12-09T17:32:35Z,0.0984770637005567
2020-12-09T17:59:42Z,-0.8546767123043537
2020-12-09T18:00:59Z,-0.0077289771288633
2020-12-09T18:10:19Z,-0.032711487263441
2020-12-09T18:48:13Z,-0.9197193197906016
2020-12-09T21:23:46Z,-0.3736858479678631
2020-12-10T04:13:16Z,0.1253262953832745
2020-12-10T06:41:42Z,-0.8355531729757786
2020-12-10T08:55:17Z,-0.3837547171860933
2020-12-10T14:20:12Z,-0.2886739820241928
2020-12-10T18:47:54Z,-0.4483296275138855
2020-12-11T07:42:32Z,0.1264830501750111
2020-12-11T10:04:05Z,0.0170410126447677
2020-12-11T16:58:16Z,-0.9503093287348748
2020-12-11T17:21:54Z,0.0323401782661676
2020-12-11T17:55:08Z,-0.8546767123043537
2020-12-11T18:29:14Z,-0.5585525464266539
2020-12-12T18:28:31Z,0.0082066040486097
2020-12-13T12:37:16Z,0.0476331487298011
2020-12-13T17:18:55Z,-0.015287596732378
2020-12-14T02:10:16Z,-0.918978227302432
2020-12-14T09:35:00Z,-0.0041567124426364
2020-12-14T13:15:51Z,-0.8517617806792259
2020-12-14T17:05:42Z,-0.716733368113637
2020-12-14T17:21:52Z,-0.0065962877124547
2020-12-14T18:12:55Z,-0.4483296275138855
2020-12-14T18:55:14Z,-0.0012680571526288
2020-12-14T20:28:58Z,0.0371339032426476
2020-12-14T21:23:39Z,0.9262444069609046
2020-12-15T02:38:45Z,0.1164430528879165
2020-12-15T04:28:31Z,-0.945092437788844
2020-12-15T06:29:56Z,-0.9362042527645826
2020-12-15T08:29:53Z,-0.2128305807709694
2020-12-15T09:33:36Z,0.0263431444764137
2020-12-15T09:59:53Z,0.1411681389436125
2020-12-15T10:45:31Z,0.6820005960762501
2020-12-15T10:56:03Z,0.0242058634757995
2020-12-15T12:41:49Z,-0.9517287351191044
2020-12-15T16:49:26Z,0.8101851250976324
2020-12-15T17:06:40Z,0.8863122388720512
2020-12-15T17:13:40Z,0.0253775157034397
2020-12-15T17:14:20Z,0.0056614503264427
2020-12-15T17:15:05Z,0.1305271536111831
2020-12-15T17:15:29Z,0.8320377543568611
2020-12-15T17:22:36Z,-0.7033874355256557
2020-12-15T17:31:03Z,0.3066834043711424
2020-12-15T17:46:08Z,-0.8546767123043537
2020-12-16T02:33:02Z,0.5655885776504874
2020-12-16T06:15:28Z,-0.894009867683053
2020-12-16T12:45:54Z,0.0559926442801952
2020-12-16T15:15:26Z,-0.0471328720450401
2020-12-16T15:44:14Z,-0.030320405960083
2020-12-16T17:07:54Z,-0.2773166596889496
2020-12-16T17:13:33Z,0.8311601206660271
2020-12-16T17:47:50Z,-0.8546767123043537
2020-12-17T02:38:13Z,-0.957180586643517
2020-12-17T04:10:02Z,-0.7639575805515051
2020-12-17T17:38:19Z,-0.8546767123043537
2020-12-17T22:26:14Z,0.1424030289053917
2020-12-18T08:51:34Z,-0.2702683806419372
2020-12-18T11:50:08Z,0.6315403953194618
2020-12-18T17:36:47Z,-0.8546767123043537
2020-12-18T21:04:29Z,-0.9332195045426488
2020-12-19T17:38:10Z,0.2131981207057833
2020-12-19T19:59:44Z,-0.9374781027436256
2020-12-20T14:18:43Z,-0.945863764733076
2020-12-20T19:30:42Z,-0.0129915513098239
2020-12-21T03:38:52Z,-0.9591421633958817
2020-12-21T05:28:25Z,-0.9446821389719844
2020-12-21T08:17:42Z,-0.8954696580767632
2020-12-21T09:31:29Z,0.1841381164267659
2020-12-21T14:47:29Z,0.3356793336570263
2020-12-21T17:40:38Z,-0.4483296275138855
2020-12-21T20:36:56Z,0.8463833807036281
2020-12-21T20:37:26Z,0.3402196415700018
2020-12-21T20:37:46Z,0.5188902169466019
2020-12-21T21:18:58Z,0.115182239562273
2020-12-21T21:56:06Z,0.1051558027975261
2020-12-21T22:05:06Z,-0.0951015055179596
2020-12-22T02:35:21Z,0.9352570520713924
2020-12-22T04:33:19Z,0.9049662798643112
2020-12-22T05:15:48Z,-0.04818831756711
2020-12-22T06:16:06Z,0.0560657195746898
2020-12-22T11:00:57Z,0.4332128409296274
2020-12-22T13:05:08Z,0.0170767121016979
2020-12-22T15:11:40Z,-0.0157099440693855
2020-12-22T15:39:55Z,0.1358517985790968
2020-12-22T17:09:25Z,0.0180977508425712
2020-12-22T17:10:07Z,0.0253775157034397
2020-12-22T17:12:43Z,0.910357654094696
2020-12-22T17:14:18Z,0.4205363001674413
2020-12-22T17:15:55Z,-0.596023689955473
2020-12-22T17:18:27Z,-0.4178088456392288
2020-12-22T17:19:02Z,-0.0125835258513689
2020-12-22T17:40:22Z,-0.6702639311552048
2020-12-22T17:43:32Z,-0.2122281342744827
2020-12-22T17:44:44Z,-0.4483296275138855
2020-12-22T18:00:26Z,-0.018942879512906
2020-12-22T18:57:29Z,-0.046765262261033
2020-12-22T20:55:11Z,-0.8039063699543476
2020-12-22T21:36:34Z,-0.2995593696832657
2020-12-23T02:33:17Z,0.8836667537689209
2020-12-23T02:59:23Z,0.9100344199687244
2020-12-23T09:00:38Z,0.4156409804709255
2020-12-23T09:53:09Z,0.0201961491256952
2020-12-23T10:03:40Z,0.1885287333279848
2020-12-23T10:56:31Z,-0.9562806580215693
2020-12-23T11:22:15Z,-0.8289121240377426
2020-12-23T12:20:45Z,0.0138494428247213
2020-12-23T16:58:21Z,0.0219086352735757
2020-12-23T17:06:21Z,0.0485328286886215
2020-12-23T17:15:29Z,0.60924665722996
2020-12-23T17:24:37Z,0.7912247660569847
2020-12-23T17:43:17Z,-0.8546767123043537
2020-12-23T21:10:10Z,0.054562322795391
2020-12-24T12:25:27Z,-0.01101591065526
2020-12-24T12:35:43Z,-0.6742810998111963
2020-12-24T14:35:38Z,0.0951001411303877
2020-12-26T17:24:57Z,0.3798945434391498
2020-12-26T17:45:14Z,0.0096850730478763
2020-12-26T20:57:06Z,0.0489567192271351
2020-12-27T15:49:19Z,0.2526029227301478
2020-12-27T19:38:56Z,0.0350962188094854
2020-12-27T20:02:01Z,0.0054429061710834
2020-12-28T11:47:07Z,-0.947970283217728
2020-12-28T11:54:20Z,0.0940770097076892
2020-12-28T16:02:55Z,0.0300713907927274
2020-12-28T17:36:57Z,-0.8546767123043537
2020-12-28T21:54:29Z,-0.8006168268620968
2020-12-29T11:12:37Z,0.1124217063188552
2020-12-29T15:07:05Z,-0.0471328720450401
2020-12-29T15:32:10Z,0.1276030540466308
2020-12-29T17:59:52Z,-0.4483296275138855
2020-12-29T21:43:07Z,0.0054733343422412
2020-12-30T01:26:14Z,-0.0116393119096755
2020-12-30T03:35:26Z,-0.6994927115738392
2020-12-30T15:03:14Z,0.0059924703091382
2020-12-30T16:06:05Z,-0.3988428711891174
2020-12-30T17:15:31Z,0.0349904336035251
2020-12-30T17:38:16Z,-0.4483296275138855
2020-12-30T20:09:09Z,0.2400972498580813
2020-12-30T22:39:41Z,0.0647253356873989
2020-12-31T03:06:43Z,-0.0015555508434772
2020-12-31T11:49:03Z,-0.9368184925988317
2020-12-31T14:50:18Z,0.2711207345128059
2020-12-31T14:55:29Z,0.029565081000328
2020-12-31T18:42:57Z,-0.4483296275138855
2020-12-31T19:44:59Z,0.0320943314582109
2021-01-02T16:25:30Z,0.0290914811193943
2021-01-03T16:06:22Z,0.3759711282327771
2021-01-03T19:01:04Z,0.3685527220368385
2021-01-04T07:05:41Z,0.186163917183876
2021-01-04T10:18:38Z,0.221423062030226
2021-01-04T11:28:03Z,0.0754716945812106
2021-01-04T17:38:02Z,-0.4483296275138855
2021-01-05T02:13:23Z,0.6368605019524693
2021-01-05T02:42:34Z,0.332713570445776
2021-01-05T13:07:23Z,0.741542536765337
2021-01-05T13:26:00Z,-0.0961587354540824
2021-01-05T14:34:17Z,0.1575508918613195
2021-01-05T15:31:57Z,0.8211154099553823
2021-01-05T17:20:37Z,0.1011985829100012
2021-01-05T17:22:43Z,0.0749013200402259
2021-01-05T17:48:18Z,-0.4483296275138855
2021-01-05T17:48:57Z,0.0474995030090212
2021-01-05T21:40:09Z,-0.8952281605452299
2021-01-05T22:30:49Z,0.85165243037045
2021-01-05T22:46:29Z,0.0165636874735355
2021-01-06T03:03:11Z,-0.9379098834469914
2021-01-06T12:25:51Z,0.0041554998606443
2021-01-06T15:06:37Z,0.0876550339162349
2021-01-06T17:37:27Z,-0.8546767123043537
2021-01-06T20:04:42Z,0.0342512689530849
2021-01-06T20:56:13Z,-0.8710446320474148
2021-01-07T05:19:33Z,-0.870979250408709
2021-01-07T10:28:21Z,0.7044923147186637
2021-01-07T11:03:31Z,0.8247720338404179
2021-01-07T11:45:55Z,-0.832968894392252
2021-01-07T14:37:02Z,0.007998427376151
2021-01-07T17:36:28Z,-0.8546767123043537
2021-01-07T20:14:01Z,0.0571595914661884
2021-01-07T21:49:11Z,-0.0612843334674835
2021-01-08T02:05:11Z,0.5908059198409319
2021-01-08T09:33:30Z,0.0849233865737915
2021-01-08T10:48:31Z,0.2480630297213792
2021-01-08T11:57:52Z,-0.0893006138503551
2021-01-08T12:19:41Z,0.9284566100686787
2021-01-08T13:40:13Z,0.0344219543039798
2021-01-08T15:49:49Z,-0.0272781234234571
2021-01-08T17:50:38Z,-0.4483296275138855
2021-01-08T20:09:18Z,0.0753252329304814
2021-01-08T20:51:03Z,0.1579378908500075
2021-01-09T18:45:45Z,-0.0079488977789878
2021-01-09T20:52:59Z,-0.6162137947976589
2021-01-10T00:58:15Z,-0.8375689201056957
2021-01-10T12:29:26Z,-0.8726938720792532
2021-01-10T13:14:24Z,0.0684132445603609
2021-01-10T15:41:08Z,-0.0011774934828281
2021-01-11T02:14:07Z,0.273161506280303
2021-01-11T05:51:33Z,0.1036607017740607
2021-01-11T07:01:20Z,0.4788503348827362
2021-01-11T08:48:42Z,-0.0386525057256221
2021-01-11T09:51:55Z,-0.3512134421616792
2021-01-11T11:03:00Z,-0.9573334902524948
2021-01-11T15:14:38Z,0.1031171642243862
2021-01-11T15:31:00Z,-0.0471328720450401
2021-01-11T15:38:53Z,0.7391686784103513
2021-01-11T17:42:27Z,-0.4483296275138855
2021-01-12T02:41:04Z,-0.8586949855089188
2021-01-12T04:10:58Z,0.0270463023334741
2021-01-12T11:02:12Z,0.0479088965803384
2021-01-12T13:35:31Z,-0.2503675296902656
2021-01-12T15:35:30Z,0.0294256433844566
2021-01-12T16:11:38Z,-0.4166096858680248
2021-01-12T17:40:54Z,-0.8546767123043537
2021-01-12T22:32:13Z,0.1781041463837027
2021-01-13T02:39:49Z,0.3776060836389661
2021-01-13T11:26:49Z,0.1153037492185831
2021-01-13T12:02:26Z,-0.0396128855645656
2021-01-13T12:30:34Z,-0.2306595668196678
2021-01-13T14:10:07Z,0.0358184836804866
2021-01-13T15:50:25Z,0.4109522700309753
2021-01-13T17:01:49Z,-0.2387673035264015
2021-01-13T17:35:36Z,-0.8546767123043537
2021-01-13T17:38:21Z,0.1722404938191175
2021-01-13T21:09:17Z,0.2365906154736876
2021-01-13T21:29:48Z,0.2933000866323709
2021-01-14T01:47:18Z,0.0527124088257551
2021-01-14T03:56:07Z,0.0145878810435533
2021-01-14T08:07:06Z,0.1218319106847047
2021-01-14T10:41:00Z,-0.9479450192302464
2021-01-14T15:35:30Z,-0.0471328720450401
2021-01-14T17:35:41Z,-0.4483296275138855
2021-01-14T17:56:31Z,0.8006295468658209
2021-01-14T21:23:55Z,0.1350916791707277
2021-01-15T02:22:50Z,0.8605391960591078
2021-01-15T08:36:23Z,-0.7277743816375732
2021-01-15T08:59:19Z,0.0533300125971436
2021-01-15T09:24:16Z,0.4927512751892209
2021-01-15T10:31:41Z,0.0396163966506719
2021-01-15T16:34:53Z,0.8436612859368324
2021-01-15T17:08:24Z,0.610836929641664
2021-01-15T17:31:56Z,0.0258643571287393
2021-01-15T17:32:42Z,-0.961741686798632
2021-01-15T17:40:39Z,-0.4483296275138855
2021-01-15T18:00:20Z,0.3665752587839961
2021-01-15T18:27:17Z,0.0185169223695993
2021-01-15T18:31:56Z,0.818710945546627
2021-01-15T18:48:55Z,0.1042883405461907
2021-01-15T18:51:12Z,-0.9238442368805408
2021-01-15T18:55:37Z,-0.9370735427364708
2021-01-15T20:06:49Z,-0.9124034075066448
2021-01-15T20:57:28Z,-0.2257109396159649
2021-01-16T19:44:30Z,0.1180184315890073
2021-01-17T16:16:26Z,0.0577491354197263
2021-01-17T20:51:37Z,0.0319289937615394
2021-01-19T04:26:00Z,0.8411795711144805
2021-01-19T06:34:30Z,-0.7655276544392109
2021-01-19T13:28:38Z,0.034522695466876
2021-01-19T15:07:42Z,-0.871568713337183
2021-01-19T15:59:12Z,0.0732242008671164
2021-01-19T17:04:34Z,-0.0025624521076679
2021-01-19T17:39:33Z,-0.4483296275138855
2021-01-19T17:40:44Z,-0.0114943385124206
2021-01-19T22:11:40Z,0.1499157855287194
2021-01-19T23:46:00Z,-0.3670397847890854
2021-01-20T05:09:15Z,0.0545196272432804
2021-01-20T11:06:49Z,0.5525595210492611
2021-01-20T13:58:52Z,0.4759639054536819
2021-01-20T15:22:43Z,-0.2249940820038318
2021-01-20T16:18:06Z,-0.1684749983251094
2021-01-20T17:38:45Z,-0.4483296275138855
2021-01-21T08:15:43Z,0.4650447443127632
2021-01-21T13:19:11Z,0.8568282835185528
2021-01-21T15:04:32Z,0.904943661764264
2021-01-21T15:25:12Z,0.1483138892799615
2021-01-21T17:22:42Z,-0.0051147565245628
2021-01-21T18:39:59Z,0.0937417224049568
2021-01-21T20:07:08Z,0.0735265174880623
2021-01-21T20:17:09Z,0.0636951820924878
2021-01-22T05:54:04Z,0.1506403507664799
2021-01-22T06:48:54Z,0.0657382905483245
2021-01-22T11:11:13Z,-0.9584946390241385
2021-01-22T16:24:28Z,0.8124969303607941
2021-01-22T17:39:49Z,-0.8546767123043537
2021-01-22T18:00:26Z,-0.0222829990088939
2021-01-22T21:36:45Z,-0.0007486678659915
2021-01-24T15:42:51Z,0.0020748637616634
2021-01-24T20:12:04Z,0.0052728075534105
2021-01-24T20:45:44Z,0.4745357017964124
2021-01-25T07:19:09Z,-0.9135882891714572
2021-01-25T10:19:22Z,0.2457230426371097
2021-01-25T10:53:17Z,-0.9299072539433836
2021-01-25T11:28:20Z,-0.9306982457637788
2021-01-25T11:56:59Z,0.8949464000761509
2021-01-25T12:58:57Z,0.8599575236439705
2021-01-25T13:22:10Z,-0.1186727881431579
2021-01-25T13:23:04Z,0.0273291431367397
2021-01-25T15:16:23Z,0.1622259616851806
2021-01-25T16:01:13Z,0.9028929080814124
2021-01-25T16:35:46Z,-0.0168976075947284
2021-01-25T17:13:44Z,-0.4253766983747482
2021-01-25T17:37:08Z,-0.8546767123043537
2021-01-25T20:11:02Z,-0.2692913115024566
2021-01-26T05:01:08Z,-0.0186992306262254
2021-01-26T06:59:01Z,0.0276220133528113
2021-01-26T10:00:57Z,-0.3189380541443825
2021-01-26T15:08:16Z,-0.0469874069094657
2021-01-26T15:37:47Z,0.8075513131916523
2021-01-26T17:02:35Z,0.0641194768249988
2021-01-26T17:11:32Z,0.4502577725797891
2021-01-26T17:16:12Z,0.1625844668596983
2021-01-26T17:17:38Z,0.4530469635501504
2021-01-26T18:43:46Z,-0.8546767123043537
2021-01-26T19:10:17Z,0.7835602452978492
2021-01-26T21:46:55Z,-0.0092766564339399
2021-01-26T22:30:50Z,0.9257395770400764
2021-01-27T09:09:00Z,-0.0699016526341438
2021-01-27T09:36:51Z,-0.0842665042728185
2021-01-27T11:08:28Z,-0.1416184604167938
2021-01-27T12:20:39Z,-0.0135730393230915
2021-01-27T13:15:10Z,0.2673162072896957
2021-01-27T13:58:45Z,0.2398391785100102
2021-01-27T14:53:07Z,-0.0443072449415922
2021-01-27T17:41:18Z,-0.4483296275138855
2021-01-27T19:33:45Z,-0.0319399647414684
2021-01-27T20:41:49Z,-0.0174967255443334
2021-01-27T21:30:18Z,0.555734395980835
2021-01-27T21:30:52Z,0.0879822075366973
2021-01-27T21:31:22Z,0.1914034187793731
2021-01-27T21:31:40Z,0.083701953291893
2021-01-27T21:32:02Z,0.1431082487106323
2021-01-27T21:32:18Z,-0.0805089473724365
2021-01-27T21:32:39Z,0.9226866457611322
2021-01-27T21:32:48Z,-0.3436228781938553
2021-01-27T21:34:38Z,0.3831727299839258
2021-01-27T21:35:19Z,0.8490342693403363
2021-01-27T22:00:32Z,0.9210018943995236
2021-01-28T02:47:50Z,0.1463951244950294
2021-01-28T09:39:58Z,-0.0688332635909318
2021-01-28T10:27:17Z,0.4390504397451877
2021-01-28T11:00:50Z,0.8175584450364113
2021-01-28T11:08:46Z,-0.926844909787178
2021-01-28T11:37:23Z,0.6456753872334957
2021-01-28T11:52:33Z,0.3313497267663479
2021-01-28T12:28:14Z,0.8613810800015926
2021-01-28T13:07:10Z,-0.1289493143558502
2021-01-28T14:52:29Z,-0.0363778267055749
2021-01-28T16:23:06Z,0.8099294472485781
2021-01-28T16:32:23Z,0.7523117326200008
2021-01-28T16:41:00Z,0.0588295385241508
2021-01-28T16:55:14Z,-0.9030493628233672
2021-01-28T17:38:06Z,-0.8546767123043537
2021-01-28T17:58:02Z,0.0253775157034397
2021-01-28T18:24:11Z,-0.7922761458903551
2021-01-28T18:27:13Z,0.6073905304074287
2021-01-28T19:00:09Z,0.761393129825592
2021-01-28T19:03:42Z,0.8661563843488693
2021-01-28T19:08:34Z,0.7526191603392363
2021-01-28T19:09:42Z,0.6210592463612556
2021-01-28T21:29:52Z,-0.155920885503292
2021-01-29T07:39:00Z,-0.535894587635994
2021-01-29T14:04:00Z,-0.0194792337715625
2021-01-29T14:22:26Z,-0.0356577727943658
2021-01-29T15:55:36Z,0.0802784096449613
2021-01-29T17:23:16Z,0.5342373251914978
2021-01-30T16:47:53Z,0.0100019443780183
2021-01-31T10:24:27Z,0.004520371556282
2021-01-31T14:28:40Z,-0.0115371420979499
2021-01-31T18:56:59Z,0.5520328152924776
2021-02-01T09:26:25Z,-0.5905637256801128
2021-02-01T12:48:58Z,0.0384560534730553
2021-02-01T13:36:52Z,0.0083165969699621
2021-02-01T13:53:00Z,0.6573914047330618
2021-02-01T14:51:56Z,0.0258861556649208
2021-02-01T17:08:37Z,-0.035214589908719
2021-02-01T18:17:50Z,-0.8546767123043537
2021-02-01T19:12:32Z,0.1190340602770447
2021-02-02T06:38:40Z,-0.0071955472230911
2021-02-02T08:12:07Z,0.0567125100642442
2021-02-02T11:05:16Z,-0.0020296610891819
2021-02-02T16:24:20Z,-0.0369901694357395
2021-02-02T16:48:02Z,-0.8076711837202311
2021-02-02T17:15:27Z,0.0344906281679868
2021-02-02T17:21:53Z,0.8147743530571461
2021-02-02T17:43:25Z,-0.4483296275138855
2021-02-02T19:41:24Z,0.8869650345295668
2021-02-03T04:26:31Z,0.2605692474171519
2021-02-03T08:18:17Z,0.3872858164831996
2021-02-03T14:22:55Z,-0.0373962558805942
2021-02-03T16:49:07Z,-0.9447139529511333
2021-02-03T17:37:42Z,-0.4483296275138855
2021-02-03T18:42:47Z,0.2355877803638577
2021-02-03T18:48:36Z,-0.7248165924102068
2021-02-03T18:53:43Z,-0.075167478993535
2021-02-04T10:27:08Z,-0.0686912611126899
2021-02-04T11:07:55Z,0.0061090402305126
2021-02-04T11:50:59Z,0.0093529187142848
2021-02-04T14:07:38Z,0.086644584313035
2021-02-04T14:23:35Z,-0.0386513527482748
2021-02-04T15:56:07Z,0.2563955830410123
2021-02-04T16:52:11Z,0.1714818282052874
2021-02-04T20:08:17Z,0.0324019007384777
2021-02-04T22:45:37Z,-0.4920067489147186
2021-02-05T09:16:06Z,0.0641114162281155
2021-02-05T11:24:03Z,0.3598307697102427
2021-02-05T14:09:19Z,-0.0353847555816173
2021-02-05T15:36:10Z,0.8863784307613969
2021-02-05T15:52:47Z,0.1618351526558399
2021-02-05T16:28:01Z,0.0095806010067462
2021-02-05T17:39:15Z,-0.8546767123043537
2021-02-05T18:00:04Z,-0.0415287911891937
2021-02-05T18:07:36Z,0.7121562156826258
2021-02-05T19:01:41Z,0.0622933693230152
2021-02-05T20:04:53Z,-0.0358738098293542
2021-02-05T21:28:02Z,0.3956200648099184
2021-02-05T21:40:34Z,-0.1428518071770668
2021-02-06T17:52:46Z,-0.9208690403029324
2021-02-06T20:46:08Z,0.7765800766646862
2021-02-07T13:56:17Z,0.2673988360911608
2021-02-07T14:28:36Z,0.0168042853474617
2021-02-07T19:45:42Z,0.856343287974596
2021-02-08T02:48:58Z,-0.114298453554511
2021-02-08T10:19:20Z,0.0884793465957045
2021-02-08T11:04:52Z,0.9045132864266634
2021-02-08T11:26:12Z,0.0383005244657397
2021-02-08T14:06:57Z,-0.0359377413988113
2021-02-08T15:21:16Z,0.8868694845587015
2021-02-08T17:39:47Z,-0.4483296275138855
2021-02-08T18:50:04Z,0.1056403005495667
2021-02-08T18:56:11Z,0.1212152997031807
2021-02-08T21:06:03Z,0.0404856130480766
2021-02-09T14:08:17Z,-0.0371789969503879
2021-02-09T14:37:12Z,-0.0157099440693855
2021-02-09T17:39:13Z,-0.9246823070570828
2021-02-09T17:39:55Z,-0.9528940254822372
2021-02-09T17:53:16Z,-0.8546767123043537
2021-02-09T20:31:22Z,-0.7153933495283127
2021-02-10T08:57:20Z,0.1920657637529075
2021-02-10T11:42:13Z,0.037403181195259
2021-02-10T13:20:57Z,-0.4891573488712311
2021-02-10T14:33:05Z,-0.0374535359442234
2021-02-10T16:19:36Z,0.0110836625099182
2021-02-10T16:35:16Z,0.0387724656611681
2021-02-10T17:43:03Z,-0.4483296275138855
2021-02-10T18:34:14Z,0.0994211174547672
2021-02-10T22:17:31Z,-0.0379899144172668
2021-02-11T03:54:58Z,0.0378650985658168
2021-02-11T14:26:47Z,-0.0383243393152952
2021-02-11T17:15:20Z,0.2024020999670028
2021-02-11T17:45:14Z,-0.4483296275138855
2021-02-11T18:09:08Z,0.8363591637462378
2021-02-11T18:36:58Z,0.8721460271626711
2021-02-11T23:36:58Z,0.7098984271287918
2021-02-12T09:27:59Z,-0.1421905159950256
2021-02-12T11:42:42Z,0.055248805321753
2021-02-12T13:55:31Z,-0.0343687590211629
2021-02-12T14:32:06Z,0.3731979914009571
2021-02-12T14:58:14Z,0.0699930097907781
2021-02-12T17:56:59Z,-0.8546767123043537
2021-02-12T20:13:20Z,0.0439653825014829
2021-02-14T13:40:59Z,-0.3374601379036903
2021-02-14T15:55:10Z,0.7654602555558085
2021-02-14T20:14:04Z,0.1202574558556079
2021-02-15T13:55:14Z,0.0601186119019985
2021-02-16T05:37:20Z,-0.0118041560053825
2021-02-16T10:03:12Z,0.0096963085234165
2021-02-16T13:44:10Z,0.0514223584905266
2021-02-16T14:10:17Z,-0.0370949897915124
2021-02-16T14:41:46Z,0.6437638401985168
2021-02-16T14:42:54Z,-0.0157099440693855
2021-02-16T16:25:52Z,-0.6791265159845352
2021-02-16T17:45:46Z,-0.8546767123043537
2021-02-16T18:35:19Z,0.0942891659215092
2021-02-16T20:47:27Z,-0.0113231316208839
2021-02-16T20:57:57Z,-0.6514263525605202
2021-02-16T21:10:57Z,-0.5886420719325542
2021-02-16T22:16:46Z,0.1326835956424474
2021-02-17T03:46:04Z,-0.6711317300796509
2021-02-17T06:12:33Z,0.7989405579864979
2021-02-17T10:50:15Z,-0.5581161975860596
2021-02-17T12:31:34Z,-0.8380450420081615
2021-02-17T14:01:03Z,-0.0372000802308321
2021-02-17T17:15:56Z,-0.7660935204476118
2021-02-17T17:37:18Z,-0.8546767123043537
2021-02-17T18:44:14Z,0.5692018112167716
2021-02-17T19:44:10Z,0.088647972792387
2021-02-18T10:36:28Z,0.7379410993307829
2021-02-18T12:36:24Z,0.0576371736824512
2021-02-18T13:55:57Z,-0.0380535200238227
2021-02-18T17:46:59Z,-0.8546767123043537
2021-02-18T18:20:19Z,0.418285658583045
2021-02-19T04:42:27Z,0.2000240720808506
2021-02-19T11:00:58Z,0.4280689656734466
2021-02-19T11:41:29Z,0.1383208101615309
2021-02-19T11:54:14Z,0.906970428302884
2021-02-19T13:26:03Z,0.0907857194542884
2021-02-19T13:46:41Z,-0.8674982078373432
2021-02-19T13:53:09Z,-0.0351299755275249
2021-02-19T16:02:56Z,0.6416461700573564
2021-02-19T17:11:01Z,0.9059531269595028
2021-02-19T17:13:15Z,0.1010758522897958
2021-02-19T17:18:23Z,0.7260269485414028
2021-02-19T17:27:22Z,0.0008543264120817
2021-02-19T18:01:49Z,-0.4483296275138855
2021-02-19T21:04:09Z,0.1259640818461775
2021-02-21T21:52:29Z,-0.3309375792741775
2021-02-22T01:30:53Z,-0.0510335993021726
2021-02-22T13:16:43Z,-0.1592762097716331
2021-02-22T13:46:07Z,-0.0359267126768827
2021-02-22T14:10:45Z,0.6082565970718861
2021-02-22T14:43:41Z,0.6060254722833633
2021-02-22T16:16:07Z,0.1430294243618846
2021-02-22T17:35:22Z,-0.0509382635354995
2021-02-22T17:38:14Z,-0.8546767123043537
2021-02-22T17:48:13Z,0.5712553635239601
2021-02-22T18:48:26Z,0.8903560284525156
2021-02-22T19:15:08Z,-0.7580307479947805
2021-02-22T20:50:48Z,0.6691995915025473
2021-02-22T21:28:39Z,-0.9574810937047004
2021-02-22T21:38:07Z,-0.929064279422164
2021-02-23T11:12:07Z,0.0367767820134758
2021-02-23T13:45:09Z,-0.0366150178015232
2021-02-23T16:13:21Z,0.0253775157034397
2021-02-23T17:24:50Z,0.6312841614708304
2021-02-23T17:36:12Z,-0.4483296275138855
2021-02-23T17:42:00Z,0.819844632409513
2021-02-23T17:54:41Z,0.1615275386720895
2021-02-24T01:07:27Z,0.0163755323737859
2021-02-24T05:54:57Z,-0.5002371519804001
2021-02-24T06:06:52Z,-0.7676408216357231
2021-02-24T10:38:24Z,0.1392814926803112
2021-02-24T11:06:17Z,0.7947341352701187
2021-02-24T13:25:30Z,0.0562569070607423
2021-02-24T14:16:19Z,-0.0360882207751274
2021-02-24T17:18:47Z,0.3168497821316123
2021-02-24T17:20:06Z,0.0436346475034952
2021-02-24T17:41:22Z,-0.4483296275138855
2021-02-24T18:26:07Z,0.7626655641943216
2021-02-24T21:43:06Z,0.0602645892649889
2021-02-24T23:45:16Z,0.0399075672030448
2021-02-25T13:01:56Z,0.3832376403734088
2021-02-25T13:59:44Z,-0.0376423709094524
2021-02-25T15:35:59Z,-0.844352575019002
2021-02-25T15:36:41Z,0.0858012698590755
2021-02-25T17:45:01Z,-0.4483296275138855
2021-02-25T19:02:56Z,0.0600370839238166
2021-02-26T00:24:45Z,0.0206744316965341
2021-02-26T04:47:21Z,0.004457488656044
2021-02-26T08:31:50Z,0.0523286387324333
2021-02-26T13:45:49Z,-0.0348966084420681
2021-02-26T17:18:44Z,0.0641252063214778
2021-02-26T18:41:41Z,-0.4483296275138855
2021-02-27T00:22:17Z,0.0235317172482609
2021-02-27T14:28:36Z,0.6048047505319118
2021-02-27T18:08:18Z,0.0426813755184412
2021-02-27T19:46:18Z,0.0923340581357479
2021-02-28T14:14:24Z,0.002968979999423
2021-02-28T17:36:21Z,0.0161877945065498
2021-03-01T05:22:56Z,0.1851492309942841
2021-03-01T07:28:08Z,0.5898377988487482
2021-03-01T08:08:21Z,0.4340384304523468
2021-03-01T12:58:08Z,0.0143192615360021
2021-03-01T13:44:31Z,-0.0304614994674921
2021-03-01T15:27:50Z,0.3583034351468086
2021-03-01T17:36:56Z,-0.4483296275138855
2021-03-01T18:24:40Z,0.7326653068885207
2021-03-01T18:45:09Z,0.056405609473586
2021-03-02T00:23:56Z,0.0177108403295278
2021-03-02T05:06:10Z,0.546724240295589
2021-03-02T08:26:31Z,0.1533399652689695
2021-03-02T10:27:58Z,0.1080834567546844
2021-03-02T14:00:56Z,-0.0358672980219125
2021-03-02T16:02:06Z,0.0040275752544403
2021-03-02T17:15:54Z,0.1042587468400597
2021-03-02T17:47:51Z,-0.8546767123043537
2021-03-03T05:44:12Z,0.227667280472815
2021-03-03T06:24:53Z,0.2358927261084318
2021-03-03T06:33:47Z,0.907927580177784
2021-03-03T10:01:05Z,-0.8731193710118532
2021-03-03T10:44:08Z,0.0960412286221981
2021-03-03T14:05:04Z,-0.0370050128549337
2021-03-03T16:24:51Z,-0.0879702679812908
2021-03-03T17:15:31Z,-0.9672791576012968
2021-03-03T17:52:11Z,-0.8546767123043537
2021-03-03T19:55:04Z,0.0337762124836444
2021-03-03T21:42:28Z,0.0787264723330736
2021-03-03T21:59:11Z,0.0231891218572855
2021-03-04T04:09:24Z,0.0390944257378578
2021-03-04T10:50:01Z,-0.9337791725993156
2021-03-04T12:54:08Z,-0.7573487125337124
2021-03-04T14:06:53Z,-0.0378631204366683
2021-03-04T15:36:56Z,-0.0471328720450401
2021-03-04T15:37:37Z,-0.141953993588686
2021-03-04T17:14:10Z,0.9094328936189412
2021-03-04T17:48:20Z,-0.8546767123043537
2021-03-05T00:06:39Z,0.0178146120160818
2021-03-05T03:26:42Z,0.0187109187245368
2021-03-05T05:07:42Z,0.2311244234442711
2021-03-05T14:02:19Z,-0.0336867328733205
2021-03-05T15:58:38Z,0.5565324379131198
2021-03-05T17:12:55Z,-0.88375926297158
2021-03-05T17:22:26Z,0.7693889178335667
2021-03-05T23:55:47Z,0.0170748308300972
2021-03-08T03:42:04Z,-0.2901422195136547
2021-03-08T09:47:48Z,0.0614785496145486
2021-03-08T11:03:37Z,-0.9444380793720484
2021-03-08T13:54:33Z,-0.0354714803397655
2021-03-08T16:08:54Z,0.9351442335173488
2021-03-08T17:38:52Z,-0.8546767123043537
2021-03-08T20:40:55Z,0.1943041570484638
2021-03-08T22:20:33Z,0.2929622940719127
2021-03-09T02:37:56Z,0.2571195811033249
2021-03-09T07:52:52Z,0.0157884154468774
2021-03-09T09:08:05Z,0.0470072338357567
2021-03-09T10:37:52Z,-0.0106834843754768
2021-03-09T11:05:21Z,0.6478167176246643
2021-03-09T14:01:19Z,-0.0361249186098575
2021-03-09T14:42:53Z,0.0258861556649208
2021-03-09T16:36:27Z,0.1925329882651567
2021-03-09T18:06:01Z,-0.4483296275138855
2021-03-09T19:09:57Z,-0.8666321858763695
2021-03-10T00:21:30Z,0.0881381630897522
2021-03-10T06:53:44Z,0.0397350639104843
2021-03-10T10:12:42Z,-0.0479877106845378
2021-03-10T10:14:36Z,-0.9663566681556404
2021-03-10T10:17:23Z,0.9357389807701112
2021-03-10T10:41:02Z,0.0668717585504055
2021-03-10T11:24:24Z,-0.9496865961700678
2021-03-10T11:27:58Z,0.0274278670549392
2021-03-10T12:44:52Z,0.375367596745491
2021-03-10T13:05:33Z,0.007476394996047
2021-03-10T14:15:29Z,0.1558197336271405
2021-03-10T14:21:07Z,-0.0369439143687486
2021-03-10T15:43:34Z,0.2198320655152201
2021-03-10T16:00:21Z,-0.0037479735910892
2021-03-10T18:33:04Z,-0.4483296275138855
2021-03-10T20:42:17Z,-0.3710166290402412
2021-03-10T22:00:42Z,0.2160918246954679
2021-03-10T23:15:45Z,0.0638691578060388
2021-03-11T02:59:22Z,-0.9619591291993856
2021-03-11T08:50:46Z,-0.0011507868766784
2021-03-11T08:59:18Z,0.044322170317173
2021-03-11T11:02:46Z,-0.0213649570941925
2021-03-11T12:35:27Z,0.9183909818530084
2021-03-11T13:52:17Z,-0.038161139935255
2021-03-11T14:39:20Z,-0.0026601441204547
2021-03-11T16:42:10Z,-0.8139418624341488
2021-03-11T17:53:51Z,-0.4483296275138855
2021-03-11T19:25:19Z,0.3623406887054443
2021-03-12T06:34:56Z,-0.4857015553861856
2021-03-12T08:44:39Z,-0.5201992858201265
2021-03-12T10:22:20Z,0.0611151549965143
2021-03-12T14:12:21Z,-0.0338116940110921
2021-03-12T17:05:54Z,0.0257108379155397
2021-03-12T17:13:10Z,0.125831613317132
2021-03-12T18:04:49Z,0.0789850521832704
2021-03-12T18:45:06Z,-0.4483296275138855
2021-03-12T19:14:33Z,-0.2158483602106571
2021-03-12T21:14:58Z,0.8776493612676859
2021-03-13T14:42:46Z,-0.0532196462154388
2021-03-13T15:00:43Z,0.0056143533438444
2021-03-13T20:43:21Z,0.0144827626645565
2021-03-14T14:12:32Z,0.005452087149024
2021-03-15T05:54:56Z,-0.4055181164294481
2021-03-15T08:15:21Z,0.1935050329193473
2021-03-15T12:59:30Z,-0.0350790079683065
2021-03-15T14:24:35Z,0.0331568885594606
2021-03-16T04:13:18Z,0.0170071376487612
2021-03-16T07:14:35Z,-0.8018935462459922
2021-03-16T08:07:59Z,0.1641409788280725
2021-03-16T10:36:50Z,-0.2943194657564163
2021-03-16T12:56:21Z,0.9073376543819904
2021-03-16T13:25:22Z,-0.0363999344408512
2021-03-16T14:40:07Z,0.0224783774465322
2021-03-16T14:55:25Z,0.9117143396288157
2021-03-16T15:17:27Z,0.2090288400650024
2021-03-16T15:46:57Z,-0.198647566139698
2021-03-16T16:17:29Z,0.6329469252377748
2021-03-16T16:19:03Z,-0.0961587354540824
2021-03-16T16:25:42Z,0.0732242008671164
2021-03-16T16:32:52Z,0.1442216411232948
2021-03-16T16:33:23Z,0.0678873201832175
2021-03-16T16:37:25Z,-0.8546767123043537
2021-03-16T16:38:50Z,-0.0443072449415922
2021-03-16T16:44:35Z,-0.7677720375359058
2021-03-16T17:03:28Z,0.0148013532161712
2021-03-16T19:14:08Z,0.2165795685723424
2021-03-16T20:21:48Z,-0.0964154973626136
2021-03-17T00:13:34Z,0.0209702150896191
2021-03-17T04:30:46Z,-0.0151494294404983
2021-03-17T06:37:35Z,-0.0361720938235521
2021-03-17T07:47:44Z,-0.1490265429019928
2021-03-17T10:07:56Z,-0.8957495857030153
2021-03-17T10:09:05Z,-0.8888052701950073
2021-03-17T10:24:19Z,-0.6703131534159184
2021-03-17T10:27:00Z,0.0387572199106216
2021-03-17T13:21:08Z,-0.0376686844974756
2021-03-17T14:09:42Z,0.4561997875571251
2021-03-17T15:14:59Z,0.7035653032362461
2021-03-17T17:01:52Z,-0.8546767123043537
2021-03-17T17:01:59Z,-0.912403610534966
2021-03-18T05:40:41Z,0.3248152919113636
2021-03-18T08:42:51Z,0.0367817319929599
2021-03-18T09:18:39Z,0.101624684408307
2021-03-18T13:02:08Z,-0.0383304543793201
2021-03-18T14:33:18Z,-0.8480156986042857
2021-03-18T15:56:12Z,0.0236341450363397
2021-03-18T17:15:11Z,-0.8546767123043537
2021-03-18T17:40:28Z,-0.0217681862413883
2021-03-18T19:20:46Z,-0.0196038447320461
2021-03-18T19:58:46Z,-0.1107924934476614
2021-03-19T01:36:20Z,0.0402984824031591
2021-03-19T05:59:23Z,0.0974937910214066
2021-03-19T06:10:42Z,-0.9623449891805648
2021-03-19T07:29:56Z,0.8882881244644523
2021-03-19T08:37:46Z,-0.2074558567255735
2021-03-19T08:42:56Z,0.0552669893950223
2021-03-19T10:06:57Z,0.9101103730499744
2021-03-19T13:10:45Z,0.0146699547767639
2021-03-19T13:23:24Z,-0.0345008894801139
2021-03-19T14:05:10Z,0.2790157180279493
2021-03-19T15:43:29Z,0.1162746185436844
2021-03-19T16:16:14Z,-0.1640380248427391
2021-03-19T17:00:12Z,-0.034258734434843
2021-03-19T17:01:35Z,-0.4483296275138855
2021-03-19T17:28:07Z,-0.7149947788566351
2021-03-19T20:16:04Z,0.0914259515702724
2021-03-20T16:45:46Z,-0.940933471545577
2021-03-21T15:18:04Z,0.006100608035922
2021-03-21T15:36:04Z,0.0186090487986803
2021-03-22T01:07:32Z,-0.0405807010829448
2021-03-22T06:27:51Z,-0.8623747387900949
2021-03-22T09:01:32Z,-0.9317469038069248
2021-03-22T12:52:15Z,0.294309283606708
2021-03-22T13:17:02Z,-0.0362499672919511
2021-03-22T13:45:28Z,0.0699930097907781
2021-03-22T14:31:30Z,0.027562977746129
2021-03-22T16:47:51Z,-0.4483296275138855
2021-03-22T20:40:43Z,0.1001795679330825
2021-03-23T06:20:52Z,0.0921139093115925
2021-03-23T08:43:00Z,-0.7402382139116526
2021-03-23T13:30:08Z,-0.0365856010466814
2021-03-23T13:30:21Z,0.0244599655270576
2021-03-23T13:53:15Z,0.0948508456349372
2021-03-23T14:49:03Z,-0.0471328720450401
2021-03-23T14:55:30Z,0.0175748467445373
2021-03-23T16:39:03Z,-0.8546767123043537
2021-03-23T20:12:58Z,-0.2855322174727916
2021-03-24T04:21:55Z,-0.0136435981839895
2021-03-24T13:04:35Z,0.0228709354996681
2021-03-24T13:08:12Z,-0.0371593236923217
2021-03-24T16:09:49Z,0.0458428747951984
2021-03-24T16:37:09Z,-0.4483296275138855
2021-03-24T19:46:03Z,-0.8818855062127113
2021-03-24T20:26:43Z,-0.0964154973626136
2021-03-25T07:07:14Z,0.0405286811292171
2021-03-25T08:22:48Z,-0.0240090265870094
2021-03-25T13:14:45Z,-0.037523241713643
2021-03-25T15:15:31Z,-0.7077283374965191
2021-03-25T16:58:42Z,-0.4483296275138855
2021-03-25T20:40:25Z,-0.0706745684146881
2021-03-26T01:24:54Z,0.3466096259653568
2021-03-26T07:24:16Z,0.7304146811366081
2021-03-26T08:23:24Z,0.0578967034816741
2021-03-26T10:21:06Z,0.1014160122722387
2021-03-26T13:03:11Z,0.0522211026400327
2021-03-26T13:07:34Z,-0.0345079060643911
2021-03-26T14:03:36Z,-0.0850514527410268
2021-03-26T16:49:06Z,-0.4483296275138855
2021-03-26T21:53:07Z,0.2101867152377963
2021-03-27T13:56:38Z,0.000976201146841
2021-03-27T18:22:54Z,0.0072219893336296
2021-03-28T14:58:05Z,0.0242333728820085
2021-03-29T03:26:30Z,0.0466877818107605
2021-03-29T07:38:56Z,0.0772057874128222
2021-03-29T08:28:54Z,0.0485511999577283
2021-03-29T12:32:23Z,0.0115657113492488
2021-03-29T13:04:26Z,0.034522695466876
2021-03-29T13:05:50Z,0.0062251146882772
2021-03-29T13:11:30Z,-0.035550482571125
2021-03-29T15:49:56Z,0.0175748467445373
2021-03-29T20:15:05Z,-0.4624700434505939
2021-03-29T23:34:02Z,0.0209802975878119
2021-03-30T04:03:54Z,0.0297523606568574
2021-03-30T08:15:12Z,-0.9598337654024364
2021-03-30T08:36:24Z,0.6876984117552638
2021-03-30T08:42:18Z,-0.1302977949380874
2021-03-30T12:24:20Z,0.0162426307797431
2021-03-30T13:02:39Z,0.0016993228346109
2021-03-30T13:16:14Z,-0.0350077673792839
2021-03-30T14:33:15Z,0.4596273452043533
2021-03-30T15:16:11Z,0.1401627212762832
2021-03-30T16:03:27Z,-0.9611882735043764
2021-03-30T16:10:39Z,0.0143646895885467
2021-03-30T20:53:44Z,-0.0049205832183361
2021-03-31T03:31:59Z,-0.0990352630615234
2021-03-31T08:12:00Z,-0.2214711457490921
2021-03-31T08:41:02Z,0.7706908453255892
2021-03-31T10:28:41Z,0.7828968241810799
2021-03-31T12:00:58Z,-0.1147931292653083
2021-03-31T13:02:01Z,0.001539584249258
2021-03-31T13:14:28Z,-0.0364693645387887
2021-03-31T14:03:28Z,-0.5701129641383886
2021-03-31T15:15:21Z,0.0037603117525577
2021-03-31T16:18:30Z,-0.0148754101246595
2021-03-31T16:42:36Z,-0.8546767123043537
2021-03-31T18:50:13Z,0.0446631386876106
2021-03-31T20:32:32Z,0.0914259515702724
2021-03-31T20:42:28Z,-0.870525423437357
2021-04-01T04:47:18Z,0.0587624404579401
2021-04-01T05:38:42Z,0.1678185714408755
2021-04-01T06:17:54Z,0.070755373686552
2021-04-01T09:28:35Z,0.0956043163314461
2021-04-01T10:15:44Z,0.3666902109980583
2021-04-01T12:10:31Z,-0.144685311242938
2021-04-01T13:04:06Z,0.0023675207048654
2021-04-01T13:06:53Z,-0.0393775589764118
2021-04-01T16:08:18Z,-0.4881939385086298
2021-04-01T16:39:27Z,-0.8546767123043537
2021-04-01T17:02:42Z,0.0651519102975726
2021-04-03T15:20:12Z,0.0108298119157552
2021-04-04T17:57:52Z,0.4042689949274063
2021-04-05T03:37:16Z,0.825022004544735
2021-04-05T05:33:34Z,-0.6815629824995995
2021-04-05T11:50:23Z,0.0024757478386163
2021-04-05T16:20:02Z,-0.000116666778922
2021-04-05T16:23:02Z,0.7193106263875961
2021-04-05T16:57:27Z,-0.8546767123043537
2021-04-05T18:11:33Z,-0.0314852111041545
2021-04-05T18:53:10Z,0.0539910327643156
2021-04-05T20:10:48Z,0.0852983277291059
2021-04-06T03:54:25Z,0.5782920559868217
2021-04-06T08:18:58Z,-0.9436973156407475
2021-04-06T10:28:00Z,-0.8948131203651428
2021-04-06T12:34:38Z,-0.4310016483068466
2021-04-06T13:21:52Z,-0.0375756230205297
2021-04-06T14:58:06Z,0.8159229829907417
2021-04-06T15:24:55Z,0.2444875752553343
2021-04-06T15:46:58Z,0.8908847756683826
2021-04-06T16:08:47Z,-0.0809299349784851
2021-04-06T16:10:36Z,0.0282187387347221
2021-04-06T16:13:07Z,0.0720838010311126
2021-04-06T16:14:01Z,-0.4305953606963157
2021-04-06T16:39:25Z,-0.4483296275138855
2021-04-06T19:32:50Z,0.2134150555357337
2021-04-06T20:22:13Z,-0.0964154973626136
2021-04-06T20:51:33Z,0.5352904628962278
2021-04-07T01:25:59Z,-0.769230242818594
2021-04-07T07:19:42Z,-0.9237214354798198
2021-04-07T13:06:55Z,-0.0387007296085357
2021-04-07T15:20:09Z,0.4291069861501455
2021-04-07T16:07:00Z,0.1165224853903055
2021-04-07T16:36:17Z,-0.1545439269393682
2021-04-07T16:58:32Z,-0.8546767123043537
2021-04-07T20:18:43Z,-0.313339814543724
2021-04-07T23:11:21Z,0.0012367814779281
2021-04-08T01:20:50Z,0.1080671986564993
2021-04-08T03:48:41Z,0.026134293526411
2021-04-08T06:16:27Z,0.0351935774087905
2021-04-08T09:15:08Z,-0.9510054290294648
2021-04-08T10:36:09Z,-0.0023162346333265
2021-04-08T11:46:58Z,-0.0111060179769992
2021-04-08T11:52:12Z,-0.0041074287146329
2021-04-08T13:14:05Z,-0.0403641089797019
2021-04-08T14:12:34Z,0.0258861556649208
2021-04-08T14:25:19Z,0.0331119988113641
2021-04-08T17:30:38Z,0.0736260339617729
2021-04-08T19:51:12Z,-0.0824316143989563
2021-04-08T22:34:10Z,0.0340832434594631
2021-04-09T01:15:43Z,-0.9552175803110003
2021-04-09T04:01:07Z,-0.4182572290301323
2021-04-09T04:34:55Z,-0.9508828055113554
2021-04-09T07:07:37Z,-0.1375736221671104
2021-04-09T08:06:46Z,0.0352026894688606
2021-04-09T12:47:48Z,-0.0359399877488613
2021-04-09T12:58:27Z,0.0196914318948984
2021-04-09T16:47:04Z,-0.8546767123043537
2021-04-09T17:57:16Z,-0.461475420743227
2021-04-09T21:48:38Z,0.0052291322499513
2021-04-10T16:05:30Z,0.0146639179438352
2021-04-11T12:43:36Z,-0.0394942928105592
2021-04-11T17:12:20Z,0.0605009701102972
2021-04-12T03:29:46Z,0.7086331271566451
2021-04-12T05:39:15Z,-0.7616342343389988
2021-04-12T07:51:47Z,-0.9349606428295374
2021-04-12T09:03:58Z,0.0392343178391456
2021-04-12T09:32:32Z,-0.921494834125042
2021-04-12T10:45:45Z,0.4519568169489503
2021-04-12T12:30:21Z,0.2038294728845358
2021-04-12T13:18:10Z,-0.0357342902570962
2021-04-12T13:30:42Z,0.0398097783327102
2021-04-12T13:44:51Z,0.5773580307140946
2021-04-12T14:38:12Z,-0.0157099440693855
2021-04-12T15:06:47Z,0.1588999480009079
2021-04-12T15:31:31Z,0.0187410954385995
2021-04-12T16:04:23Z,0.0196682065725326
2021-04-12T16:15:17Z,0.7822830658406019
2021-04-12T16:50:52Z,-0.8546767123043537
2021-04-12T19:32:32Z,0.0363061875104904
2021-04-12T20:12:31Z,0.9308160804212092
2021-04-12T20:50:18Z,-0.283690869808197
2021-04-12T22:36:12Z,0.0072962529957294
2021-04-13T05:56:45Z,0.2156180832535028
2021-04-13T09:26:27Z,0.8055391446687281
2021-04-13T11:58:38Z,-0.0244473032653331
2021-04-13T12:39:09Z,0.9026824161410332
2021-04-13T13:06:05Z,0.0938640832901001
2021-04-13T13:08:44Z,-0.0377407651394605
2021-04-13T14:38:35Z,0.6830032989382744
2021-04-13T14:45:01Z,0.14691439922899
2021-04-13T15:19:59Z,0.3996009277179837
2021-04-13T16:06:35Z,0.004420144483447
2021-04-13T16:36:30Z,-0.8546767123043537
2021-04-13T17:52:22Z,0.0274274498224258
2021-04-13T20:47:35Z,0.0662921145558357
2021-04-14T05:14:06Z,0.719487264752388
2021-04-14T07:14:58Z,-0.0228175222873687
2021-04-14T07:56:48Z,0.0960952350869774
2021-04-14T09:14:13Z,-0.840278223156929
2021-04-14T09:52:42Z,0.9365498535335064
2021-04-14T12:40:27Z,-0.360161105170846
2021-04-14T13:24:20Z,-0.0387321766465902
2021-04-14T14:48:00Z,0.0258861556649208
2021-04-14T14:48:50Z,-0.0875571817159652
2021-04-14T14:52:26Z,0.08171246945858
2021-04-14T15:59:32Z,0.0163643788546323
2021-04-14T16:41:58Z,-0.4483296275138855
2021-04-14T18:30:21Z,0.0256183184683322
2021-04-14T20:17:38Z,-0.0964154973626136
2021-04-14T21:50:07Z,-0.4030810743570328
2021-04-15T03:12:09Z,-0.0596024319529533
2021-04-15T10:28:46Z,0.3045865595340729
2021-04-15T13:24:01Z,0.0085991639643907
2021-04-15T15:38:13Z,0.7709291502833366
2021-04-15T17:08:18Z,-0.0322764739394187
2021-04-15T18:16:28Z,0.1785615086555481
2021-04-15T18:24:24Z,-0.122862908989191
2021-04-16T11:55:53Z,0.8334465399384499
2021-04-16T12:08:24Z,-0.1285437494516372
2021-04-16T12:28:20Z,0.0158666875213384
2021-04-16T13:41:57Z,0.0499142128974199
2021-04-16T15:59:03Z,0.0235699787735939
2021-04-16T17:04:21Z,-0.4483296275138855
2021-04-16T20:09:33Z,-0.9595478298142552
2021-04-19T02:31:50Z,0.8650833936408162
2021-04-19T06:21:57Z,-0.0142436251044273
2021-04-19T10:51:48Z,0.3801022544503212
2021-04-19T13:11:21Z,-0.036084109917283
2021-04-19T14:43:58Z,0.0501551888883113
2021-04-19T15:00:49Z,0.0300957718864083
2021-04-19T16:05:58Z,0.0857166554778814
2021-04-19T16:52:34Z,-0.8546767123043537
2021-04-19T17:00:42Z,-0.0233003962785005
2021-04-19T17:49:24Z,0.160648513585329
2021-04-19T19:45:00Z,0.0687543060630559
2021-04-19T20:30:35Z,-0.3781625777482986
2021-04-19T20:57:23Z,-0.0519713535904884
2021-04-19T23:10:05Z,0.0035485178232192
2021-04-20T09:25:06Z,0.885221254080534
2021-04-20T09:43:40Z,0.0547522259876132
2021-04-20T09:46:33Z,-0.0687138587236404
2021-04-20T13:14:12Z,-0.0372544806450605
2021-04-20T13:23:04Z,-0.0171506330370903
2021-04-20T13:25:43Z,0.067439547739923
2021-04-20T13:35:20Z,0.0039869174361228
2021-04-20T13:42:40Z,-0.0236538089811801
2021-04-20T14:30:01Z,0.0531621053814888
2021-04-20T16:03:28Z,0.0606552883982658
2021-04-20T16:46:05Z,-0.4483296275138855
2021-04-20T16:59:33Z,-0.9561411384493111
2021-04-20T17:01:00Z,0.0150474607944488
2021-04-20T17:02:18Z,0.0882683768868446
2021-04-20T17:03:05Z,-0.0158812794834375
2021-04-20T17:04:14Z,0.0624096393585205
2021-04-20T17:04:32Z,-0.0085583142936229
2021-04-20T17:05:18Z,-0.0486407354474067
2021-04-20T17:05:30Z,-0.9364764783531428
2021-04-20T17:06:05Z,0.0428711427375674
2021-04-20T17:06:39Z,0.0554846823215484
2021-04-20T17:07:01Z,0.0932177910581231
2021-04-20T17:07:11Z,-0.0182066671550273
2021-04-20T17:08:47Z,0.0664847940206527
2021-04-20T17:09:14Z,0.0287152249366045
2021-04-20T17:09:54Z,0.1366430139169097
2021-04-20T17:10:33Z,0.0058847591280937
2021-04-20T17:10:57Z,0.0484630605205893
2021-04-20T17:11:30Z,-0.0002138148993253
2021-04-20T17:12:21Z,-0.6999189183115959
2021-04-20T17:14:31Z,-0.0006531719118356
2021-04-20T17:15:43Z,0.1024746000766754
2021-04-20T17:16:07Z,0.0394481029361486
2021-04-20T17:16:44Z,0.9194397972896696
2021-04-20T17:17:16Z,-0.0442030020058155
2021-04-20T17:17:40Z,-0.051361421123147
2021-04-20T17:18:05Z,0.0328152980655431
2021-04-20T17:18:52Z,0.1249947221949696
2021-04-20T17:19:18Z,-0.0180863440036773
2021-04-20T17:20:01Z,0.0884006367996335
2021-04-20T17:20:08Z,0.6412536613643169
2021-04-20T17:20:54Z,0.0213726684451103
2021-04-20T17:21:48Z,-0.0048779509961605
2021-04-20T17:22:13Z,0.3605150999501347
2021-04-20T17:22:34Z,0.1005104314535856
2021-04-20T17:23:08Z,0.1091915443539619
2021-04-20T17:23:11Z,-0.9479372072964908
2021-04-20T17:24:16Z,0.0966241853311657
2021-04-20T17:25:05Z,-0.1013742983341217
2021-04-20T17:25:32Z,0.079862012527883
2021-04-20T17:26:27Z,0.019648965448141
2021-04-20T17:27:07Z,0.1113451039418578
2021-04-20T17:27:33Z,0.7157730488106608
2021-04-20T17:28:09Z,0.0804579285904765
2021-04-20T17:28:40Z,0.0260617975145578
2021-04-20T17:29:24Z,0.1069457828998565
2021-04-20T17:29:45Z,0.0636722166091203
2021-04-20T17:31:00Z,0.0491856411099433
2021-04-20T17:31:10Z,0.5022975094616413
2021-04-20T17:31:18Z,0.190513570792973
2021-04-20T17:31:50Z,0.1307652918621897
2021-04-20T17:32:27Z,0.2231388129293918
2021-04-20T17:32:53Z,0.2310987506061792
2021-04-20T17:33:21Z,0.1131407441571354
2021-04-20T17:34:12Z,0.3823648868128657
2021-04-20T17:36:17Z,0.0477569680660963
2021-04-20T17:36:37Z,0.0760679896920919
2021-04-20T17:39:30Z,0.0864011356607079
2021-04-20T17:39:53Z,-0.011169359087944
2021-04-20T17:40:56Z,0.1090198382735252
2021-04-20T17:40:59Z,0.1090570669621229
2021-04-20T17:42:12Z,0.1199470171704888
2021-04-20T17:42:34Z,0.024624640122056
2021-04-20T17:42:48Z,0.0556210670620203
2021-04-20T17:43:55Z,0.1366809774190187
2021-04-20T17:44:33Z,0.2474652314558625
2021-04-20T17:44:54Z,0.0199190247803926
2021-04-20T17:45:41Z,-0.9443720048293472
2021-04-20T17:45:48Z,0.1116853579878807
2021-04-20T17:47:01Z,0.7952002370730042
2021-04-20T17:47:33Z,0.0877370508387684
2021-04-20T17:47:34Z,0.0578645877540111
2021-04-20T17:48:37Z,0.9214438255876304
2021-04-20T17:49:07Z,0.2564737442880869
2021-04-20T17:49:45Z,0.0176625158637762
2021-04-20T17:50:12Z,0.1165133919566869
2021-04-20T17:50:40Z,0.1408435115590691
2021-04-20T17:51:45Z,-0.6986232846975327
2021-04-20T17:54:31Z,0.0718396892771124
2021-04-20T17:55:13Z,0.0117645058780908
2021-04-20T17:56:14Z,0.0942757278680801
2021-04-20T17:56:45Z,0.139235652051866
2021-04-20T18:00:25Z,0.1157696647569537
2021-04-20T18:00:32Z,-0.9517787201330066
2021-04-20T20:06:55Z,0.305866664275527
2021-04-20T20:40:44Z,-0.1705676428973674
2021-04-20T22:40:27Z,0.0794510683044791
2021-04-21T04:44:36Z,0.2706146603450179
2021-04-21T08:35:50Z,-0.9529880918562412
2021-04-21T09:45:18Z,-0.3095487616956234
2021-04-21T10:31:57Z,-0.945926575921476
2021-04-21T11:34:53Z,-0.3417582064867019
2021-04-21T12:38:05Z,0.8307137489318848
2021-04-21T13:14:15Z,-0.038319369778037
2021-04-21T14:24:24Z,-0.6437127646058798
2021-04-21T14:31:51Z,-0.0203379988670349
2021-04-21T15:11:45Z,0.097803171724081
2021-04-21T16:08:56Z,-0.1825525537133216
2021-04-21T16:39:12Z,-0.4483296275138855
2021-04-21T16:39:48Z,0.3005802035331726
2021-04-21T17:02:53Z,0.2094464860856533
2021-04-21T20:33:24Z,-0.2718387804925442
2021-04-21T20:57:29Z,0.1582802701741457
2021-04-21T21:01:00Z,0.08171246945858
2021-04-21T21:11:05Z,0.7913454249501228
2021-04-21T21:14:57Z,0.0819386765360832
2021-04-22T07:14:04Z,0.0284761190414428
2021-04-22T09:28:26Z,0.8401861814782023
2021-04-22T13:08:50Z,-0.039861200377345
2021-04-22T13:45:19Z,-0.6524586603045464
2021-04-22T14:36:20Z,-0.2207359783351421
2021-04-22T15:20:45Z,0.0832546278834343
2021-04-22T16:38:07Z,0.9193025063723326
2021-04-22T16:55:22Z,-0.6687292102724314
2021-04-22T18:08:20Z,0.1595764262601733
2021-04-22T18:23:32Z,-0.4483296275138855
2021-04-22T19:09:35Z,0.0435090381652116
2021-04-23T08:52:12Z,0.0264295535162091
2021-04-23T10:51:36Z,0.455603324342519
2021-04-23T11:59:52Z,0.54236800968647
2021-04-23T12:21:54Z,0.1431832145899534
2021-04-23T13:22:07Z,-0.036070168018341
2021-04-23T15:46:33Z,0.1438588798046112
2021-04-23T15:50:20Z,-0.5879361405968666
2021-04-23T16:35:36Z,-0.8546767123043537
2021-04-23T16:42:04Z,0.9284905102103947
2021-04-23T16:44:10Z,0.6471652872860432
2021-04-23T17:01:24Z,-0.0059110950678586
2021-04-23T17:20:15Z,-0.0231748409569263
2021-04-23T20:34:00Z,0.0402240566909313
2021-04-23T21:53:35Z,-0.1352496054023504
2021-04-24T17:00:16Z,0.0139427985996007
2021-04-25T13:43:30Z,0.0277642495930194
2021-04-26T08:08:49Z,-0.943444900214672
2021-04-26T10:08:37Z,-0.8523758202791214
2021-04-26T11:17:49Z,-0.8306145137175918
2021-04-26T11:19:46Z,0.4961522296071052
2021-04-26T11:32:10Z,0.7693077716976404
2021-04-26T12:29:01Z,0.0303093791007995
2021-04-26T12:46:17Z,-0.7241238355636597
2021-04-26T13:04:19Z,0.0984310377389192
2021-04-26T13:34:53Z,-0.0471328720450401
2021-04-26T14:25:07Z,0.0047123674303293
2021-04-26T14:31:18Z,0.5213054269552231
2021-04-26T14:34:34Z,0.4487417861819267
2021-04-26T16:12:01Z,-0.924683745019138
2021-04-26T16:56:12Z,-0.8546767123043537
2021-04-26T17:52:15Z,0.0087376814335584
2021-04-26T18:11:39Z,0.0880691707134246
2021-04-26T19:08:46Z,-0.5532941147685051
2021-04-26T21:42:39Z,0.2448734361678362
2021-04-27T08:38:28Z,-0.6739768385887146
2021-04-27T14:57:55Z,0.1847610771656036
2021-04-27T18:19:50Z,0.5360759124159813
2021-04-27T18:49:38Z,0.1515763830393552
2021-04-27T19:20:16Z,-0.8546767123043537
2021-04-27T19:48:54Z,0.5301598161458969
2021-04-28T08:02:19Z,-0.8531231414526701
2021-04-28T08:15:36Z,-0.0552811622619628
2021-04-28T08:37:42Z,-0.0499176681041717
2021-04-28T09:43:45Z,0.8628638908267021
2021-04-28T10:08:11Z,-0.9075543582439424
2021-04-28T12:44:10Z,0.0332540646195411
2021-04-28T12:50:18Z,-0.9475363241508604
2021-04-28T14:03:52Z,0.9068757854402064
2021-04-28T14:36:41Z,-0.0997683033347129
2021-04-28T15:27:13Z,-0.3540307469666004
2021-04-28T15:32:59Z,-0.0195713490247726
2021-04-28T16:26:56Z,0.0106657184660434
2021-04-28T17:28:34Z,0.0248620770871639
2021-04-28T17:30:03Z,-0.8546767123043537
2021-04-28T18:23:39Z,-0.0091466438025236
2021-04-28T19:20:21Z,-0.6922311317175627
2021-04-28T19:38:27Z,0.0466451942920684
2021-04-28T20:30:26Z,0.6064753979444504
2021-04-28T20:31:35Z,-0.3997065424919128
2021-04-28T20:31:46Z,0.8920390605926514
2021-04-28T20:32:20Z,0.3365763425827026
2021-04-28T20:32:35Z,0.0430091544985771
2021-04-28T20:32:59Z,0.1523452401161193
2021-04-28T20:33:36Z,0.2392413914203643
2021-04-28T20:34:13Z,0.9192637503147124
2021-04-28T20:34:19Z,-0.3121539354324341
2021-04-28T20:36:19Z,-0.0397251397371292
2021-04-28T21:12:39Z,0.9347036518156528
2021-04-28T21:14:03Z,0.0864145513623952
2021-04-28T21:26:02Z,0.9302621521055698
2021-04-28T21:27:21Z,-0.8195158522576094
2021-04-28T21:27:43Z,-0.2080913186073303
2021-04-28T21:32:03Z,-0.6608266457915306
2021-04-28T21:40:18Z,-0.1312526315450668
2021-04-28T22:09:47Z,-0.6151854656636715
2021-04-29T05:59:38Z,-0.3818145357072353
2021-04-29T08:43:01Z,0.8884885050356388
2021-04-29T08:44:37Z,-0.0585671104490757
2021-04-29T09:15:02Z,-0.1745029091835022
2021-04-29T10:05:05Z,0.8807354718446732
2021-04-29T10:06:46Z,0.8741209413856268
2021-04-29T10:22:22Z,0.7524694576859474
2021-04-29T11:11:48Z,-0.2645508050918579
2021-04-29T11:17:21Z,0.8209500350058079
2021-04-29T11:44:48Z,0.8429516591131687
2021-04-29T11:44:54Z,0.8682031817734241
2021-04-29T12:33:38Z,0.1684355810284614
2021-04-29T12:36:19Z,0.6753807906061411
2021-04-29T12:45:21Z,-0.0087879300117492
2021-04-29T12:50:58Z,-0.1289493143558502
2021-04-29T12:54:45Z,-0.684131259098649
2021-04-29T13:18:02Z,0.8062746413052082
2021-04-29T13:21:02Z,0.7757450602948666
2021-04-29T13:40:47Z,-0.9569425135850906
2021-04-29T13:40:56Z,0.3424758799374103
2021-04-29T14:02:17Z,0.8048081286251545
2021-04-29T14:30:48Z,0.029565081000328
2021-04-29T14:32:00Z,-0.5450565125793219
2021-04-29T14:34:40Z,-0.0841581169515848
2021-04-29T16:35:30Z,-0.8797848559916019
2021-04-29T16:40:28Z,-0.8546767123043537
2021-04-29T18:12:34Z,0.0486148763447999
2021-04-29T19:34:08Z,0.8941622748970985
2021-04-29T19:59:30Z,0.0145532079041004
2021-04-30T06:25:45Z,0.9184177964925766
2021-04-30T07:50:18Z,-0.8013364430516958
2021-04-30T10:09:49Z,-0.9286695774644612
2021-04-30T10:24:37Z,0.6884012259542942
2021-04-30T12:35:12Z,0.0745817720890045
2021-04-30T13:05:45Z,0.6746514029800892
2021-04-30T14:59:07Z,-0.025524478405714
2021-04-30T15:35:38Z,-0.9101992892101408
2021-04-30T16:38:54Z,-0.8546767123043537
2021-04-30T17:29:58Z,-0.9586650654673576
2021-04-30T20:20:25Z,0.0839982032775878
2021-04-30T20:54:34Z,0.7911217510700226
2021-04-30T21:16:11Z,-0.6527895126491785
2021-05-01T15:20:21Z,0.554017691873014
2021-05-02T11:28:22Z,-0.0002155397087335
2021-05-02T12:32:42Z,0.0171038266271352
2021-05-02T16:02:09Z,0.015350941568613
2021-05-02T20:43:04Z,-0.0933585725724697
2021-05-03T07:58:56Z,0.9162903623655438
2021-05-03T08:22:12Z,0.0987353064119815
2021-05-03T09:16:57Z,-0.0120487157255411
2021-05-03T14:07:27Z,0.0458028875291347
2021-05-03T14:34:10Z,0.0211321674287319
2021-05-03T14:43:14Z,-0.0314769651740789
2021-05-03T14:49:39Z,-0.5375171899795532
2021-05-03T16:29:44Z,0.5753815546631813
2021-05-03T16:34:06Z,0.6805336028337479
2021-05-03T17:01:44Z,-0.0145287439227104
2021-05-03T17:31:19Z,-0.8456118553876877
2021-05-03T19:42:47Z,-0.9000804591923952
2021-05-03T20:42:08Z,0.8886671848595142
2021-05-04T04:32:19Z,-0.3553706370294094
2021-05-04T14:18:44Z,0.0015724450349807
2021-05-04T15:23:11Z,-0.3242211118340492
2021-05-04T15:29:21Z,0.0052182264626026
2021-05-04T16:41:35Z,-0.8546767123043537
2021-05-04T19:58:03Z,-0.3292473144829273
2021-05-04T21:06:59Z,-0.0424186810851097
2021-05-04T21:20:13Z,-0.7907871641218662
2021-05-05T12:04:39Z,0.867249159142375
2021-05-05T12:35:08Z,-0.0295023620128631
2021-05-05T14:40:56Z,0.0114013757556676
2021-05-05T15:34:30Z,0.0873439358547329
2021-05-05T16:26:30Z,-0.7696257680654526
2021-05-05T16:32:08Z,0.1048151850700378
2021-05-05T16:36:14Z,-0.8546767123043537
2021-05-05T20:41:47Z,-0.0017129741609096
2021-05-06T06:54:19Z,0.5040131900459528
2021-05-06T08:12:51Z,-0.0044736787676811
2021-05-06T08:23:32Z,0.7194973677396774
2021-05-06T08:57:21Z,0.0706037282943725
2021-05-06T15:58:10Z,0.059424758888781
2021-05-06T16:36:20Z,-0.8546767123043537
2021-05-06T19:42:59Z,0.5524056348949671
2021-05-07T06:22:04Z,-0.2301012873649597
2021-05-07T09:44:35Z,-0.3290356155484915
2021-05-07T15:35:19Z,0.3836435470730066
2021-05-07T16:35:54Z,-0.4483296275138855
2021-05-07T17:37:55Z,0.0357379019260406
2021-05-08T15:48:25Z,0.0113007239997386
2021-05-10T04:12:14Z,-0.8800507970154285
2021-05-10T06:47:32Z,0.7966981548815966
2021-05-10T10:03:11Z,0.6350804567337036
2021-05-10T10:29:39Z,0.8399074217304587
2021-05-10T15:13:50Z,0.7690005591139197
2021-05-10T16:36:16Z,-0.4483296275138855
2021-05-10T16:36:53Z,0.1513957157731056
2021-05-10T19:12:15Z,0.0623322892934083
2021-05-11T03:07:41Z,-0.3011181242763996
2021-05-11T08:04:37Z,-0.9592892797663808
2021-05-11T09:17:55Z,-0.9663479384034872
2021-05-11T10:38:35Z,-0.9464402040466666
2021-05-11T13:15:20Z,0.0402907840907573
2021-05-11T14:21:46Z,-0.8071051016449928
2021-05-11T15:17:55Z,-0.045402243733406
2021-05-11T16:36:31Z,-0.8546767123043537
2021-05-11T17:23:11Z,-0.0156393721699714
2021-05-11T18:23:05Z,0.3773914445191622
2021-05-11T19:58:57Z,0.047102048061788
2021-05-11T20:16:07Z,0.190547976642847
2021-05-11T23:00:40Z,0.1040393952280283
2021-05-12T07:33:34Z,0.0490577481687068
2021-05-12T08:02:58Z,0.0457676518708467
2021-05-12T12:44:29Z,0.0093275904655456
2021-05-12T14:50:39Z,-0.0504989549517631
2021-05-12T15:10:42Z,0.5463307602331042
2021-05-12T16:36:07Z,-0.4483296275138855
2021-05-12T16:56:24Z,0.0010170936584472
2021-05-13T07:34:15Z,-0.9342181803658604
2021-05-13T11:06:48Z,0.0816531609743833
2021-05-13T20:26:00Z,-0.054246574640274
2021-05-13T20:28:45Z,-0.7025103121995926
2021-05-14T15:37:44Z,0.0160159673541784
2021-05-14T16:36:25Z,-0.8546767123043537
2021-05-14T17:32:09Z,0.0525768287479877
2021-05-14T19:24:39Z,0.1237396039068698
2021-05-14T20:31:50Z,-0.8362199142575264
2021-05-15T14:22:37Z,0.0035080835223197
2021-05-15T17:37:28Z,0.0335285868495702
2021-05-17T06:47:48Z,-0.0458695013076067
2021-05-17T08:35:50Z,0.1292145363986492
2021-05-17T10:58:38Z,-0.8184744268655777
2021-05-17T13:02:34Z,0.0139173306524753
2021-05-17T13:09:38Z,0.076206337660551
2021-05-17T14:30:11Z,0.0645759059116244
2021-05-17T15:01:48Z,0.0467650610953569
2021-05-17T17:21:54Z,-0.8546767123043537
2021-05-17T18:39:29Z,0.0894319908693432
2021-05-17T19:25:29Z,0.1880412166938185
2021-05-17T19:59:36Z,0.0068042427301406
2021-05-17T20:54:51Z,-0.9496253952383996
2021-05-17T23:05:14Z,-0.0116200428456068
2021-05-18T05:20:45Z,-0.0730456672608852
2021-05-18T06:34:06Z,-0.1582491733133793
2021-05-18T07:06:34Z,-0.0197211261838674
2021-05-18T14:00:03Z,-0.7659786324948072
2021-05-18T14:25:30Z,0.6296803243458271
2021-05-18T14:34:11Z,-0.5249183624982834
2021-05-18T16:01:15Z,0.0400544889271259
2021-05-18T16:51:39Z,0.0116039756685495
2021-05-18T18:25:13Z,0.0371975032612681
2021-05-18T19:01:53Z,-0.0999957472085952
2021-05-18T19:58:05Z,0.0243607331067323
2021-05-19T04:32:48Z,-0.9205698408186436
2021-05-19T08:24:17Z,0.7875092839822173
2021-05-19T10:01:16Z,-0.7979783304035664
2021-05-19T10:59:45Z,0.1532740145921707
2021-05-19T11:45:25Z,0.0337324365973472
2021-05-19T12:00:41Z,-0.1147931292653083
2021-05-19T12:29:53Z,-0.0100207924842834
2021-05-19T13:50:33Z,0.0648049470037221
2021-05-19T16:39:40Z,-0.4605900831520557
2021-05-19T17:01:28Z,0.2397721791639924
2021-05-20T03:35:37Z,-0.12004473246634
2021-05-20T04:15:31Z,0.8987736059352756
2021-05-20T16:36:19Z,-0.8546767123043537
2021-05-20T17:39:17Z,-0.1652155201882124
2021-05-20T17:47:38Z,0.1022795382887125
2021-05-20T19:05:49Z,-0.7745456248521805
2021-05-20T19:26:41Z,0.8183270250447094
2021-05-20T20:28:51Z,0.9103854428976774
2021-05-21T04:18:28Z,-0.683533325791359
2021-05-21T05:21:23Z,0.0505273975431919
2021-05-21T05:42:56Z,-0.9127914253622292
2021-05-21T08:21:03Z,-0.6819922626018524
2021-05-21T12:57:37Z,0.9300471125170588
2021-05-21T13:31:20Z,-0.0543779172003269
2021-05-21T15:19:42Z,-0.0136148110032081
2021-05-21T16:15:43Z,-0.0027759410440921
2021-05-21T16:44:00Z,-0.4483296275138855
2021-05-21T18:01:46Z,0.093224573880434
2021-05-21T20:37:17Z,0.7025532312691212
2021-05-22T12:16:04Z,0.012520832940936
2021-05-22T17:46:38Z,0.0179226920008659
2021-05-23T11:56:29Z,-0.8988161757588387
2021-05-23T21:05:04Z,-0.9089052136987448
2021-05-24T03:35:48Z,-0.0640069432556629
2021-05-24T06:19:54Z,-0.018982209265232
2021-05-24T14:42:41Z,0.0540200024843215
2021-05-24T16:06:25Z,0.1014030277729034
2021-05-24T16:41:40Z,-0.4483296275138855
2021-05-24T20:58:59Z,0.5722493827342987
2021-05-25T16:13:37Z,0.165805984288454
2021-05-25T17:20:11Z,-0.8546767123043537
2021-05-26T08:46:40Z,0.692781780846417
2021-05-26T14:34:10Z,0.2083170963451266
2021-05-26T14:57:57Z,0.1787778362631797
2021-05-26T16:36:41Z,-0.8546767123043537
2021-05-26T18:58:22Z,-0.0157076567411422
2021-05-26T20:37:11Z,-0.0345372483134269
2021-05-27T02:08:18Z,0.0312176272273063
2021-05-27T05:53:38Z,-0.738346092402935
2021-05-27T07:03:04Z,0.2892512399703264
2021-05-27T10:00:11Z,-0.9072808334603906
2021-05-27T14:18:57Z,-0.017659094184637
2021-05-27T14:46:01Z,-0.9331638235598804
2021-05-27T17:43:25Z,0.3698658212088048
2021-05-27T22:44:24Z,0.1586514450609684
2021-05-28T06:19:07Z,0.2060993313789367
2021-05-28T11:25:36Z,-0.5070558004081249
2021-05-28T12:51:18Z,0.0255641024559736
2021-05-28T14:10:05Z,-0.5963159147650003
2021-05-28T15:21:19Z,-0.7279243972152472
2021-05-28T18:00:17Z,-0.5854316018521786
2021-05-28T18:18:56Z,0.0074138417840003
2021-05-28T18:25:02Z,-0.4855264648795128
2021-05-28T18:37:33Z,0.1447010328993201
2021-05-29T15:30:40Z,0.0140427127480506
2021-05-30T16:40:33Z,0.0211987514048814
2021-05-30T20:01:46Z,-0.1897699423134327
2021-06-01T05:01:04Z,0.273416580632329
2021-06-01T07:53:02Z,0.1727942861616611
2021-06-01T09:19:44Z,0.8994645327329636
2021-06-01T10:04:21Z,0.6493483483791351
2021-06-01T13:25:07Z,0.1227071741595864
2021-06-01T14:06:01Z,-0.1382865197956562
2021-06-01T14:39:21Z,0.0408110953867435
2021-06-01T15:01:48Z,0.2931951060891151
2021-06-01T15:02:05Z,0.0929966261610388
2021-06-01T16:40:30Z,-0.8546767123043537
2021-06-01T17:14:13Z,0.2646945714950561
2021-06-01T18:50:29Z,-0.0847808122634887
2021-06-01T19:45:36Z,0.1391223883256316
2021-06-02T07:33:04Z,0.4015867132693529
2021-06-02T08:14:18Z,0.8714003264904022
2021-06-02T10:29:53Z,0.2188844848424196
2021-06-02T12:39:48Z,0.3622505739331245
2021-06-02T12:50:45Z,0.1764962272718548
2021-06-02T12:57:07Z,-0.93127597309649
2021-06-02T13:03:20Z,0.2631404167041182
2021-06-02T13:35:37Z,0.5482646711170673
2021-06-02T14:06:33Z,-0.6814117822796106
2021-06-02T14:10:50Z,0.2436167551204562
2021-06-02T17:05:20Z,0.1100377105176448
2021-06-02T17:54:38Z,-0.6910628750920296
2021-06-02T18:58:44Z,-0.912628749385476
2021-06-02T19:50:04Z,-0.9307828191667796
2021-06-02T20:20:12Z,-0.0100358352065086
2021-06-02T20:34:07Z,0.1339006200432777
2021-06-03T06:09:02Z,-0.1895427852869033
2021-06-03T08:30:26Z,0.0515771945938468
2021-06-03T13:09:26Z,-0.4130369499325752
2021-06-03T16:36:40Z,-0.8546767123043537
2021-06-03T19:37:13Z,0.3906093118712306
2021-06-04T05:52:58Z,-0.7899163626134396
2021-06-04T08:13:43Z,0.2390310307964682
2021-06-04T10:11:01Z,-0.9434232488274574
2021-06-04T13:25:17Z,0.0823681429028511
2021-06-04T14:59:33Z,-0.0471328720450401
2021-06-04T16:58:39Z,0.0894956281408667
2021-06-04T19:10:59Z,-0.057786613702774
2021-06-04T20:16:04Z,0.5920601561665535
2021-06-05T13:38:39Z,0.1241284133866429
2021-06-05T17:19:52Z,0.0028141904622316
2021-06-06T13:45:57Z,0.0208560284227132
2021-06-07T06:21:42Z,-0.9653928140178324
2021-06-07T07:04:47Z,-0.3465328738093376
2021-06-07T10:02:27Z,-0.952710434794426
2021-06-07T11:34:08Z,0.152493298985064
2021-06-07T11:55:30Z,0.0081341452896595
2021-06-07T12:54:32Z,0.0585620049387216
2021-06-07T13:00:09Z,0.8078046888113022
2021-06-07T13:51:15Z,-0.919472544454038
2021-06-07T14:55:55Z,0.1354270428419113
2021-06-07T15:06:25Z,0.0324821025133132
2021-06-07T16:21:38Z,-0.0282174460589885
2021-06-07T16:36:46Z,-0.8546767123043537
2021-06-07T17:00:36Z,-0.9601790066808462
2021-06-07T17:04:18Z,0.0339511688798666
2021-06-07T17:05:22Z,0.3448456507176161
2021-06-07T17:06:09Z,0.0147341657429933
2021-06-07T17:06:39Z,0.0120803248137235
2021-06-07T17:07:32Z,0.0342251230031251
2021-06-07T17:08:13Z,0.3427964197471738
2021-06-07T17:08:37Z,-0.9420634983107448
2021-06-07T17:08:44Z,-0.4041260480880737
2021-06-07T17:09:23Z,0.0536650074645876
2021-06-07T17:10:09Z,0.0669847596436739
2021-06-07T17:10:36Z,0.0909147672355175
2021-06-07T17:11:10Z,0.1288775708526373
2021-06-07T17:12:29Z,0.0071684122085571
2021-06-07T17:12:56Z,0.0113823898136615
2021-06-07T17:13:40Z,0.5730082429945469
2021-06-07T17:14:10Z,0.0182743053883314
2021-06-07T17:14:38Z,0.0352168958634138
2021-06-07T17:15:16Z,0.1066640820354223
2021-06-07T17:16:33Z,0.10675392113626
2021-06-07T17:17:12Z,0.1203140141442418
2021-06-07T17:18:02Z,0.1097991298884153
2021-06-07T17:18:21Z,0.0189983323216438
2021-06-07T17:18:59Z,0.0112087950110435
2021-06-07T17:19:52Z,0.3019215138629079
2021-06-07T17:20:46Z,0.1213473146781325
2021-06-07T17:21:02Z,0.0267045628279447
2021-06-07T17:21:38Z,0.1389693338423967
2021-06-07T17:22:45Z,0.3110237121582031
2021-06-07T17:23:26Z,0.0929310731589794
2021-06-07T17:23:53Z,0.1003832779824733
2021-06-07T17:24:18Z,0.018560517579317
2021-06-07T17:24:57Z,0.1042902451008558
2021-06-07T17:27:00Z,-0.4675856530666351
2021-06-07T17:27:16Z,0.0120601877570152
2021-06-07T17:28:08Z,0.7737273490056396
2021-06-07T17:28:51Z,0.3832522155717015
2021-06-07T17:29:32Z,0.2285660803318023
2021-06-07T17:30:36Z,0.040105590596795
2021-06-07T17:31:28Z,0.1115220207720995
2021-06-07T17:31:51Z,0.0498096607625484
2021-06-07T17:32:26Z,0.0536886462941765
2021-06-07T17:32:52Z,0.8616841845214367
2021-06-07T17:33:26Z,0.131571072153747
2021-06-07T17:34:22Z,0.1919265948235988
2021-06-07T17:34:51Z,0.0354686565697193
2021-06-07T17:35:04Z,0.003275329247117
2021-06-07T17:35:39Z,0.1714917086064815
2021-06-07T17:36:19Z,0.0306660328060388
2021-06-07T17:36:55Z,0.2069332813844084
2021-06-07T17:38:10Z,0.0733706504106521
2021-06-07T17:38:30Z,0.0253916010260581
2021-06-07T17:39:42Z,0.1616591699421405
2021-06-07T17:40:48Z,0.2745242835953831
2021-06-07T17:41:14Z,0.18829932436347
2021-06-07T17:41:49Z,0.1768923513591289
2021-06-07T17:42:44Z,0.7988255675882101
2021-06-07T17:43:32Z,0.2077974965795874
2021-06-07T17:44:13Z,0.0830024052411317
2021-06-07T17:44:42Z,0.0362069513648748
2021-06-07T17:44:58Z,0.2861936874687671
2021-06-07T17:45:19Z,0.0517585631459951
2021-06-07T17:46:44Z,0.0414397250860929
2021-06-07T17:47:00Z,0.4419311750680208
2021-06-07T17:47:25Z,0.1475028712302446
2021-06-07T17:47:55Z,0.0566052477806806
2021-06-07T17:48:22Z,0.7300230422988534
2021-06-07T17:49:33Z,0.0085391327738761
2021-06-07T17:49:58Z,0.0412475541234016
2021-06-07T17:50:42Z,0.010139737278223
2021-06-07T17:51:13Z,0.0148166231811046
2021-06-07T17:51:43Z,-0.0077975932508707
2021-06-07T17:52:08Z,0.0887876991182565
2021-06-07T17:52:35Z,0.0639771679416298
2021-06-07T17:53:08Z,0.1437486987560987
2021-06-07T17:53:27Z,0.2297484632581472
2021-06-07T17:53:56Z,0.1445042546838522
2021-06-07T17:54:10Z,-0.0084728877991437
2021-06-07T17:54:40Z,-0.7091530133038759
2021-06-07T17:55:14Z,0.0348859019577503
2021-06-07T17:55:31Z,-0.01373927667737
2021-06-07T17:56:10Z,0.3866157485172152
2021-06-07T17:56:36Z,0.2320046154782176
2021-06-07T17:56:51Z,-0.0270837303251028
2021-06-07T17:57:25Z,0.36569794267416
2021-06-07T17:57:54Z,0.5413255542516708
2021-06-07T17:58:17Z,0.0026327092200517
2021-06-07T18:01:22Z,0.24078487791121
2021-06-07T18:01:45Z,0.0541794169694185
2021-06-07T18:02:01Z,0.1910631451755762
2021-06-07T18:02:06Z,0.6876485263928771
2021-06-07T18:03:28Z,0.0514703439548611
2021-06-07T18:04:09Z,0.2784679718315601
2021-06-07T18:04:26Z,0.1173515785485506
2021-06-07T18:05:23Z,0.21637874096632
2021-06-07T18:06:06Z,0.8553506918251514
2021-06-07T18:06:36Z,0.116528864018619
2021-06-07T18:07:27Z,0.0740370694547891
2021-06-07T18:08:07Z,0.002303434535861
2021-06-07T18:08:39Z,0.0178804080933332
2021-06-07T18:09:00Z,0.2154895728453993
2021-06-07T18:09:48Z,0.050433493219316
2021-06-07T18:10:33Z,0.1899541663005948
2021-06-07T18:11:04Z,0.0631310939788818
2021-06-07T18:11:24Z,0.2639736039564013
2021-06-07T18:12:03Z,0.0833568070083856
2021-06-07T18:13:17Z,0.0308833867311477
2021-06-07T18:14:22Z,0.0276028867810964
2021-06-07T18:15:13Z,-0.0011742394417524
2021-06-07T18:16:11Z,0.1758616687729954
2021-06-07T18:16:53Z,0.0438708113506436
2021-06-07T18:17:26Z,0.0328144505620002
2021-06-07T18:17:54Z,0.729410114698112
2021-06-07T18:18:52Z,0.3356674658134579
2021-06-07T18:19:30Z,0.0752260740846395
2021-06-07T18:20:09Z,0.2244766810908913
2021-06-07T18:21:00Z,0.012185975909233
2021-06-07T18:21:22Z,0.114599784836173
2021-06-07T18:21:50Z,0.0424964912235736
2021-06-07T18:22:33Z,0.3473217198625207
2021-06-07T18:23:13Z,0.0760513888671994
2021-06-07T18:23:36Z,0.1735066808760166
2021-06-07T18:24:37Z,0.1969438688829541
2021-06-07T18:25:29Z,0.3356602415442467
2021-06-07T18:25:48Z,0.0076293479651212
2021-06-07T18:26:20Z,0.1349705513566732
2021-06-07T18:27:02Z,0.0405851583927869
2021-06-07T18:28:44Z,0.0127273928374052
2021-06-07T18:29:36Z,0.1461511962115764
2021-06-07T18:33:12Z,0.2498601181432604
2021-06-07T18:34:40Z,0.0274583585560321
2021-06-07T18:35:24Z,0.276081359013915
2021-06-07T18:35:59Z,0.0641207695007324
2021-06-07T18:36:24Z,0.0735309515148401
2021-06-07T18:37:00Z,0.0430485168471932
2021-06-07T18:38:13Z,0.0169547516852617
2021-06-07T18:39:36Z,0.0170558132231235
2021-06-07T18:40:11Z,0.0329954996705055
2021-06-07T18:40:30Z,0.3948596706613898
2021-06-07T18:41:15Z,0.0514792185276746
2021-06-07T18:42:25Z,0.0358582753688097
2021-06-07T18:44:25Z,0.3897928204387426
2021-06-07T18:45:50Z,-0.8629221878945827
2021-06-07T18:49:06Z,0.0557602681219577
2021-06-07T20:13:15Z,0.8465482713654637
2021-06-07T22:43:55Z,0.2443085703998804
2021-06-08T09:20:50Z,0.3491740766912699
2021-06-08T09:44:02Z,-0.175398051738739
2021-06-08T15:10:45Z,0.1892845667898655
2021-06-08T16:39:28Z,-0.8517876528203487
2021-06-08T17:26:57Z,0.0157089978456497
2021-06-08T19:53:10Z,0.1703205984085798
2021-06-08T20:28:05Z,-0.1936692148447036
2021-06-08T20:38:57Z,0.01380555331707
2021-06-09T01:22:10Z,0.594250276684761
2021-06-09T09:39:06Z,-0.9194567464292048
2021-06-09T11:27:42Z,-0.9426771951839328
2021-06-09T16:12:43Z,0.1892450153827667
2021-06-09T16:40:39Z,-0.4483296275138855
2021-06-09T17:12:17Z,-0.9611587850376964
2021-06-09T19:27:42Z,-0.1192721091210842
2021-06-10T08:07:02Z,0.1036019083112478
2021-06-10T12:53:10Z,-0.1940128616988659
2021-06-10T16:26:07Z,-0.8150153579190373
2021-06-10T16:50:21Z,0.0668694674968719
2021-06-10T18:25:03Z,-0.4483296275138855
2021-06-10T19:53:11Z,0.0511186644434928
2021-06-10T20:14:10Z,-0.6520528793334961
2021-06-11T01:44:37Z,0.0593509580940008
2021-06-11T12:49:26Z,-0.1030271649360656
2021-06-11T16:10:09Z,0.02514124289155
2021-06-11T17:09:43Z,-0.480074867606163
2021-06-11T17:33:11Z,0.1809116331860423
2021-06-11T18:47:10Z,0.6830773837864399
2021-06-12T15:02:36Z,-0.5304026529192924
2021-06-12T20:20:43Z,0.0169491749256849
2021-06-13T13:22:43Z,0.0054898206144571
2021-06-13T18:45:35Z,-0.1414389014244079
2021-06-14T01:52:53Z,-0.1246371120214462
2021-06-14T05:55:58Z,-0.8127142321318388
2021-06-14T08:00:45Z,-0.8295972421765327
2021-06-14T10:22:34Z,0.0681301513686776
2021-06-14T11:10:23Z,0.034522695466876
2021-06-14T12:11:11Z,0.10662910528481
2021-06-14T14:31:13Z,-0.615004725754261
2021-06-14T14:39:17Z,0.0848041512072086
2021-06-14T14:43:38Z,-0.0157099440693855
2021-06-14T15:05:33Z,-0.6437875814735889
2021-06-14T17:28:39Z,-0.4483296275138855
2021-06-14T20:08:53Z,0.8534660898149014
2021-06-14T20:33:52Z,-0.8841888979077339
2021-06-14T20:50:16Z,-0.066140528768301
2021-06-15T05:26:43Z,0.3956346530467272
2021-06-15T10:20:44Z,-0.9305744245648384
2021-06-15T12:13:18Z,-0.2239961959421634
2021-06-15T12:21:55Z,0.005435612052679
2021-06-15T12:32:00Z,-0.0611790735274553
2021-06-15T12:34:59Z,-0.701169915497303
2021-06-15T13:22:19Z,0.8636258309707046
2021-06-15T14:02:17Z,0.0351840117946267
2021-06-15T16:00:52Z,0.0258861556649208
2021-06-15T16:36:46Z,-0.4483296275138855
2021-06-15T17:34:58Z,-0.5534250810742378
2021-06-15T17:58:23Z,0.0303087290376424
2021-06-15T18:04:58Z,0.009168803691864
2021-06-15T18:17:19Z,0.019062427803874
2021-06-16T08:40:40Z,0.027924251742661
2021-06-16T08:53:25Z,-0.9504009168595076
2021-06-16T09:25:26Z,0.3478461075574159
2021-06-16T15:09:51Z,-0.0157099440693855
2021-06-16T16:36:04Z,-0.8546767123043537
2021-06-16T17:42:16Z,-0.0323941633105278
2021-06-16T17:45:55Z,0.0167938861995935
2021-06-16T19:36:08Z,0.1472460301592946
2021-06-17T03:31:37Z,0.406372251920402
2021-06-17T06:09:44Z,-0.0530563089996576
2021-06-17T09:13:54Z,-0.9583781836554408
2021-06-17T10:09:44Z,-0.9214011058211328
2021-06-17T13:22:24Z,-0.0323050133883953
2021-06-17T15:35:48Z,-0.0038763210177421
2021-06-17T16:37:19Z,-0.480074867606163
2021-06-17T17:01:44Z,0.1161750787869095
2021-06-17T20:22:41Z,0.0994535069912672
2021-06-18T12:20:07Z,0.2647384088486433
2021-06-18T13:18:11Z,-0.0303665213286876
2021-06-18T13:20:03Z,0.7345302430912852
2021-06-18T15:05:08Z,-0.0471328720450401
2021-06-18T16:41:36Z,-0.4483296275138855
2021-06-18T19:07:48Z,0.0220427364110946
2021-06-18T19:26:51Z,-0.0806181337684392
2021-06-20T20:54:10Z,-0.9323665630072356
2021-06-21T09:10:42Z,-0.6699850466102362
2021-06-21T14:36:44Z,0.8659312091767788
2021-06-21T15:07:59Z,-0.8827513214200735
2021-06-21T16:58:27Z,0.7255748845636845
2021-06-21T17:12:25Z,-0.8546767123043537
2021-06-21T19:14:39Z,0.107997803017497
2021-06-21T19:30:20Z,-0.5722760260105133
2021-06-22T11:43:38Z,0.5222201282158494
2021-06-22T13:22:43Z,-0.5997959226369858
2021-06-22T14:10:15Z,-0.0166155248880386
2021-06-22T15:06:37Z,-0.0157099440693855
2021-06-22T15:51:41Z,0.5488127171993256
2021-06-22T16:39:27Z,-0.4483296275138855
2021-06-22T16:48:49Z,-0.0579197779297828
2021-06-22T17:02:13Z,0.4711398100480437
2021-06-22T19:36:04Z,-0.8579489942640066
2021-06-22T22:20:11Z,0.0481880037114024
2021-06-23T02:27:52Z,0.5360206319019198
2021-06-23T04:26:01Z,0.0650778487324714
2021-06-23T07:44:19Z,0.3934291005134582
2021-06-23T08:40:45Z,-0.0221829414367675
2021-06-23T09:38:40Z,-0.9107964253053068
2021-06-23T10:30:09Z,0.6538890916854143
2021-06-23T13:21:15Z,-0.0318278558552265
2021-06-23T14:08:51Z,0.0516670402139425
2021-06-23T14:23:43Z,-0.7251500878483057
2021-06-23T15:46:12Z,-0.0134264938533306
2021-06-23T15:59:50Z,-0.9494456136599184
2021-06-23T16:49:11Z,0.4155569523572922
2021-06-23T16:53:10Z,-0.8546767123043537
2021-06-23T17:58:52Z,0.9368571424856782
2021-06-24T05:48:22Z,0.0619021952152252
2021-06-24T07:53:04Z,0.6472288947552443
2021-06-24T08:41:26Z,0.9088682071305813
2021-06-24T10:03:52Z,0.3046579174697399
2021-06-24T11:37:51Z,0.8219829760491848
2021-06-24T12:31:56Z,-0.0130953658372163
2021-06-24T13:20:22Z,0.9362627174705268
2021-06-24T13:28:58Z,-0.0335748698562383
2021-06-24T13:30:24Z,0.8139215465635061
2021-06-24T13:57:24Z,-0.0761697329580783
2021-06-24T15:32:58Z,0.0486148763447999
2021-06-24T15:34:31Z,0.936677106656134
2021-06-24T18:35:10Z,0.047448294237256
2021-06-24T19:11:53Z,-0.4483296275138855
2021-06-24T19:22:03Z,0.0578099191188812
2021-06-24T20:21:37Z,0.8735907152295113
2021-06-24T20:44:53Z,0.0205477327108383
2021-06-25T13:26:17Z,-0.0297572258859872
2021-06-25T16:35:38Z,-0.8546767123043537
2021-06-25T16:36:45Z,-0.2996868658810854
2021-06-25T19:21:07Z,-0.4760473892092705
2021-06-28T04:21:20Z,0.0473841708153486
2021-06-28T07:18:33Z,0.1349028749391436
2021-06-28T08:33:40Z,-0.7681593392044306
2021-06-28T10:09:06Z,0.2943216264247894
2021-06-28T10:23:38Z,0.255673574283719
2021-06-28T15:02:59Z,-0.0157099440693855
2021-06-28T15:24:07Z,0.5980063080787659
2021-06-28T17:20:45Z,-0.4483296275138855
2021-06-28T18:08:18Z,0.1636895854026079
2021-06-28T18:43:16Z,0.922714576125145
2021-06-28T20:16:06Z,0.0381326861679554
2021-06-28T22:25:39Z,0.0056277140974998
2021-06-29T04:46:26Z,0.6963706873357296
2021-06-29T06:35:54Z,0.0963682942092418
2021-06-29T13:02:49Z,0.6415597265586257
2021-06-29T15:40:27Z,0.0569345541298389
2021-06-29T16:35:47Z,-0.8546767123043537
2021-06-29T17:52:26Z,0.0803887359797954
2021-06-29T20:15:10Z,-0.9018194768577814
2021-06-30T05:17:21Z,0.0803442448377609
2021-06-30T08:38:43Z,-0.7827785089612007
2021-06-30T11:40:55Z,0.0367066618055105
2021-06-30T13:13:10Z,-0.0317657701671123
2021-06-30T13:37:32Z,-0.2269936017692089
2021-06-30T13:59:20Z,0.3823109064251184
2021-06-30T14:08:17Z,0.883315697312355
2021-06-30T15:33:07Z,-0.6873142644762993
2021-06-30T15:33:32Z,-0.8754383828490973
2021-06-30T15:33:40Z,0.2550989314913749
2021-06-30T16:43:45Z,-0.4483296275138855
2021-06-30T18:00:32Z,0.2032719142735004
2021-06-30T18:51:04Z,0.8271708115935326
2021-06-30T19:29:54Z,0.6949878772720695
2021-06-30T21:16:25Z,0.5828967625275254
2021-06-30T21:36:40Z,-0.0642971973866224
2021-07-01T13:23:52Z,-0.0327999554574489
2021-07-01T15:47:05Z,0.0016216896474361
2021-07-01T16:14:38Z,-0.9435833171010016
2021-07-01T16:30:04Z,0.905445808544755
2021-07-01T16:44:06Z,-0.8546767123043537
2021-07-01T19:38:52Z,0.4021645784378052
2021-07-01T21:01:20Z,-0.0032905656844377
2021-07-01T22:15:02Z,-0.2089179828763008
2021-07-02T03:05:58Z,0.061550348997116
2021-07-02T04:04:40Z,0.0747831296175718
2021-07-02T11:56:38Z,0.0841119438409805
2021-07-02T13:11:22Z,-0.030332688242197
2021-07-02T14:17:31Z,-0.788923516869545
2021-07-02T14:31:56Z,0.0258861556649208
2021-07-02T15:09:18Z,0.8171947365626693
2021-07-02T16:36:15Z,-0.8546767123043537
2021-07-02T16:49:03Z,0.5029774503782392
2021-07-02T20:07:12Z,0.4574994444847107
2021-07-02T20:09:57Z,-0.0004906915128231
2021-07-02T21:09:20Z,0.0228656753897666
2021-07-04T15:30:33Z,-0.93504211679101
2021-07-04T17:29:39Z,0.071457851678133
2021-07-05T11:20:31Z,-0.0350031610578298
2021-07-06T04:47:18Z,0.5566450199112296
2021-07-06T06:13:42Z,0.92524928227067
2021-07-06T07:14:21Z,0.3749906569719314
2021-07-06T08:10:10Z,0.147306147031486
2021-07-06T10:01:00Z,-0.918797316029668
2021-07-06T12:28:13Z,0.8667552415281534
2021-07-06T13:35:07Z,0.0110956318676471
2021-07-06T14:20:27Z,0.0851529128849506
2021-07-06T15:05:39Z,0.0258861556649208
2021-07-06T15:23:59Z,0.033712700009346
2021-07-06T15:43:42Z,0.9330052845180036
2021-07-06T15:47:53Z,0.92245551943779
2021-07-06T17:12:45Z,-0.4483296275138855
2021-07-06T18:47:55Z,5.744770169258118e-05
2021-07-06T19:24:30Z,-0.0784911196678876
2021-07-06T19:51:25Z,-0.0860857013612985
2021-07-06T20:07:14Z,-0.8630946259945631
2021-07-06T20:16:18Z,0.0486148763447999
2021-07-06T20:39:57Z,0.0059231054037809
2021-07-06T20:51:53Z,-0.1172899715602397
2021-07-07T02:16:49Z,0.741268664598465
2021-07-07T03:58:22Z,0.1050698095932602
2021-07-07T10:27:43Z,0.6799492985010147
2021-07-07T12:01:23Z,0.0260839946568012
2021-07-07T13:27:52Z,0.0034517850726842
2021-07-07T14:11:54Z,0.895305572077632
2021-07-07T15:38:36Z,0.7232591137290001
2021-07-07T16:21:20Z,-0.0157099440693855
2021-07-07T16:37:20Z,-0.8456118553876877
2021-07-07T17:16:49Z,-0.0977925434708595
2021-07-08T02:27:15Z,0.0687906239181757
2021-07-08T07:16:18Z,0.1899642646312713
2021-07-08T07:28:13Z,0.0049722231924533
2021-07-08T13:28:02Z,-0.0344436466693878
2021-07-08T14:00:11Z,0.2096349205821752
2021-07-08T14:13:35Z,-0.9557585259899496
2021-07-08T14:45:44Z,-0.6097069215029478
2021-07-08T15:57:24Z,0.8497225176542997
2021-07-08T16:02:01Z,0.1344404518604278
2021-07-08T16:10:06Z,-0.0157099440693855
2021-07-09T03:06:49Z,0.2201627101749181
2021-07-09T12:00:06Z,0.0204561371356248
2021-07-09T13:39:20Z,-0.0301075503230094
2021-07-09T14:19:34Z,-0.1011432372033596
2021-07-09T15:59:49Z,0.0263240970671176
2021-07-09T16:36:40Z,0.1294368132948875
2021-07-09T16:54:25Z,-0.0157099440693855
2021-07-09T17:18:33Z,-0.4483296275138855
2021-07-09T17:21:33Z,0.7937706904485822
2021-07-09T18:05:59Z,0.0533641465008258
2021-07-09T19:00:11Z,-0.3277133218944073
2021-07-10T12:31:41Z,0.230641920119524
2021-07-10T16:21:41Z,0.0101340413093566
2021-07-11T11:57:54Z,0.6746407644823194
2021-07-11T20:47:52Z,-0.0445485971868038
2021-07-12T02:10:10Z,0.2711285948753357
2021-07-12T08:00:10Z,0.5415754579007626
2021-07-12T11:48:13Z,0.0717593403533101
2021-07-12T14:14:21Z,0.1622259616851806
2021-07-12T15:36:38Z,-0.0157099440693855
2021-07-12T16:25:25Z,-0.6007963698357344
2021-07-12T17:04:40Z,-0.4483296275138855
2021-07-12T18:51:37Z,-0.1600673533976078
2021-07-12T20:22:34Z,0.937175172381103
2021-07-12T21:22:03Z,0.1106050014495849
2021-07-13T05:58:04Z,0.818533930927515
2021-07-13T08:11:11Z,0.1631413297727704
2021-07-13T13:06:41Z,0.0405776016414165
2021-07-13T13:10:46Z,0.8140863301232457
2021-07-13T13:57:43Z,0.8966286182403564
2021-07-13T14:02:23Z,0.160821427591145
2021-07-13T15:16:15Z,-0.0471328720450401
2021-07-13T15:42:13Z,0.1276030540466308
2021-07-13T16:49:23Z,-0.8546767123043537
2021-07-13T17:57:59Z,0.3933689165860414
2021-07-13T18:09:00Z,-0.938484857790172
2021-07-13T18:11:46Z,-0.1496136039495468
2021-07-13T19:17:05Z,-0.9617333132773638
2021-07-13T19:30:33Z,0.0520870201289653
2021-07-13T20:10:21Z,-0.8679978251457214
2021-07-13T21:40:15Z,0.3278122646734118
2021-07-13T22:27:06Z,0.0233954023569822
2021-07-13T22:37:04Z,0.8108902690000832
2021-07-14T02:41:23Z,0.1274970471858978
2021-07-14T03:33:40Z,0.1293226098641753
2021-07-14T09:02:57Z,0.9337869053706528
2021-07-14T10:23:14Z,0.0064235031604766
2021-07-14T10:23:59Z,-0.8425898738205433
2021-07-14T13:19:27Z,-0.031107947230339
2021-07-14T14:02:52Z,-0.5938360393047333
2021-07-14T14:04:26Z,0.9380584601312876
2021-07-14T14:09:22Z,0.1919871717691421
2021-07-14T14:14:48Z,0.5667030140757561
2021-07-14T14:17:40Z,0.1777172237634658
2021-07-14T14:35:09Z,0.9354241117835044
2021-07-14T15:16:35Z,0.030161116272211
2021-07-14T16:04:03Z,0.3706116685643792
2021-07-14T16:07:38Z,0.0175748467445373
2021-07-14T16:31:59Z,-0.0157099440693855
2021-07-14T16:32:13Z,-0.8440312743186951
2021-07-14T16:45:15Z,-0.4483296275138855
2021-07-14T18:30:40Z,-0.1607450824230909
2021-07-14T19:37:44Z,0.6504076011478901
2021-07-14T20:09:33Z,0.874767355620861
2021-07-15T02:10:46Z,0.4553728187456727
2021-07-15T04:27:35Z,0.1890723099932074
2021-07-15T04:41:18Z,0.6790694193914533
2021-07-15T06:50:58Z,0.7062106020748615
2021-07-15T07:29:16Z,0.4638855466619134
2021-07-15T08:59:25Z,0.9224271215498449
2021-07-15T10:02:09Z,0.0528213903307914
2021-07-15T11:16:47Z,0.1176128163933754
2021-07-15T11:43:18Z,0.8322511650621891
2021-07-15T11:48:51Z,-0.8074068482965231
2021-07-15T12:43:36Z,-0.1289493143558502
2021-07-15T13:13:42Z,0.02212830260396
2021-07-15T13:19:29Z,-0.0334794484078884
2021-07-15T13:50:17Z,0.0695961713790893
2021-07-15T14:04:46Z,0.1803470030426979
2021-07-15T14:11:18Z,0.8594853095710278
2021-07-15T15:32:06Z,0.0258861556649208
2021-07-15T15:39:36Z,0.8861770816147327
2021-07-15T16:01:01Z,-0.1450886707752943
2021-07-15T16:05:33Z,-0.510785948485136
2021-07-15T16:12:44Z,-0.9602780761197208
2021-07-15T16:41:51Z,-0.4483296275138855
2021-07-15T17:32:37Z,0.2793540377169847
2021-07-15T18:26:15Z,0.0175748467445373
2021-07-15T18:35:58Z,0.9252612479031086
2021-07-15T20:45:26Z,0.3137347567826509
2021-07-16T02:49:35Z,0.7948290156200528
2021-07-16T04:55:41Z,0.0753058055415749
2021-07-16T05:39:10Z,-0.9321836354210972
2021-07-16T06:23:08Z,0.901934426277876
2021-07-16T14:11:34Z,0.8406608141958714
2021-07-16T14:33:04Z,-0.0298871658742427
2021-07-16T15:05:52Z,-0.0157099440693855
2021-07-16T15:27:21Z,-0.8904563840478659
2021-07-16T15:41:26Z,0.0463863499462604
2021-07-16T16:03:48Z,-0.9601371670141816
2021-07-16T16:46:32Z,0.2232085512951016
2021-07-16T17:01:13Z,-0.480074867606163
2021-07-16T19:02:26Z,0.1324315965175628
2021-07-16T20:42:22Z,-0.7188670784235001
2021-07-17T15:10:37Z,0.0060407817363739
2021-07-18T22:46:46Z,0.0006895903497934
2021-07-19T02:28:25Z,0.0224685873836278
2021-07-19T05:26:51Z,0.044297750107944
2021-07-19T10:00:57Z,0.9173466991633176
2021-07-19T11:27:19Z,-0.7873121742159128
2021-07-19T12:31:37Z,0.0647511901333928
2021-07-19T12:36:49Z,0.8550555296242237
2021-07-19T13:17:00Z,-0.1025905907154083
2021-07-19T14:16:19Z,-0.6221166551113129
2021-07-19T14:40:02Z,-0.1013227701187133
2021-07-19T14:40:09Z,0.208595909178257
2021-07-19T15:36:32Z,0.0079244617372751
2021-07-19T16:09:31Z,0.7370566865429282
2021-07-19T16:11:28Z,0.9166408404707908
2021-07-19T16:23:49Z,0.0051834359765052
2021-07-19T16:24:48Z,-0.0471328720450401
2021-07-19T16:36:32Z,0.0174054093658924
2021-07-19T16:42:59Z,-0.4483296275138855
2021-07-19T17:05:19Z,0.0884832702577114
2021-07-19T18:37:25Z,0.139209053479135
2021-07-19T20:56:33Z,-0.891827754676342
2021-07-19T21:20:46Z,-0.0153558142483234
2021-07-20T00:19:21Z,-0.8345355791971087
2021-07-20T02:11:33Z,0.0169243309646844
2021-07-20T06:06:19Z,-0.347067192196846
2021-07-20T10:36:59Z,0.055191921070218
2021-07-20T10:54:59Z,0.7116072550415993
2021-07-20T11:48:52Z,-0.0961587354540824
2021-07-20T14:07:41Z,0.9214101154357196
2021-07-20T14:22:07Z,0.0007672291249036
2021-07-20T15:37:00Z,0.0486148763447999
2021-07-20T15:44:03Z,-0.951123588718474
2021-07-20T16:09:53Z,-0.0471328720450401
2021-07-20T16:48:29Z,0.0369070647284388
2021-07-20T17:32:51Z,0.2073302529752254
2021-07-20T18:30:23Z,0.3259672401472926
2021-07-20T19:38:37Z,0.6782865608111024
2021-07-20T20:07:22Z,-0.0493149273097515
2021-07-21T02:59:19Z,0.17688656039536
2021-07-21T07:51:34Z,0.5398213202133775
2021-07-21T11:22:02Z,0.00815792940557
2021-07-21T12:01:28Z,0.0344136208295822
2021-07-21T12:13:34Z,0.0539434654638171
2021-07-21T12:20:24Z,0.0108716934919357
2021-07-21T13:28:24Z,0.1177870873361826
2021-07-21T14:03:22Z,0.8590059671550989
2021-07-21T15:55:07Z,-0.0471328720450401
2021-07-21T16:21:06Z,0.2100358828902244
2021-07-21T16:50:35Z,-0.8546767123043537
2021-07-21T17:14:39Z,-0.9513088865205646
2021-07-21T18:10:35Z,0.0412900308147072
2021-07-21T19:25:18Z,0.0666516479104757
2021-07-21T20:11:30Z,0.0081365704536437
2021-07-21T20:14:47Z,0.060405284166336
2021-07-22T02:19:14Z,0.6172072440385818
2021-07-22T06:16:39Z,0.0258865412324666
2021-07-22T10:12:27Z,0.1076357867568731
2021-07-22T10:21:21Z,-0.2070930115878582
2021-07-22T12:00:13Z,0.0290428828448057
2021-07-22T12:24:36Z,0.8419325947761536
2021-07-22T12:52:07Z,0.2206404861062765
2021-07-22T13:14:29Z,-0.0073418654501438
2021-07-22T13:57:27Z,-0.0327238216996192
2021-07-22T14:18:39Z,0.3797985911369324
2021-07-22T14:20:34Z,0.6742351874709129
2021-07-22T14:21:28Z,0.9212164152413608
2021-07-22T14:26:37Z,0.0713177947327494
2021-07-22T15:24:33Z,0.0258861556649208
2021-07-22T15:45:00Z,0.0125033948570489
2021-07-22T15:48:23Z,0.1330885291099548
2021-07-22T16:44:25Z,-0.4483296275138855
2021-07-22T17:41:00Z,0.1075486242771148
2021-07-22T17:46:49Z,0.935694788582623
2021-07-22T20:18:39Z,0.6447791233658791
2021-07-22T20:45:14Z,-0.0668481178581714
2021-07-23T03:19:10Z,0.1907363720238208
2021-07-23T05:58:15Z,0.3914060965180397
2021-07-23T07:42:24Z,-0.6810634955763817
2021-07-23T08:40:30Z,0.1703703375533223
2021-07-23T10:27:11Z,0.9271190613508224
2021-07-23T12:54:49Z,0.0346444360911846
2021-07-23T13:28:23Z,-0.0294094439595937
2021-07-23T14:09:09Z,0.0477210357785224
2021-07-23T14:15:12Z,-0.5637591183185577
2021-07-23T15:02:41Z,0.1504503730684518
2021-07-23T15:48:09Z,-0.0157099440693855
2021-07-23T16:19:47Z,0.9330074153840542
2021-07-23T16:43:07Z,0.0906955720856785
2021-07-23T16:52:32Z,-0.4483296275138855
2021-07-23T19:29:48Z,0.25648551620543
2021-07-23T20:34:09Z,-0.9513724083080888
2021-07-24T13:05:06Z,0.140471707098186
2021-07-24T14:07:02Z,-0.0390947740525007
2021-07-24T18:55:57Z,0.0238421335816383
2021-07-25T20:04:37Z,-0.95494872238487
2021-07-25T22:25:29Z,0.0103734098374843
2021-07-26T01:35:23Z,0.2701319903135299
2021-07-26T02:48:54Z,0.030010120011866
2021-07-26T06:26:22Z,-0.410551343113184
2021-07-26T07:36:01Z,0.2149762893095612
2021-07-26T10:06:51Z,-0.9499500645324588
2021-07-26T12:00:40Z,0.8374698208644986
2021-07-26T14:11:51Z,0.0374952182173728
2021-07-26T14:44:00Z,0.0081983730196952
2021-07-26T14:54:48Z,0.8401379026472569
2021-07-26T15:00:03Z,0.7914198786020279
2021-07-26T15:06:33Z,0.328919805586338
2021-07-26T15:17:14Z,0.0589667148888111
2021-07-26T15:54:53Z,-0.0471328720450401
2021-07-26T16:47:35Z,-0.8546767123043537
2021-07-26T17:30:12Z,0.0522880721837282
2021-07-26T18:53:11Z,0.0177642870694398
2021-07-26T22:15:51Z,0.7843474168330431
2021-07-27T03:04:17Z,0.4360066773369908
2021-07-27T05:27:00Z,0.0488029532134532
2021-07-27T08:03:12Z,-0.0586789418011903
2021-07-27T08:21:09Z,0.057208084501326
2021-07-27T09:02:46Z,-0.0434667896479368
2021-07-27T10:02:23Z,-0.9064719248563052
2021-07-27T13:11:39Z,0.0023824106901884
2021-07-27T13:35:32Z,0.4339665248990059
2021-07-27T13:35:44Z,0.9278038237243892
2021-07-27T14:39:38Z,-0.9519643113017082
2021-07-27T14:43:46Z,0.0431725531816482
2021-07-27T15:17:38Z,-0.1326411366462707
2021-07-27T16:07:43Z,-0.0157099440693855
2021-07-27T17:10:56Z,0.0358986463397741
2021-07-27T17:19:52Z,-0.4483296275138855
2021-07-27T17:39:22Z,-0.0008990801870822
2021-07-27T18:43:43Z,-0.0285067111253738
2021-07-27T19:30:21Z,0.0308725908398628
2021-07-27T20:30:20Z,0.600064292550087
2021-07-27T20:31:00Z,0.9275114126503468
2021-07-27T20:31:23Z,0.9229799956083298
2021-07-27T20:31:29Z,0.9249718226492404
2021-07-27T20:32:45Z,0.9244107529520988
2021-07-27T20:33:25Z,0.9202003963291644
2021-07-27T20:33:26Z,0.924658441916108
2021-07-27T20:34:00Z,0.9225428830832244
2021-07-27T20:42:20Z,0.0042854808270931
2021-07-27T21:15:55Z,0.8820717036724091
2021-07-27T21:25:39Z,-0.9465148951858282
2021-07-27T21:26:07Z,-0.2898963242769241
2021-07-27T23:33:48Z,-0.0514148883521556
2021-07-28T02:00:44Z,-0.912730272859335
2021-07-28T02:51:26Z,0.0148843545466661
2021-07-28T07:01:19Z,0.9324144683778286
2021-07-28T08:47:50Z,-0.0368939749896526
2021-07-28T08:49:28Z,0.1116082184016704
2021-07-28T10:01:24Z,0.8150777742266655
2021-07-28T11:04:46Z,0.8002753769978881
2021-07-28T11:45:39Z,-0.1147931292653083
2021-07-28T12:05:16Z,0.8228201046586037
2021-07-28T12:31:12Z,0.8620664328336716
2021-07-28T13:18:32Z,0.9283422138541936
2021-07-28T13:19:29Z,0.7936884239315987
2021-07-28T13:20:29Z,0.9245978388935328
2021-07-28T13:29:15Z,-0.0308462623506784
2021-07-28T14:04:21Z,0.726624209433794
2021-07-28T14:07:27Z,0.9206169713288546
2021-07-28T14:08:17Z,0.7736285421997309
2021-07-28T14:20:43Z,0.7683061081916094
2021-07-28T14:34:44Z,0.0038586221635341
2021-07-28T15:35:08Z,-0.0157099440693855
2021-07-28T15:46:44Z,0.9390649637207388
2021-07-28T15:48:50Z,0.9414038807153702
2021-07-28T15:50:55Z,0.9367006290704012
2021-07-28T15:58:11Z,0.9354772567749025
2021-07-28T15:59:38Z,0.9310801532119511
2021-07-28T16:00:13Z,0.5624615475535393
2021-07-28T16:00:34Z,0.9255783334374428
2021-07-28T16:01:31Z,0.9250923246145248
2021-07-28T16:02:05Z,0.7735567856580019
2021-07-28T16:15:04Z,0.9173235520720482
2021-07-28T16:18:08Z,0.1869707154110074
2021-07-28T16:22:03Z,0.0852950811386108
2021-07-28T16:26:09Z,0.8885027654469013
2021-07-28T16:29:30Z,0.8973637595772743
2021-07-28T16:31:13Z,0.9261410608887672
2021-07-28T16:36:33Z,0.7824530489742756
2021-07-28T16:39:01Z,0.9123342167586088
2021-07-28T16:50:05Z,-0.8456118553876877
2021-07-28T16:56:11Z,0.0737150432541966
2021-07-28T18:31:42Z,0.095729598775506
2021-07-28T18:56:27Z,0.724804975092411
2021-07-28T19:24:18Z,0.0593068078160285
2021-07-28T20:26:18Z,-0.7920903638005257
2021-07-29T02:00:11Z,0.6181993680074811
2021-07-29T03:48:11Z,-0.9127181842923164
2021-07-29T05:55:45Z,-0.4579329490661621
2021-07-29T09:32:55Z,0.1442326921969652
2021-07-29T12:51:34Z,0.0433339830487966
2021-07-29T13:38:54Z,-0.0324469581246376
2021-07-29T16:17:34Z,0.0219262279570102
2021-07-29T16:40:23Z,-0.4605900831520557
2021-07-29T17:24:58Z,0.5157122267410159
2021-07-29T18:03:57Z,-0.8297574557363987
2021-07-29T18:28:45Z,0.1193016925826668
2021-07-29T21:21:12Z,0.0326712280511856
2021-07-30T03:02:43Z,-0.9634479768574238
2021-07-30T13:33:20Z,-0.0286506712436676
2021-07-30T15:03:27Z,0.0672586457803845
2021-07-30T16:00:15Z,0.0258861556649208
2021-07-30T16:37:07Z,-0.8546767123043537
2021-07-30T16:58:54Z,-0.4792384468019008
2021-07-30T17:14:07Z,0.9293689969927073
2021-07-30T18:04:13Z,-0.047344509512186
2021-07-30T19:20:01Z,-0.9054696643725038
2021-07-30T20:46:02Z,0.0208958946168422
2021-07-30T20:58:57Z,0.0231097843497991
2021-07-30T21:42:52Z,0.0805127136409282
2021-07-31T15:09:56Z,-0.1282707713544368
2021-08-01T16:53:55Z,0.0170277059078216
2021-08-01T18:52:03Z,0.0209723059087991
2021-08-02T01:58:12Z,0.103083811700344
2021-08-02T02:33:35Z,0.0939705017954111
2021-08-02T03:34:59Z,0.5987750189378858
2021-08-02T07:48:07Z,-0.6018728837370872
2021-08-02T09:54:12Z,0.0192170105874538
2021-08-02T14:11:20Z,-0.8908108044415712
2021-08-02T15:33:16Z,-0.1371696293354034
2021-08-02T17:12:59Z,0.1514634462073445
2021-08-02T17:21:03Z,-0.8546767123043537
2021-08-02T18:01:52Z,-0.0157099440693855
2021-08-02T19:22:26Z,0.6690739169716835
2021-08-02T22:04:32Z,0.7898836294189095
2021-08-03T06:09:17Z,-0.6298740860074759
2021-08-03T09:04:24Z,0.056657743640244
2021-08-03T14:07:49Z,0.9364394983276724
2021-08-03T14:27:09Z,0.0900920927524566
2021-08-03T14:39:18Z,0.8737866617739201
2021-08-03T15:05:28Z,0.3708887733519077
2021-08-03T15:14:15Z,0.0258861556649208
2021-08-03T15:47:54Z,0.7549366867169738
2021-08-03T18:57:50Z,0.0337782856076955
2021-08-03T19:32:43Z,0.9129016734659672
2021-08-03T19:36:52Z,0.0099643785506486
2021-08-03T19:42:37Z,0.1449081674218177
2021-08-03T19:56:11Z,0.9222088176757096
2021-08-03T20:08:30Z,0.8370492309331894
2021-08-03T20:13:48Z,0.0064258798956871
2021-08-03T20:23:32Z,0.0957341911271214
2021-08-03T21:08:25Z,0.0458749290555715
2021-08-04T09:33:29Z,-0.0689635276794433
2021-08-04T09:01:13Z,0.0761506501585245
2021-08-04T13:29:22Z,0.3465166003443301
2021-08-04T16:14:09Z,0.0011665895581245
2021-08-04T17:46:37Z,0.8863604972139001
2021-08-04T19:36:30Z,0.3264586925506592
2021-08-04T19:38:10Z,-0.1609217822551727
2021-08-04T23:50:20Z,0.1348929470404982
2021-08-05T09:16:01Z,0.1499847508966922
2021-08-05T05:55:57Z,-0.9358825562521816
2021-08-05T14:16:22Z,0.0581932328641414
2021-08-05T15:04:20Z,-0.0374744981527328
2021-08-05T15:10:11Z,0.0385774224996566
2021-08-05T16:07:01Z,0.6983963521197438
2021-08-05T16:13:22Z,-0.0157099440693855
2021-08-05T16:37:30Z,-0.4483296275138855
2021-08-05T03:49:50Z,0.0972764585167169
2021-08-05T07:25:39Z,0.0041143521666526
2021-08-04T20:43:35Z,0.0163858830928802
2021-08-05T19:12:15Z,0.2260542307049036
2021-08-06T02:47:30Z,0.8725842889398336
2021-08-06T08:03:16Z,0.044716952368617
2021-08-06T10:05:06Z,-0.8371778447180986
2021-08-06T12:35:22Z,-0.8507538884878159
2021-08-06T13:48:09Z,-0.0356398187577724
2021-08-06T13:51:29Z,0.0422735912725329
2021-08-06T14:09:38Z,-0.7074845135211945
2021-08-06T14:17:59Z,0.2295426726341247
2021-08-06T02:56:33Z,-0.1637750267982483
2021-08-06T09:57:20Z,0.5867415107786655
2021-08-06T06:48:21Z,-0.2116371560841798
2021-08-06T16:35:37Z,-0.8546767123043537
2021-08-06T16:50:03Z,0.0453801080584526
2021-08-06T21:27:15Z,0.0120700728148221
2021-08-09T04:39:50Z,-0.3074122034013271
2021-08-07T15:02:33Z,0.9029422607272864
2021-08-09T05:06:13Z,0.0332935061305761
2021-08-08T18:17:47Z,0.0673021897673606
2021-08-09T06:10:57Z,0.7782911844551563
2021-08-07T15:58:27Z,-0.0127655416727066
2021-08-09T13:59:53Z,0.1432692883536219
2021-08-09T14:28:48Z,0.0258861556649208
2021-08-09T15:17:49Z,0.1035386258736252
2021-08-09T16:00:17Z,0.866669312119484
2021-08-09T16:36:24Z,-0.4483296275138855
2021-08-09T20:54:57Z,0.1553350687026977
2021-08-10T08:05:13Z,0.0279980488121509
2021-08-10T09:56:46Z,0.0655430220067501
2021-08-09T19:42:00Z,0.8145869299769402
2021-08-10T08:43:59Z,0.011582113802433
2021-08-10T13:57:13Z,0.5128875747323036
2021-08-10T14:02:35Z,0.1742206029593944
2021-08-10T14:17:46Z,0.0207675714045763
2021-08-10T15:06:07Z,0.4076506793498993
2021-08-10T16:59:56Z,-0.480074867606163
2021-08-10T18:53:28Z,-0.0040785912424325
2021-08-10T20:18:08Z,0.5032857684418559
2021-08-10T20:29:57Z,0.6274132281541824
2021-08-11T06:21:47Z,-0.8468617796897888
2021-08-10T15:31:41Z,0.9348838264122604
2021-08-11T10:34:34Z,0.0622395146638155
2021-08-11T13:22:12Z,-0.0382446926087141
2021-08-11T14:04:25Z,0.1482948139309883
2021-08-11T14:05:05Z,0.0885313376784324
2021-08-11T14:21:34Z,-0.0322384238243103
2021-08-11T14:37:13Z,-0.9337409045547248
2021-08-11T15:29:48Z,0.8308319821953773
2021-08-11T15:34:47Z,0.0258861556649208
2021-08-11T16:20:10Z,0.2204949408769607
2021-08-11T16:35:46Z,-0.8546767123043537
2021-08-11T17:50:31Z,-0.0214960351586341
2021-08-11T19:07:03Z,0.7890246803872287
2021-08-11T19:32:58Z,0.0253775157034397
2021-08-11T19:34:14Z,0.1453686635941267
2021-08-11T21:24:58Z,0.1418061209842562
2021-08-11T21:35:16Z,0.0648669451475143
2021-08-11T23:50:47Z,0.0864534024149179
2021-08-12T09:04:47Z,0.0988051267340779
2021-08-11T22:25:17Z,0.9237391073256732
2021-08-12T14:14:57Z,-0.5442026555538177
2021-08-12T14:19:42Z,0.9122222028672696
2021-08-12T16:05:12Z,-0.948172265663743
2021-08-12T16:27:14Z,0.243991632014513
2021-08-12T16:35:45Z,-0.8546767123043537
2021-06-07T16:17:20Z,0.0231002829968929
2021-08-12T20:21:40Z,-0.6564116477966309
2021-08-13T03:38:16Z,-0.1411332339048385
2021-08-13T10:08:04Z,-0.897778277285397
2021-08-13T13:36:09Z,-0.0378818269819021
2021-08-13T12:44:08Z,0.1395338485017419
2021-08-13T14:10:34Z,0.0321174040436744
2021-08-13T15:29:52Z,-0.8677684962749481
2021-08-13T15:51:13Z,0.939844710752368
2021-08-13T16:07:37Z,0.0184218790382146
2021-08-13T16:09:48Z,0.0158825535327196
2021-08-13T18:29:25Z,0.7845210684463382
2021-08-13T19:45:50Z,0.0913336388766765
2021-08-14T13:58:41Z,6.372109055519104e-06
2021-08-14T18:04:23Z,0.0098460502922534
2021-08-14T20:10:38Z,-0.7429900784045458
2021-08-16T07:51:11Z,0.0714472699910402
2021-08-16T13:40:55Z,0.0455959402024745
2021-08-15T20:21:37Z,-0.4650452174246311
2021-08-16T14:12:40Z,0.1622259616851806
2021-08-16T16:10:57Z,0.7408861080184579
2021-08-16T16:35:34Z,-0.4483296275138855
2021-08-16T14:12:25Z,-0.5598224103450775
2021-08-16T17:50:23Z,-0.0462596602737903
2021-08-16T19:56:20Z,-0.9072587098926306
2021-08-16T20:40:19Z,0.4732127515599131
2021-08-16T15:51:59Z,0.1125012626871466
2021-08-17T02:52:31Z,-0.3103258945047855
2021-08-17T07:12:33Z,0.5702669471502304
2021-08-17T10:05:22Z,0.8020957661792636
2021-08-17T06:12:39Z,0.1142849121242761
2021-08-17T14:11:07Z,0.02454749122262
2021-08-17T14:13:12Z,0.1276030540466308
2021-08-17T14:40:59Z,0.0422243326902389
2021-08-17T15:05:16Z,-0.9546998366713524
2021-08-17T15:00:29Z,0.031165849417448
2021-08-17T09:20:53Z,0.0089382864534854
2021-08-17T14:15:03Z,-0.6950259655714035
2021-08-17T15:50:00Z,0.0239145811647176
2021-08-17T16:21:57Z,0.0149592533707618
2021-08-17T16:43:47Z,-0.8546767123043537
2021-08-17T17:00:41Z,0.044864185154438
2021-08-17T17:04:28Z,0.9177216589450836
2021-08-17T19:13:28Z,0.0237237978726625
2021-08-17T19:54:33Z,-0.7177836839109659
2021-08-17T20:23:37Z,-0.9621700155548752
2021-08-17T22:05:58Z,-0.5146628059446812
2021-08-18T03:57:25Z,0.0360476002097129
2021-08-18T09:11:44Z,-0.956535561941564
2021-08-18T11:27:26Z,0.4520060569047928
2021-08-18T13:30:45Z,-0.0390926599502563
2021-08-18T09:29:09Z,-0.7385502718389034
2021-08-18T15:59:25Z,-0.9116035234183072
2021-08-18T16:17:06Z,0.8984900265932083
2021-08-18T17:57:41Z,-0.8546767123043537
2021-08-18T18:25:57Z,0.062408635392785
2021-08-18T20:27:25Z,0.261430062353611
2021-08-19T07:07:43Z,0.932132799178362
2021-08-19T10:20:14Z,-0.6930341869592667
2021-08-19T12:23:52Z,0.0430648364126682
2021-08-18T20:06:19Z,-0.955209519714117
2021-08-19T09:51:04Z,-0.939990765415132
2021-08-19T13:37:42Z,-0.0411197952926158
2021-08-19T13:52:07Z,-0.9010848924517632
2021-08-18T20:41:28Z,0.5047671645879745
2021-08-19T16:20:16Z,-0.0488056801259517
2021-08-19T17:42:34Z,0.8576966682448983
2021-08-19T18:27:22Z,0.9202357530593872
2021-08-19T18:41:47Z,-0.6855326611548662
2021-08-19T19:28:41Z,0.5188007429242134
2021-08-19T19:57:29Z,0.0693215327337384
2021-08-19T20:34:03Z,0.0535731259733438
2021-08-19T22:00:30Z,0.0051364563405513
2021-08-19T22:38:41Z,-0.2975822240114212
2021-08-20T07:49:37Z,-0.6547185685485601
2021-08-20T10:51:33Z,0.0949247339740395
2021-08-20T11:13:01Z,0.0527047850191593
2021-08-20T13:16:56Z,-0.8271169010549784
2021-08-20T13:23:48Z,-0.0366883985698223
2021-08-20T14:02:20Z,0.0038462616503238
2021-08-20T14:20:47Z,-0.2643929831683635
2021-08-19T19:16:59Z,-0.4483296275138855
2021-07-09T07:23:54Z,-0.0149597823619842
2021-06-09T20:39:25Z,0.1059675142168998
2021-08-20T16:56:08Z,-0.4483296275138855
2021-08-20T17:11:42Z,0.095729598775506
2021-08-20T19:52:40Z,-0.7890457659959793
2021-08-20T20:28:36Z,-0.3734646961092949
2021-08-20T20:50:18Z,-0.7280029281973839
2021-08-21T17:03:38Z,0.0118230450898408
2021-08-21T13:42:25Z,0.0026603024452924
2021-08-21T21:27:51Z,0.0582719454541802
2021-08-23T09:04:35Z,0.1912233596667647
2021-08-23T09:27:52Z,0.0147717744112014
2021-08-23T12:55:50Z,0.1274349633604288
2021-08-23T13:13:36Z,0.4469029419124126
2021-08-23T14:13:21Z,-0.4659217223525047
2021-08-23T14:25:37Z,0.898923366330564
2021-08-23T15:14:00Z,0.1675041802227497
2021-08-23T17:11:49Z,-0.4483296275138855
2021-08-24T06:36:37Z,0.0003689099103212
2021-08-24T09:09:16Z,-0.8230903744697571
2021-08-24T09:23:44Z,-0.0884988661855459
2021-08-24T09:38:56Z,0.5762423221021891
2021-08-24T10:44:23Z,0.0778394816443324
2021-08-24T11:51:32Z,0.4274830222129822
2021-08-24T12:40:53Z,0.0999971255660057
2021-08-24T13:00:00Z,-0.5797581970691681
2021-08-24T13:01:22Z,-0.2444834038615226
2021-08-24T13:13:56Z,0.776094313710928
2021-08-24T13:15:37Z,-0.2645111083984375
2021-08-24T13:59:03Z,-0.769239716231823
2021-08-24T14:16:31Z,0.8958498146384954
2021-08-24T14:43:54Z,-0.8287365511059761
2021-08-24T14:47:57Z,0.878926333039999
2021-08-24T15:26:03Z,0.67653847951442
2021-08-24T15:43:05Z,0.0407048910856246
2021-08-24T16:08:50Z,-0.9306068764999508
2021-08-24T16:47:25Z,-0.863484213128686
2021-08-24T17:05:33Z,0.0465877745300531
2021-08-24T18:06:46Z,-0.4483296275138855
2021-08-24T18:49:44Z,0.033487819135189
2021-08-24T19:13:38Z,-0.8716875370591879
2021-08-24T19:21:05Z,0.0522892428562045
2021-08-24T20:30:37Z,-0.8812413886189461
2021-08-24T21:09:47Z,0.1035515386611223
2021-08-24T22:05:07Z,0.0170584190636873
2021-08-24T23:59:29Z,0.0366526283323764
2021-08-25T03:10:50Z,0.4666523300111294
2021-08-25T06:53:12Z,0.0900280429050326
2021-08-25T09:37:51Z,0.0629679728299379
2021-08-25T10:31:37Z,0.8038594173267484
2021-08-25T10:35:39Z,-0.0089814979583024
2021-08-25T10:37:03Z,0.8855087235569954
2021-08-25T12:41:57Z,-0.2425947617739439
2021-08-25T12:47:38Z,0.0733697609975934
2021-08-25T13:23:40Z,-0.036611370742321
2021-08-25T13:36:19Z,-0.1261286009103059
2021-08-25T13:45:40Z,0.1974797267466783
2021-08-25T14:13:37Z,-0.0303589086979627
2021-08-25T14:43:08Z,0.0259247925132513
2021-08-25T15:19:24Z,0.8118367744609714
2021-08-25T15:20:32Z,-0.135477639734745
2021-08-25T16:53:23Z,-0.8546767123043537
2021-08-25T17:01:54Z,0.3608816238120198
2021-08-25T17:58:22Z,0.9128165133297445
2021-08-25T19:44:11Z,0.3890102803707123
2021-08-25T19:58:35Z,0.9229139676317571
2021-08-25T20:08:58Z,0.724229246377945
2021-08-26T03:42:48Z,0.3916432624682784
2021-08-26T04:26:07Z,-0.5373704358935356
2021-08-26T05:28:27Z,-0.444127568975091
2021-08-26T09:42:24Z,0.4511216506361961
2021-08-26T10:25:10Z,0.1167763918638229
2021-08-26T11:23:34Z,0.0475510861724615
2021-08-26T13:33:29Z,-0.036792216822505
2021-08-26T14:24:21Z,0.0277687385678291
2021-08-26T14:55:41Z,0.7272571548819542
2021-08-26T15:00:39Z,0.0105245001614093
2021-08-26T15:04:19Z,0.0342438770458102
2021-08-26T15:55:08Z,0.0664811637252569
2021-08-26T15:56:49Z,-0.0070282444357872
2021-08-26T17:24:50Z,0.8196428343653679
2021-08-26T17:30:30Z,0.0667209718376398
2021-08-26T19:34:36Z,0.40671840403229
2021-08-26T20:06:02Z,-0.6765669491142035
2021-08-26T20:26:04Z,0.0423146393150091
2021-08-26T20:37:26Z,-0.9034308344125748
2021-08-27T04:55:36Z,0.6537266802042723
2021-08-27T06:31:11Z,0.0886959386989474
2021-08-27T08:30:07Z,0.2149248588830232
2021-08-27T11:31:14Z,0.0616238042712211
2021-08-27T13:21:12Z,-0.0379324313253164
2021-08-27T14:05:27Z,-0.8865620326250792
2021-08-27T14:20:44Z,0.0722410324960947
2021-08-27T15:30:03Z,-0.0252309627830982
2021-08-27T17:10:34Z,0.2140443623065948
2021-08-27T18:49:53Z,-0.9108936320990324
2021-08-27T20:13:17Z,0.0213348511606454
2021-08-27T20:53:18Z,0.8197816982865334
2021-08-28T14:41:35Z,0.570345364511013
2021-08-28T16:37:49Z,-0.0268111303448677
2021-08-28T17:47:31Z,0.0449435096234083
2021-08-28T19:58:53Z,0.9333474645391108
2021-08-29T18:09:07Z,-0.0184955149888992
2021-08-30T03:20:09Z,-0.0656087920069694
2021-08-30T06:32:43Z,0.4901316342875361
2021-08-30T08:30:01Z,-0.3086194209754467
2021-08-30T08:34:36Z,0.0748109593987464
2021-08-30T09:02:39Z,-0.0006230063736438
2021-08-30T04:00:36Z,-0.0955752152949571
2021-08-30T11:05:30Z,-0.2447116374969482
2021-08-30T12:58:11Z,0.0401306245476007
2021-08-30T13:37:31Z,0.0584065206348896
2021-08-30T14:10:54Z,-0.0506888963282108
2021-08-30T14:26:55Z,0.9205428119748832
2021-08-30T14:26:54Z,-0.0313102900981903
2021-08-30T14:40:59Z,0.2105631912127137
2021-08-30T15:05:16Z,0.1448538694530725
2021-08-30T16:15:24Z,-0.5793090425431728
2021-08-30T16:26:35Z,-0.0062071029096841
2021-08-30T16:29:10Z,0.8216975517570972
2021-08-30T16:30:51Z,0.0659947842359542
2021-08-30T16:53:00Z,-0.3302927538752556
2021-08-30T16:53:51Z,0.90927233081311
2021-08-30T18:35:18Z,-0.8283397629857063
2021-08-30T18:48:24Z,-0.9131732117384672
2021-08-30T19:48:33Z,0.8791808309033513
2021-08-30T19:59:47Z,0.0274488441646099
2021-08-30T20:00:07Z,-0.9530489621683956
2021-08-30T20:04:13Z,-0.1171590760350227
2021-08-30T20:12:57Z,0.061183888465166
2021-08-30T21:00:38Z,-0.8639298928901553
2021-08-30T21:49:47Z,0.8631360530853271
2021-08-30T21:52:06Z,-0.0630699545145034
2021-08-31T02:08:08Z,0.1007922170683741
2021-08-31T04:14:23Z,0.9040526133030652
2021-08-31T06:02:11Z,-0.89358517434448
2021-08-31T09:54:20Z,0.0145215429365634
2021-08-31T09:54:58Z,0.410064548254013
2021-08-31T10:26:33Z,0.0927708074450492
2021-08-31T12:52:51Z,0.046428445726633
2021-08-31T14:01:46Z,0.6576268803328276
2021-08-31T14:17:57Z,0.0143380891531705
2021-08-31T14:21:33Z,0.3627910017967224
2021-08-31T15:38:13Z,-0.0387961622327566
2021-08-31T20:05:22Z,-0.2319527864456176
2021-08-31T20:49:35Z,0.2324605258181691
2021-08-31T21:05:48Z,0.0536732813343405
2021-08-31T21:52:51Z,0.0195151157677173
2021-09-01T08:49:11Z,0.5727857546880841
2021-09-01T06:40:59Z,0.1689596399664878
2021-09-01T10:12:01Z,-0.0246798209846019
2021-09-01T13:01:37Z,0.0952507378533482
2021-09-01T13:06:36Z,0.7352209640666842
2021-09-01T13:26:18Z,-0.0379169713705778
2021-09-01T13:38:19Z,0.0515949446707963
2021-09-01T13:50:47Z,-0.960579096339643
2021-09-01T14:12:59Z,-0.4007410239428282
2021-09-01T14:55:06Z,-0.7342742849141359
2021-09-01T16:46:04Z,0.0175748467445373
2021-09-01T16:47:34Z,-0.8546767123043537
2021-09-01T16:50:54Z,-0.2030145172029733
2021-09-01T17:28:53Z,0.098159035667777
2021-09-01T19:18:46Z,-0.799246221780777
2021-09-01T19:33:40Z,0.3749451078474521
2021-09-02T02:43:39Z,0.0389879047870636
2021-09-02T09:00:07Z,-0.908438179641962
2021-09-02T09:31:53Z,-0.9430087795481086
2021-09-02T11:09:23Z,0.1660275580361485
2021-09-02T13:14:20Z,-0.9446552880108356
2021-09-02T13:31:41Z,-0.0406292956322431
2021-09-02T14:00:05Z,0.2540774950757622
2021-09-02T15:12:52Z,0.163425987586379
2021-09-02T15:15:04Z,-0.767091978341341
2021-09-02T16:14:38Z,-0.0111997164785861
2021-09-02T16:21:11Z,-0.7664732336997986
2021-09-02T16:45:18Z,0.1585237979888916
2021-09-02T17:44:32Z,-0.4483296275138855
2021-09-02T18:06:11Z,-0.0760194845497608
2021-09-02T18:37:32Z,-0.7508314624428749
2021-09-02T18:58:18Z,0.7853311635553837
2021-09-02T18:59:15Z,-0.2197482604533434
2021-09-02T19:21:26Z,0.5811688518151641
2021-09-02T18:33:42Z,0.1642370745539665
2021-09-02T20:49:20Z,-0.1672675162553787
2021-09-03T03:05:11Z,0.0108154881745576
2021-09-03T05:25:15Z,0.0414318395778536
2021-09-03T09:46:12Z,0.04899787530303
2021-09-03T10:29:53Z,0.0542589500546455
2021-09-03T13:10:48Z,-0.4386976659297943
2021-09-03T13:22:10Z,-0.0367836784571409
2021-09-03T16:55:22Z,0.0529230181127786
2021-09-03T17:59:01Z,-0.4483296275138855
2021-09-04T13:35:28Z,0.0103608015924692
2021-09-04T13:52:51Z,-0.8595718368887901
2021-09-04T16:01:00Z,-0.8781027868390083
2021-09-04T16:19:07Z,0.1164106735959649
2021-09-05T18:39:32Z,0.8265565894544125
2021-09-06T13:30:18Z,0.0609000483527779
2021-09-07T06:52:42Z,0.0435528317466378
2021-09-07T09:41:58Z,-0.9493658542633056
2021-09-07T10:03:46Z,0.8443554900586605
2021-09-07T10:31:47Z,0.8608530331403017
2021-09-07T10:45:10Z,-0.8992009945213795
2021-09-07T12:08:43Z,0.931533494964242
2021-09-07T14:24:50Z,-0.0187384542077779
2021-09-07T16:35:35Z,-0.1536614671349525
2021-09-07T16:48:19Z,-0.5999117493629456
2021-09-07T17:30:17Z,0.5752432644367218
2021-09-07T17:08:37Z,0.935034797526896
2021-09-07T17:53:59Z,-0.8456118553876877
2021-09-07T18:00:02Z,-0.0188100710511207
2021-09-07T19:23:26Z,-0.4335548114031553
2021-09-07T19:51:29Z,-0.8803010946139693
2021-09-07T20:18:54Z,-0.8842533957213163
2021-09-07T20:33:39Z,0.0707963854074478
2021-09-07T20:48:18Z,0.0513402577489614
2021-09-07T21:19:04Z,0.1173067428171634
2021-09-08T07:28:57Z,0.8980378098785877
2021-09-08T07:37:29Z,0.0639432435855269
2021-09-08T09:32:42Z,-0.5628890991210938
2021-09-08T10:08:11Z,-0.0746875535696744
2021-09-08T11:11:07Z,-0.9409243855625392
2021-09-08T13:45:49Z,0.5816790834069252
2021-09-08T14:19:47Z,0.149257393553853
2021-09-08T14:43:34Z,-0.4707252830266952
2021-09-08T14:50:06Z,0.1417363295331597
2021-09-08T14:19:32Z,0.8500733375549316
2021-09-08T15:17:02Z,0.0606951871886849
2021-09-08T16:37:41Z,-0.8546767123043537
2021-09-08T17:19:08Z,-0.3816033825278282
2021-09-08T17:28:54Z,-0.2022654712200164
2021-09-08T19:57:06Z,0.0181821305304765
2021-09-08T20:49:00Z,0.0706227412447333
2021-09-08T20:53:47Z,0.6573444092646241
2021-09-08T20:56:09Z,0.2660124767571687
2021-09-08T22:00:44Z,0.925524203106761
2021-09-09T10:34:49Z,-0.0359085090458393
2021-09-09T11:36:46Z,0.2031658161431551
2021-09-09T11:40:53Z,0.0600639535114169
2021-09-09T13:49:47Z,0.785631038248539
2021-09-09T14:02:29Z,-0.0406309925019741
2021-09-09T14:08:28Z,0.1582381650805473
2021-09-09T14:14:41Z,0.414412522688508
2021-09-09T14:29:09Z,-0.5612265206873417
2021-09-09T15:12:56Z,-0.1340648382902145
2021-09-09T16:53:44Z,0.029565081000328
2021-09-09T17:01:51Z,0.1588292839005589
2021-09-09T17:19:23Z,0.0486148763447999
2021-09-09T17:19:59Z,-0.8546767123043537
2021-09-09T17:22:56Z,-0.546508215367794
2021-09-09T18:03:45Z,0.0937754027545452
2021-09-09T18:07:53Z,0.2078893296420574
2021-09-09T18:11:54Z,0.7309443801641464
2021-09-09T19:50:22Z,0.6418464034795761
2021-09-09T19:56:58Z,0.0586362602189183
2021-09-09T19:58:50Z,0.1005766987800598
2021-09-09T20:00:01Z,0.1949820285663008
2021-09-10T04:16:00Z,0.4380611125379801
2021-09-10T06:18:45Z,0.0142981875687837
2021-09-10T08:22:06Z,-0.9416670138016344
2021-09-10T10:12:14Z,0.7152339406311512
2021-09-10T10:52:02Z,0.9330835305154324
2021-09-10T12:09:57Z,0.3524879440665245
2021-09-10T12:37:15Z,0.3818880701437592
2021-09-10T12:55:40Z,0.6377008855342865
2021-09-10T13:04:48Z,0.8913644263520837
2021-09-10T13:46:22Z,0.1008147345855832
2021-09-10T14:08:12Z,-0.9321359638124704
2021-09-10T14:15:59Z,0.3864721739664674
2021-09-10T14:28:56Z,-0.0061808414757251
2021-09-10T15:20:36Z,-0.7431224100291729
2021-09-10T15:22:25Z,-0.8467723093926907
2021-09-10T15:24:38Z,-0.5380831211805344
2021-09-10T15:25:45Z,-0.3101247549057007
2021-09-10T15:26:51Z,-0.3072028048336506
2021-09-10T15:37:31Z,-0.0709473118185997
2021-09-10T15:38:30Z,-0.6185967642813921
2021-09-10T15:45:06Z,-0.9089827043935657
2021-09-10T16:49:32Z,-0.9250386338680984
2021-09-10T16:50:28Z,0.2357311826199293
2021-09-10T16:51:19Z,0.554642841219902
2021-09-10T16:53:06Z,0.4675592482089996
2021-09-10T17:07:42Z,-0.2379998043179512
2021-09-10T17:20:27Z,0.8874170929193497
2021-09-10T17:25:16Z,-0.1387539133429527
2021-09-10T17:31:58Z,0.8483542390167713
2021-09-10T17:39:10Z,-0.8546767123043537
2021-09-10T17:47:42Z,0.0007847063243389
2021-09-10T17:54:52Z,-0.344340605661273
2021-09-10T18:37:39Z,0.0522350529208779
2021-09-10T19:17:14Z,0.4474076116457581
2021-09-10T19:47:28Z,0.12186692468822
2021-09-10T20:15:01Z,0.1125557962805032
2021-09-10T20:17:02Z,0.0444939825683832
2021-09-10T21:47:59Z,-0.033111160621047
2021-09-11T13:40:13Z,0.1436232514679432
2021-09-11T19:00:56Z,-0.8868426475673914
2021-09-12T12:59:53Z,-0.0670434907078743
2021-09-12T13:46:53Z,0.0126731470227241
2021-09-13T02:12:05Z,-0.1975558847188949
2021-09-13T02:58:58Z,0.0817948672920465
2021-09-13T06:17:03Z,-0.8919736910611391
2021-09-13T08:27:31Z,0.5751527799293399
2021-09-13T09:32:18Z,-0.9239774644374849
2021-09-13T10:10:48Z,0.8988283462822437
2021-09-13T10:14:59Z,-0.0370705351233482
2021-09-13T10:08:47Z,0.1545985555276274
2021-09-13T10:55:37Z,-0.0291630402207374
2021-09-13T15:13:36Z,-0.6617215424776077
2021-09-13T15:54:54Z,0.8396700210869312
2021-09-13T15:55:06Z,-0.8700065687298775
2021-09-13T16:48:34Z,-0.4483296275138855
2021-09-13T17:22:23Z,0.021170575171709
2021-09-13T20:58:03Z,0.25601786095649
2021-09-14T03:04:08Z,-0.9212859068065882
2021-09-14T07:01:06Z,-0.9431642135605216
2021-09-14T08:18:53Z,0.0291810687631368
2021-09-14T09:46:24Z,-0.9448195584118366
2021-09-14T09:55:21Z,-0.9006341584026814
2021-09-14T10:24:06Z,-0.1532635651528835
2021-09-14T10:27:03Z,-0.3540307469666004
2021-09-14T11:03:57Z,-0.6846560472622514
2021-09-14T11:26:17Z,0.0571780502796173
2021-09-14T12:51:49Z,0.1567399557679891
2021-09-14T13:29:12Z,0.4861746979877352
2021-09-14T14:38:21Z,-0.6485555693507195
2021-09-14T14:53:45Z,0.121800678782165
2021-09-14T15:12:15Z,0.793033055961132
2021-09-14T15:25:20Z,-0.2373229898512363
2021-09-13T19:03:47Z,0.1508042560890317
2021-09-14T16:36:36Z,-0.4483296275138855
2021-09-14T17:00:16Z,-0.953087592497468
2021-09-14T17:02:56Z,-0.0008715949952602
2021-09-14T17:03:21Z,0.0173349920660257
2021-09-14T17:04:00Z,0.0152947772294282
2021-09-14T17:05:08Z,0.9369359295815228
2021-09-14T17:06:03Z,-0.0035244207829236
2021-09-14T17:07:26Z,0.0410948731005191
2021-09-14T17:08:06Z,0.1870135050266981
2021-09-14T17:09:32Z,0.2240281207486987
2021-09-14T17:10:15Z,0.0489565432071685
2021-09-14T17:11:13Z,0.1341215223073959
2021-09-14T17:11:48Z,0.0568661168217659
2021-09-14T17:12:11Z,0.0877108722925186
2021-09-14T17:12:33Z,0.0215394180268049
2021-09-14T17:13:06Z,0.0679793311282992
2021-09-14T17:13:44Z,0.057084297761321
2021-09-14T17:14:15Z,0.0445896927267313
2021-09-14T17:16:15Z,0.0609129546210169
2021-09-14T17:16:49Z,0.2344269845634699
2021-09-14T17:17:35Z,0.0380945540964603
2021-09-14T17:18:21Z,0.209327207878232
2021-09-14T17:19:02Z,0.062166086398065
2021-09-14T17:20:59Z,0.0773407742381095
2021-09-14T17:22:05Z,0.0119562447071075
2021-09-14T17:23:09Z,0.0777727290987968
2021-09-14T17:23:45Z,0.1475379597395658
2021-09-14T17:24:24Z,-0.0082000065594911
2021-09-14T17:24:48Z,0.2600172245875001
2021-09-14T17:26:39Z,0.0103248991072177
2021-09-14T17:28:15Z,0.0770138185471296
2021-09-14T17:29:01Z,0.000313427299261
2021-09-14T17:29:16Z,-0.0069284625351428
2021-09-14T15:51:06Z,0.0101998466998338
2021-09-14T17:31:11Z,-0.000966127961874
2021-09-14T17:32:47Z,0.095159837976098
2021-09-14T17:35:46Z,-0.948734188452363
2021-09-14T17:38:27Z,-0.0300449300557374
2021-09-14T17:39:55Z,-0.0289553944021463
2021-09-14T17:40:43Z,0.0892277341336011
2021-09-14T17:41:38Z,0.1048943996429443
2021-09-14T17:41:58Z,0.3294089222326875
2021-09-14T17:42:17Z,0.0210503693670034
2021-09-14T17:43:18Z,0.0857064463198185
2021-09-14T17:43:52Z,0.0615528021007776
2021-09-14T17:44:20Z,0.0761293834075331
2021-09-14T17:46:20Z,0.0083723533898592
2021-09-14T17:46:45Z,0.0165751930326223
2021-09-14T17:48:00Z,0.0195316057652235
2021-09-14T17:53:10Z,0.7877692375332117
2021-09-14T17:54:24Z,0.1100824018940329
2021-09-14T17:55:30Z,0.0417963750660419
2021-09-14T17:55:51Z,0.0307229273021221
2021-09-14T17:58:14Z,0.0142888333648443
2021-09-14T17:59:30Z,0.0250332243740558
2021-09-14T18:02:42Z,0.2200987841933965
2021-09-14T18:04:59Z,0.0061552952975034
2021-09-14T18:15:10Z,0.0377381686121225
2021-09-14T18:15:48Z,-0.0035092309117317
2021-09-14T18:18:12Z,-0.9485817048698664
2021-09-14T16:51:59Z,0.019068356603384
2021-09-14T20:08:41Z,0.0362478420138359
2021-09-14T20:10:00Z,0.1459579309448599
2021-09-14T20:22:54Z,0.126432997174561
2021-09-14T20:34:44Z,-0.2035215720534324
2021-09-14T21:55:13Z,0.0113355610519647
2021-09-15T08:22:52Z,-0.5552599914371967
2021-09-15T09:53:36Z,0.0229599941521883
2021-09-15T09:55:43Z,0.1479572206735611
2021-09-15T10:49:30Z,0.5907648894935846
2021-09-15T11:42:09Z,0.2183981351554393
2021-09-15T11:45:25Z,0.0325877219438552
2021-09-15T13:44:46Z,0.0976367453113198
2021-09-15T13:57:01Z,-0.0501182787120342
2021-09-15T14:35:46Z,-0.6760406792163849
2021-09-15T15:34:23Z,0.5184769425541162
2021-09-15T16:05:13Z,-0.0421279389411211
2021-09-15T16:43:34Z,-0.533132754266262
2021-09-15T17:05:00Z,-0.8517876528203487
2021-09-15T17:24:40Z,0.0403455328196287
2021-09-15T19:03:11Z,0.0050001889467239
2021-09-15T20:07:03Z,-0.0913232043385505
2021-09-15T20:37:14Z,0.1015365067869424
2021-09-15T21:11:06Z,0.0492142494767904
2021-09-16T01:09:31Z,0.0343313682824373
2021-09-16T05:16:07Z,0.1378617230802774
2021-09-16T06:53:13Z,-0.940599825233221
2021-09-16T09:59:01Z,-0.8537127040326595
2021-09-16T10:18:39Z,0.1140457345172762
2021-09-16T10:28:25Z,-0.4447267819195986
2021-09-16T10:40:58Z,0.8779405914247036
2021-09-16T12:11:59Z,-0.6533978879451752
2021-09-16T17:25:12Z,-0.8546767123043537
2021-09-16T18:24:55Z,-0.0136558171361684
2021-09-16T19:54:53Z,0.0631369445472955
2021-09-17T09:22:01Z,0.1378698535263538
2021-09-17T10:41:05Z,0.0686373515054583
2021-09-17T10:50:23Z,0.037131474353373
2021-09-17T11:30:32Z,0.0727079911157488
2021-09-17T12:24:41Z,-0.9411127483472228
2021-09-17T13:00:59Z,0.0930149052292108
2021-09-17T13:40:34Z,-0.2448028177022934
2021-09-17T13:41:23Z,-0.9581963252276182
2021-09-17T14:37:17Z,0.055195041000843
2021-09-17T15:34:20Z,0.116070432588458
2021-09-17T16:28:48Z,-0.0296045839786529
2021-09-17T16:49:43Z,-0.8546767123043537
2021-09-17T17:05:55Z,-0.1596062071621418
2021-09-17T17:11:04Z,0.5717381611466408
2021-09-17T17:15:56Z,0.0046234354376792
2021-09-17T18:11:18Z,0.839816264808178
2021-09-17T19:31:31Z,-0.0022889114916324
2021-09-17T19:53:42Z,-0.8311174474656582
2021-09-17T20:11:05Z,0.0386769361793994
2021-09-18T14:11:00Z,0.0120050925761461
2021-09-18T20:17:32Z,0.0313971508294343
2021-09-18T20:41:00Z,-0.6653589680790901
2021-09-19T14:02:50Z,0.2030504336580634
2021-09-19T16:39:12Z,-0.0537752378731966
2021-09-20T09:13:06Z,0.7879328653216362
2021-09-20T09:41:08Z,0.0089565590023994
2021-09-20T10:01:24Z,0.9339186390861868
2021-09-20T10:29:12Z,0.0070682056248188
2021-09-20T11:55:37Z,-0.1845074519515037
2021-09-20T13:58:59Z,0.052616954781115
2021-09-20T14:10:23Z,-0.8311174474656582
2021-09-20T14:30:26Z,0.2175917085260152
2021-09-20T14:41:53Z,0.895697589032352
2021-09-20T15:10:59Z,-0.5778317451477051
2021-09-20T15:23:34Z,0.1809894405305385
2021-09-20T15:28:09Z,0.0662552751600742
2021-09-20T15:37:05Z,-0.4622099250555038
2021-09-20T15:48:22Z,-0.9362961305305362
2021-09-20T17:17:02Z,0.0918960180133581
2021-09-20T17:35:42Z,-0.0249918028712272
2021-09-20T18:01:51Z,-0.8546767123043537
2021-09-20T19:21:51Z,-0.1525063700973987
2021-09-20T19:24:21Z,-2.8856098651885983e-05
2021-09-20T20:28:54Z,0.0362478420138359
2021-09-21T01:08:55Z,0.1548010059632361
2021-09-21T06:06:09Z,0.2590820309706032
2021-09-21T03:59:40Z,-0.9524530293419956
2021-09-21T09:27:29Z,-0.0414922907948493
2021-09-19T15:05:23Z,0.0220288969576358
2021-09-21T12:44:46Z,0.1737414859235286
2021-09-21T13:04:21Z,0.1070387186482548
2021-09-21T13:40:29Z,0.0114996321499347
2021-09-21T14:43:09Z,0.0593433957546949
2021-09-21T14:44:22Z,0.0179707519710063
2021-09-21T15:57:25Z,-0.0225961804389953
2021-09-21T17:20:45Z,0.062262337654829
2021-09-21T17:53:06Z,-0.8546767123043537
2021-09-21T17:58:50Z,0.1046279603615403
2021-09-21T19:06:58Z,0.0059097856283187
2021-09-21T19:37:23Z,0.6367946127429605
2021-09-21T20:41:45Z,-0.0095137506723403
2021-09-22T10:45:21Z,0.0511910896748304
2021-09-22T11:09:03Z,0.0542204901576042
2021-09-22T13:37:20Z,-0.0388083290308713
2021-09-22T14:04:33Z,0.1760126072913408
2021-09-22T14:11:59Z,-0.9221115577965976
2021-09-22T15:04:03Z,-0.8000545781105757
2021-09-22T16:07:40Z,0.9207489397376776
2021-09-22T16:37:47Z,-0.0306927524507045
2021-09-22T16:44:03Z,-0.9430589992552996
2021-09-22T16:47:07Z,0.8846072815358639
2021-09-22T16:55:30Z,-0.8864129967987537
2021-09-22T16:56:57Z,-0.4483296275138855
2021-09-22T16:58:18Z,-0.311032984405756
2021-09-22T17:22:03Z,0.0295531265437603
2021-09-22T18:22:51Z,0.0206334721297025
2021-09-23T05:43:17Z,0.0193080678582191
2021-09-23T08:53:13Z,-0.3440639227628708
2021-09-23T10:24:41Z,-0.747859850525856
2021-09-23T11:29:54Z,0.4758502133190632
2021-09-23T13:45:14Z,-0.0404621474444866
2021-09-23T14:40:53Z,0.8634336963295937
2021-09-23T15:29:36Z,0.4777533202432096
2021-09-23T15:35:13Z,0.9316766811534762
2021-09-23T15:42:34Z,0.7660197746008635
2021-09-23T16:44:25Z,-0.8546767123043537
2021-09-23T16:53:59Z,-0.6577972769737244
2021-09-23T16:22:11Z,-0.9307219386100768
2021-09-23T17:43:15Z,-0.4038539081811905
2021-09-23T19:03:00Z,-0.9268264137208462
2021-09-23T19:49:59Z,-0.1293399818241596
2021-09-23T21:21:35Z,-0.8530547954142094
2021-09-24T07:09:29Z,-0.4047837369143963
2021-09-24T09:39:16Z,-0.8731237389147282
2021-09-24T11:09:25Z,-0.9426632784307004
2021-09-24T11:11:04Z,0.1600231789052486
2021-09-24T13:14:22Z,0.0294518172740936
2021-09-24T13:40:21Z,-0.0353210382163524
2021-09-24T13:43:29Z,0.8777771256864071
2021-09-24T16:03:07Z,0.0811225799843669
2021-09-24T17:59:53Z,-0.8546767123043537
2021-09-24T18:18:19Z,-0.9501034980639816
2021-09-25T13:59:31Z,0.0017322078347206
2021-09-25T16:05:42Z,-0.0632378160953521
2021-09-25T21:00:25Z,0.9268759489059448
2021-09-25T19:54:24Z,0.8128585573285818
2021-09-26T15:20:37Z,-0.0536092277616262
2021-09-27T06:59:13Z,-0.9579925276339054
2021-09-27T08:39:27Z,0.0132116004824638
2021-09-27T09:41:39Z,-0.944004947785288
2021-09-27T10:01:46Z,0.7818122245371342
2021-09-27T10:09:13Z,0.9075766913592817
2021-09-27T10:57:26Z,0.1472992422059178
2021-09-27T11:36:28Z,-0.9525610534474254
2021-09-27T12:25:43Z,-0.0633296594023704
2021-09-27T11:03:31Z,-0.0846266932785511
2021-09-27T14:23:41Z,0.1890446813777089
2021-09-27T14:30:52Z,0.0059055685997009
2021-09-27T15:04:37Z,0.1692580180242657
2021-09-27T15:30:30Z,-0.2642588913440704
2021-09-27T17:01:30Z,-0.8546767123043537
2021-09-27T19:46:09Z,-0.0183018818497657
2021-09-27T19:57:28Z,-0.0538567174226045
2021-09-27T20:26:26Z,0.5621989443898201
2021-09-27T20:37:58Z,0.080688863992691
2021-09-27T21:07:28Z,-0.2666053082793951
2021-09-28T03:29:38Z,0.8976615518331528
2021-09-28T05:54:35Z,0.0016074106097221
2021-09-28T10:00:59Z,0.7819874351844192
2021-09-28T11:52:51Z,0.9389886483550072
2021-09-28T14:08:12Z,-0.0845910012722015
2021-09-28T14:12:24Z,-0.1455835998058319
2021-09-28T14:12:35Z,-0.9234586153179408
2021-09-28T16:07:45Z,-0.0309410840272903
2021-09-28T16:47:50Z,0.8676557503640652
2021-09-28T17:16:51Z,-0.0373291075229644
2021-09-28T18:01:06Z,-0.4483296275138855
2021-09-28T21:20:55Z,-0.90817666426301
2021-09-29T09:54:49Z,0.0898093124851584
2021-09-29T10:49:50Z,0.0161123797297477
2021-09-29T11:59:16Z,-0.5647450834512711
2021-09-29T14:09:34Z,-0.035573586821556
2021-09-29T16:41:11Z,-0.684809286147356
2021-09-29T17:23:08Z,-0.8546767123043537
2021-09-29T21:42:21Z,0.1884908396750688
2021-09-30T04:26:26Z,-0.5059481002390385
2021-09-30T09:42:58Z,-0.3292974159121513
2021-09-30T11:03:15Z,0.0035877972841262
2021-09-30T13:25:26Z,0.0351515635848045
2021-09-30T15:04:09Z,0.0187145769596099
2021-09-30T18:58:20Z,-0.8546767123043537
2021-09-30T20:03:13Z,0.1067819483578205
2021-09-30T21:56:43Z,0.0230373423546552
2021-10-01T05:48:22Z,-0.8367864927276969
2021-10-01T08:54:26Z,0.1435932945460081
2021-10-01T13:22:46Z,-0.0364009328186512
2021-10-01T15:18:06Z,0.0217498280107975
2021-10-01T15:24:45Z,0.9195770416408776
2021-10-01T16:51:03Z,-0.8546767123043537
2021-10-01T18:06:13Z,0.0377778653055429
2021-10-01T18:09:03Z,0.0706520844250917
2021-10-01T21:53:17Z,0.0176393799483776
2021-10-02T13:58:30Z,0.0158353894948959
2021-10-03T15:03:58Z,-0.0117688048630952
2021-10-04T05:09:51Z,0.6854584207758307
2021-10-04T09:01:41Z,-0.0550536476075649
2021-10-04T09:19:39Z,-0.0277479849755764
2021-10-04T10:28:15Z,-0.9503664672374724
2021-10-04T14:41:36Z,-0.0373291075229644
2021-10-04T15:48:25Z,0.0130704008042812
2021-10-04T16:13:29Z,0.0097273141145706
2021-10-04T18:12:47Z,-0.4483296275138855
2021-10-04T18:15:31Z,-0.1565869208425283
2021-10-04T19:09:22Z,0.0873987404629588
2021-10-04T20:31:58Z,-0.0532578211277723
2021-10-05T08:45:36Z,-0.9219813365489244
2021-10-05T10:28:31Z,0.0408732146024704
2021-10-05T14:31:33Z,-0.101912323385477
2021-10-05T14:45:36Z,0.332682367414236
2021-10-05T14:45:46Z,-0.1205109655857086
2021-10-05T15:32:04Z,0.0754968468099832
2021-10-05T15:57:07Z,0.0202660076320171
2021-10-05T16:38:54Z,-0.8546767123043537
2021-10-05T17:08:39Z,0.424396013841033
2021-10-05T18:35:42Z,-0.0022100917994976
2021-10-05T19:01:01Z,0.065787655301392
2021-10-05T20:11:32Z,-0.0532578211277723
2021-10-06T05:36:27Z,0.0098980814218521
2021-10-06T07:57:59Z,0.5330634443089366
2021-10-06T10:00:05Z,-0.8892560862004757
2021-10-06T12:53:15Z,-0.7911285851150751
2021-10-06T13:01:36Z,0.2356197275221347
2021-10-06T13:24:41Z,0.6431964803487062
2021-10-06T13:40:51Z,-0.040019666776061
2021-10-06T14:13:49Z,0.0748003274202346
2021-10-06T15:00:52Z,0.0243182238191366
2021-10-06T15:33:45Z,0.0063237827271223
2021-10-06T16:37:39Z,0.929477609694004
2021-10-06T16:53:52Z,-0.0078436434268951
2021-10-06T17:00:20Z,0.0391142014414072
2021-10-06T17:53:13Z,-0.8546767123043537
2021-10-06T19:48:49Z,-0.3718825429677963
2021-10-06T21:31:43Z,-0.3971783481538296
2021-10-07T05:48:23Z,-0.787810224108398
2021-10-07T07:05:47Z,0.0307089313864707
2021-09-30T09:53:28Z,-0.0705377049744129
2021-10-07T08:41:40Z,-0.1148207988590002
2021-10-07T10:12:21Z,-0.9306322783231736
2021-10-07T10:31:04Z,-0.8357085101306438
2021-10-07T11:22:58Z,-0.1045992318540811
2021-10-07T11:38:13Z,0.0248045623302459
2021-10-07T13:31:34Z,-0.0417756959795951
2021-10-07T16:47:12Z,-0.4483296275138855
2021-10-07T17:00:23Z,0.0275347903370857
2021-10-07T17:45:47Z,0.0543234888464212
2021-10-07T18:02:22Z,-0.5769471507519484
2021-10-07T19:51:19Z,0.4741765353828668
2021-10-07T20:27:32Z,0.1050188802182674
2021-10-07T20:57:15Z,-0.6701226308941841
2021-10-07T22:14:13Z,0.9167787050828338
2021-10-08T03:34:31Z,0.0172233562916517
2021-10-08T09:57:31Z,0.0178355369716882
2021-10-08T12:16:26Z,0.108512882143259
2021-10-08T12:30:21Z,0.0982470167800784
2021-10-08T13:12:32Z,-0.5107972659170628
2021-10-08T13:18:36Z,-0.0373257137835025
2021-10-08T14:07:00Z,0.0164348613470792
2021-10-08T14:52:11Z,0.1231181444600224
2021-10-08T16:20:48Z,-0.6604468766599894
2021-10-08T16:40:26Z,0.0239389035850763
2021-10-08T18:26:36Z,-0.8546767123043537
2021-10-08T18:56:57Z,0.1312105618417263
2021-10-08T19:48:11Z,-0.0316232722252607
2021-10-08T19:57:05Z,0.0513807069510221
2021-10-08T20:11:28Z,0.1092110779136419
2021-10-09T16:27:34Z,-0.9008126743137836
2021-10-09T18:18:02Z,0.0312258033081889
2021-10-10T03:10:13Z,-0.6050650011748075
2021-10-10T18:52:02Z,0.8059199005365372
2021-10-11T06:50:21Z,0.6224468946456909
2021-10-11T08:49:39Z,-0.6148263290524483
2021-10-11T10:12:54Z,-0.0139592140913009
2021-10-11T14:21:33Z,0.9218219704926014
2021-10-11T15:23:59Z,0.1335002109408378
2021-10-11T18:43:15Z,0.9351183343678712
2021-10-11T18:47:55Z,-0.3833861537277698
2021-10-11T18:54:43Z,0.9061430543661118
2021-10-11T19:09:21Z,-0.0036086048930883
2021-10-12T09:23:18Z,0.1888376157730817
2021-10-12T15:48:49Z,0.932859668508172
2021-10-12T16:14:08Z,-0.1040217876434326
2021-10-12T16:34:57Z,-0.803666964173317
2021-10-12T17:24:57Z,0.7763334102928638
2021-10-12T17:48:48Z,0.7474171938374639
2021-10-12T18:59:38Z,-0.0035799667239189
2021-10-12T19:45:18Z,0.8824006952345371
2021-10-12T20:02:00Z,-0.9541204050183296
2021-10-12T20:15:26Z,0.0100054368376731
2021-10-12T21:19:45Z,-0.9075274746865034
2021-10-13T02:39:16Z,-0.956896654330194
2021-10-13T06:06:02Z,0.7616464807651937
2021-10-13T08:51:26Z,-0.7488780282437801
2021-10-13T10:50:20Z,-0.1120589096099138
2021-10-13T09:33:12Z,0.0846245400607585
2021-10-13T11:00:50Z,0.3628117926418781
2021-10-13T11:48:58Z,0.1359472395852208
2021-10-13T13:40:18Z,-0.0402660258114337
2021-10-13T13:51:37Z,-0.3641832731664181
2021-10-13T13:42:11Z,-0.0052628815174102
2021-10-13T14:06:50Z,0.0861090421676635
2021-10-13T14:55:58Z,0.0049062073230743
2021-10-13T14:58:48Z,-0.8982685320079327
2021-10-13T15:06:15Z,0.0650300979614257
2021-10-13T16:06:05Z,-0.1658174395561218
2021-10-13T17:05:08Z,0.0371828451752662
2021-10-13T14:56:52Z,0.033717181533575
2021-10-13T17:50:07Z,0.3090976094827056
2021-10-13T19:58:05Z,-0.6589811705052853
2021-10-14T09:36:19Z,0.8492903681471944
2021-10-14T10:25:43Z,0.6637662649154663
2021-10-14T11:29:44Z,0.0860392795875668
2021-10-14T11:55:07Z,0.8818991258740425
2021-10-14T14:20:14Z,-5.550682544708252e-07
2021-10-14T14:44:30Z,0.696022336371243
2021-10-14T16:48:16Z,-0.0022100917994976
2021-10-14T18:36:01Z,-0.0008087195456027
2021-10-14T20:24:44Z,-0.7368598133325577
2021-10-15T04:53:30Z,0.0524860005825758
2021-10-15T08:38:49Z,0.0127826109528541
2021-10-15T12:15:13Z,0.0312475338578224
2021-10-15T12:51:44Z,0.1631787121295929
2021-10-15T12:54:46Z,-0.6929033063352108
2021-10-15T13:50:31Z,0.1232286375015974
2021-10-15T15:50:40Z,-0.6922422051429749
2021-10-15T16:18:36Z,0.5346188992261887
2021-10-15T16:41:49Z,0.5624615475535393
2021-10-15T16:48:32Z,0.9287259019911288
2021-10-15T17:39:20Z,0.1245126985013485
2021-10-16T17:42:50Z,0.016793355345726
2021-10-16T15:46:20Z,0.0331977307796478
2021-10-16T20:14:09Z,0.0097964592278003
2021-10-16T20:44:55Z,0.6784036671742797
2021-10-17T13:17:38Z,0.1265111537650227
2021-10-17T14:26:06Z,-0.9357198495417832
2021-10-17T15:00:41Z,0.0385464541614055
2021-10-18T05:44:45Z,0.0692386953160166
2021-10-18T10:40:43Z,-0.0365444719791412
2021-10-18T07:51:33Z,0.0663244212046265
2021-10-18T13:26:51Z,-0.0107834376394748
2021-10-18T13:28:11Z,0.9232263779267668
2021-10-18T13:28:25Z,-0.0351376794278621
2021-10-18T13:33:17Z,-0.1206323057413101
2021-10-18T13:53:07Z,0.7976183872669935
2021-10-18T15:56:34Z,-0.1084007825702428
2021-10-18T16:09:14Z,-0.0305780079215765
2021-10-18T16:50:20Z,0.2075405567884445
2021-10-18T17:01:53Z,0.0732358619570732
2021-10-18T17:02:58Z,-0.0073381885886192
2021-10-18T17:03:15Z,0.0061181467026472
2021-10-18T17:03:47Z,0.1624829731881618
2021-10-18T17:05:36Z,0.0419847685843706
2021-10-18T17:06:27Z,-0.9536962369456888
2021-10-18T17:06:58Z,0.3195834578946233
2021-10-18T17:08:25Z,0.0318546444177627
2021-10-18T17:10:33Z,0.0179053358733654
2021-10-18T17:11:08Z,0.1379172531887889
2021-10-18T17:11:58Z,0.1193994460627436
2021-10-18T17:13:01Z,0.2280520694330334
2021-10-18T17:15:16Z,0.0864588562399149
2021-10-18T17:16:00Z,-0.0030038133263587
2021-10-18T17:17:26Z,0.0408390955999493
2021-10-18T17:18:56Z,0.6562740057706833
2021-10-18T17:19:31Z,0.2063530255109071
2021-10-18T17:21:09Z,0.0946625974029302
2021-10-18T17:22:03Z,0.7613272927701473
2021-10-18T17:32:00Z,0.0812215134501457
2021-10-18T17:34:19Z,0.1826633680611848
2021-10-18T17:34:58Z,0.4589442666620016
2021-10-18T17:32:44Z,0.10407932754606
2021-10-18T17:46:01Z,0.1213641390204429
2021-10-18T17:49:01Z,0.0010105296969413
2021-10-18T17:51:13Z,0.7837074920535088
2021-10-18T10:04:21Z,-0.8880822770297527
2021-10-18T21:18:21Z,0.3131687734276056
2021-10-18T21:41:36Z,0.0867610946297645
2021-10-19T05:45:54Z,0.0158794205635786
2021-10-19T07:39:13Z,-0.945261257700622
2021-10-19T09:10:04Z,0.8004204966127872
2021-10-19T09:57:17Z,0.0863588722422719
2021-10-19T12:55:55Z,0.7762050945311785
2021-10-19T14:46:14Z,0.1339260134845972
2021-10-19T15:16:09Z,0.0097180362790822
2021-10-19T16:06:32Z,0.0486148763447999
2021-10-19T16:30:19Z,0.9274827279150486
2021-10-19T17:12:28Z,0.9219168145209552
2021-10-19T17:09:48Z,-0.2908820509910583
2021-10-19T19:59:24Z,-0.9542503450065852
2021-10-20T13:57:24Z,-0.8147971890866756
2021-10-20T14:24:52Z,0.2780692875385284
2021-10-20T14:29:01Z,-0.9310645461082458
2021-10-20T15:54:14Z,0.690899757668376
2021-10-20T20:32:22Z,0.4928900152444839
2021-10-21T02:05:14Z,0.111249410547316
2021-10-21T08:06:03Z,0.7429698407649994
2021-10-21T14:13:17Z,0.7395943123847246
2021-10-21T14:36:22Z,0.1008229069411754
2021-10-21T15:55:41Z,-0.8267631717026234
2021-10-21T16:09:33Z,-0.9356897827237844
2021-10-21T16:06:59Z,-0.8159644100815058
2021-10-21T16:30:10Z,0.2653589155524969
2021-10-21T16:55:06Z,0.0936280265450477
2021-10-21T17:56:29Z,0.0625555962324142
2021-10-21T19:17:19Z,-0.0461962819099426
2021-10-21T19:38:44Z,0.0906026680022478
2021-10-21T19:39:18Z,0.045615192502737
2021-10-21T15:56:12Z,0.9345596171915532
2021-10-21T21:55:09Z,0.7714997045695782
2021-10-22T01:59:57Z,-0.1164288092404604
2021-10-22T09:04:17Z,0.0072553008794784
2021-10-22T09:12:46Z,0.7241096366196871
2021-10-22T10:01:01Z,0.6338638924062252
2021-10-22T10:43:25Z,-0.7735036462545395
2021-10-22T11:39:28Z,-0.055409051477909
2021-10-22T11:39:16Z,-0.9178897263482212
2021-10-22T12:06:09Z,-0.039867116138339
2021-10-22T12:42:27Z,-0.4855842590332031
2021-10-22T12:44:48Z,-0.921168154105544
2021-10-22T12:46:12Z,-0.8476478308439255
2021-10-22T14:51:58Z,0.0172251723706722
2021-10-22T15:44:52Z,0.5585578493773937
2021-10-22T15:50:32Z,-0.9341371869668365
2021-10-22T16:21:45Z,-0.5202558245509863
2021-10-22T17:05:11Z,-0.1892970837652683
2021-10-23T13:45:28Z,0.0344510730355978
2021-10-23T16:12:36Z,0.7500768238678575
2021-10-23T17:19:32Z,0.0214259847998619
2021-10-23T19:26:25Z,-0.7774719353765249
2021-10-25T02:10:10Z,0.0184373687952756
2021-10-25T04:53:01Z,0.1348468903452158
2021-10-25T07:13:18Z,0.1482305331155657
2021-10-25T08:25:36Z,0.7046410078182817
2021-10-25T10:06:16Z,0.8695473074913025
2021-10-25T12:15:43Z,-0.605703067034483
2021-10-25T13:07:45Z,0.0409705955535173
2021-10-25T14:08:26Z,-0.0188446249812841
2021-10-25T15:10:14Z,0.2800711989402771
2021-10-25T17:20:45Z,-0.5168135315179825
2021-10-25T17:24:36Z,0.3159450311213732
2021-10-25T17:58:06Z,0.0829199664294719
2021-10-25T18:53:22Z,0.0330961421132087
2021-10-25T19:35:41Z,0.0365235097706317
2021-10-25T19:55:10Z,-0.012666443362832
2021-10-25T20:21:13Z,-0.3236634787172079
2021-10-25T21:09:02Z,-0.2520398125052452
2021-10-25T21:18:34Z,0.3867687936872244
2021-10-25T22:27:30Z,-0.0121040325611829
2021-10-26T03:44:35Z,-0.0009260959923267
2021-10-26T11:21:35Z,-0.0354959052056074
2021-10-26T11:28:50Z,0.013915603980422
2021-10-26T12:07:53Z,0.7954642903059721
2021-10-26T14:43:22Z,0.0330365896224975
2021-10-26T16:03:54Z,0.0470542311668396
2021-10-26T16:19:21Z,-0.5360783971846104
2021-10-27T03:39:30Z,-0.9183858335018158
2021-10-27T03:45:29Z,0.0012754835188388
2021-10-27T06:46:59Z,0.0598637834191322
2021-10-27T10:24:01Z,-0.9495085384696722
2021-10-27T12:01:49Z,0.8960393667221069
2021-10-27T12:02:10Z,0.6185160679742694
2021-10-27T12:28:00Z,0.0281483698636293
2021-10-27T13:11:20Z,-0.4875888228416443
2021-10-27T14:00:36Z,0.817350635305047
2021-10-27T14:23:47Z,-0.1356029137969017
2021-10-27T14:58:50Z,0.2970791067928076
2021-10-27T15:18:46Z,0.6720849853008986
2021-10-27T15:37:09Z,0.4625992178916931
2021-10-27T16:29:59Z,0.095729598775506
2021-10-27T19:45:16Z,-0.015519069507718
2021-10-27T20:25:59Z,-0.0884687267243862
2021-10-28T05:53:49Z,0.6463592909276485
2021-10-28T08:08:38Z,-0.0548074953258037
2021-10-28T08:35:37Z,-0.0359543785452842
2021-10-28T09:09:04Z,0.1973270680755376
2021-10-28T10:02:33Z,0.7808460518717766
2021-10-28T10:15:30Z,0.927549379877746
2021-10-28T11:53:12Z,0.8811258058995008
2021-10-28T12:54:10Z,0.3236222863197326
2021-10-28T13:00:39Z,0.0323096830397844
2021-10-28T13:04:46Z,-0.8301848024129868
2021-10-28T13:05:48Z,-0.3553377389907837
2021-10-28T13:09:19Z,0.0006563998758792
2021-10-28T15:54:24Z,0.0214732661843299
2021-10-28T16:16:48Z,-0.0264718811959028
2021-10-28T17:07:16Z,0.0729085765779018
2021-10-28T18:54:23Z,-0.2227422595024109
2021-10-28T18:57:36Z,-0.0022100917994976
2021-10-28T19:07:13Z,-0.7792950849980116
2021-10-28T20:31:18Z,0.9230778589844704
2021-10-28T20:31:36Z,0.2643970251083374
2021-10-28T20:31:38Z,0.9235135838389396
2021-10-28T20:31:53Z,0.4242798388004303
2021-10-28T20:33:16Z,0.9265158250927924
2021-10-28T20:33:18Z,0.0564596951007843
2021-10-28T20:32:18Z,0.9271715171635152
2021-10-28T20:30:31Z,0.0433210395276546
2021-10-28T20:34:25Z,0.9222424291074276
2021-10-28T20:34:36Z,-0.942925626412034
2021-10-28T20:35:06Z,-0.9446531804278492
2021-10-28T20:35:32Z,0.8156673759222031
2021-10-28T20:36:35Z,0.9353107027709484
2021-10-28T21:20:16Z,0.9187132734805346
2021-10-28T21:27:21Z,0.9363589603453876
2021-10-28T21:29:12Z,-0.3619195073843002
2021-10-28T21:29:58Z,-0.3702964130789041
2021-10-28T21:34:21Z,-0.9537865314632654
2021-10-28T21:50:24Z,0.9183479510247708
2021-10-28T23:15:20Z,0.8542339876294136
2021-10-29T10:00:42Z,-0.9436340536922216
2021-10-29T10:25:09Z,-0.0263125002384185
2021-10-29T08:54:37Z,-0.0456653498113155
2021-10-29T10:57:04Z,0.8288379348814487
2021-10-29T11:10:32Z,-0.0125643089413642
2021-10-29T11:16:51Z,0.8013153532519937
2021-10-29T11:32:23Z,-0.1285437494516372
2021-10-29T11:37:14Z,-0.9012415446341038
2021-10-29T11:41:48Z,-0.5335197597742081
2021-10-29T12:18:49Z,0.2279537497088313
2021-10-29T12:25:24Z,0.0192381534725427
2021-10-29T12:41:24Z,0.0172099173069
2021-10-29T13:45:00Z,-0.0373291075229644
2021-10-29T14:55:31Z,-0.2873669862747192
2021-10-29T15:09:53Z,-0.045050099492073
2021-10-29T15:18:34Z,0.8081989446654916
2021-10-29T15:46:39Z,0.0144682005047798
2021-10-29T16:06:28Z,0.5624615475535393
2021-10-29T16:06:41Z,0.1060739755630493
2021-10-29T16:07:22Z,-0.2478441707789898
2021-10-29T16:15:18Z,0.0175748467445373
2021-10-29T17:04:09Z,0.026212440803647
2021-10-29T19:22:23Z,0.0147026032209396
2021-10-29T21:57:26Z,0.0195501204580068
2021-10-30T16:07:31Z,-0.0005730912089347
2021-10-30T17:12:31Z,0.187979619950056
2021-10-31T16:47:57Z,0.0412262054160237
2021-10-31T17:32:09Z,0.4624022245407104
2021-11-01T05:27:19Z,-0.628375731408596
2021-11-01T08:36:14Z,0.0366788879036903
2021-11-01T09:40:21Z,0.1172496667131781
2021-11-01T10:18:22Z,0.1789038144052028
2021-11-01T10:30:31Z,0.0256482996046543
2021-11-01T10:36:49Z,0.0637780129909515
2021-11-01T11:18:52Z,-0.9652573810890316
2021-11-01T13:46:43Z,0.513244679197669
2021-11-01T12:17:15Z,-0.183044821023941
2021-11-01T14:49:31Z,0.1178282313048839
2021-11-01T15:20:17Z,0.0417254790663719
2021-11-01T15:35:20Z,-0.6733421236276627
2021-11-01T16:48:20Z,-0.8709019105881453
2021-11-01T17:45:17Z,-0.1025974936783313
2021-11-01T20:48:38Z,-0.0380286965519189
2021-11-02T08:20:56Z,0.0678746178746223
2021-11-02T08:56:11Z,-0.9447765070945024
2021-11-02T10:28:53Z,-0.9607530273497104
2021-11-02T15:26:07Z,0.9149716105312108
2021-11-02T16:29:22Z,0.0330961421132087
2021-11-02T16:51:45Z,-0.8424450196325779
2021-11-02T16:52:28Z,0.0763271003961563
2021-11-02T17:58:39Z,-0.146623358130455
2021-11-02T19:44:12Z,0.7255098037421703
2021-11-02T21:56:55Z,0.0233553685247898
2021-11-03T05:16:55Z,0.0740652084350586
2021-11-03T06:51:01Z,-0.9355603018775582
2021-11-03T07:25:42Z,0.1312734982930123
2021-11-03T13:20:42Z,-0.0418929122388362
2021-11-03T13:28:21Z,0.1424867799505591
2021-11-03T15:53:10Z,-0.91716483887285
2021-11-03T15:55:33Z,0.2918960498645901
2021-11-04T11:57:08Z,0.2792968284338712
2021-11-04T12:02:56Z,0.025962708517909
2021-11-04T14:33:35Z,-0.8851239355280995
2021-11-04T14:47:55Z,-0.0112188179045915
2021-11-04T15:04:44Z,0.8533604964613914
2021-11-04T16:44:37Z,-0.097509428858757
2021-11-05T13:03:35Z,0.8207295378670096
2021-11-05T19:09:50Z,0.0540324514731764
2021-11-05T20:58:10Z,0.0122700650244951
2021-11-05T20:58:48Z,0.0153189208358526
2021-11-06T13:48:06Z,0.0139190517365932
2021-11-06T18:26:55Z,0.0539794322103261
2021-11-06T18:44:31Z,0.6576053854078054
2021-11-07T15:40:16Z,0.0449792630970478
2021-11-07T20:41:18Z,-0.6986241769045591
2021-11-08T07:15:43Z,0.883483586832881
2021-11-08T10:47:00Z,-0.0235932059586048
2021-11-08T10:51:50Z,0.0288656242191791
2021-11-08T11:12:36Z,0.9367169188335538
2021-11-08T11:02:55Z,0.8613807186484337
2021-11-08T14:41:12Z,0.0364743340760469
2021-11-08T17:33:07Z,0.1061839796602726
2021-11-08T18:09:13Z,0.8304166570305824
2021-11-09T06:49:38Z,0.1158226691186428
2021-11-09T10:47:29Z,0.0820260485634207
2021-11-09T12:12:40Z,0.0138305053114891
2021-11-09T15:19:33Z,0.1310843965038657
2021-11-09T15:20:10Z,-0.0077860876917839
2021-11-09T15:26:45Z,-0.0724920444190502
2021-11-09T16:18:08Z,0.1492324508726596
2021-11-09T17:13:27Z,0.7992890365421772
2021-11-09T17:24:43Z,0.0529531827196478
2021-11-09T18:01:43Z,0.091822818852961
2021-11-09T18:08:17Z,0.0187472645193338
2021-11-09T19:26:16Z,0.026439094915986
2021-11-09T22:51:40Z,0.0099143683910369
2021-11-10T03:47:21Z,-0.9523247145116328
2021-11-10T09:58:44Z,-0.9286266034469008
2021-11-10T12:43:15Z,0.0601655878126621
2021-11-10T13:17:19Z,-0.0439620986580848
2021-11-10T14:53:03Z,0.5608483552932739
2021-11-10T15:00:58Z,0.0203277487307786
2021-11-10T15:41:15Z,0.1857625907287001
2021-11-10T17:35:53Z,0.507463987916708
2021-11-10T18:26:21Z,0.1479184664785862
2021-11-10T18:37:16Z,0.151835486292839
2021-11-10T20:21:34Z,-0.0373291075229644
2021-11-10T22:00:57Z,0.2251921538263559
2021-11-11T05:04:53Z,0.2254516035318374
2021-11-11T09:57:39Z,0.052525638602674
2021-11-11T11:21:04Z,0.0548419039696455
2021-11-11T15:51:12Z,-0.015917133539915
2021-11-12T02:22:58Z,0.440980389714241
2021-11-12T11:05:59Z,-0.0531223881989717
2021-11-12T12:07:33Z,-0.963434986770153
2021-11-12T14:12:31Z,0.161835465580225
2021-11-12T12:45:07Z,0.0343269864097237
2021-11-12T15:23:26Z,-0.9205180145800114
2021-11-12T17:31:30Z,0.008181070908904
2021-11-03T21:48:09Z,0.0643830755725503
2021-11-12T20:08:08Z,-0.7417446225881577
2021-11-12T20:45:15Z,-0.0335557162761688
2021-11-13T16:48:14Z,-0.8755274377763271
2021-11-13T19:42:11Z,-0.3805776871740818
2021-11-14T19:16:57Z,0.0047871209681034
2021-11-15T02:37:22Z,0.4898609928786754
2021-11-15T09:40:24Z,0.1208534864708781
2021-11-15T10:47:12Z,0.8974470943212509
2021-11-15T10:47:35Z,0.852632038295269
2021-11-15T11:42:49Z,0.0384693704545497
2021-11-15T13:56:02Z,0.9241531603038312
2021-11-15T15:03:48Z,0.0473574381321668
2021-11-15T16:05:45Z,0.0754600949585437
2021-11-15T16:30:14Z,0.1027058092877268
2021-11-15T16:52:30Z,0.1504473509266972
2021-11-15T17:01:49Z,-0.036597279831767
2021-11-15T17:07:17Z,0.0186024829745292
2021-11-15T17:34:03Z,0.5318252500146627
2021-11-15T17:42:41Z,0.1935512209311127
2021-11-15T18:32:16Z,0.0071291625499725
2021-11-15T20:12:38Z,0.9410271942615508
2021-11-15T20:28:35Z,0.0237224120646715
2021-11-16T11:49:11Z,0.7874565422534943
2021-11-16T14:45:05Z,-0.048301164060831
2021-11-16T15:17:07Z,0.0299392025917768
2021-11-16T16:14:39Z,0.6007136255502701
2021-11-16T16:22:42Z,0.1008321326225996
2021-11-16T16:55:00Z,0.9272537846118212
2021-11-16T19:02:05Z,0.7887887060642242
2021-11-16T19:20:05Z,-0.011933397501707
2021-11-16T20:50:29Z,0.1122546643018722
2021-11-17T12:50:14Z,-0.0837023835629224
2021-11-17T12:54:21Z,0.1005624989047646
2021-11-17T13:05:21Z,0.7992761358618736
2021-11-17T14:02:23Z,0.4839534321799874
2021-11-17T14:44:52Z,-0.0261845700442791
2021-11-17T14:47:11Z,0.7439227662980556
2021-11-17T14:59:20Z,0.029565081000328
2021-11-17T15:02:37Z,0.6096025221049786
2021-11-17T15:03:05Z,-0.0053140521049499
2021-11-17T15:24:26Z,0.2009729593992233
2021-11-17T16:43:07Z,0.0289164250716567
2021-11-17T16:47:18Z,0.0241992622613906
2021-11-17T16:48:14Z,0.0208826418966054
2021-11-17T17:43:17Z,-0.9485042616724968
2021-11-17T18:00:07Z,-0.014503140002489
2021-11-17T18:06:52Z,-0.0124127510935068
2021-11-17T18:13:43Z,0.0230037309229373
2021-11-17T18:43:50Z,0.0501399990171194
2021-11-17T19:00:23Z,-0.055409051477909
2021-11-17T19:59:48Z,-0.1500652097165584
2021-11-17T22:16:54Z,0.3690468072891235
2021-11-18T10:32:10Z,0.5113530904054642
2021-11-18T13:16:31Z,-0.0401779823005199
2021-11-18T14:02:32Z,-0.6373194754123688
2021-11-18T14:13:43Z,-0.8117105234414339
2021-11-18T14:16:26Z,-0.3035842236131429
2021-11-18T16:59:53Z,0.8871909733861685
2021-11-18T17:31:15Z,-0.0441682748496532
2021-11-18T17:28:10Z,0.7450897954404354
2021-11-18T17:36:25Z,0.0487090907990932
2021-11-18T17:39:07Z,-0.9269991312175988
2021-11-18T17:44:17Z,0.0106118600815534
2021-11-18T17:50:59Z,0.7702574022114277
2021-11-18T17:52:33Z,0.0434723272919654
2021-11-18T17:54:46Z,0.0396645758301019
2021-11-18T18:01:47Z,0.0900986874476075
2021-11-18T18:07:58Z,0.894272631034255
2021-11-18T18:08:52Z,0.8026500847190619
2021-11-18T18:18:22Z,0.0303636342287063
2021-11-18T18:28:52Z,-0.0825398862361908
2021-11-18T18:53:40Z,0.3369342908263206
2021-11-18T20:18:46Z,0.1041280245408415
2021-11-19T00:16:08Z,-0.0081202387809753
2021-11-19T13:34:06Z,0.206803604029119
2021-11-19T13:50:08Z,0.2801141329109669
2021-11-19T14:01:43Z,0.0172994714230299
2021-11-19T14:34:30Z,0.0093939080834388
2021-11-19T14:49:38Z,0.017155947163701
2021-11-19T14:32:42Z,0.9266831381246448
2021-11-19T16:10:05Z,0.8939899113029242
2021-11-19T16:57:16Z,-0.9296860489994287
2021-11-19T16:59:18Z,0.016734279692173
2021-11-19T18:31:14Z,-0.0040731262415647
2021-11-18T17:29:43Z,0.2961618062108755
2021-11-20T17:07:03Z,0.776457516476512
2021-11-20T20:45:46Z,0.6407390516251326
2021-11-21T18:12:48Z,0.853626724332571
2021-11-21T20:37:07Z,-0.1158690452575683
2021-11-22T03:11:25Z,0.7820102190598845
2021-11-22T10:01:43Z,-0.6592009961605072
2021-11-22T10:19:06Z,0.0847902670502662
2021-11-22T10:43:05Z,-0.0955169014632701
2021-11-22T11:49:28Z,-0.0339183695614337
2021-11-22T16:17:15Z,0.1152137964963913
2021-11-22T18:57:37Z,0.0910292044281959
2021-11-22T19:05:40Z,0.2707934351637959
2021-11-22T19:07:51Z,-0.914404065348208
2021-11-22T19:14:10Z,0.0531975571066141
2021-11-22T22:01:53Z,0.0220469422638416
2021-11-23T09:09:33Z,0.1682887114584446
2021-11-23T09:23:19Z,0.0515968287363648
2021-11-23T09:47:49Z,-0.9000687338411808
2021-11-23T10:57:08Z,-0.7496097311377525
2021-11-23T15:02:44Z,0.8969539050012827
2021-11-23T15:46:06Z,0.003513840958476
2021-11-23T16:35:34Z,-0.131037101149559
2021-11-23T17:09:11Z,-0.2776068747043609
2021-11-23T17:17:32Z,-0.9632642241194844
2021-11-23T17:19:27Z,-0.3110650777816772
2021-11-23T18:01:12Z,0.7955874688923359
2021-11-23T18:05:57Z,-0.4975650086998939
2021-11-23T20:31:14Z,-0.8721299404278398
2021-11-23T22:46:22Z,0.0804082732647657
2021-11-24T11:08:55Z,0.1127987122163176
2021-11-24T11:54:27Z,0.5888733100146055
2021-11-24T11:59:28Z,-0.941857741214335
2021-11-24T14:53:15Z,0.3961886651813984
2021-11-24T16:13:48Z,0.2573500387370586
2021-11-24T17:12:02Z,0.0002833046019077
2021-11-24T17:32:10Z,0.611773306503892
2021-11-24T17:41:00Z,-0.9101823270320892
2021-11-24T18:00:47Z,0.0086013209074735
2021-11-24T20:57:38Z,0.605390191078186
2021-11-25T15:51:14Z,-0.0442683901637792
2021-11-25T15:52:32Z,-0.4661967195570469
2021-11-26T13:54:18Z,0.710958200506866
2021-11-26T14:04:11Z,0.9016541708260776
2021-11-26T15:03:22Z,0.0896719992160797
2021-11-26T15:14:30Z,-0.9466820703819394
2021-11-26T15:35:13Z,0.0529061220586299
2021-11-26T15:59:50Z,-0.6167310029268265
2021-11-26T16:08:08Z,0.2076940443366766
2021-11-26T16:10:54Z,0.2402458768337965
2021-11-27T14:22:02Z,0.0084007903933525
2021-11-27T17:55:44Z,0.0106714610010385
2021-11-27T20:50:21Z,0.0808102916926145
2021-11-29T02:18:32Z,0.0387484934180974
2021-11-29T08:54:28Z,0.0927064772695303
2021-11-29T11:21:32Z,0.9277956606820226
2021-11-29T11:35:26Z,0.045525636523962
2021-11-29T16:17:50Z,0.7759749386459589
2021-11-29T16:17:58Z,0.1971691139042377
2021-11-29T20:20:59Z,0.0662797717377543
2021-11-29T20:37:46Z,-0.0585794001817703
2021-11-29T22:49:34Z,-0.0008327905088663
2021-11-30T02:40:26Z,-0.5735552068799734
2021-11-30T11:39:48Z,0.1203387640416622
2021-11-30T14:38:34Z,0.9129443094134332
2021-11-30T15:11:51Z,0.0268998853862285
2021-11-30T15:15:12Z,-0.7981918975710869
2021-11-30T15:47:46Z,0.88487952016294
2021-11-30T17:08:16Z,0.0487090907990932
2021-11-30T18:20:41Z,0.9254232943058014
2021-11-30T20:41:14Z,-0.361780934035778
2021-11-30T22:05:26Z,0.701231773942709
2021-12-01T04:18:33Z,0.0180141516029834
2021-12-01T08:12:26Z,0.6824703793972731
2021-12-01T12:12:55Z,0.6493312809616327
2021-12-01T13:35:52Z,-0.225709181278944
2021-12-01T14:21:09Z,-0.1520403698086738
2021-12-01T14:29:39Z,0.928319750353694
2021-12-01T15:59:28Z,0.0635236008092761
2021-12-01T16:05:40Z,0.0175748467445373
2021-12-01T17:05:28Z,0.0167468655854463
2021-12-01T21:42:01Z,-0.8213434536010027
2021-12-01T23:27:52Z,-0.0053060017526149
2021-12-02T09:49:12Z,-0.9577512154355644
2021-12-02T09:54:10Z,0.6761575751006603
2021-12-02T11:32:15Z,0.8929312974214554
2021-12-02T11:41:11Z,0.0124814100563526
2021-12-02T11:42:25Z,-0.8573485761880875
2021-12-02T12:10:21Z,0.0097352787852287
2021-12-02T12:30:07Z,-0.1289493143558502
2021-12-02T14:14:15Z,0.0129705723375082
2021-12-02T14:19:15Z,-0.9616069127805532
2021-12-02T14:21:52Z,0.0285819582641124
2021-12-02T15:48:57Z,-0.9289433835074306
2021-12-02T15:50:44Z,-0.5706263557076454
2021-12-02T15:57:59Z,-0.0373291075229644
2021-12-02T17:04:58Z,-0.0123810786753892
2021-12-02T17:10:47Z,0.3862113635987043
2021-12-02T18:01:00Z,-0.0380852688103914
2021-12-02T17:25:39Z,0.1473451051861047
2021-12-03T12:45:45Z,0.0264581404626369
2021-12-03T15:13:56Z,-0.850090448744595
2021-12-03T15:17:36Z,-0.952589417807758
2021-12-03T15:42:15Z,0.0593628156930208
2021-12-03T16:19:38Z,0.9197792410850524
2021-12-03T16:33:00Z,-0.9239015663042665
2021-12-03T16:33:38Z,-0.8005946017801762
2021-12-03T16:21:50Z,-0.5737357009202242
2021-12-03T21:25:50Z,0.0314722713083028
2021-12-05T22:11:36Z,0.0373917128890752
2021-12-06T02:38:29Z,-0.5992993414402008
2021-12-06T11:05:40Z,0.703495018184185
2021-12-06T12:53:33Z,0.0150783788412809
2021-12-06T15:05:46Z,-0.548851078376174
2021-12-06T15:06:36Z,-0.0022100917994976
2021-12-06T16:47:45Z,0.2004823954775929
2021-12-06T17:31:35Z,0.0487090907990932
2021-12-06T20:23:10Z,-0.911176148802042
2021-12-06T20:25:56Z,-0.6120252087712288
2021-12-06T21:06:18Z,0.923367539420724
2021-12-07T12:08:52Z,-0.9472753871232272
2021-12-07T12:23:51Z,0.3340080585330724
2021-12-07T13:05:06Z,0.8554366268217564
2021-12-07T14:11:25Z,0.4036007048562169
2021-12-07T15:43:50Z,0.9109251955524088
2021-12-07T16:26:07Z,0.2279220819473266
2021-12-07T16:44:33Z,0.5837199194356799
2021-12-07T17:42:45Z,0.0234709158539772
2021-12-07T18:13:18Z,-0.0201244130730628
2021-12-07T21:16:57Z,0.3045135457068681
2021-12-07T21:27:03Z,-0.925853275693953
2021-12-07T21:47:36Z,0.5166052170097828
2021-12-07T21:49:00Z,0.1325685959309339
2021-12-08T03:36:36Z,0.0906593650579452
2021-12-08T12:05:32Z,-0.8873798605054617
2021-12-08T12:12:24Z,0.1719976440072059
2021-12-08T12:19:18Z,0.0665122577920556
2021-12-08T17:01:16Z,0.0372182559221982
2021-12-08T16:36:45Z,0.7152177803218365
2021-12-08T17:15:21Z,0.1299091884866356
2021-12-08T17:39:39Z,-0.7737143710255623
2021-12-08T17:59:55Z,-0.0535465981811285
2021-12-08T18:51:50Z,0.2321037631481886
2021-12-08T18:52:17Z,-0.0120305940508842
2021-12-08T19:10:47Z,0.2884271331131458
2021-12-08T19:26:36Z,0.910147111862898
2021-12-08T19:28:11Z,0.6957632414996624
2021-12-08T19:30:10Z,-0.0030363351106643
2021-12-08T19:39:44Z,-0.0210493132472038
2021-12-08T21:51:49Z,0.122846276499331
2021-12-08T22:49:28Z,-0.950188184157014
2021-12-08T23:50:00Z,-0.2919578030705452
2021-12-08T23:57:38Z,-0.0093825627118349
2021-12-09T03:17:50Z,-0.0364358052611351
2021-12-09T06:53:17Z,0.8246135599911213
2021-12-09T10:16:58Z,-0.9499590042978524
2021-12-09T10:22:18Z,0.0515608265995979
2021-12-09T10:37:39Z,0.0939230928197503
2021-12-09T10:53:54Z,0.8446302860975266
2021-12-09T12:23:10Z,0.0323782581835985
2021-12-09T12:42:53Z,0.1586571065708995
2021-12-09T14:29:21Z,0.2864636182785034
2021-12-09T14:33:42Z,-0.9479710068553686
2021-12-09T14:40:23Z,-0.616651427000761
2021-12-09T15:08:12Z,0.6898501226678491
2021-12-09T15:08:46Z,0.2898589968681335
2021-12-09T16:39:33Z,-0.858963418751955
2021-12-09T16:42:53Z,0.0202811583876609
2021-12-09T17:45:14Z,0.7035787831991911
2021-12-09T18:15:43Z,0.5143981166183949
2021-12-10T08:56:42Z,-0.063850037753582
2021-12-10T10:55:32Z,-0.9347023610025644
2021-12-10T11:00:06Z,-0.9258870035409928
2021-12-10T13:03:26Z,0.0343033485114574
2021-12-10T14:54:30Z,-0.1366524919867515
2021-12-10T15:27:31Z,0.1329757515341043
2021-12-10T17:42:56Z,0.7712731994688511
2021-12-10T17:54:01Z,-0.0286890156567096
2021-12-10T19:05:32Z,-0.9412384778261184
2021-12-11T13:26:54Z,-0.3567553963512182
2021-12-11T22:30:09Z,0.0302456822246313
2021-12-12T18:14:57Z,-0.6813084334135056
2021-12-12T20:22:51Z,-0.9482210259884596
2021-12-12T22:39:49Z,0.0711908228695392
2021-12-13T07:29:34Z,0.1554396096616983
2021-12-13T09:57:22Z,0.856541745364666
2021-12-13T04:12:45Z,-0.5654519945383072
2021-12-13T10:38:56Z,0.0685138311237096
2021-12-13T11:42:52Z,0.5753990784287453
2021-12-13T13:06:03Z,-0.9535696203820409
2021-12-13T13:19:50Z,0.0151060000061988
2021-12-13T13:20:28Z,0.0532250478863716
2021-12-13T14:36:27Z,0.8607805073261261
2021-12-13T14:41:30Z,0.0407373718917369
2021-12-13T14:50:41Z,0.7414879593998194
2021-12-13T15:10:33Z,0.191371850669384
2021-12-13T17:08:05Z,0.1266382001340389
2021-12-13T17:09:16Z,0.0519016366451978
2021-12-13T17:21:31Z,-0.4484987668693065
2021-12-13T18:12:37Z,-0.0361490435898304
2021-12-13T18:16:54Z,0.0002159886062145
2021-12-13T19:19:45Z,0.804677851498127
2021-12-13T20:30:51Z,-0.8296793047338724
2021-12-14T05:36:09Z,-0.022508043795824
2021-12-14T07:47:50Z,0.5512883197516203
2021-12-14T08:26:23Z,0.0046883001923561
2021-12-14T11:03:21Z,0.0016339570283889
2021-12-14T11:26:48Z,0.7785608395934105
2021-07-21T14:34:46Z,-0.8311585672199726
2021-07-26T14:18:10Z,-0.0558805651962757
2021-12-14T12:11:41Z,-0.0961587354540824
2021-09-27T20:33:38Z,-0.3485398329794407
2021-10-08T22:04:44Z,-0.0671354383230209
2021-12-14T12:28:07Z,0.0201290547847747
2021-12-14T12:39:15Z,-0.3978549838066101
2021-12-14T13:13:42Z,0.904311530292034
2021-12-14T13:33:03Z,0.9113416774198412
2021-12-14T14:37:09Z,0.034522695466876
2021-12-14T15:03:42Z,-0.5813476741313934
2021-12-14T15:24:04Z,-0.9508893536403776
2021-12-14T16:22:27Z,-0.8340681195259094
2021-12-14T16:47:45Z,-0.0226752385497093
2021-12-14T17:27:43Z,0.6421591937541962
2021-12-14T17:38:42Z,0.8938052393496037
2021-12-14T19:38:01Z,-0.0474352352321147
2021-12-14T20:30:08Z,-0.7628926392644644
2021-12-14T21:58:18Z,0.0426994496956467
2021-12-15T04:02:27Z,-0.91227413341403
2021-12-15T13:27:51Z,0.1185861527919769
2021-12-11T15:40:38Z,-4.665553569793701e-05
2021-12-15T14:29:52Z,-0.7771989032626152
2021-12-15T15:40:00Z,0.212426315061748
2021-12-15T15:49:12Z,-0.8962607812136412
2021-12-15T19:15:51Z,-0.9456799449399114
2021-12-15T19:18:20Z,-0.936813523992896
2021-12-15T21:58:32Z,-0.1809015814214944
2021-12-15T23:00:47Z,0.2818438792601228
2021-12-16T03:12:34Z,-0.9395595956593752
2021-12-16T03:28:58Z,-0.0077592059969902
2021-12-16T10:43:45Z,0.0991466343402862
2021-12-16T10:45:54Z,0.433197115547955
2021-12-16T15:02:08Z,0.1254880558699369
2021-12-16T15:28:40Z,-0.3727354258298874
2021-12-16T15:41:29Z,0.0239460077136755
2021-12-16T16:31:35Z,0.0430868379771709
2021-12-16T17:24:28Z,0.4751300839707255
2021-12-16T17:27:12Z,0.1387916207313537
2021-12-16T18:55:16Z,-0.9202642580494284
2021-12-16T19:21:33Z,-0.0373291075229644
2021-12-16T19:31:55Z,-0.9482609257102012
2021-12-16T19:53:33Z,-0.9645797265693544
2021-12-16T21:18:42Z,-0.3786331564188003
2021-12-17T05:32:42Z,-0.9388725887984036
2021-12-17T11:45:18Z,0.5278308251872659
2021-12-17T13:44:00Z,-0.0354280695319175
2021-12-17T14:15:35Z,0.2155867191031575
2021-12-17T18:04:53Z,-0.0090457126498222
2021-12-17T18:40:12Z,0.112159882672131
2021-12-20T03:44:54Z,0.1587631218135357
2021-12-20T10:12:03Z,-0.1047182753682136
2021-12-20T10:48:08Z,-0.9498172737658024
2021-12-20T11:59:13Z,0.0747239273041486
2021-12-20T13:28:54Z,-0.8039414267987013
2021-12-20T15:23:25Z,0.1242493716999888
2021-12-20T15:23:37Z,-0.036597279831767
2021-12-21T06:47:10Z,-0.9549187431111932
2021-12-21T06:54:50Z,0.1629837453365326
2021-12-21T09:48:46Z,-0.9061541566625236
2021-12-21T11:02:52Z,0.7362966313958168
2021-12-21T12:52:03Z,0.635516470298171
2021-12-21T14:07:32Z,0.2271778155118227
2021-12-21T15:23:23Z,0.0330961421132087
2021-12-21T16:09:27Z,0.0596622070297598
2021-12-21T17:58:42Z,0.9114109426736832
2021-12-21T19:13:43Z,-0.4218471348285675
2021-12-21T19:57:49Z,0.8353862361982465
2021-12-21T20:09:05Z,-0.0343575999140739
2021-12-22T02:59:28Z,0.0195563472807407
2021-12-22T10:38:21Z,0.1562714828178286
2021-12-22T11:22:52Z,0.0510051064193248
2021-12-22T13:10:35Z,0.8745269812643528
2021-12-22T14:52:46Z,0.8087303712964058
2021-12-22T15:26:58Z,-0.0055256262421607
2021-12-22T15:51:32Z,-0.0632077455520629
2021-12-22T17:29:31Z,0.1785646853968501
2021-12-22T18:27:48Z,0.5654168426990509
2021-12-22T18:38:35Z,0.0124133769422769
2021-12-23T03:49:54Z,-0.9418684216216208
2021-12-23T10:49:05Z,-0.9564561285078526
2021-12-23T11:13:31Z,0.3985046660527587
2021-12-23T14:38:54Z,-0.901635341346264
2021-12-23T17:56:22Z,-0.3844142872840166
2021-12-26T15:52:05Z,0.0906254425644874
2021-12-26T19:39:35Z,-0.0727278143167495
2021-12-27T05:21:16Z,0.0084250718355178
2021-12-27T09:44:52Z,-0.9100599261000752
2021-12-27T11:38:20Z,0.0896579707041382
2021-12-27T12:23:34Z,-0.150732722133398
2021-12-27T12:45:49Z,0.0346555337309837
2021-12-27T13:53:24Z,-0.7368729449808598
2021-12-27T14:07:34Z,0.027227571234107
2021-12-27T14:18:04Z,-0.9197120275348424
2021-12-27T16:22:52Z,0.0407373718917369
2021-12-27T17:09:29Z,0.0376995634287595
2021-12-27T17:31:10Z,0.1404432617127895
2021-12-27T17:43:23Z,0.052553815767169
2021-12-27T17:44:33Z,-0.0022100917994976
2021-12-27T18:31:33Z,0.0003973841667175
2021-12-27T18:42:57Z,0.2877168171107769
2021-12-27T19:05:07Z,0.0080932006239891
2021-12-27T20:35:02Z,0.2310406416654586
2021-12-27T20:37:43Z,0.8180422321893275
2021-12-27T21:18:08Z,-0.708395928144455
2021-12-28T02:53:41Z,-0.944736517034471
2021-12-28T10:55:03Z,0.8770844154059887
2021-12-28T12:50:33Z,0.0330393202602863
2021-12-28T14:35:02Z,-0.9428406627848744
2021-12-28T15:42:26Z,0.0656932536512613
2021-12-28T15:48:59Z,-0.053504429757595
2021-12-28T16:32:57Z,-0.7959069311618805
2021-12-28T16:52:05Z,0.0439254809170961
2021-12-28T17:39:12Z,0.052553815767169
2021-12-28T19:05:50Z,0.105969451367855
2021-12-29T05:22:27Z,-0.9084809496998788
2021-12-29T06:49:18Z,0.3579655839130282
2021-12-29T11:16:10Z,0.4204953052103519
2021-12-29T16:23:11Z,0.0137486718595027
2021-12-29T16:56:15Z,0.0850417483597993
2021-12-29T18:16:50Z,0.052553815767169
2021-12-29T18:18:57Z,-0.0361496936529874
2021-12-30T03:49:46Z,0.2018609819933772
2021-12-30T10:12:31Z,0.1717073884792626
2021-12-30T12:46:55Z,0.0832845056429505
2021-12-30T12:49:06Z,0.0458326125517487
2021-12-30T14:15:28Z,0.0196344424039125
2021-12-30T15:13:18Z,0.7133096428588033
2021-12-30T16:09:23Z,0.1538122566416859
2021-12-30T17:39:39Z,0.052553815767169
2021-12-30T17:40:30Z,0.0109287202358245
2021-12-30T18:07:57Z,0.1246272772550582
2021-12-30T18:15:48Z,-0.1304794922471046
2021-12-31T11:08:42Z,0.9066035896539688
2021-12-31T12:45:22Z,0.021301245316863
2021-12-31T16:39:29Z,0.2405892480164766
2021-12-31T17:26:14Z,0.1541629005223512
2021-12-31T17:43:17Z,-0.0039224773645401
2021-12-31T18:57:49Z,0.0002212561666965
2021-12-31T19:49:42Z,0.0487090907990932
2021-12-31T21:02:01Z,-0.1536525525152683
2022-01-01T15:25:38Z,0.0508824158459901
2022-01-01T16:19:49Z,-0.0004005618393421
2022-01-01T16:52:52Z,-0.0091002378612756
2022-01-01T17:31:24Z,0.017617080360651
2022-01-01T18:38:26Z,0.0482107531279325
2022-01-03T04:04:21Z,0.7230609226971865
2022-01-03T08:13:27Z,0.8454185407608747
2022-01-03T14:03:00Z,-0.0132513009011745
2022-01-03T17:17:03Z,0.0597116826102137
2022-01-03T17:36:45Z,-0.0039224773645401
2022-01-03T17:42:47Z,0.9097550809383392
2022-01-03T10:07:50Z,0.0336304791271686
2022-01-03T18:45:10Z,0.2354053556919098
2022-01-03T19:02:34Z,0.2279220819473266
2022-01-03T20:51:06Z,0.9077944159507751
2022-01-04T03:07:24Z,0.0142123121768236
2022-01-04T06:41:17Z,0.433197115547955
2022-01-04T08:25:07Z,0.8011775850318372
2022-01-04T09:58:33Z,0.0069908648729324
2022-01-04T10:56:30Z,0.5041497126221657
2022-01-04T11:31:26Z,0.8051111213862896
2022-01-04T16:07:05Z,-0.0569356605410575
2022-01-04T16:12:54Z,0.8374438090249896
2022-01-04T15:57:25Z,-0.7031660955399275
2022-01-04T17:06:38Z,-0.889024056494236
2022-01-04T18:49:07Z,0.0905161956325173
2022-01-02T22:18:59Z,0.0420467723160982
2022-01-04T17:42:32Z,-0.0039224773645401
2022-01-04T19:23:25Z,0.720702551305294
2022-01-04T20:12:16Z,0.0639645336195826
2022-01-04T21:12:38Z,0.2596787987276912
2022-01-05T03:49:37Z,0.8203578144311905
2022-01-05T07:20:45Z,0.0298588778823614
2022-01-05T11:48:50Z,0.0112977884709835
2022-01-05T16:09:07Z,0.8150250390172005
2022-01-05T16:32:58Z,-0.1143295373767614
2022-01-05T17:36:42Z,-0.0039224773645401
2022-01-05T19:25:37Z,0.0978029891848564
2022-01-05T20:36:55Z,-0.6327958256006241
2022-01-05T22:18:41Z,0.0325607191771268
2022-01-05T22:42:29Z,0.0679714800789952
2022-01-06T03:07:30Z,0.7515648724511266
2022-01-06T05:10:49Z,0.346382200717926
2022-01-06T10:07:08Z,-0.0282249450683593
2022-01-06T11:04:01Z,-0.7180876098573208
2022-01-06T13:36:47Z,-0.1845074519515037
2022-01-06T15:23:47Z,0.0673965290188789
2022-01-06T15:39:26Z,0.7158280033618212
2022-01-06T17:36:54Z,-0.0039224773645401
2022-01-06T18:05:36Z,-0.2618373818695545
2022-01-06T18:42:18Z,-0.7984323464334011
2022-01-07T04:26:37Z,0.0163851734250783
2022-01-07T11:27:15Z,0.9317469336092472
2022-01-07T14:06:55Z,0.8117429679259658
2022-01-07T14:10:52Z,-0.472979336977005
2022-01-07T14:11:00Z,0.2723340522497892
2022-01-07T16:11:08Z,0.0504521019756794
2022-01-07T17:41:46Z,0.052553815767169
2022-01-07T17:47:14Z,0.0461353464052081
2022-01-07T18:25:31Z,-0.0022089555859565
2022-01-07T22:24:01Z,0.033175092190504
2022-01-08T22:25:29Z,0.7846393771469593
2022-01-09T14:33:24Z,0.0209979070350527
2022-01-09T15:49:21Z,0.9267037007957696
2022-01-09T17:46:03Z,0.0772387599572539
2022-01-09T19:31:55Z,0.0524916537106037
2022-01-09T21:25:40Z,0.0672209411859512
2022-01-09T22:57:30Z,-0.4674949776381254
2022-01-10T05:50:46Z,-0.031348742544651
2022-01-10T07:06:02Z,0.0349253034219145
2022-01-10T11:20:22Z,0.0865800902247428
2022-01-10T11:53:30Z,-0.0756836794316768
2022-01-10T14:33:39Z,0.0387046709656715
2022-01-10T14:49:02Z,0.7770195826888084
2022-01-10T16:21:06Z,0.0088007487356662
2022-01-10T17:05:44Z,-0.0022088214755058
2022-01-10T17:36:30Z,0.052553815767169
2022-01-10T21:45:37Z,0.1955895572900772
2022-01-10T21:45:36Z,0.9300940660759808
2022-01-10T22:08:22Z,0.0914192181080579
2022-01-11T05:43:32Z,-0.2924224883317947
2022-01-11T10:30:53Z,0.8728304989635944
2022-01-11T10:53:23Z,-0.5744523406028748
2022-01-11T17:35:52Z,0.052553815767169
2022-01-11T18:02:50Z,0.0455124620348215
2022-01-11T18:39:14Z,-0.0298422258347272
2022-01-11T18:50:08Z,-0.1771961264312267
2022-01-11T20:10:59Z,-0.0026108473539352
2022-01-11T19:49:40Z,0.0171189047396183
2022-01-12T06:06:33Z,0.9304995285347104
2022-01-12T10:58:16Z,0.9126918334513904
2022-01-12T15:14:14Z,0.9308219393715262
2022-01-12T15:22:18Z,0.7023742664605379
2022-01-12T15:47:36Z,0.0227695740759372
2022-01-12T16:21:33Z,0.1049180878326296
2022-01-12T17:36:38Z,-0.0039224773645401
2022-01-12T17:44:22Z,-0.2360349148511886
2022-01-11T22:30:36Z,0.0312962159514427
2022-01-12T19:44:07Z,-0.0820613466203212
2022-01-13T03:50:13Z,-0.8559751696884632
2022-01-13T04:38:47Z,-0.948926187120378
2022-01-13T06:55:39Z,0.8785914853215218
2022-01-13T07:40:57Z,0.6073481431230903
2022-01-13T09:50:40Z,0.184431005269289
2022-01-13T15:06:20Z,0.0330961421132087
2022-01-13T15:22:40Z,0.9071995131671428
2022-01-13T15:41:16Z,0.262302353978157
2022-01-13T17:08:37Z,-0.9500740291550756
2022-01-13T17:40:47Z,0.052553815767169
2021-11-01T20:32:47Z,0.8970277011394501
2021-11-02T18:50:27Z,0.7266682535409927
2022-01-13T21:46:25Z,0.1472706040367484
2022-01-14T06:21:51Z,0.8942301562055945
2022-01-14T09:39:24Z,-0.0587085783481597
2022-01-14T10:21:16Z,0.2670247228816151
2022-01-14T11:06:45Z,0.8464109227061272
2022-01-14T12:06:50Z,0.7588188927620649
2022-01-14T15:47:35Z,-0.9481563735753298
2022-01-14T15:55:37Z,-0.4133169911801815
2022-01-14T16:47:19Z,0.0330961421132087
2022-01-14T18:06:43Z,0.8838457725942135
2022-01-14T19:19:01Z,0.052553815767169
2022-01-14T19:31:26Z,-0.734879232943058
2022-01-15T16:34:28Z,0.0145401712507009
2022-01-15T16:45:01Z,-0.5627280194312334
2022-01-15T21:53:29Z,0.0132172815501689
2022-01-16T18:37:51Z,0.119744973257184
2022-01-16T19:09:40Z,0.0366292335093021
2022-01-17T14:15:26Z,0.0294348690658807
2022-01-17T17:01:05Z,0.5490464847534895
2022-01-17T17:19:14Z,0.5919607114046812
2022-01-18T08:59:34Z,0.0165436919778585
2022-01-18T12:11:18Z,0.7930762991309166
2022-01-18T14:45:15Z,0.8882831856608391
2022-01-18T14:50:02Z,0.0216745119541883
2022-01-18T15:15:34Z,-0.0405886024236679
2022-01-18T15:29:10Z,0.0292819086462259
2022-01-18T16:05:31Z,0.0635373461991548
2022-01-18T17:00:02Z,0.8636849652975798
2022-01-18T17:30:28Z,0.3264361601322889
2022-01-18T19:30:02Z,0.8200261406600475
2022-01-18T20:23:01Z,0.052553815767169
2022-01-18T20:00:54Z,0.4630512148141861
2022-01-18T22:43:00Z,0.9346421081572772
2022-01-19T10:25:51Z,-0.0079334694892168
2022-01-19T12:49:34Z,0.0466786045581102
2022-01-19T14:51:52Z,0.1391410483047366
2022-01-19T18:41:49Z,0.8935805633664131
2022-01-19T19:13:06Z,0.0330961421132087
2022-01-19T20:11:51Z,0.0261220782995224
2022-01-19T22:37:39Z,-0.0298359505832195
2022-01-20T07:07:22Z,-0.009060151875019
2022-01-20T16:23:06Z,-0.9152774438261986
2022-01-20T16:41:20Z,0.6402408070862293
2022-01-20T17:47:40Z,0.1866065124049782
2022-01-20T18:19:05Z,0.052553815767169
2022-01-20T18:24:50Z,0.0026817508041858
2022-01-20T20:15:46Z,0.9360982831567526
2022-01-20T20:39:38Z,-0.1776831150054931
2022-01-21T02:42:57Z,-0.359319694340229
2022-01-21T08:12:01Z,-0.945938006043434
2022-01-21T12:15:57Z,0.0125730745494365
2022-01-21T13:59:48Z,0.8644771669059992
2022-01-21T14:07:06Z,0.0245145428925752
2022-01-21T14:13:37Z,0.2070331163704395
2022-01-21T14:18:16Z,0.3386222682893276
2022-01-21T14:24:33Z,0.0548159964382648
2022-01-21T16:25:21Z,0.8945060558617115
2022-01-21T17:35:55Z,-0.0039224773645401
2022-01-21T18:21:37Z,-0.0281738191843032
2022-01-21T19:16:54Z,0.0486148763447999
2022-01-21T20:46:31Z,-0.2470353320240974
2022-01-22T13:55:50Z,0.0623555481433868
2022-01-17T19:03:00Z,-0.0241634771227836
2022-01-22T19:57:24Z,0.0159245897084474
2022-01-23T14:33:03Z,-0.3601756654679775
2022-01-23T14:36:30Z,0.135081747546792
2022-01-23T16:18:44Z,0.8937649838626385
2022-01-23T17:02:54Z,0.0079875364899635
2022-01-23T19:48:10Z,-0.7906825691461563
2022-01-24T11:13:58Z,0.1391041995957493
2022-01-24T11:23:45Z,0.1762754367664456
2022-01-24T12:06:50Z,0.0146267600357532
2022-01-24T13:13:56Z,0.7057060888037086
2022-01-24T14:14:05Z,0.1488353190943598
2022-01-24T15:22:03Z,0.0629821605980396
2022-01-24T16:26:31Z,-0.4516807105392217
2022-01-24T16:36:28Z,-0.934283503331244
2022-01-24T16:44:09Z,0.0104047413915395
2022-01-24T15:05:24Z,0.0330961421132087
2022-01-24T13:42:05Z,-0.0841581169515848
2022-01-24T18:16:12Z,0.052553815767169
2022-01-24T19:08:47Z,-0.2569895721971988
2022-01-24T15:11:52Z,-0.9635539427399636
2022-01-25T10:14:12Z,-0.848678482696414
2022-01-25T11:06:38Z,0.0147532261908054
2022-01-25T12:53:31Z,0.0951862353831529
2022-01-25T13:30:11Z,-0.0498026013374328
2022-01-25T15:40:39Z,-0.001721516251564
2022-01-25T15:43:45Z,0.3457002341747284
2022-01-25T17:00:36Z,-0.9318052157759666
2022-01-25T17:10:54Z,0.2810735730454325
2022-01-25T17:11:22Z,0.1245675384998321
2022-01-25T17:13:11Z,0.008638696745038
2022-01-25T17:42:35Z,0.052553815767169
2022-01-25T17:17:43Z,-0.9624436646699904
2022-01-26T02:38:19Z,0.0759939774870872
2022-01-26T10:04:54Z,0.1107402443885803
2022-01-26T13:59:36Z,0.0564408805221319
2022-01-26T15:02:51Z,0.2510829865932464
2022-01-26T15:04:16Z,0.0166672263294458
2022-01-26T15:32:35Z,-0.496904369443655
2022-01-26T15:55:11Z,0.0261011673137545
2022-01-26T16:42:58Z,0.0354735441505909
2022-01-26T18:32:46Z,0.8711002478376031
2022-01-26T18:52:01Z,0.2016168478876352
2022-01-27T04:49:16Z,-0.926133438013494
2022-01-27T09:37:39Z,-0.0995917618274688
2022-01-27T09:49:33Z,-0.0178827010095119
2022-01-27T10:21:30Z,0.7644774317741394
2022-01-27T10:34:28Z,0.9239434273913504
2022-01-27T11:05:03Z,0.6719910483807325
2022-01-27T11:50:50Z,-0.9318754281848668
2022-01-27T13:19:40Z,0.0263706371188163
2022-01-27T16:50:12Z,0.0031973756849765
2022-01-27T18:01:15Z,-0.0039224773645401
2022-01-27T18:08:47Z,0.0154491104185581
2022-01-27T18:21:54Z,0.0974639039486646
2022-01-27T18:33:51Z,0.0721814222633838
2022-01-27T20:27:18Z,0.3965538237243891
2022-01-27T21:30:31Z,0.5973540395498276
2022-01-27T21:31:21Z,0.503556564450264
2022-01-27T21:31:52Z,0.320167675614357
2022-01-27T21:32:09Z,0.1492508351802826
2022-01-27T21:32:44Z,0.1732863448560238
2022-01-27T21:33:11Z,0.0527951978147029
2022-01-27T21:34:12Z,0.0362618714570999
2022-01-27T21:34:57Z,-0.7660365477204323
2022-01-27T22:24:41Z,-0.009453073143959
2022-01-27T22:25:34Z,-0.27717025578022
2022-01-27T22:26:07Z,-0.5344080030918121
2022-01-27T22:26:41Z,-0.9230430498719217
2022-01-27T22:28:08Z,-0.7763673216104507
2022-01-27T22:38:29Z,0.7246081121265888
2022-01-27T22:39:58Z,0.2985495207831263
2022-01-27T22:52:28Z,0.5188911091536283
2022-01-27T23:00:36Z,-0.0708774384111166
2022-01-28T08:15:16Z,0.904332660138607
2022-01-28T09:16:26Z,-0.0138715542852878
2022-01-28T10:21:50Z,0.1828747875988483
2022-01-28T10:27:44Z,0.0015466511249542
2022-01-28T10:31:36Z,0.7960091456770897
2022-01-28T11:34:47Z,-0.0611448511481285
2022-01-28T11:38:44Z,0.7697250321507454
2022-01-28T11:42:40Z,0.6917398385703564
2022-01-28T12:13:33Z,-0.1285437494516372
2022-01-28T12:18:36Z,0.8532935865223408
2022-01-28T12:29:48Z,0.0273751132190227
2022-01-28T12:45:46Z,0.8459142297506332
2022-01-28T13:01:46Z,0.6833157278597355
2022-01-28T14:19:09Z,0.0123069062829017
2022-01-28T14:46:46Z,0.2643856219947338
2022-01-28T14:51:00Z,0.2553138844668865
2022-01-28T15:11:03Z,0.8210247308015823
2022-01-28T15:17:35Z,-0.5311134699732065
2022-01-28T15:17:10Z,-0.9426786676049232
2022-01-28T16:10:34Z,0.0430868379771709
2022-01-28T16:17:08Z,0.244838728569448
2022-01-28T16:24:53Z,0.0431466847658157
2022-01-28T17:07:02Z,-0.6057099066674709
2022-01-28T17:11:41Z,0.8910803832113743
2022-01-28T17:23:51Z,0.6964537613093853
2022-01-28T17:29:09Z,0.0296580251306295
2022-01-28T17:38:24Z,0.052553815767169
2022-01-28T17:47:08Z,0.0953411757946014
2022-01-28T19:41:57Z,0.1210553357377648
2022-01-28T19:53:49Z,-0.9397856649011374
2022-01-20T20:21:30Z,0.0110495071858167
2022-01-29T13:20:58Z,-0.8794520702213049
2022-01-29T15:06:02Z,-0.3400475718080997
2022-01-29T17:38:36Z,0.0213493052870035
2022-01-29T20:30:26Z,-0.0016211029142141
2022-01-29T21:24:03Z,-0.0065019689500331
2022-01-30T19:40:03Z,-0.8712564036250114
2022-01-30T21:10:46Z,0.8214233852922916
2022-01-30T22:26:48Z,-0.2562225311994552
2022-01-31T06:20:38Z,-0.8629611507058144
2022-01-31T06:45:38Z,-0.4519082028418779
2022-01-31T09:19:58Z,-0.7837002947926521
2022-01-31T10:03:54Z,-0.0154582485556602
2022-01-31T10:30:55Z,0.3637013435363769
2022-01-31T14:04:55Z,-0.939615652896464
2022-01-31T15:13:29Z,0.9401751598343252
2022-01-31T15:44:30Z,0.5539321228861809
2022-01-31T17:33:53Z,-0.2690506130456924
2022-01-31T17:36:09Z,-0.0039224773645401
2022-01-31T20:09:30Z,0.652234548702836
2022-02-01T04:58:10Z,-0.5521378125995398
2022-02-01T06:44:20Z,0.7021463811397552
2022-02-01T10:16:39Z,-0.9332529846578836
2022-02-01T10:32:23Z,0.9301922544836998
2022-02-01T11:23:12Z,0.3356077093631029
2022-02-01T15:43:02Z,0.0314885638654232
2022-02-01T17:13:44Z,0.1609273068606853
2022-01-31T23:50:06Z,0.1186170214787125
2022-02-01T17:46:35Z,-0.0039224773645401
2022-02-01T17:53:44Z,0.0896802525967359
2022-02-01T17:57:48Z,0.061307543888688
2022-02-01T18:59:55Z,0.1090089250355959
2022-02-01T19:05:50Z,0.0103949196636676
2022-02-01T22:11:47Z,-0.0095771308988332
2022-02-02T11:20:40Z,0.932585896924138
2022-02-02T13:53:02Z,0.0537514947354793
2022-02-02T05:05:42Z,0.129532316699624
2022-02-02T16:41:14Z,-0.1800964325666427
2022-02-02T17:39:15Z,-0.4499259889125824
2022-02-02T20:41:59Z,0.0372950248420238
2022-02-02T22:05:20Z,0.0163992494344711
2022-02-03T10:18:01Z,-0.4234960079193115
2022-02-03T10:45:13Z,-0.1373917534947395
2022-02-03T11:18:40Z,-0.9146508788689972
2022-02-03T14:23:57Z,0.0018080472946166
2022-02-03T14:41:20Z,-0.703573115170002
2022-02-03T11:19:32Z,-0.9591258815489708
2022-02-03T15:51:44Z,0.0139819215983152
2022-02-03T16:25:10Z,0.1073476523160934
2022-02-03T16:46:13Z,-0.4262910671532154
2022-02-03T17:07:09Z,-0.6372815426439047
2022-02-03T17:29:08Z,-0.7075082398951054
2022-02-03T17:41:46Z,0.052553815767169
2022-02-03T18:21:23Z,-0.0193004570901393
2022-02-03T19:31:17Z,0.0322550348937511
2022-02-03T19:36:01Z,0.4683385752141475
2022-02-03T20:26:13Z,-0.0331478770822286
2022-02-03T20:43:45Z,0.0816648378968238
2022-02-04T03:10:28Z,0.9192850636318326
2022-02-04T11:35:13Z,-0.2077507264912128
2022-02-04T13:20:20Z,-0.026092667132616
2022-02-04T13:46:28Z,0.0881660375744104
2022-02-04T14:27:50Z,-0.904627988114953
2022-02-04T15:24:13Z,-0.1453204117715358
2022-02-04T16:10:55Z,0.0981234144419431
2022-02-04T16:34:05Z,-0.0170967876911163
2022-02-04T16:41:50Z,0.8834520764648914
2022-02-04T16:46:36Z,0.6550906617194414
2022-02-04T17:42:35Z,-0.0039224773645401
2022-02-04T18:14:01Z,-0.0037539266049861
2022-02-04T19:11:47Z,-0.5420265421271324
2022-02-04T20:00:53Z,0.2223344314843416
2022-02-04T21:12:07Z,0.0995383067056536
2022-02-05T16:08:59Z,0.0296222027391195
2022-02-05T14:10:20Z,0.0318030379712581
2022-02-05T22:08:07Z,-0.0245943274348974
2022-02-06T16:42:50Z,-0.0023388676345348
2022-02-06T17:03:30Z,0.1216658418998122
2022-02-06T18:58:34Z,0.0795299280434846
2022-02-07T10:22:21Z,-0.9447045270353556
2022-02-07T11:59:15Z,-0.0830362141132354
2022-02-07T12:39:53Z,0.8761754743754864
2022-02-07T14:28:28Z,-0.6099680438637733
2022-02-07T14:48:31Z,0.2706111120060086
2022-02-07T14:52:33Z,-0.9456918444484472
2022-02-07T16:36:26Z,0.0830854987725615
2022-02-07T17:31:41Z,0.682041147723794
2022-02-07T17:41:37Z,-0.0039224773645401
2022-02-07T19:53:57Z,-0.5679699555039406
2022-02-07T21:09:57Z,0.0915196035057306
2022-02-08T10:25:38Z,0.1768525438383221
2022-02-07T18:58:33Z,0.3608597032725811
2022-02-08T14:32:00Z,0.043779220432043
2022-02-08T15:02:50Z,0.1133577888831496
2022-02-08T15:11:13Z,0.7251711981371045
2022-02-08T16:03:35Z,0.0487090907990932
2022-02-08T16:16:50Z,-0.4222426302731037
2022-02-08T16:49:40Z,0.0613016709685325
2022-02-08T16:51:19Z,0.405406042933464
2022-02-08T14:43:55Z,0.0055444315075874
2022-02-08T17:30:23Z,0.0011710599064826
2022-02-08T17:40:05Z,0.052553815767169
2022-02-08T18:57:19Z,-0.0792676135897636
2022-02-08T20:23:55Z,0.6468600109219551
2022-02-08T14:36:06Z,0.0251459851861
2022-02-09T00:25:38Z,0.0249731130897998
2022-02-09T07:11:34Z,-0.5331893712282181
2022-02-09T09:29:35Z,0.0792868062853813
2022-02-09T10:25:19Z,0.0608691573143005
2022-02-09T10:11:36Z,0.2903612963855266
2022-02-09T12:25:28Z,-0.8174864165484905
2022-02-09T14:19:32Z,-0.0190362334251403
2022-02-09T15:08:24Z,0.8641342781484127
2022-02-09T17:02:09Z,0.9318515732884408
2022-02-08T13:14:41Z,-0.0661448333412408
2022-02-09T18:18:22Z,-0.0915786996483802
2022-02-09T19:05:07Z,-0.10459865629673
2022-02-09T19:30:02Z,-0.0081280618906021
2022-02-09T20:24:55Z,-0.0432422738522291
2022-02-10T02:30:34Z,-0.8217374542728066
2022-02-10T17:59:45Z,0.0648763570934534
2022-02-10T18:09:15Z,0.0658108731731772
2022-02-10T20:56:15Z,-0.8579740766435862
2022-02-10T22:05:16Z,-0.0090860482305288
2022-02-11T04:49:45Z,0.0851145489141345
2022-02-11T12:33:26Z,0.2267704550176859
2022-02-11T13:10:41Z,0.0469160694628953
2022-02-11T15:54:48Z,0.1694771498441696
2022-02-11T16:29:24Z,0.9215158810839056
2022-02-11T17:07:43Z,-0.6254495941102505
2022-02-11T17:46:58Z,-0.0039224773645401
2022-02-11T18:39:39Z,-0.9616650165989996
2022-02-11T19:46:46Z,0.0247549191117286
2022-02-11T20:27:41Z,0.0167805459350347
2022-02-12T14:17:31Z,0.7900144346058369
2022-02-12T15:11:23Z,-0.6197430677711964
2022-02-12T16:22:18Z,0.0212921164929866
2022-02-12T21:29:22Z,-0.0933015085756778
2022-02-13T18:09:45Z,0.0804634522646665
2022-02-14T11:53:04Z,-0.1302302405238151
2022-02-14T16:24:35Z,-0.0342560764402151
2022-02-14T15:48:54Z,0.3887815391644835
2022-02-14T17:35:40Z,-0.0039224773645401
2022-02-14T19:46:14Z,0.0234845839440822
2022-02-15T15:29:05Z,0.926118053495884
2022-02-15T15:35:38Z,0.9227449260652064
2022-02-15T15:39:10Z,0.4306265115737915
2022-02-15T15:59:49Z,0.9341379515826702
2022-02-15T17:37:12Z,-0.0039224773645401
2022-02-15T18:42:17Z,-0.0063150189816951
2022-02-15T19:02:31Z,-0.013397829607129
2022-02-15T19:17:32Z,0.1232128199189901
2022-02-15T19:20:28Z,0.214082671329379
2022-02-15T20:02:37Z,0.0486148763447999
2022-02-15T20:41:56Z,0.8543968200683594
2022-02-15T21:15:21Z,-0.0132958739995956
2022-02-16T11:48:02Z,0.8753941245377064
2022-02-16T14:39:54Z,-0.828755609691143
2022-02-16T14:50:30Z,0.0234572906047105
2022-02-16T17:25:02Z,0.2317737257108092
2022-02-16T14:51:49Z,0.1018487513065338
2022-02-16T18:03:30Z,-0.3837467357516289
2022-02-16T18:04:16Z,-0.0501526929438114
2022-02-16T18:04:36Z,-0.9193617776036264
2022-02-16T16:12:01Z,0.0639880634844303
2022-02-17T04:20:42Z,-0.2168676629662513
2022-02-17T09:21:13Z,0.9364506425336004
2022-02-17T10:38:36Z,-0.9186509642750024
2022-02-17T11:32:16Z,0.0267689116299152
2022-02-17T11:58:12Z,-0.0218097921460866
2022-02-17T14:55:32Z,0.0969729740172624
2022-02-17T17:36:08Z,-0.0039224773645401
2022-02-17T19:31:01Z,0.0640356950461864
2022-02-17T20:42:50Z,0.0574615523219108
2022-02-17T21:04:25Z,0.0407373718917369
2022-02-18T03:33:19Z,0.0233072098344564
2022-02-18T12:12:34Z,-0.9293282786384224
2022-02-18T13:15:54Z,-0.8934686752036214
2022-02-18T15:20:01Z,-0.0199917461723089
2022-02-18T15:11:27Z,0.0284861978143453
2022-02-18T17:02:57Z,0.0234082303941249
2022-02-18T17:03:15Z,-0.9491727463901044
2022-02-18T17:35:48Z,-0.0039224773645401
2022-02-18T18:28:53Z,-0.1306264996528625
2022-02-18T19:19:23Z,0.0521949045360088
2022-02-19T16:34:35Z,0.0088997818529605
2022-02-20T20:48:10Z,0.6967295166105032
2022-02-21T13:57:31Z,0.0229936093091964
2022-02-21T15:21:56Z,-0.9525133930146694
2022-02-21T15:57:45Z,0.0583720915019512
2022-02-21T19:09:29Z,0.1078162379562854
2022-02-21T19:18:08Z,0.0731533002108335
2022-02-22T10:37:52Z,-0.0747270323336124
2022-02-22T10:53:09Z,0.0907399598509073
2022-02-22T14:42:37Z,-0.0021548140794038
2022-02-22T15:39:41Z,-0.036597279831767
2022-02-22T16:08:05Z,-0.013014668598771
2022-02-22T16:12:11Z,0.1442290646955371
2022-02-22T16:45:05Z,-0.0444381013512611
2022-02-22T17:05:05Z,0.0832924526184797
2022-02-22T17:12:02Z,0.0798892863094806
2022-02-22T17:41:02Z,-0.0039224773645401
2022-02-22T18:05:00Z,0.0886380560696125
2022-02-22T18:50:28Z,0.1191288214176893
2022-02-22T21:11:59Z,-0.8095029965043068
2022-02-22T21:43:26Z,0.0431479699909687
2022-02-23T09:21:28Z,-0.6803239770233631
2022-02-23T17:07:31Z,0.0659259660169482
2022-02-23T17:36:14Z,0.052553815767169
2022-02-23T18:03:16Z,0.0239278189837932
2022-02-23T19:35:38Z,-0.0385873951017856
2022-02-23T19:45:09Z,-0.9339540097862482
2022-02-23T20:33:49Z,-0.939346281811595
2022-02-24T04:07:39Z,-0.9402916496619582
2022-02-24T03:18:57Z,-0.4964326731860637
2022-02-24T17:10:27Z,0.0562799964100122
2022-02-24T17:36:53Z,0.052553815767169
2022-02-25T16:35:47Z,-0.0199987925589084
2022-02-25T17:37:16Z,0.052553815767169
2022-02-25T20:17:04Z,-0.0566387549042701
2022-02-26T19:29:32Z,0.0282343253493309
2022-02-26T20:10:51Z,-0.865049596875906
2022-02-26T22:15:38Z,-0.0044628679752349
2022-02-27T17:00:43Z,0.0271023418754339
2022-02-27T18:42:44Z,0.0954483347013592
2022-02-27T20:36:36Z,0.151125106960535
2022-02-27T21:46:20Z,-0.8034464381635189
2022-02-28T03:09:30Z,-0.0433123856782913
2022-02-28T04:42:24Z,0.0654762536287307
2022-02-28T12:20:52Z,-0.1353426203131675
2022-02-28T14:14:42Z,-0.9440224217250944
2022-02-28T14:25:52Z,0.0681510902941227
2022-02-28T17:18:57Z,0.4690764741972089
2022-02-28T17:40:57Z,-0.0039224773645401
2022-02-28T18:36:08Z,-0.1613429076969623
2022-02-28T19:47:41Z,0.078508511185646
2022-03-01T14:29:21Z,-0.8400421999394894
2022-03-01T17:38:28Z,-0.0039224773645401
2022-03-01T18:41:05Z,0.8592362711206079
2022-03-01T20:29:55Z,-0.3042892757803201
2022-03-01T20:31:08Z,-0.8625260200351477
2022-03-01T20:46:50Z,-0.660296730697155
2022-03-01T20:47:25Z,-0.8504320587962866
2022-03-01T22:29:41Z,0.0918414182960987
2022-03-02T08:04:09Z,-0.9229857344180346
2022-03-02T10:20:23Z,0.8028147239238024
2022-03-02T10:35:47Z,0.8882545419037342
2022-03-02T15:00:55Z,-0.6881706593558192
2022-03-02T15:05:14Z,0.1376427691429853
2022-03-02T17:03:54Z,0.003632441163063
2022-03-02T17:30:19Z,0.1547324890270829
2022-03-02T17:28:33Z,0.0120822824537754
2022-03-02T13:52:33Z,0.0588503032922744
2022-03-02T19:11:48Z,0.041145697236061
2022-03-02T20:07:33Z,-0.036597279831767
2022-03-02T21:31:02Z,-0.8939388347789645
2022-03-03T07:38:33Z,0.1782329827547073
2022-03-03T06:34:49Z,-0.9354524137452244
2022-03-03T15:38:52Z,0.0811218693852424
2022-03-03T17:28:52Z,-0.4672255907207727
2022-03-03T17:35:54Z,0.052553815767169
2022-03-03T18:06:57Z,0.0523198004812002
2022-03-03T18:24:06Z,-0.6587594728916883
2022-03-03T18:35:50Z,0.0346885584294796
2022-03-03T19:12:29Z,-0.6395571529865265
2022-03-03T19:28:53Z,0.0009459108114242
2022-03-03T21:32:53Z,0.5007651345804334
2022-03-03T22:18:22Z,0.0090211369097232
2022-03-03T23:00:24Z,-0.7829746622592211
2022-03-04T13:05:37Z,-0.8258018121123314
2022-03-04T15:40:14Z,-0.2124029342085123
2022-03-04T17:03:28Z,-0.0242284685373306
2022-03-04T17:37:01Z,0.052553815767169
2022-03-04T17:46:09Z,0.0315248370170593
2022-03-04T17:56:56Z,-0.7634238079190254
2022-03-04T19:04:13Z,0.2212446266785264
2022-03-04T13:35:03Z,0.110117258504033
2022-03-05T16:35:58Z,0.0288931168615818
2022-03-05T17:53:37Z,0.1935603003948927
2022-03-05T18:12:17Z,0.0119900554418563
2022-03-06T18:24:19Z,0.0462668426334857
2022-03-07T06:51:15Z,-0.8202215880155563
2022-03-07T12:35:46Z,0.0132413171231746
2022-03-07T14:16:40Z,0.0089164171367883
2022-03-07T15:30:22Z,0.3248212533071637
2022-03-07T16:01:32Z,0.5161066222935915
2022-03-07T17:42:47Z,-0.0045109782367944
2022-03-07T18:29:51Z,-0.0039224773645401
2022-03-07T19:17:10Z,0.3407633937895298
2022-03-07T19:26:33Z,-0.881936282850802
2022-03-07T20:42:00Z,0.0404922310262918
2022-03-07T22:19:57Z,0.0487090907990932
2022-03-08T03:16:11Z,-0.2901209071278572
2022-03-08T09:53:13Z,0.0571456253528595
2022-03-08T10:05:30Z,0.7386686988174915
2022-03-08T10:08:11Z,0.7362966313958168
2022-03-08T11:51:19Z,0.1965460032224655
2022-03-08T12:53:15Z,0.8496667481958866
2022-03-08T16:00:14Z,0.9313903730362654
2022-03-08T16:03:35Z,-0.9135871399194002
2022-03-08T16:11:10Z,-0.0584062933921813
2022-03-08T16:57:00Z,0.1483187265694141
2022-03-08T17:54:25Z,-0.0039224773645401
2022-03-08T18:05:05Z,0.692999079823494
2022-03-08T18:06:03Z,-0.0001872200518846
2022-03-08T18:06:41Z,-0.019646955654025
2022-03-08T18:07:07Z,0.113753518089652
2022-03-08T18:08:16Z,0.0083967018872499
2022-03-08T18:09:06Z,0.2079866388812661
2022-03-08T18:09:58Z,0.8232578476890922
2022-03-08T18:12:37Z,0.0102898012846708
2022-03-08T18:15:21Z,-0.0078631732612848
2022-03-08T18:15:42Z,-0.0172427203506231
2022-03-08T18:16:08Z,0.0227669458836317
2022-03-08T18:16:38Z,0.045149028301239
2022-03-08T18:17:32Z,0.1582231381908059
2022-03-08T18:19:22Z,0.0546202948316931
2022-03-08T18:23:32Z,0.0733413957059383
2022-03-08T18:22:02Z,0.1387236695736646
2022-03-08T18:23:56Z,0.0013396386057138
2022-03-08T18:24:22Z,-0.0180863440036773
2022-03-08T18:25:55Z,0.8695629648864269
2022-03-08T18:26:15Z,0.0978046022355556
2022-03-08T18:28:38Z,0.0387164736166596
2022-03-08T18:37:10Z,0.0108178704977035
2022-03-08T18:37:36Z,0.0017441548407077
2022-03-08T18:48:16Z,-0.0075193867087364
2022-03-08T18:55:24Z,0.0007459037005901
2022-03-08T18:56:23Z,-0.0062137357890605
2022-03-08T18:58:20Z,-0.9591325419023632
2022-03-08T17:45:40Z,0.0319918505847454
2022-03-08T19:24:05Z,-0.0662850178778171
2022-03-08T21:01:53Z,0.0737414071336388
2022-03-08T21:14:07Z,0.1313361786305904
2022-03-08T21:21:34Z,0.0692456979304552
2022-03-09T07:39:48Z,-0.9251264035701752
2022-03-09T12:06:33Z,0.0556023716926574
2022-03-09T13:39:50Z,0.7454519234597683
2022-03-09T13:48:23Z,0.041929523460567
2022-03-09T13:58:34Z,-0.783664409071207
2022-03-09T15:35:29Z,-0.0182553529739379
2022-03-09T16:02:23Z,0.2378935329616069
2022-03-09T16:31:17Z,0.0068474598228931
2022-03-09T17:17:45Z,0.0877982173115015
2022-03-09T17:41:30Z,0.052553815767169
2022-03-09T17:45:14Z,0.0386444553732872
2022-03-09T18:10:11Z,0.6269273553043604
2022-03-09T19:33:01Z,0.1510191857814788
2022-03-09T19:41:12Z,0.0308367647230625
2022-03-09T22:12:16Z,-0.019279308617115
2022-03-09T17:19:57Z,-0.6988854240626097
2022-03-10T06:59:27Z,0.8563940087333322
2022-03-10T08:22:52Z,0.4001372680068016
2022-03-10T04:03:12Z,0.0607862621545791
2022-03-10T09:40:20Z,0.0326956938952207
2022-03-10T14:50:50Z,0.0343878399580717
2022-03-10T16:44:39Z,-0.9402060750871896
2022-03-10T17:39:05Z,-0.0002111364156007
2022-03-10T18:03:39Z,0.0487090907990932
2022-03-10T18:03:54Z,0.052553815767169
2022-03-10T19:18:10Z,0.0276007559150457
2022-03-10T20:45:03Z,0.3391312509775162
2022-03-10T21:08:40Z,-0.4955742452293634
2022-03-10T21:22:31Z,0.0702012944966554
2022-03-10T23:37:54Z,0.2200224362313747
2022-03-11T02:07:18Z,-0.9109782408922912
2022-03-11T03:30:24Z,0.0048393681645393
2022-03-11T08:29:20Z,-0.0001903213560581
2022-03-11T11:43:34Z,-0.0069599449634552
2022-03-11T11:46:46Z,-0.0326234996318817
2022-03-11T11:57:15Z,0.8424737062305212
2022-03-11T14:18:37Z,0.0083883088082075
2022-03-11T14:20:40Z,-0.0042018834501504
2022-03-11T14:08:40Z,0.888350360095501
2022-03-11T16:32:41Z,-0.0222607403993606
2022-03-11T17:20:13Z,0.8955226000398397
2022-03-11T17:35:31Z,-0.0039224773645401
2022-03-11T17:42:58Z,0.0012485086917877
2022-03-11T18:25:41Z,0.9414206398651004
2022-03-12T13:58:14Z,0.3275063913315534
2022-03-12T19:10:56Z,0.007489550858736
2022-03-12T22:23:40Z,0.0078709460794925
2022-03-13T04:10:59Z,0.0383525006473064
2022-03-13T13:58:52Z,0.0197225008159875
2022-03-13T16:53:22Z,-0.1281434893608093
2022-03-13T21:30:44Z,0.5421317666769028
2022-03-14T01:06:09Z,0.0312851350754499
2022-03-14T03:48:10Z,-0.9419754184782504
2022-03-14T07:38:49Z,0.0137095358222723
2022-03-14T09:50:14Z,0.4555515646934509
2022-03-14T10:33:56Z,0.0208663120865821
2022-03-14T10:44:21Z,-0.9088225718587636
2022-03-14T10:51:07Z,-0.0933122392743825
2022-03-14T11:38:20Z,-0.6161206588149071
2022-03-14T12:23:05Z,-0.2507940977811813
2022-03-11T21:59:56Z,0.6933683520182967
2022-03-14T14:56:20Z,-0.6713838875293732
2022-03-14T15:31:33Z,0.0430868379771709
2022-03-14T16:13:45Z,0.7562117809429765
2022-03-14T16:14:02Z,-0.0033825039863586
2022-03-14T16:20:44Z,-0.8974073808640242
2022-03-14T17:10:14Z,0.068647252395749
2022-03-14T17:36:10Z,0.052553815767169
2022-03-14T17:44:36Z,0.164121326059103
2022-03-14T18:24:47Z,0.7801504358649254
2022-03-14T18:24:04Z,0.0123261976987123
2022-03-14T19:04:06Z,-0.9518129294738172
2022-03-14T19:57:54Z,-0.3541703373193741
2022-03-15T02:15:47Z,-0.6176741179078817
2022-03-15T04:35:06Z,0.1642736569046974
2022-03-15T10:38:00Z,-0.9404042232781648
2022-03-15T11:57:56Z,-0.0299107506871223
2022-03-15T13:21:42Z,-0.003044307231903
2022-03-15T08:00:06Z,-0.0225007832050323
2022-03-15T14:46:31Z,-0.1944014802575111
2022-03-15T15:38:25Z,0.2416333351284265
2022-03-15T16:22:37Z,0.0028699170798063
2022-03-11T18:52:40Z,0.0041241068392992
2022-03-15T17:39:03Z,-0.0039224773645401
2022-03-15T18:01:26Z,0.3591363914310932
2022-03-15T19:16:04Z,-0.7065525967627764
2022-03-16T01:44:40Z,-0.9067464005202056
2022-03-16T07:38:24Z,0.0460582599043846
2022-03-16T10:56:01Z,0.1170858591794967
2022-03-16T11:21:37Z,-0.0025635473430156
2022-03-16T11:47:22Z,-0.0641431510448455
2022-03-16T13:08:05Z,-0.210803497582674
2022-03-16T13:16:38Z,0.8696120865643024
2022-03-16T15:54:39Z,0.0254616178572177
2022-03-16T18:35:12Z,-0.1693105995655059
2022-03-17T03:07:16Z,0.0570022203028202
2022-03-16T07:58:51Z,-0.8820961499586701
2022-03-17T10:45:36Z,0.0180106926709413
2022-03-17T10:52:29Z,-0.5571580082178116
2022-03-17T13:14:56Z,0.0160914678126573
2022-03-17T13:26:54Z,-0.0065501872450113
2022-03-17T13:32:36Z,0.8713959185406566
2022-03-17T16:15:08Z,0.0983982719480991
2022-03-17T16:04:24Z,-0.020121794193983
2022-03-17T17:35:42Z,0.052553815767169
2022-03-17T23:39:02Z,0.0123130623251199
2022-03-18T10:12:37Z,0.4595000194385648
2022-03-18T10:23:40Z,-0.0121758878231048
2022-03-18T11:08:32Z,0.0762966005131602
2022-03-18T11:50:15Z,-0.0233386978507041
2022-03-18T12:27:48Z,0.0553401028737425
2022-03-18T14:12:06Z,0.9285352304577827
2022-03-18T14:24:42Z,-0.0891368798911571
2022-03-18T14:27:27Z,-0.6503677666187286
2022-03-18T15:39:57Z,0.1248801918700337
2022-03-18T16:41:48Z,0.8340549152344465
2022-03-18T17:48:27Z,0.5969031974673271
2022-03-18T17:53:03Z,-0.0039224773645401
2022-03-18T19:30:40Z,-0.4033772796392441
2022-03-19T12:27:01Z,0.0220129378139972
2022-03-19T13:07:12Z,0.0212093982845544
2022-03-19T17:57:12Z,0.0216044876724481
2022-03-20T14:33:47Z,-0.2342913597822189
2022-03-20T18:36:41Z,3.526359796524048e-05
2022-03-21T02:03:52Z,0.0322413649410009
2022-03-21T04:18:15Z,0.0616263151168823
2022-03-21T10:20:23Z,0.6226441375911236
2022-03-21T10:27:43Z,0.0677822083234787
2022-03-21T13:06:33Z,-0.8579474315047264
2022-03-21T13:16:01Z,-0.9662945438176394
2022-03-21T14:13:15Z,0.2494539804756641
2022-03-21T14:22:11Z,0.0141292195767164
2022-03-21T14:41:57Z,-0.8409926183521748
2022-03-21T17:36:49Z,0.052553815767169
2022-03-21T17:38:01Z,-0.91807293985039
2022-03-21T17:40:18Z,-0.0827184952795505
2022-03-21T18:46:01Z,0.0439436826854944
2022-03-21T19:17:32Z,-0.8572065327316523
2022-03-21T19:34:44Z,-0.9514549942687154
2022-03-21T20:12:27Z,-0.7208366021513939
2022-03-21T23:20:05Z,0.0306028164923191
2022-03-22T03:34:12Z,-0.6700004395097494
2022-03-22T06:50:05Z,0.1330127567052841
2022-03-22T07:42:12Z,0.0562541149556636
2022-03-22T10:05:07Z,0.5049367398023605
2022-03-22T11:24:43Z,-0.1051980927586555
2022-03-22T11:36:50Z,-0.5432193968445063
2022-03-22T13:21:37Z,-0.002399081364274
2022-03-22T13:33:23Z,0.6348258871585131
2022-03-22T15:29:51Z,-0.5076981447637081
2022-03-22T16:27:36Z,0.0018169190734624
2022-03-22T17:00:03Z,-0.0437355563044548
2022-03-22T17:35:55Z,0.0411649961024522
2022-03-22T17:43:01Z,0.052553815767169
2022-03-22T17:43:05Z,0.003975061699748
2022-03-22T18:15:48Z,-0.0726517513394355
2022-03-22T19:55:03Z,0.5732948584482074
2022-03-23T08:43:58Z,-0.002106886357069
2022-03-23T09:52:14Z,0.2220267988741397
2022-03-23T10:44:17Z,0.0789301916956901
2022-03-23T11:44:14Z,0.1602200595661997
2022-03-23T12:15:53Z,0.6949629858136177
2022-03-23T13:32:04Z,-0.0098118428140878
2022-03-23T16:33:53Z,0.0053474232554435
2022-03-23T17:45:17Z,0.1089413072913885
2022-03-23T17:50:42Z,-0.0039224773645401
2022-03-23T18:23:04Z,0.2848041951656341
2022-03-23T18:34:42Z,0.0370483193546533
2022-03-23T19:19:44Z,0.8326710779219866
2022-03-23T21:55:39Z,0.0297328401356935
2022-03-23T23:44:57Z,-0.0046234279870986
2022-03-24T03:07:42Z,0.0407480653375387
2022-03-24T06:24:25Z,0.1778286835178733
2022-03-24T11:54:15Z,-0.0185947231948375
2022-03-24T11:59:03Z,0.1193607868626713
2022-03-24T12:59:29Z,-0.0623397566378116
2022-03-24T13:27:17Z,-0.0146425571292638
2022-03-24T17:03:01Z,0.1928079202771186
2022-03-24T17:03:52Z,0.0438352758064866
2022-03-24T17:04:28Z,0.511471401900053
2022-03-24T17:06:35Z,0.0322008803486824
2022-03-24T17:19:58Z,-0.0001587141305208
2022-03-24T18:45:49Z,0.1712245997041463
2022-03-24T18:54:17Z,0.1609285296872258
2022-03-24T19:03:46Z,-0.4667128100991249
2022-03-24T19:07:46Z,0.0454612057656049
2022-03-24T21:52:48Z,0.0084531717002391
2022-03-25T03:16:12Z,-0.0181226283311843
2022-03-25T09:14:43Z,-0.9477052744477988
2022-03-25T10:55:55Z,0.216538093984127
2022-03-25T11:07:33Z,-0.5251304879784584
2022-03-25T12:00:46Z,-0.014422670006752
2022-03-25T14:10:16Z,0.0407373718917369
2022-03-25T16:29:10Z,-0.9422772862017156
2022-03-23T18:13:07Z,0.1605073362588882
2022-03-25T16:56:33Z,0.4333320893347263
2022-03-25T17:21:42Z,0.3031754260882735
2022-03-25T17:35:54Z,-0.0039224773645401
2022-03-20T12:27:00Z,0.0425163097679615
2022-03-25T21:23:10Z,-0.0016979500651359
2022-03-26T13:48:49Z,-0.2227505054324865
2022-03-26T15:56:16Z,-0.0508240200579166
2022-03-26T16:44:46Z,0.9129957463592292
2022-03-27T14:12:40Z,0.0753041338175535
2022-03-27T15:14:37Z,-0.2504714280366897
2022-03-27T16:50:17Z,-0.1162502765655517
2022-03-27T18:38:31Z,0.1608860678970813
2022-03-27T21:17:50Z,-0.006291339173913
2022-03-28T03:13:38Z,-0.2754945084452629
2022-03-28T04:14:19Z,0.9266242664307356
2022-03-28T08:07:20Z,0.8338208310306072
2022-03-28T08:45:23Z,0.1025195363909006
2022-03-28T09:53:52Z,-0.931138401851058
2022-03-28T10:10:35Z,-0.730715611949563
2022-03-28T10:12:54Z,-0.944345410913229
2022-03-28T10:29:46Z,-0.9245645087212324
2022-03-28T10:57:04Z,-0.0257120300084352
2022-03-28T11:43:09Z,-0.7911390773952007
2022-03-28T11:55:44Z,-0.0168262496590614
2022-03-28T13:17:00Z,-0.1995385214686393
2022-03-28T14:09:07Z,0.1005348609760403
2022-03-28T14:42:12Z,0.0264934655278921
2022-03-28T22:29:00Z,0.029317582026124
2022-03-29T01:14:09Z,-0.889866454526782
2022-03-29T05:15:47Z,-0.0431367512792348
2022-03-29T07:24:43Z,-0.9062389992177486
2022-03-29T11:09:15Z,0.0797592513263225
2022-03-29T12:00:05Z,-0.0223778933286666
2022-03-29T13:17:35Z,0.0131341032683849
2022-03-29T13:19:27Z,0.0202016830444335
2022-03-29T13:22:04Z,-0.89467737916857
2022-03-29T15:06:57Z,0.0004467610269784
2022-03-29T15:02:05Z,0.0019150450825691
2022-03-29T15:41:31Z,0.1155610382556915
2022-03-29T17:28:22Z,-0.0673640668392181
2022-03-29T17:44:16Z,0.1216797893866896
2022-03-29T18:36:45Z,-0.9429269824177028
2022-03-29T18:38:04Z,-0.0039224773645401
2022-03-29T20:40:26Z,0.0746490843594074
2022-03-30T05:58:24Z,0.1004576496779918
2022-03-30T07:28:07Z,0.0777784874662756
2022-03-30T10:54:39Z,-0.3023267574608326
2022-03-30T11:09:51Z,-0.3244896382093429
2022-03-30T13:44:35Z,0.0237645711749792
2022-03-30T13:50:52Z,-0.0106897894293069
2022-03-30T14:16:41Z,0.3246541358530521
2022-03-30T14:40:18Z,0.0407373718917369
2022-03-30T14:51:45Z,-0.5731399413198233
2022-03-30T15:23:18Z,0.0148195959627628
2022-03-30T15:32:26Z,-0.0028941463679075
2022-03-30T16:05:14Z,0.183549553155899
2022-03-30T16:08:23Z,0.4215197525918484
2022-03-30T16:10:16Z,0.0145182013511657
2022-03-30T16:34:44Z,0.020376794040203
2022-03-30T17:14:08Z,-0.0963108465075492
2022-03-30T17:24:06Z,0.3163609988987446
2022-03-30T17:41:37Z,0.1509073758497834
2022-03-30T17:42:56Z,0.04848019964993
2022-03-30T17:50:18Z,0.052553815767169
2022-03-30T18:03:43Z,-0.1234984397888183
2022-03-30T19:47:08Z,-0.0023235976696014
2022-03-30T20:11:28Z,-0.652911938726902
2022-03-31T00:56:22Z,-0.776827983558178
2022-03-31T04:26:19Z,-0.9337448608130215
2022-03-31T07:40:49Z,-0.944018267095089
2022-03-31T07:43:55Z,0.0705452300608158
2022-03-31T08:48:29Z,-0.0786387957632541
2022-03-31T08:56:27Z,0.007131639868021
2022-03-31T10:15:22Z,0.1743885958567261
2022-03-31T10:57:05Z,0.6752208694815636
2022-03-31T11:01:31Z,0.2957877982407808
2022-03-31T12:12:02Z,-0.0182408057153224
2022-03-31T14:00:50Z,-0.024775180965662
2022-03-31T14:52:14Z,0.927024705335498
2022-03-31T14:55:28Z,0.4075742494314909
2022-03-31T15:13:17Z,0.0686527825891971
2022-03-31T16:37:03Z,-0.0058246925473213
2022-03-31T17:01:36Z,0.1124580753967166
2022-03-31T23:07:31Z,0.0304738376289606
2022-04-01T10:17:57Z,0.6906037330627441
2022-04-01T10:14:19Z,-0.8565081302076578
2022-04-01T11:34:45Z,-0.1128257773816585
2022-04-01T13:21:23Z,0.8002700097858906
2022-04-01T13:55:39Z,-0.0136382654309272
2022-04-01T14:10:49Z,-0.6063032727688551
2022-04-01T16:12:38Z,-0.6933746784925461
2022-04-01T16:34:41Z,-0.0033624358475208
2022-04-01T17:13:03Z,0.275368258357048
2022-03-31T23:21:27Z,0.0714099919423461
2022-04-01T17:39:14Z,-0.0039224773645401
2022-04-01T20:00:25Z,0.9380152001976968
2022-04-01T20:25:28Z,0.070636847987771
2022-04-02T14:09:47Z,-0.0068119224160909
2022-04-02T13:43:19Z,0.0165763013064861
2022-04-02T17:20:39Z,0.9343002224341036
2022-04-02T18:49:33Z,-0.0476952027529478
2022-04-03T12:07:18Z,0.1221572905778884
2022-04-03T18:50:00Z,0.4257707567885518
2022-04-03T19:53:05Z,-0.0012649782001972
2022-04-02T18:11:09Z,-0.8737574312835932
2022-04-03T20:44:43Z,-0.9154687589034438
2022-04-03T12:38:09Z,0.850242817774415
2022-04-04T06:55:21Z,-0.9327983083203436
2022-04-04T09:57:07Z,0.0112276077270507
2022-04-04T11:56:29Z,-0.0143244452774524
2022-04-04T13:55:41Z,0.2015565186738968
2022-04-04T14:30:48Z,0.0277690943330526
2022-04-04T15:09:43Z,0.0077745877206325
2022-04-04T15:09:45Z,-0.8049980355426669
2022-04-04T17:03:04Z,0.0430868379771709
2022-04-04T17:44:38Z,-0.0039224773645401
2022-04-04T18:08:19Z,-0.0085079260170459
2022-04-04T18:16:10Z,-0.9458647323772312
2022-04-04T19:56:13Z,0.1275809854269027
2022-04-05T11:00:33Z,-0.0005605444312095
2022-04-05T15:56:37Z,0.1809921991080045
2022-04-05T16:00:51Z,-0.0734488144516944
2022-04-05T16:11:03Z,0.4030139418318867
2022-04-05T17:06:18Z,0.0010246261954307
2022-04-05T16:15:07Z,-0.171844732016325
2022-04-05T17:53:18Z,0.052553815767169
2022-04-05T18:15:01Z,-0.2731241956353187
2022-04-05T18:37:44Z,0.0565802492201328
2022-04-05T19:35:27Z,-0.0227403696626424
2022-04-05T20:34:10Z,0.7153614014387131
2022-04-06T10:06:41Z,0.1556473840028047
2022-04-06T11:34:30Z,-0.0022127218544483
2022-04-06T13:10:00Z,0.3739663884043693
2022-04-06T15:11:43Z,-0.8524513579905033
2022-04-06T15:49:47Z,-0.907061193138361
2022-04-06T17:58:19Z,0.052553815767169
2022-04-06T18:16:35Z,-0.0442106910049915
2022-04-06T17:54:32Z,-0.1135896816849708
2022-04-07T00:28:20Z,-0.0016471128910779
2022-04-07T03:46:21Z,-0.0820869877934455
2022-04-07T04:12:35Z,0.0918003544211387
2022-04-07T10:51:52Z,0.7104889187030494
2022-04-07T11:06:51Z,-0.0091476030647754
2022-04-07T11:23:31Z,0.8927399413660169
2022-04-07T11:28:15Z,0.1813080022111535
2022-04-07T11:42:09Z,0.0123321320861577
2022-04-07T13:08:50Z,0.3146236659958958
2022-04-07T14:49:04Z,-0.0171091109514236
2022-04-07T15:58:03Z,-0.2794272154569626
2022-04-07T16:04:50Z,0.0407373718917369
2022-04-07T16:22:41Z,0.0440332815051078
2022-04-07T17:57:09Z,-0.0039224773645401
2022-04-07T18:04:19Z,-0.0319421738386154
2022-04-07T18:42:22Z,-0.235956385731697
2022-04-07T19:41:35Z,-0.9460013303905724
2022-04-07T19:51:17Z,0.0370890386402606
2022-04-07T23:51:47Z,0.0006529819220304
2022-04-08T12:29:45Z,0.000922355800867
2022-04-08T13:14:41Z,0.9299570489674808
2022-04-08T13:26:06Z,0.9204478478059172
2022-04-08T13:53:47Z,-0.1074365451931953
2022-04-08T14:10:56Z,0.0511484574526548
2022-04-07T17:28:06Z,0.0061242841184139
2022-04-08T15:31:36Z,-0.7535668713971972
2022-04-08T15:35:31Z,0.0812096782028675
2022-04-08T16:54:15Z,-0.0002934727817773
2022-04-08T17:35:46Z,-0.0039224773645401
2022-04-08T19:49:06Z,-0.0875198021531105
2022-04-08T20:05:12Z,0.90098967961967
2022-04-08T19:52:05Z,0.2424808852374553
2022-04-09T17:24:40Z,0.2523991465568542
2022-04-09T20:02:39Z,0.0174774937331676
2022-04-09T21:02:50Z,0.0061287097632884
2022-04-10T15:31:40Z,-0.8219064380973577
2022-04-10T17:52:49Z,0.0084945242851972
2022-04-11T12:09:38Z,-0.6362691391259432
2022-04-11T13:10:38Z,0.1482294956222176
2022-04-11T14:03:00Z,0.0882014036178588
2022-04-11T15:41:35Z,0.0784588763490319
2022-04-11T16:09:20Z,-0.0016085021197795
2022-04-11T17:47:54Z,0.052553815767169
2022-04-11T20:04:59Z,-0.915461592376232
2022-04-11T20:56:19Z,0.6912960205227137
2022-04-11T21:16:29Z,0.1013284809887409
2022-04-12T05:02:50Z,-0.9584540817886592
2022-04-12T07:13:05Z,-0.0187095142900943
2022-04-12T08:40:30Z,0.0154962912201881
2022-04-12T11:02:37Z,0.6965140551328659
2022-04-12T11:08:13Z,0.0061875507235527
2022-04-12T11:52:27Z,-0.9608565424568952
2022-04-12T12:06:29Z,0.0472096819430589
2022-04-12T12:07:33Z,0.8701732996851206
2022-04-12T12:23:04Z,-0.8240727707743645
2022-04-12T12:23:36Z,0.0181375946849584
2022-04-12T12:24:43Z,0.7515919432044029
2022-04-12T12:25:23Z,0.1100683435797691
2022-04-12T12:50:28Z,-0.2757035754621029
2022-04-12T13:07:40Z,0.0373510345816612
2022-04-12T13:25:56Z,-0.0075690802186727
2022-04-12T14:10:57Z,0.0236360691487789
2022-04-12T15:16:32Z,-0.0022598709911108
2022-04-12T15:46:29Z,0.0039289332926273
2022-04-12T16:15:50Z,-0.3921178244054317
2022-04-12T16:10:20Z,0.9090342866256832
2022-04-12T17:29:29Z,0.0169595405459404
2022-04-12T18:08:12Z,-0.1220852136611938
2022-04-12T19:02:48Z,-0.1139322519302368
2022-04-12T19:11:47Z,0.0606339378282427
2022-04-12T20:31:37Z,0.149051908403635
2022-04-12T20:48:02Z,0.0380374230444431
2022-04-13T05:07:25Z,-0.0927315335720777
2022-04-13T05:30:32Z,-0.9552474692463876
2022-04-13T07:01:43Z,0.4365682462230325
2022-04-13T12:16:32Z,-0.7202266454696655
2022-04-13T14:06:08Z,-0.8757897354662418
2022-04-13T14:40:26Z,-0.963103867135942
2022-04-13T15:51:28Z,0.1351930759847164
2022-04-13T15:50:43Z,0.0001068115234375
2022-04-13T15:30:35Z,0.099472695030272
2022-04-13T17:36:09Z,0.052553815767169
2022-04-13T17:47:30Z,0.0077715292572975
2022-04-13T17:53:40Z,0.911580041050911
2022-04-13T19:45:46Z,-0.9642438665032388
2022-04-14T02:30:53Z,-0.053804337978363
2022-04-14T08:07:14Z,0.8939274773001671
2022-04-14T12:11:16Z,0.3542355820536613
2022-04-14T15:50:23Z,-0.0182564370334148
2022-04-14T16:13:46Z,-0.0009720474481582
2022-04-14T17:37:08Z,0.052553815767169
2022-04-14T18:41:09Z,0.0572595158591866
2022-04-14T20:04:07Z,-0.5717660337686539
2022-04-15T11:19:29Z,-0.9116418026387691
2022-04-15T19:57:59Z,0.0244294498115777
2022-04-16T17:09:52Z,0.6976159689947963
2022-04-17T13:18:25Z,0.0121249910444021
2022-04-17T15:53:16Z,-0.886757668107748
2022-04-18T05:25:57Z,0.3630329007282853
2022-04-18T06:18:40Z,0.0332617480307817
2022-04-18T09:22:59Z,-0.915289668366313
2022-04-18T11:52:43Z,-0.9378349920734764
2022-04-18T11:56:43Z,-0.0240910165011882
2022-04-18T12:21:49Z,-0.0025334767997264
2022-04-18T12:26:07Z,-0.5854549072682858
2022-04-18T12:46:15Z,-0.6545981466770172
2022-04-18T14:44:40Z,0.1313451509922742
2022-04-18T16:28:14Z,0.1329072592779994
2022-04-18T16:40:06Z,0.188236229121685
2022-04-18T17:49:38Z,0.052553815767169
2022-04-19T06:37:48Z,-0.598255218937993
2022-04-19T08:23:01Z,0.0216309931129217
2022-04-19T10:07:22Z,0.8981748567894101
2022-04-19T11:36:34Z,0.1395839662291109
2022-04-19T11:55:39Z,-0.0271300971508026
2022-04-19T12:35:13Z,0.142821867018938
2022-04-19T12:37:26Z,-0.8691602749750018
2022-04-19T14:00:51Z,0.0292229987680912
2022-04-19T14:03:30Z,-0.4332098346203565
2022-04-19T16:17:00Z,-0.9458688218146564
2022-04-19T17:32:56Z,0.0486148763447999
2022-04-19T17:42:18Z,0.052553815767169
2022-04-19T16:19:59Z,0.0975787313655018
2022-04-20T00:39:42Z,-0.004491951316595
2022-04-20T01:06:49Z,-0.9012821428477764
2022-04-20T07:40:50Z,-0.000814838334918
2022-04-20T10:14:52Z,0.0914174700155854
2022-04-20T11:35:27Z,-0.9568928144872187
2022-04-20T11:49:07Z,-0.0255613811314106
2022-04-20T12:57:52Z,0.873893016949296
2022-04-20T14:05:47Z,0.0407373718917369
2022-04-20T16:33:35Z,-0.929302854463458
2022-04-20T16:55:56Z,0.0317770820111036
2022-04-20T16:57:30Z,0.6172070372849703
2022-04-20T16:59:31Z,-0.0045995973050594
2022-04-20T17:41:07Z,0.052553815767169
2022-04-20T18:11:18Z,-0.8685465008020401
2022-04-20T18:52:11Z,-0.8251758143305779
2022-04-20T19:25:48Z,-0.0155227556824684
2022-04-20T20:00:36Z,0.0014103166759014
2022-04-20T22:54:15Z,0.0221733674407005
2022-04-21T05:08:44Z,-0.7469940576702356
2022-04-21T11:40:08Z,-0.0238367617130279
2022-04-21T12:21:05Z,0.3906512707471847
2022-04-21T13:02:08Z,0.0170207731425762
2022-04-21T13:53:45Z,0.0424941033124923
2022-04-21T14:49:18Z,-0.9113613301888108
2022-04-21T16:30:12Z,0.0016811974346637
2022-04-21T16:43:36Z,-0.7863789685070515
2022-04-21T17:36:50Z,-0.0039224773645401
2022-04-20T16:05:21Z,0.1989783383905887
2022-04-22T00:11:11Z,-0.0043357741087675
2022-04-22T10:27:11Z,0.0754485055804252
2022-04-22T11:43:57Z,0.5684190792962909
2022-04-22T14:51:48Z,0.0005460008978843
2022-04-22T16:11:13Z,-0.2644651420414448
2022-04-22T16:22:11Z,-0.6063032727688551
2022-04-22T19:35:49Z,0.0633877851068973
2022-04-22T20:11:07Z,0.0330961421132087
2022-04-23T13:37:33Z,0.0115809068083763
2022-04-23T18:55:31Z,-0.4208308011293411
2022-04-23T19:39:33Z,0.0237158965319395
2022-04-24T13:31:30Z,0.0364377461373806
2022-04-24T14:47:36Z,0.011102370917797
2022-04-24T14:53:44Z,0.1533976532518863
2022-04-24T19:54:55Z,0.0191463492810726
2022-04-24T17:43:58Z,0.030536787584424
2022-04-24T22:34:23Z,-0.9445557994768023
2022-04-25T05:31:57Z,-0.9097696803510188
2022-04-25T07:43:29Z,-0.952062516938895
2022-04-25T09:10:58Z,-0.9499647812917827
2022-04-25T09:21:20Z,-0.958641299046576
2022-04-25T10:16:17Z,0.7749689007177949
2022-04-25T11:01:42Z,-0.0182621069252491
2022-04-25T11:09:13Z,-0.1605940368026495
2022-04-25T11:27:05Z,0.0028231628239154
2022-04-25T12:11:18Z,-0.0192610882222652
2022-04-25T12:20:48Z,0.0874517504125833
2022-04-25T13:17:04Z,0.0084641184657812
2022-04-25T13:18:04Z,0.5605966150760651
2022-04-25T13:42:47Z,0.7980438377708197
2022-04-25T13:50:39Z,0.917461346834898
2022-04-25T15:10:01Z,0.8910464737564325
2022-04-25T16:01:26Z,-0.910382816568017
2022-04-25T16:56:54Z,0.0744021162390708
2022-04-25T17:19:14Z,-0.0024001915007829
2022-04-25T17:46:06Z,0.052553815767169
2022-04-25T18:45:23Z,0.9229003665968776
2022-04-25T20:53:50Z,-0.0648580752313137
2022-04-25T23:33:03Z,-0.0082900635898113
2022-04-26T02:30:00Z,-0.9123802212998272
2022-04-26T10:13:43Z,0.1344501208513975
2022-04-26T12:13:50Z,0.0049717482179403
2022-04-26T12:58:16Z,0.0101486407220363
2022-04-26T13:21:54Z,0.5819197604432702
2022-04-26T15:02:17Z,0.0168504696339368
2022-04-26T14:58:22Z,0.0815351279452443
2022-04-26T15:44:48Z,-0.6063032727688551
2022-04-26T16:13:17Z,0.7252049148082733
2022-04-26T16:25:08Z,-0.0319447368383407
2022-04-26T18:01:28Z,0.052553815767169
2022-04-26T19:32:26Z,0.0254926793277263
2022-04-26T20:49:59Z,-0.0288413316011428
2022-04-26T22:50:07Z,0.0107975751161575
2022-04-26T23:54:34Z,-0.0088331829756498
2022-04-27T02:08:01Z,-0.8451200053095818
2022-04-27T08:41:44Z,0.003278762102127
2022-04-27T09:36:44Z,-0.0298999957740306
2022-04-27T05:20:54Z,-0.1167814210057258
2022-04-27T12:01:30Z,0.0313572837039828
2022-04-27T14:03:45Z,-0.544913899153471
2022-04-27T14:24:49Z,-0.1356029137969017
2022-04-27T16:21:29Z,-0.0082207694649696
2022-04-27T16:42:47Z,0.0451170336455106
2022-04-27T17:10:12Z,0.0494020981714129
2022-04-27T18:17:31Z,-0.0342186708003282
2022-04-27T22:35:38Z,-0.0346702635288238
2022-04-27T23:40:28Z,-0.0087919831275939
2022-04-28T00:07:13Z,0.0297007523477077
2022-04-28T07:07:05Z,-0.0124991908669471
2022-04-28T07:49:26Z,0.0477248281240463
2022-04-28T08:50:40Z,-0.0891794934868812
2022-04-28T09:30:54Z,0.595393493771553
2022-04-28T10:48:15Z,0.7105049155652523
2022-04-28T11:04:56Z,-0.9306778386235236
2022-04-28T11:38:41Z,-0.3819418735802173
2022-04-28T11:39:07Z,-0.5960492081940174
2022-04-28T14:33:38Z,0.0214295294135808
2022-04-28T14:45:14Z,-0.0353380423039197
2022-04-28T15:04:46Z,0.9163457490503788
2022-04-28T16:08:37Z,0.0665029976516962
2022-04-28T16:16:25Z,-0.9578177304938436
2022-04-28T16:25:03Z,0.3984745340421796
2022-04-28T16:59:29Z,0.026440393179655
2022-04-28T17:00:08Z,-0.0125324744731187
2022-04-28T17:25:37Z,-0.0602126978337764
2022-04-28T17:41:29Z,-0.0039224773645401
2022-04-28T17:56:25Z,0.0067049525678157
2022-04-28T18:20:14Z,-0.6183143202215433
2022-04-28T19:02:52Z,0.0263327993452548
2022-04-28T19:41:12Z,0.0088009089231491
2022-04-28T19:49:03Z,-0.0028905346989631
2022-04-28T20:30:17Z,0.5735877901315689
2022-04-28T20:30:41Z,0.2344907559454441
2022-04-28T20:31:00Z,0.1903925091028213
2022-04-28T20:31:07Z,0.7314704637974501
2022-04-28T20:31:12Z,0.5274256020784378
2022-04-28T20:31:22Z,0.0974866449832916
2022-04-28T20:31:54Z,0.0724787414073944
2022-04-28T20:32:06Z,0.0550220776349306
2022-04-28T20:32:14Z,0.0609186887741088
2022-04-28T20:32:44Z,0.8434232994914055
2022-04-28T20:32:58Z,0.1759757790714502
2022-04-28T20:33:29Z,0.8835237771272659
2022-04-28T21:05:51Z,0.0066893380135297
2022-04-28T21:22:30Z,-0.0878285970538854
2022-04-28T21:23:30Z,-0.9632059345021844
2022-04-28T21:24:06Z,-0.9567302875220776
2022-04-28T21:24:50Z,0.914586890488863
2022-04-28T21:27:22Z,-0.9335361318662764
2022-04-28T21:27:35Z,0.9167435057461262
2022-04-28T21:28:20Z,-0.9094983553513885
2022-04-28T21:28:32Z,-0.0355070382356643
2022-04-28T21:28:52Z,0.0012522935867309
2022-04-28T21:30:32Z,0.7997047528624535
2022-04-28T22:25:24Z,0.0543278343975544
2022-04-28T23:13:00Z,-0.0068827588111162
2022-04-28T23:29:09Z,0.1241946825757622
2022-04-29T01:33:47Z,0.028291868045926
2022-04-29T08:33:27Z,-0.0172180868685245
2022-04-29T09:49:12Z,-0.9078208841383456
2022-04-29T10:25:40Z,-0.3386530429124832
2022-04-29T10:52:02Z,-0.3422262966632843
2022-04-29T10:54:30Z,-0.9454323882237076
2022-04-29T11:13:03Z,-0.4652624726295471
2022-04-29T11:16:10Z,-0.0139832086861133
2022-04-29T08:02:33Z,-0.28044094145298
2022-04-29T11:52:57Z,-0.1285437494516372
2022-04-29T12:00:15Z,-0.076424553990364
2022-04-29T11:52:57Z,-0.0222505815327167
2022-04-29T12:14:03Z,-0.0356676205992698
2022-04-29T12:47:50Z,0.5671444833278656
2022-04-29T12:52:15Z,-0.146685816347599
2022-04-29T13:46:52Z,-0.9520606491714716
2022-04-29T15:27:34Z,0.0041181501001119
2022-04-29T15:37:52Z,-0.8675358109176159
2022-04-29T16:39:08Z,-0.1030692905187606
2022-04-29T16:42:57Z,-0.8773715123534203
2022-04-29T18:05:11Z,-0.0039224773645401
2022-04-29T18:34:04Z,-0.955844409763813
2022-04-29T19:14:51Z,0.2574323713779449
2022-04-29T20:15:05Z,-0.4906451553106308
2022-04-29T23:52:48Z,-0.0032933577895164
2022-04-30T14:53:38Z,-0.3508076071739197
2022-04-30T18:24:02Z,0.0301640275865793
2022-04-30T19:53:17Z,-0.5865509919822216
2022-04-30T20:24:20Z,-0.0309893433004617
2022-05-01T18:00:30Z,0.030177567154169
2022-05-02T10:17:36Z,-0.9357946440577508
2022-05-02T10:34:23Z,0.2744662910699844
2022-05-02T10:36:33Z,-0.2867828104645014
2022-05-02T11:06:02Z,0.1395473182201385
2022-05-02T11:10:11Z,-0.1599487140774727
2022-05-02T12:02:04Z,-0.0195289142429828
2022-05-02T12:13:17Z,0.0987193724140524
2022-05-02T12:36:43Z,-0.1186727881431579
2022-05-02T13:55:00Z,0.5210918113589287
2022-05-02T14:45:38Z,-0.0263401586562395
2022-05-02T16:50:59Z,0.0279784351587295
2022-05-02T16:54:41Z,-0.8621826730668545
2022-05-02T17:14:07Z,-0.0007859785109758
2022-05-02T17:47:04Z,-0.0039224773645401
2022-05-02T18:44:11Z,0.0077617727220058
2022-05-02T21:26:36Z,-0.0226607918739318
2022-05-02T22:38:25Z,-0.0064439736306667
2022-05-03T04:41:15Z,-0.0331383608281612
2022-05-03T10:38:50Z,-0.3875639513134956
2022-05-03T10:56:31Z,-0.0588957220315933
2022-05-03T11:27:44Z,0.4395305542275309
2022-05-03T12:15:53Z,-0.0189723894000053
2022-05-03T14:50:55Z,-0.0106937438249588
2022-05-03T15:30:34Z,0.3708851896226406
2022-05-03T15:56:24Z,0.1093349028378725
2022-05-03T16:00:20Z,0.0720315016806125
2022-05-03T17:19:42Z,-0.0290864221751689
2022-05-03T17:31:41Z,-0.0877921786159277
2022-05-03T17:46:02Z,0.052553815767169
2022-05-03T18:01:03Z,0.5200794227421284
2022-05-03T05:38:24Z,0.6495559429749846
2022-05-04T03:44:27Z,0.0908013079315424
2022-05-04T09:21:10Z,-0.8979835361242294
2022-05-04T10:13:30Z,-0.8994274791330099
2022-05-04T11:55:34Z,-0.0249313972890377
2022-05-04T12:39:24Z,0.1142928143963217
2022-05-04T16:21:03Z,-0.00023939833045
2022-05-04T16:26:44Z,-0.0222446769475936
2022-05-04T17:10:36Z,-0.0300472155213356
2022-05-04T17:37:36Z,0.052553815767169
2022-05-03T04:36:06Z,0.0387754505500197
2022-05-04T19:10:01Z,-0.6183143202215433
2022-05-04T20:04:35Z,0.059422736056149
2022-05-04T20:19:54Z,0.9246201924979688
2022-05-05T02:47:30Z,0.0075996648520231
2022-05-05T09:58:37Z,-0.476276284083724
2022-05-05T10:24:10Z,-0.9151106420904398
2022-05-05T11:05:05Z,0.0350159350782632
2022-05-05T11:08:54Z,0.0699205035343766
2022-05-05T12:41:16Z,0.0232616811990737
2022-05-05T13:19:41Z,0.1155064683407545
2022-05-05T13:22:34Z,-0.6867281068116426
2022-05-05T13:36:26Z,0.1397049520164728
2022-05-05T15:07:50Z,0.1329311318695545
2022-05-05T14:51:21Z,-0.3865800127387047
2022-05-05T15:56:41Z,-0.0373291075229644
2022-05-05T17:53:16Z,-0.0365328900516033
2022-05-05T18:45:49Z,-0.023183736950159
2022-05-05T19:50:09Z,-0.9153909422457218
2022-05-05T19:55:09Z,0.6043313797563314
2022-05-05T22:33:12Z,-0.0077551156282424
2022-05-05T22:39:42Z,-0.0313760247081518
2022-05-06T02:54:54Z,0.0222722887992858
2022-05-06T06:57:42Z,-0.8910103617236018
2022-05-06T09:31:58Z,0.0125611443072557
2022-05-06T10:05:54Z,0.0553796989843249
2022-05-06T10:44:28Z,0.0297121498733758
2022-05-06T11:53:24Z,-0.0178991556167602
2022-05-06T12:24:33Z,-0.4605341404676437
2022-05-06T14:06:20Z,-0.0826191138476133
2022-05-06T15:39:05Z,0.1803609132766723
2022-05-06T16:00:10Z,-0.000376459211111
2022-05-06T16:46:54Z,-0.940689573995769
2022-05-06T17:00:04Z,0.3818947449326515
2022-05-06T17:37:12Z,0.052553815767169
2022-05-06T17:40:22Z,0.6241634953767061
2022-05-04T19:15:47Z,0.6329655610024929
2022-05-07T16:00:20Z,-0.0179900452494621
2022-05-07T19:07:22Z,-0.0848930459469556
2022-05-07T21:53:49Z,0.0206837151199579
2022-05-08T15:22:00Z,0.1336891371756792
2022-05-08T18:23:26Z,-0.0885191205888986
2022-05-09T05:08:55Z,0.1613088008016348
2022-05-09T05:54:38Z,-0.8908561076968908
2022-05-09T06:32:56Z,0.0927236303687095
2022-05-09T04:34:51Z,-0.0661512706428766
2022-05-09T10:37:50Z,0.042312866076827
2022-05-09T11:16:12Z,-0.3481593132019043
2022-05-09T12:29:31Z,-0.0203269235789775
2022-05-09T13:33:43Z,-0.0409131310880184
2022-05-09T13:43:15Z,0.0165466498583555
2022-05-09T13:53:09Z,-0.1912790536880493
2022-05-09T14:47:52Z,-0.0279334150254726
2022-05-09T14:59:39Z,-0.2902994491159916
2022-05-09T11:53:11Z,-0.0345155540853738
2022-05-09T15:21:39Z,-0.8410624694079161
2022-05-09T16:00:52Z,-0.0278442706912755
2022-05-09T16:09:16Z,0.1937886867672205
2022-05-09T20:19:35Z,0.1212746063247323
2022-05-09T14:04:40Z,0.0461204415187239
2022-05-09T23:16:03Z,-0.9443961922079324
2022-05-10T10:00:17Z,-8.756853640079498e-05
2022-05-10T11:07:55Z,0.4570837318897247
2022-05-10T11:22:35Z,-0.0443991180509328
2022-05-10T14:12:40Z,-0.0301125962287187
2022-05-10T14:23:15Z,-0.036597279831767
2022-05-10T14:44:33Z,0.0247951745986938
2022-05-10T16:01:48Z,0.1733076609671116
2022-05-10T16:14:50Z,-0.8223484205082059
2022-05-10T16:21:20Z,0.6681789290159941
2022-05-10T16:23:33Z,-0.410973310470581
2022-05-10T17:00:48Z,0.5740337781608105
2022-05-09T18:13:42Z,0.0005032587796449
2022-05-10T17:16:54Z,0.0115824565291404
2022-05-10T17:58:23Z,0.0561673045158386
2022-05-10T19:54:44Z,0.0160737726837396
2022-05-10T21:48:57Z,0.031438909471035
2022-05-10T22:41:37Z,0.016442110762
2022-05-11T01:45:15Z,0.0040977988392114
2022-05-11T04:00:15Z,0.0907071605324745
2022-05-11T12:05:38Z,-0.0201033167541027
2022-05-11T13:27:48Z,0.1625856580212712
2022-05-11T14:32:30Z,0.9028427666053176
2022-05-11T16:27:33Z,-0.0023596286773681
2022-05-11T16:41:25Z,-0.0128267705440521
2022-05-11T16:50:12Z,0.3806813135743141
2022-05-11T16:56:25Z,0.0889847800135612
2022-05-11T17:02:59Z,-0.9494827799499036
2022-05-11T18:23:24Z,-0.2902994491159916
2022-05-11T19:41:08Z,-0.47263278439641
2022-05-12T06:43:58Z,0.0463256016373634
2022-05-12T08:05:38Z,0.0522723235189914
2022-05-12T08:53:03Z,0.8581011109054089
2022-05-12T09:33:23Z,0.1566792642697692
2022-05-12T09:53:06Z,0.93643097858876
2022-05-12T10:11:01Z,-0.5087245348840952
2022-05-12T11:24:57Z,0.011154843494296
2022-05-12T11:57:41Z,-0.0206466950476169
2022-05-12T13:25:24Z,0.0159192942082881
2022-05-12T13:32:53Z,-0.1098940819501876
2022-05-12T14:12:23Z,0.7659610146656632
2022-05-12T14:32:26Z,0.1000629942864179
2022-05-12T14:37:54Z,-0.0033659823238849
2022-05-12T17:19:54Z,-0.0054172333329916
2022-05-12T17:35:26Z,-0.5424943882972002
2022-05-12T18:04:49Z,-0.0039224773645401
2022-05-12T18:22:14Z,0.7624355535954237
2022-05-12T18:29:19Z,0.4559734035283327
2022-05-12T19:33:09Z,0.1176496222615242
2022-05-12T20:18:02Z,-0.8101845011115074
2022-05-12T20:50:21Z,-0.0045813899487257
2022-05-13T08:58:24Z,0.8627607598900795
2022-05-13T10:04:24Z,0.2356518330052495
2022-05-13T10:47:56Z,0.009916516020894
2022-05-13T11:12:20Z,-0.6959488689899445
2022-05-13T12:05:34Z,0.7303102882578969
2022-05-13T13:36:39Z,0.0182334668934345
2022-05-13T18:00:28Z,-0.0039224773645401
2022-05-13T19:41:01Z,0.0045591741800308
2022-05-14T15:04:45Z,0.9219802040606736
2022-05-14T18:35:00Z,-0.2348800301551818
2022-05-14T18:55:38Z,0.0531996060162782
2022-05-14T20:39:11Z,0.3491047127172351
2022-05-15T20:31:25Z,0.6144555881619453
2022-05-16T03:40:29Z,-0.445639593526721
2022-05-16T06:21:28Z,0.0424259435385465
2022-05-16T10:17:36Z,0.0140289813280105
2022-05-16T12:15:23Z,-0.0262541770935058
2022-05-16T14:48:43Z,-0.0269304942339658
2022-05-16T12:50:25Z,0.0128354653716087
2022-05-16T15:04:29Z,0.0586361112073063
2022-05-16T16:05:03Z,0.0087080001831054
2022-05-16T17:46:17Z,0.0911348816007375
2022-05-16T20:31:29Z,0.01186996512115
2022-05-17T05:51:29Z,0.0674875574186444
2022-05-17T08:39:46Z,0.0159969106316566
2022-05-17T11:16:18Z,0.3244331302121281
2022-05-17T11:48:32Z,0.8519107382744551
2022-05-17T12:07:55Z,-0.0299772135913372
2022-05-17T13:29:09Z,-0.9364087302237748
2022-05-17T15:27:57Z,-0.0054080951958894
2022-05-17T16:03:35Z,-0.9367504576221108
2022-05-17T16:37:23Z,-0.9246953316032888
2022-05-17T16:51:03Z,0.0111363418400287
2022-05-17T16:37:34Z,0.0130413509905338
2022-05-17T17:18:35Z,-0.1397311240434646
2022-05-17T17:56:39Z,0.052553815767169
2022-05-17T18:23:25Z,0.5582054257392883
2022-05-17T19:20:22Z,-0.6183143202215433
2022-05-17T20:33:33Z,0.0795692643150687
2022-05-17T22:02:05Z,0.0798067264258861
2022-05-17T22:43:15Z,0.9156521055847406
2022-05-18T05:42:23Z,-0.3002823367714882
2022-05-18T09:07:57Z,-0.7208449300378561
2022-05-18T12:17:18Z,-0.0431713741272687
2022-05-18T12:45:04Z,-0.885912218131125
2022-05-18T12:49:55Z,-0.0298543069511652
2022-05-18T14:02:13Z,0.4599446197971701
2022-05-18T16:06:03Z,0.0561928311362862
2022-05-18T16:06:40Z,-0.7015084810554981
2022-05-18T16:27:42Z,-0.0047640539705753
2022-05-18T17:01:48Z,-0.2902994491159916
2022-05-18T17:35:45Z,-0.0039224773645401
2022-05-18T17:38:30Z,-0.2253387123346328
2022-05-18T18:58:41Z,0.045297147706151
2022-05-18T19:10:02Z,0.6329655610024929
2022-05-18T20:56:01Z,0.0568470768630504
2022-05-18T23:56:44Z,-0.0062382910400629
2022-05-19T03:17:10Z,0.0552696557715535
2022-05-19T08:16:22Z,0.0463428804650902
2022-05-19T11:02:13Z,0.1598984058946371
2022-05-19T09:45:40Z,0.4577227206900716
2022-05-19T11:45:01Z,0.1519953515380621
2022-05-19T11:56:23Z,-0.9460631180554628
2022-05-19T12:06:46Z,0.0570978932082653
2022-05-19T12:08:33Z,0.0996578559279441
2022-05-19T12:26:44Z,-0.1289493143558502
2022-05-19T13:06:21Z,0.0205449424684047
2022-05-19T13:08:23Z,0.0024567041546106
2022-05-19T14:09:10Z,0.0254926793277263
2022-05-19T15:17:41Z,0.0854289960116148
2022-05-19T16:24:49Z,0.0545420860871672
2022-05-19T16:29:19Z,0.8902750592678785
2022-05-19T16:55:37Z,-0.0048637241125106
2022-05-19T17:54:42Z,0.080636441707611
2022-05-19T17:57:28Z,0.1243288516998291
2022-05-19T18:48:01Z,0.052553815767169
2022-05-19T19:46:19Z,0.0921922279521822
2022-05-19T20:36:22Z,0.6043313797563314
2022-05-19T22:38:48Z,0.0365410782396793
2022-05-20T00:09:04Z,-0.0076789036393165
2022-05-20T10:03:02Z,-0.0562555193901062
2022-05-20T10:10:57Z,-0.0275609698146581
2022-05-20T13:50:09Z,0.011562367901206
2022-05-20T14:05:21Z,-0.036597279831767
2022-05-20T14:16:08Z,0.0830712169408798
2022-05-20T15:46:38Z,-0.4658791776746511
2022-05-20T16:14:40Z,0.0018471274524927
2022-05-20T16:16:11Z,0.1725074518471956
2022-05-20T18:08:03Z,-0.8982685320079327
2022-05-20T18:13:40Z,0.6241634953767061
2022-05-20T18:41:50Z,0.052553815767169
2022-05-20T18:41:57Z,0.2163791134953498
2022-05-21T17:25:06Z,-0.0183066315948963
2022-05-21T21:23:32Z,-0.2651357054710388
2022-05-21T19:01:45Z,0.0734844971448183
2022-05-22T13:53:09Z,0.296421667560935
2022-05-22T16:47:45Z,0.8618679232895374
2022-05-22T17:44:06Z,-0.95781094674021
2022-05-22T19:46:40Z,-0.9515310348942876
2022-05-23T01:52:12Z,-0.010722316801548
2022-05-23T05:26:01Z,0.1941807046532631
2022-05-21T13:57:09Z,0.2102371230721473
2022-05-23T08:37:00Z,0.8215561378747225
2022-05-23T09:15:56Z,0.0109331160783767
2022-05-23T09:19:59Z,0.8988283462822437
2022-05-23T10:37:50Z,-0.7666251193732023
2022-05-23T11:53:02Z,-0.3071256652474403
2022-05-23T12:02:27Z,0.0872825533151626
2022-05-23T12:23:52Z,-0.0441977232694625
2022-05-23T12:45:43Z,-0.932249439880252
2022-05-23T13:52:02Z,0.2546713203191757
2022-05-23T13:54:34Z,-0.0210876949131488
2022-05-23T14:43:34Z,0.0038164258003234
2022-05-23T14:47:17Z,-0.0003888234496116
2022-05-23T15:01:53Z,0.0547668132930994
2022-05-23T15:44:39Z,0.0722482232376933
2022-05-23T16:16:17Z,-0.0023199617862701
2022-05-23T18:04:27Z,-0.0039224773645401
2022-05-23T18:05:10Z,0.2643856219947338
2022-05-23T21:29:12Z,-0.0273298658430576
2022-05-24T01:03:40Z,0.005501402541995
2022-05-24T05:08:31Z,0.0092196818441152
2022-05-24T09:31:53Z,-0.5343664418905973
2022-05-24T09:42:56Z,-0.9489824892953038
2022-05-24T12:04:00Z,-0.0246906653046607
2022-05-24T06:43:06Z,0.0700371116399765
2022-05-24T15:14:27Z,0.0316589456051588
2022-05-24T15:38:52Z,0.0220887847244739
2022-05-24T16:01:14Z,0.0314677078276872
2022-05-24T16:06:01Z,0.1616938412189483
2022-05-24T16:23:14Z,-0.0142265781760215
2022-05-24T17:52:03Z,-0.5089980289340019
2022-05-24T18:03:42Z,-0.0039224773645401
2022-05-24T18:21:12Z,0.6092537678778172
2022-05-24T19:02:14Z,-0.0279428903013467
2022-05-24T19:59:38Z,-0.0225928053259849
2022-05-25T03:05:26Z,-0.9486941285431384
2022-05-25T04:47:10Z,0.1055794134736061
2022-05-25T09:53:09Z,0.5704397261142731
2022-05-25T09:57:20Z,-0.964670369401574
2022-05-25T12:21:52Z,-0.0224795043468475
2022-05-25T13:56:51Z,0.0260869339108467
2022-05-25T15:13:54Z,0.8683405667543411
2022-05-25T15:39:22Z,0.0146316178143024
2022-05-25T16:42:02Z,-0.0066283270716667
2022-05-25T16:50:30Z,0.9165028436109424
2022-05-25T17:05:06Z,0.0287325009703636
2022-05-25T17:11:13Z,0.2807889245450496
2022-05-25T17:40:06Z,-0.2117484286427498
2022-05-25T17:53:57Z,-0.0039224773645401
2022-05-25T18:23:41Z,0.0343150999397039
2022-05-25T19:20:46Z,0.0666408259421587
2022-05-25T19:37:49Z,0.0213442929089069
2022-05-25T19:44:31Z,0.6329655610024929
2022-05-26T00:24:13Z,0.0022524483501911
2022-05-26T09:21:13Z,-0.954001197591424
2022-05-26T10:55:56Z,0.6797554539516568
2022-05-26T11:38:45Z,0.5310572534799576
2022-05-26T12:20:10Z,-0.0211340002715587
2022-05-26T12:22:17Z,0.1547922790050506
2022-05-26T13:53:00Z,0.0250599272549152
2022-05-26T17:05:54Z,-0.2215978242456913
2022-05-26T17:53:01Z,0.0105696860700845
2022-05-26T18:11:29Z,-0.0039224773645401
2022-05-26T20:07:54Z,0.6043313797563314
2022-05-26T21:55:31Z,-0.6688865069299936
2022-05-27T00:54:19Z,-0.0131167601794004
2022-05-27T07:00:12Z,0.0937607251107692
2022-05-27T10:44:36Z,0.5900911390781403
2022-05-27T11:31:31Z,-0.913971545174718
2022-05-27T12:16:14Z,-0.0242888443171978
2022-05-27T14:06:01Z,0.0203209519386291
2022-05-27T14:23:37Z,-0.0279428903013467
2022-05-27T18:34:21Z,0.052553815767169
2022-05-28T14:52:09Z,0.1027392745018005
2022-05-28T15:48:39Z,0.0319203324615955
2022-05-28T20:33:35Z,0.1216143798083067
2022-05-29T15:51:05Z,0.0209342185407876
2022-05-29T19:42:22Z,0.0451504755765199
2022-05-29T21:36:03Z,-0.0101119391620159
2022-05-30T13:45:34Z,0.0171172954142093
2022-05-31T03:16:09Z,-0.8937753057107329
2022-05-31T09:21:32Z,0.0248384941369295
2022-05-27T17:05:38Z,-0.0039121340960264
2022-05-31T09:29:27Z,0.0175281260162591
2022-05-31T09:35:26Z,0.7320478484034538
2022-05-31T11:27:38Z,0.892321240156889
2022-05-31T11:53:35Z,0.0976975532248616
2022-05-31T12:02:09Z,-0.0216716229915618
2022-05-31T12:10:29Z,-0.0146980248391628
2022-05-31T12:14:34Z,-0.2111230492591858
2022-05-31T12:32:27Z,0.0942518850788474
2022-05-31T13:09:00Z,0.0258433297276496
2022-05-31T13:21:49Z,0.0137192383408546
2022-05-31T14:50:46Z,-0.9541108962148428
2022-05-31T18:27:33Z,0.052553815767169
2022-05-31T18:44:43Z,0.032713433727622
2022-05-31T19:05:45Z,0.0299797412008047
2022-05-31T19:59:40Z,0.3604487292468548
2022-05-31T20:02:03Z,0.6092537678778172
2022-02-02T21:40:08Z,-0.2176117300987243
2022-06-01T08:14:29Z,0.1447612456977367
2022-06-01T09:58:54Z,0.2435553660616278
2022-06-01T10:15:03Z,0.2387488111853599
2022-06-01T11:40:19Z,0.5281720971688628
2022-06-01T13:47:35Z,0.9051294811069964
2022-06-01T14:29:29Z,0.0773402862250804
2022-06-01T16:05:29Z,-0.036597279831767
2022-06-01T16:49:26Z,0.9029384050518274
2022-06-01T17:12:18Z,-0.0091862380504608
2022-06-01T17:39:31Z,0.052553815767169
2022-06-01T23:52:54Z,-0.0062281601130962
2022-06-02T06:19:48Z,-0.903828652575612
2022-06-02T08:42:25Z,0.0446038134396076
2022-06-02T09:17:40Z,0.0142390839755535
2022-06-02T11:19:41Z,0.8442089296877384
2022-06-02T11:37:31Z,0.6282639065757394
2022-06-02T12:01:12Z,-0.0167376138269901
2022-06-02T12:35:13Z,-0.7340648118406534
2022-06-02T13:21:39Z,-0.0334111060947179
2022-06-02T15:51:54Z,0.2112035537138581
2022-06-02T16:02:17Z,0.1786501156166196
2022-06-02T16:09:34Z,0.5718973390758038
2022-06-02T17:41:49Z,0.052553815767169
2022-06-02T19:02:31Z,0.6043313797563314
2022-06-02T19:08:34Z,-0.131134133785963
2022-06-02T20:05:02Z,0.0026365742087364
2022-06-03T03:38:01Z,0.8541761552914977
2022-06-03T10:02:20Z,0.435796769335866
2022-06-03T10:40:56Z,0.8769251350313425
2022-06-03T10:46:51Z,-0.9279309501871468
2022-06-03T11:24:36Z,-0.0266846865415573
2022-06-03T12:02:26Z,-0.0116568394005298
2022-06-03T13:02:03Z,-0.0306594874709844
2022-06-03T13:26:02Z,0.1032337304204702
2022-06-03T13:42:15Z,0.0119117032736539
2022-06-03T15:35:11Z,-0.1648171097040176
2022-06-03T15:59:55Z,-0.8227359130978584
2022-06-03T17:48:07Z,0.052553815767169
2022-06-03T19:33:53Z,0.0184844620525836
2022-06-03T19:35:41Z,0.6241634953767061
2022-06-03T19:46:46Z,-0.0036551151424646
2022-06-04T19:32:04Z,-0.2235390096902847
2022-06-05T14:58:47Z,0.25662462413311
2022-06-05T15:49:02Z,-0.0491474494338035
2022-06-03T17:39:58Z,0.6259934213012457
2022-06-05T21:23:45Z,0.0484849549829959
2022-06-05T23:06:05Z,0.0204927437007427
2022-06-06T05:53:09Z,-0.0233105272054672
2022-06-06T10:01:38Z,0.8266333118081093
2022-06-06T10:28:03Z,-0.9240573160350324
2022-06-06T11:30:54Z,-0.6964790401980281
2022-06-05T18:57:56Z,-0.1989024057984352
2022-06-06T12:11:18Z,-0.0160165913403034
2022-06-06T12:19:44Z,0.0062354505062103
2022-06-06T12:43:22Z,-6.843358278274536e-05
2022-06-06T15:23:47Z,0.2318483665585518
2022-06-06T15:26:58Z,0.0330961421132087
2022-06-06T15:55:19Z,0.0863129794597625
2022-06-06T16:00:54Z,-0.5731399413198233
2022-06-06T16:16:19Z,-0.0007291156798601
2022-06-06T16:57:35Z,0.0663076285272836
2022-06-06T17:02:06Z,0.7990394756197929
2022-06-06T17:05:25Z,0.0226510055363178
2022-06-06T17:06:00Z,0.1356303058564663
2022-06-06T17:08:47Z,0.0810623839497566
2022-06-06T17:11:11Z,0.0543470112606883
2022-06-06T17:13:44Z,0.0127794090658426
2022-06-06T17:15:18Z,0.2976907743141055
2022-06-06T17:15:18Z,0.1952280709519982
2022-06-06T17:16:37Z,0.0168540142476558
2022-06-06T17:17:46Z,0.0718688042834401
2022-06-06T17:18:06Z,0.0968266557902097
2022-06-06T17:19:40Z,0.0358484610915184
2022-06-06T17:20:12Z,-0.9175035245716572
2022-06-06T17:20:53Z,0.4952797424048185
2022-06-06T17:22:03Z,0.0844779554754495
2022-06-06T17:22:27Z,0.7711765328422189
2022-06-06T17:23:40Z,0.0329049145802855
2022-06-06T17:24:21Z,0.1786404279991984
2022-06-06T17:24:56Z,0.1158900903537869
2022-06-06T17:25:41Z,0.0677880849689245
2022-06-06T17:26:13Z,0.5313529074192047
2022-06-06T17:27:51Z,0.0617426391690969
2022-06-06T17:28:30Z,0.0991663206368684
2022-06-06T17:30:18Z,0.1018507136031985
2022-06-06T17:30:43Z,0.0007172431796789
2022-06-06T17:32:18Z,0.0216280035674572
2022-06-06T17:35:15Z,0.0329234916716814
2022-06-06T17:36:35Z,0.1706166630610823
2022-06-06T17:38:39Z,0.1088472502306103
2022-06-06T17:40:19Z,0.1486466508358717
2022-06-06T17:43:30Z,0.0086004342883825
2022-06-06T17:44:29Z,0.5354962833225727
2022-06-06T17:45:23Z,0.0810077721253037
2022-06-06T17:45:56Z,0.1063615484163165
2022-06-06T17:48:56Z,0.0341916009783744
2022-06-06T17:49:52Z,0.1777155017480254
2022-06-06T17:50:44Z,0.7968734316527843
2022-06-06T17:52:05Z,0.1006130715832114
2022-06-06T17:54:14Z,0.0988141344860196
2022-06-06T17:54:50Z,0.1166699295863509
2022-06-06T17:56:44Z,0.9392060954123737
2022-06-06T17:57:29Z,0.8561633946374059
2022-06-06T17:57:45Z,0.9268598482012748
2022-06-06T17:59:31Z,0.881609782576561
2022-06-06T18:01:42Z,0.0451935101300478
2022-06-06T18:02:19Z,0.2044060602784156
2022-06-06T18:03:13Z,0.1084455167874693
2022-06-06T18:04:37Z,0.300912125967443
2022-06-06T18:06:43Z,0.14385487139225
2022-06-06T18:10:51Z,0.0951346047222614
2022-06-06T18:12:34Z,0.07544179353863
2022-06-06T18:13:25Z,0.0333792334422469
2022-06-06T18:31:10Z,0.0301473885774612
2022-06-06T18:47:31Z,0.8070042133331299
2022-06-06T18:49:14Z,0.1427926961332559
2022-06-06T19:00:50Z,-0.9092720048502088
2022-06-06T20:26:12Z,0.6288080736994743
2022-06-06T22:21:46Z,-0.0395666025578975
2022-06-06T23:23:33Z,-0.1136440858244896
2022-06-07T00:25:50Z,-0.0277006514370441
2022-06-07T00:36:02Z,-0.0058926083147525
2022-06-07T09:19:26Z,0.0377662172541022
2022-06-07T09:32:06Z,0.0527332490310072
2022-06-07T10:09:30Z,0.5021623987704515
2022-06-07T11:10:13Z,-0.4632565286010504
2022-06-07T11:20:54Z,0.0014687776565551
2022-06-07T11:51:59Z,0.128681774251163
2022-06-07T12:07:41Z,-0.0154474303126335
2022-06-07T12:08:28Z,0.143882455304265
2022-06-07T12:59:12Z,0.1212170710787177
2022-06-07T13:23:22Z,0.0989977372810244
2022-06-07T15:05:39Z,0.0487090907990932
2022-06-07T15:11:31Z,0.020227912813425
2022-06-07T15:48:00Z,0.1087570739910006
2022-06-07T17:20:45Z,0.8599772686138749
2022-06-07T17:47:50Z,-0.0009689573198556
2022-06-07T17:49:43Z,-0.0440065488219261
2022-06-07T18:40:06Z,0.4964112658053636
2022-06-07T18:46:47Z,0.3817148339003324
2022-06-07T19:40:02Z,0.6092537678778172
2022-06-07T22:02:42Z,0.1739081544801592
2022-06-07T23:44:22Z,0.030035737901926
2022-06-08T03:11:20Z,-0.1826203316450119
2022-06-08T10:14:48Z,0.1280477456748485
2022-06-08T11:18:06Z,0.9270884562283754
2022-06-08T11:27:03Z,0.001953337341547
2022-06-08T12:17:40Z,-0.0178515315055847
2022-06-08T12:38:46Z,0.3987753391265869
2022-06-08T13:31:49Z,-0.1372934579849243
2022-06-08T13:48:54Z,0.2690648632124066
2022-06-08T15:35:50Z,0.7920201048254967
2022-06-08T16:07:45Z,0.0564394164830446
2022-06-08T17:28:18Z,-0.0322252046316862
2022-06-08T18:57:15Z,0.052553815767169
2022-06-08T19:01:16Z,0.01846594363451
2022-06-08T20:25:16Z,0.1054118918254971
2022-06-09T03:35:31Z,-0.5115249454975128
2022-06-09T03:41:55Z,-0.8374728541821241
2022-06-09T09:02:09Z,0.7111127972602844
2022-06-09T09:45:23Z,-0.1538558714091777
2022-06-09T10:44:37Z,0.03263845667243
2022-06-09T12:27:09Z,-0.0182660184800624
2022-06-09T14:47:31Z,0.0920630227774381
2022-06-09T15:03:53Z,0.1052286345511674
2022-06-09T15:53:19Z,0.0821931436657905
2022-06-09T16:33:13Z,-0.0330612994730472
2022-06-09T17:22:29Z,0.3197973491623997
2022-06-09T17:35:34Z,-0.0039224773645401
2022-06-09T19:30:58Z,0.2148426193743944
2022-06-10T01:25:20Z,-0.1526326090097427
2022-06-10T02:27:24Z,-0.8810997670516372
2022-06-10T09:08:48Z,0.4218122735619545
2022-06-10T10:25:49Z,-0.8682774277403951
2022-06-10T11:39:18Z,-0.0683848857879638
2022-06-10T12:03:55Z,-0.0157320871949195
2022-06-10T12:34:10Z,0.2243442283943295
2022-06-10T14:20:45Z,-0.0116457380354404
2022-06-10T15:15:07Z,-0.1648171097040176
2022-06-10T15:34:19Z,-0.9416898619383574
2022-06-10T16:27:34Z,0.1538272984325885
2022-06-10T17:32:54Z,-0.835910988971591
2022-06-10T17:48:45Z,0.052553815767169
2022-06-10T19:40:41Z,-0.0004199594259262
2022-06-11T14:34:58Z,-0.0768788568675518
2022-06-11T21:24:18Z,0.1850951127707958
2022-06-12T10:47:41Z,0.0994850974529981
2022-06-12T16:06:43Z,0.0310732517391443
2022-06-12T19:15:26Z,0.0152998827397823
2022-06-12T23:22:14Z,0.0244350358843803
2022-06-13T03:31:43Z,0.399665467441082
2022-06-13T05:48:47Z,-0.9475185489282012
2022-06-13T09:22:08Z,0.4234827859327197
2022-06-13T11:12:00Z,0.0741532007232308
2022-06-13T12:03:22Z,0.0463130921125412
2022-06-13T12:05:34Z,-0.0232399366796016
2022-06-13T13:23:30Z,0.1089189881458878
2022-06-13T14:19:10Z,-0.0168258473277091
2022-06-13T14:58:03Z,0.1867370111867785
2022-06-13T17:36:42Z,-0.0039224773645401
2022-06-13T17:40:50Z,-0.0002801660448312
2022-06-13T18:25:22Z,-0.0280528012663126
2022-06-13T18:34:25Z,0.1029387582093477
2022-06-13T18:55:09Z,0.8844518270343542
2022-06-13T21:02:57Z,-0.0226617902517318
2022-06-14T01:08:32Z,-0.0005978047847747
2022-06-14T03:25:38Z,0.0852919481694698
2022-06-14T07:19:59Z,0.2262088460847735
2022-06-14T11:05:07Z,-0.0005459859967231
2022-06-14T11:10:13Z,-0.0338183343410491
2022-06-14T12:13:36Z,-0.2473737522959709
2022-06-14T12:37:48Z,-0.0258415527641773
2022-06-14T13:24:12Z,0.0205449424684047
2022-06-14T13:30:42Z,0.4720226489007473
2022-06-14T14:00:29Z,0.2034304803237319
2022-06-14T14:07:53Z,0.1165120815858244
2022-06-14T15:34:55Z,-0.6233082618564367
2022-06-14T16:01:06Z,0.1068819342181086
2022-06-14T16:40:59Z,-0.0304442010819911
2022-06-14T17:35:39Z,-0.0039224773645401
2022-06-14T18:19:20Z,-0.0060538742691278
2022-06-14T19:53:19Z,0.4588508550077677
2022-06-14T20:57:17Z,0.1084162341430783
2022-06-15T01:20:16Z,-0.0065893214195966
2022-06-15T02:52:47Z,0.0405277460813522
2022-06-15T05:48:29Z,0.6343417093157768
2022-06-15T09:12:58Z,0.587156631052494
2022-06-15T10:41:50Z,-0.4146771728992462
2022-06-15T10:52:35Z,-0.6097747087478638
2022-06-15T11:36:35Z,0.014982845634222
2022-06-15T12:17:45Z,-0.0258753951638937
2022-06-15T12:25:48Z,-0.1147931292653083
2022-06-15T14:24:00Z,0.0060124322772026
2022-06-15T14:57:10Z,-0.960934686474502
2022-06-15T15:22:45Z,-0.7702629417181015
2022-06-15T16:02:50Z,0.0456941407173872
2022-06-15T17:36:12Z,0.052553815767169
2022-06-15T20:11:17Z,-0.0291064456105232
2022-06-16T00:50:36Z,-0.0069521907716989
2022-06-16T12:31:48Z,-0.1934449635446071
2022-06-16T13:03:15Z,0.1698788814246654
2022-06-16T10:04:06Z,0.1984567204490304
2022-06-16T14:39:31Z,-0.2902994491159916
2022-06-16T15:02:04Z,-0.0753700472414493
2022-06-16T15:07:39Z,0.0968029489740729
2022-06-16T17:36:40Z,0.052553815767169
2022-06-16T18:30:10Z,-0.0018622912466526
2022-06-16T19:18:27Z,0.0338332783430814
2022-06-16T20:08:17Z,-0.0314269661903381
2022-06-16T22:31:00Z,0.0342509038746356
2022-06-16T23:58:49Z,0.0018459539860486
2022-06-17T01:46:22Z,0.840714848600328
2022-06-17T11:26:34Z,0.7164178835228086
2022-06-17T13:40:03Z,0.0128308553248643
2022-06-17T13:51:00Z,0.9171691164374352
2022-06-17T14:22:57Z,0.0214033871889114
2022-06-17T15:15:08Z,0.0338211264461278
2022-06-17T16:52:41Z,0.8672860222868621
2022-06-17T17:36:04Z,0.052553815767169
2022-06-19T15:17:32Z,0.011268101632595
2022-06-20T11:46:24Z,0.1710298527032137
2022-06-20T13:02:29Z,0.0207151602953672
2022-06-20T21:18:22Z,0.0199132990092039
2022-06-21T02:33:56Z,0.8450476415455341
2022-06-19T18:25:35Z,0.9045087182894348
2022-06-21T06:50:37Z,-0.0154405310750007
2022-06-21T11:45:02Z,-0.9244965016841888
2022-06-21T12:27:52Z,-0.3678147438913584
2022-06-21T12:40:21Z,-0.0030961409211158
2022-06-21T12:38:02Z,-0.8106722291558981
2022-06-21T15:21:48Z,0.6726761255413294
2022-06-21T15:29:54Z,0.049693807028234
2022-06-21T16:45:58Z,-0.0006627012044191
2022-06-21T17:46:49Z,-0.0039224773645401
2022-06-22T00:27:22Z,0.0043291859328746
2022-06-21T21:42:50Z,-0.0067137666046619
2022-06-22T08:03:24Z,0.1031622197479009
2022-06-22T08:56:25Z,0.0612411340698599
2022-06-22T12:01:10Z,-0.0225533153861761
2022-06-22T12:29:08Z,-0.1049706563353538
2022-06-22T12:40:19Z,0.0078249014914035
2022-06-22T15:50:48Z,0.0044205673038959
2022-06-22T15:56:58Z,-0.6067222319543362
2022-06-22T19:42:27Z,-0.0901842340826988
2022-06-22T19:52:54Z,0.0157365445047616
2022-06-22T17:36:56Z,0.1363551998510956
2022-06-23T07:56:43Z,0.7453059507533908
2022-06-23T12:16:22Z,0.0054221991449594
2022-06-23T14:37:43Z,-0.0322651881724596
2022-06-23T17:45:00Z,0.9329926511272788
2022-06-23T17:48:21Z,0.052553815767169
2022-06-23T19:19:38Z,0.0694036018103361
2022-06-23T22:23:48Z,0.0770120657980442
2022-06-24T00:01:01Z,0.0041413828730583
2022-06-24T04:54:55Z,0.0225948467850685
2022-06-24T09:10:02Z,0.4588069962337613
2022-06-24T10:59:35Z,0.747245111502707
2022-06-24T11:37:12Z,0.059297502040863
2022-06-24T13:42:05Z,0.0258544739335775
2022-06-24T13:51:37Z,-0.8756744675338268
2022-06-24T12:25:28Z,0.0111115761101245
2022-06-24T14:28:55Z,0.8687519514933228
2022-06-24T14:32:58Z,0.023156439885497
2022-06-24T15:15:27Z,0.0185142867267131
2022-06-24T15:18:44Z,0.0204251296818256
2022-06-24T17:42:55Z,0.052553815767169
2022-06-24T19:10:43Z,0.1647053752094507
2022-06-24T20:01:42Z,-0.0010791979730129
2022-06-24T20:09:06Z,0.2627021893858909
2022-06-24T20:33:41Z,0.0131574794650077
2022-06-25T13:26:33Z,0.1284044813364744
2022-06-25T14:05:58Z,-0.3126667663455009
2022-06-25T16:02:13Z,-0.3879124224185943
2022-06-25T19:03:56Z,-0.2343928441405296
2022-06-23T16:03:45Z,0.0988289229571819
2022-06-26T14:30:55Z,0.3616097774356603
2022-06-26T21:03:30Z,0.0367302726954221
2022-06-27T10:25:12Z,0.9082902297377586
2022-06-27T12:12:40Z,-0.1617259681224823
2022-06-27T12:28:25Z,0.088576091453433
2022-06-27T13:34:14Z,-0.2960259467363357
2022-06-27T13:52:07Z,0.0443531265482306
2022-06-27T13:56:25Z,0.1134723415598273
2022-06-27T15:45:19Z,-0.0285888612270355
2022-06-27T16:17:18Z,-0.0033926200121641
2022-06-27T17:02:23Z,-0.1187746375799179
2022-06-27T17:36:08Z,-0.0039224773645401
2022-06-27T18:08:42Z,-0.036597279831767
2022-06-27T18:46:53Z,0.3498727343976497
2022-06-27T20:01:44Z,0.0810651779174804
2022-06-27T23:04:53Z,0.0036497320979833
2022-06-28T06:00:24Z,-0.929754575714469
2022-06-28T11:17:04Z,0.3140138601884246
2022-06-28T11:54:53Z,-0.8644420988857746
2022-06-28T12:16:13Z,0.9086813274770976
2022-06-28T13:38:27Z,0.5203633466735482
2022-06-28T14:15:46Z,-0.4668231606483459
2022-06-28T14:42:10Z,-0.7639437057077885
2022-06-28T16:18:22Z,0.92830578237772
2022-06-28T16:22:11Z,-0.9273582473397256
2022-06-28T16:55:00Z,0.9314878769218922
2022-06-28T17:34:45Z,-0.0316921602934598
2022-06-28T17:39:39Z,0.052553815767169
2022-06-28T18:12:35Z,-0.9329822855070232
2022-06-28T17:29:11Z,0.1490253582596779
2022-06-28T19:56:03Z,0.1597497435286641
2022-06-28T21:08:00Z,-0.289678605273366
2022-06-29T10:26:13Z,0.1726824007928371
2022-06-29T11:18:52Z,-0.8525727950036526
2022-06-29T11:23:05Z,0.3694732272997498
2022-06-29T12:04:02Z,-0.0085811987519264
2022-06-29T12:12:04Z,-0.8363255495205522
2022-06-29T14:06:34Z,0.8743618214502931
2022-06-29T16:10:47Z,-0.0007364265620708
2022-06-29T16:17:08Z,0.0005865842103958
2022-06-29T16:18:40Z,0.9019516939297318
2022-06-29T16:50:45Z,-0.9330931883305312
2022-06-29T17:00:06Z,0.0155584812164306
2022-06-29T17:19:57Z,0.0478906631469726
2022-06-29T17:27:25Z,0.0108168497681617
2022-06-29T17:57:41Z,-0.0039224773645401
2022-06-29T20:39:55Z,-0.0309028215706348
2022-06-29T23:32:08Z,0.0027943328022956
2022-06-30T05:12:49Z,0.2512145889922976
2022-06-30T09:30:06Z,0.1086450619623065
2022-06-30T11:22:22Z,0.0178019143640995
2022-06-30T12:18:42Z,-0.0653946995735168
2022-06-30T12:55:08Z,0.8719589561223984
2022-06-30T13:18:21Z,-0.9115360956639053
2022-06-30T13:22:23Z,0.8224988039582968
2022-06-30T15:45:47Z,0.0005470104515552
2022-06-30T15:50:08Z,0.2638865318149328
2022-06-30T16:22:31Z,0.0600651055574417
2022-06-30T16:31:35Z,0.8192386664450169
2022-06-30T17:11:54Z,0.0487522250041365
2022-06-30T17:41:26Z,-0.0039224773645401
2022-06-30T17:44:23Z,-0.0328305996954441
2022-06-30T18:46:19Z,-0.9329822855070232
2022-06-30T19:58:23Z,0.0100505016744136
2022-07-01T00:04:14Z,0.0010937862098217
2022-07-01T00:07:40Z,-0.5838275738060474
2022-07-01T04:25:20Z,-0.5567744504660368
2022-07-01T05:00:15Z,-0.9116335324943066
2022-07-01T09:01:47Z,0.9144545514136552
2022-07-01T09:19:29Z,0.0218699742108583
2022-07-01T09:26:58Z,-0.9486957527697086
2022-07-01T09:28:58Z,0.2200738778337836
2022-07-01T10:59:55Z,-0.9100477062165736
2022-07-01T11:01:45Z,0.0101307928562164
2022-07-01T12:20:01Z,-0.0377813652157783
2022-07-01T13:12:09Z,-0.1062515452504158
2022-07-01T14:45:00Z,0.9336734460666776
2022-07-01T17:22:22Z,0.0063463039696216
2022-07-01T18:44:40Z,0.052553815767169
2022-07-01T19:27:38Z,-0.6141374986618757
2022-07-01T19:53:38Z,-0.0307215228676795
2022-07-01T20:03:15Z,-0.0289320237934589
2022-07-02T16:27:50Z,-0.7076072115451097
2022-07-02T19:24:41Z,0.0193002726882696
2022-07-02T21:51:20Z,-0.1926271095871925
2022-07-03T18:46:04Z,0.08580635022372
2022-07-03T19:45:56Z,0.0282038822770118
2022-07-03T22:05:20Z,0.0281025320291519
2022-07-05T06:26:41Z,0.0039188154041767
2022-07-05T10:19:46Z,0.0573094468563795
2022-07-05T11:42:23Z,0.0230065826326608
2022-07-05T11:45:40Z,0.0001632720232009
2022-07-05T12:34:21Z,-0.0348699130117893
2022-07-05T12:56:37Z,0.6472155265510082
2022-07-05T16:07:46Z,-0.0063584614545106
2022-07-05T16:45:31Z,0.0678694434463977
2022-07-05T19:23:32Z,-0.6183143202215433
2022-07-05T20:31:59Z,0.0330961421132087
2022-07-05T20:32:24Z,-0.0308221485465765
2022-07-06T00:17:01Z,0.001788455992937
2022-07-06T04:47:08Z,0.0270045734941959
2022-07-06T10:26:34Z,0.1779278386384248
2022-07-06T11:34:06Z,0.0419220998883247
2022-07-06T12:06:59Z,-0.2848366815596819
2022-07-06T12:54:38Z,0.5753203295171261
2022-07-06T16:51:36Z,-0.0062346830964088
2022-07-06T19:04:51Z,-0.028551684692502
2022-07-06T20:04:54Z,0.132114696316421
2022-07-07T04:51:52Z,0.0997168412432074
2022-07-07T12:14:03Z,-0.0084628239274024
2022-07-07T15:10:31Z,-0.004257658496499
2022-07-07T17:55:36Z,0.052553815767169
2022-07-07T19:41:58Z,-0.3605747446417808
2022-07-07T23:07:24Z,0.0060522723942995
2022-07-08T02:33:04Z,-0.0194623582065105
2022-07-08T10:04:43Z,0.0450779721140861
2022-07-08T10:40:59Z,-0.9310668958351016
2022-07-08T13:35:42Z,-0.0824194122105836
2022-07-08T13:39:31Z,-0.6202289313077927
2022-07-08T14:17:54Z,0.0484470222145319
2022-07-08T17:16:09Z,-9.009242057800292e-05
2022-07-08T17:35:50Z,0.052553815767169
2022-07-08T18:41:48Z,0.0299142897129058
2022-07-08T21:14:45Z,0.0301086120307445
2022-07-10T15:48:30Z,0.0265980288386344
2022-07-10T20:41:24Z,0.4040637873113155
2022-07-11T00:01:14Z,0.0401388052850961
2022-07-11T10:34:07Z,-0.6786403302103281
2022-07-11T12:26:56Z,0.1705935355275869
2022-07-11T12:37:52Z,-0.0815826393663883
2022-07-11T13:22:14Z,0.10273571126163
2022-07-11T14:09:59Z,0.2261760495603084
2022-07-11T14:13:35Z,0.0193180125206708
2022-07-11T16:00:34Z,0.0226882472634315
2022-07-11T16:43:30Z,-0.0019439347088336
2022-07-11T16:46:33Z,-0.3494702745229006
2022-07-11T17:13:16Z,-0.0286183543503284
2022-07-11T17:38:37Z,0.052553815767169
2022-07-11T19:37:40Z,-0.473176809027791
2022-07-11T22:13:36Z,0.0431900201365351
2022-07-11T23:54:18Z,0.0022335778921842
2022-07-12T08:34:19Z,-0.1330750584602356
2022-07-12T10:58:16Z,0.4359495462849736
2022-07-12T12:10:50Z,-0.0113508217036724
2022-07-12T16:28:59Z,0.001809874549508
2022-07-12T17:40:28Z,0.052553815767169
2022-07-12T18:04:31Z,-0.0055256262421607
2022-07-12T18:20:31Z,0.0669738017022609
2022-07-12T19:44:26Z,0.0529925785958766
2022-07-12T20:40:12Z,-0.0299807544797658
2022-07-12T23:25:44Z,-0.0073758456856012
2022-07-12T23:32:10Z,-0.3897089269012213
2022-07-13T09:40:53Z,-0.7258986234664917
2022-07-13T10:43:18Z,-0.0669842362403869
2022-07-13T11:32:50Z,0.1639591306447982
2022-07-13T12:06:08Z,-0.0175408460199832
2022-07-13T13:00:39Z,-0.1970121283084154
2022-07-13T13:01:24Z,0.0950653664767742
2022-07-13T13:39:25Z,-0.8982685320079327
2022-07-13T14:10:22Z,0.0330961421132087
2022-07-13T16:05:08Z,0.0428267382085323
2022-07-13T16:08:58Z,-0.0074474569410085
2022-07-13T16:32:24Z,-0.0384971611201763
2022-07-13T17:40:05Z,0.052553815767169
2022-07-13T19:50:27Z,-0.0290575791150331
2022-07-14T00:27:15Z,-0.0072714369744062
2022-07-14T00:31:23Z,-0.6928174691274762
2022-07-14T07:17:02Z,0.9239143095910548
2022-07-14T09:38:28Z,0.0839577428996563
2022-07-14T11:45:58Z,0.9334126710891724
2022-07-14T12:03:58Z,-0.946699135005474
2022-07-14T12:11:17Z,-0.2199432142078876
2022-07-14T12:36:41Z,0.0350682474672794
2022-07-14T12:49:35Z,0.0333203766494989
2022-07-14T13:55:51Z,0.21704728808254
2022-07-14T15:05:04Z,0.0118477791547775
2022-07-14T15:53:45Z,0.9254088820889592
2022-07-14T16:10:12Z,0.0108941681683063
2022-07-14T16:34:56Z,-0.3349322602152824
2022-07-14T16:42:40Z,-0.0308303292840719
2022-07-14T16:44:15Z,-0.0086316093802452
2022-07-14T17:50:39Z,-0.0215572733432054
2022-07-14T17:51:21Z,-0.0039224773645401
2022-07-14T20:45:00Z,-0.8587396796792746
2022-07-14T20:56:59Z,-0.535159220919013
2022-07-14T22:36:03Z,-0.0158456712961196
2022-07-15T08:29:46Z,-0.8003011550754309
2022-07-15T10:46:47Z,0.9078819770365952
2022-07-15T11:43:56Z,0.1595197468996048
2022-07-15T13:20:09Z,0.0822303546592593
2022-07-15T15:37:45Z,-0.036597279831767
2022-07-15T15:38:45Z,-0.0269917100667953
2022-07-15T16:00:21Z,-0.0013820845633745
2022-07-15T16:22:57Z,0.0007307305932044
2022-07-15T18:20:05Z,-0.437778202816844
2022-07-16T14:08:13Z,-0.9050847636535764
2022-07-16T14:55:26Z,0.1998675763607025
2022-07-17T19:41:23Z,-0.779918871819973
2022-07-17T22:51:24Z,0.0353130716830492
2022-07-18T03:00:27Z,0.1461121849715709
2022-07-18T11:36:24Z,0.8416274096816778
2022-07-18T12:15:01Z,-0.0249700509011745
2022-07-18T12:35:56Z,-0.106394212692976
2022-07-18T15:58:08Z,-0.5682138670235872
2022-07-18T16:29:54Z,-0.001685082912445
2022-07-18T16:30:42Z,0.0649012494832277
2022-07-18T16:53:29Z,0.0160168521106243
2022-07-18T17:32:37Z,-0.9240381633862852
2022-07-18T18:10:25Z,-0.0039224773645401
2022-07-18T18:13:25Z,-0.0486857667565345
2022-07-18T18:20:55Z,-0.879813939332962
2022-07-18T18:26:44Z,-0.4009720403701067
2022-07-18T18:31:03Z,0.0744932796806097
2022-07-18T19:17:08Z,-0.7231285497546196
2022-07-18T20:07:16Z,-0.014370858669281
2022-07-18T21:00:36Z,-0.1202380284667015
2022-07-18T21:11:43Z,-0.0272841304540634
2022-07-18T22:45:57Z,-0.0070469118654727
2022-07-18T22:51:14Z,-0.6153900548815727
2022-07-19T08:18:27Z,-0.6049470864236355
2022-07-19T09:35:05Z,-0.5007321797311306
2022-07-19T11:34:24Z,-0.0469373539090156
2022-07-19T11:52:14Z,0.9341616872698068
2022-07-19T12:25:46Z,-0.5769156701862812
2022-07-19T13:40:30Z,-0.9305835729464887
2022-07-19T14:29:55Z,-0.0641383156180381
2022-07-19T17:15:21Z,0.5249236971139908
2022-07-19T17:17:02Z,-0.0066385585814714
2022-07-19T17:40:39Z,-0.0039224773645401
2022-07-19T18:04:15Z,0.0407373718917369
2022-07-19T18:29:55Z,-0.0066272877156734
2022-07-19T19:21:14Z,0.4825694859027862
2022-07-19T21:15:22Z,0.8305678153410554
2022-07-19T21:30:51Z,0.0387479551136493
2022-07-20T07:16:07Z,-0.8004834316670895
2022-07-20T08:57:22Z,0.92477161064744
2022-07-20T10:47:29Z,-0.941829445771873
2022-07-20T11:48:23Z,-0.7908736988902092
2022-07-20T12:16:34Z,-0.3293667137622833
2022-07-20T13:09:11Z,-0.4886298775672912
2022-07-20T13:59:48Z,0.9029238801449536
2022-07-20T14:40:55Z,-0.2628167681396007
2022-07-20T15:17:10Z,0.0652120672166347
2022-07-20T15:49:42Z,0.8885738085955381
2022-07-20T16:12:57Z,0.7674567652866244
2022-07-20T16:25:36Z,-0.0045060142874717
2022-07-20T17:00:53Z,-0.1448931507766246
2022-07-20T17:17:55Z,-0.272107869386673
2022-07-20T14:32:21Z,0.1432852474972605
2022-07-20T19:19:26Z,-0.0287863854318857
2022-07-20T19:41:10Z,-0.613731786608696
2022-07-21T11:34:52Z,-0.0304691344499588
2022-07-21T11:41:27Z,0.0399573668837547
2022-07-21T12:24:56Z,0.0339079983532428
2022-07-21T12:45:55Z,0.554531168192625
2022-07-20T21:24:04Z,0.0430145189166069
2022-07-21T13:00:57Z,0.0272562615573406
2022-07-21T13:06:49Z,0.0931862406432628
2022-07-21T14:36:45Z,0.7183907702565193
2022-07-21T14:39:24Z,0.8308229804970324
2022-07-21T14:53:53Z,-0.2096749171614647
2022-07-21T15:41:49Z,-0.0297845024615526
2022-07-21T15:51:36Z,-0.8101508021354675
2022-07-21T16:39:15Z,-0.0030895061790943
2022-07-21T17:43:30Z,-0.0039224773645401
2022-07-22T04:54:40Z,-0.9570995951071382
2022-07-22T12:11:09Z,-0.9350930843502284
2022-07-22T14:00:45Z,-0.0664003491401672
2022-07-22T13:12:26Z,-0.0089101232588291
2022-07-22T14:52:50Z,-0.8361003957688808
2022-07-22T16:42:08Z,-0.0284033603966236
2022-07-22T16:43:07Z,-0.0065279304981231
2022-07-22T17:02:52Z,-0.0034126229584217
2022-07-22T17:47:24Z,0.052553815767169
2022-07-22T18:43:00Z,0.056539824232459
2022-07-22T18:58:37Z,-0.7610861137509346
2022-07-22T19:08:14Z,0.8324393797665834
2022-07-22T19:42:57Z,0.406097263097763
2022-07-23T12:37:11Z,-0.0042415838688611
2022-07-23T21:11:38Z,-0.9379698988050222
2022-07-24T12:30:37Z,0.0148539021611213
2022-07-24T18:42:38Z,0.2327409693971276
2022-07-24T20:37:05Z,0.8427185378968716
2022-07-24T22:26:46Z,0.0227693803608417
2022-07-25T09:20:00Z,-0.9559526909142732
2022-07-25T09:30:09Z,0.0114132463932037
2022-07-25T10:44:25Z,0.3929392695426941
2022-07-25T11:24:04Z,0.1872989349067211
2022-07-25T12:10:03Z,-0.01052719168365
2022-07-25T12:18:33Z,-0.9245817409828304
2022-07-25T11:59:40Z,-0.1302291546016931
2022-07-25T12:22:31Z,-0.0616880171000957
2022-07-25T12:10:59Z,0.2679083477705717
2022-07-25T13:27:29Z,-0.9127393253147602
2022-07-25T14:50:10Z,0.3241160064935684
2022-07-25T15:11:16Z,0.0386911705136299
2022-07-25T16:15:26Z,0.4190503284335136
2022-07-25T16:02:28Z,0.7311482718214393
2022-07-25T15:53:20Z,-0.0777523517608642
2022-07-25T17:37:36Z,-0.0039224773645401
2022-07-25T19:07:56Z,-0.7510331235826015
2022-07-25T18:33:07Z,-0.7345418334007263
2022-07-25T21:10:01Z,-0.0363681279122829
2022-07-25T21:15:22Z,-0.0265123695135116
2022-07-25T22:33:17Z,0.0124876834452152
2022-07-25T22:37:38Z,-0.5365269426256418
2022-07-26T01:12:09Z,0.0427839895710349
2022-07-26T03:54:53Z,-0.1689923610538244
2022-07-26T12:16:15Z,-0.0928372964262962
2022-07-26T13:38:08Z,0.874544870108366
2022-07-26T14:37:05Z,-0.3507214747369289
2022-07-26T13:43:14Z,-0.92045440338552
2022-07-26T15:52:08Z,-0.0692381393164396
2022-07-26T17:28:34Z,-0.0125518441200256
2022-07-26T17:43:10Z,-0.0275980345904827
2022-07-26T17:44:39Z,-0.0104232244193553
2022-07-26T19:51:57Z,-0.8080972656607628
2022-07-27T01:14:22Z,0.0664438717067241
2022-07-27T05:43:06Z,0.0506435614079237
2022-07-27T09:16:49Z,-0.9425532529130578
2022-07-27T11:27:57Z,-0.934791523963213
2022-07-27T12:02:39Z,-0.0720296502113342
2022-07-27T12:30:00Z,0.0400661965832114
2022-07-27T14:13:32Z,-0.6980713605880737
2022-07-27T14:28:03Z,0.8123256266117096
2022-07-27T15:38:43Z,0.0234082303941249
2022-07-27T16:20:02Z,-0.0677576959133148
2022-07-27T16:32:17Z,0.1024308111518621
2022-07-27T16:06:39Z,-0.0062249768525362
2022-07-27T17:38:12Z,-0.0039224773645401
2022-07-27T18:45:04Z,0.0263152159750461
2020-10-09T12:25:13Z,-0.1283894926309585
2022-07-27T20:05:11Z,0.3627322753891349
2022-07-27T21:34:34Z,-0.0297206938266754
2022-07-27T21:37:16Z,-0.6781359016895294
2022-07-27T21:48:19Z,0.1867936663329601
2022-07-28T00:22:44Z,-0.4224023129791021
2022-07-28T00:27:37Z,-0.0061005689203739
2022-07-28T04:38:54Z,0.0654584318399429
2022-07-28T07:07:29Z,0.0397850405424833
2022-07-28T08:36:59Z,0.0058853439986705
2022-07-28T09:18:50Z,0.1699117440730333
2022-07-28T09:06:58Z,-0.0935979448258876
2022-07-28T10:31:45Z,0.6040040776133537
2022-07-28T09:36:19Z,-0.8517618626356125
2022-07-28T11:19:14Z,-0.732208602130413
2022-07-28T11:59:46Z,0.0818066075444221
2022-07-28T12:32:13Z,-0.0154458843171596
2022-07-28T14:07:41Z,-0.0856267027556896
2022-07-28T14:58:57Z,-0.031138714402914
2022-07-28T15:00:28Z,-0.9379906840622424
2022-07-28T17:05:09Z,-0.0064242631196975
2022-07-28T17:37:56Z,0.052553815767169
2022-07-28T18:04:03Z,-0.0426506046205759
2022-07-28T19:13:44Z,-0.031732004135847
2022-07-28T19:24:54Z,0.0001061949878931
2022-07-28T20:30:31Z,0.3924022316932678
2022-07-28T20:31:28Z,0.0658837221562862
2022-07-28T20:31:47Z,0.9272482022643088
2022-07-28T20:32:35Z,0.9062131624668835
2022-07-28T20:33:03Z,-0.8955787215381861
2022-07-28T20:33:04Z,-0.9661940950900316
2022-07-28T20:33:33Z,0.5517590343952179
2022-07-28T20:33:52Z,-0.8642993401736021
2022-07-28T20:33:57Z,0.9343289099633694
2022-07-28T20:34:38Z,-0.9581607636064292
2022-07-28T20:38:21Z,0.0042854808270931
2022-07-28T21:26:47Z,-0.0905259829014539
2022-07-28T21:27:19Z,0.9126397967338562
2022-07-28T21:29:01Z,0.1226266920566558
2022-07-28T21:43:50Z,0.0006180331110954
2022-07-28T21:48:02Z,-0.8973015639930964
2022-07-29T02:26:32Z,-0.9447965044528246
2022-07-29T03:02:23Z,-0.8972919788211584
2022-07-29T07:37:28Z,0.4470845963805914
2022-07-29T08:23:32Z,0.0226336903870105
2022-07-29T10:19:56Z,0.920451832935214
2022-07-29T10:47:21Z,0.7471005469560623
2022-07-29T11:22:28Z,0.7697250321507454
2022-07-29T11:27:13Z,0.0398106127977371
2022-07-29T11:29:07Z,-0.6712289601564407
2022-07-29T11:54:32Z,-0.1018197983503341
2022-07-29T12:12:35Z,0.1507775569334626
2022-07-29T12:21:10Z,0.5105699151754379
2022-07-29T12:10:27Z,0.406743124127388
2022-07-29T12:41:43Z,0.8289095982909203
2022-07-29T12:47:57Z,0.7530354708433151
2022-07-29T12:55:31Z,0.284897893667221
2022-07-29T13:19:42Z,0.2538389023393392
2022-07-29T13:19:44Z,-0.0531082060188055
2022-07-29T13:40:14Z,-0.0855321623384952
2022-07-29T13:57:50Z,-0.6303669288754463
2022-07-29T14:17:35Z,-0.931826359592378
2022-07-29T14:29:05Z,0.7385019585490227
2022-07-29T17:34:06Z,0.0175748467445373
2022-07-29T17:38:46Z,-0.0039224773645401
2022-07-29T17:39:13Z,-0.4718042407184839
2022-07-29T16:10:31Z,-0.0243958048522472
2022-07-29T19:23:15Z,0.7429631501436234
2022-07-29T20:24:15Z,0.001797990873456
2022-07-29T20:28:25Z,-0.029113320633769
2022-07-29T20:37:09Z,0.0660539325326681
2022-07-29T20:43:17Z,-0.9302517380565404
2022-07-30T15:28:37Z,0.0100831463932991
2022-07-30T15:44:08Z,0.1966676376760006
2022-07-31T17:17:56Z,-0.8872842211276293
2022-07-31T19:41:44Z,0.0534186009317636
2022-07-31T20:12:26Z,-0.0051490105688571
2022-07-31T20:41:08Z,0.00702815502882
2022-08-01T08:11:30Z,-0.0376779027283191
2022-08-01T09:39:33Z,0.0373649112880229
2022-08-01T10:17:51Z,-0.906607821583748
2022-08-01T11:54:57Z,0.0056266672909259
2022-08-01T12:45:00Z,-0.2189886718988418
2022-08-01T14:08:54Z,0.0943460827693343
2022-08-01T14:12:29Z,0.5210918113589287
2022-08-01T15:02:57Z,0.0407373718917369
2022-08-01T15:08:27Z,0.0186832156032323
2022-08-01T17:36:43Z,0.052553815767169
2022-08-01T18:22:02Z,0.000426810234785
2022-08-01T18:31:56Z,0.1705615418031811
2022-08-01T18:44:35Z,-0.1681137420237064
2022-08-02T04:22:06Z,-0.9482593853026628
2022-08-02T07:18:49Z,-0.3959522731602192
2022-08-02T08:01:00Z,-0.8972650319337845
2022-08-02T08:29:54Z,0.8964607063680887
2022-07-31T21:20:07Z,0.6190403401851654
2022-08-02T09:38:10Z,-0.9543309127911924
2022-08-02T10:59:01Z,0.3203145051375031
2022-08-02T12:01:44Z,-0.067302294075489
2022-08-02T13:10:31Z,0.543288066983223
2022-08-02T17:23:54Z,-0.1174327805638313
2022-08-02T18:11:56Z,-0.9384116977453232
2022-08-02T18:19:35Z,-0.0039224773645401
2022-08-03T10:37:28Z,0.1636431142687797
2022-08-03T12:05:41Z,-0.1932087689638137
2022-08-03T12:26:48Z,0.0198421850800514
2022-08-03T15:05:50Z,0.0407373718917369
2022-08-03T16:08:41Z,-0.0006339494138956
2022-08-03T16:19:50Z,-0.6001846119761467
2022-08-03T16:58:00Z,-0.3368493504822254
2022-08-03T17:00:04Z,-0.027158536016941
2022-08-03T17:24:00Z,-0.0105032995343208
2022-08-03T17:31:12Z,0.0131236668676137
2022-08-03T17:47:07Z,-0.0039224773645401
2022-08-03T17:48:38Z,0.6883911192417145
2021-08-03T18:28:03Z,0.0076777525246143
2022-08-03T19:03:00Z,0.2426444301381707
2022-08-04T01:00:38Z,0.0030725747346878
2022-08-04T10:41:38Z,-0.4972749352455139
2022-08-04T11:20:11Z,-0.9032638715580106
2022-08-04T12:32:00Z,0.042297713458538
2022-08-04T13:44:51Z,0.8718197774142027
2022-08-04T15:11:47Z,-0.0239165239036083
2022-08-04T15:12:33Z,-0.0061905868351459
2022-08-04T15:49:37Z,-0.9456051858142018
2022-08-04T17:00:44Z,0.0324441287666559
2022-08-04T18:00:29Z,0.052553815767169
2022-08-04T18:38:11Z,-0.0322094075381755
2022-08-04T18:56:38Z,0.0419964101165533
2022-08-05T01:09:45Z,0.2758163451217115
2022-08-05T09:25:37Z,0.3026905739679932
2022-08-05T10:05:38Z,-0.7266295216977596
2022-08-05T10:17:21Z,-0.8998975493013859
2022-08-05T10:23:34Z,0.8098480487242341
2022-08-05T11:22:57Z,-0.7923393249511719
2022-08-05T12:30:24Z,0.0942683685570955
2022-08-05T13:42:00Z,-0.0537044517695903
2022-08-05T16:24:47Z,0.0016626473516225
2022-08-05T17:48:35Z,0.052553815767169
2022-08-05T20:24:29Z,0.0638103950768709
2022-08-06T12:19:03Z,0.0327858887612819
2022-08-06T15:39:21Z,-0.0505810100585222
2022-08-06T18:42:36Z,-0.0316086579114198
2022-08-06T19:55:29Z,0.7848149314522743
2022-08-06T20:36:25Z,0.2291461387649178
2022-08-07T21:32:07Z,-0.1143816243857145
2022-08-08T10:18:01Z,-0.5688148178160191
2022-08-08T11:22:19Z,0.690712783485651
2022-08-08T12:02:10Z,-0.0126580893993377
2022-08-08T12:42:50Z,0.4545765146613121
2022-08-08T12:55:33Z,-0.0069553479552268
2022-08-08T14:38:02Z,-0.0604161582887172
2022-08-08T14:54:34Z,0.0395679846405983
2022-08-08T14:58:04Z,0.9121043002232908
2022-08-08T15:23:44Z,0.0420970879495143
2022-08-08T15:41:12Z,0.0254926793277263
2022-08-08T17:44:37Z,-0.0039224773645401
2022-08-08T17:53:26Z,0.0289384350180625
2022-08-08T17:59:47Z,-0.7479041256010532
2022-08-08T18:08:35Z,-0.0274730734527111
2022-08-08T18:25:33Z,0.0496166348457336
2022-08-09T08:45:02Z,-0.9160897359251976
2022-08-09T09:53:12Z,-0.1426000520586967
2022-08-09T11:11:03Z,-0.0275570508092641
2022-08-09T11:57:58Z,0.2002597469836473
2022-08-09T13:07:47Z,-0.0201892331242561
2022-08-09T13:08:27Z,0.0316734984517097
2022-08-09T13:16:13Z,0.007707031443715
2022-08-09T14:02:48Z,0.5398016357794404
2022-08-09T14:20:36Z,0.1005182052031159
2022-08-09T14:21:23Z,0.3375183781608939
2022-08-09T15:03:53Z,0.0234371162950992
2022-08-09T15:36:13Z,-0.9171868152916433
2022-08-09T15:37:55Z,-0.7703198418021202
2022-08-09T17:29:46Z,-0.000960599631071
2022-08-09T17:38:45Z,0.052553815767169
2022-08-10T05:58:47Z,-0.5570075996220112
2022-08-10T09:36:42Z,0.0525547452270984
2022-08-10T09:53:17Z,-0.7760187685489655
2022-08-10T12:17:56Z,-0.0869362279772758
2022-08-10T14:14:00Z,0.7461930140852928
2022-08-10T15:21:22Z,-0.0919753108173608
2022-08-10T16:41:35Z,-0.0300849173218011
2022-08-10T17:54:33Z,0.052553815767169
2022-08-10T20:55:51Z,0.7352575045078993
2022-08-11T00:18:52Z,-0.0034855119884014
2022-08-11T08:13:41Z,0.8049619784578681
2022-08-11T11:52:57Z,0.3917950419709086
2022-08-11T11:55:47Z,-0.2504718787968158
2022-08-11T12:37:40Z,0.0480610113590955
2022-08-11T14:05:15Z,-0.8527106354013085
2022-08-11T17:10:25Z,0.0444315047934651
2022-08-11T17:50:18Z,0.052553815767169
2022-08-11T18:18:25Z,-0.061310663819313
2022-08-11T19:57:55Z,0.8619753015227616
2022-08-11T22:20:09Z,0.9325056318193674
2022-08-11T23:40:26Z,-0.0027360375970602
2022-08-11T21:31:01Z,0.0018735490739345
2022-08-12T14:15:57Z,0.057280845940113
2022-08-12T14:32:25Z,-0.0861213691532611
2021-08-12T14:47:00Z,-0.0117972083389759
2022-08-12T15:03:57Z,-0.5209086388349533
2022-08-12T16:04:39Z,-0.8368052095174789
2022-08-12T16:20:40Z,-0.0049169901758432
2022-08-12T16:23:48Z,0.0005893558263778
2022-08-12T17:10:35Z,0.6434337943792343
2022-08-12T17:40:53Z,-0.0292246900498867
2022-08-12T17:55:25Z,-0.0039224773645401
2022-08-12T19:06:44Z,0.4830119758844375
2022-08-12T20:50:57Z,0.1174017144367098
2022-08-13T17:49:10Z,0.0699189873412251
2022-08-14T16:49:17Z,0.1161446869373321
2022-08-14T18:04:08Z,-0.1298329681158065
2022-08-15T00:21:01Z,0.0249960348010063
2022-08-15T12:09:01Z,0.0169560182839632
2022-08-15T12:12:15Z,0.4403147920966148
2022-08-15T12:30:21Z,0.1554997321218252
2022-08-15T12:57:40Z,-0.0421275440603494
2022-08-15T14:41:23Z,0.3584572225809097
2022-08-15T18:24:48Z,-0.0039224773645401
2022-08-15T18:32:48Z,-0.8946397826075554
2022-08-15T20:24:18Z,0.0131135899573564
2022-08-15T21:54:26Z,-0.0269184969365596
2022-08-16T00:38:14Z,0.0015996452420949
2022-08-16T07:06:47Z,0.041358083486557
2022-08-16T10:02:46Z,-0.9623280283994972
2022-08-16T10:17:23Z,-0.9591550631448628
2022-08-16T11:33:24Z,0.7666182946413755
2022-08-16T12:17:21Z,-0.3831110224127769
2022-08-16T14:51:14Z,0.1684351582080125
2022-08-16T15:47:46Z,-0.868306752294302
2022-08-16T16:49:57Z,0.0109239891171455
2022-08-16T18:04:22Z,0.052553815767169
2022-08-16T20:13:27Z,0.5305879861116409
2022-08-17T03:38:34Z,0.2725841496139765
2022-08-17T08:14:18Z,0.7077821306884289
2022-08-17T08:32:14Z,0.2010613977909088
2022-08-17T09:17:36Z,-0.9248110987246037
2022-08-17T10:23:03Z,0.8907558247447014
2022-08-17T10:28:27Z,-0.9091062135994434
2022-08-17T10:54:13Z,0.0135174822062253
2022-08-17T11:10:25Z,-0.9536861618980764
2022-08-17T11:15:18Z,-0.0535082593560218
2022-08-17T12:14:29Z,0.2743141194805503
2022-08-17T12:17:27Z,-0.9029063563793898
2022-08-17T13:52:10Z,0.0175748467445373
2022-08-17T14:15:36Z,-0.4401455726474523
2022-08-17T14:18:06Z,-0.2067791931331157
2022-08-17T14:28:50Z,-0.8663995591923594
2022-08-17T14:45:59Z,0.0117834415286779
2022-08-17T14:50:00Z,0.9201103085651994
2022-08-17T14:28:59Z,0.2431963551789522
2022-08-17T16:11:57Z,-0.1598565746098756
2022-08-17T16:23:29Z,-0.0069922525435686
2022-08-17T16:48:47Z,-0.0296852607280015
2022-08-17T16:48:58Z,0.1037463434040546
2022-08-17T16:27:09Z,0.7972532324492931
2022-08-17T17:36:15Z,-0.0039224773645401
2022-08-17T17:37:01Z,0.3736436907202005
2022-08-17T21:01:20Z,0.0186733528971672
2022-08-17T23:29:39Z,-0.0073360372334718
2022-08-18T00:13:02Z,-0.0551653932780027
2022-08-18T10:16:48Z,-0.0019078068435192
2022-08-18T10:34:48Z,-0.0888729356229305
2022-08-18T11:01:24Z,0.4225748926401138
2022-08-18T14:07:49Z,0.0330961421132087
2022-08-18T14:19:10Z,-0.2706935741007328
2022-08-18T14:39:59Z,0.843024899251759
2022-08-18T14:45:06Z,0.6877814428880811
2022-08-18T17:52:24Z,0.052553815767169
2022-08-18T18:07:19Z,-0.0090376008301973
2022-08-18T20:00:49Z,-0.8350161481648684
2022-08-18T20:47:39Z,-0.0310064982622861
2022-08-18T23:33:07Z,-0.0036929156631231
2022-08-19T08:30:13Z,0.8972432725131512
2022-08-19T09:42:01Z,-0.953610572963953
2022-08-19T09:44:45Z,-0.0063666068017482
2022-08-19T10:32:01Z,-0.0627686493098735
2022-08-19T11:56:47Z,0.8903837725520134
2022-08-19T12:00:40Z,-0.8681675521656871
2022-08-19T12:08:00Z,0.9084618017077446
2022-08-19T12:33:17Z,-0.6009268015623093
2022-08-19T12:42:59Z,0.0168867129832506
2022-08-19T12:51:34Z,0.930482929572463
2022-08-19T13:06:47Z,0.0324116125702858
2022-08-19T13:23:32Z,0.2919526547193527
2022-08-19T16:16:42Z,-0.026935713365674
2022-08-19T17:11:52Z,-0.6550950482487679
2022-08-19T17:50:49Z,0.3944542706012726
2022-08-19T18:01:30Z,-0.0039224773645401
2022-08-19T20:07:47Z,0.7444365844130516
2022-08-20T13:10:40Z,0.9192813402041792
2022-08-20T18:08:11Z,-0.9339437577873468
2022-08-20T20:16:02Z,-0.0042880028486251
2022-08-20T21:22:51Z,-0.0254692956805229
2022-08-21T19:31:24Z,0.0724247954785823
2022-08-21T21:39:38Z,-0.234630886465311
2022-08-21T23:13:51Z,0.019807931035757
2022-08-21T23:21:02Z,-0.6615871246904135
2022-08-22T03:19:33Z,0.5138659356161952
2022-08-22T07:32:07Z,-0.2862119674682617
2022-08-22T11:25:01Z,0.0240445956587791
2022-08-22T11:46:31Z,-0.8988396283239126
2022-08-22T12:27:03Z,-0.0434014815837144
2022-08-22T12:28:02Z,-0.1748205721378326
2022-08-22T12:35:26Z,-0.0002393685281276
2022-08-22T12:50:19Z,0.8394327526912093
2022-08-22T12:58:36Z,-0.5152821354568005
2022-08-22T13:00:21Z,0.6692162957042456
2022-08-22T14:57:18Z,-0.1027402132749557
2022-08-22T15:54:02Z,0.2354521728120744
2022-08-22T15:59:23Z,0.0057944394648075
2022-08-22T17:38:24Z,-0.0039224773645401
2022-08-22T18:45:09Z,0.0502965040504932
2022-08-22T18:45:46Z,0.0002713128924369
2022-08-22T20:58:32Z,-0.0278518702834844
2022-08-23T06:32:56Z,0.0653420388698577
2022-08-23T08:49:50Z,-0.7190118208527565
2022-08-23T09:08:28Z,0.1636504149064421
2022-08-23T09:19:16Z,0.0466730026528239
2022-08-23T10:11:03Z,-0.5891591534018517
2022-08-23T11:25:15Z,-0.7490034680813551
2022-08-23T12:20:36Z,0.0497589744627475
2022-08-23T14:18:48Z,0.0004488956183195
2022-08-23T14:46:53Z,0.0048363991081714
2022-08-23T15:29:42Z,-0.1198228783905506
2022-08-23T17:03:38Z,-0.028726601973176
2022-08-23T17:19:00Z,0.9287999402731656
2022-08-23T17:27:33Z,0.093862104229629
2022-08-23T14:57:02Z,0.1066616997122764
2022-08-24T01:05:13Z,-0.0072740074247121
2022-08-24T04:54:10Z,0.0765216993167996
2022-08-24T11:48:25Z,-0.9323007725179197
2022-08-24T14:24:15Z,-0.036597279831767
2022-08-24T16:03:39Z,0.0208620578050613
2022-08-24T16:10:28Z,0.5107102310284972
2022-08-24T16:32:21Z,-0.933376194909215
2022-08-24T17:46:07Z,-0.0039224773645401
2022-08-24T18:07:14Z,-0.028274767100811
2022-08-24T18:22:29Z,0.0102135017514228
2022-08-24T18:22:00Z,0.0305307656526565
2022-08-24T19:46:35Z,0.9240576652809978
2022-08-25T13:26:52Z,-0.0204959511756896
2022-08-25T15:00:09Z,0.925182149745524
2022-08-25T20:57:31Z,-0.0298043992370367
2022-08-25T23:03:39Z,0.0300825536251068
2022-08-26T11:04:22Z,0.6285239206627011
2022-08-26T15:26:50Z,-0.9318052157759666
2022-08-26T15:37:10Z,0.0430868379771709
2022-08-26T15:40:00Z,0.0246504340320825
2022-08-26T16:01:15Z,0.1634247992187738
2022-08-26T17:19:55Z,-0.3779622688889503
2022-08-26T17:36:23Z,-0.0039224773645401
2022-08-26T18:21:05Z,-0.1906269043684005
2022-08-26T20:05:50Z,-0.026552490890026
2022-08-27T18:23:14Z,0.0405074506998062
2022-08-25T16:13:32Z,0.067442012950778
2022-08-27T21:04:43Z,-0.1136624347418546
2022-08-27T20:07:05Z,0.0340761505067348
2022-08-27T21:31:09Z,-0.8388590440154076
2022-08-28T15:50:48Z,0.1079483889043331
2022-08-28T20:09:16Z,0.0006141066551208
2022-08-28T21:05:57Z,-0.0639278292655944
2022-08-29T01:17:26Z,0.0293409042060375
2022-08-29T01:55:09Z,0.8855927838012576
2022-08-29T06:12:42Z,-0.0938779413700103
2022-08-29T06:55:11Z,0.0122979842126369
2022-08-29T07:50:25Z,-0.1974241733551025
2022-08-29T08:59:24Z,-0.1669056490063667
2022-08-29T09:12:02Z,-0.7300851978361607
2022-08-29T10:41:11Z,-0.8655758984386921
2022-08-29T11:31:46Z,-0.8556700646877289
2022-08-29T12:05:05Z,-0.8799320627003908
2022-08-29T12:15:32Z,-0.8805687502026558
2022-08-29T12:19:58Z,0.004820093512535
2022-08-29T12:42:37Z,-0.4562995880842209
2022-08-29T14:25:29Z,0.3706461191177368
2022-08-29T14:47:13Z,0.0284055434167385
2022-08-29T15:08:16Z,0.011648766696453
2022-08-29T09:28:17Z,-0.9199827238917352
2022-08-29T15:59:30Z,0.4627803517505526
2022-08-29T16:02:50Z,0.0176667626947164
2022-08-29T16:43:36Z,-0.0124576687812805
2022-08-29T13:38:18Z,0.0129788089543581
2022-08-29T16:49:59Z,0.0398663971573114
2022-08-29T17:37:53Z,-0.0039224773645401
2022-08-29T18:17:44Z,0.2805450335144996
2022-08-29T20:04:28Z,-0.0272275991737842
2022-08-30T08:12:01Z,-0.1272953152656555
2022-08-30T08:28:00Z,0.1152034644037485
2022-08-30T09:08:41Z,-0.5881179496645927
2022-08-30T08:39:47Z,0.2401145584881305
2022-08-30T09:23:24Z,0.0885649900883436
2022-08-30T10:20:33Z,-0.5491776764392853
2022-08-30T11:43:12Z,-0.7912305071949959
2022-08-30T12:23:53Z,0.0855626938864588
2022-08-30T12:32:25Z,-0.0425646677613258
2022-08-30T14:16:25Z,0.0407373718917369
2022-08-30T14:26:10Z,0.0168310143053531
2022-08-30T14:52:44Z,0.0088582597672939
2022-08-30T15:27:07Z,-0.0647138580679893
2022-08-30T16:02:48Z,0.0172186829149723
2022-08-30T16:53:45Z,-0.8774312874302268
2022-08-30T17:42:47Z,-0.0039224773645401
2022-08-30T20:06:46Z,-0.0297275874763727
2022-08-30T20:20:19Z,0.1948195276781916
2022-08-30T22:23:48Z,0.0528950691223144
2022-08-31T02:44:21Z,0.0052803736180067
2022-08-31T07:55:48Z,-0.8798556551337242
2022-08-31T09:08:35Z,0.1580094750970602
2022-08-31T09:52:06Z,-0.9343673177063464
2022-08-31T10:44:53Z,-0.9235662166029216
2022-08-31T12:02:18Z,-0.849466634914279
2022-08-31T15:30:00Z,0.049649178981781
2022-08-31T15:55:31Z,-0.0070276763290166
2022-08-31T17:50:35Z,-0.0298666227608919
2022-08-31T22:44:06Z,-0.0047811288386583
2022-09-01T07:49:28Z,-0.942468786612153
2022-09-01T09:05:37Z,-0.5632819477468729
2022-09-01T09:21:42Z,-0.9565219823271036
2022-09-01T09:27:38Z,-0.0341038927435874
2022-09-01T10:09:17Z,0.0338163264095783
2022-09-01T11:04:22Z,-0.0330528877675533
2022-09-01T11:33:13Z,-0.8792505944147706
2022-09-01T13:13:07Z,0.0172195378690958
2022-09-01T16:38:40Z,0.1111619481816887
2022-09-01T17:36:17Z,0.052553815767169
2022-09-01T18:03:17Z,-0.0315450597554445
2022-09-01T18:30:21Z,0.0494802966713905
2022-09-01T23:10:42Z,0.1423226706683635
2022-09-01T23:28:38Z,0.0024122912436723
2022-09-02T06:36:45Z,-0.0570338200777769
2022-09-02T10:25:05Z,0.1169937113299965
2022-09-02T10:37:01Z,-0.1513043195009231
2022-09-02T11:14:12Z,0.8219724670052528
2022-09-02T11:52:00Z,0.7468634815886617
2022-09-02T14:31:17Z,0.0064416099339723
2022-09-02T18:47:44Z,0.052553815767169
2022-09-02T20:50:19Z,-0.0295638181269168
2022-09-03T13:26:57Z,-0.208997830748558
2022-09-03T15:19:23Z,-0.051879720762372
2022-09-03T17:16:30Z,-0.8517869468778372
2022-09-03T21:09:21Z,0.0271271169185638
2022-09-04T19:18:23Z,-0.6863311398774385
2022-09-04T19:37:53Z,0.0934270322322845
2022-09-05T14:23:36Z,-0.0128126125782728
2022-09-05T16:11:26Z,0.5331018371507525
2022-09-06T05:00:13Z,-0.9562154365703464
2022-09-06T08:06:28Z,-0.948034031316638
2022-09-06T08:47:24Z,-0.0475579500198364
2022-09-04T20:42:13Z,-0.0317243337631225
2022-09-06T11:04:34Z,0.0275420099496841
2022-09-02T11:43:37Z,0.1634774627164006
2022-09-06T11:54:41Z,0.0610896162688732
2022-09-06T12:19:48Z,0.2641125898808241
2022-09-06T12:20:39Z,0.8542338348925114
2022-09-06T12:24:50Z,0.507171155884862
2022-09-06T11:37:58Z,0.7695240005850792
2022-09-06T12:37:18Z,-0.0001627206802368
2022-09-06T13:35:37Z,-0.6561269527301192
2022-09-06T14:12:25Z,0.0389042943716049
2022-09-06T12:58:00Z,-0.2181444000452757
2022-09-06T14:47:56Z,-0.4259393215179443
2022-09-06T17:15:33Z,0.0380923077464103
2022-09-06T17:38:16Z,0.052553815767169
2022-09-06T18:01:54Z,0.0546157415956258
2022-09-06T19:13:17Z,0.0333767868578434
2022-09-06T19:30:18Z,0.0845401734113693
2022-09-07T08:12:32Z,-0.8660658709704876
2022-09-07T09:22:17Z,0.2198536489158868
2022-09-07T11:18:40Z,-0.8820409467443824
2022-09-07T11:23:07Z,-0.3066849410533905
2022-09-07T12:02:41Z,-0.7886747047305107
2022-09-07T12:16:41Z,-0.8956311689689755
2022-09-07T12:17:19Z,-0.4404648169875145
2022-09-07T12:54:25Z,0.0217358451336622
2022-09-07T13:50:22Z,-0.326359175145626
2022-09-07T14:53:13Z,-0.9589673886075616
2022-09-07T15:05:52Z,0.0154455304145812
2022-09-07T16:21:35Z,-0.036597279831767
2022-09-07T16:21:58Z,-0.1560568511486053
2022-09-07T16:36:04Z,-0.354827806353569
2022-09-07T16:58:46Z,0.2965428084135055
2022-09-07T17:02:17Z,0.0231551881879568
2022-09-07T17:03:29Z,-0.0034186001867055
2022-09-07T17:07:23Z,-0.005381591618061
2022-09-07T17:09:13Z,0.0095970910042524
2022-09-07T17:10:11Z,0.0927108665928244
2022-09-07T17:10:39Z,0.1150039080530405
2022-09-07T17:11:42Z,0.0965241529047489
2022-09-07T17:13:01Z,-0.0136970933526754
2022-09-07T17:14:08Z,-0.0777831301093101
2022-09-07T17:16:01Z,-0.160720219835639
2022-09-07T17:16:35Z,-0.0801222696900367
2022-09-07T17:16:53Z,0.0811842307448387
2022-09-07T17:17:33Z,0.4785032449290156
2022-09-07T17:18:15Z,0.0482355542480945
2022-09-07T17:18:31Z,-0.006766989827156
2022-09-07T17:18:57Z,-0.0028590969741344
2022-09-07T17:19:26Z,0.0296715274453163
2022-09-07T17:21:06Z,-0.0108249802142381
2022-09-07T17:22:27Z,0.0272272629663348
2022-09-07T17:23:09Z,0.0161461681127548
2022-09-07T17:24:43Z,-0.0011801589280366
2022-09-07T17:24:59Z,-0.0406325235962867
2022-09-07T17:25:37Z,-0.0240397602319717
2022-09-07T17:26:37Z,0.2666192436590791
2022-09-07T17:27:12Z,0.4181137196719646
2022-09-07T17:27:53Z,0.1128961341455578
2022-09-07T17:28:24Z,0.0306581836193799
2022-09-07T17:29:36Z,0.0233130920678377
2022-09-07T17:30:10Z,0.0153084173798561
2022-09-07T17:32:51Z,0.8313200417906046
2022-09-07T17:33:56Z,0.065287210047245
2022-09-07T17:36:19Z,-0.0120695363730192
2022-09-07T17:36:43Z,-0.0089698676019907
2022-09-07T17:40:54Z,0.0090877600014209
2022-09-07T17:41:07Z,0.0602977443486452
2022-09-07T17:40:50Z,0.0575430775061249
2022-09-07T17:42:43Z,0.0691771218553185
2022-09-07T17:43:52Z,0.0295112933963537
2022-09-07T17:44:29Z,-0.8082946185022593
2022-09-07T17:44:58Z,0.4406779278069734
2022-09-07T17:46:09Z,0.1542466403916478
2022-09-07T17:46:40Z,0.1896902192384004
2022-09-07T17:47:13Z,0.0746995927765965
2022-09-07T17:47:31Z,0.0117403715848922
2022-09-07T17:48:16Z,0.0015991013497114
2022-09-07T17:48:30Z,0.0167670641094446
2022-09-07T17:48:45Z,0.0220817327499389
2022-09-07T17:48:58Z,0.1017076577991247
2022-09-07T17:49:31Z,0.0362043399363756
2022-09-07T17:50:19Z,0.0490834079682827
2022-09-07T17:50:50Z,0.740949111059308
2022-09-07T17:51:28Z,0.2813690472394228
2022-09-07T17:51:58Z,0.1034857314079999
2022-09-07T17:52:44Z,0.0111311879009008
2022-09-07T17:53:37Z,0.1147717637941241
2022-09-07T17:55:01Z,0.1296147173270583
2022-09-07T17:56:09Z,0.0660361032932996
2022-09-07T17:57:08Z,0.0163042545318603
2022-09-07T17:57:51Z,0.0877909576520323
2022-09-07T17:58:16Z,0.1499162148684263
2022-09-07T17:58:29Z,-0.0039224773645401
2022-09-07T17:58:31Z,0.0652071265503764
2022-09-07T17:59:13Z,-0.0941142868250608
2022-09-07T17:59:43Z,-0.8438602034002542
2022-09-07T18:00:45Z,0.0209959913045167
2022-09-07T18:01:26Z,-0.160990759730339
2022-09-07T18:03:06Z,0.0423952592536807
2022-09-07T18:03:52Z,-0.1641787141561508
2022-09-07T18:04:40Z,0.071093626320362
2022-09-07T18:05:23Z,0.1137452321127057
2022-09-07T18:06:17Z,-0.0043499674648046
2022-09-07T18:07:11Z,0.0215494446456432
2022-09-07T18:07:15Z,0.0751454345881939
2022-09-07T18:08:01Z,0.0873590735718607
2022-09-07T18:11:16Z,0.0330029316246509
2022-09-07T18:14:19Z,0.1243838025256991
2022-09-07T18:15:34Z,0.0391238220036029
2022-09-07T18:16:02Z,0.0158568192273378
2022-09-07T18:17:11Z,0.10816390812397
2022-09-07T18:22:17Z,0.0607872102409601
2022-09-07T18:31:48Z,0.0493353679776191
2022-09-07T18:49:32Z,0.0309034306555986
2022-09-07T18:13:14Z,0.0891698524355888
2022-09-07T20:42:47Z,-0.0312549248337745
2022-09-08T04:07:48Z,0.9246453680098056
2022-09-08T07:55:44Z,-0.1162053272128105
2022-09-08T09:24:16Z,0.2321359030902385
2022-09-08T10:30:52Z,0.3636007830500602
2022-09-08T11:35:19Z,-0.0347585156559944
2022-09-08T11:57:30Z,0.7095688171684742
2022-09-08T12:02:02Z,-0.8698885627090931
2022-09-08T12:05:15Z,-0.0755514800548553
2022-09-08T12:05:51Z,-0.4472205154597759
2022-09-08T12:06:13Z,-0.9328929968178272
2022-09-08T12:23:40Z,0.0211510583758354
2022-09-08T12:48:12Z,-0.934369757771492
2022-09-08T14:25:24Z,-0.0695389211177825
2022-09-08T15:19:42Z,-0.0050832424312829
2022-09-08T15:24:14Z,-0.7413195576518774
2022-09-08T15:39:41Z,-0.0194973349571228
2022-09-08T16:08:35Z,0.5888099670410156
2022-09-08T16:56:41Z,-0.4230184480547905
2022-09-08T17:59:37Z,0.052553815767169
2022-09-08T18:10:11Z,-0.033317981287837
2022-09-09T05:45:58Z,0.9260607827454804
2022-09-09T07:12:44Z,0.3346334993839264
2022-09-09T07:58:21Z,0.9036576580256224
2022-09-09T09:42:48Z,0.5630451906472445
2022-09-09T09:44:44Z,-0.4254475012421608
2022-09-09T10:26:01Z,-0.0318689793348312
2022-09-09T10:49:33Z,0.2182807391509413
2022-09-09T11:13:56Z,-0.008248932659626
2022-09-09T12:17:49Z,-0.9414945645257832
2022-09-09T12:21:47Z,-0.9030579533427954
2022-09-09T12:26:44Z,0.8354712054133415
2022-09-09T12:43:49Z,0.4633560944348573
2022-09-09T13:41:29Z,0.5883289817720652
2022-07-21T16:42:13Z,0.0212277807295322
2022-09-09T14:22:40Z,0.0092620998620986
2022-09-09T16:25:43Z,0.0275162104517221
2022-09-09T17:37:07Z,-0.0039224773645401
2022-09-09T17:48:48Z,0.6833614092320204
2022-09-09T17:52:26Z,0.5044283634051681
2022-09-09T18:12:10Z,0.0595176704227924
2022-09-09T20:05:50Z,-0.8891035728156567
2022-09-09T20:13:57Z,0.3910352736711502
2022-09-09T20:24:06Z,-0.0297943111509084
2022-09-10T15:05:21Z,-0.072034653276205
2022-09-10T16:16:06Z,0.0041046030819416
2022-09-10T18:44:32Z,-0.0370887164026498
2022-09-10T19:41:44Z,-0.7350106313824654
2022-09-10T20:16:40Z,0.0728217251598835
2022-09-10T21:12:33Z,-0.9307274743914604
2022-09-11T13:16:16Z,-0.0201667658984661
2022-09-11T14:57:14Z,0.0148954950273036
2022-09-11T20:12:59Z,-0.1038478314876556
2022-09-11T22:06:41Z,0.0252591148018836
2022-09-12T06:10:40Z,0.087179085239768
2022-09-12T08:54:36Z,-0.0462620146572589
2022-09-12T11:39:14Z,0.2901612166315317
2022-09-12T11:51:50Z,-0.7454326711595058
2022-09-12T11:55:51Z,-0.1884429454803466
2022-09-12T12:15:33Z,0.1943253064528107
2022-09-12T14:47:36Z,0.0534527748823165
2022-09-12T14:52:09Z,0.7590900212526321
2022-09-12T15:56:33Z,0.2751258444041013
2022-09-12T16:07:52Z,0.6429705806076527
2022-09-12T16:23:41Z,-0.142980970442295
2022-09-12T16:38:15Z,0.0430868379771709
2022-09-12T17:04:52Z,-0.5876863617449999
2022-09-12T17:56:48Z,-0.0039224773645401
2022-09-12T18:00:18Z,0.0828554816544056
2022-09-12T19:35:51Z,0.2609094306826591
2022-09-13T02:36:21Z,0.4986974596977234
2022-09-13T08:51:30Z,-0.0606424510478973
2022-09-13T09:41:39Z,-0.966271536424756
2022-09-13T10:09:07Z,0.3426315635442734
2022-09-13T10:36:02Z,0.5681107100099325
2022-09-13T11:33:19Z,0.8973615486174822
2022-09-13T12:00:08Z,-0.9335954124107956
2022-09-13T12:30:16Z,0.3493498107418418
2022-09-13T12:56:08Z,0.000190757215023
2022-09-13T14:17:16Z,-0.8754308242350817
2022-09-13T14:57:05Z,-0.0234278682619333
2022-09-13T15:24:02Z,0.208022179082036
2022-09-13T15:32:18Z,0.0407373718917369
2022-09-13T16:32:58Z,-0.4001754019409418
2022-09-13T17:36:10Z,-0.0039224773645401
2022-09-14T07:58:11Z,0.0624254569411277
2022-09-14T09:04:00Z,-0.1364153027534485
2022-09-14T09:26:23Z,-0.6812116988003254
2022-09-14T09:54:12Z,-0.583176989108324
2022-09-14T10:15:17Z,0.193553039804101
2022-09-14T10:31:42Z,-0.7184912264347076
2022-09-14T05:54:57Z,0.0871101729571819
2022-09-14T03:07:24Z,0.5417878776788712
2022-09-14T12:02:38Z,-0.9485445795580744
2022-09-14T12:24:49Z,-0.9352413173764944
2022-09-14T13:13:27Z,0.026505883783102
2022-09-14T14:12:11Z,-0.3637974634766578
2022-09-14T14:25:22Z,0.011753425002098
2022-09-14T14:42:59Z,-0.6904197484254837
2022-09-14T16:41:14Z,0.0875461474061012
2022-08-17T16:56:44Z,-0.0684439539909362
2022-09-14T17:44:45Z,-0.0039224773645401
2022-09-14T18:58:25Z,-0.007842943072319
2022-09-14T19:04:56Z,0.0063254814594984
2022-09-14T19:08:43Z,0.0471080522984266
2022-09-15T08:01:14Z,0.5770245045423508
2022-09-15T09:02:41Z,-0.7111366614699364
2022-09-15T09:06:51Z,-0.1281995065510273
2022-09-14T11:36:40Z,0.1598356068134308
2022-09-15T12:21:30Z,-0.9066258873790504
2022-09-15T12:31:40Z,0.321009430103004
2022-09-15T14:41:20Z,0.7453466514125466
2022-09-15T15:00:22Z,-0.1697382368147373
2022-09-15T15:39:46Z,-0.6481075678020716
2022-09-15T16:18:18Z,0.1539397230371832
2022-09-14T18:46:14Z,-0.4015586227178573
2022-09-15T16:57:14Z,-0.0555182714015245
2022-09-15T17:54:25Z,-0.0039224773645401
2022-09-15T17:57:24Z,0.8918187972158194
2022-09-15T18:48:10Z,-0.3214257173240185
2022-09-15T19:15:32Z,0.1286408109590411
2022-09-15T18:43:47Z,0.2328093629330396
2022-09-15T20:00:01Z,0.1116960383951664
2022-09-15T21:06:22Z,-0.0308257918804883
2022-09-16T06:01:40Z,0.6983121437951922
2022-09-16T09:12:09Z,0.0935930423438549
2022-09-16T09:33:27Z,-0.888838104903698
2022-09-16T09:56:34Z,0.126520243473351
2022-09-16T11:23:25Z,0.5380986090749502
2022-09-16T11:50:41Z,0.1219885824248194
2022-09-16T11:56:59Z,0.0630776705220341
2021-08-30T05:28:25Z,0.1613267743960023
2022-09-16T12:30:03Z,0.176314203068614
2022-09-16T14:09:18Z,0.0193180125206708
2022-09-16T14:49:05Z,-0.8084722924977541
2022-09-16T15:19:19Z,-0.8666528724133968
2022-09-16T15:46:25Z,-0.5424882844090462
2022-09-16T18:03:19Z,-0.410995090380311
2022-09-16T19:08:10Z,0.1248285928741097
2022-09-16T19:57:44Z,-0.0279104970395565
2022-09-16T20:26:07Z,0.0294722039252519
2022-09-17T17:48:55Z,-0.9547041151672602
2022-09-18T20:14:12Z,-0.0354667827486991
2022-09-19T07:04:28Z,-0.9292796924710274
2022-09-19T07:16:30Z,-0.8931628484278917
2022-09-19T08:37:55Z,-0.6629305612295866
2022-09-19T10:42:00Z,0.0268100257962942
2022-09-19T11:11:20Z,0.1571189323440194
2022-09-19T11:52:18Z,0.041621065698564
2022-09-19T10:57:03Z,-0.708844106644392
2022-09-19T12:32:43Z,0.4015443325042724
2022-09-19T12:42:15Z,-0.3395847305655479
2022-09-19T14:55:10Z,-0.036597279831767
2022-09-19T15:58:10Z,0.1119713354855775
2022-09-19T15:58:36Z,0.1143529415130615
2022-09-19T17:38:42Z,0.052553815767169
2022-09-19T17:41:43Z,-0.1137575469911098
2022-09-19T15:42:41Z,-0.8295349851250648
2022-09-19T17:58:31Z,-0.0263447668403387
2022-09-19T19:04:52Z,0.0691921859979629
2022-09-19T19:23:31Z,0.2843164503574371
2022-09-19T10:13:28Z,-0.9430093131959438
2022-09-20T05:57:26Z,0.8197139129042625
2022-09-20T08:00:53Z,-0.9180217944085598
2022-09-20T08:13:53Z,0.2885023579001426
2022-09-20T08:49:26Z,0.2491977107711136
2022-09-20T09:24:22Z,0.4253561645746231
2022-09-20T11:38:33Z,-0.914488789625466
2022-09-20T11:48:19Z,-0.8872752375900745
2022-09-20T12:21:53Z,-0.5682913549244404
2022-09-20T12:49:48Z,0.902590036392212
2022-09-20T13:52:01Z,0.2070443853735923
2022-09-20T14:08:00Z,0.0175748467445373
2022-09-20T14:57:39Z,0.0650752466171979
2022-09-20T15:17:04Z,-0.0138894729316234
2022-09-20T17:06:44Z,-0.7209819238632917
2022-09-20T17:37:30Z,-0.0039224773645401
2022-09-20T18:23:33Z,-0.2762872874736786
2022-09-20T20:19:32Z,0.6000362746417522
2022-09-20T20:25:56Z,-0.0296649318188428
2022-09-21T11:53:59Z,-0.7169793248176575
2022-09-21T12:11:13Z,0.0196394529193639
2022-09-21T12:43:55Z,0.1803728807717561
2022-09-21T14:14:14Z,0.6257415656000376
2022-09-21T16:26:58Z,-0.8060802053660154
2022-09-21T16:40:04Z,0.5909426752477884
2022-09-21T16:44:13Z,-0.4803719483315944
2022-09-21T16:52:38Z,-0.0317558646202087
2022-09-21T17:36:21Z,-0.0039224773645401
2022-09-21T19:50:03Z,-0.0287115760147571
2022-09-21T19:54:11Z,-0.8951656669378281
2022-09-22T08:54:46Z,-0.0446355044841766
2022-09-22T09:19:48Z,-0.0605494156479835
2022-09-22T10:33:54Z,-0.9010272109881045
2022-09-22T10:38:48Z,-0.4052910655736923
2022-09-22T11:01:26Z,-0.022226758301258
2022-09-22T12:04:13Z,-0.8686597365885973
2022-09-22T12:22:16Z,-0.9429340241476892
2022-09-22T12:19:40Z,-0.7873792350292206
2022-09-22T13:07:12Z,0.0781413642689585
2022-09-22T13:13:00Z,0.9128879001364112
2022-09-22T13:22:16Z,-0.9262443101033568
2022-09-22T17:28:08Z,-0.46042076125741
2022-09-22T17:42:29Z,-0.0039224773645401
2022-09-22T20:05:12Z,-0.1891886591911316
2022-09-22T20:08:07Z,0.9225387629121542
2022-09-23T04:23:10Z,-0.3064697831869125
2022-09-23T08:50:32Z,0.3026588186621666
2022-09-23T09:49:47Z,-0.0797532200813293
2022-09-23T10:17:51Z,0.2038752036169171
2022-09-23T10:19:50Z,0.021787978708744
2022-09-23T11:38:24Z,-0.88532330468297
2022-09-23T11:45:29Z,0.8406585846096277
2022-09-23T11:46:38Z,0.101068795658648
2022-09-23T12:14:10Z,-0.9542636899277568
2022-09-23T12:23:02Z,0.2082667360082268
2022-09-23T14:14:40Z,0.0430868379771709
2022-09-23T17:45:28Z,-0.0039224773645401
2022-09-23T19:05:45Z,-0.8991894107311964
2022-09-23T19:46:13Z,-0.328092822805047
2022-09-24T16:17:47Z,-0.0270958673208951
2022-09-25T16:40:20Z,0.0540130995213985
2022-09-26T06:29:04Z,0.8807149361819029
2022-09-26T08:15:27Z,-0.7544398084282875
2022-09-26T08:43:12Z,-0.6910043004900217
2022-09-26T09:54:50Z,-0.930702330544591
2022-09-26T10:15:20Z,0.0351677201688289
2022-09-26T10:34:06Z,-0.6027006283402443
2022-09-26T11:44:06Z,-0.9256524788215756
2022-09-26T12:59:17Z,-0.8193027703091502
2022-09-26T13:10:00Z,0.7788810320198536
2022-09-26T17:46:50Z,-0.9216185566037892
2022-09-26T18:06:25Z,0.052553815767169
2022-09-26T20:13:12Z,-0.0262089166790246
2022-09-27T12:08:46Z,0.9016689881682396
2022-09-27T12:46:15Z,-0.0349549874663353
2022-09-27T14:20:00Z,0.5407159235328436
2022-09-27T11:38:21Z,-0.6893379539251328
2022-09-27T14:51:40Z,0.0292236749082803
2022-09-27T14:55:46Z,-0.915229681879282
2022-09-27T15:06:54Z,0.0340040512382984
2022-09-27T16:41:52Z,-0.1891502290964126
2022-09-27T17:38:35Z,-0.0039224773645401
2022-09-27T19:23:45Z,0.386820332147181
2022-09-27T20:06:04Z,-0.0301239416003227
2022-09-27T22:56:11Z,0.0456736870110034
2022-09-28T03:11:25Z,-0.905619589611888
2022-09-28T05:55:40Z,-0.7266574800014496
2022-09-28T09:28:28Z,-0.0131308138370513
2022-09-28T09:47:00Z,0.0290601309388875
2022-09-28T10:33:30Z,-0.9081045743077992
2022-09-28T10:49:22Z,-0.6624736674129963
2022-09-28T10:57:24Z,-0.4952060617506504
2022-09-28T11:11:09Z,-0.8873647954314947
2022-09-28T11:25:39Z,-0.7475286684930325
2022-09-28T11:43:00Z,-0.9190992014482616
2022-09-28T11:55:07Z,-0.9226267468184232
2022-09-28T12:41:28Z,-0.8270218223333359
2022-09-28T13:13:47Z,0.032012628391385
2022-09-28T13:34:38Z,0.774396626278758
2022-09-28T13:02:03Z,-0.4179034531116485
2022-09-28T14:12:24Z,-0.9549914044328034
2022-09-28T14:16:52Z,-0.902476224116981
2022-09-28T14:19:07Z,-0.105262391269207
2022-09-28T14:29:31Z,-0.4753181301057338
2022-09-28T14:36:17Z,-0.9467713292688132
2022-09-28T14:47:14Z,0.6605723053216934
2022-09-28T14:51:44Z,-0.0014338009059429
2022-09-28T15:06:45Z,0.0097370073199272
2022-09-28T15:47:55Z,-0.7354350313544273
2022-09-28T16:35:24Z,-0.713781300932169
2022-09-28T16:35:44Z,-0.0080638527870178
2022-09-28T17:18:28Z,-0.0309320408850908
2022-09-28T17:24:41Z,-0.7358749434351921
2022-09-28T17:36:16Z,0.1778361061587929
2022-09-28T17:47:19Z,0.052553815767169
2022-09-29T08:33:57Z,-0.857156228274107
2022-09-29T09:16:37Z,0.8764473190531135
2022-09-29T09:50:20Z,0.2058535949327051
2022-09-29T10:20:21Z,-0.9399450970813632
2022-09-29T10:28:12Z,-0.1344496607780456
2022-09-29T10:42:40Z,0.2961993813514709
2022-09-29T10:49:20Z,0.6414210814982653
2022-09-29T10:57:31Z,0.1064710430800914
2022-09-29T11:13:41Z,-0.2885162681341171
2022-09-29T11:50:03Z,-0.0159500241279602
2022-09-29T12:43:50Z,-0.87263666652143
2022-09-29T12:59:45Z,-0.8891791980713606
2022-09-29T13:10:32Z,-0.0857384260743856
2022-09-29T14:06:55Z,-0.4060332868248224
2022-09-29T14:07:52Z,0.0430868379771709
2022-09-29T14:30:53Z,-0.4930033423006534
2022-09-29T14:50:40Z,-0.5882146526128054
2022-09-29T15:43:54Z,0.9274107553064824
2022-09-29T16:54:44Z,-0.92239476647228
2022-09-29T17:41:09Z,-0.0039224773645401
2022-09-29T18:52:00Z,-0.1386181376874447
2022-09-29T18:58:48Z,-0.8933512680232525
2022-09-29T19:18:17Z,-0.0318609829992055
2022-09-30T07:35:27Z,-0.9442497510463
2022-09-30T07:58:28Z,-0.4618852268904447
2022-09-30T08:32:00Z,-0.0225779227912426
2022-09-30T09:12:04Z,-0.820355124771595
2022-09-30T10:12:34Z,-0.9205392273142934
2022-09-30T10:31:15Z,-0.0729548148810863
2022-09-30T10:54:25Z,0.0275420099496841
2022-09-30T14:10:21Z,-0.9344084113836288
2022-09-30T14:50:36Z,-0.6430415064096451
2022-09-30T16:34:35Z,-0.0289939697831869
2022-09-30T17:11:21Z,0.0578850023448467
2022-09-30T17:36:01Z,0.052553815767169
2022-09-30T17:42:19Z,0.0183061081916093
2022-09-30T18:45:17Z,0.9241593359038234
2022-09-30T19:40:57Z,-0.8613246716558933
2022-10-01T16:40:24Z,-0.0563502162694931
2022-10-01T21:13:09Z,-0.5828079152852297
2022-10-02T12:39:26Z,-0.9046590197831392
2022-10-02T21:11:21Z,0.0150344632565975
2022-10-03T07:59:11Z,-0.8778647631406784
2022-10-03T09:11:00Z,-0.3308507427573204
2022-10-03T09:11:50Z,-0.8073700787499547
2022-10-03T10:19:18Z,0.8773444686084986
2022-10-03T10:53:04Z,-0.1136095318943262
2022-10-03T12:08:07Z,-0.9180526956915857
2022-10-03T13:45:26Z,0.0249381512403488
2022-10-03T14:06:00Z,0.4019668009132147
2022-10-03T14:15:11Z,-0.6646237820386887
2022-10-03T14:15:59Z,0.0234082303941249
2022-10-03T14:20:15Z,0.0430868379771709
2022-10-03T14:33:22Z,0.1657339707016945
2022-10-03T16:34:38Z,-0.6497931871563196
2022-10-03T16:45:55Z,0.0167515445500612
2022-10-03T17:45:15Z,-0.9574488811194896
2022-10-03T17:49:21Z,-0.0303436797112226
2022-10-03T18:33:59Z,-0.5731399413198233
2022-10-03T20:42:23Z,-0.825749509036541
2022-10-03T17:38:15Z,0.008988032117486
2022-10-04T08:01:38Z,0.4225459396839142
2022-10-04T09:07:50Z,0.1344592329114675
2022-10-04T09:11:50Z,0.8991980440914631
2022-10-04T09:41:06Z,0.8870647214353085
2022-10-04T08:36:36Z,-0.0596522092819213
2022-10-04T10:59:58Z,0.3753241086378693
2022-10-04T11:00:33Z,0.0444257706403732
2022-10-04T11:15:51Z,0.6814022064208984
2022-10-04T11:32:39Z,0.93156898021698
2022-10-04T11:57:27Z,0.9364275857806206
2022-10-04T12:42:47Z,0.9265909530222416
2022-10-04T12:58:09Z,-0.9546645805239676
2022-10-04T13:00:45Z,0.1414100714027881
2022-10-04T13:04:51Z,0.0697914902120828
2022-10-04T17:29:35Z,-0.5851022526621819
2022-10-04T17:36:37Z,0.052553815767169
2022-10-04T17:39:38Z,0.0181810110807418
2022-10-04T18:07:35Z,0.3479722440242767
2022-10-04T18:29:11Z,0.010911040008068
2022-10-04T19:24:53Z,-0.0324217453598976
2022-10-05T03:35:00Z,0.8892033491283655
2022-10-05T08:51:58Z,-0.4375509172677994
2022-10-05T09:04:31Z,-0.7634453466162086
2022-10-05T09:56:20Z,0.8943648338317871
2022-10-05T11:24:52Z,0.7718925569206476
2022-10-05T13:03:51Z,-0.061615914106369
2022-10-05T14:42:06Z,-0.8380212523043156
2022-10-05T15:01:51Z,0.4626088356599211
2022-10-05T15:11:38Z,0.2797603756189346
2022-10-05T17:04:14Z,-0.7061300687491894
2022-10-05T17:25:58Z,0.8974734507501125
2022-10-05T17:45:01Z,-0.0327626839280128
2022-10-05T19:40:33Z,-0.8323679454624653
2022-10-05T23:43:00Z,0.0019569657742977
2022-10-06T05:21:26Z,-0.9064535042271018
2022-10-06T08:57:33Z,0.0157451480627059
2022-10-06T09:24:18Z,-0.7952311839908361
2022-10-06T10:09:00Z,0.6775251999497414
2022-10-06T10:38:14Z,0.7991478387266397
2022-10-06T12:58:48Z,0.6207777820527554
2022-10-06T13:18:01Z,-0.8565023727715015
2022-10-06T14:50:29Z,-0.9633886832743884
2022-10-06T14:50:57Z,-0.4970796853303909
2022-10-06T15:30:38Z,0.0777280628681182
2022-10-06T15:59:18Z,0.3186462521553039
2022-10-06T17:38:02Z,0.052553815767169
2022-10-06T19:35:12Z,-0.0330631732940673
2022-10-07T09:52:03Z,-0.8379234792664647
2022-10-07T10:01:48Z,0.918748689815402
2022-10-07T12:05:40Z,-0.497211754322052
2022-10-07T12:24:11Z,0.023362573236227
2022-10-07T13:00:06Z,-0.966951820999384
2022-10-07T13:36:15Z,-0.7952414527535439
2022-10-07T14:05:32Z,-0.036597279831767
2022-10-07T14:18:58Z,0.8441542163491249
2022-10-07T15:59:08Z,0.6235458515584469
2022-10-07T16:22:01Z,-0.0373291075229644
2022-10-07T17:37:09Z,-0.0039224773645401
2022-10-07T17:46:44Z,-0.6086008474230766
2022-10-07T17:51:30Z,0.0150482337921857
2022-10-07T17:57:47Z,0.1564131872728467
2022-10-07T18:09:21Z,-0.5387145988643169
2022-10-07T19:32:05Z,0.9058197205886244
2022-10-08T15:42:57Z,-0.0338315516710281
2022-10-08T21:02:40Z,-0.7891071802005172
2022-10-09T20:35:05Z,0.1489454619586467
2022-10-09T19:56:55Z,0.0673499377444386
2022-10-10T05:04:41Z,-0.120922602713108
2022-10-10T09:03:50Z,0.3516232036054134
2022-10-10T09:18:56Z,0.2269566655158996
2022-10-10T09:28:51Z,-0.7194956727325916
2022-10-10T11:46:20Z,-0.9165929201990366
2022-10-10T13:16:48Z,0.0487179607152938
2022-10-10T13:20:59Z,-0.149857297539711
2022-10-10T13:24:42Z,-0.0223358161747455
2022-10-10T14:51:07Z,-0.8778395019471645
2022-10-10T15:36:07Z,-0.9516799142584204
2022-10-10T16:26:17Z,-0.08229586109519
2022-10-10T17:34:53Z,0.2593371979892254
2022-10-10T17:36:40Z,0.052553815767169
2022-10-10T18:18:00Z,0.4560470907017588
2022-10-10T18:27:32Z,-0.9569665463641286
2022-10-10T19:05:55Z,0.0186324790120124
2022-10-11T02:20:36Z,-0.9452079152688384
2022-10-11T06:57:26Z,-0.1484701428562402
2022-10-11T10:17:51Z,0.1262470073997974
2022-10-11T10:32:44Z,0.0530692273750901
2022-10-11T11:11:56Z,0.253156840801239
2022-10-11T11:23:02Z,-0.9296456053853036
2022-10-11T11:46:36Z,0.4381410265341401
2022-10-11T12:09:55Z,0.6555205900222063
2022-10-11T12:15:00Z,-0.1520156413316726
2022-10-11T12:21:41Z,-0.8995039034634829
2022-10-11T12:29:39Z,-0.0780298244208097
2022-10-11T13:14:39Z,-0.0132181271910667
2022-10-11T13:28:01Z,-0.0364313796162605
2022-10-11T15:30:17Z,0.005655039101839
2022-10-11T15:33:14Z,-0.2225294113159179
2022-10-11T16:24:57Z,0.0149765852838754
2022-10-11T16:27:05Z,-0.335206663236022
2022-10-11T17:04:20Z,0.1335602132603526
2022-10-11T17:11:13Z,0.7730324417352676
2022-10-11T17:44:37Z,-0.1066188346594572
2022-10-11T17:44:42Z,0.052553815767169
2022-10-11T20:18:24Z,0.0197631400078535
2022-10-12T09:21:32Z,-0.9443414323031902
2022-10-12T11:50:51Z,-0.8650132790207863
2022-10-12T11:52:59Z,0.0639839610084891
2022-10-12T12:23:05Z,-0.7655455693602562
2022-10-12T13:24:48Z,-0.7345604486763477
2022-08-23T14:21:28Z,0.9078503660857676
2022-10-12T14:22:12Z,-0.0329104214906692
2022-10-12T14:29:00Z,0.904096022248268
2022-10-12T14:48:38Z,0.9251396330073476
2022-10-12T15:40:24Z,-0.1497034355998039
2022-10-12T16:37:09Z,0.9198652831837536
2022-10-12T17:41:10Z,0.0901530683040618
2022-10-12T17:44:35Z,0.0091982576996088
2022-10-12T17:44:55Z,0.052553815767169
2022-10-12T19:52:16Z,-0.0322355479001998
2022-10-12T20:27:09Z,0.0383075047284364
2022-10-12T20:44:12Z,-0.3639830574393272
2022-10-13T01:12:55Z,0.2308541405946016
2022-10-13T05:22:26Z,-0.4007176086306572
2022-10-13T06:18:40Z,0.7678675330244005
2022-10-13T09:11:10Z,-0.0209417212754488
2022-10-13T10:21:15Z,-0.7266714796423912
2022-10-13T11:18:32Z,0.8999874144792557
2022-10-13T11:58:12Z,-0.661150723695755
2022-10-13T12:08:11Z,0.2506744042038917
2022-10-13T13:41:56Z,-0.2291695885360241
2022-10-13T14:07:25Z,-0.6383026819676161
2022-10-13T14:26:06Z,0.2621690481901169
2022-10-13T15:04:34Z,0.3487368803471327
2022-10-13T15:33:09Z,-0.3024789616465568
2022-10-13T15:57:17Z,0.0873205410316586
2022-10-13T17:13:53Z,0.2125867214053869
2022-10-13T17:41:01Z,-0.3481934443116188
2022-10-13T18:59:23Z,-0.0039224773645401
2022-10-13T19:48:27Z,-0.0332300402224063
2022-10-13T20:00:05Z,0.0873293988406658
2022-10-13T20:17:10Z,-0.8483190555125475
2022-10-13T22:45:03Z,0.0136101767420768
2022-10-14T00:59:48Z,0.0735210003331303
2022-10-14T03:57:47Z,0.9312033103778958
2022-10-14T07:44:12Z,-0.8739874735474586
2022-10-14T08:23:08Z,-0.0192412696778774
2022-10-14T10:21:00Z,0.9073137193918228
2022-10-14T12:05:55Z,0.8726917402818799
2022-10-14T12:30:45Z,0.0295586455613374
2022-10-14T12:59:26Z,-0.905178042128682
2022-10-14T14:26:45Z,0.0242134984582662
2022-10-14T16:05:58Z,-0.9038850776851176
2022-10-14T16:21:20Z,-0.0373291075229644
2022-10-14T17:43:05Z,0.052553815767169
2022-10-14T19:13:25Z,0.4650520086288452
2022-10-14T20:15:16Z,-0.0290755107998847
2022-10-15T14:04:56Z,-0.3826475366950035
2022-10-15T14:49:57Z,0.4733585342764854
2022-10-15T16:05:43Z,-0.1530551463365554
2022-10-16T14:15:53Z,0.1548094768077135
2022-10-17T08:09:53Z,-0.2095906734466552
2022-10-17T09:18:57Z,-0.4185109883546829
2022-10-17T09:31:05Z,-0.8112528529018164
2022-10-17T10:00:45Z,0.0418017255142331
2022-10-17T10:26:40Z,-0.4561138451099396
2022-10-17T10:36:12Z,0.0536490213125944
2022-10-17T11:24:01Z,-0.8891026303172112
2022-10-17T10:00:09Z,0.8140695542097092
2022-10-17T12:00:52Z,0.3904390949755907
2022-10-17T12:14:44Z,-0.0015270933508872
2022-10-17T12:30:34Z,0.0848606079816818
2022-10-17T12:45:00Z,-0.8495548916980624
2022-10-17T13:13:10Z,0.1679811757057905
2022-10-17T13:46:45Z,-0.8880396503955126
2022-10-17T14:27:06Z,0.3201727010309696
2022-10-17T15:15:28Z,0.2535838130861521
2022-10-17T17:43:03Z,-0.0039224773645401
2022-10-17T18:56:28Z,-0.410995090380311
2022-10-17T19:58:16Z,-0.0283608455210924
2022-10-18T00:45:25Z,0.177523136138916
2022-10-18T08:09:43Z,0.0055683217942714
2022-10-18T08:45:07Z,0.836619183421135
2022-10-18T10:37:59Z,0.4981866115704179
2022-10-18T10:51:23Z,-0.013012196868658
2022-10-18T11:47:59Z,0.0628274688497185
2022-10-18T12:09:52Z,-0.0435652732849121
2022-10-18T12:14:04Z,-0.9536992306821048
2022-10-18T12:30:22Z,-0.4141888990998268
2022-10-18T13:56:42Z,0.8543610451743007
2022-10-18T14:09:06Z,0.0902262106537818
2022-10-18T14:23:42Z,0.0407373718917369
2022-10-18T15:01:11Z,0.3910611569881439
2022-10-18T14:56:13Z,0.2224201299250126
2022-10-18T15:05:59Z,0.1517669595777988
2022-10-18T15:23:45Z,-0.8136412687599659
2022-10-18T17:37:51Z,-0.0039224773645401
2022-10-18T18:24:43Z,0.1473209001123905
2022-10-18T18:40:06Z,-0.9264850793406368
2022-10-18T18:45:49Z,0.1517016999423504
2022-10-18T20:14:59Z,0.0132523402571678
2022-10-18T20:27:50Z,-0.0310281664133071
2022-10-18T21:16:46Z,0.0065624434500932
2022-10-19T08:53:17Z,0.1874658316373825
2022-10-19T09:50:12Z,-0.0376779027283191
2022-10-19T10:00:50Z,-0.4574032686650753
2022-10-19T11:40:40Z,-0.9401302998885512
2022-10-19T11:43:59Z,0.0186964273452758
2022-10-19T11:55:25Z,0.7074854783713818
2022-10-19T12:17:52Z,-0.6563917938619852
2022-10-19T14:02:15Z,0.0550252124667167
2022-10-19T17:36:40Z,0.052553815767169
2022-10-19T21:30:07Z,-0.0293439142405986
2022-10-19T21:43:55Z,0.8453999133780599
2022-10-20T05:20:35Z,-0.952710977755487
2022-10-20T05:55:59Z,-0.0042011328041553
2022-10-20T11:39:37Z,-0.0631584376096725
2022-10-20T12:32:38Z,-0.4126646816730499
2022-10-20T14:03:13Z,0.0925329187884926
2022-10-20T14:05:37Z,0.2595745529979467
2022-10-20T14:13:29Z,0.2494689840823412
2022-10-20T14:17:28Z,-0.9017260279506444
2022-10-20T16:06:39Z,0.1232186499983072
2022-10-20T17:41:21Z,-0.0039224773645401
2022-10-20T17:59:43Z,-0.0327462442219257
2022-10-20T13:46:16Z,0.0208183918148279
2022-10-20T21:37:31Z,0.0160509310662746
2022-10-21T07:20:46Z,-0.8995228465646505
2022-10-21T07:50:19Z,-0.5811570081859827
2022-10-21T09:13:59Z,0.8538999687880278
2022-10-21T11:02:22Z,0.570704460144043
2022-10-21T11:48:00Z,-0.7536911517381668
2022-10-21T12:13:15Z,-0.9501023711636662
2022-10-21T12:54:25Z,0.2209091559052467
2022-10-21T14:42:16Z,-0.0233034919947385
2022-10-21T14:43:20Z,0.7552640102803707
2022-10-21T15:57:55Z,0.0309465583413839
2022-10-21T17:55:54Z,0.052553815767169
2022-10-21T19:21:15Z,-0.913931168615818
2022-10-21T19:38:44Z,-0.9526805942878128
2022-10-21T20:07:50Z,-0.0278953146189451
2022-10-22T13:01:07Z,-0.7176260948181152
2022-10-22T17:14:36Z,0.0080997347831726
2022-10-22T20:01:32Z,0.0271034874022007
2022-10-23T17:56:50Z,0.0063012782484292
2022-10-23T18:51:24Z,0.3359855096787214
2022-10-24T07:27:44Z,-0.5375984311103821
2022-10-24T08:55:39Z,0.5495287179946899
2022-10-24T10:14:30Z,-0.3764826506376266
2022-10-24T10:27:40Z,0.9273758567869664
2022-10-24T10:54:22Z,0.4307477585971355
2022-10-24T11:01:12Z,0.144030649214983
2022-10-24T12:17:15Z,-0.9350144071504474
2022-10-24T13:01:14Z,0.5680852346122265
2022-10-24T14:43:30Z,0.0430868379771709
2022-10-22T13:07:39Z,0.0017721615731716
2022-10-24T16:29:16Z,0.5014561926946044
2022-10-24T17:03:16Z,0.1066756192594766
2022-10-24T17:35:45Z,0.0793005237355828
2022-10-24T17:36:12Z,0.052553815767169
2022-10-24T17:29:23Z,0.0054559633135795
2022-10-24T17:48:44Z,-0.7326238825917244
2022-10-24T20:09:51Z,-0.0057310108095407
2022-10-24T20:20:18Z,0.0419648941606283
2022-10-24T20:22:23Z,-0.0277252569794654
2022-10-25T01:23:01Z,0.118656575679779
2022-10-25T07:32:11Z,0.0218882542103528
2022-10-25T08:06:07Z,-0.1010668873786926
2022-10-25T08:47:28Z,0.0454430300742387
2022-10-25T09:30:38Z,-0.6873432137072086
2022-10-25T10:14:56Z,0.1422630548477172
2022-10-25T11:20:06Z,-0.6606582999229431
2022-10-25T11:27:41Z,-0.7477491516619921
2022-10-25T13:31:58Z,0.2145360447466373
2022-10-25T11:55:46Z,0.09108651522547
2022-10-25T16:28:20Z,0.0231169611215591
2022-10-25T16:31:40Z,-0.9202762050554156
2022-10-25T14:23:33Z,0.0158404689282178
2022-10-25T17:46:16Z,0.052553815767169
2022-10-25T18:12:24Z,0.9224551627412438
2022-10-25T20:15:04Z,-0.0301717035472393
2022-10-25T20:29:47Z,0.0474810227751731
2022-10-25T20:57:00Z,-0.9407292632386088
2022-10-26T02:56:12Z,0.0809346418827772
2022-10-26T04:32:44Z,-0.915558853186667
2022-10-26T06:41:03Z,0.3791484432294965
2022-10-26T07:32:16Z,-0.3935328125953674
2022-10-26T08:51:29Z,-0.1059332937002182
2022-10-26T10:25:08Z,0.8865091316401958
2022-10-26T11:20:51Z,-0.816659539937973
2022-10-26T10:32:16Z,-0.8495140932500362
2022-10-26T11:36:16Z,0.2860329560935497
2022-10-26T13:25:08Z,0.0426491610705852
2022-10-26T16:27:42Z,0.1056474680081009
2022-10-26T17:05:23Z,0.1478503532707691
2022-10-26T17:42:14Z,-0.0039224773645401
2022-10-26T18:09:07Z,0.0050341505557298
2022-10-26T18:22:36Z,-0.0189124420285224
2022-10-26T21:23:33Z,-0.0302493534982204
2022-10-27T01:15:46Z,0.0244484301656484
2022-10-27T04:55:56Z,-0.8542730370536447
2022-10-27T05:40:23Z,0.0851538050919771
2022-10-27T05:59:06Z,-0.8229739833623171
2022-10-27T06:18:14Z,-0.7738252580165863
2022-10-27T07:50:46Z,0.0125443674623966
2022-10-27T09:32:09Z,0.389246791601181
2022-10-27T09:33:52Z,-0.0888393744826316
2022-10-27T09:39:53Z,-0.0024966597557067
2022-10-27T10:51:14Z,-0.9666973981074988
2022-10-27T11:22:01Z,0.4174616634845733
2022-10-27T10:06:53Z,0.5499462187290192
2022-10-27T15:01:59Z,0.0111842788755893
2022-10-27T15:07:15Z,0.0487090907990932
2022-10-27T16:11:32Z,0.7841504737734795
2022-10-27T16:33:48Z,-0.6377735938876867
2022-10-27T15:30:47Z,-0.410995090380311
2022-10-27T17:49:43Z,0.052553815767169
2022-10-27T18:16:41Z,-0.1382865197956562
2022-10-27T18:50:59Z,-0.0330484043806791
2022-10-27T19:16:17Z,0.0107669942080974
2022-10-27T19:49:17Z,-0.9527455270290376
2022-10-27T20:27:03Z,-0.0841581169515848
2022-10-27T20:30:40Z,0.5260392278432846
2022-10-27T20:30:52Z,0.0369878932833671
2022-10-27T20:30:27Z,-0.5193149894475937
2022-10-27T20:32:57Z,0.048629380762577
2022-10-27T20:39:24Z,0.0122106932103633
2022-10-27T21:02:49Z,0.1119259297847747
2022-10-27T21:07:28Z,0.0724664982408285
2022-10-27T21:06:30Z,0.3880478497594595
2022-10-27T21:20:56Z,0.0436378363519907
2022-10-27T21:27:35Z,0.1548384577035904
2022-10-27T21:28:56Z,-0.9500676458701492
2022-10-27T21:32:24Z,-0.9383577480912207
2022-10-27T21:34:47Z,0.3488473743200302
2022-10-27T21:45:31Z,-0.0430835485458374
2022-10-27T21:52:15Z,-0.4921972006559372
2022-10-28T04:22:33Z,-0.891697846353054
2022-10-28T06:50:28Z,-0.9097443372011184
2022-10-28T07:16:52Z,-0.1835088729858398
2022-10-28T07:47:06Z,0.034522695466876
2022-10-28T08:16:25Z,0.0305487364530563
2022-10-28T08:28:38Z,-0.0535933375358581
2022-10-28T08:26:08Z,-0.0337007232010364
2022-10-28T09:28:47Z,-0.9283029455691576
2022-10-28T10:09:35Z,0.1272096205502748
2022-10-28T10:35:46Z,-0.0669842362403869
2022-10-28T10:39:55Z,-0.0607396960258483
2022-10-28T10:58:06Z,0.7743928730487823
2022-10-28T11:13:55Z,-0.5319116413593292
2022-10-28T11:12:29Z,-0.8751700948923826
2022-10-28T11:31:52Z,0.8241929914802313
2022-10-28T11:59:40Z,-0.7496447786688805
2022-10-28T12:13:24Z,0.295860587619245
2022-10-28T12:25:59Z,0.0086632445454597
2022-10-28T12:28:20Z,-0.0660429894924163
2022-10-28T12:40:35Z,0.902889970690012
2022-10-28T12:58:15Z,0.0130091607570648
2022-10-28T13:19:28Z,-0.4919668734073639
2022-10-28T13:57:21Z,-0.410995090380311
2022-10-28T14:30:59Z,-0.7382261715829372
2022-10-28T14:46:31Z,0.21005236543715
2022-10-28T14:55:16Z,0.8939049541950226
2022-10-28T10:28:29Z,0.9324253061786294
2022-10-28T15:34:28Z,-0.4052647352218628
2022-10-28T15:52:38Z,-0.5981820598244667
2022-10-28T18:00:53Z,0.052553815767169
2022-10-28T19:18:28Z,0.0200045742094516
2022-10-28T20:18:12Z,-0.0296767558902502
2022-10-29T17:09:11Z,0.131937688216567
2022-10-29T20:03:20Z,-0.0626669935882091
2022-10-29T20:36:36Z,0.0950824627652764
2022-10-30T12:39:56Z,0.9259736044332384
2022-10-30T13:47:36Z,-0.0810794401913881
2022-10-30T16:37:02Z,-0.938111956231296
2022-10-30T19:47:50Z,0.1697277389466762
2022-10-30T21:01:37Z,0.0764480866491794
2022-10-30T23:01:10Z,0.0220945179462432
2022-10-31T01:19:47Z,-0.0101729705929756
2022-10-26T11:11:09Z,0.4071588069200516
2022-10-27T10:53:00Z,-0.2774289399385452
2022-10-31T06:26:30Z,-0.9650229811668396
2022-10-31T08:34:05Z,0.0134081989526748
2022-10-31T08:55:42Z,-0.9427914023399352
2022-10-31T09:25:08Z,-0.5634048581123352
2022-10-31T07:58:19Z,-0.9512048847973348
2022-10-31T10:35:59Z,0.0056974552571773
2022-10-31T11:07:18Z,0.1734699606895446
2022-10-31T11:24:44Z,-0.9075070582330228
2022-10-31T12:43:27Z,0.9077974166721106
2022-10-31T12:41:01Z,-0.88583795260638
2022-10-31T14:07:58Z,0.5210918113589287
2022-10-31T14:31:40Z,-0.410995090380311
2022-10-31T14:35:59Z,0.0430868379771709
2022-10-31T15:21:18Z,0.011571604758501
2022-10-31T15:24:21Z,-0.361525384709239
2022-10-31T15:34:25Z,-0.8403303315863013
2022-10-31T15:54:56Z,0.524341463111341
2022-10-31T16:55:24Z,0.0591280665248632
2022-10-31T17:56:40Z,-0.0039224773645401
2022-10-31T18:43:21Z,0.007875358685851
2022-10-31T19:20:48Z,0.0120499692857265
2022-10-31T20:22:28Z,-0.0292241647839546
2022-11-01T01:12:53Z,0.0490570254623889
2022-11-01T01:31:37Z,0.0366851137951016
2022-11-01T08:59:09Z,0.3317953236401081
2022-11-01T09:20:02Z,-0.9061021953821182
2022-11-01T09:24:16Z,-0.9654459170997144
2022-11-01T12:37:38Z,0.9141556080430746
2022-11-01T14:57:58Z,-0.007177785038948
2022-11-01T15:39:22Z,-0.410995090380311
2022-11-01T16:45:29Z,0.0183995552361011
2022-11-01T17:54:30Z,0.052553815767169
2022-11-01T18:11:38Z,0.1966115860268473
2022-11-02T04:19:25Z,-0.1908868104219436
2022-11-02T08:20:32Z,0.5625325292348862
2022-11-02T08:26:01Z,0.8689010152593255
2022-11-02T10:10:00Z,-0.954396080225706
2022-11-02T10:34:06Z,-0.9501507105305792
2022-11-02T12:59:09Z,0.9290233375504612
2022-11-02T13:33:16Z,0.0175298564136028
2022-11-02T13:42:51Z,-0.9424121305346488
2022-11-02T15:09:34Z,-0.1389286629855632
2022-11-02T15:32:38Z,0.6393756801262498
2022-11-02T16:17:59Z,-0.938068979419768
2022-11-02T16:53:57Z,-0.410995090380311
2022-11-02T17:00:22Z,-0.0161370392888784
2022-11-02T18:26:49Z,0.052553815767169
2022-11-02T19:40:27Z,0.0098826810717582
2022-11-02T19:42:17Z,-0.5490155443549156
2022-11-02T20:39:27Z,0.0287728793919086
2022-11-03T01:18:55Z,-0.3133852630853653
2022-11-03T04:34:37Z,0.238763032015413
2022-11-03T08:49:34Z,0.1261349320411682
2022-11-03T10:00:30Z,0.6307831071317196
2022-11-03T10:19:52Z,-0.6181206665933132
2022-11-03T11:17:39Z,-0.8161794729530811
2022-11-03T11:19:32Z,0.2890224419534206
2022-11-03T12:10:17Z,0.0471893949434161
2022-11-01T18:48:35Z,0.0957654109224677
2022-11-03T15:19:14Z,0.0355909615755081
2022-11-03T15:49:01Z,-0.93400158546865
2022-11-03T14:17:50Z,-0.410995090380311
2022-11-03T20:30:41Z,0.9261519582942128
2022-11-03T21:14:42Z,0.8658346571028233
2022-11-03T21:39:54Z,0.0075081847608089
2022-11-03T21:46:01Z,-0.0532799214124679
2022-11-04T04:15:11Z,-0.8773582316935062
2022-11-04T09:49:17Z,-0.7617168612778187
2022-11-04T09:49:59Z,0.7152269650250673
2022-11-04T09:55:58Z,0.708686389029026
2022-11-04T10:17:01Z,-0.8788106590509415
2022-11-04T11:08:39Z,0.117976170964539
2022-11-04T12:18:00Z,0.0178319253027439
2022-11-04T12:52:58Z,-0.9099402651190758
2022-11-04T13:11:07Z,0.0260314028710126
2022-11-04T13:30:54Z,0.9231377486139536
2022-11-04T13:33:41Z,-0.8083951883018017
2022-11-04T14:10:46Z,0.0762546136975288
2022-11-04T14:19:07Z,-0.7660571429878473
2022-11-04T14:16:59Z,0.1150306593626737
2022-11-04T15:55:09Z,0.0214295294135808
2022-11-04T16:21:22Z,-0.487599566578865
2022-11-04T18:16:37Z,0.052553815767169
2022-11-04T18:31:23Z,0.0501555949449539
2022-11-04T19:26:52Z,0.0140610169619321
2022-11-04T20:05:59Z,-0.0310977436602115
2022-11-04T20:11:45Z,-0.4117318727076053
2022-11-05T15:57:41Z,0.0061279572546482
2022-11-05T18:18:07Z,0.8963788859546185
2022-11-05T19:47:49Z,-0.0031902752816677
2022-11-06T13:21:41Z,0.0172155331820249
2022-11-06T21:42:40Z,0.024307195097208
2022-11-06T21:49:38Z,-0.616258280351758
2022-11-07T00:19:16Z,-0.954931501764804
2022-11-07T00:21:12Z,0.0006006062030792
2022-11-07T00:23:06Z,0.6731336638331413
2022-11-07T00:42:13Z,-0.8896198198199272
2022-11-07T01:18:35Z,-0.1596106700599193
2022-11-07T04:32:42Z,-0.8423898201435804
2022-11-07T09:58:16Z,-0.9631087286397816
2022-11-07T10:50:36Z,0.8542368225753307
2022-11-07T10:58:40Z,-0.2737466990947723
2022-11-07T11:43:12Z,-0.108850797638297
2022-11-06T19:16:58Z,-0.0057496763765811
2022-11-07T12:30:50Z,-0.8379993662238121
2022-11-07T12:39:36Z,0.2056217864155769
2022-11-07T13:05:35Z,0.0205081738531589
2022-11-07T13:08:43Z,-0.0461367815732955
2022-11-07T13:13:39Z,-0.953040168620646
2022-11-07T14:01:10Z,0.0344563741236925
2022-11-07T14:09:20Z,-0.4266836401075125
2022-11-07T14:32:05Z,-0.5424943882972002
2022-11-07T15:34:24Z,0.0595483873039484
2022-11-07T17:29:10Z,0.095729598775506
2022-11-07T17:37:42Z,-0.0306215640157461
2022-11-07T17:42:50Z,0.052553815767169
2022-11-07T17:44:38Z,0.0101212207227945
2022-11-07T18:37:06Z,-0.2581276167184114
2022-11-07T21:48:08Z,-0.0134264938533306
2022-11-08T03:56:14Z,-0.738115418702364
2022-11-08T04:30:45Z,0.632165864109993
2022-11-08T11:26:24Z,0.117944810539484
2022-11-08T12:14:38Z,-0.3941623866558075
2022-11-08T12:17:11Z,-0.0189088881015777
2022-11-08T12:23:01Z,0.2063948977738618
2022-11-08T13:01:51Z,-0.024764247238636
2022-11-08T13:39:58Z,-0.0088841132819652
2022-11-08T16:42:17Z,0.5108578782528639
2022-11-08T17:26:15Z,-0.928129866719246
2022-11-08T17:28:08Z,-0.8997305082157254
2022-11-08T17:28:34Z,0.9097823519259692
2022-11-08T17:38:23Z,0.0487090907990932
2022-11-08T17:52:02Z,0.052553815767169
2022-11-08T22:25:00Z,-0.0322392452508211
2022-11-09T03:35:29Z,-0.952267243526876
2022-11-09T04:48:56Z,0.1705339401960373
2022-11-09T08:16:40Z,-0.0324726998805999
2022-11-09T08:52:09Z,-0.5599286407232285
2022-11-09T10:26:39Z,0.6310726460069418
2022-11-09T11:02:23Z,-0.8500389978289604
2022-11-09T11:46:22Z,-0.9460685513913633
2022-11-09T12:30:44Z,0.0455750301480293
2022-11-09T12:40:26Z,0.1867526872083544
2022-11-09T13:35:46Z,0.2185787949711084
2022-11-09T13:51:25Z,-0.8426650194451213
2022-11-09T14:11:54Z,0.0874660089612007
2022-11-09T14:47:28Z,-0.0101192854344844
2022-11-09T15:20:16Z,-0.0475773625075817
2022-11-09T15:21:58Z,-0.8071053177118301
2022-11-09T16:49:09Z,-0.410995090380311
2022-11-09T17:55:05Z,-0.7692960612475872
2022-11-09T18:20:39Z,0.0092070754617452
2022-11-09T18:43:40Z,0.052553815767169
2022-11-09T21:45:40Z,-0.0336094889789819
2022-11-10T01:03:54Z,-0.130009263753891
2022-11-10T05:03:34Z,0.7785420501604676
2022-11-10T07:17:48Z,-0.9332217890769244
2022-11-10T08:02:37Z,-0.9322852324694396
2022-11-10T08:13:59Z,-0.7790529951453209
2022-11-10T10:44:24Z,0.9182453649118544
2022-11-10T12:54:43Z,0.3133329451084137
2022-11-10T13:07:14Z,-0.8105423655360937
2022-11-10T13:08:52Z,0.8191074542701244
2022-11-10T13:11:09Z,-0.6756283789873123
2022-11-10T10:42:19Z,0.2949989140033722
2022-11-10T13:42:00Z,0.8798072086647153
2022-11-10T13:44:04Z,-0.8457397734746337
2022-11-10T13:53:43Z,-0.8981692809611559
2022-11-10T14:16:27Z,-0.410995090380311
2022-11-10T15:13:08Z,0.7423821464180946
2022-11-10T16:36:20Z,-0.7162675708532333
2022-11-10T18:05:32Z,-0.0039224773645401
2022-11-10T18:05:51Z,0.0415676515549421
2022-11-10T18:51:00Z,0.0114567633718252
2022-11-10T20:56:03Z,-0.0349657796323299
2022-11-11T01:01:29Z,0.589072372764349
2022-11-11T04:44:16Z,0.1312275743111968
2022-11-11T07:27:47Z,0.4990805760025978
2022-11-11T08:42:46Z,0.8617725633084774
2022-11-11T08:46:51Z,-0.9531933637335896
2022-11-11T10:10:24Z,-0.3614024519920349
2022-11-11T10:23:30Z,-0.526892751455307
2022-11-11T11:32:22Z,-0.1693394482135772
2022-11-11T11:57:20Z,0.0065121389925479
2022-11-11T12:48:41Z,0.0516514591872692
2022-11-11T14:31:36Z,-0.7020802460610867
2022-11-11T16:00:13Z,0.0108931194990873
2022-11-11T19:00:05Z,0.0101417824625968
2022-11-11T19:01:51Z,-0.3127549327909946
2022-11-12T13:41:56Z,0.1319265216588974
2022-11-12T14:32:18Z,0.0479912310838699
2022-11-12T22:00:08Z,0.0108486339449882
2022-11-13T16:05:23Z,0.0452568996697664
2022-11-13T22:25:12Z,-0.7218205165117979
2022-11-14T01:24:40Z,-0.1689745634794235
2022-11-14T03:56:10Z,0.8734313547611237
2022-11-14T09:11:39Z,0.5058890283107758
2022-11-14T11:36:26Z,-0.0561939310282468
2022-11-14T11:41:05Z,0.8994707278907299
2022-11-14T13:11:33Z,-0.8984043207019567
2022-11-14T14:24:29Z,-0.8873874917626381
2022-11-14T15:22:27Z,0.5030779372900724
2022-11-14T17:40:17Z,-0.0039224773645401
2022-11-14T18:09:21Z,0.0989858489483594
2022-11-14T19:23:02Z,-0.0314481984823942
2022-11-14T20:24:10Z,-0.147420909255743
2022-11-14T20:59:42Z,0.0108588337898254
2022-11-14T21:45:54Z,-0.0212004352360963
2022-11-14T22:08:38Z,0.1692450465634465
2022-11-14T23:20:47Z,-0.472731901332736
2022-11-14T23:24:54Z,-0.065980464220047
2022-11-15T03:55:10Z,0.7911933958530426
2022-11-14T12:03:52Z,0.0889962371438741
2022-11-15T05:15:15Z,0.6546878824010491
2022-11-15T14:41:27Z,-0.8642287878319621
2022-11-15T15:13:44Z,-0.065980464220047
2022-11-15T15:51:16Z,-0.410995090380311
2022-11-15T17:38:27Z,-0.0039224773645401
2022-11-15T21:49:05Z,0.4001663643866777
2022-11-16T01:45:04Z,0.8793431390076876
2022-11-16T06:40:51Z,0.0582300620153546
2022-11-16T10:41:03Z,-0.7694377452135086
2022-11-16T10:47:57Z,0.0398498978465795
2022-11-16T11:29:31Z,-0.6822391338646412
2022-11-16T13:21:10Z,0.1605482837185263
2022-11-16T13:51:39Z,0.1043569212779402
2022-11-16T11:00:46Z,0.2061612606048584
2022-11-16T17:05:45Z,0.0268332809209823
2022-11-16T21:17:40Z,-0.0466964542865753
2022-11-17T05:09:11Z,0.1610526777803897
2022-11-17T07:16:33Z,0.1673183804377913
2022-11-17T11:00:17Z,0.0636747870594263
2022-11-17T11:31:20Z,0.0656371004879474
2022-11-17T13:22:25Z,0.0312310755252838
2022-11-17T13:30:11Z,0.0240704864263534
2022-11-17T14:59:57Z,0.0367037216201424
2022-11-17T15:52:43Z,0.0295170601457357
2022-11-17T17:55:02Z,0.052553815767169
2022-11-17T18:47:10Z,-0.6228484027087688
2022-11-17T19:24:00Z,0.0104243177920579
2022-11-17T19:25:58Z,-0.4691930282860994
2022-11-17T23:04:00Z,0.181723240762949
2022-11-18T06:03:42Z,-0.1014184653759002
2022-11-18T12:17:49Z,0.0703795868903398
2022-11-18T12:50:13Z,0.038138922303915
2022-11-18T13:48:50Z,-0.8847375884652138
2022-11-18T13:59:36Z,-0.9241024265065788
2022-11-18T18:18:13Z,0.052553815767169
2022-11-18T18:42:20Z,-0.942658519372344
2022-11-18T20:19:59Z,-0.0311546381562948
2022-11-18T20:46:43Z,0.0172617342323064
2022-11-18T22:30:53Z,0.1165532730519771
2022-11-21T07:25:39Z,0.0978310164064168
2022-11-21T08:58:15Z,0.4313614796847105
2022-11-21T10:14:05Z,-0.1299218237400055
2022-11-21T10:57:42Z,-0.18348278850317
2022-11-21T11:06:28Z,-0.0633451119065284
2022-11-21T11:28:15Z,-0.0253668911755085
2022-11-21T13:08:29Z,0.3630273547023535
2022-11-21T14:09:00Z,0.0261131152510643
2022-11-21T14:30:40Z,0.0187472645193338
2022-11-21T14:52:42Z,-0.0404540970921516
2022-11-21T15:15:40Z,0.0325587950646877
2022-11-21T15:21:55Z,0.6646131854504347
2022-11-21T15:45:42Z,-0.0003389045596122
2022-11-21T13:45:47Z,0.0169368758797645
2022-11-21T15:52:07Z,0.0543200280517339
2022-11-21T16:28:18Z,0.2498235078528523
2022-11-21T17:37:19Z,0.052553815767169
2022-11-21T18:16:15Z,0.0230732392519712
2022-11-21T18:40:27Z,-0.9362111054360868
2022-11-21T18:54:41Z,0.6323114871047437
2022-11-21T19:26:10Z,-0.0306394025683403
2022-11-22T08:21:58Z,0.4466053126379847
2022-11-22T09:48:21Z,-0.464619517326355
2022-11-22T10:04:36Z,-0.0276719070971012
2022-11-22T11:41:52Z,0.1053228378295898
2022-11-22T14:37:26Z,-0.5056987926363945
2022-11-22T15:01:56Z,-0.9496968695893884
2022-11-22T15:07:29Z,0.683947972021997
2022-11-22T15:32:55Z,0.0487090907990932
2022-11-22T15:57:00Z,-0.4220805689692497
2022-11-22T16:21:44Z,0.0325587950646877
2022-11-22T16:46:51Z,0.0152888875454664
2022-11-22T18:17:54Z,0.052553815767169
2022-11-22T18:33:44Z,-0.0325433053076267
2022-11-15T21:41:00Z,0.6194765716791153
2022-11-23T03:12:33Z,-0.6367002241313457
2022-11-23T03:51:54Z,0.0717193307355046
2022-11-23T06:35:31Z,-0.8929674606770277
2022-11-23T08:55:11Z,-0.5578323900699615
2022-11-23T10:14:42Z,-0.881975943222642
2022-11-23T11:28:30Z,0.5268425112590194
2022-11-23T12:32:40Z,0.0162527598440647
2022-11-23T13:27:48Z,-0.9401703029870988
2022-11-23T13:32:50Z,-0.862258542329073
2022-11-23T13:48:10Z,-0.8661095108836889
2022-11-20T15:52:03Z,0.0294709578156471
2022-11-23T10:59:29Z,0.0712794801220297
2022-11-23T14:17:45Z,-0.935578715056181
2022-11-23T13:19:14Z,0.0510169863700866
2022-11-23T17:36:56Z,0.0204547885805368
2022-11-23T17:43:24Z,0.052553815767169
2022-11-23T18:24:25Z,-0.9151528598740696
2022-11-23T21:15:14Z,-0.0332797914743423
2022-11-23T12:54:41Z,0.0946506299078464
2022-11-24T04:42:19Z,-0.951137105934322
2022-11-24T05:44:04Z,-0.855364628136158
2022-11-24T06:34:41Z,0.0876771723851561
2022-11-24T11:47:21Z,0.0644780248403549
2022-11-25T05:09:12Z,-0.9607355780899524
2022-11-25T09:57:37Z,-0.9666454419493676
2022-11-25T10:54:52Z,0.2002090215682983
2022-11-25T11:15:11Z,0.0693558678030967
2022-11-25T12:02:34Z,0.1173020005226135
2022-11-25T12:59:48Z,0.0065593160688877
2022-11-25T13:01:47Z,-0.587746998295188
2022-11-25T13:57:51Z,-0.9215686656534672
2022-11-25T14:05:37Z,0.0492558050900697
2022-11-25T20:09:12Z,0.045557901263237
2022-11-26T21:16:48Z,0.0465141162276268
2022-11-27T17:18:03Z,0.2422319864854216
2022-11-27T17:56:41Z,-0.933447627350688
2022-11-26T19:39:27Z,-0.0530264191329479
2022-11-28T00:25:36Z,0.0123036075383424
2022-11-28T01:19:35Z,0.0202832873910665
2022-11-28T03:49:21Z,-0.857086792588234
2022-11-28T08:41:18Z,-0.8395739272236824
2022-11-28T09:56:16Z,-0.9616892524063588
2022-11-28T10:23:37Z,-0.9642459666356444
2022-11-28T10:27:48Z,-0.9565229248255492
2022-11-28T10:55:58Z,-0.8887541927397251
2022-11-28T11:33:35Z,-0.0192273221909999
2022-11-28T11:44:40Z,0.0592996645718812
2022-11-28T12:39:36Z,-0.9392066756263376
2022-11-28T12:56:33Z,0.7931653838604689
2022-11-26T15:22:35Z,0.8852457832545042
2022-11-28T13:14:57Z,-0.9166540037840604
2022-11-28T13:23:38Z,-0.007630705833435
2022-11-28T13:35:44Z,0.23738719150424
2022-11-28T13:47:24Z,-0.95029631908983
2022-11-28T14:07:34Z,-0.1984060369431972
2022-11-28T14:07:55Z,0.820941056124866
2022-11-28T15:40:03Z,-0.938436534255743
2022-11-28T16:13:14Z,-0.6945005767047405
2022-11-28T16:36:55Z,-0.8982111681252718
2022-11-28T17:47:18Z,-0.7995565310120583
2022-11-28T18:20:19Z,-0.0310141220688819
2022-11-28T18:26:34Z,0.4042414827272296
2022-11-28T18:34:21Z,-0.2515495084226131
2022-11-28T18:41:20Z,0.1039521396160125
2022-11-28T18:45:01Z,-0.6832129098474979
2022-11-28T20:03:55Z,-0.7178498357534409
2022-11-28T20:44:24Z,0.0062738005071878
2022-11-28T20:52:23Z,-0.9589372603222728
2022-11-28T19:04:57Z,-0.9203221909701824
2022-11-28T21:54:27Z,0.6995924226939678
2022-11-28T22:18:56Z,-0.2400399334728717
2022-11-28T22:46:44Z,-0.0101031400263309
2022-11-29T00:41:38Z,0.197205800563097
2022-11-29T01:02:36Z,0.0340728107839822
2022-11-29T01:17:56Z,0.0744961313903331
2022-11-29T05:12:11Z,0.8475365545600653
2022-11-29T10:43:51Z,-0.9550185902044176
2022-11-29T11:35:09Z,0.2334699723869562
2022-11-29T12:16:15Z,0.8519399128854275
2022-11-29T12:20:45Z,-0.4955628663301468
2022-11-29T12:27:23Z,0.040628682821989
2022-11-29T13:10:13Z,0.6538570821285248
2022-11-29T13:28:21Z,-0.0289337839931249
2022-11-29T14:17:47Z,0.3516810964792967
2022-11-29T14:20:58Z,-0.8922955803573132
2022-11-29T16:43:04Z,-0.1899015586823225
2022-11-29T17:53:44Z,0.0046909302473068
2022-11-29T18:06:30Z,0.052553815767169
2022-11-29T18:43:14Z,-0.2950890194624662
2022-11-29T21:27:41Z,-0.0319713745266199
2022-11-30T01:02:05Z,0.0084655508399009
2022-11-30T01:20:00Z,-0.255882915109396
2022-11-30T06:36:53Z,0.5281118303537369
2022-11-30T09:58:34Z,0.313151984475553
2022-11-30T12:11:32Z,-0.9615212036296724
2022-11-30T12:43:49Z,0.7134437710046768
2022-11-30T12:51:03Z,0.8880791375413537
2022-11-30T12:53:18Z,0.150068774819374
2022-11-30T12:57:24Z,-0.7196505181491375
2022-11-30T12:57:46Z,-0.9568255068734288
2022-11-30T13:03:22Z,0.4672379177063703
2022-11-30T13:06:08Z,-0.906966945156455
2022-11-30T13:46:52Z,0.0872698575258255
2022-11-30T13:53:53Z,-0.6620842572301626
2022-11-30T14:21:30Z,-0.1382865197956562
2022-11-30T15:00:31Z,0.5044144438579679
2022-11-30T17:55:00Z,0.7324013505131006
2022-11-30T17:59:20Z,-0.0039224773645401
2022-11-30T18:56:07Z,-0.0326976813375949
2022-11-30T19:14:45Z,-0.7348638605326414
2022-12-01T01:18:02Z,-0.8811615165323019
2022-12-01T01:48:47Z,-0.9224695507436992
2022-12-01T04:54:35Z,-0.0099109262228012
2022-12-01T08:43:42Z,0.5858629494905472
2022-12-01T10:25:16Z,0.1765772923827171
2022-12-01T12:56:52Z,-0.852406581863761
2022-12-01T14:30:49Z,0.63658806681633
2022-12-01T15:06:29Z,-0.2892230004072189
2022-12-01T16:43:31Z,0.0089050866663455
2022-12-01T16:57:54Z,-0.1788119338452816
2022-12-01T17:01:07Z,-0.6502749733626842
2022-12-01T17:02:36Z,0.0183274149894714
2022-12-01T17:48:53Z,0.0493777710944414
2022-12-01T18:34:39Z,0.052553815767169
2022-12-01T16:12:16Z,0.0360180903226137
2022-12-01T19:10:37Z,-0.9327755682170392
2022-12-01T20:50:03Z,-0.0134055316448211
2022-12-01T21:22:24Z,-0.3278304263949394
2022-12-01T21:30:50Z,-0.0358155649155378
2022-12-02T00:09:30Z,-0.5631327647715807
2022-12-02T04:38:43Z,0.033307222649455
2022-12-02T06:22:11Z,-0.3063435554504394
2022-12-02T10:43:02Z,-0.0270355939865112
2022-12-02T12:30:59Z,-0.9594206316396594
2022-12-02T13:15:27Z,0.1128263063728809
2022-12-01T19:33:06Z,0.0077938809990882
2022-12-02T14:03:03Z,0.5215258440002799
2022-12-02T14:09:01Z,0.0538515457883477
2022-12-02T15:33:17Z,-0.7843388505280018
2022-12-02T17:49:05Z,-0.0039224773645401
2022-12-02T18:57:10Z,-0.9568201871588826
2022-12-02T20:45:45Z,0.4107532221823931
2022-12-02T20:51:11Z,-0.1192887723445892
2022-12-03T21:40:32Z,0.0154173728078603
2022-12-03T22:28:03Z,-0.0218229331076145
2022-12-04T01:00:24Z,0.1025476679205894
2022-12-03T19:46:24Z,0.3108420427888632
2022-12-04T14:50:44Z,0.8225904945284128
2022-12-04T17:49:49Z,-0.0717105567455291
2022-12-04T21:21:32Z,0.5688925758004189
2022-12-04T22:37:19Z,0.4129859395325184
2022-12-05T01:31:09Z,-0.9493334395810962
2022-12-05T04:36:29Z,0.898592134937644
2022-12-05T08:32:31Z,-0.7786139026284218
2022-12-05T09:06:04Z,-0.944289956241846
2022-12-05T11:01:47Z,-0.9153935387730598
2022-12-05T11:03:51Z,0.5949117783457041
2022-12-05T11:55:57Z,0.1377742541953921
2022-12-05T13:03:07Z,-0.2219606041908264
2022-12-05T13:18:06Z,0.023695919662714
2022-12-05T16:17:11Z,0.5789919029921293
2022-12-05T16:31:34Z,-0.8895817771553993
2022-12-05T17:15:24Z,-0.5612995363771915
2022-12-05T17:39:57Z,0.6207934767007828
2022-12-05T17:50:26Z,0.052553815767169
2022-12-05T17:45:30Z,0.0082496870309114
2022-12-05T18:06:49Z,0.0487090907990932
2022-12-05T18:29:33Z,-0.9191274084150792
2022-12-05T18:50:29Z,0.0216141641139984
2022-12-05T22:22:36Z,-0.0320412367582321
2022-12-06T00:37:37Z,0.0192356742918491
2022-12-06T02:45:14Z,-0.9404196832329036
2022-12-06T08:30:54Z,-0.9343421421945096
2022-12-06T06:58:10Z,-0.947096430696547
2022-12-06T11:55:41Z,-0.3038353957235813
2022-12-06T12:19:28Z,0.2022603983059525
2022-12-06T13:17:03Z,-0.0056743212044239
2022-12-06T13:22:37Z,-0.0523663721978664
2022-12-06T13:25:16Z,0.0120074953883886
2022-12-06T14:04:51Z,0.5513660833239555
2022-12-06T14:30:09Z,0.9287067446857692
2022-12-06T15:05:20Z,0.0465176161378622
2022-12-06T15:55:18Z,0.0325587950646877
2022-12-06T16:15:51Z,-0.25542620010674
2022-12-06T16:17:45Z,0.066717829555273
2022-12-06T18:01:07Z,0.9127664063125848
2022-12-06T18:07:16Z,0.0250555276870727
2022-12-06T18:40:37Z,0.0161940306425094
2022-12-06T18:42:01Z,-0.0039224773645401
2022-12-06T20:01:50Z,-0.9441674556583166
2022-12-06T20:29:49Z,0.0744752958416938
2022-12-06T22:18:07Z,-0.033468835055828
2022-12-07T00:46:54Z,0.0125291720032691
2022-12-07T05:13:17Z,0.9166342690587044
2022-12-07T07:04:52Z,0.0848531443625688
2022-12-07T10:11:48Z,-0.9670266779139638
2022-12-07T10:26:17Z,-0.2251467704772949
2022-12-07T11:07:22Z,-0.3563642352819443
2022-12-07T11:44:40Z,0.148721725679934
2022-12-07T11:49:20Z,0.4864758644253015
2022-12-07T12:15:21Z,-0.8244857639074326
2022-12-07T12:27:16Z,0.8121924879960716
2022-12-07T12:29:50Z,-0.953541724011302
2022-12-07T13:07:13Z,0.0201397463679313
2022-12-07T13:13:15Z,0.8759005330502987
2022-12-07T13:25:34Z,-0.9595168046653272
2022-12-07T14:00:51Z,0.0216044876724481
2022-12-07T14:01:47Z,-0.4463037028908729
2022-12-07T15:41:37Z,-0.9613557308912276
2022-12-07T16:55:09Z,0.0657462999224662
2022-12-07T17:25:26Z,0.1700466088950634
2022-12-07T17:29:09Z,-0.4143692851066589
2022-12-07T17:56:39Z,-0.0133877098560333
2022-12-07T18:04:31Z,0.3255987986922264
2022-12-07T18:05:19Z,0.0428480459377169
2022-12-07T18:05:44Z,0.1499134246259927
2022-12-07T18:47:04Z,0.052553815767169
2022-12-07T18:57:01Z,-0.0347952935844659
2022-12-07T20:52:37Z,0.0058710630983114
2022-12-08T00:45:11Z,0.0283012595027685
2022-12-08T03:55:49Z,-0.264854984357953
2022-12-08T01:39:34Z,0.9068766050040722
2022-12-08T10:16:08Z,0.6663256781175733
2022-12-08T10:19:38Z,0.5702646970748901
2022-12-08T12:10:42Z,0.8409765772521496
2022-12-08T12:40:21Z,0.9022902324795724
2022-12-08T13:00:57Z,-0.26756551861763
2022-12-08T13:38:18Z,-0.4952356219291687
2022-12-08T16:38:52Z,0.7692483235150576
2022-12-08T16:46:18Z,0.1545776072889566
2022-12-08T17:42:07Z,0.0125590376555919
2022-12-08T21:30:04Z,-0.037023963406682
2022-12-09T10:52:24Z,-0.5347870439291
2022-12-08T11:21:01Z,0.0341462735086679
2022-12-09T11:42:09Z,0.1416387148201465
2022-12-09T13:19:49Z,-0.1556553840637207
2022-12-09T13:30:23Z,0.7695676675066352
2022-12-09T13:34:26Z,0.8167070169001818
2022-12-09T17:44:14Z,0.052553815767169
2022-12-09T18:12:50Z,-0.0324788596481084
2022-12-10T18:55:22Z,0.861784758977592
2022-12-10T22:27:17Z,-0.9585160268470644
2022-12-11T14:05:06Z,-0.0092272944748401
2022-12-11T20:50:03Z,-0.7853411026299
2022-12-12T10:16:51Z,0.5141868889331818
2022-12-12T10:51:32Z,0.8229761142283678
2022-12-12T11:14:26Z,0.0409489758312702
2022-12-12T12:03:28Z,0.0518094673752784
2022-12-12T12:53:33Z,-0.1424290258437395
2022-12-12T14:10:24Z,-0.0266329944133758
2022-12-12T14:18:27Z,-0.9075228748843074
2022-12-12T14:27:45Z,-0.7894657403230667
2022-12-12T14:48:41Z,-0.9398604044690728
2022-12-12T15:53:17Z,-0.0516748186200857
2022-12-12T16:49:52Z,0.0116813667118549
2022-12-12T17:52:05Z,-0.0039224773645401
2022-12-12T18:02:47Z,0.0430868379771709
2022-12-12T18:43:32Z,0.3463151780888438
2022-12-12T20:27:34Z,0.0206152256578207
2022-12-12T21:10:55Z,-0.0320513732731342
2022-12-12T22:36:10Z,-0.0175222232937812
2022-12-12T23:32:35Z,0.1215971000492572
2022-12-13T00:46:20Z,0.0235371068120002
2022-12-13T08:20:14Z,-0.7010686844587326
2022-12-13T10:55:48Z,-0.3486714214086532
2022-12-13T11:39:27Z,-0.1851495206356048
2022-12-13T14:36:58Z,-0.9300141502171756
2022-12-13T15:06:28Z,0.802762733772397
2022-12-13T16:31:53Z,0.0216279104351997
2022-12-13T16:37:32Z,0.0308538731187582
2022-12-13T17:37:42Z,0.052553815767169
2022-12-13T18:09:23Z,0.0055963806807994
2022-12-13T19:04:39Z,0.5109624210745096
2022-12-13T21:30:32Z,-0.0344861224293708
2022-12-14T03:10:35Z,0.4381513278931379
2022-12-14T04:55:46Z,0.1096397098153829
2022-12-14T10:34:26Z,-0.8422160111367702
2022-12-14T12:15:21Z,0.3399736247956753
2022-12-14T13:37:47Z,-0.1591988950967788
2022-12-14T14:38:16Z,-0.5096098147332668
2022-12-14T15:46:03Z,0.7566694170236588
2022-12-14T17:44:35Z,-0.036050846800208
2022-12-14T18:14:47Z,0.9039029832929372
2022-12-14T18:11:32Z,-0.0627700127661228
2022-12-14T19:34:05Z,0.0908143669366836
2022-12-15T11:00:41Z,-0.3982999511063099
2022-12-15T12:04:19Z,0.1546252369880676
2022-12-15T12:08:13Z,0.6810428611934185
2022-12-15T13:05:27Z,0.0564049053937196
2022-12-15T13:22:39Z,0.0503147868439555
2022-12-15T13:32:29Z,-0.2355760224163532
2022-12-15T14:25:21Z,0.0130965672433376
2022-12-15T14:39:17Z,0.0672702770680189
2022-12-15T16:17:32Z,-0.9511947073042392
2022-12-15T16:38:38Z,0.0073132496327161
2022-12-15T17:40:17Z,-0.0039224773645401
2022-12-15T19:35:52Z,-0.9273180663585664
2022-12-15T20:44:36Z,-0.410995090380311
2022-12-15T21:43:33Z,-0.0369916781783103
2022-12-16T01:16:29Z,0.0295418761670589
2022-12-16T11:28:45Z,-0.6829337328672409
2022-12-16T11:28:49Z,-0.3512710034847259
2022-12-16T11:44:34Z,0.3132386682555079
2022-12-16T12:48:57Z,0.724651594646275
2022-12-16T17:37:51Z,0.052553815767169
2022-12-16T18:46:27Z,-0.7063304278999567
2022-12-16T18:47:45Z,0.0112463738769292
2022-12-16T19:13:26Z,-0.8622053861618042
2022-12-16T20:45:39Z,-0.0325273089110851
2022-12-17T20:16:02Z,-0.9512974582612514
2022-12-17T21:25:43Z,0.0142632238566875
2022-12-17T22:06:43Z,0.0199034083634614
2022-12-19T04:14:53Z,0.619250625371933
2022-12-19T06:25:34Z,-0.9364857245236636
2022-12-19T06:55:08Z,-0.9089221097528934
2022-12-19T11:31:47Z,0.374665156006813
2022-12-19T13:38:54Z,-0.025316834449768
2022-12-19T13:58:59Z,-0.0868022907525301
2022-12-19T14:47:25Z,-0.8751302734017372
2022-12-19T15:43:28Z,0.8701355010271072
2022-12-19T16:42:45Z,-0.9334259014576674
2022-12-19T17:02:23Z,0.7989261317998171
2022-12-19T17:39:26Z,0.052553815767169
2022-12-19T18:15:04Z,0.919093055650592
2022-12-19T21:59:24Z,-0.031618108972907
2022-12-19T22:49:13Z,-0.8998686783015728
2022-12-20T00:47:04Z,0.0016516000032424
2022-12-20T07:49:11Z,-0.85967767983675
2022-12-20T11:47:40Z,-0.2845928966999054
2022-12-20T12:12:57Z,-0.4955823309719562
2022-12-20T13:05:57Z,-0.079252490773797
2022-12-20T13:15:12Z,-0.9389875587075948
2022-12-20T14:01:29Z,-0.956312283873558
2022-12-20T14:54:56Z,0.2908719666302204
2022-12-20T15:05:19Z,0.0443110242486
2022-12-20T17:44:49Z,0.0055855233222246
2022-12-20T19:04:18Z,0.052553815767169
2022-12-20T20:02:06Z,0.0112662445753812
2022-12-20T21:44:36Z,-0.0329866185784339
2022-12-21T02:50:35Z,-0.0226702652871608
2022-12-21T03:45:16Z,-0.954091257415712
2022-12-21T06:36:42Z,0.8931102566421032
2022-12-21T13:14:48Z,0.4177094511687755
2022-12-21T13:34:58Z,-0.4558893553912639
2022-12-21T17:31:05Z,-0.0341941192746162
2022-12-21T19:11:25Z,-0.0039224773645401
2022-12-21T20:16:13Z,0.8470808751881123
2022-12-21T20:48:48Z,0.0023266524076461
2022-12-21T21:15:32Z,0.0430868379771709
2022-12-22T05:41:28Z,0.0776511961594224
2022-12-22T09:59:31Z,-0.6053316444158554
2022-12-22T13:10:55Z,0.9198302030563354
2022-12-22T13:27:28Z,0.1383562181144952
2022-12-22T14:27:17Z,0.1277977302670478
2022-12-22T15:13:12Z,-0.736595194786787
2022-12-22T15:24:49Z,0.0558073353022336
2022-12-22T16:03:43Z,-0.0261651203036308
2022-12-22T16:14:09Z,0.003937205299735
2022-12-22T18:00:43Z,-0.0039224773645401
2022-12-22T20:10:21Z,-0.5731399413198233
2022-12-22T20:48:28Z,0.0073137208819389
2022-12-22T21:19:42Z,-0.9582481551915408
2022-12-22T21:49:37Z,-0.0372718200087547
2022-12-22T22:16:15Z,-0.7463996764272451
2022-12-23T00:49:31Z,0.0071811042726039
2022-12-23T14:29:47Z,-0.95147527102381
2022-12-23T14:30:25Z,0.0557277482002973
2022-12-23T16:07:34Z,-0.743333488702774
2022-12-23T18:31:01Z,0.0072682071477174
2022-12-23T18:36:10Z,0.052553815767169
2022-12-24T13:41:08Z,0.0325030572712421
2022-12-24T17:05:30Z,0.1873952113091945
2022-12-25T03:19:00Z,-0.1729483976960182
2022-12-25T23:13:39Z,-0.8637385256588459
2022-12-26T15:49:16Z,-0.9215564532205462
2022-12-26T19:10:46Z,-0.9308191332966088
2022-12-26T21:11:05Z,0.0178806222975254
2022-12-27T07:46:32Z,-0.5515388399362564
2022-12-27T10:20:55Z,0.2081576883792877
2022-12-27T11:38:03Z,0.0566936014220118
2022-12-27T12:31:03Z,0.0154149197041988
2022-12-27T12:33:11Z,0.3843603292480111
2022-12-27T12:34:42Z,-0.9357789270579816
2022-12-27T14:42:53Z,-0.0841581169515848
2022-12-27T15:35:15Z,-0.864132184535265
2022-12-27T15:50:50Z,0.0430868379771709
2022-12-27T15:52:59Z,0.5487555861473083
2022-12-27T16:31:45Z,-0.924292104318738
2022-12-27T17:01:51Z,-0.5453247427940369
2022-12-27T17:04:59Z,-0.0083851888775825
2022-12-27T18:02:59Z,0.052553815767169
2022-12-27T18:54:47Z,0.1030606655403971
2022-12-27T19:10:33Z,0.0108396038413047
2022-12-27T19:58:23Z,-0.0151041150093078
2022-12-27T21:21:01Z,0.0494515616446733
2022-12-28T02:22:11Z,0.0123433470726013
2022-12-28T10:03:34Z,0.8736595716327429
2022-12-28T10:52:37Z,-0.8368460014462471
2022-12-28T11:31:28Z,-0.694182176142931
2022-12-28T13:02:16Z,-0.4072273820638656
2022-12-28T15:38:31Z,0.8279670849442482
2022-12-28T15:43:50Z,-0.9395086113363504
2022-12-28T16:19:44Z,0.6093768998980522
2022-12-28T16:46:05Z,-0.012666717171669
2022-12-28T17:58:14Z,-0.0039224773645401
2022-12-28T18:19:58Z,0.1792719950899481
2022-12-28T18:41:11Z,0.0704114185646176
2022-11-08T20:04:49Z,0.5201579239219427
2022-11-14T23:47:59Z,0.0400035921484231
2022-12-29T08:17:21Z,-0.0797532200813293
2022-12-29T10:53:37Z,-0.8879611678421497
2022-12-29T11:30:05Z,0.7945120558142662
2022-12-29T11:54:34Z,0.6598833706229925
2022-12-29T11:59:48Z,0.9273605719208716
2022-12-29T12:59:45Z,0.1018511280417442
2022-12-29T14:04:02Z,0.0233251340687274
2022-12-29T15:46:42Z,-0.003242302685976
2022-12-29T15:47:17Z,-0.0478398352861404
2022-12-29T15:51:27Z,0.0065744314342737
2022-12-29T16:19:15Z,-0.1692408006638288
2022-12-29T17:06:33Z,-0.8503357842564583
2022-12-29T18:04:43Z,0.052553815767169
2022-12-30T01:43:27Z,-0.0002252124249935
2022-12-30T08:08:19Z,0.5927496999502182
2022-12-29T12:47:00Z,-0.2543609738349914
2022-12-30T09:57:02Z,0.0694003580138087
2022-12-30T10:23:55Z,0.8022413440048695
2022-12-30T10:36:22Z,-0.2131354212760925
2022-12-30T11:05:23Z,0.0134902596473693
2022-12-30T11:57:25Z,0.7053829785436392
2022-12-30T12:04:55Z,0.9251734428107738
2022-12-30T14:33:32Z,0.0950861535966396
2022-12-30T16:54:01Z,-0.4242421314120292
2022-12-30T17:52:25Z,0.0079965312033891
2022-12-31T16:11:14Z,0.926432279869914
2022-12-31T19:03:10Z,0.0016699749976396
2023-01-03T09:56:10Z,0.6928605102002621
2023-01-03T10:26:52Z,-0.5012314319610596
2023-01-03T12:47:44Z,0.4493004279211163
2023-01-03T12:51:01Z,-0.0013365894556045
2023-01-03T13:39:22Z,-0.7885575070977211
2023-01-03T14:28:44Z,-0.8139987476170063
2023-01-03T14:35:46Z,0.0709389392286539
2023-01-03T16:01:56Z,-0.3761534616351127
2023-01-03T14:25:27Z,0.2570360656827688
2023-01-03T17:44:51Z,-0.0039224773645401
2023-01-03T17:54:58Z,-0.924292104318738
2023-01-03T17:57:55Z,0.816949131898582
2023-01-03T18:26:06Z,-0.8270218223333359
2023-01-03T18:53:15Z,0.0528101399540901
2023-01-03T19:00:16Z,-0.0143326073884963
2023-01-03T20:35:56Z,-0.0340105332434177
2023-01-03T23:54:34Z,0.0117564052343368
2023-01-04T01:09:13Z,0.0353846978396177
2023-01-04T02:14:50Z,0.0352451503276824
2023-01-04T08:04:02Z,-0.9482418093830348
2023-01-04T10:48:38Z,-0.0282844305038452
2023-01-04T11:20:54Z,0.1202438473701477
2023-01-04T12:30:07Z,-0.4655165672302246
2023-01-04T12:43:25Z,0.833294915035367
2023-01-04T12:45:55Z,-0.6679426766932011
2023-01-04T13:13:39Z,-0.8673109970986843
2023-01-04T13:29:21Z,-0.8761959094554186
2023-01-04T13:31:23Z,-0.7525633275508881
2023-01-04T14:58:43Z,0.076084136031568
2023-01-04T16:56:36Z,0.9315901231020688
2023-01-04T17:35:46Z,-0.0039224773645401
2023-01-04T20:15:43Z,-0.034705376252532
2023-01-05T00:49:54Z,0.0088911280035972
2023-01-05T10:32:34Z,-0.9518757928162812
2023-01-05T10:33:45Z,0.909085974097252
2023-01-05T10:38:30Z,-0.1627430915832519
2023-01-05T10:59:42Z,0.0436015948653221
2023-01-05T12:31:06Z,0.9253083113580942
2023-01-05T12:55:15Z,-0.9648410947993398
2023-01-05T13:27:51Z,-0.938118909485638
2023-01-05T13:30:59Z,0.9112851768732072
2023-01-05T14:01:19Z,0.0373185090720653
2023-01-05T14:58:33Z,-0.5731399413198233
2023-01-05T15:17:48Z,0.0466255601495504
2023-01-05T17:52:56Z,-0.0039224773645401
2023-01-05T17:57:34Z,0.3912394940853119
2023-01-05T18:37:27Z,0.6347958818078041
2023-01-05T18:49:02Z,0.0064066182821989
2023-01-05T19:00:54Z,-0.9193852562457324
2023-01-05T19:01:08Z,-0.581300750374794
2023-01-05T19:16:43Z,-0.9509683363139628
2023-01-05T20:36:42Z,0.0788912754505872
2023-01-05T21:22:16Z,-0.037307845428586
2023-01-06T04:43:49Z,0.0515835359692573
2023-01-06T06:05:26Z,-0.8971574828028679
2023-01-06T12:33:24Z,0.907382743433118
2023-01-06T13:27:49Z,-0.9510044064372778
2023-01-06T16:18:48Z,-0.4235553294420242
2023-01-06T16:58:36Z,0.7488681450486183
2023-01-06T17:36:39Z,-0.0039224773645401
2023-01-06T18:43:29Z,0.4599998146295547
2023-01-06T11:03:01Z,0.5389483477920294
2023-01-06T21:44:34Z,-0.0330648254603147
2023-01-07T19:22:02Z,0.3169743549078703
2023-01-07T20:34:16Z,-0.675458861514926
2023-01-07T21:46:13Z,0.0211019348353147
2023-01-07T22:49:13Z,0.6944615757092834
2023-01-08T22:16:33Z,-0.0595549494028091
2023-01-09T04:33:27Z,0.5124799311161041
2023-01-09T10:24:00Z,0.904487021267414
2023-01-09T10:54:23Z,0.5178365111351013
2023-01-09T11:43:25Z,-0.891812801361084
2023-01-09T11:50:36Z,0.9215150214731692
2023-01-09T12:31:56Z,0.8737078718841076
2023-01-09T12:50:07Z,-0.0429990962147712
2023-01-09T12:53:23Z,-0.0309302695095539
2023-01-09T13:44:27Z,0.2382624428719282
2023-01-09T14:30:23Z,0.0224631652235984
2023-01-09T14:41:49Z,-0.1873747110366821
2023-01-09T15:46:00Z,0.0379637759178876
2023-01-09T17:24:24Z,0.023625424131751
2023-01-09T18:25:23Z,0.7558009335771203
2023-01-09T18:27:45Z,-0.9125454816967248
2023-01-09T18:55:47Z,-0.2546105086803436
2023-01-09T20:53:52Z,-0.0913825891911983
2023-01-09T20:54:46Z,0.220749837346375
2023-01-09T21:26:43Z,-0.0332554746419191
2023-01-09T21:34:33Z,0.020092474296689
2023-01-10T01:04:40Z,0.0220767576247453
2023-01-10T03:39:35Z,0.1132004484534263
2023-01-10T08:22:52Z,0.1820568889379501
2023-01-10T10:27:14Z,-0.7485317196696997
2023-01-10T10:28:12Z,-0.9642854174599051
2023-01-10T11:11:31Z,-0.4566103816032409
2023-01-10T11:55:09Z,-0.938144015148282
2023-01-10T12:16:27Z,0.5538234850391746
2023-01-10T12:27:46Z,-0.0067530535161495
2023-01-10T13:17:16Z,-0.0717937983572483
2023-01-10T14:18:38Z,-0.0071562491357326
2023-01-10T14:38:33Z,0.9367989748716354
2023-01-10T15:05:24Z,0.1416470082476735
2023-01-10T16:03:43Z,0.1160926464945077
2023-01-10T18:10:04Z,-0.9466006234288216
2023-01-10T21:42:17Z,0.0443592853844165
2023-01-10T22:04:35Z,-0.034595662727952
2023-01-10T22:23:53Z,0.0202270708978176
2023-01-11T03:20:59Z,0.3733768938109278
2023-01-10T17:43:00Z,0.052553815767169
2023-01-11T05:45:14Z,-0.856807142496109
2023-01-11T06:01:51Z,0.6240906314924359
2023-01-11T09:57:11Z,0.2888730335980654
2023-01-11T11:14:19Z,-0.4797115959227085
2023-01-11T11:42:59Z,-0.952951392158866
2023-01-11T11:56:53Z,0.1546565890312194
2023-01-11T12:30:29Z,-0.964921934530139
2023-01-11T13:15:07Z,0.0050263591110706
2023-01-11T15:01:52Z,0.0700241737067699
2023-01-11T15:33:19Z,0.075915690511465
2023-01-11T15:20:35Z,-0.4499020278453827
2023-01-11T17:20:04Z,0.5997875146567822
2023-01-11T17:30:14Z,-0.6449929345399141
2023-01-11T20:27:41Z,-0.0364390630275011
2023-01-11T21:15:18Z,0.6796498969197273
2023-01-11T21:48:17Z,0.0404256712645292
2023-01-12T00:50:33Z,0.0029561109840869
2023-01-12T02:39:23Z,-0.1971191838383674
2023-01-11T04:45:39Z,-0.9046505531296134
2023-01-12T06:14:31Z,0.0686684772372245
2023-01-12T09:59:25Z,0.0046933107078075
2023-01-12T10:34:36Z,0.5566807389259338
2023-01-12T13:20:24Z,0.0336399786174297
2023-01-12T13:22:05Z,0.1083872821182012
2023-01-12T07:25:54Z,-0.9584324322640896
2023-01-12T20:53:23Z,-0.0375708770006895
2023-01-12T21:53:11Z,-0.6685943603515625
2023-01-13T01:07:44Z,0.0127222463488578
2023-01-13T02:19:21Z,-0.81974614597857
2023-01-13T06:00:13Z,0.4593464843928814
2023-01-13T14:01:54Z,0.031584670767188
2023-01-13T14:19:06Z,-0.0261968970298767
2023-01-13T15:46:54Z,0.122214806266129
2023-01-13T17:41:11Z,-0.0039224773645401
2023-01-13T21:27:51Z,-0.034391138702631
2023-01-14T19:14:26Z,0.135309848934412
2023-01-16T15:59:29Z,0.0074419546872377
2023-01-17T01:18:26Z,0.8361744144931436
2023-01-17T06:40:58Z,-0.1731145679950714
2023-01-17T10:06:59Z,0.9167926460504532
2023-01-17T10:19:09Z,0.0265806932002306
2023-01-17T10:43:12Z,-0.9290105113759636
2023-01-17T12:39:57Z,-0.0244604498147964
2023-01-17T14:03:47Z,0.4872552501037717
2023-01-17T14:05:32Z,0.7049536313861609
2023-01-17T14:48:44Z,0.1964000575244426
2023-01-17T15:06:21Z,0.8983558714389801
2023-01-17T15:25:14Z,-0.3646025955677032
2023-01-17T16:06:53Z,0.7451656027697027
2023-01-17T17:20:46Z,0.1533059272915125
2023-01-17T19:32:26Z,0.0531545020639896
2023-01-17T19:51:38Z,-0.0039224773645401
2023-01-17T20:41:26Z,-0.0346215981990098
2023-01-18T03:23:57Z,0.919610995799303
2023-01-18T04:18:41Z,0.4534509526565671
2023-01-18T06:07:28Z,0.8771047350019217
2023-01-18T09:43:16Z,0.9328987449407578
2023-01-18T11:21:34Z,0.903761688619852
2023-01-18T12:10:29Z,0.1155660776421427
2023-01-18T12:15:09Z,0.7400646423920989
2023-01-18T12:25:34Z,0.0205736607313156
2023-01-18T13:13:31Z,0.7172095142304897
2023-01-18T13:22:24Z,0.1194064021110534
2023-01-18T14:04:06Z,0.9213582379743456
2023-01-18T14:09:05Z,0.6523015853017569
2023-01-18T15:42:04Z,0.4167582839727402
2023-01-18T17:00:54Z,0.1045609340071678
2023-01-18T20:52:04Z,-0.0353817399591207
2023-01-19T11:28:00Z,-0.2779743671417236
2023-01-19T12:21:13Z,-0.5065651386976242
2023-01-19T12:57:18Z,-0.0251129567623138
2023-01-19T13:10:49Z,0.1126463301479816
2023-01-19T11:25:57Z,0.9157375749200584
2023-01-19T14:14:56Z,-0.2367895916104316
2023-01-19T16:09:16Z,-0.0987966321408748
2023-01-19T17:01:05Z,0.0128799136728048
2023-01-19T19:26:22Z,0.0081359930336475
2023-01-20T10:13:49Z,0.7820466123521328
2023-01-20T03:56:55Z,-0.5642659738659859
2023-01-20T13:34:40Z,0.851770956069231
2023-01-20T14:27:50Z,0.1037811320275068
2023-01-20T14:38:08Z,0.7874584197998047
2023-01-20T17:12:44Z,-0.9151305966079236
2023-01-20T17:53:03Z,-0.9596967333927752
2023-01-20T19:10:10Z,0.052553815767169
2023-01-20T20:27:49Z,0.0075341258198022
2023-01-21T20:32:45Z,-0.904396027326584
2023-01-22T13:35:41Z,0.6735395574942231
2023-01-23T10:55:27Z,0.0784965055063366
2023-01-23T11:28:28Z,-0.0080147236585617
2023-01-23T12:49:07Z,0.9348859339952468
2023-01-23T13:09:45Z,0.0093325413763523
2023-01-23T12:57:37Z,-0.0568949691951274
2023-01-23T14:42:16Z,0.8773526139557362
2023-01-23T15:23:32Z,-0.4261286593973636
2023-01-23T16:13:33Z,0.2970541417598724
2023-01-23T18:29:16Z,0.1236705519258976
2023-01-23T18:50:31Z,0.0660541411489248
2023-01-23T19:19:22Z,0.0077774878591299
2023-01-23T19:23:42Z,-0.3560544699430465
2023-01-23T19:26:49Z,0.5997081808745861
2023-01-23T18:27:26Z,0.0256354976445436
2023-01-24T04:30:26Z,0.1312706749886274
2023-01-24T08:23:00Z,0.0245966762304306
2023-01-24T10:32:47Z,0.4808787852525711
2023-01-24T12:02:49Z,0.1318187061697244
2023-01-24T12:31:56Z,0.3589326525107026
2023-01-24T12:49:41Z,-0.444273293018341
2023-01-24T13:42:13Z,-0.7068688087165356
2023-01-24T14:18:51Z,-0.3735407870262861
2023-01-24T16:02:35Z,0.8361433986574411
2023-01-24T16:03:44Z,0.0024733357131481
2023-01-24T16:05:10Z,-0.2627100497484207
2023-01-24T18:49:06Z,-0.0039224773645401
2023-01-24T19:50:40Z,0.015526182949543
2023-01-24T21:03:07Z,0.5887373685836792
2023-01-24T21:54:56Z,0.0258373245596885
2023-01-25T10:15:23Z,0.1272502476349473
2023-01-25T10:17:52Z,0.1997608244419098
2023-01-25T10:38:16Z,0.0302042625844478
2023-01-25T12:05:43Z,0.9271564735099672
2023-01-25T12:41:27Z,0.0426225885748863
2023-01-25T14:00:43Z,0.0193180125206708
2023-01-25T14:08:49Z,0.0295454040169715
2023-01-25T16:56:14Z,0.0102991592139005
2023-01-25T18:28:23Z,0.052553815767169
2023-01-25T19:00:40Z,-0.6589074060320854
2023-01-26T05:05:36Z,0.5898996517062187
2023-01-26T10:25:09Z,-0.775487594306469
2023-01-26T11:57:27Z,0.1458752825856208
2023-01-26T15:25:25Z,0.0742934625595808
2023-01-26T17:26:26Z,0.0093445871025323
2023-01-26T17:34:08Z,0.351634532213211
2023-01-26T18:46:47Z,-0.0039224773645401
2023-01-26T06:56:56Z,0.0001622010022401
2023-01-26T20:37:31Z,-0.0009743869304656
2023-01-27T02:39:05Z,0.4926731884479522
2023-01-27T10:27:49Z,0.719323918223381
2023-01-27T11:25:49Z,0.4136723205447197
2023-01-27T12:57:45Z,0.0392337422817945
2023-01-27T14:03:43Z,0.0338429994881153
2023-01-27T14:26:37Z,0.0432153828442096
2023-01-27T15:29:41Z,0.0919422013685107
2023-01-27T16:19:04Z,0.0377426967024803
2023-01-27T16:23:05Z,0.015101782977581
2023-01-04T18:02:16Z,0.2588113117963075
2023-01-27T21:00:07Z,0.0187960043549537
2023-01-27T21:48:51Z,0.8779058624058962
2023-01-29T19:58:35Z,0.0178703628480434
2023-01-29T22:32:46Z,0.0858498942106962
2023-01-29T22:25:32Z,0.2171395942568779
2023-01-30T02:26:43Z,-0.1059042811393737
2023-01-30T05:14:12Z,-0.8766372930258512
2023-01-30T06:10:27Z,-0.6437841206789017
2023-01-30T09:41:34Z,0.1448829863220453
2023-01-30T11:05:52Z,-0.9036940615624188
2023-01-30T11:56:27Z,0.7851368086412549
2023-01-30T12:46:15Z,0.1018894277513027
2023-01-30T12:50:06Z,0.0013552531599998
2023-01-30T13:51:29Z,0.0192108377814292
2023-01-30T14:02:14Z,0.1250108983367681
2023-01-30T15:03:18Z,-0.7911460362374783
2023-01-30T15:20:05Z,0.8012651419267058
2023-01-30T15:24:01Z,-0.2865161448717117
2023-01-30T15:42:28Z,0.0934886503964662
2023-01-30T15:54:26Z,0.0091967731714248
2023-01-30T18:10:59Z,0.8858723528683186
2023-01-30T18:13:31Z,0.906737394630909
2023-01-30T18:25:09Z,-0.9252184741199015
2023-01-31T02:28:40Z,0.0833430606871843
2023-01-31T04:40:33Z,0.1388334520161152
2023-01-31T05:00:25Z,-0.898316009901464
2023-01-31T10:48:42Z,-0.6139558851718903
2023-01-31T12:16:53Z,-0.7246011253446341
2023-01-31T13:00:54Z,-0.9466432258486748
2023-01-31T14:13:54Z,0.122145164757967
2023-01-31T16:58:54Z,-0.8804108593612909
2023-01-31T17:14:38Z,0.806169971358031
2023-01-31T22:06:51Z,0.0145913884043693
2023-02-01T00:55:56Z,0.0202808659523725
2023-02-01T09:27:01Z,-0.0677079744637012
2023-02-01T10:32:46Z,-0.6508675590157509
2023-02-01T12:10:55Z,0.0837769787758588
2023-02-01T12:24:43Z,0.1524014081805944
2023-02-01T12:53:12Z,-0.9100154638290404
2023-02-01T13:12:10Z,-0.0044723488390445
2023-02-01T14:32:28Z,0.0523638688027858
2023-02-01T16:13:09Z,0.8007238539867103
2023-02-01T17:04:20Z,0.1007939837872982
2023-02-01T17:49:43Z,0.0197759605944156
2023-02-01T19:01:24Z,0.0166672263294458
2022-09-12T23:36:55Z,-0.0217701531946659
2023-02-01T21:58:40Z,0.1549832578748464
2023-02-01T21:00:32Z,0.143897627480328
2023-02-02T05:02:00Z,0.1167746540158987
2023-02-02T07:08:31Z,-0.8543911492452025
2023-02-02T07:32:54Z,0.863106906414032
2023-02-02T08:24:24Z,0.0125443674623966
2023-02-02T08:55:09Z,-0.590028677135706
2023-02-02T10:21:45Z,-0.6177318971604109
2023-02-02T11:34:23Z,0.1819504648447036
2023-02-02T12:33:13Z,0.2020668908953666
2023-02-02T15:44:17Z,0.0432687532156705
2023-02-02T15:53:13Z,-0.6149113103747368
2023-02-02T16:08:22Z,-0.0120239742100238
2023-02-02T16:58:29Z,-0.410995090380311
2023-02-02T18:06:12Z,-0.8736238777637482
2023-02-02T20:15:32Z,-0.0103846155107021
2023-02-02T17:16:36Z,0.2733696214854717
2023-02-02T21:30:31Z,-0.7758886702358723
2023-02-02T21:30:36Z,0.1522482801228761
2023-02-02T21:30:58Z,0.2399258334189653
2023-02-02T21:31:19Z,0.0249968357384204
2023-02-02T21:31:38Z,0.0617323219776153
2023-02-02T21:31:44Z,0.1807056870311498
2023-02-02T21:32:04Z,0.1252926737070083
2023-02-02T21:32:25Z,-0.1359499990940094
2023-02-02T21:31:58Z,0.4147491306066513
2023-02-02T21:31:28Z,0.1630230844020843
2023-02-02T21:30:55Z,0.5874102115631104
2023-02-02T21:32:56Z,-0.9481835383921862
2023-02-02T21:33:54Z,0.0835157893598079
2023-02-02T22:12:33Z,-0.9613678501918912
2023-02-03T01:09:11Z,-0.0055186301469802
2023-02-03T01:38:10Z,0.0811119154095649
2023-02-03T02:46:45Z,0.0404183492064476
2023-02-03T08:08:34Z,-0.0742227137088775
2023-02-03T09:08:35Z,0.0312762837857008
2023-02-03T09:44:18Z,0.3955563604831695
2023-02-03T10:36:22Z,0.0377047806978225
2023-02-03T11:29:13Z,-0.0581264607608318
2023-02-03T07:54:49Z,0.0291549414396286
2023-02-03T11:41:24Z,0.3402222488075495
2023-02-03T11:58:00Z,0.0015959441661834
2023-02-03T12:00:04Z,-0.9399072723463178
2023-02-03T12:05:48Z,0.8013153532519937
2023-02-03T12:21:12Z,-0.6610250174999237
2023-02-03T12:38:28Z,-0.3242268860340118
2023-02-03T12:42:44Z,-0.7727075815200806
2023-02-03T13:29:06Z,0.8821129314601421
2023-02-03T13:30:33Z,0.5371223166584969
2023-02-03T14:31:15Z,0.6276877112686634
2023-02-03T14:48:35Z,0.1895217597484588
2023-02-03T15:03:54Z,-0.0164048559963703
2023-02-03T15:30:17Z,0.0695380270481109
2023-02-03T15:57:49Z,-0.1551288329064846
2023-02-03T16:46:13Z,0.0016478709876537
2023-02-03T18:22:57Z,0.1270168554037809
2023-02-04T14:03:43Z,-0.888412332162261
2023-02-04T19:57:07Z,0.870842270553112
2023-02-04T21:30:10Z,0.4946060925722122
2023-02-05T13:58:22Z,0.0029669739305973
2023-02-05T15:14:50Z,0.0148954950273036
2023-02-06T04:22:35Z,0.0953294178470969
2023-02-06T06:19:06Z,-0.9049220122396946
2023-02-06T10:32:57Z,-0.7090396247804165
2023-02-06T11:02:00Z,-0.8091413900256157
2023-02-06T12:08:59Z,-0.0405416153371334
2023-02-06T12:11:14Z,0.0612950176000595
2023-02-06T12:51:12Z,0.078783175908029
2023-02-06T13:22:51Z,0.0839507579803466
2023-02-06T13:42:16Z,0.1104142349213361
2023-02-06T15:41:07Z,0.0676644444465637
2023-02-06T17:26:20Z,0.1650390774011612
2023-02-06T17:32:28Z,-0.9595146588981152
2023-02-06T18:42:39Z,-0.9572168719023466
2023-02-06T20:50:41Z,0.0063115116208791
2023-02-07T01:20:48Z,0.0207775644958019
2023-02-07T04:04:46Z,0.343562314286828
2023-02-07T10:14:51Z,0.0611301660537719
2023-02-07T12:59:32Z,0.1765613118186593
2023-02-07T13:16:15Z,-0.005462396889925
2023-02-07T10:35:21Z,-0.2829642593860626
2023-02-07T12:48:54Z,0.002036415040493
2023-02-07T14:45:33Z,0.0340598057955503
2023-02-07T15:29:09Z,0.0052609946578741
2023-02-06T19:14:34Z,0.0443498743698
2023-02-07T16:34:31Z,0.0058147255331277
2023-02-07T16:51:26Z,0.8674316368997097
2023-02-07T17:25:39Z,-0.0025040283799171
2023-02-07T22:24:42Z,0.010318050161004
2023-02-08T04:57:59Z,0.052089724689722
2023-02-08T06:01:45Z,0.1079315776005387
2023-02-08T12:11:13Z,0.0164701510220766
2023-02-08T12:17:24Z,0.7523409053683281
2023-02-08T12:05:28Z,0.0268171727657318
2023-02-09T11:24:31Z,-0.9035736620426178
2023-02-09T11:38:06Z,0.1193207362666726
2023-02-09T07:09:41Z,-0.1792476009577512
2023-02-09T18:25:53Z,0.0232359170913696
2023-02-10T11:00:49Z,-0.0307008624076843
2023-02-10T12:17:48Z,-0.0004266649484634
2023-02-10T12:28:08Z,0.0498520378023386
2023-02-10T13:02:17Z,-0.9653763361275196
2023-02-10T13:34:50Z,0.6678416505455971
2023-02-10T15:00:52Z,0.0116098131984472
2023-02-10T16:19:21Z,0.0923949349671602
2023-02-10T16:41:43Z,0.0108394417911767
2023-02-10T16:45:56Z,0.939773179590702
2023-02-10T17:17:20Z,0.1354190874844789
2023-02-11T18:18:21Z,0.0102006904780864
2023-02-12T18:54:55Z,0.0235386695712804
2023-02-12T21:59:15Z,0.0673093367367982
2023-02-13T04:15:25Z,0.054407300427556
2023-02-13T10:48:02Z,0.9325925931334496
2023-02-13T11:27:54Z,0.138309795409441
2023-02-13T11:30:18Z,0.934296946041286
2023-02-13T12:04:58Z,-0.7067525051534176
2023-02-13T13:01:44Z,0.0254105292260646
2023-02-13T13:31:46Z,-0.6626090332865715
2023-02-13T14:12:41Z,0.2027829904109239
2023-02-13T16:42:01Z,0.4032592866569757
2023-02-13T17:24:09Z,-0.1597003787755966
2023-02-13T17:25:49Z,-0.0363910123705863
2023-02-13T17:36:38Z,-0.0039224773645401
2023-02-13T22:38:23Z,0.7179381605237722
2023-02-14T05:01:47Z,-0.7059566266834736
2023-02-14T06:48:53Z,-0.9572270447388292
2023-02-14T09:40:30Z,-0.3114161025732755
2023-02-14T09:55:51Z,-0.7340145334601402
2023-02-14T12:13:57Z,0.8084731139242649
2023-02-14T12:35:35Z,-0.9571371134370564
2023-02-14T12:40:45Z,0.4684270024299621
2023-02-14T12:49:35Z,-0.93862247094512
2023-02-14T14:22:13Z,0.1296038897708058
2023-02-14T17:55:45Z,0.0046181716024875
2023-02-14T16:39:18Z,-0.1139885038137435
2023-02-14T18:59:46Z,-0.2707850001752376
2023-02-14T21:48:24Z,0.6125420061871409
2023-02-14T21:42:25Z,-0.2555404510349035
2023-02-14T22:38:07Z,-0.0335125811398029
2023-02-15T00:16:15Z,-0.0081193856894969
2023-02-15T02:09:39Z,-0.1442354544997215
2023-02-15T04:23:30Z,0.7597767375409603
2023-02-15T10:42:33Z,-0.9520091116428376
2023-02-15T13:03:59Z,0.0438551809638738
2023-02-15T14:07:17Z,0.0268159937113523
2023-02-15T14:57:24Z,-0.2727049551904201
2023-02-15T17:43:29Z,-0.8767950125038624
2023-02-15T17:44:44Z,0.173366829752922
2023-02-15T19:03:05Z,-0.5636181384325027
2023-02-15T20:56:02Z,-0.4681492047384381
2023-02-15T22:00:44Z,-0.0335541013628244
2023-02-16T03:29:14Z,-0.7325296103954315
2023-02-16T04:35:39Z,0.0082580558955669
2023-02-16T10:30:01Z,-0.5211759507656097
2023-02-16T11:45:44Z,-0.5637559778988361
2023-02-16T13:07:35Z,-0.812677439302206
2023-02-16T16:35:04Z,0.7903949357569218
2023-02-16T18:26:46Z,0.1252396963536739
2023-02-16T19:59:17Z,-0.966750311665237
2023-02-16T20:03:23Z,0.1960145942866802
2023-02-16T20:58:11Z,-0.9523812029510736
2023-02-16T21:36:25Z,-0.0356735251843929
2023-02-17T05:48:39Z,-0.6339828036725521
2023-02-17T09:14:28Z,-0.7725377231836319
2023-02-17T14:16:51Z,-0.5609827525913715
2023-02-17T16:46:11Z,-0.2665088623762131
2023-02-17T17:58:57Z,-0.0323669370263814
2023-02-17T18:14:24Z,-0.8373626694083214
2023-02-18T22:27:50Z,-0.3208033666014671
2023-02-19T21:42:25Z,0.1137388050556182
2023-02-20T14:02:35Z,-0.0854522362351417
2023-02-20T14:46:51Z,-0.0958833657205104
2023-02-20T18:11:51Z,-0.0634082928299903
2023-02-20T18:25:09Z,0.0792309194803237
2023-02-21T04:12:53Z,0.0629654508084058
2023-02-21T14:13:57Z,-0.1747028939425945
2023-02-21T14:41:14Z,0.331200011074543
2023-02-21T16:24:46Z,0.0299401860684156
2023-02-21T16:46:51Z,-0.4629490338265896
2023-02-21T15:46:58Z,-0.9261420406401156
2023-02-21T21:13:50Z,0.1069096382707357
2023-02-22T02:13:20Z,-0.0140883922576904
2023-02-22T05:00:25Z,-0.2641362585127353
2023-02-22T10:25:18Z,-0.6980417370796204
2023-02-22T15:36:52Z,-0.2830525375902653
2023-02-22T16:25:43Z,0.7300349711440504
2023-02-22T17:06:36Z,-0.8925362899899483
2023-02-22T17:42:09Z,0.8099470864981413
2023-02-22T17:43:21Z,-0.9457283020019532
2023-02-22T18:15:30Z,-0.6713904365897179
2023-02-22T18:50:42Z,-0.6056798473000526
2023-02-22T18:14:19Z,0.0172472242265939
2023-02-22T22:26:12Z,-0.0343569014221429
2023-02-23T04:26:55Z,-0.0795147716999054
2023-02-23T06:07:09Z,0.2705303747206926
2023-02-23T09:47:12Z,0.8614352699369192
2023-02-23T10:18:38Z,-0.9236617125570774
2023-02-23T12:28:33Z,0.0545853180810809
2023-02-23T14:03:10Z,-0.1859786063432693
2023-02-23T16:09:41Z,-0.006683126091957
2023-02-23T16:27:20Z,0.4100425094366073
2023-02-23T16:08:55Z,-0.5213641729205847
2023-02-23T22:22:53Z,-0.0356893148273229
2023-02-24T01:12:22Z,0.0161007437855005
2023-02-24T09:25:16Z,0.1500855321064591
2023-02-24T09:41:35Z,0.2229355629533529
2023-02-24T11:55:56Z,-0.8341434746980667
2023-02-24T11:57:48Z,0.078410604968667
2023-02-24T13:12:56Z,0.2093220995739102
2023-02-24T13:20:05Z,-0.0680714547634124
2023-02-24T13:28:35Z,-0.0132217705249786
2023-02-24T16:48:59Z,-0.864406269043684
2023-02-24T18:14:30Z,-0.3695404231548309
2023-02-24T18:24:04Z,-0.426005370914936
2023-02-24T19:32:16Z,0.0760962385684251
2023-02-24T20:21:11Z,-0.0312373340129852
2023-02-24T20:40:06Z,0.0151529908180236
2023-02-25T15:46:55Z,0.3855727240443229
2023-02-25T22:02:13Z,0.0333509165793657
2023-02-26T15:15:57Z,0.0769904889166355
2023-02-26T15:59:20Z,-0.8385973647236824
2023-02-26T16:49:01Z,0.0480554513633251
2023-02-26T20:04:46Z,0.0635007098317146
2023-02-26T21:18:43Z,0.1113836243748664
2023-02-27T03:51:18Z,0.0262362994253635
2023-02-27T06:59:57Z,0.0415818132460117
2023-02-27T08:16:22Z,0.2661214657127857
2023-02-27T12:08:54Z,0.781544417142868
2023-02-27T12:37:49Z,0.8912279549986124
2023-02-27T12:38:27Z,0.0121275298297405
2023-02-27T12:49:11Z,0.7872674111276865
2023-02-27T13:01:06Z,0.2609575763344764
2023-02-27T13:22:01Z,-0.9367500310763716
2023-02-27T14:25:09Z,0.0322533529251813
2023-02-27T15:30:32Z,0.0224631652235984
2023-02-27T16:30:17Z,-0.9381347168236972
2023-02-27T16:40:00Z,0.0060120876878499
2023-02-27T18:26:20Z,-0.0322747994214296
2023-02-27T18:31:54Z,0.0070634372532367
2023-02-27T19:06:05Z,0.009701557457447
2023-02-27T13:10:22Z,0.0364253735169768
2023-02-28T00:56:45Z,0.0227260701358318
2023-02-28T04:09:30Z,-0.1997067108750343
2023-02-28T06:20:08Z,0.0264582708477973
2023-02-28T09:49:32Z,-0.0590495839715004
2023-02-28T09:57:36Z,-0.2259531170129776
2023-02-28T10:09:32Z,-0.954537697136402
2023-02-28T10:28:33Z,-0.8576058633625507
2023-02-28T11:11:52Z,-0.937236400321126
2023-02-28T12:17:36Z,-0.5318490155041218
2023-02-28T13:38:41Z,0.893059360794723
2023-02-28T15:06:55Z,-0.0471425876021385
2023-02-28T15:52:59Z,-0.1382865197956562
2023-02-28T19:14:40Z,-0.0500509105622768
2023-02-28T22:10:31Z,-0.0331993252038955
2023-03-01T00:54:43Z,0.0218242313712835
2023-03-01T02:35:29Z,0.6513160653412342
2023-03-01T04:05:53Z,0.0241585746407508
2023-03-01T11:36:03Z,0.1031357310712337
2023-03-01T13:56:25Z,0.0146481413394212
2023-03-01T14:16:44Z,0.1751098427921533
2023-03-01T14:23:37Z,0.2613898981362581
2023-03-01T15:41:42Z,-0.0361667014658451
2023-03-01T16:48:24Z,0.0051739886403083
2023-03-01T18:30:59Z,0.052553815767169
2023-03-01T19:31:37Z,-0.0312253292649984
2023-03-01T20:45:15Z,0.0760005693882703
2023-03-02T04:07:30Z,0.5597551539540291
2023-03-02T10:32:47Z,0.8344392417930067
2023-03-02T11:26:50Z,-0.0114552080631256
2023-03-02T12:34:16Z,0.0351148564368486
2023-03-02T14:12:22Z,0.922123390249908
2023-03-02T14:17:12Z,-0.0232695303857326
2023-03-02T16:17:05Z,0.3985096290707588
2023-03-02T16:32:59Z,-0.9173884261399508
2023-03-02T16:44:50Z,0.006162617355585
2023-03-02T17:07:16Z,0.0195814836770296
2023-03-02T18:23:42Z,-0.0637955069541931
2023-03-02T18:34:44Z,-0.0039224773645401
2023-03-02T18:49:09Z,-0.8743239194154739
2023-03-02T22:08:58Z,-0.0333351641893386
2023-03-02T23:07:50Z,0.022060414776206
2023-03-03T01:06:11Z,0.0118841733783483
2023-03-03T03:54:32Z,0.1666122451424598
2023-03-03T10:48:06Z,0.0070505253970623
2023-03-03T11:23:17Z,0.8543052896857262
2023-03-03T11:44:17Z,0.8104316797107458
2023-03-03T13:16:37Z,-0.011347759515047
2023-03-03T15:37:15Z,0.0482488432899117
2023-03-03T15:55:18Z,0.0487090907990932
2023-03-03T18:31:25Z,0.052553815767169
2023-03-03T19:20:42Z,-0.0295750331133604
2023-03-03T19:31:39Z,-0.6441392321139574
2023-02-21T13:52:53Z,0.0181989129632711
2023-03-04T20:01:41Z,0.1199297923594713
2023-03-04T20:13:46Z,-0.0041901357471942
2023-03-04T20:51:19Z,-0.4339058101177215
2023-03-04T23:16:59Z,0.0148722622543573
2023-03-04T21:50:15Z,0.0260839946568012
2023-03-05T20:46:25Z,-0.9512972757220268
2023-03-05T21:47:16Z,0.0822757426649332
2023-03-06T04:09:52Z,-0.7909965943545103
2023-03-06T08:35:04Z,0.2883877009153366
2023-03-06T09:01:12Z,0.0278990771621465
2023-03-06T10:05:32Z,0.2415615282952785
2023-03-06T10:21:16Z,-0.4217192530632019
2023-03-06T10:42:15Z,-0.945663864724338
2023-03-06T11:20:09Z,0.0609600339084863
2023-03-06T12:01:37Z,0.0175748467445373
2023-03-06T12:05:43Z,0.9028221452608703
2023-03-06T11:36:50Z,-0.5214266330003738
2023-03-06T13:22:26Z,0.81464883685112
2023-03-06T13:30:37Z,0.0318915527313947
2023-03-06T14:13:41Z,0.5399042684584856
2023-03-06T14:12:14Z,-0.1697586774826049
2023-03-06T15:00:36Z,-0.4695390351116657
2023-03-06T17:48:25Z,-0.0090161710977554
2023-03-06T18:38:05Z,-0.0039224773645401
2023-03-06T22:10:10Z,-0.0291756708174943
2023-03-07T03:54:30Z,0.0506020709872245
2023-03-07T07:03:01Z,0.1106729563325643
2023-03-07T07:35:39Z,-0.8821013476699591
2023-03-07T10:29:31Z,-0.3773699104785919
2023-03-07T11:42:06Z,0.8836323730647564
2023-03-07T11:52:23Z,0.0481400471180677
2023-03-07T12:23:44Z,-0.0020139254629611
2023-03-07T13:41:35Z,0.1903008194640278
2023-03-07T14:09:20Z,0.5047510517761111
2023-03-07T16:04:26Z,0.318576093763113
2023-03-07T16:17:07Z,0.0317212715744972
2023-03-07T16:26:11Z,0.0089342277497053
2023-03-07T18:13:59Z,-0.0220742784440517
2023-03-07T18:20:14Z,-0.8673457838594913
2023-03-07T22:30:31Z,-0.0301467180252075
2023-03-07T22:19:58Z,0.0417024325579404
2023-03-08T00:38:44Z,-0.944290317595005
2023-03-08T03:49:03Z,0.1171964593231678
2023-03-08T10:37:13Z,-0.9275394100695848
2023-03-08T12:58:57Z,0.5582674741744995
2023-03-08T13:38:39Z,0.8884098865091801
2023-03-08T13:53:23Z,0.5618116557598114
2023-03-08T13:58:17Z,0.0327884163707494
2023-03-08T16:29:27Z,0.00840275734663
2023-03-08T16:57:26Z,0.7054294738918543
2023-03-08T19:36:38Z,0.1213024267926812
2023-03-08T21:14:01Z,0.4217055113986134
2023-03-08T22:09:35Z,-0.0318074729293584
2023-03-09T00:56:00Z,0.0026838146150112
2023-03-09T04:58:09Z,0.0606892872601747
2023-03-09T06:19:30Z,0.202954108826816
2023-03-09T08:06:16Z,0.0157268196344375
2023-03-09T10:35:52Z,-0.1193824112415313
2023-03-09T11:02:35Z,0.0016336776316165
2023-03-09T12:35:33Z,0.0215464457869529
2023-03-09T12:54:45Z,0.1756122000515461
2023-03-09T12:57:03Z,-0.0677487216889858
2023-03-09T10:53:36Z,0.2941191922873258
2020-10-07T04:23:26Z,-0.7370418813079596
2023-03-09T16:46:09Z,-0.3631125092506408
2023-03-09T17:20:07Z,0.0221123844385147
2023-03-09T19:16:59Z,-0.9613946392200888
2023-03-09T19:22:10Z,-0.6893887128680944
2023-03-09T21:54:49Z,-0.0340661611407995
2023-03-10T02:54:54Z,0.8985657729208469
2023-03-10T04:19:05Z,0.0537097342312336
2023-03-10T08:13:42Z,0.8535494050011039
2023-03-10T11:36:57Z,-0.2512115873396396
2023-03-10T11:55:06Z,0.0015959441661834
2023-03-10T12:12:10Z,-0.0034874156117439
2023-03-10T12:21:11Z,0.0956471432000398
2023-03-10T13:09:55Z,-0.0714221559464931
2023-03-10T15:00:50Z,-0.4750470034778118
2023-03-10T17:35:17Z,0.052553815767169
2023-03-10T17:52:11Z,0.2972619868814945
2023-03-10T17:52:32Z,0.0879973210394382
2023-03-10T18:17:57Z,-0.9534734720364212
2023-03-10T18:18:32Z,0.0935746943578124
2023-03-11T19:32:10Z,0.0034429747611284
2023-03-12T20:15:36Z,-0.3927265778183937
2023-03-13T06:06:40Z,0.0859425794333219
2023-03-13T03:58:53Z,0.0474366508424282
2023-03-13T09:44:01Z,-0.8758657239377499
2023-03-13T12:04:52Z,0.7980084475129843
2023-03-11T15:37:01Z,0.0487740151584148
2023-03-13T13:05:12Z,-0.7257995307445526
2023-03-13T14:36:22Z,-0.83950350061059
2023-03-13T15:10:40Z,0.1191768813878297
2023-03-13T16:45:23Z,-0.1382865197956562
2023-03-13T17:35:31Z,-0.0039224773645401
2023-03-13T18:16:58Z,0.1033354997634887
2023-03-13T20:36:59Z,-0.0300437547266483
2023-03-14T09:14:48Z,-0.1218143925070762
2023-03-14T10:10:30Z,0.0262704044580459
2023-03-14T10:36:05Z,-0.700758770108223
2023-03-14T11:43:24Z,0.0008640736341476
2023-03-13T06:31:07Z,0.0188441388309001
2023-03-14T13:40:29Z,-0.9509876370429992
2023-03-14T14:00:56Z,0.075330875813961
2023-03-14T17:31:16Z,0.0430868379771709
2023-03-14T17:35:31Z,0.052553815767169
2023-03-14T17:46:38Z,-0.1384127289056778
2023-03-14T18:15:44Z,0.0325587950646877
2023-03-14T21:30:37Z,-0.0318496897816658
2023-03-14T12:11:37Z,-0.1733773574233055
2023-03-15T03:53:34Z,0.2638225462287664
2023-03-15T09:07:31Z,-0.9201743751764296
2023-03-15T10:00:12Z,-0.1292425990104675
2023-03-15T12:58:45Z,-0.948328921571374
2023-03-15T13:00:37Z,0.0070634372532367
2023-03-15T13:06:01Z,0.0330649260431528
2023-03-15T14:00:46Z,0.0578240677714347
2023-03-15T14:13:46Z,-0.0545345172286033
2023-03-15T17:35:16Z,-0.0039224773645401
2023-03-15T21:39:03Z,-0.0316916666924953
2023-03-16T05:47:57Z,0.2691421806812286
2023-03-16T08:53:54Z,0.8457020707428455
2023-03-16T09:28:13Z,0.6923695057630539
2023-03-16T10:02:27Z,0.8463716022670269
2023-03-16T11:27:37Z,0.4467315338551998
2023-03-16T13:55:49Z,-0.6105634495615959
2023-03-16T14:22:46Z,0.1485585384070873
2023-03-16T15:23:58Z,-0.0016436018049716
2023-03-16T15:36:16Z,-0.852416442707181
2023-03-16T16:06:47Z,0.102052116766572
2023-03-16T15:23:19Z,-0.8334100749343634
2023-03-16T17:35:16Z,0.052553815767169
2023-03-16T17:54:29Z,0.0947672091424465
2023-03-13T12:41:43Z,0.0517220478504896
2023-03-16T21:19:41Z,-0.0341126285493373
2023-03-16T22:03:57Z,0.1249011093750596
2023-03-17T05:43:28Z,0.5922740055248141
2023-03-16T10:52:19Z,-0.4064211789518595
2023-03-17T09:14:53Z,0.1687766052782535
2023-03-17T13:46:10Z,0.0325587950646877
2023-03-17T17:35:16Z,-0.0039224773645401
2023-03-17T20:09:43Z,0.4480718821287155
2023-03-18T16:06:37Z,0.0357744991779327
2023-03-18T17:38:22Z,0.3147273454815149
2023-03-19T20:21:29Z,-0.7618524767458439
2023-03-19T20:47:28Z,-0.928038315847516
2023-03-20T05:50:58Z,0.070874024182558
2023-03-20T05:57:06Z,0.8055454157292843
2023-03-20T08:41:17Z,-0.2729808092117309
2023-03-20T11:40:41Z,0.0366716291755437
2023-03-20T12:30:48Z,-0.0028089694678783
2023-03-20T14:32:27Z,-0.0083426609635353
2023-03-20T16:29:00Z,0.8766156584024429
2023-03-20T17:35:16Z,0.052553815767169
2023-03-20T20:20:02Z,-0.0292484108358621
2023-03-21T04:00:08Z,0.1817699382081627
2023-03-21T06:55:59Z,0.0914032468572259
2023-03-21T10:16:53Z,0.0557356439530849
2023-03-21T10:25:54Z,0.4595813164487481
2023-03-21T10:33:42Z,0.0126670598983764
2023-03-21T14:17:00Z,0.0325587950646877
2023-03-21T15:06:30Z,0.2256559897214174
2023-03-21T17:35:16Z,0.052553815767169
2023-03-21T20:48:49Z,-0.031097350642085
2023-03-22T08:09:38Z,0.1616332288831472
2023-03-22T08:51:13Z,0.5991438906639814
2023-03-22T10:02:17Z,0.7449134942144156
2023-03-22T15:11:55Z,0.1031659841537475
2023-03-22T16:30:10Z,-0.0020878836512565
2023-03-22T17:35:14Z,-0.0039224773645401
2023-03-22T20:58:08Z,-0.0329651422798633
2023-03-23T06:18:43Z,0.0413413327187299
2023-03-23T06:20:50Z,0.4076881995424628
2023-03-23T08:12:29Z,0.1455417573451995
2023-03-23T09:03:17Z,-0.901298171840608
2023-03-23T10:35:56Z,0.1162192225456237
2023-03-23T11:30:37Z,-0.9398965686559676
2023-03-23T09:55:15Z,0.179395331069827
2023-03-23T12:08:13Z,-0.9394307192415
2023-03-23T12:55:19Z,0.1680139126256108
2023-03-23T13:08:58Z,-0.3866782523691654
2023-03-23T13:23:40Z,0.0933013455942273
2023-03-23T14:47:41Z,0.0292236749082803
2023-03-23T15:58:10Z,0.9335356866940856
2023-03-23T16:18:22Z,0.0296694692224264
2023-03-23T16:56:20Z,0.9314998257905244
2023-03-23T17:35:14Z,-0.0039224773645401
2023-03-23T20:44:54Z,-0.0346164759248495
2023-03-23T21:43:12Z,-0.0342048294842243
2023-03-24T07:17:14Z,-0.0176682323217391
2023-03-24T07:44:02Z,0.91406003665179
2023-03-24T09:45:29Z,0.6840237975120544
2023-03-24T10:47:05Z,0.1978476531803608
2023-03-24T04:10:37Z,-0.2731291949748993
2023-03-24T12:43:10Z,0.2108291648328304
2023-03-24T13:29:51Z,0.356205565854907
2023-03-24T13:44:48Z,-0.6443798001855612
2023-03-24T14:46:03Z,0.0430868379771709
2023-03-24T17:35:15Z,0.052553815767169
2023-03-25T14:54:21Z,0.1527075469493866
2023-03-25T16:22:32Z,0.9296406395733356
2023-03-26T19:40:28Z,0.0052152834832668
2023-03-27T10:05:57Z,0.4732569903135299
2023-03-27T09:16:13Z,-0.6562955174595118
2023-03-27T12:21:37Z,-0.0715380385518074
2023-03-27T12:39:35Z,-0.037718990817666
2023-03-27T13:07:38Z,-0.0658701974898576
2023-03-27T13:57:18Z,0.2989453580230474
2023-03-27T16:30:18Z,0.1513307094573974
2023-03-27T17:35:15Z,0.052553815767169
2023-03-27T19:30:25Z,0.0974815785884857
2023-03-27T19:55:54Z,-0.0301372352987527
2023-03-28T04:08:52Z,0.0092904735356569
2023-03-27T10:31:01Z,-0.0390795432031154
2023-03-28T05:35:20Z,-0.2129538580775261
2023-03-28T06:31:04Z,0.0698971590027213
2023-03-28T09:40:39Z,0.0363419502973556
2023-03-28T10:05:51Z,0.4320801049470901
2023-03-28T11:51:27Z,0.0295724160969257
2023-03-28T11:58:14Z,0.6701106047257781
2023-03-28T12:40:45Z,-0.4392790757119655
2023-03-28T13:53:00Z,-0.9476407878100872
2023-03-28T14:01:06Z,0.1391797196120023
2023-03-28T15:30:45Z,0.1310215834528207
2023-03-28T15:32:12Z,-0.0087998528033494
2023-03-28T15:34:12Z,0.0209390018135309
2023-03-28T16:20:14Z,-0.8987080743536353
2023-03-28T16:22:08Z,0.0145580265671014
2023-03-28T17:35:20Z,-0.0039224773645401
2023-03-28T19:09:03Z,-0.031129527837038
2023-03-28T23:55:34Z,0.0183259919285774
2023-03-29T04:11:48Z,0.0233756285160779
2023-03-29T04:52:48Z,0.1611418072134256
2023-03-29T09:04:06Z,0.5115109272301197
2023-03-29T10:07:33Z,0.0471277087926864
2023-03-29T11:05:38Z,0.0910166651010513
2023-03-29T11:47:04Z,0.058860957622528
2023-03-29T12:34:55Z,0.0278428047895431
2023-03-29T13:46:26Z,0.0205341391265392
2023-03-29T13:49:15Z,-0.380409725010395
2023-03-29T16:45:21Z,0.034522695466876
2023-03-29T17:02:27Z,0.1325050350278616
2023-03-29T17:35:14Z,-0.0039224773645401
2023-03-29T18:00:00Z,-0.2026706933975219
2023-03-29T18:07:12Z,-0.0174859296530485
2023-03-29T17:40:51Z,0.1282164789736271
2023-03-30T05:49:58Z,-0.7887661047279835
2023-03-30T09:08:16Z,0.7401673691347241
2023-03-30T09:53:00Z,-0.9570304825901984
2023-03-30T10:45:12Z,0.0015959441661834
2023-03-30T10:57:32Z,0.0523741133511066
2023-03-30T11:47:10Z,0.0587540715932846
2023-03-30T11:55:30Z,-0.9194512544199824
2023-03-30T11:58:19Z,0.7244631135836244
2023-03-30T13:49:33Z,0.9208382312208414
2023-03-30T14:19:30Z,0.0378399658948183
2023-03-30T14:33:18Z,0.0467976126819849
2023-03-30T17:35:14Z,0.052553815767169
2023-03-30T18:02:01Z,0.2150824069976806
2023-03-30T21:00:37Z,0.0175748467445373
2023-03-30T21:14:04Z,-0.0331862773746252
2023-03-20T19:42:40Z,0.0301069375127553
2023-03-31T04:45:52Z,0.2487136274576187
2023-03-31T05:36:38Z,-0.0335975922644138
2023-03-31T09:16:54Z,-0.965898834168911
2023-03-31T10:04:23Z,0.930545836687088
2023-03-31T10:09:24Z,0.5063599264249206
2023-03-31T10:49:11Z,-0.4844870045781135
2023-03-31T11:45:22Z,0.9176859632134438
2023-03-31T12:08:59Z,0.0350963659584522
2023-03-31T12:15:19Z,0.0032331086695194
2023-03-31T14:02:15Z,0.1643673656508326
2023-03-31T15:08:22Z,0.0130019281059503
2023-03-31T15:22:17Z,-0.8047361001372337
2023-03-31T15:40:37Z,0.1819694433361292
2023-03-31T15:47:41Z,-0.2314758822321891
2023-03-31T17:35:13Z,0.052553815767169
2023-04-01T18:09:03Z,0.0601195879280567
2023-04-02T15:28:09Z,0.031420724466443
2023-04-02T21:03:28Z,0.9240579456090928
2023-04-03T06:01:27Z,0.1404156312346458
2023-04-03T10:22:26Z,-0.2786654829978943
2023-04-03T10:55:10Z,-0.2030316367745399
2023-04-03T13:02:42Z,0.0151244588196277
2023-04-03T13:25:47Z,0.9071275293827056
2023-04-03T13:38:46Z,0.0168787147849798
2023-04-03T14:00:37Z,0.0224631652235984
2023-04-03T15:10:58Z,-0.9586236737668514
2023-04-03T16:12:41Z,-0.0310991443693637
2023-04-03T17:15:18Z,0.0145112350583076
2023-04-03T17:35:13Z,0.052553815767169
2023-04-03T18:14:43Z,0.0088259652256965
2023-04-03T20:19:15Z,0.0961471144109964
2023-04-03T23:35:45Z,-0.7717549577355385
2023-04-04T01:21:26Z,0.0213199909776449
2023-04-04T03:02:32Z,-0.9502595122903584
2023-04-04T05:29:20Z,0.0341587495058774
2023-04-04T05:34:35Z,0.0787588618695736
2023-04-04T08:00:11Z,0.0113918632268905
2023-04-04T08:15:10Z,0.4335651490837335
2023-04-04T11:57:43Z,0.0643672421574592
2023-04-04T13:11:19Z,0.2735922853462398
2023-04-04T13:12:17Z,0.0259797740727663
2023-04-04T14:00:54Z,0.0430868379771709
2023-04-04T15:42:43Z,0.0024140384048223
2023-04-04T16:01:54Z,-0.7639094553887844
2023-04-04T17:35:13Z,-0.0039224773645401
2023-04-04T20:46:01Z,-0.0328943654894828
2023-04-05T04:17:46Z,0.0652267951518297
2023-04-05T07:02:13Z,-0.0909868702292442
2023-04-05T09:06:57Z,-0.009555647149682
2023-04-05T11:23:43Z,0.2455228120088577
2023-04-05T11:34:43Z,0.0660384222865104
2023-04-05T11:52:15Z,0.4898243322968483
2023-04-05T12:03:23Z,0.0153393559157848
2023-04-05T13:05:34Z,0.6798765268176794
2023-04-05T13:39:45Z,0.2077003791928291
2023-04-04T20:29:30Z,0.6064265221357346
2023-02-13T13:36:48Z,-0.1001397259533405
2023-04-05T14:55:39Z,0.8441657237708569
2023-04-05T15:37:42Z,-0.1766478940844535
2023-04-05T17:25:38Z,0.0600998047739267
2023-04-05T17:35:14Z,-0.0039224773645401
2023-04-05T20:15:21Z,0.938574199564755
2023-04-05T20:26:00Z,-0.0336630102246999
2023-04-06T01:21:15Z,0.0235301237553358
2023-04-06T06:47:04Z,-0.0728827193379402
2023-04-06T06:08:04Z,0.0848285900428891
2023-04-06T08:09:58Z,-0.9399773236364126
2023-04-06T09:32:16Z,-0.6958185881376266
2022-05-20T20:10:38Z,0.0437799096107482
2023-04-06T13:31:43Z,0.3857672549784183
2023-04-06T11:37:45Z,-0.0547047965228557
2023-04-06T15:16:25Z,0.0069782398641109
2023-04-06T16:01:55Z,0.2836054675281048
2023-04-06T17:35:15Z,0.052553815767169
2023-04-06T19:41:33Z,-0.0349810123443603
2023-04-07T04:48:18Z,0.4014705717563629
2023-04-07T17:35:14Z,0.052553815767169
2023-04-07T18:21:53Z,0.0477419011294841
2023-04-07T20:24:03Z,-0.1030783541500568
2023-04-08T02:37:56Z,0.0321937277913093
2023-04-08T16:23:55Z,0.8383584851399064
2023-04-08T20:28:22Z,0.3572437297552824
2023-04-09T17:01:24Z,-0.8683179104700685
2023-04-09T18:40:57Z,-0.7661924883723259
2023-04-10T04:20:35Z,-0.9339171517640352
2023-04-10T05:09:27Z,0.0987918367609381
2023-04-10T09:16:03Z,0.0298119615763425
2023-04-10T09:34:43Z,-0.9680477143265308
2023-04-10T12:07:46Z,-0.8192713148891926
2023-04-10T12:23:12Z,0.7591423047706485
2023-04-10T10:30:35Z,-0.00623912923038
2023-04-10T13:28:35Z,0.90896181948483
2023-04-10T13:46:26Z,0.0430868379771709
2023-04-10T14:05:39Z,0.081853087991476
2023-04-10T14:17:10Z,-0.8661478403955698
2023-04-10T14:42:03Z,-0.6453351192176342
2023-04-10T16:10:13Z,0.0206804629415273
2023-04-10T16:16:37Z,-0.3038750328123569
2023-04-10T17:35:17Z,-0.0039224773645401
2023-04-10T19:02:47Z,0.0526813119649887
2023-04-10T21:18:36Z,-0.0310216154903173
2023-04-11T01:20:30Z,0.0557141993194818
2023-04-11T03:55:45Z,-0.0576833859086036
2023-04-11T07:47:00Z,0.8991432040929794
2023-04-11T07:56:59Z,0.0723034609109163
2023-04-11T09:44:57Z,0.03161446377635
2023-04-11T09:45:06Z,0.3923906600102782
2023-04-11T09:51:45Z,0.1085026143118739
2023-04-11T10:00:31Z,0.417307898402214
2023-04-11T10:10:58Z,0.4466155087575316
2023-04-11T10:50:23Z,0.057633077725768
2023-04-11T11:42:50Z,0.0984151950106024
2023-04-11T11:50:39Z,0.2788711935281753
2023-04-11T12:24:14Z,0.0591596066951751
2023-04-11T13:05:21Z,0.4113102471455931
2023-04-11T13:46:08Z,0.0430868379771709
2023-04-11T13:50:42Z,-0.1701484508812427
2023-04-11T15:57:58Z,0.0048821009695529
2023-04-11T17:35:14Z,0.052553815767169
2023-04-11T20:58:16Z,-0.0339198783040046
2023-04-11T21:15:56Z,0.0583823835477232
2023-04-12T03:04:22Z,0.4720772225409746
2023-04-12T03:40:51Z,-0.2781353592872619
2023-04-12T10:52:59Z,0.0716471672058105
2023-04-12T13:04:04Z,-0.3380324617028236
2023-04-12T13:31:09Z,-0.7030215971171856
2023-04-12T13:50:56Z,0.8086735801771283
2023-04-12T15:55:25Z,-0.0669171437621116
2023-04-12T17:11:26Z,0.7493898989632726
2023-04-12T17:16:23Z,0.9099275730550288
2023-04-12T17:30:22Z,-0.0443072449415922
2023-04-12T17:35:14Z,-0.0039224773645401
2023-04-12T17:45:53Z,0.0088084358721971
2023-04-12T19:33:37Z,0.0418395567685365
2023-04-13T04:36:30Z,0.6324649071320891
2023-04-13T07:56:12Z,0.0330354943871498
2023-04-13T08:42:32Z,0.1903289658948779
2023-04-13T09:59:02Z,0.5845701452344656
2023-04-13T10:40:25Z,0.8322460539638996
2023-04-13T11:20:36Z,0.9078799821436404
2023-04-13T11:28:33Z,0.8228173535317183
2023-04-13T11:28:40Z,-0.8969752676784992
2023-04-13T12:01:50Z,0.0787868723273277
2023-04-13T12:24:44Z,-0.003912828862667
2023-04-13T12:48:32Z,0.8212240878492594
2023-04-13T12:54:46Z,0.0556137096136808
2023-04-13T13:08:07Z,0.028130043298006
2023-04-13T13:27:56Z,0.8865777440369129
2023-04-13T16:02:41Z,-0.7557366695255041
2023-04-13T16:19:14Z,0.0366843864321708
2023-04-13T17:35:14Z,0.052553815767169
2023-04-13T17:42:51Z,0.8837535213679075
2023-04-13T17:49:00Z,-0.3607953488826751
2023-04-13T20:48:18Z,-0.0363557916134595
2023-04-14T01:17:18Z,0.0195036008954048
2023-04-14T04:20:25Z,0.0389027185738086
2023-04-14T09:58:29Z,0.1291964054107666
2023-04-14T14:24:30Z,0.0008383505046367
2023-04-14T14:53:18Z,0.9102356359362602
2023-04-14T17:35:14Z,-0.0039224773645401
2023-04-14T18:28:57Z,0.0053322315216064
2023-04-14T19:28:41Z,0.8778974050655961
2023-04-14T20:22:51Z,-0.0324057266116142
2023-04-14T22:15:22Z,0.9308012593537568
2023-04-15T15:37:11Z,0.0059156194329261
2023-04-15T17:50:30Z,0.0647729579359293
2023-04-16T18:09:20Z,0.9243155624717474
2023-04-16T19:49:07Z,0.0909574721008539
2023-04-17T05:48:43Z,0.1260542180389166
2023-04-17T07:51:23Z,0.0832116287201643
2023-04-17T08:18:15Z,0.1456531239673495
2023-04-17T08:20:43Z,0.6131335711106658
2023-04-17T09:13:03Z,0.9354045558720828
2023-04-17T09:17:13Z,-0.4973232951015234
2023-04-17T10:26:19Z,0.923276860266924
2023-04-17T10:15:09Z,-0.0240370146930217
2023-04-17T11:37:51Z,0.036646120250225
2023-04-17T11:48:41Z,-0.2895800918340683
2023-04-17T12:03:24Z,0.4363890886306762
2023-04-17T12:26:36Z,-0.9547669282183052
2023-04-17T12:19:13Z,0.1011393014341592
2023-04-17T12:37:21Z,-0.0665451288223266
2023-04-17T13:38:43Z,0.2328305747359991
2023-04-17T13:55:17Z,0.1226696036756038
2023-04-17T14:00:28Z,0.0224631652235984
2023-04-17T14:04:18Z,0.0916153788566589
2023-04-17T14:16:28Z,0.0430868379771709
2023-04-17T15:52:32Z,0.0047833286225795
2023-04-17T16:26:02Z,0.2082682652398944
2023-04-17T16:30:00Z,0.7731806449592113
2023-04-17T17:35:16Z,0.052553815767169
2023-04-17T18:00:24Z,0.0175748467445373
2023-04-17T19:43:00Z,0.020201351493597
2023-04-17T20:15:14Z,-0.031702822074294
2023-04-17T21:53:19Z,-0.0132270045578479
2023-04-18T05:57:20Z,0.9157277550548316
2023-04-18T06:39:46Z,0.7959892200306058
2023-04-18T13:00:44Z,-0.0174649804830551
2023-04-18T13:08:09Z,0.1526588508859276
2023-04-18T13:30:25Z,0.1301594628021121
2023-04-18T13:30:27Z,-0.0841581169515848
2023-04-18T14:04:32Z,-0.61239168420434
2023-04-18T14:56:59Z,0.8894780417904258
2023-04-18T16:00:03Z,0.0150829795747995
2023-04-18T16:15:59Z,-0.4852027334272861
2023-04-18T17:24:00Z,0.6056927787140012
2023-04-18T17:35:15Z,0.052553815767169
2023-04-18T18:43:48Z,-0.8675497695803642
2023-04-18T20:00:22Z,0.0635166428983211
2023-04-18T21:37:31Z,-0.9085482452064751
2023-04-18T21:46:55Z,-0.0327199958264827
2023-04-19T01:12:29Z,0.9264893922954798
2023-04-16T20:43:13Z,0.0027438811957836
2023-04-19T08:42:40Z,0.0138705354183912
2023-04-19T08:48:33Z,0.6222850000485778
2023-04-19T06:17:16Z,0.1903324387967586
2023-04-19T09:54:38Z,-0.0378611981868743
2023-04-19T10:00:39Z,0.8591940924525261
2023-04-19T11:08:36Z,0.219049897044897
2023-04-19T12:15:13Z,0.0226914808154106
2023-04-19T10:37:37Z,-0.0062476173043251
2023-04-19T12:42:51Z,0.0476878592744469
2023-04-19T13:14:00Z,-0.0105578005313873
2023-04-19T13:19:27Z,0.0466450992971658
2023-04-19T13:51:57Z,0.8541750870645046
2023-04-19T13:34:37Z,-0.5170987509191036
2023-04-19T14:08:53Z,0.5747782848775387
2023-04-19T14:53:00Z,0.1436675153672695
2023-04-19T17:35:16Z,0.052553815767169
2023-04-19T17:42:00Z,-0.8108734712004662
2023-04-19T21:10:15Z,-0.033558340743184
2023-04-19T13:54:27Z,0.0494475457817316
2023-04-20T07:56:15Z,0.0119472723454236
2023-04-20T08:09:23Z,-0.0170474015176296
2023-04-20T09:07:14Z,0.0580258592963218
2023-04-20T11:57:00Z,0.172132208943367
2023-04-20T05:53:54Z,0.3497904865071177
2023-04-20T17:35:18Z,-0.0039224773645401
2023-04-15T14:53:46Z,0.1693410007283091
2023-04-20T19:06:24Z,0.190497025847435
2023-04-20T21:23:57Z,-0.0347992628812789
2023-04-20T21:27:22Z,-0.5387524217367172
2023-04-21T06:20:55Z,-0.466211773455143
2023-04-21T10:09:33Z,0.9208083804696798
2023-04-21T11:48:32Z,0.0872558262199163
2023-04-21T12:59:53Z,0.0246968250721693
2023-04-21T13:44:18Z,0.0575193706899881
2023-04-21T14:01:08Z,0.0430868379771709
2023-04-21T15:39:53Z,0.0142859667539596
2023-04-21T16:06:33Z,0.2261835411190986
2023-04-21T17:35:16Z,-0.0039224773645401
2023-04-21T20:15:12Z,0.0022981092333793
2023-04-22T19:31:51Z,0.0988727156072855
2023-04-23T15:52:30Z,0.926069786772132
2023-04-23T20:59:38Z,0.0292267110198736
2023-04-24T05:40:13Z,0.3224160075187683
2023-04-24T09:00:11Z,0.6020317962393165
2023-04-24T12:46:33Z,0.069550709798932
2023-04-24T17:14:48Z,-0.9439474875107408
2023-04-24T18:06:55Z,-0.9210823960602283
2023-04-24T18:49:21Z,0.7939090626314282
2023-04-24T21:06:20Z,-0.0303292870521545
2023-04-24T21:40:31Z,0.1802620068192482
2023-04-25T02:11:27Z,0.7962081506848335
2023-04-25T04:29:10Z,-0.9078668737784028
2023-04-24T22:17:01Z,0.0345259867608547
2023-04-25T10:28:59Z,-0.9115836191922426
2023-04-25T11:46:40Z,-0.0110376067459583
2023-04-25T15:50:19Z,-0.7115717995911837
2023-04-25T16:00:38Z,0.0487090907990932
2023-04-25T16:20:59Z,0.0108325872570276
2023-04-25T16:50:11Z,-0.9115608893334866
2023-04-25T16:57:32Z,-0.4100763592869043
2023-04-25T17:35:21Z,0.052553815767169
2023-04-25T18:24:52Z,0.6130623752251267
2023-04-25T21:41:14Z,-0.0316157862544059
2023-04-26T04:39:37Z,0.1647198591381311
2023-04-26T06:08:04Z,0.0301468456164002
2023-04-26T09:58:28Z,0.8202281109988689
2023-04-26T10:24:12Z,0.7303866185247898
2023-04-26T04:39:57Z,-0.3564072605222463
2023-04-26T11:10:59Z,0.0758360009640455
2023-04-26T12:49:33Z,0.8085701065137982
2023-04-26T12:55:02Z,-0.0161310248076915
2023-04-26T13:04:47Z,-0.9330690782517196
2023-04-26T13:14:41Z,-0.9221514388918876
2023-04-26T14:30:03Z,-0.0006248131394386
2023-04-26T14:48:24Z,0.9254001714289188
2023-04-26T17:35:15Z,-0.0039224773645401
2023-04-26T18:17:25Z,0.490625805221498
2023-04-26T21:18:35Z,-0.0335623510181903
2023-04-27T07:42:52Z,0.6019219290465117
2023-04-27T07:44:39Z,-0.8234294913709164
2023-04-27T08:32:20Z,0.2764359312132001
2023-04-27T09:29:21Z,0.0881749540567398
2023-04-27T11:55:05Z,0.0158556811511516
2023-04-27T12:33:49Z,0.2830714304000139
2023-04-27T17:35:14Z,-0.0039224773645401
2023-04-27T19:58:03Z,0.2368251960724592
2023-04-28T06:41:19Z,0.3428522646427154
2023-04-28T09:04:18Z,0.0880706626921892
2023-04-28T09:20:04Z,0.1244594547897577
2023-04-28T10:14:12Z,0.0383374467492103
2023-04-28T11:34:21Z,0.0155733898282051
2023-04-28T15:26:29Z,-0.2334992252290249
2023-04-28T15:58:12Z,-0.376958878710866
2023-04-28T17:35:16Z,0.052553815767169
2023-04-29T03:55:15Z,0.1395469745621085
2023-04-29T18:21:50Z,-0.7533373311161995
2023-04-29T20:30:09Z,0.0330697353929281
2023-04-30T20:39:51Z,-0.6115874536335468
2023-05-01T05:07:39Z,-0.2469520084559917
2023-05-01T07:13:35Z,-0.4347416274249553
2023-05-01T08:32:09Z,-0.8221704475581646
2023-05-01T11:22:51Z,0.3086342774331569
2023-05-01T11:53:31Z,0.122083019465208
2023-05-01T13:02:15Z,0.0279052946716547
2023-05-01T13:27:56Z,-0.004766434431076
2023-05-01T15:19:28Z,-0.3896987400949001
2023-05-01T15:26:02Z,0.0162007268518209
2023-05-01T16:30:29Z,0.0974815785884857
2023-05-01T17:35:16Z,-0.0039224773645401
2023-05-01T18:05:28Z,-0.5775320455431938
2023-05-01T18:48:41Z,0.3836252465844154
2023-05-01T19:05:42Z,-0.9503989489749074
2023-05-01T22:13:00Z,0.8955366723239422
2023-05-01T23:15:09Z,0.0321937203407287
2023-05-02T01:31:34Z,0.090800842270255
2023-05-02T09:03:31Z,0.2129760533571243
2023-05-02T09:42:37Z,0.6543692070990801
2023-05-02T10:55:34Z,0.8822731077671051
2023-05-02T12:00:09Z,0.0062030814588069
2023-05-02T12:34:48Z,-0.3602212965488434
2023-05-02T13:05:29Z,0.4839950734749436
2023-05-02T14:16:19Z,-0.2263835668563842
2023-05-02T15:02:52Z,-0.366849897429347
2023-05-02T15:17:22Z,-0.6400221455842257
2023-05-02T15:36:35Z,0.0156768448650836
2023-05-02T15:55:53Z,-0.14108307659626
2023-05-02T15:49:10Z,-0.4334811344742775
2023-05-02T17:35:18Z,-0.0039224773645401
2023-05-02T18:47:48Z,0.0254345722496509
2023-05-03T06:11:16Z,-0.2070239335298538
2023-05-03T08:16:29Z,0.9029421843588352
2023-05-03T10:30:49Z,0.0882278196513652
2023-05-03T12:18:24Z,0.0860068965703249
2023-05-03T12:28:52Z,0.0288054961711168
2023-05-03T12:57:34Z,0.0945411529392004
2023-05-03T14:00:26Z,0.0578240677714347
2023-05-03T15:09:55Z,-0.9623673036694528
2023-05-03T17:35:16Z,-0.0039224773645401
2023-05-03T19:11:18Z,0.3828446427360177
2023-05-04T01:42:58Z,0.030240025371313
2023-05-04T06:09:39Z,-0.8760737143456936
2023-05-04T07:48:49Z,-0.0995035395026207
2023-05-04T08:18:10Z,0.0114510171115398
2023-05-04T09:54:27Z,-0.0661956425756216
2023-05-04T10:08:18Z,-0.8577359244227409
2023-05-04T10:20:55Z,-0.8976296279579401
2023-05-04T10:34:05Z,-0.0856244470924139
2023-05-04T11:56:06Z,0.0047574378550052
2023-05-04T13:04:00Z,0.4036822319030761
2023-05-04T10:00:11Z,0.232036292552948
2023-05-04T15:00:33Z,0.034522695466876
2023-05-04T16:05:28Z,0.007363898679614
2023-05-04T16:00:56Z,-0.9591539660468698
2023-05-04T17:00:48Z,0.8913801182061434
2023-05-04T11:00:30Z,-0.945047956891358
2023-05-04T17:35:15Z,0.052553815767169
2023-05-04T19:10:24Z,-0.0104305557906627
2023-05-04T20:30:25Z,0.4982244819402694
2023-05-04T20:30:26Z,0.4982244819402694
2023-05-04T20:30:46Z,0.1380706746131181
2023-05-04T20:30:55Z,0.1223834436386823
2023-05-04T20:30:57Z,0.1869329214096069
2023-05-04T20:31:23Z,0.1978868842124939
2023-05-04T20:31:41Z,0.1348301004618406
2023-05-04T20:31:56Z,-0.968006425537169
2023-05-04T20:31:57Z,0.0226627755910158
2023-05-04T20:32:22Z,-0.9679723344743252
2023-05-04T20:32:23Z,0.0412410572171211
2023-05-04T20:33:05Z,0.9263548497110604
2023-05-04T20:33:16Z,0.8930527046322823
2023-05-04T20:34:09Z,0.0396802201867103
2023-05-04T20:35:58Z,-0.0064253285527229
2023-05-04T20:55:29Z,0.9099260605871676
2023-05-04T21:25:03Z,0.0069164037704467
2023-05-04T21:26:27Z,0.9353564828634262
2023-05-04T21:33:20Z,0.7902783481404185
2023-05-04T21:39:05Z,0.3813739689067006
2023-05-04T21:40:41Z,0.5261045508086681
2023-05-04T21:54:21Z,-0.2932232543826103
2023-05-04T22:03:03Z,0.5126767316833138
2023-05-04T22:03:37Z,0.9153097299858928
2023-05-04T22:04:18Z,0.4314250303432345
2023-05-05T01:09:01Z,-0.6974448524415493
2023-05-05T01:20:45Z,-0.0129031389951705
2023-05-05T04:11:34Z,0.8897725474089384
2023-05-05T08:01:42Z,0.0261086151003837
2023-05-05T04:53:26Z,-0.0320610180497169
2023-05-05T08:43:13Z,0.90551220998168
2023-05-05T09:33:13Z,0.8885274082422256
2023-05-05T09:34:02Z,0.7316536940634251
2023-05-05T09:36:05Z,-0.1996650844812393
2023-05-05T09:57:52Z,0.5494161061942577
2023-05-05T10:26:59Z,-0.6514588445425034
2023-05-05T11:00:06Z,0.3085710443556309
2023-05-05T11:04:46Z,0.8134178221225739
2023-05-05T12:02:20Z,0.4951266795396805
2023-05-05T12:41:39Z,-0.0052936412394046
2023-05-05T10:04:29Z,-0.1420522481203079
2023-05-05T11:49:08Z,-0.9224107451736928
2023-05-05T13:03:47Z,0.1474371086806059
2023-05-05T13:10:55Z,0.0462670102715492
2023-05-05T13:40:01Z,0.7484107334166765
2023-05-05T13:52:39Z,0.0545986033976078
2023-05-05T14:19:20Z,0.8509263508021832
2023-05-05T15:12:16Z,0.8866854887455702
2023-05-05T15:19:30Z,0.0679749529808759
2023-05-05T15:22:33Z,0.0166510306298732
2023-05-05T15:45:58Z,-0.1724862102419138
2023-05-05T16:05:06Z,-0.0209693796932697
2023-05-05T10:43:49Z,0.6842721551656723
2023-05-05T17:16:18Z,-0.8583546280860901
2023-05-05T17:35:14Z,0.052553815767169
2023-05-05T16:13:29Z,-0.078457336872816
2023-05-05T18:43:30Z,-0.5810266435146332
2023-05-05T18:46:00Z,0.0430868379771709
2023-05-05T20:10:43Z,0.0211019348353147
2023-05-06T11:20:08Z,0.8350316500291228
2023-05-06T17:03:32Z,0.0996841583400964
2023-05-06T18:37:21Z,0.0484306253492832
2023-05-06T17:59:30Z,-0.0022053085267543
2023-05-06T22:11:46Z,-0.0111185312271118
2023-05-07T18:01:36Z,-0.928923181258142
2023-05-07T18:15:13Z,0.0522934235632419
2023-05-07T20:33:34Z,0.848022417165339
2023-05-08T02:39:03Z,0.168185144662857
2023-05-08T06:59:00Z,-0.4191133081912994
2023-05-08T08:51:04Z,0.0708760265260934
2023-05-08T09:36:13Z,0.0456125121563673
2023-05-08T09:39:06Z,-0.9345507537946104
2023-05-08T10:52:35Z,-0.2809940874576568
2023-05-08T11:53:28Z,0.0019070617854595
2023-05-08T12:53:23Z,-0.0179045032709836
2023-05-08T13:24:58Z,-0.5424943882972002
2023-05-08T14:11:05Z,0.0270195454359054
2023-05-08T15:54:31Z,0.0093122478574514
2023-05-08T16:09:28Z,0.1839586496353149
2023-05-08T16:21:44Z,-0.5939349997788668
2023-05-08T11:04:30Z,-0.3745312541723251
2023-05-08T17:35:16Z,0.052553815767169
2023-05-08T18:48:27Z,-0.9471681024879216
2023-05-08T20:45:37Z,-0.0192707851529121
2023-05-09T09:26:13Z,-0.5975523851811886
2023-05-09T13:04:08Z,0.1740173585712909
2023-05-09T14:18:28Z,-0.9085482452064751
2023-05-09T14:45:11Z,-0.9571087211370468
2023-05-09T15:16:34Z,-0.2190122678875923
2023-05-09T15:42:57Z,0.0199327748268842
2023-05-09T17:35:15Z,-0.0039224773645401
2023-05-09T18:46:22Z,0.9371895361691712
2023-05-09T19:00:52Z,-0.1830700207501649
2023-05-09T20:57:00Z,-0.4517266154289245
2023-05-10T10:11:49Z,-0.9490363327786326
2023-05-10T12:21:29Z,0.0011578053236007
2023-05-10T12:40:46Z,0.1016370169818401
2023-05-10T13:15:49Z,-0.0101192854344844
2023-05-10T15:01:46Z,0.0493755936622619
2023-05-10T15:15:39Z,-0.3962171450257301
2023-05-10T16:28:12Z,-0.5412071719765663
2023-05-10T17:35:15Z,-0.0039224773645401
2023-05-10T17:38:02Z,-0.133755387738347
2023-05-10T18:07:38Z,0.9283676110208036
2023-05-10T18:33:43Z,0.1678917901590466
2023-05-10T19:39:19Z,0.0351518914103508
2023-05-10T20:56:46Z,0.0218351203948259
2023-05-10T21:06:44Z,0.1996216922998428
2023-05-11T08:26:08Z,-0.9506669640541076
2023-05-11T11:09:34Z,-0.0961541384458541
2023-05-11T12:44:18Z,0.0018285363912582
2023-05-11T12:57:01Z,0.9063903763890266
2023-05-11T13:30:32Z,-0.5326556265354156
2023-05-11T14:00:28Z,-0.3763935714960098
2023-05-11T15:13:06Z,-0.8760331217199564
2023-05-11T17:35:15Z,0.052553815767169
2023-05-11T18:40:49Z,-0.225133828818798
2023-05-11T18:45:17Z,0.922871258109808
2023-05-11T19:19:54Z,-0.0783707033842802
2023-05-12T05:45:04Z,-0.0374932568520307
2023-05-12T12:13:56Z,0.4403978958725929
2023-05-12T13:03:09Z,-0.6754201520234346
2023-05-12T13:38:24Z,0.7943744175136089
2023-05-12T14:24:33Z,0.1458019316196441
2023-05-12T15:11:24Z,-0.3997578173875808
2023-05-12T17:35:16Z,-0.0039224773645401
2023-05-12T18:08:41Z,0.0105695072561502
2023-05-12T18:14:48Z,0.2576936986297369
2023-05-06T17:11:24Z,0.0366152953356504
2023-05-13T10:22:19Z,0.0666771559044718
2023-05-13T12:54:06Z,-0.8962871534749866
2023-05-13T17:28:01Z,0.0260160043835639
2023-05-15T04:17:54Z,-0.1318417005240917
2023-05-15T08:20:00Z,0.1093212440609932
2023-05-15T10:11:43Z,0.191001049708575
2023-05-15T11:17:14Z,0.5694680763408542
2023-05-15T11:34:33Z,0.201449953019619
2023-05-15T12:02:56Z,0.0483112670481205
2023-05-15T12:31:52Z,-0.6690022312104702
2023-05-15T12:51:34Z,-0.0979349315166473
2023-05-15T13:47:50Z,-0.6344467420130968
2023-05-15T15:41:36Z,-0.8810520954430103
2023-05-15T15:53:05Z,-0.7516036629676819
2023-05-15T16:46:47Z,-0.8633911274373531
2023-05-15T17:35:16Z,0.052553815767169
2023-05-15T18:12:47Z,-0.0231622289866209
2023-05-15T18:17:57Z,-0.8180156219750643
2023-05-15T19:22:51Z,0.0288282167166471
2023-05-15T21:06:54Z,0.0441482122987508
2023-05-15T21:14:20Z,0.0115277264267206
2023-05-16T02:07:06Z,0.0479284022003412
2023-05-16T12:05:25Z,0.2613223576918244
2023-05-16T12:11:32Z,0.112457275390625
2023-05-16T12:30:09Z,0.0635405359789729
2023-05-16T11:17:25Z,0.0008989349007606
2023-05-16T14:05:30Z,0.0485651362687349
2023-05-16T14:37:09Z,-0.7033327650278807
2023-05-16T17:03:00Z,-0.9245565859600902
2023-05-16T17:04:17Z,-0.9445832762867212
2023-05-16T11:03:13Z,-0.8494498897343874
2023-05-16T17:22:16Z,0.3241482423618436
2023-05-16T17:39:26Z,0.0157140344381332
2023-05-16T15:31:46Z,0.2006253115832805
2023-05-17T07:09:15Z,-0.431771021336317
2023-05-17T09:36:58Z,-0.9021682059392332
2023-05-17T14:10:42Z,0.1000952683389186
2023-05-17T15:01:53Z,0.0205341391265392
2023-05-17T15:27:28Z,0.2280279733240604
2023-05-17T17:35:17Z,0.052553815767169
2023-05-17T18:45:26Z,-0.0443072449415922
2023-05-18T02:16:26Z,-0.846808017231524
2023-05-18T07:03:29Z,0.0719221327453851
2023-05-18T10:11:12Z,0.0774895809590816
2023-05-18T07:44:21Z,0.9023154526948928
2023-05-18T15:20:10Z,0.2713178675621748
2023-05-18T16:50:48Z,-0.9455046243965626
2023-05-18T16:51:45Z,0.146676504984498
2023-05-18T17:35:17Z,0.052553815767169
2023-05-18T17:45:03Z,0.0163944233208894
2023-05-18T23:30:27Z,-0.5575772095471621
2023-05-19T03:32:04Z,-0.0632621049880981
2023-05-19T05:26:43Z,0.0244765933603048
2023-05-19T07:31:44Z,-0.4789369627833366
2023-05-19T10:08:52Z,-0.4108351469039917
2023-05-19T11:32:21Z,0.052809914574027
2023-05-19T13:18:53Z,0.3431033352389931
2023-05-19T13:34:28Z,0.0361715592443943
2023-05-19T13:46:08Z,-0.0484580099582672
2023-05-19T14:00:32Z,0.0561519898474216
2023-05-19T14:45:57Z,0.0430868379771709
2023-05-19T17:15:32Z,-0.0841581169515848
2023-05-19T17:35:20Z,-0.0039224773645401
2023-05-20T10:48:07Z,-0.7523449175059795
2023-05-20T11:57:02Z,0.1766523336991667
2023-05-20T13:39:43Z,0.029563695192337
2023-05-21T13:57:33Z,-0.5104661583900452
2023-05-22T06:46:40Z,0.1558175459504127
2023-05-22T07:31:56Z,-0.950917004607618
2023-05-22T10:02:41Z,0.343186086975038
2023-05-22T10:42:16Z,-0.6903086565434933
2023-05-22T11:52:04Z,-0.1020534448325634
2023-05-22T11:57:31Z,0.1601692009717226
2023-05-22T12:06:46Z,0.1913655521348118
2023-05-22T12:43:56Z,-0.7028419841080904
2023-05-22T12:54:58Z,0.0406303964555263
2023-05-22T13:01:01Z,0.1007738513872027
2023-05-22T13:02:05Z,0.0486148763447999
2023-05-22T13:47:49Z,-0.0011231433600187
2023-05-22T15:00:43Z,-0.4549987986683845
2023-05-22T15:35:25Z,0.0510161574929952
2023-05-22T17:35:18Z,-0.0039224773645401
2023-05-22T19:57:59Z,-0.401281451806426
2023-05-22T20:00:05Z,-0.4349179901182651
2023-05-22T20:05:54Z,-0.9490748196840286
2023-05-23T07:11:01Z,0.176279217004776
2023-05-23T09:35:32Z,-0.1042377725243568
2023-05-23T09:45:03Z,0.1920001124963164
2023-05-23T13:06:00Z,0.8169087618589401
2023-05-23T13:34:40Z,-0.0015905443578958
2023-05-23T13:38:45Z,0.2445357460528612
2023-05-23T13:49:15Z,-0.916293039917946
2023-05-23T14:02:02Z,0.8737139916047454
2023-05-23T15:31:20Z,-0.1295757740736007
2023-05-23T16:03:38Z,0.0061809122562408
2023-05-23T16:58:26Z,0.3496016785502434
2023-05-23T17:35:15Z,-0.0039224773645401
2023-05-23T17:52:49Z,0.0507107973098754
2023-05-24T01:48:56Z,0.9107524463906884
2023-05-24T06:30:45Z,-0.933625688776374
2023-05-24T09:35:15Z,-0.9567240243777632
2023-05-24T10:29:08Z,0.4195063970983028
2023-05-24T11:00:08Z,-0.903863312676549
2023-05-24T12:00:22Z,0.2245881529524922
2023-05-24T12:45:21Z,-0.8116574138402939
2023-05-24T16:35:58Z,0.8641245504841208
2023-05-24T17:09:00Z,-0.9485162002965808
2023-05-24T17:35:17Z,0.052553815767169
2023-05-24T17:52:59Z,0.0113167483359575
2023-05-25T12:19:27Z,0.8223147857934237
2023-05-25T12:31:43Z,0.1137840552255511
2023-05-25T12:47:39Z,0.0235645594075322
2023-05-25T13:26:50Z,-0.050507228821516
2023-05-25T14:32:42Z,0.2265222556889057
2023-05-25T14:43:34Z,0.1326045580208301
2023-05-25T16:30:30Z,0.0181659869849681
2023-05-25T17:35:17Z,0.052553815767169
2023-05-25T18:34:41Z,-0.056340180337429
2023-05-26T08:30:35Z,0.0264995004981756
2023-05-25T21:18:09Z,-0.9337742794305086
2023-05-26T11:59:59Z,0.0152143854647874
2023-05-26T12:27:40Z,0.0845744051039218
2023-05-26T14:35:44Z,0.4829031154513359
2023-05-26T15:29:42Z,0.1723331119865179
2023-05-26T17:36:00Z,-0.2841923534870147
2023-05-26T19:15:24Z,0.0043236687779426
2023-05-26T19:24:33Z,0.052283190190792
2023-05-27T03:08:55Z,-0.4496459625661373
2023-05-27T14:00:23Z,0.8838960900902748
2023-05-27T16:41:38Z,0.0153663028031587
2023-05-27T18:18:04Z,0.6455158772878349
2023-05-28T19:48:09Z,0.1966757215559482
2023-05-29T09:12:27Z,-0.3132621124386787
2023-05-29T11:16:27Z,-0.911890845745802
2023-05-29T12:25:19Z,0.0427326802164316
2023-05-29T19:25:56Z,0.0397556629031896
2023-05-30T11:10:13Z,-0.9276344096288084
2023-05-30T12:23:18Z,-0.3275741264224052
2023-05-30T13:46:49Z,0.0487090907990932
2023-05-30T13:35:52Z,0.2729768753051758
2023-05-30T14:59:04Z,0.0052235312759876
2023-05-30T16:09:32Z,0.0612780675292015
2023-05-30T16:55:28Z,-0.3155188746750355
2023-05-30T10:56:33Z,-0.8950650580227375
2023-05-30T17:35:18Z,-0.0039224773645401
2023-05-30T17:58:05Z,0.0755049549043178
2023-05-30T18:20:11Z,0.0422368440777063
2023-05-30T09:00:12Z,0.4946898370981216
2023-05-31T07:56:56Z,-0.9312579650431873
2023-05-31T11:12:03Z,-0.95711069740355
2023-05-31T11:16:17Z,0.2641614312306046
2023-05-31T11:51:45Z,0.2062771916389465
2023-05-31T12:16:49Z,-0.0600306913256645
2023-05-31T12:21:24Z,-0.2194775715470314
2023-05-31T13:05:39Z,-0.6926457323133945
2023-05-31T14:14:10Z,0.5666149612516165
2023-05-31T13:46:29Z,0.0694115441292524
2023-05-31T14:38:57Z,0.8203051425516605
2023-05-31T17:35:20Z,-0.0039224773645401
2023-05-31T18:18:08Z,0.2169135538861155
2023-05-31T21:32:36Z,0.0188052896410226
2023-05-31T23:12:20Z,-0.0012299269437789
2023-06-01T09:59:25Z,0.5348627138882875
2023-06-01T10:29:02Z,0.5569598134607077
2023-06-01T10:53:13Z,-0.5994646549224854
2023-06-01T12:11:24Z,-0.3610915951430797
2023-06-01T13:41:19Z,0.1302317110821604
2023-06-01T13:42:07Z,-0.3520997650921345
2023-06-01T13:49:04Z,0.0003279577940702
2023-06-01T16:05:02Z,0.874172069132328
2023-06-01T16:56:58Z,-0.4134935140609741
2023-06-01T17:01:59Z,0.0376569554209709
2023-06-01T15:43:36Z,-0.0199928041547536
2023-06-01T17:35:17Z,0.052553815767169
2023-06-01T17:31:06Z,-0.6957756131887436
2023-06-01T18:22:51Z,0.7635279465466738
2023-06-01T18:54:21Z,0.000504020601511
2023-06-02T04:20:09Z,0.0461903847754001
2023-06-02T08:11:56Z,0.8147478774189949
2023-06-02T09:21:10Z,0.0799295827746391
2023-06-02T09:46:40Z,-0.9279686696827412
2023-06-02T10:35:25Z,-0.92818502523005
2023-06-02T11:17:41Z,0.7902817893773317
2023-06-02T11:32:01Z,0.533338226377964
2023-06-02T11:54:22Z,0.8470391444861889
2023-06-02T12:25:21Z,0.5400969721376896
2023-06-02T12:29:13Z,-0.0200562849640846
2023-06-02T13:34:25Z,0.0050023756921291
2023-06-02T13:31:57Z,0.0595171265304088
2023-06-02T13:44:54Z,0.7742097824811935
2023-06-02T13:46:28Z,0.0487090907990932
2023-06-02T12:21:26Z,0.6982469037175179
2023-06-02T17:23:24Z,0.1366038061678409
2023-06-02T17:35:17Z,0.052553815767169
2023-06-02T18:15:41Z,0.3012158190831542
2023-06-02T19:08:58Z,-0.3482114132493734
2023-06-02T20:09:26Z,0.0108954906463623
2023-06-03T04:02:46Z,-0.1501092799007892
2023-06-03T19:31:44Z,0.0173703841865062
2023-06-04T15:46:41Z,0.0514694862067699
2023-06-04T17:47:01Z,0.1005721017718315
2023-06-05T08:47:25Z,0.2507395148277282
2023-06-05T09:35:33Z,0.9015714395791292
2023-06-05T10:15:56Z,-0.0064491219818592
2023-06-05T11:07:10Z,0.4180086180567741
2023-06-05T11:12:12Z,-0.5316154062747955
2023-06-05T11:23:04Z,-0.8849501963704824
2023-06-05T11:59:51Z,0.0124327205121517
2023-06-05T12:29:32Z,-0.0522509701550006
2023-06-05T12:50:13Z,-0.2895800918340683
2023-06-05T13:18:05Z,0.035817589610815
2023-06-05T12:51:43Z,0.2763966154307127
2023-06-05T13:46:10Z,0.0069913379848003
2023-06-05T14:00:37Z,0.0559374587610363
2023-06-05T13:45:46Z,0.0904431566596031
2023-06-05T15:40:10Z,-0.41532345674932
2023-06-05T15:47:00Z,0.0235156752169132
2023-06-05T15:53:45Z,0.0098948571830987
2023-06-05T16:16:03Z,0.0354952216148376
2023-06-05T16:56:54Z,0.9087055865675212
2023-06-05T17:01:21Z,0.0120269432663917
2023-06-05T17:03:57Z,0.2164262169972062
2023-06-05T17:05:06Z,0.0316063836216926
2023-06-05T17:05:37Z,0.0566917844116687
2023-06-05T17:09:10Z,0.0420128758996725
2023-06-05T17:09:27Z,0.0165921542793512
2023-06-05T17:10:49Z,0.0151598919183015
2023-06-05T17:11:01Z,0.0884634610265493
2023-06-05T17:14:25Z,0.1190949343144893
2023-06-05T17:17:10Z,0.083823624998331
2023-06-05T17:18:33Z,-0.0090419817715883
2023-06-05T17:20:16Z,0.1467316364869475
2023-06-05T17:20:26Z,0.0176749937236309
2023-06-05T17:21:26Z,-0.0030789859592914
2023-06-05T17:22:09Z,0.0056635905057191
2023-06-05T17:22:50Z,-0.0171889886260032
2023-06-05T17:26:06Z,0.0067453160881996
2023-06-05T17:26:31Z,0.0985231501981616
2023-06-05T17:28:05Z,-0.010671017691493
2023-06-05T17:28:43Z,0.0329354554414749
2023-06-05T17:30:07Z,0.0587796680629253
2023-06-05T17:30:22Z,-0.0275768861174583
2023-06-05T17:32:46Z,-0.015938987955451
2023-06-05T17:35:19Z,-0.0039224773645401
2023-06-05T17:35:24Z,0.0057853031903505
2023-06-05T17:36:23Z,0.0526538398116827
2023-06-05T17:37:43Z,0.0437179822474718
2023-06-05T17:38:38Z,0.1418385580182075
2023-06-05T17:40:01Z,0.1016370765864849
2023-06-05T17:42:44Z,0.0215390808880329
2023-06-05T17:44:06Z,0.0097136925905942
2023-06-05T17:45:03Z,-0.006505262106657
2023-06-05T17:43:00Z,-0.7279011234641075
2023-06-05T17:46:29Z,0.0400205869227647
2023-06-05T17:48:37Z,0.0246526319533586
2023-06-05T17:50:53Z,0.0487312227487564
2023-06-05T17:51:27Z,-0.4587164111435413
2023-06-05T17:52:07Z,0.6379576455801725
2023-06-05T17:52:54Z,0.1280529499053955
2023-06-05T17:55:03Z,0.1000147890299558
2023-06-05T17:55:29Z,0.0169510319828987
2023-06-05T17:58:15Z,0.0114373862743377
2023-06-05T17:58:35Z,0.1376753840595483
2023-06-05T18:01:39Z,0.0253896210342645
2023-06-05T18:02:39Z,0.0680149095132947
2023-06-05T18:03:53Z,-0.0233277734369039
2023-06-05T18:05:13Z,0.0363109651952981
2023-06-05T18:05:38Z,0.001101441681385
2023-06-05T18:06:16Z,-0.0410966109484434
2023-06-05T18:08:49Z,0.10201764293015
2023-06-05T18:14:03Z,0.0144707560539245
2023-06-05T18:08:14Z,0.0846031075343489
2023-06-05T18:16:07Z,-0.0026785731315612
2023-06-05T18:20:20Z,-0.0233979485929012
2023-06-05T18:21:22Z,0.104429398663342
2023-06-05T18:21:53Z,0.0508232628926634
2023-06-05T18:22:23Z,0.3825522810220718
2023-06-05T18:23:04Z,0.0002049542963504
2023-06-05T18:23:30Z,0.0138985812664031
2023-06-05T18:24:52Z,0.1772911539301276
2023-06-05T18:25:28Z,0.0877758366987109
2023-06-05T18:29:21Z,0.3152382168918848
2023-06-05T18:32:00Z,0.035041170194745
2023-06-05T18:36:27Z,0.1660820990800857
2023-06-05T18:40:38Z,-0.0241616107523441
2023-06-05T18:41:43Z,0.0935269864276051
2023-06-05T18:42:28Z,0.0291133150458335
2023-06-05T18:44:12Z,0.0436407709494233
2023-06-05T18:47:01Z,0.3050525737926364
2023-06-05T18:48:12Z,0.102247828617692
2023-06-05T18:52:16Z,0.4049283917993307
2023-06-05T18:54:22Z,0.0819562254473567
2023-06-05T18:53:36Z,0.2457449063658714
2023-06-05T18:57:53Z,0.1418728474527597
2023-06-05T18:58:24Z,0.4930180590599775
2023-06-05T19:02:48Z,0.0244094189256429
2023-06-05T19:24:38Z,-0.9422279987484216
2023-06-05T21:28:42Z,0.5089695733040571
2023-06-06T01:22:34Z,0.0296150874346494
2023-06-06T02:54:07Z,0.900973815470934
2023-06-06T03:30:06Z,0.1614151680842042
2023-06-06T04:02:33Z,-0.9367351066321136
2023-06-06T05:14:23Z,0.1198270879685878
2023-06-06T06:49:17Z,-0.364359050989151
2023-06-06T08:42:16Z,-0.6698346734046936
2023-06-06T08:46:36Z,-0.3828257471323013
2023-06-06T09:58:54Z,0.4233932197093963
2023-06-06T10:10:03Z,-0.0107652358710765
2023-06-06T10:31:15Z,0.8635569028556347
2023-06-06T10:44:49Z,-0.947616808116436
2023-06-06T10:55:34Z,0.8808352127671242
2023-06-06T11:16:36Z,0.3108345735818147
2023-06-06T11:25:43Z,0.0358250569552183
2023-06-06T12:26:20Z,0.3703580945730209
2023-06-06T12:57:51Z,-0.0002572536468505
2023-06-06T12:57:57Z,-0.3958679288625717
2023-06-06T13:07:07Z,0.0509582981467247
2023-06-06T13:08:24Z,0.0220616459846496
2023-06-06T13:24:11Z,0.6822410225868225
2023-06-06T13:50:21Z,0.0047917291522026
2023-06-06T14:07:18Z,0.2622787402942776
2023-06-06T14:16:38Z,-0.131164863705635
2023-06-06T14:22:57Z,0.7476951107382774
2023-06-06T15:00:50Z,-0.4588100649416446
2023-06-06T15:21:10Z,0.0960173308849334
2023-06-06T15:27:18Z,0.0091430842876434
2023-06-06T15:32:41Z,0.0004882179200649
2023-06-06T15:42:50Z,0.1362555492669344
2023-06-06T16:59:56Z,0.0862142033874988
2023-06-05T22:44:33Z,0.0395967094227671
2023-06-06T10:49:31Z,-0.8389469012618065
2023-06-06T17:35:08Z,0.8532528318464756
2023-06-06T17:35:19Z,-0.0039224773645401
2023-06-06T18:38:13Z,0.2221790896728634
2023-06-06T20:25:29Z,-0.9040323868393898
2023-06-06T20:37:40Z,0.0049434155225753
2023-06-07T02:47:09Z,0.8810542020946741
2023-06-07T03:27:53Z,0.1727739926427602
2023-06-07T07:13:57Z,-0.6296493448317051
2023-06-06T12:45:12Z,0.2218391075730323
2023-06-07T09:50:00Z,0.3890433646738529
2023-06-07T10:19:39Z,-0.6850593984127045
2023-06-07T10:50:24Z,0.8655765205621719
2023-06-07T12:27:57Z,0.8907558247447014
2023-06-07T13:27:15Z,0.0020446479320526
2023-06-07T14:02:29Z,-0.0178769081830978
2023-06-07T14:30:18Z,-0.0050168856978416
2023-06-07T15:05:17Z,0.1510876845568418
2023-06-07T16:22:01Z,0.0808749347925186
2023-06-07T16:31:16Z,0.0751016791909933
2023-06-07T11:34:28Z,-0.8323717191815376
2023-06-07T17:28:46Z,0.0534710343927145
2023-06-07T17:35:19Z,-0.0039224773645401
2023-06-07T18:17:55Z,-0.0144440978765487
2023-06-07T18:59:42Z,0.0393679607659578
2023-06-07T20:34:00Z,-0.0144422482699155
2023-06-07T21:01:33Z,0.0168362818658351
2023-06-08T05:57:19Z,0.7724737613461912
2023-06-08T10:40:59Z,-0.4849574100226164
2023-06-08T13:39:52Z,0.2644861489534378
2023-06-08T14:06:57Z,0.0060404352843761
2023-06-08T15:30:59Z,0.0169420260936021
2023-06-08T16:13:05Z,0.1668376587331295
2023-06-08T17:35:25Z,0.052553815767169
2023-06-08T20:19:01Z,0.0402110945433378
2023-06-09T05:02:22Z,0.215842418372631
2023-06-09T11:15:40Z,0.1200988143682479
2023-06-09T11:56:06Z,0.1423898031935095
2023-06-09T13:45:54Z,0.0057152956724166
2023-06-09T15:29:11Z,-0.6068384200334549
2023-06-09T17:35:20Z,-0.0039224773645401
2023-06-09T17:50:39Z,0.0319430101662874
2023-06-09T20:00:30Z,0.7570084109902382
2023-06-09T20:50:46Z,0.1812415150925517
2023-06-10T02:19:49Z,0.9258666262030602
2023-06-10T02:42:03Z,0.3095637839287519
2023-06-10T06:17:13Z,-0.706162117421627
2023-06-10T14:26:22Z,0.0178626738488674
2023-06-10T20:52:31Z,0.0874669170007109
2023-06-11T02:00:14Z,0.1121661523357033
2023-06-11T14:58:21Z,0.3937448095530271
2023-06-11T16:33:33Z,0.6046588812023401
2023-06-12T06:06:28Z,0.186474896967411
2023-06-12T12:36:47Z,-0.054240683093667
2023-06-12T13:42:54Z,0.0013956017792224
2023-06-12T14:32:39Z,-0.453362625092268
2023-06-12T17:35:21Z,0.052553815767169
2023-06-12T19:05:34Z,0.0208969749510288
2023-06-13T05:01:22Z,0.1531550697982311
2023-06-13T06:06:37Z,-0.0127067640423774
2023-06-13T07:20:16Z,-0.3341851681470871
2023-06-13T08:34:16Z,0.6219442114233971
2023-06-13T08:40:51Z,0.0407223124057054
2023-06-13T09:34:38Z,-0.3356449641287327
2023-06-13T11:57:53Z,0.0044691562652587
2023-06-13T13:17:08Z,-0.0170389506965875
2023-06-13T13:41:25Z,-0.0031290985643863
2023-06-13T14:02:10Z,-0.3577228039503097
2023-06-13T14:06:31Z,-0.800631633028388
2023-06-13T15:00:52Z,-0.4488417245447635
2023-06-13T16:18:13Z,-0.4223877899348736
2023-06-14T02:14:14Z,-0.1642406452447176
2023-06-14T04:11:29Z,0.0627249022945761
2023-06-07T06:40:54Z,0.0589683223515749
2023-06-14T08:58:45Z,0.7406042721122503
2023-06-14T11:06:02Z,0.4202125165611505
2023-06-14T11:30:15Z,-0.8773755617439747
2023-06-14T12:00:14Z,0.05102582834661
2023-06-14T12:19:39Z,0.7591469623148441
2023-06-14T12:41:58Z,0.1641849912703037
2023-06-14T13:47:34Z,-0.9411486834287645
2023-06-14T14:05:41Z,0.003251826390624
2023-06-14T14:36:22Z,0.4523022770881653
2023-06-14T14:39:21Z,-0.0156391374766826
2023-06-14T17:35:21Z,-0.0039224773645401
2023-06-14T18:34:42Z,-0.596994599327445
2023-06-14T18:36:14Z,0.021319979801774
2023-06-15T06:19:32Z,-0.3066292703151703
2023-06-15T08:04:58Z,0.1880270261317491
2023-06-15T08:38:38Z,0.0804814007133245
2023-06-15T09:48:25Z,0.0336797852069139
2023-06-15T09:55:26Z,0.0832862323150038
2023-06-15T14:00:10Z,-0.5275147445499897
2023-06-15T14:05:24Z,0.0049457792192697
2023-06-15T14:24:01Z,0.8572400566190481
2023-06-15T16:38:40Z,0.1562229758128523
2023-06-15T17:35:23Z,-0.0039224773645401
2023-06-15T19:01:52Z,0.8556668255478144
2023-06-16T02:57:39Z,-0.1144520789384841
2023-06-16T05:09:05Z,-0.6436315625905991
2023-06-16T10:08:38Z,0.5493854284286499
2023-06-16T10:10:25Z,-0.0945310946553945
2023-06-16T12:47:21Z,0.0696798339486122
2023-06-16T13:14:22Z,-0.9069154374301434
2023-06-16T14:27:54Z,-0.00079345703125
2023-06-16T17:35:32Z,-0.0039224773645401
2023-06-17T13:50:33Z,0.0307476222515106
2023-06-17T18:45:54Z,0.0426933579146862
2023-06-19T09:30:29Z,-0.0684473309665918
2023-06-19T12:28:21Z,0.9157098606228828
2023-06-20T03:49:08Z,-0.2356111444532871
2023-06-19T07:17:55Z,0.9156622793525456
2023-06-20T09:55:33Z,-0.0218620002269744
2023-06-20T10:46:03Z,0.2835937375202775
2023-06-20T12:12:46Z,0.1921834358945489
2023-06-20T12:19:58Z,0.6688163997605443
2023-06-20T12:35:25Z,0.8926358874887228
2023-06-20T13:07:28Z,0.068860825151205
2023-06-20T14:27:18Z,0.0022950954735279
2023-06-20T15:09:18Z,0.0076989457011222
2023-06-20T18:21:55Z,0.077402657829225
2023-06-20T21:23:01Z,-0.2104542516171932
2023-06-21T05:28:50Z,-0.8859660737216473
2023-06-21T06:13:17Z,-0.941498052328825
2023-06-21T06:57:34Z,-0.8547060703858733
2023-06-21T10:20:58Z,-0.5599685087800026
2023-06-21T10:32:48Z,-0.6612296309322119
2023-06-21T11:55:30Z,0.0468605998903512
2023-06-21T13:12:32Z,0.3970602173358202
2023-06-21T13:15:13Z,-0.0320971850305795
2023-06-21T14:51:45Z,0.9083328265696764
2023-06-21T14:50:59Z,0.0057588946074247
2023-06-21T20:01:07Z,0.1005310658365488
2023-06-22T05:53:03Z,-0.893006032332778
2023-06-22T05:56:42Z,0.0368323624134063
2023-06-22T06:15:54Z,0.7327885739505291
2023-06-22T07:56:24Z,0.0633273087441921
2023-06-22T08:01:30Z,-0.0078349579125642
2023-06-22T09:49:03Z,0.2500552367419004
2023-06-22T09:55:35Z,0.1930709918960929
2023-06-22T11:55:41Z,-0.0335117578506469
2023-06-22T13:05:37Z,0.670450147241354
2023-06-22T13:20:06Z,0.004154248163104
2023-06-22T13:30:16Z,-0.8944069622084498
2023-06-22T13:46:00Z,-0.0433425046503543
2023-06-22T14:00:31Z,0.0557277482002973
2023-06-22T14:20:44Z,0.0325587950646877
2023-06-22T14:45:22Z,0.034522695466876
2023-06-22T15:49:41Z,0.1000010650604963
2023-06-22T16:31:07Z,-0.0443072449415922
2023-06-22T17:37:18Z,0.0197477415204048
2023-06-22T17:38:46Z,0.052553815767169
2023-06-23T06:11:14Z,-0.099010944366455
2023-06-23T09:13:34Z,0.0895434962585568
2023-06-23T09:45:39Z,-0.8022783063352108
2023-06-23T10:13:56Z,0.7440983131527901
2023-06-23T10:20:46Z,0.7310882331803441
2023-06-23T11:57:50Z,0.1513069756329059
2023-06-23T12:10:58Z,0.0135622322559356
2023-06-23T13:14:44Z,0.0820603668689727
2023-06-23T14:04:45Z,-0.0018407274037599
2023-06-23T14:39:48Z,0.9220781065523624
2023-06-23T15:18:39Z,-0.2992455661296844
2023-06-23T15:28:45Z,0.0023160111159086
2023-06-23T16:00:27Z,0.0486148763447999
2023-06-23T17:39:13Z,0.052553815767169
2023-06-24T01:50:37Z,0.9193540308624506
2023-06-24T10:16:11Z,0.0464693959802389
2023-06-24T23:07:43Z,0.7188201770186424
2023-06-24T03:39:29Z,0.1379238218069076
2023-06-26T05:43:10Z,0.4765975940972566
2023-06-26T07:07:35Z,0.0322156641632318
2023-06-23T14:16:22Z,-0.9132028194144368
2023-06-26T10:08:13Z,-0.0113410539925098
2023-06-26T12:59:57Z,0.906285485252738
2023-06-26T13:33:42Z,0.3251845985651016
2023-06-26T13:37:16Z,0.1106173321604728
2023-06-26T12:55:21Z,0.0368009433150291
2023-06-26T14:11:55Z,0.01010038331151
2023-06-26T14:20:06Z,0.9237569905817508
2023-06-26T14:25:35Z,-0.0160149950534105
2023-06-26T15:18:00Z,0.0430868379771709
2023-06-26T16:10:15Z,-0.8619330581277609
2023-06-26T17:30:20Z,-0.8985125236213207
2023-06-26T17:38:49Z,-0.0039224773645401
2023-06-26T18:07:58Z,0.0746981408447027
2023-06-26T19:00:29Z,-0.7007573992013931
2023-06-27T03:17:59Z,-0.928321118466556
2023-06-27T04:23:13Z,0.1159437131136655
2023-06-27T08:05:58Z,0.1046882821246981
2023-06-27T11:12:45Z,0.4036281406879425
2023-06-27T11:48:30Z,0.2033443450927734
2023-06-27T12:33:43Z,0.9301676880568266
2023-06-27T12:58:18Z,-0.6447682622820139
2023-06-27T13:05:10Z,-0.0058419220149517
2023-06-27T13:48:29Z,-0.0135729759931564
2023-06-27T14:02:33Z,0.0031364448368549
2023-06-27T15:17:03Z,0.0221359655261039
2023-06-27T17:38:10Z,0.1861834414303302
2023-06-27T17:39:13Z,0.052553815767169
2023-06-27T17:40:26Z,0.0526068266481161
2023-06-28T01:44:17Z,0.7361266547814012
2023-06-28T03:28:54Z,0.0640875473618507
2023-06-28T04:00:36Z,0.1044839862734079
2023-06-28T08:30:23Z,-0.2023437023162841
2023-06-28T09:13:06Z,0.916698856279254
2023-06-28T12:03:09Z,0.8386693820357323
2023-06-28T13:00:35Z,-0.0266329944133758
2023-06-28T14:17:45Z,-0.609393760561943
2023-06-28T14:45:43Z,-0.0019829683005809
2023-06-28T15:12:14Z,0.0984816402196884
2023-06-28T13:13:00Z,0.0007837004959583
2023-06-28T16:37:05Z,0.062060996890068
2023-06-28T17:38:43Z,-0.0039224773645401
2023-06-28T21:24:49Z,0.0197571292519569
2023-06-29T09:26:25Z,-0.1468096673488617
2023-06-29T12:08:28Z,-0.9090737188234924
2023-06-29T14:43:06Z,-0.1410125754773616
2023-06-29T14:48:43Z,0.0051765665411949
2023-06-29T15:05:40Z,0.1172913759946823
2023-06-29T16:50:19Z,0.4872688883915543
2023-06-29T16:53:48Z,-0.3909366074949503
2023-04-17T17:03:52Z,0.2579104881733656
2023-06-29T17:19:40Z,0.0299362801015377
2023-06-29T17:38:58Z,0.052553815767169
2023-06-29T18:40:40Z,-0.8675471339374781
2023-06-30T01:58:51Z,0.9373834896832705
2023-06-30T02:18:33Z,-0.5076167937368155
2023-06-30T08:19:43Z,0.0742683168500661
2023-06-30T08:33:11Z,0.4860660750418901
2023-06-30T10:00:04Z,0.118803933262825
2023-06-30T12:56:02Z,-0.0113511215895414
2023-06-30T13:32:44Z,-0.000729763880372
2023-06-30T13:50:57Z,0.0325587950646877
2023-06-30T13:47:24Z,0.5982144698500633
2023-06-30T15:02:12Z,-0.4442227985709905
2023-06-30T16:06:42Z,-0.1534538678824901
2023-06-30T17:23:08Z,0.8483983501791954
2023-06-30T17:39:02Z,0.052553815767169
2023-06-30T17:39:10Z,-0.8531947173178196
2023-06-30T17:51:33Z,0.6976186726242304
2023-06-30T20:01:29Z,0.5178468078374863
2023-06-30T20:15:33Z,0.0226745791733264
2023-06-30T20:19:21Z,0.3863847479224205
2023-06-30T20:22:30Z,0.9162626853212714
2023-06-30T20:02:10Z,0.1256000399589538
2023-07-01T11:11:11Z,0.1406541001051664
2023-07-01T14:50:07Z,0.1626540599390864
2023-07-01T16:18:17Z,0.1864997986704111
2023-07-01T17:59:53Z,-0.1121116485446691
2023-07-01T18:13:45Z,-0.0258256569504737
2023-07-01T19:10:26Z,0.0070723053067922
2023-07-03T02:37:23Z,-0.532900158315897
2023-06-30T11:57:11Z,0.4713511914014816
2023-07-03T07:51:23Z,-0.92394064553082
2023-07-03T09:13:45Z,-0.9656276293098928
2023-07-03T09:16:25Z,-0.9288231832906604
2023-07-03T09:21:09Z,-0.5959583148360252
2023-07-03T09:54:32Z,-0.2174557447433471
2023-07-03T10:51:16Z,0.0145207569003105
2023-07-03T13:24:55Z,0.5774971870705485
2023-07-03T13:25:16Z,0.0465330109000206
2023-07-03T14:14:59Z,-0.0006206631660461
2023-07-03T14:57:44Z,0.3144116178154945
2023-07-03T15:28:29Z,0.0628444943577051
2023-07-03T16:36:05Z,-0.5364254862070084
2023-07-03T17:23:08Z,0.4889223491773009
2023-07-03T19:30:21Z,0.8929375745356083
2023-07-04T02:15:06Z,0.03277238458395
2023-07-04T04:00:39Z,0.3187261158600449
2023-07-04T06:15:23Z,0.0230358019471168
2023-07-04T09:11:51Z,-0.6844402514398098
2023-07-04T10:46:53Z,-0.8896458931267262
2023-07-04T11:42:14Z,0.0205640699714422
2023-07-04T14:21:11Z,-0.0427496824413538
2023-07-04T19:45:24Z,0.0330014983192086
2023-07-05T06:52:41Z,0.5041907178238034
2023-07-05T09:19:25Z,0.2382551431655883
2023-07-05T09:45:30Z,0.4840205954387784
2023-07-05T02:22:54Z,-0.054640419781208
2023-07-05T11:11:01Z,-0.2241888083517551
2023-07-05T12:05:34Z,-0.7964908294379711
2023-07-05T12:09:21Z,0.8390582399442792
2023-07-05T13:23:56Z,0.1766656078398227
2023-07-05T12:56:51Z,0.52039909735322
2023-07-03T10:41:10Z,0.0336762778460979
2023-07-05T13:55:27Z,0.1421630466356873
2023-07-05T12:38:47Z,0.1343517107889056
2023-07-05T13:47:26Z,-0.9607815081253648
2023-07-05T14:47:32Z,0.0430868379771709
2023-07-05T14:58:36Z,0.1195189906284213
2023-07-05T15:25:07Z,0.0546313701197505
2023-07-05T16:52:54Z,-0.0035880766808986
2023-07-05T16:57:42Z,-0.0080634206533432
2023-07-05T17:38:58Z,0.052553815767169
2023-07-06T07:11:04Z,0.931012130342424
2023-07-06T07:39:10Z,0.8725416399538517
2023-07-06T09:58:00Z,-0.2127041816711425
2023-07-05T15:50:51Z,0.0818573301658034
2023-07-06T12:02:54Z,-0.9597833449952304
2023-07-06T12:21:57Z,0.9386840062215924
2023-07-06T14:35:17Z,-0.0266259517520666
2023-07-06T14:46:27Z,-0.4453146904706955
2023-07-06T15:30:22Z,0.034522695466876
2023-07-06T17:39:13Z,0.052553815767169
2023-07-06T16:45:44Z,0.0013587474822998
2023-07-07T05:35:16Z,0.0525066340342164
2023-07-07T06:39:02Z,0.1116423867642879
2023-07-07T09:57:03Z,0.0409379582852125
2023-07-07T11:35:52Z,-0.0234134308993816
2023-07-07T12:49:25Z,-0.9598124166950583
2023-07-07T13:31:30Z,-0.057116225361824
2023-07-07T14:00:31Z,0.0139874462038278
2023-07-07T14:06:52Z,0.0976094882935285
2023-07-07T14:06:59Z,0.0026996657252311
2023-07-07T14:10:54Z,-0.3902967497706413
2023-07-07T15:28:06Z,0.5066425334662199
2023-07-07T16:01:15Z,0.0143822487443685
2023-07-07T17:39:13Z,0.052553815767169
2023-07-08T10:31:09Z,0.5725082885473967
2023-07-08T12:31:44Z,-0.9188727624714376
2023-07-08T12:58:56Z,0.0517380805686116
2023-07-09T16:10:33Z,0.0786252804100513
2023-07-10T12:49:31Z,-0.2498262971639633
2023-07-10T13:36:02Z,-0.8983831666409969
2023-07-10T13:46:36Z,0.1215483993291854
2023-07-10T14:02:56Z,-0.9629980362951756
2023-07-10T14:29:56Z,-0.2894418388605118
2023-07-10T14:32:56Z,0.0205341391265392
2023-07-10T15:29:47Z,-0.9136948231607676
2023-07-10T15:42:24Z,0.9061694722622632
2023-07-10T15:44:50Z,0.0122029073536396
2023-07-10T17:23:38Z,-0.4653166532516479
2023-07-10T19:06:50Z,-0.410995090380311
2023-07-10T19:15:15Z,0.3443139493465423
2023-07-10T19:19:16Z,0.7875152677297592
2023-07-10T19:46:52Z,0.0596758462488651
2023-07-10T20:15:39Z,0.2323380187153816
2023-07-11T08:00:52Z,0.221576876938343
2023-07-11T08:02:02Z,0.9042450673878192
2023-07-11T08:31:03Z,0.0327050015330314
2023-07-11T08:56:00Z,0.7795198448002338
2023-07-11T11:42:24Z,0.6782348779961467
2023-07-11T11:59:42Z,0.0354065932333469
2023-07-11T13:51:04Z,0.2640021592378616
2023-07-11T13:56:22Z,-0.0029370207339525
2023-07-11T16:05:07Z,0.6912950864061713
2023-07-11T16:19:58Z,0.8580984347499907
2023-07-11T17:06:09Z,0.6263412237167358
2023-07-11T17:38:21Z,-0.0039224773645401
2023-07-11T17:50:38Z,0.7829126492142677
2023-07-11T19:47:58Z,0.8833766356110573
2023-07-11T21:01:30Z,0.9406544677913188
2023-07-11T21:08:26Z,0.023522175848484
2023-07-12T13:49:18Z,0.2800167659297585
2023-07-12T14:00:08Z,-0.0006605423986911
2023-07-12T15:07:44Z,-0.410995090380311
2023-07-12T15:45:27Z,0.1047037187963724
2023-07-12T17:39:24Z,0.052553815767169
2023-07-12T17:49:32Z,-0.088441401720047
2023-07-12T20:18:39Z,0.1636010641232133
2023-07-12T23:29:36Z,0.2390588652342558
2023-07-13T04:49:01Z,0.1127074370160698
2023-07-13T06:08:31Z,0.0205644704401493
2023-07-13T07:34:15Z,0.033447416499257
2023-07-13T08:10:12Z,0.0210856050252914
2023-07-13T11:26:02Z,0.1635030731558799
2023-07-13T13:25:38Z,-0.0233662519603967
2023-07-13T14:19:48Z,0.3055151402950287
2023-07-13T14:29:45Z,-0.0085593797266483
2023-07-13T17:38:53Z,-0.0039224773645401
2023-07-13T20:41:41Z,-0.9322703499346972
2023-07-10T12:04:47Z,-0.465216115117073
2023-07-14T02:19:49Z,0.1058269096538424
2023-07-14T04:47:28Z,-0.0248528495430946
2023-07-14T05:53:46Z,0.3693103222176432
2023-07-14T09:17:26Z,0.212444276548922
2023-07-14T10:43:56Z,0.7937329271808267
2023-07-14T12:04:39Z,0.1361667737364769
2023-07-14T17:38:58Z,0.052553815767169
2023-07-15T15:28:51Z,0.2326221084222197
2023-07-15T23:00:12Z,0.0232467502355575
2023-07-17T04:15:01Z,0.1327671408653259
2023-07-17T08:07:15Z,0.1482090260833501
2023-07-17T09:38:55Z,0.5050013177096844
2023-07-17T12:43:01Z,0.066221292130649
2023-07-17T13:48:08Z,0.5514071257784963
2023-07-17T14:37:52Z,0.0093911383301019
2023-07-17T14:59:42Z,0.0400749072432518
2023-07-17T15:21:22Z,-0.4423455372452736
2023-07-17T15:35:03Z,0.8546547554433346
2023-07-17T15:36:51Z,-0.939331998117268
2023-07-17T16:27:23Z,0.9342626873403788
2023-07-17T17:35:18Z,0.052553815767169
2023-07-18T09:45:48Z,0.2473851442337036
2023-07-18T09:53:32Z,0.4083941224962473
2023-07-18T11:21:45Z,-0.4496067073196172
2023-07-18T12:26:55Z,-0.9432730711996556
2023-07-18T12:27:23Z,-0.0603120774030685
2023-07-18T12:27:53Z,-0.9157006135210396
2023-07-18T12:28:19Z,-0.7294516749680042
2023-07-18T12:30:49Z,-0.6403123568743467
2023-07-18T13:29:19Z,0.8573102615773678
2023-07-18T13:31:26Z,0.7344027534127235
2023-07-18T13:53:17Z,-0.0045611821115016
2023-07-18T15:33:50Z,0.5842791981995106
2023-07-18T16:47:59Z,0.9229844333603978
2023-07-18T17:35:19Z,0.052553815767169
2023-07-19T05:58:20Z,0.7699436033144593
2023-07-19T11:22:16Z,0.9251635633409024
2023-07-19T11:41:56Z,-0.9453385611996056
2023-07-19T12:08:15Z,0.1447048233821988
2023-07-19T12:50:56Z,0.0291139371693134
2023-07-19T13:24:11Z,0.4585216604173183
2023-07-19T14:09:58Z,-0.6968377344310284
2023-07-19T14:11:00Z,0.0044889077544212
2023-07-19T14:26:30Z,-0.5256838202476501
2023-07-19T14:42:34Z,0.0120170973241329
2023-07-19T15:16:02Z,0.5695505030453205
2023-07-19T16:05:51Z,0.622035781852901
2023-07-19T16:32:21Z,-0.3307517878711223
2023-07-19T17:10:03Z,0.1471591060981154
2023-07-19T17:35:17Z,0.052553815767169
2023-07-19T18:55:20Z,0.474128395318985
2023-07-19T19:46:01Z,-0.5285016112029552
2023-07-19T23:00:05Z,0.0071369279175996
2023-07-20T05:57:22Z,0.3332621864974499
2023-07-20T08:31:20Z,-0.0989800244569778
2023-07-20T10:31:10Z,0.8959571328014135
2023-07-20T10:37:56Z,-0.07192874699831
2023-07-20T11:11:14Z,0.104605471715331
2023-07-20T11:33:12Z,0.4944887459278106
2023-07-20T11:44:10Z,0.8675793409347534
2023-07-20T12:20:54Z,0.0280841365456581
2023-07-20T12:37:11Z,-0.9244124814867972
2023-07-20T13:27:29Z,0.1531399693340063
2023-07-20T13:45:23Z,-0.886165177449584
2023-07-20T13:54:52Z,-0.7425576522946358
2023-07-20T13:58:54Z,0.91308238171041
2023-07-20T14:09:03Z,-0.001306228339672
2023-07-20T15:02:03Z,0.7858745083212852
2023-07-20T16:25:33Z,-0.6734499000012875
2023-07-20T17:13:47Z,0.1029400676488876
2023-07-20T17:35:17Z,-0.0039224773645401
2023-07-20T18:22:24Z,0.8005221839994192
2023-07-20T20:40:41Z,0.158814288675785
2023-07-21T04:16:19Z,0.0281104911118745
2023-07-21T07:26:10Z,-0.6708641871809959
2023-07-21T10:22:12Z,-0.7259793654084206
2023-07-21T11:08:33Z,0.0980827724561095
2023-07-21T11:42:07Z,-0.9461018946021796
2023-07-21T12:01:49Z,0.8750406038016081
2023-07-21T12:26:02Z,0.2031425088644027
2023-07-21T12:34:53Z,-0.2538447976112366
2023-07-21T13:56:02Z,0.2735352059826255
2023-07-21T14:10:30Z,-0.0003624837845563
2023-07-21T14:22:37Z,0.1198016470298171
2023-07-21T14:25:31Z,-0.8371026199311018
2023-07-21T16:05:21Z,0.1291573569178581
2023-07-21T16:06:18Z,-0.0254197046160697
2023-07-21T17:35:18Z,-0.0039224773645401
2023-07-21T18:47:17Z,0.1564664142206311
2023-07-21T18:58:57Z,0.0019013471901416
2023-07-21T19:14:16Z,0.101455545052886
2023-07-21T20:12:15Z,0.6684516817331314
2023-07-22T01:51:06Z,0.0652022119611501
2023-07-22T04:31:54Z,-0.8252674639225006
2023-07-22T11:04:09Z,0.8771583810448647
2023-07-22T13:32:12Z,0.040074611082673
2023-07-23T07:05:10Z,0.1439041765406727
2023-07-23T09:04:10Z,0.0121778678148984
2023-07-23T15:50:46Z,0.8017716645263135
2023-07-24T04:12:52Z,0.1398348966613412
2023-07-24T10:19:09Z,0.6833157278597355
2023-07-24T10:22:27Z,0.876197112724185
2023-07-24T10:30:19Z,-0.1252898052334785
2023-07-24T10:32:07Z,0.8557231025770307
2023-07-24T10:43:06Z,0.1392376292496919
2023-07-24T11:44:59Z,0.0012752190232276
2023-07-24T11:56:19Z,-0.52114481292665
2023-07-24T12:11:33Z,-0.5279438234865665
2023-07-24T11:46:40Z,-0.5101522263139486
2023-07-24T13:33:11Z,0.1555541753768921
2023-07-24T14:07:08Z,0.2675982862710953
2023-07-24T14:02:49Z,0.1208990514278411
2023-07-24T14:08:38Z,0.6672125458717346
2023-07-24T14:24:57Z,0.0047603882849216
2023-07-24T16:34:00Z,-0.0303233712911605
2023-07-24T17:35:19Z,0.052553815767169
2023-07-24T18:06:58Z,0.0154540762305259
2023-07-24T19:37:52Z,0.1165683958679437
2023-07-24T20:45:18Z,-0.3889530766755342
2023-07-25T03:55:02Z,0.1230456177145242
2023-07-25T10:02:18Z,0.1722988039255142
2023-07-25T12:10:01Z,-0.3267243634909391
2023-07-25T12:20:38Z,-0.0877883583307266
2023-07-25T12:52:59Z,0.0504488795995712
2023-07-25T13:30:15Z,-0.9143010135740042
2023-07-25T13:50:59Z,-0.0015533808618783
2023-07-25T13:54:03Z,0.9292158698663116
2023-07-25T14:26:24Z,0.3676085351034999
2023-07-25T14:31:48Z,0.0236103050410747
2023-07-25T14:40:53Z,-0.674575187265873
2023-07-25T14:54:01Z,-0.922389293089509
2023-07-25T14:58:58Z,0.0195239298045635
2023-07-25T15:11:07Z,0.9264818541705608
2023-07-25T15:22:44Z,0.7916932143270969
2023-07-25T15:23:39Z,0.0549410562962293
2023-07-25T16:44:26Z,0.0631186282262206
2023-07-25T17:35:18Z,-0.0039224773645401
2023-07-25T18:09:43Z,0.9103446919471024
2023-07-26T10:16:04Z,-0.9133575614541768
2023-07-26T12:35:32Z,0.8887152103707194
2023-07-26T13:29:47Z,0.5274116955697536
2023-07-26T13:39:40Z,-0.0011179130524396
2023-07-26T15:53:29Z,0.2838862566277385
2023-07-26T16:35:03Z,-0.4280904121696949
2023-07-26T17:22:58Z,-0.410995090380311
2023-07-26T17:35:17Z,-0.0039224773645401
2023-07-26T18:39:18Z,0.0171140860766172
2023-07-27T06:03:03Z,-0.6774070672690868
2023-07-27T06:42:33Z,-0.196061372756958
2023-07-27T09:46:05Z,0.2647722843103111
2023-07-27T11:25:18Z,0.2048684246838092
2023-07-27T12:58:25Z,0.4956633970141411
2023-07-27T13:48:38Z,-0.2049144580960273
2023-07-27T13:59:44Z,-0.0018681157380342
2023-07-27T14:09:12Z,0.8299557138234377
2023-07-27T17:35:19Z,0.052553815767169
2023-07-27T17:52:44Z,-0.0235112346708774
2023-07-27T19:27:58Z,-0.9593399758450688
2023-07-27T19:54:30Z,0.7784485593438148
2023-07-27T20:25:06Z,-0.0156587921082973
2023-07-28T11:07:02Z,-0.1157796084880828
2023-07-28T11:42:39Z,0.6763408873230219
2023-07-28T11:45:29Z,-0.8136856444180012
2023-07-28T12:40:26Z,-0.0388375930488109
2023-07-28T12:56:47Z,0.0390551090240478
2023-07-28T14:13:57Z,0.0003424379974603
2023-07-28T14:24:31Z,-0.000215508043766
2023-07-28T14:55:29Z,-0.8799049146473408
2023-07-28T17:35:17Z,0.052553815767169
2023-07-28T17:37:40Z,-0.5663617681711912
2023-07-28T18:15:25Z,0.0129257887601852
2023-07-28T20:06:47Z,0.1925374343991279
2023-07-29T15:38:14Z,0.1314199352636933
2023-07-30T13:00:16Z,0.0216478556394577
2023-07-30T13:35:29Z,-0.8927769474685192
2023-07-30T16:34:11Z,0.7785396790131927
2023-07-31T06:08:34Z,0.0264756996184587
2023-07-31T09:53:23Z,0.7904614247381687
2023-07-31T09:54:23Z,-0.2823366820812225
2023-07-31T10:05:47Z,0.1888215653598308
2023-07-31T10:53:06Z,-0.393940407782793
2023-07-31T11:36:41Z,0.0493101477622985
2023-07-31T12:06:56Z,-0.0008542202413082
2023-07-31T12:12:12Z,-0.1637960895895958
2023-07-31T12:44:56Z,0.8420899333432317
2023-07-31T13:53:14Z,0.093621727079153
2023-07-31T14:13:59Z,-0.0318389162421226
2023-07-31T14:23:03Z,0.0041369572281837
2023-07-31T15:44:54Z,0.2125749764963984
2023-07-31T15:48:55Z,0.0077042877674102
2023-07-31T16:14:33Z,0.6056960364803672
2023-07-31T17:10:45Z,0.727190688252449
2023-07-31T17:35:31Z,-0.0039224773645401
2023-07-31T17:35:28Z,0.7576242387294769
2023-07-31T15:01:10Z,-0.8155002072453499
2023-07-31T18:22:14Z,0.4141020476818084
2023-07-31T18:56:47Z,0.05806390568614
2023-07-31T19:22:40Z,0.9113083761185408
2023-08-01T03:47:40Z,0.8000272419303656
2023-08-01T06:31:33Z,0.0443120095878839
2023-08-01T08:29:13Z,0.0888341348618269
2023-08-01T09:31:45Z,0.4828610569238662
2023-08-01T12:18:57Z,0.8311081100255251
2023-08-01T12:23:14Z,0.8793472722172737
2023-08-01T13:22:37Z,0.8569243438541889
2023-08-01T13:55:40Z,0.0025653038173913
2023-08-01T15:09:07Z,0.9304110296070576
2023-08-01T15:18:12Z,-0.7969203926622868
2023-08-01T17:16:43Z,0.1706339428201317
2023-08-01T17:35:20Z,0.052553815767169
2023-08-01T17:42:49Z,-0.0211467742919921
2023-08-01T18:56:02Z,0.0977919707074761
2023-08-01T21:14:36Z,0.013912234455347
2023-08-02T01:47:50Z,0.1342060193419456
2023-08-02T05:51:15Z,0.5981488777324557
2023-08-02T08:46:34Z,-0.966241132002324
2023-08-02T13:14:24Z,0.2491574268788099
2023-08-02T13:16:16Z,-0.2075491417199373
2023-08-02T14:09:31Z,-0.0227760355919599
2023-08-02T15:26:39Z,0.0044056847691535
2023-08-02T15:28:32Z,-0.4695190228521824
2023-08-02T15:50:01Z,-0.9117685295641422
2023-08-02T16:17:01Z,0.8594782203435898
2023-08-02T17:19:06Z,0.1063752844929695
2023-08-02T17:35:18Z,-0.0039224773645401
2023-08-02T17:57:27Z,-0.0194494910538196
2023-08-02T18:07:14Z,0.6830682037398219
2023-08-02T19:39:43Z,0.7632850036025047
2023-08-02T21:28:47Z,-0.0219241101294755
2023-08-03T01:53:44Z,-0.0191058404743671
2023-08-03T02:30:27Z,0.4971132259815931
2023-08-03T06:29:37Z,-0.5029851235449314
2023-08-03T06:55:58Z,0.8848077282309532
2023-08-03T07:14:30Z,0.9004935324192047
2023-08-03T10:18:02Z,-0.1368065401911735
2023-08-03T10:59:00Z,-0.0846068561077117
2023-08-03T11:37:49Z,-0.0168912708759307
2023-08-03T11:45:16Z,-0.2830078639090061
2023-08-03T12:14:21Z,-0.5138257313519716
2023-08-03T13:29:21Z,0.0059930235147476
2023-08-03T13:46:59Z,0.2098838062956929
2023-08-03T15:18:28Z,0.2927278578281402
2023-08-03T15:52:55Z,0.159378569573164
2023-08-03T15:53:30Z,0.5112694650888443
2023-08-03T17:35:17Z,-0.0039224773645401
2023-08-03T17:53:12Z,-0.1431410312652588
2023-08-03T18:47:29Z,0.0248376000672578
2023-08-03T19:12:38Z,0.0034404657781124
2023-08-03T20:30:55Z,0.4687305986881256
2023-08-03T20:31:33Z,0.9352529793977736
2023-08-03T20:31:57Z,0.9222031058743596
2023-08-03T20:33:00Z,0.0310471318662166
2023-08-03T20:33:33Z,-0.9340541884303092
2023-08-03T20:44:27Z,0.8039073161780834
2023-08-03T21:02:04Z,-0.9551138123497368
2023-08-03T21:28:16Z,0.869899570941925
2023-08-03T21:32:36Z,0.052203482016921
2023-08-03T21:52:59Z,-0.955216341651976
2023-08-03T22:08:50Z,-0.7755048871040344
2023-08-04T01:20:55Z,-0.0133042223751544
2023-08-04T08:19:42Z,0.0296779572963714
2023-08-04T08:37:28Z,0.060896860435605
2023-08-04T08:52:56Z,0.0661790538579225
2023-08-04T09:08:19Z,-0.8323243707418442
2023-08-04T09:41:28Z,-0.6704591736197472
2023-08-04T09:42:44Z,0.2266100021079182
2023-08-04T10:28:24Z,0.7433342337608337
2023-08-04T10:44:06Z,-0.0107652358710765
2023-08-04T10:46:49Z,-0.07192874699831
2023-08-04T10:26:47Z,-0.0130668766796588
2023-08-04T10:52:54Z,0.8058360125869513
2023-08-04T11:26:44Z,-0.1800050139427185
2023-08-04T11:42:54Z,-0.0139341838657855
2023-08-04T11:50:38Z,0.8648233488202095
2023-08-04T11:57:58Z,-0.9459251146763564
2023-08-04T12:10:36Z,-0.6791728995740414
2023-08-04T12:19:04Z,-0.4557158052921295
2023-08-04T12:20:58Z,-0.7906317971646786
2023-08-04T12:39:44Z,-0.0294537208974361
2023-08-04T12:46:41Z,0.246273148804903
2023-08-04T13:26:36Z,-0.0074543859809637
2023-08-04T14:19:17Z,0.921649683266878
2023-08-04T14:34:05Z,-0.4609916508197784
2023-08-04T15:01:16Z,-0.455218369141221
2023-08-04T15:10:58Z,-0.9293022453784944
2023-08-04T15:25:59Z,-0.4621174335479736
2023-08-04T15:37:15Z,0.0927617494016885
2023-08-04T16:18:40Z,-0.9542943611741066
2023-08-04T16:52:30Z,0.790690939873457
2023-08-04T11:12:40Z,-0.8583418224006891
2023-08-04T16:55:55Z,-0.7840398475527763
2023-08-04T17:15:51Z,-0.5298172123730183
2023-08-04T17:35:23Z,0.052553815767169
2023-08-04T17:27:13Z,0.0247175060212612
2023-08-04T18:52:24Z,0.0302349589765071
2023-08-04T20:28:40Z,-0.9102530106902122
2023-08-04T21:04:14Z,0.0284936055541038
2023-08-05T15:51:41Z,-0.9596528075635432
2023-08-05T16:28:37Z,0.9153094049543142
2023-08-06T12:01:10Z,0.0050785653293132
2023-08-06T16:00:13Z,-0.017245190218091
2023-08-07T02:13:09Z,-0.7307864855974913
2023-08-07T04:57:39Z,0.4412823766469955
2023-08-07T06:47:45Z,-0.9554526163265108
2023-08-07T08:25:50Z,0.1305482070893049
2023-08-07T09:36:57Z,-0.8171877041459084
2023-08-07T10:14:07Z,0.0016849637031555
2023-08-07T10:22:59Z,0.081922635436058
2023-08-07T12:26:32Z,-0.52114481292665
2023-08-07T12:51:17Z,0.0896778022870421
2023-08-07T12:52:54Z,-0.601639598608017
2023-08-07T14:34:22Z,0.0563382189720869
2023-08-07T15:12:07Z,0.156208929605782
2023-08-07T15:51:47Z,0.1092831464484334
2023-08-07T15:52:54Z,0.004447016865015
2023-08-07T16:12:22Z,0.1079363245517015
2023-08-07T16:17:18Z,0.0569916516542434
2023-08-07T16:49:27Z,0.1882292069494724
2023-08-07T17:35:22Z,0.052553815767169
2023-08-07T17:50:53Z,-0.3613512441515922
2023-08-07T18:10:37Z,-0.5749239008873701
2023-08-07T19:41:54Z,-0.0229506734758615
2023-08-07T21:55:25Z,0.0333459507673978
2023-08-07T22:18:19Z,0.5752529473975301
2023-08-08T08:05:05Z,0.0163364857435226
2023-08-08T10:06:57Z,0.1620330503210425
2023-08-08T11:12:19Z,0.1396230431273579
2023-08-08T12:34:28Z,0.6375967152416706
2023-08-08T12:40:46Z,0.5208715386688709
2023-08-08T13:00:34Z,0.3865718552842736
2023-08-08T13:37:54Z,-0.502984918653965
2023-08-08T13:56:11Z,0.1194481877610087
2023-08-08T14:03:21Z,2.4428591132164e-05
2023-08-08T14:04:13Z,0.1876912340521812
2023-08-08T14:50:23Z,0.1428992329165339
2023-08-08T14:52:55Z,-0.9177770894020796
2023-08-08T15:01:08Z,0.0465647652745246
2023-08-08T16:35:29Z,-0.023158011958003
2023-08-08T17:04:24Z,-0.4496067073196172
2023-08-08T17:09:59Z,-0.9284959621727468
2023-08-08T17:35:22Z,-0.0039224773645401
2023-08-08T17:58:25Z,-0.9351640585809946
2023-08-08T18:15:01Z,0.920923525467515
2023-08-08T19:56:43Z,-0.0472321696579456
2023-08-08T20:04:42Z,-0.3574270214885473
2023-08-08T20:12:20Z,0.9387590438127518
2023-08-08T20:19:02Z,0.3294441448524594
2023-08-08T20:27:33Z,-0.936298280954361
2023-08-09T07:49:29Z,0.5817743884399533
2023-08-09T08:09:21Z,-0.0153068490326404
2023-08-09T09:06:20Z,0.0590121401473879
2023-08-09T09:55:03Z,0.1125597758218646
2023-08-09T11:50:17Z,0.082742303609848
2023-08-09T11:56:28Z,0.0949069233611226
2023-08-09T13:34:50Z,-0.554632980376482
2023-08-04T10:39:49Z,-0.9567066375166178
2023-08-04T07:36:03Z,0.0189467035233974
2023-08-03T18:43:00Z,0.86392592638731
2023-08-03T08:27:48Z,0.0133031718432903
2023-08-09T13:59:58Z,-0.5067642815411091
2023-08-09T14:16:52Z,0.1808626931160688
2023-08-09T14:32:33Z,0.1346336156129837
2023-08-09T14:31:52Z,-0.0081457588821649
2023-08-09T16:23:55Z,-0.0165865942835807
2023-08-09T16:52:16Z,0.0482263565063476
2023-08-09T17:11:26Z,-0.42167654260993
2023-08-09T17:35:19Z,0.052553815767169
2023-08-09T17:49:30Z,6.72265887260437e-05
2023-08-09T18:33:41Z,-0.1166996955871582
2023-08-10T06:16:35Z,0.8012170912697911
2023-08-10T08:31:30Z,0.9371211379766464
2023-08-10T10:42:42Z,0.3609076542779803
2023-08-10T12:54:07Z,0.1153294742107391
2023-08-10T14:06:46Z,-0.0025905799120664
2023-08-10T14:55:39Z,0.8587453961372375
2023-08-10T15:38:19Z,0.1277631735429167
2023-08-07T15:08:17Z,-0.2963045537471771
2023-08-10T17:35:18Z,-0.0039224773645401
2023-08-10T21:01:28Z,0.8641423434019089
2023-08-10T06:26:36Z,-0.1071796305477619
2023-08-11T08:08:52Z,0.2477324958890676
2023-08-11T06:08:14Z,0.880839666351676
2023-08-11T09:34:47Z,0.0727270944043994
2023-08-11T09:40:07Z,-0.1282142400741577
2023-08-11T10:30:55Z,0.9090127106755972
2023-08-11T14:44:11Z,-0.0233255866914987
2023-08-11T14:51:34Z,0.2588757332414388
2023-04-12T14:00:39Z,0.0151387453079223
2023-08-11T15:55:36Z,-0.9533987920731306
2023-08-11T16:11:50Z,-0.0026414021849632
2023-08-11T17:35:18Z,0.052553815767169
2023-08-12T18:36:51Z,0.0048710852861404
2023-08-13T14:02:12Z,0.047151580452919
2023-08-13T18:50:16Z,0.6797505477443337
2023-08-13T19:44:18Z,0.0130533352494239
2023-08-14T03:55:46Z,-0.9612823342904449
2023-08-14T07:40:58Z,0.1433120658621192
2023-08-14T08:22:41Z,-0.1825430244207382
2023-08-14T10:51:14Z,0.6325758844614029
2023-08-14T11:23:52Z,-0.0101398564875125
2023-08-14T12:46:41Z,-0.959747756831348
2023-08-14T12:49:56Z,0.0690283887088298
2023-08-14T13:48:31Z,0.8330380991101265
2023-08-14T14:12:09Z,0.0017413403838872
2023-08-14T14:29:26Z,0.3609863296151161
2023-08-14T14:11:09Z,0.1370181376114487
2023-08-14T16:48:48Z,0.0062603093683719
2023-08-14T17:35:18Z,0.052553815767169
2023-08-14T18:08:09Z,0.0567270386964082
2023-08-14T19:21:03Z,-0.0081829018890857
2023-08-14T21:39:49Z,0.0245194602757692
2023-08-15T08:43:21Z,-0.8407757505774498
2023-08-15T10:09:45Z,0.0255045276135206
2023-08-15T10:11:11Z,-0.049849797040224
2023-08-15T12:43:49Z,-0.9602945521473883
2023-08-15T12:51:26Z,0.8790073674172163
2023-08-15T13:18:20Z,-0.0064217466861009
2023-08-15T13:58:14Z,0.0005405656993389
2023-08-15T14:21:38Z,0.2637529829517007
2023-08-15T15:12:39Z,0.0346772167831659
2023-08-15T15:19:45Z,-0.6476360484957695
2023-08-15T17:35:17Z,0.052553815767169
2023-08-15T17:45:19Z,-0.8629076983779669
2023-08-15T18:13:50Z,0.0010837763547897
2023-08-15T18:29:25Z,0.926370345056057
2023-08-15T19:02:50Z,0.021070510149002
2023-08-16T07:57:35Z,0.3482163790613413
2023-08-16T08:37:31Z,0.1778777427971363
2023-08-16T09:11:36Z,0.0300326608121395
2023-08-16T09:22:00Z,0.1797572895884513
2023-08-16T09:49:25Z,0.9076818898320198
2023-08-16T11:47:05Z,0.280505551956594
2023-08-16T12:21:23Z,0.1257896237075328
2023-08-16T12:31:51Z,0.2880194587633014
2023-08-16T13:14:00Z,0.6046571247279644
2023-08-16T14:28:06Z,0.0008889865130186
2023-08-16T14:56:20Z,-0.8302773758769035
2023-08-16T16:23:32Z,-0.4666908923536539
2023-08-16T17:35:16Z,-0.0039224773645401
2023-08-16T19:46:25Z,-0.0261964797973632
2023-08-16T20:25:29Z,0.013978399336338
2023-08-16T22:52:55Z,-0.0118640661239624
2023-08-17T05:55:07Z,0.072562045417726
2023-08-17T08:40:58Z,-0.4795655012130737
2023-08-17T10:18:05Z,0.0013319738209247
2023-08-17T11:50:36Z,-0.7434720918536186
2023-08-17T12:34:27Z,-0.4476109743118286
2023-08-17T12:46:14Z,0.0212350226938724
2023-08-17T12:48:40Z,-0.0233291871845722
2023-08-17T13:59:00Z,-0.0025306958705186
2023-08-17T14:33:44Z,-0.9080903446301818
2023-08-17T15:51:33Z,0.4421662762761116
2023-08-17T16:10:00Z,0.0767055228352546
2023-08-17T17:00:52Z,-0.018366452306509
2023-08-17T17:35:18Z,0.052553815767169
2023-08-17T17:57:52Z,-0.65397047996521
2023-08-17T18:32:18Z,0.069191999733448
2023-08-18T06:37:41Z,-0.2511895410716533
2023-08-18T09:25:32Z,-0.062923077493906
2023-08-18T11:10:10Z,-0.8574590645730495
2023-08-18T11:32:22Z,0.663154044188559
2023-08-18T12:20:22Z,0.909231573343277
2023-08-18T13:41:42Z,-0.0177469998598098
2023-08-18T13:46:06Z,0.0014979988336563
2023-08-18T14:52:13Z,0.2011386901140213
2023-08-18T15:54:57Z,-0.7450568899512291
2023-08-18T16:50:04Z,0.160978564992547
2023-08-18T17:35:16Z,-0.0039224773645401
2023-08-18T19:25:39Z,-0.6218136996030807
2023-08-18T19:55:31Z,-0.1139425337314605
2023-08-19T15:47:01Z,0.0170559380203485
2021-01-06T11:02:55Z,0.79925198527053
2022-05-09T11:21:38Z,0.4283207571133971
2023-08-20T10:01:13Z,0.0516900122165679
2023-08-21T05:32:15Z,0.7964882692322135
2023-08-21T06:18:01Z,0.2488037878647446
2023-08-21T07:01:07Z,0.2044662339612841
2023-08-21T09:21:01Z,-0.9584348667412996
2023-08-21T11:17:22Z,0.0096479430794715
2023-08-21T11:29:20Z,0.0677281338721513
2023-08-21T12:32:26Z,0.0899699656292796
2023-08-21T13:12:59Z,0.9278743173927068
2023-08-21T13:35:07Z,-0.0170366894453763
2023-08-21T13:46:12Z,0.0047064200043678
2023-08-21T13:53:26Z,0.1066532284021377
2023-08-21T14:28:40Z,0.0113306399434804
2023-08-21T17:20:44Z,-0.0007839426398277
2023-08-21T17:35:18Z,0.052553815767169
2023-08-21T17:53:10Z,0.0389166548848152
2023-08-21T18:01:13Z,0.8059346657246351
2023-08-21T18:22:02Z,-0.3002964667975902
2023-08-22T07:10:13Z,-0.9422322483733296
2023-08-22T12:31:36Z,0.0851832460612058
2023-08-22T13:22:45Z,-0.001155287027359
2023-08-22T13:37:25Z,-0.0180835667997598
2023-08-22T13:35:45Z,-0.0017289258539676
2023-08-22T15:09:30Z,0.9157395660877228
2023-08-22T17:35:15Z,-0.0039224773645401
2023-08-22T20:30:12Z,0.0584418196231126
2023-08-22T21:20:25Z,0.6995607540011406
2023-08-22T21:21:01Z,-0.1655661612749099
2023-08-23T04:59:44Z,0.0041150785982608
2023-08-23T07:33:18Z,0.0296813361346721
2023-08-23T08:45:00Z,0.0156416948884725
2023-08-23T09:14:37Z,0.6649482846260071
2023-08-23T11:20:05Z,0.254273354075849
2023-08-23T13:32:20Z,-0.0180156901478767
2023-08-23T13:53:59Z,-0.0025656539946794
2023-08-23T15:46:28Z,0.0341562125831842
2023-08-23T17:35:15Z,0.052553815767169
2023-08-23T19:10:37Z,0.3386787362396717
2023-08-23T22:59:06Z,0.2918394431471824
2023-08-24T05:23:09Z,0.1531853079795837
2023-08-24T08:24:07Z,0.3858581054955721
2023-08-24T08:47:48Z,-0.8370085973292589
2023-08-24T09:23:01Z,-0.3921349253505468
2023-08-24T10:15:06Z,0.0625076219439506
2023-08-24T12:21:27Z,-0.4901180434972048
2023-08-24T12:44:07Z,-0.1400937214493751
2023-08-24T12:20:37Z,0.1259598564356565
2023-08-24T13:33:23Z,-0.0180521886795759
2023-08-24T14:02:52Z,-0.0013230722397565
2023-08-10T20:55:10Z,-0.8082935847342014
2023-08-24T13:34:05Z,0.0491910390555858
2023-08-24T17:58:13Z,0.0967851094901561
2023-08-24T17:58:31Z,0.2442615088075399
2023-08-24T19:32:10Z,0.2137805894017219
2023-08-24T22:08:17Z,0.0181178804486989
2023-08-25T05:02:05Z,0.0333682876080274
2023-08-24T14:34:32Z,0.6922582015395164
2023-08-25T09:23:32Z,0.4127216683700681
2023-08-25T12:49:57Z,0.4023687811568379
2023-08-25T13:30:43Z,-0.9627185594290496
2023-08-25T13:34:06Z,-0.0175915043801069
2023-08-25T13:40:20Z,-0.0271463990211486
2023-08-25T13:44:38Z,0.6919070333242416
2023-08-25T13:52:47Z,-0.0006972197443246
2023-08-24T21:11:30Z,-0.0456087589263916
2023-08-25T14:35:53Z,-0.5501164644956589
2023-08-25T17:05:51Z,-0.6498924419283867
2023-08-25T17:30:31Z,0.9036681149154902
2023-08-25T17:35:19Z,-0.0039224773645401
2023-08-25T19:02:26Z,-0.2950302511453628
2023-08-26T07:58:14Z,-0.7725284080952406
2023-08-27T15:00:10Z,0.030701819807291
2023-08-27T20:28:38Z,0.4513912638649344
2023-08-28T03:27:52Z,-0.6423113457858562
2023-08-28T04:54:05Z,-0.0312586240470409
2023-08-28T09:54:31Z,0.0104499831795692
2023-08-28T11:13:38Z,0.0371779464185237
2023-08-28T12:49:33Z,-0.5162812266498804
2023-08-28T13:19:28Z,0.0324433036148548
2023-08-28T13:33:53Z,-0.0186235085129737
2023-08-28T13:40:54Z,0.0126529410481452
2023-08-28T13:49:33Z,0.6647531688213348
2023-08-28T14:16:25Z,0.033945009112358
2023-08-28T14:44:28Z,0.0001464504748582
2023-08-28T15:04:34Z,0.1197957908734679
2023-08-28T15:18:50Z,-0.954587141983211
2023-08-28T17:38:11Z,0.0179394464939832
2023-08-28T17:38:44Z,-0.5101522263139486
2023-08-29T04:23:49Z,-0.9430675823241472
2023-08-29T07:25:24Z,0.0269581023603677
2023-08-29T08:18:01Z,0.0892490036785602
2023-08-29T06:03:21Z,0.0467930221930146
2023-08-29T08:37:56Z,-0.9110458325594664
2023-08-29T10:03:35Z,0.9254137556999922
2023-08-29T11:22:02Z,0.0814654054120183
2023-08-29T13:11:34Z,0.1236908938735723
2023-08-29T13:17:51Z,0.2456076983362436
2023-08-29T13:58:49Z,0.2637137770652771
2023-08-29T14:05:44Z,0.0464929081499576
2023-08-29T14:23:08Z,0.0010144058614969
2023-08-29T14:45:40Z,0.0188015289604663
2023-08-29T15:31:29Z,0.6761714080348611
2023-08-29T15:40:59Z,0.1315477602183818
2023-08-29T16:13:05Z,-0.0117495283484458
2023-08-29T17:35:18Z,-0.0039224773645401
2023-08-29T18:25:08Z,0.0094685647636652
2023-08-29T18:48:49Z,-0.0280646197497844
2022-08-30T18:55:00Z,0.0398913510143756
2023-08-30T03:22:25Z,0.0724742636084556
2023-08-30T06:36:12Z,-0.6862513646483421
2023-08-30T07:59:04Z,0.0280779544264078
2023-08-30T10:59:49Z,0.2900306517258286
2023-08-30T09:23:49Z,0.0236923079937696
2023-08-30T13:29:59Z,0.0246466565877199
2023-08-30T13:33:04Z,-0.0179431103169918
2023-08-30T14:21:06Z,-0.8002176210284233
2023-08-30T15:58:55Z,0.0068931337445974
2023-08-30T17:13:42Z,0.4628236312419176
2023-08-30T17:35:17Z,0.052553815767169
2023-08-30T18:00:46Z,0.0380960181355476
2023-08-30T19:43:00Z,0.1557209491729736
2023-08-30T20:39:54Z,0.0670437589287757
2023-08-31T07:24:38Z,-0.7655756920576096
2023-08-31T10:37:45Z,0.3231627838686108
2023-08-31T13:34:40Z,-0.0165503770112991
2023-08-31T14:34:51Z,-0.0008330196142196
2023-08-31T15:20:10Z,-0.7829700708389282
2023-08-31T17:35:16Z,-0.0039224773645401
2023-08-31T17:50:38Z,0.128243027254939
2023-08-31T19:54:33Z,0.0809593796730041
2023-09-01T03:12:59Z,0.0779563449323177
2023-09-01T07:50:33Z,-0.3131300397217273
2023-09-01T09:10:08Z,-0.7354051768779755
2023-09-01T10:25:38Z,0.0143435038626194
2023-09-01T11:30:54Z,0.145970469340682
2023-09-01T14:04:39Z,0.0437332466244697
2023-09-01T15:00:32Z,0.0072079058736562
2023-09-01T15:48:56Z,0.0800214316695928
2023-09-01T17:35:16Z,0.052553815767169
2023-09-02T03:29:13Z,0.0342760179191827
2023-09-02T02:54:41Z,0.0262911207973957
2023-09-02T13:22:39Z,0.9020252479240298
2023-09-03T14:00:13Z,0.0111800208687782
2023-09-03T15:18:35Z,0.39937699213624
2023-09-03T16:30:44Z,0.0738756153732538
2023-09-03T17:13:45Z,-0.8079723604023457
2023-09-04T09:12:22Z,0.0595106575638055
2023-09-04T11:49:06Z,0.3538401089608669
2023-09-04T13:53:18Z,0.8398799416609108
2023-09-04T17:35:19Z,0.052553815767169
2023-09-04T19:55:03Z,0.3464597491547465
2023-09-04T20:17:06Z,-0.8603421859443188
2023-09-05T01:56:41Z,0.5727618560194969
2023-09-05T04:40:52Z,-0.0574492141604423
2023-09-05T06:09:51Z,-0.0676670745015144
2023-09-05T08:04:54Z,0.0165382288396358
2023-09-05T08:28:16Z,0.3582397364079952
2023-09-05T09:50:43Z,-0.918783413246274
2023-09-05T09:52:50Z,0.5336199197918177
2023-09-05T10:23:42Z,0.101352390833199
2023-09-05T10:54:25Z,0.2209225604310631
2023-09-05T12:34:52Z,-0.0780808851122856
2023-09-05T12:36:39Z,0.1330022867769003
2023-09-05T13:15:51Z,0.2799727153033018
2023-09-05T13:36:06Z,-0.4496067073196172
2023-09-05T13:40:24Z,0.005844572558999
2023-09-05T13:59:34Z,0.0461771320551633
2023-09-05T15:15:08Z,-0.3027314990758896
2023-09-05T15:10:23Z,0.3762061148881912
2023-09-05T13:42:00Z,-0.537167064845562
2023-09-05T15:37:17Z,0.0404551327228546
2023-09-05T16:00:24Z,0.0369743593037128
2023-09-05T16:31:04Z,0.0008842647075653
2023-09-05T16:55:07Z,-0.6218136996030807
2023-09-05T17:35:17Z,0.052553815767169
2023-09-05T18:12:51Z,-0.0238416548818349
2023-09-05T22:38:40Z,0.0383018851280212
2023-09-05T23:07:48Z,-9.096041321754456e-05
2023-09-06T07:11:11Z,-0.6458173338323832
2023-09-06T07:42:35Z,-0.7995734885334969
2023-09-06T07:47:44Z,-0.901528749614954
2023-09-06T09:40:34Z,0.0680555440485477
2023-09-06T12:30:59Z,0.9347545243799686
2023-09-06T12:37:14Z,0.100665109232068
2023-09-06T11:39:24Z,-0.2947591878473758
2023-09-06T12:52:54Z,0.1447807718068361
2023-09-06T13:24:37Z,0.6228068135678768
2023-09-06T13:43:39Z,-0.1721110232174396
2023-09-06T13:53:02Z,-0.1534575968980789
2023-09-06T13:59:24Z,0.0335058607161045
2023-09-06T14:45:26Z,0.2416668683290481
2023-09-06T14:56:57Z,0.0063272099941968
2023-09-06T14:47:26Z,-0.0001764222979545
2023-09-06T16:16:44Z,-0.9140515476465224
2023-09-06T16:56:29Z,-0.0373291075229644
2023-09-06T16:58:17Z,0.9130220245569944
2023-09-06T17:35:17Z,-0.0039224773645401
2023-09-07T01:45:22Z,-0.0381390489637851
2023-09-07T04:16:10Z,0.0428343638777732
2023-09-07T04:51:09Z,0.304078571498394
2023-09-07T06:21:22Z,-0.9188171718269588
2023-09-07T06:52:23Z,0.7626979053020477
2023-09-07T07:17:40Z,-0.0263453759253025
2023-09-07T09:40:50Z,-0.0107652358710765
2023-09-07T10:23:58Z,0.888252018019557
2023-09-07T10:50:47Z,0.4816329283639788
2023-09-07T11:38:27Z,0.1017480697482824
2023-09-07T11:40:13Z,-0.9306577648967505
2023-09-07T12:13:09Z,-0.9297110615298152
2023-09-07T12:53:51Z,-0.6867469698190689
2023-09-07T13:13:12Z,-0.4476109743118286
2023-09-07T14:13:38Z,0.0003477148711681
2023-09-07T14:16:15Z,0.039903862401843
2023-09-07T15:13:52Z,-0.7852844521403313
2023-09-07T11:30:48Z,0.1088804081082344
2023-09-07T15:30:02Z,-0.5039970055222511
2023-09-07T15:23:29Z,-0.4096759706735611
2023-09-07T15:49:45Z,0.047545226290822
2023-09-07T16:16:20Z,-0.8873139880597591
2023-09-07T16:43:54Z,0.1675621941685676
2023-09-07T17:26:50Z,-0.8550050128251314
2023-09-07T17:35:15Z,-0.0039224773645401
2023-09-07T17:36:14Z,0.0400912873446941
2023-09-07T19:12:58Z,-0.8756595570594072
2023-09-07T19:16:38Z,-0.8110373895615339
2023-09-07T19:16:42Z,0.0384332537651062
2023-09-07T19:22:04Z,-0.9378482550382614
2023-09-08T01:31:32Z,-0.1145231910049915
2023-09-08T02:21:02Z,0.5028699580579996
2023-09-08T03:54:28Z,0.3922871360555291
2023-09-08T04:49:55Z,0.028257442638278
2023-09-08T06:18:16Z,-0.9060266371816396
2023-09-08T07:34:58Z,0.1097275950014591
2023-09-08T09:29:21Z,-0.8360354155302048
2023-09-08T11:16:05Z,-0.8429095149040222
2023-09-08T11:31:25Z,-0.6498625725507736
2023-09-08T13:31:25Z,0.0960107585415244
2023-09-08T13:37:03Z,0.6768724583089352
2023-09-08T14:00:43Z,-0.737729862332344
2023-09-08T14:01:00Z,-0.0168802924454212
2023-09-08T14:08:13Z,0.2059567086398601
2023-09-08T14:10:50Z,0.0051408968865871
2023-09-08T14:25:18Z,-0.7471973299980164
2023-09-08T14:32:16Z,-0.1331999525427818
2023-09-08T15:36:25Z,-0.4621174335479736
2023-09-08T16:32:29Z,-0.5055987481027842
2023-09-08T17:01:50Z,-0.3187496364116668
2023-09-08T17:35:17Z,0.052553815767169
2023-09-08T17:50:21Z,-0.3959541916847229
2023-09-08T20:15:41Z,-0.8999044224619865
2023-09-08T20:14:13Z,-0.0111648999154567
2023-09-08T20:49:31Z,-0.2921665534377098
2023-09-09T09:22:48Z,0.6872617658227682
2023-09-09T16:48:20Z,0.0097052566707134
2023-09-09T16:51:12Z,0.5849513998255134
2023-09-09T21:46:06Z,0.0330267585813999
2023-09-09T22:30:06Z,0.8715135622769594
2023-09-09T23:24:26Z,0.027970490977168
2023-09-10T10:00:17Z,0.2264500856399536
2023-09-10T12:50:20Z,0.924886291846633
2023-09-10T15:00:00Z,0.0744834542274475
2023-09-11T01:38:12Z,0.9080000277608632
2023-09-11T02:53:41Z,0.0282334424555301
2023-09-11T07:39:54Z,0.0557108558714389
2023-09-11T08:30:18Z,-0.918320088647306
2023-09-11T11:31:01Z,0.6018889918923378
2023-09-11T11:39:51Z,0.1800481034442782
2023-09-11T11:53:46Z,0.8704863800667226
2023-09-11T12:06:35Z,-0.4452427439391613
2023-09-11T13:16:13Z,-0.5101522263139486
2023-09-11T13:41:12Z,-0.0260981023311615
2023-09-11T13:52:51Z,-0.2324717193841934
2023-09-11T13:48:51Z,-0.015852004289627
2023-09-11T14:08:03Z,-0.9494815170764924
2023-09-11T14:17:28Z,-0.8134594559669495
2023-09-11T15:05:58Z,0.0043183825910091
2023-09-11T16:37:42Z,0.110091658309102
2023-09-11T17:19:18Z,-0.8044389709830284
2023-09-11T17:35:17Z,-0.0039224773645401
2023-09-12T03:30:49Z,0.6945900581777096
2023-09-12T06:10:54Z,0.0076808091253042
2023-09-12T07:04:15Z,0.8824844211339951
2023-09-12T07:28:44Z,0.0138034410774707
2023-09-12T08:46:44Z,-0.9272929225116968
2023-09-12T08:51:40Z,0.1332289045676589
2023-09-12T09:08:33Z,-0.8536846097558737
2023-09-12T09:32:57Z,0.8340011155232787
2023-09-12T10:22:55Z,0.1839819848537445
2023-09-12T10:38:13Z,0.080875726416707
2023-09-12T11:23:22Z,-0.0456705391407012
2023-09-12T11:36:06Z,0.3798067318275571
2023-09-12T11:50:49Z,0.145016947761178
2023-09-12T12:10:09Z,-0.9181189350783824
2023-09-12T12:47:56Z,0.1804205477237701
2023-09-12T12:50:43Z,0.5446921577677131
2023-09-12T12:57:47Z,0.6220767945051193
2023-09-12T13:36:46Z,0.0046953242272138
2023-09-12T13:42:23Z,-0.6518609374761581
2023-09-12T13:51:54Z,-0.024051159620285
2023-09-12T14:32:57Z,-0.4446969330310821
2023-09-12T14:48:07Z,0.0528173074126243
2023-09-12T14:51:19Z,-0.0728053897619247
2023-09-12T16:10:09Z,-0.8131121024489403
2023-09-12T16:10:44Z,0.1997605133801698
2023-09-12T16:11:57Z,0.0198973678052425
2023-09-12T16:47:39Z,0.0573486536741256
2023-09-12T17:07:41Z,0.2097880458459258
2023-09-12T17:09:02Z,0.001715749502182
2023-09-12T17:10:07Z,0.1153041739016771
2023-09-12T17:11:32Z,0.1725103850476443
2023-09-12T17:15:26Z,0.0675401901826262
2023-09-12T17:23:53Z,0.0585351129993796
2023-09-12T17:25:56Z,-0.8754657804965973
2023-09-12T17:27:12Z,0.1554879583418369
2023-09-12T17:28:47Z,0.1041614338755607
2023-09-12T17:29:15Z,-0.0228841118514537
2023-09-12T17:29:45Z,0.0174682587385177
2023-09-12T17:33:07Z,0.1339439311996102
2023-09-12T17:34:17Z,-0.0089377798140048
2023-09-12T17:34:25Z,0.0117437969893217
2023-09-12T17:34:59Z,0.0087185483425855
2023-09-12T17:36:07Z,0.0064977724105119
2023-09-12T17:37:22Z,0.0574649525806307
2023-09-12T17:38:20Z,0.0084523782134056
2023-09-12T17:40:20Z,0.0790877789258956
2023-09-12T17:45:38Z,0.1465759426355362
2023-09-12T17:49:10Z,0.0205407105386257
2023-09-12T17:50:34Z,0.0330953709781169
2023-09-12T17:50:59Z,0.1136575462296605
2023-09-12T17:54:07Z,0.0499755553901195
2023-09-12T17:55:17Z,0.1506503447890281
2023-09-12T17:51:11Z,0.0147122740745544
2023-09-12T18:01:05Z,0.085428656078875
2023-09-12T18:02:31Z,0.1311699450016021
2023-09-12T18:04:26Z,-0.0341613180935382
2023-09-12T18:06:45Z,0.1929398942738771
2023-09-12T18:10:52Z,0.1219228198751807
2023-09-12T18:14:34Z,0.0551829999312758
2023-09-12T18:19:48Z,0.0447582378983497
2023-09-12T18:20:32Z,0.0905814999714493
2023-09-12T18:35:38Z,0.0265719518065452
2023-09-12T19:16:11Z,0.078485807403922
2023-09-12T19:41:24Z,0.0646795332431793
2023-09-12T19:50:05Z,-0.3825087063014507
2023-09-12T19:50:55Z,-0.8303033392876387
2023-09-12T20:15:56Z,0.045999826863408
2023-09-12T20:46:42Z,-0.4476109743118286
2023-09-12T21:03:20Z,-0.8679662104696035
2023-09-12T21:58:47Z,0.0433525573462247
2023-09-12T22:16:23Z,0.0371661446988582
2023-09-12T23:12:55Z,0.9266274617984892
2023-09-13T02:02:35Z,0.7572846636176109
2023-09-13T03:06:38Z,0.1546958023682236
2023-09-13T04:17:00Z,0.2590390425175428
2023-09-13T05:46:37Z,0.0939207710325717
2023-09-13T06:46:33Z,-0.9362695086747408
2023-09-13T09:04:22Z,0.0723963649943471
2023-09-13T09:01:57Z,-0.9530403688549997
2023-09-13T09:28:19Z,-0.4738092459738254
2023-09-13T09:50:42Z,-0.0177275352180004
2023-09-13T10:44:19Z,-0.0107652358710765
2023-09-13T11:13:23Z,0.8980973362922668
2023-09-13T12:13:59Z,0.0827707424759864
2023-09-13T12:31:10Z,0.0643204003572464
2023-09-13T12:41:26Z,0.7704393095336854
2023-09-13T12:42:00Z,0.7438778728246689
2023-09-13T12:42:33Z,-0.6980840116739273
2023-09-13T13:03:07Z,0.030060326680541
2023-09-13T13:33:32Z,-0.0236791390925645
2023-09-13T13:43:31Z,0.882192675024271
2023-09-13T14:13:20Z,-0.0197120867669582
2023-09-13T14:15:20Z,0.0999144203960895
2023-09-13T14:22:55Z,0.0047334395349025
2023-09-13T15:09:52Z,0.0492469239979982
2023-09-13T16:06:10Z,-0.2097511738538742
2023-09-13T16:37:44Z,-0.0399564206600189
2023-09-13T17:10:36Z,0.6121150776743889
2023-09-13T17:13:35Z,-0.5205418393015862
2023-09-13T17:35:18Z,-0.0039224773645401
2023-09-13T17:59:19Z,0.5831804424524307
2023-09-13T17:59:51Z,-0.7665438558906317
2023-09-13T21:32:06Z,0.5700141787528992
2023-09-14T03:19:48Z,-0.9078943394124508
2023-09-14T06:58:25Z,0.1524609066545963
2023-09-14T08:01:29Z,0.0295317005366086
2023-09-14T07:22:26Z,-0.0240032337605953
2023-09-14T08:14:56Z,0.2394672185182571
2023-09-14T08:37:52Z,-0.0872567743062973
2023-09-14T09:41:40Z,-0.9048919901251792
2023-09-14T11:33:42Z,0.6283016577363014
2023-09-14T11:56:17Z,0.9157214788720012
2023-09-14T13:32:01Z,-0.0237049423158168
2023-09-14T13:38:11Z,-0.0010546501725912
2023-09-14T13:40:51Z,0.0011960342526435
2023-09-14T13:56:49Z,0.0503483396023511
2023-09-14T13:56:55Z,0.0477235605940222
2023-09-14T15:22:20Z,0.427654430270195
2023-09-14T16:57:31Z,0.6996706044301391
2023-09-14T17:18:54Z,0.0749647617340087
2023-09-14T17:26:09Z,-0.4298244342207908
2023-09-14T17:42:56Z,-0.896688774228096
2023-09-14T21:05:40Z,-0.7447560578584671
2023-09-15T04:11:20Z,-0.1737490259110927
2023-09-15T09:10:31Z,0.0236104819923639
2023-09-15T09:38:27Z,-0.9561653416603804
2023-09-15T09:48:36Z,-0.8514604447409511
2023-09-15T10:06:13Z,0.2997030615806579
2023-09-15T11:21:28Z,-0.3374925106763839
2023-09-15T12:19:10Z,-0.2727621346712112
2023-09-15T12:36:31Z,0.2168376557528972
2023-09-15T12:54:31Z,-0.9628326212987304
2023-09-15T13:21:35Z,-0.4224470183253288
2023-09-15T13:32:45Z,-0.0239004921168088
2023-09-15T13:54:12Z,0.0010306555777788
2023-09-15T14:08:50Z,-0.8702886160463095
2023-09-15T14:14:24Z,-0.9530353546142578
2023-09-15T15:06:39Z,-0.532037578523159
2023-09-15T15:42:34Z,-0.799409618601203
2023-09-15T12:47:49Z,0.0401589199900627
2023-09-15T17:10:43Z,-0.6908882856369019
2023-09-15T17:35:17Z,-0.0039224773645401
2023-09-15T10:44:18Z,-0.6842052303254604
2023-09-16T14:11:12Z,0.6148242149502039
2023-09-16T12:52:17Z,-0.0559252575039863
2023-09-17T16:43:10Z,-0.9387909434735776
2023-09-17T18:13:26Z,0.827027939260006
2023-09-18T00:18:22Z,0.2516767531633377
2023-09-17T14:00:00Z,0.1428333483636379
2023-09-18T05:02:57Z,0.0428400412201881
2023-09-18T06:36:53Z,0.9278661087155342
2023-09-18T07:06:09Z,0.1342327268794179
2023-09-18T07:48:32Z,0.8783989027142525
2023-09-18T08:19:33Z,-0.952812084928155
2023-09-18T10:09:10Z,0.4955035410821438
2023-09-18T10:52:09Z,0.028755560517311
2023-09-18T12:42:19Z,0.9386314814910292
2023-09-18T12:54:32Z,-0.5496060699224472
2023-09-18T13:04:46Z,0.1912622498348355
2023-09-18T13:35:46Z,-0.0232809651643037
2023-09-18T13:45:19Z,0.1569330655038356
2023-09-18T14:21:17Z,0.0042651165276765
2023-09-18T14:26:27Z,0.0675138160586357
2023-09-18T15:19:02Z,0.2814626041799783
2023-09-15T17:46:53Z,0.249769702553749
2023-09-18T17:11:01Z,0.4201969113200903
2023-09-18T17:21:01Z,-0.932008048519492
2023-09-18T16:46:17Z,-0.382645383477211
2023-09-18T17:35:16Z,0.052553815767169
2023-09-18T18:10:03Z,0.1172579862177372
2023-09-18T18:38:35Z,0.1604006085544824
2023-09-18T19:06:58Z,0.0754225198179483
2023-09-18T22:50:56Z,0.0221417564898729
2023-09-18T23:20:34Z,0.0151863824576139
2023-09-19T05:15:46Z,-0.7327755186706781
2023-09-19T06:19:05Z,0.619324617087841
2023-09-19T07:23:30Z,-0.2424572110176086
2023-09-19T09:23:14Z,0.9100181423127652
2023-09-19T10:37:31Z,0.0655859541147947
2023-09-19T12:30:53Z,-0.9354084860533476
2023-09-19T12:37:00Z,-0.6274741888046265
2023-09-19T11:16:01Z,-0.4284064099192619
2023-09-19T13:33:12Z,-0.0227227639406919
2023-09-19T12:41:21Z,0.9115937743335962
2023-09-19T13:49:57Z,0.0065477602183818
2023-09-19T14:01:51Z,-0.0423774197697639
2023-09-19T14:14:21Z,-0.5510869696736336
2023-09-19T14:52:28Z,0.5723674725741148
2023-09-19T15:55:20Z,-0.2263116836547851
2023-09-19T16:47:11Z,-0.8210828164592385
2023-09-19T17:25:14Z,-0.9097288521006704
2023-09-19T17:35:16Z,0.052553815767169
2023-09-20T03:21:55Z,-0.9306059442460536
2023-09-20T05:19:47Z,-0.0928484108299017
2023-09-20T09:28:23Z,0.041807897388935
2023-09-20T10:04:11Z,0.0931135546416044
2023-09-20T11:12:33Z,0.6067025847733021
2023-09-20T11:48:17Z,-0.0981778725981712
2023-09-20T12:06:15Z,-0.7455706894397736
2023-09-20T12:42:25Z,0.0213234182447195
2023-09-20T12:56:40Z,-0.9274797048419714
2023-09-20T13:04:13Z,0.927351868711412
2023-09-20T13:10:20Z,0.0288298334926366
2023-09-20T13:32:09Z,-0.0234983209520578
2023-09-20T13:42:50Z,0.0425351122394204
2023-09-20T13:56:14Z,0.1653908006846904
2023-09-20T14:00:37Z,0.0777610968798399
2023-09-20T14:52:13Z,-0.0093945525586605
2023-09-20T15:03:53Z,0.0287326499819755
2023-09-20T16:25:38Z,0.0730161629617214
2023-09-20T17:35:14Z,0.052553815767169
2023-09-20T18:59:13Z,0.1681457087397575
2023-09-20T23:13:31Z,0.408755793236196
2023-09-21T07:52:25Z,-0.4092502743005752
2023-09-21T10:14:00Z,0.0648440103977918
2023-09-21T10:31:05Z,-0.5456245020031929
2023-09-21T12:10:41Z,0.7847263505682349
2023-09-21T12:34:18Z,-0.5039970055222511
2023-09-21T13:04:37Z,0.1882440922781825
2023-09-21T13:37:15Z,-0.0054339133203029
2023-09-21T13:51:31Z,-0.0223305448889732
2023-09-21T14:10:22Z,0.136916653253138
2023-09-21T14:21:36Z,-0.0035244598984718
2023-09-21T15:36:52Z,0.9336324892938136
2023-09-21T16:23:29Z,-0.5766606666147709
2023-09-21T17:35:17Z,0.052553815767169
2023-09-21T18:01:21Z,0.0384255079552531
2023-09-22T03:45:02Z,-0.9305704543367028
2023-09-22T07:48:47Z,0.0650543384253978
2023-09-22T09:59:16Z,-0.9459285521879792
2023-09-22T10:22:00Z,0.065025177784264
2023-09-22T11:48:47Z,-0.1540018320083618
2023-09-22T11:59:42Z,-0.9537951909005642
2023-09-22T12:46:29Z,0.9309576824307442
2023-09-22T12:58:11Z,0.7024911716580391
2023-09-22T13:39:12Z,-0.0236448124051094
2023-09-22T14:15:24Z,-0.4621174335479736
2023-09-22T14:27:04Z,0.0047104675322771
2023-09-22T14:46:19Z,0.7776332125067711
2023-09-22T14:45:49Z,-0.9391335286200048
2023-09-22T09:28:47Z,0.1178835704922676
2023-09-22T15:25:02Z,0.8839905839413404
2023-09-22T15:48:22Z,-0.064293785020709
2023-09-22T16:04:43Z,0.9376536030322312
2023-09-22T17:35:15Z,0.052553815767169
2023-09-22T19:14:43Z,0.92769237421453
2023-09-23T02:18:58Z,0.6058239974081516
2023-09-23T08:08:42Z,0.0401265323162078
2023-09-24T11:01:10Z,0.1210027923807501
2023-09-24T15:42:20Z,-0.6705641001462936
2023-09-24T16:28:19Z,-0.0031222701072692
2023-09-24T16:51:42Z,-0.8869506157934666
2023-09-24T19:10:44Z,-0.9496338125318288
2023-09-25T03:40:24Z,0.6394967818632722
2023-09-25T06:26:19Z,0.9139084946364164
2023-09-25T08:25:16Z,0.0232138819992542
2023-09-25T09:31:28Z,-0.8368917256593704
2023-09-25T09:48:12Z,0.0744915474206209
2023-09-25T10:08:52Z,0.0383586920797824
2023-09-25T10:33:03Z,0.0640569776296615
2023-09-25T11:06:38Z,0.857162662781775
2023-09-25T11:46:11Z,-0.7107348348945379
2023-09-25T11:52:57Z,-0.292854368686676
2023-09-25T12:43:11Z,-0.1315421536564827
2023-09-25T13:16:02Z,-0.0229894947260618
2023-09-25T13:17:10Z,-0.957257403060794
2023-09-25T14:11:19Z,0.6314955120906234
2023-09-25T14:21:46Z,-0.5101522263139486
2023-09-25T14:26:02Z,0.0520816147327423
2023-09-25T14:29:49Z,0.0023805107921361
2023-09-25T14:41:32Z,0.8139339713379741
2023-09-25T15:00:11Z,0.091738449409604
2023-09-25T15:22:28Z,-0.7764963805675507
2023-09-25T15:24:01Z,0.0671554654836654
2023-09-25T15:24:53Z,-0.3909640461206436
2023-09-25T17:35:20Z,-0.0039224773645401
2023-09-25T17:49:37Z,0.8891573660075665
2023-09-25T14:58:23Z,0.0803842097520828
2023-09-25T20:57:52Z,-0.8438068255782127
2023-09-26T03:43:12Z,0.0123166646808385
2023-09-26T06:08:55Z,0.0799308568239212
2023-09-26T09:50:59Z,0.1294155670329928
2023-09-26T10:30:06Z,0.1458254568278789
2023-09-26T11:34:03Z,0.0013389308005571
2023-09-26T11:37:15Z,0.0245241522789001
2023-09-26T11:44:32Z,0.0975106246769428
2023-09-26T12:11:12Z,0.1723274961113929
2023-09-26T07:05:30Z,0.0343663617968559
2023-09-26T13:08:11Z,0.7221275195479393
2023-09-26T13:46:12Z,-0.064293785020709
2023-09-26T13:48:12Z,-0.0231891106814146
2023-09-26T14:48:59Z,0.017866875976324
2023-09-26T14:54:37Z,0.3491205750033259
2023-09-26T15:05:32Z,0.0020105335861444
2023-09-26T15:21:48Z,0.1981109045445919
2023-09-26T15:48:46Z,0.8317360170185566
2023-09-26T16:00:31Z,-0.9439664017409086
2023-09-26T17:22:47Z,0.0414175484329462
2023-09-26T17:24:43Z,0.1454435745254159
2023-09-26T17:26:40Z,0.170130118727684
2023-09-26T17:35:17Z,0.052553815767169
2023-09-26T19:51:42Z,-0.410995090380311
2023-09-27T03:14:54Z,-0.8323034215718508
2023-09-27T06:37:03Z,0.0144309997558593
2023-09-27T08:03:12Z,0.1875332444906234
2023-09-27T08:04:07Z,-0.7297710850834846
2023-09-27T09:35:59Z,-0.0642644315958023
2023-09-27T11:19:59Z,-0.7093770485371351
2023-09-27T12:28:36Z,0.7004184890538454
2023-09-27T12:37:28Z,-0.6748818904161453
2023-09-27T13:05:57Z,-0.0023515187203884
2023-09-27T13:16:58Z,-0.0239787083119153
2023-09-27T13:25:17Z,0.1135644055902957
2023-09-27T13:47:47Z,0.0304901301860809
2023-09-27T14:24:42Z,-0.1262027472257614
2023-09-27T14:44:14Z,0.8858100175857544
2023-09-27T14:55:52Z,0.0033532753586769
2023-09-27T16:02:54Z,-0.2241888083517551
2023-09-27T17:09:14Z,-0.3223440498113632
2023-09-27T17:35:17Z,0.052553815767169
2023-09-27T18:22:01Z,-0.9179576644673944
2023-09-27T18:40:00Z,-0.248540598899126
2023-09-27T19:43:03Z,0.0267211347818374
2023-09-28T02:53:17Z,0.0302881151437759
2023-09-28T07:40:13Z,-0.9447799883782864
2023-09-28T08:49:57Z,0.1759690251201391
2023-09-28T10:14:29Z,0.0696639660745859
2023-09-28T11:23:31Z,-0.6040629297494888
2023-09-28T11:46:28Z,0.4612722024321556
2023-09-28T12:30:05Z,-0.0714873671531677
2023-09-28T12:58:25Z,0.6147789284586906
2023-09-28T13:12:31Z,-0.0239968486130237
2023-09-28T13:16:13Z,0.4013959988951683
2023-09-28T13:26:43Z,-0.917927767150104
2023-09-28T14:56:42Z,-0.9631602303124964
2023-09-28T14:55:07Z,0.0106238815933465
2023-09-28T15:25:27Z,0.0982198864221572
2023-09-28T15:31:29Z,0.0650757029652595
2023-09-28T17:10:35Z,-0.8000369109213352
2023-09-28T17:35:15Z,0.052553815767169
2023-09-28T19:08:17Z,0.1656541638076305
2023-09-29T02:05:01Z,0.0671817194670438
2023-09-29T09:09:13Z,-0.0758810713887214
2023-09-29T12:28:54Z,0.8314360678195953
2023-09-29T13:01:58Z,0.9069174863398076
2023-09-29T13:32:24Z,-0.0238853301852941
2023-09-29T13:40:21Z,0.0363855585455894
2023-09-29T13:47:04Z,0.0670345798134803
2023-09-29T14:25:22Z,0.7140361964702606
2023-09-29T14:35:13Z,0.0019575860351324
2023-06-02T12:22:43Z,-0.0205528400838375
2023-09-29T17:35:17Z,0.052553815767169
2023-09-29T17:24:37Z,0.033779714256525
2023-09-29T18:00:18Z,-0.7796881161630154
2023-09-29T04:33:54Z,-0.1035810746252536
2023-09-30T02:38:37Z,-0.8196131717413664
2023-09-30T16:44:07Z,0.6688116127625108
2023-10-01T13:01:12Z,0.1003980115056037
2023-10-01T16:13:43Z,-0.4700150992721319
2023-10-02T02:07:41Z,-0.0322656277567148
2023-10-02T06:35:53Z,-0.0054654590785503
2023-10-02T09:44:48Z,-0.0441279839724302
2023-10-02T10:39:11Z,0.1670620217919349
2023-10-02T11:11:03Z,0.1758601665496826
2023-10-02T13:09:39Z,0.0657616788521409
2023-10-02T13:14:46Z,-0.0238344930112361
2023-10-02T13:40:24Z,0.1921819970011711
2023-10-02T14:50:06Z,0.0052564106881618
2023-10-02T15:05:33Z,-0.1616988964378833
2023-10-02T16:11:00Z,0.9339896747842432
2023-10-02T16:36:46Z,-0.9423300102353096
2023-10-02T17:01:20Z,0.2590007726103067
2023-10-02T21:03:20Z,0.0962955262511968
2023-10-03T03:52:45Z,-0.850646622478962
2023-10-03T02:05:54Z,0.0479065030813217
2023-10-03T10:04:53Z,0.695072996430099
2023-10-03T11:44:38Z,-0.2530111074447632
2023-10-02T21:44:22Z,0.1798906018957495
2023-10-03T11:58:45Z,0.9136240631341934
2023-10-03T13:17:34Z,-0.3422652222216129
2023-10-03T13:41:35Z,-0.0086099337786436
2023-10-03T14:11:20Z,-0.9054073533043264
2023-10-03T14:26:44Z,-0.0077840592712163
2023-10-03T14:59:42Z,-0.1453524380922317
2023-10-03T16:01:53Z,0.1679810406640172
2023-10-03T16:45:06Z,-0.0215786099433898
2023-10-03T18:29:45Z,-0.927092078141868
2023-10-03T20:52:23Z,-0.7476998828351498
2023-10-04T06:08:58Z,-0.0101785846054553
2023-10-04T08:18:27Z,-0.885971549898386
2023-10-04T07:52:33Z,-0.0052266977727413
2023-10-04T08:44:25Z,-0.8751369928941131
2023-10-04T10:03:38Z,-0.8635219158604741
2023-10-04T11:48:14Z,-0.4814978651702404
2023-10-04T11:51:34Z,-0.4470690228044987
2023-10-04T12:45:42Z,-0.0033170506358146
2023-10-04T13:14:22Z,-0.0244584288448095
2023-10-04T13:17:31Z,0.1496672770008444
2023-10-04T15:00:28Z,-0.4409808237105608
2023-10-04T15:27:53Z,0.1571521367877721
2023-10-04T16:41:37Z,0.8047143868170679
2023-10-04T17:14:05Z,0.2683641612529754
2023-10-04T17:35:18Z,0.052553815767169
2023-10-04T15:23:38Z,0.0040360745042562
2023-10-04T17:42:31Z,0.1038086488842964
2023-10-04T17:52:01Z,-0.2603185176849365
2023-10-03T19:06:42Z,-0.9582157572731376
2023-10-04T14:31:36Z,0.3093754071742296
2023-10-04T18:54:20Z,-0.0006641820073127
2023-10-05T03:43:39Z,0.1586302444338798
2023-10-05T07:27:39Z,-0.932850867509842
2023-10-05T08:27:04Z,0.7456786930561066
2023-10-05T09:14:01Z,-0.0345235206186771
2023-10-05T10:34:44Z,0.0330650825053453
2023-10-05T12:57:56Z,-0.9624886438250542
2023-10-05T12:59:42Z,-0.85864482447505
2023-10-05T11:34:38Z,-0.7922915741801262
2023-10-05T13:34:01Z,0.1485738009214401
2023-10-05T14:52:50Z,0.0941426027566194
2023-10-05T15:15:32Z,-0.9529969785362482
2023-10-05T15:24:14Z,-0.0004600919783115
2023-10-05T16:24:54Z,0.7822846518829465
2023-10-05T17:32:10Z,0.3551100790500641
2023-10-05T17:32:36Z,-0.7402919828891754
2023-10-05T17:35:18Z,-0.0039224773645401
2023-10-05T19:49:41Z,0.0360952690243721
2023-10-06T02:44:12Z,0.3583407122641802
2023-10-06T09:36:34Z,0.2533303666859865
2023-10-06T10:54:02Z,0.0252536293119192
2023-10-06T12:09:25Z,0.9215084370225668
2023-10-06T13:20:12Z,0.1769659165292978
2023-10-06T14:05:25Z,-0.9016117220744492
2023-10-06T14:28:51Z,0.0011740624904632
2023-10-06T14:45:46Z,-0.1027523875236511
2023-10-06T15:10:34Z,0.2028692653402686
2023-10-06T17:35:18Z,0.052553815767169
2023-10-06T18:12:36Z,-0.939700061455369
2023-10-06T19:12:49Z,-0.1966564208269119
2023-10-06T19:48:21Z,0.3065289137884974
2023-10-07T15:00:06Z,0.0662335269153118
2023-10-07T19:34:03Z,0.2775362813845277
2023-10-08T09:02:12Z,0.000808972865343
2023-10-08T19:25:23Z,0.0481186397373676
2023-10-09T03:27:00Z,0.9321542670950294
2023-10-09T07:19:07Z,0.3007036512717604
2023-10-09T07:57:52Z,0.0635245414450764
2023-10-09T10:25:20Z,0.0139586012810468
2023-10-09T12:52:55Z,-0.4870547261089086
2023-10-09T13:37:15Z,-0.024207878857851
2023-10-09T14:22:58Z,0.0655859541147947
2023-10-09T14:19:16Z,0.0628971084952354
2023-10-09T14:53:29Z,-0.0016784351319074
2023-10-09T15:32:59Z,0.1638635471463203
2023-10-09T15:40:46Z,0.8950485605746508
2023-10-09T17:35:17Z,0.052553815767169
2023-10-10T05:43:03Z,0.0071622878313064
2023-10-10T07:14:14Z,-0.8260850831866264
2023-10-10T07:18:08Z,-0.9498231643810868
2023-10-10T09:55:19Z,0.0422485098242759
2023-10-10T10:15:33Z,0.1225031241774559
2023-10-10T11:54:15Z,-0.4745306670665741
2023-10-10T13:27:23Z,-0.4086887687444687
2023-10-10T14:03:36Z,0.310152162797749
2023-10-10T15:02:23Z,0.1035945191979408
2023-10-10T15:12:11Z,0.927664928138256
2023-10-10T15:27:53Z,0.000525938346982
2023-10-10T16:00:18Z,0.090006997808814
2023-10-10T05:19:29Z,0.044361469335854
2023-10-10T16:46:38Z,0.0589765664190053
2023-10-10T17:08:48Z,0.4107428174465894
2023-10-10T17:40:55Z,0.0122215319424867
2023-10-10T19:28:32Z,0.0608962066471576
2023-10-10T20:38:18Z,0.0770573262125253
2023-10-09T21:40:18Z,-0.422597125172615
2023-10-10T21:22:01Z,0.0693945130333304
2023-10-11T02:10:45Z,-0.953929539769888
2023-09-13T01:21:08Z,0.0143468026071786
2023-10-11T03:55:26Z,0.0348005127161741
2023-10-11T07:33:22Z,0.0908241383731365
2023-10-11T07:47:13Z,0.729593439027667
2023-10-11T07:56:49Z,-0.7594632878899574
2023-10-11T09:35:12Z,0.640683151781559
2023-10-11T10:44:13Z,0.0502510499209165
2023-10-11T12:01:23Z,-0.0213497001677751
2023-10-11T12:43:54Z,0.075978247448802
2023-10-11T13:10:37Z,0.0666110757738351
2023-10-11T13:21:42Z,-0.0239561349153518
2023-10-11T14:46:36Z,-0.6009734869003296
2023-10-11T14:57:27Z,0.0046067833900451
2023-10-11T15:32:53Z,0.0502793248742818
2023-10-11T15:40:08Z,0.5997878760099411
2023-10-11T16:51:21Z,-0.4978325329720974
2023-10-11T17:35:19Z,0.052553815767169
2023-10-11T18:23:26Z,0.028690431267023
2023-10-11T19:12:30Z,0.8392092064023018
2023-10-11T21:49:56Z,0.0667528416961431
2023-10-12T05:16:53Z,-0.8217225037515163
2023-10-12T08:57:19Z,-0.391213234513998
2023-10-12T10:25:36Z,-0.3713702969253063
2023-10-12T10:46:59Z,0.5691704172641039
2023-10-12T12:06:49Z,0.0388022307306528
2023-10-12T12:16:41Z,-0.9160651313140988
2023-10-12T12:43:08Z,0.0283073112368583
2023-10-12T12:45:10Z,-0.9577666511759162
2023-10-12T12:59:00Z,0.8428254872560501
2023-10-12T13:28:51Z,-0.0240442771464586
2023-10-12T13:52:17Z,0.0581662748008966
2023-10-12T14:08:54Z,-0.9486818769946694
2023-10-12T15:16:11Z,0.0044225584715604
2023-10-12T15:27:30Z,-0.5778848454356194
2023-10-12T16:52:36Z,-0.5018230937421322
2023-10-12T17:00:06Z,0.9149046204984188
2023-10-12T17:37:12Z,0.052553815767169
2023-10-12T20:57:30Z,0.026858203113079
2023-10-12T21:46:00Z,0.1947695482522249
2023-10-13T02:00:15Z,0.6816505854949355
2023-10-13T10:40:33Z,-0.6592979617416859
2023-10-13T12:13:58Z,0.919556364417076
2023-10-13T13:11:37Z,-0.0252285692840814
2023-10-13T14:26:15Z,0.0042259935289621
2023-10-13T14:30:30Z,-0.6436018198728561
2023-10-13T17:35:17Z,-0.0039224773645401
2023-10-13T19:14:11Z,-0.0127537138760089
2023-10-13T20:37:47Z,0.0591131290420889
2023-10-14T13:20:47Z,0.8896705033257604
2023-10-14T21:20:45Z,0.221538788639009
2023-10-15T13:28:13Z,0.0383418072015047
2023-10-16T03:38:30Z,0.0244099721312522
2023-10-16T04:19:19Z,-0.9346922216936946
2023-10-16T06:36:17Z,0.2294176369905471
2023-10-16T08:24:27Z,0.3502536565065384
2023-10-16T10:37:14Z,-0.9667750000953674
2023-10-16T11:15:29Z,0.0214249175041914
2023-10-16T11:44:03Z,-0.9645705344155432
2023-10-16T12:05:08Z,-0.8865889683365822
2023-10-16T12:18:46Z,0.517751990351826
2023-10-16T12:20:47Z,-0.465897262096405
2023-10-16T12:32:10Z,0.0093837790191173
2023-10-16T13:04:43Z,0.7920550117269158
2023-10-16T13:11:32Z,-0.0241763386875391
2023-10-16T13:24:56Z,-0.9026789711788296
2023-10-16T13:27:19Z,0.0026532523334026
2023-10-16T14:16:54Z,0.2581280972808599
2023-10-16T14:35:10Z,-0.8070057332515717
2023-10-16T14:40:11Z,0.0004429500550031
2023-10-16T15:03:54Z,0.0200687497854232
2023-10-16T15:19:59Z,-0.5101522263139486
2023-10-16T17:35:15Z,0.052553815767169
2023-10-16T18:28:38Z,-0.8606575708836317
2023-10-16T21:12:59Z,0.8752462975680828
2023-10-17T03:15:37Z,-0.8754138946533203
2023-10-17T03:32:14Z,-0.8863381994888186
2023-10-17T06:45:43Z,0.107854432426393
2023-10-17T08:14:39Z,0.1628526151180267
2023-10-17T08:32:04Z,0.2134257024154067
2023-10-17T10:33:05Z,0.0400349088013172
2023-10-17T10:39:03Z,0.5524952625855803
2023-10-17T11:16:26Z,0.1807234603911638
2023-10-17T11:57:48Z,0.5807512849569321
2023-10-17T13:28:33Z,-0.0240584667772054
2023-10-17T13:44:33Z,0.0714069250971078
2023-10-17T14:05:06Z,-0.9275395069271326
2023-10-17T14:26:10Z,0.0032916478812694
2023-10-17T14:27:12Z,-0.1778566986322403
2023-10-17T14:42:31Z,0.868421696126461
2023-10-17T16:55:45Z,0.6838689744472504
2023-10-17T17:35:14Z,0.052553815767169
2023-10-17T19:22:46Z,0.0173899959772825
2023-10-18T07:33:38Z,-0.7628053147345781
2023-10-18T08:00:03Z,-0.0054657310247421
2023-10-18T09:13:42Z,-0.7731422334909439
2023-10-18T10:45:13Z,-0.0067513063549995
2023-10-18T12:46:58Z,-0.3474285714328289
2023-10-18T12:56:53Z,0.1974734999239444
2023-10-18T12:59:43Z,0.1594959832727909
2023-10-18T13:02:26Z,0.9044434037059546
2023-10-18T13:17:04Z,-0.0234590414911508
2023-10-18T13:17:12Z,0.8246123101562262
2023-10-18T14:18:54Z,0.0038391444832086
2023-10-18T15:03:25Z,-0.4695190228521824
2023-10-18T15:07:23Z,-0.9617120828479528
2023-10-18T17:09:12Z,-0.7320885062217712
2023-10-18T17:35:15Z,-0.0039224773645401
2023-10-18T17:36:45Z,-0.8960324861109257
2023-10-19T03:41:14Z,0.1260171066969633
2023-10-19T08:05:42Z,-0.5889607816934586
2023-10-19T09:47:37Z,0.3339902106672525
2023-10-19T10:00:18Z,-0.9579207915812732
2023-10-19T11:16:11Z,-0.9226922476664186
2023-10-19T12:22:06Z,0.2169010825455188
2023-10-19T12:48:42Z,0.0559251084923744
2023-10-19T13:48:44Z,-0.0231623966246843
2023-10-19T14:32:43Z,-0.5039970055222511
2023-10-19T14:45:45Z,0.0059743393212556
2023-10-19T15:29:06Z,-0.9362639151513577
2023-10-19T17:35:15Z,-0.0039224773645401
2023-10-19T20:50:26Z,0.0491744764149189
2023-10-20T06:20:08Z,0.2122796736657619
2023-10-20T09:25:16Z,-0.1667338013648986
2023-10-20T09:55:12Z,0.1828186847269535
2023-10-20T10:29:25Z,0.9086767062544824
2023-10-20T11:07:24Z,0.8870887216180563
2023-10-20T13:15:58Z,0.2065068818628788
2023-10-20T13:17:34Z,-0.0238768309354782
2023-10-20T13:22:53Z,0.0396923646330833
2023-10-20T14:08:25Z,0.0043922252953052
2023-10-20T14:48:53Z,0.0030324440449476
2023-10-20T15:36:19Z,0.9363334737718104
2023-10-20T15:36:33Z,0.2553285611793399
2023-10-20T17:35:16Z,0.052553815767169
2023-10-21T02:16:06Z,0.9178695566952229
2023-10-21T13:29:24Z,0.1360601857304573
2023-10-22T11:14:10Z,-0.0132376085966825
2023-10-22T17:03:02Z,-0.5422166921198368
2023-10-23T07:37:33Z,-0.920526836067438
2023-10-23T08:02:51Z,0.2166387336328625
2023-10-23T10:22:43Z,-0.7345979604870081
2023-10-23T12:33:54Z,0.3933018445968628
2023-10-23T13:19:20Z,-0.0242498647421598
2023-10-23T15:13:12Z,-0.950742531567812
2023-10-23T13:31:24Z,0.2047065943479538
2023-10-23T15:19:41Z,0.064550332725048
2023-10-23T19:17:57Z,-0.0065322555601596
2023-10-23T20:33:21Z,0.7245419602841139
2023-10-23T22:34:56Z,0.0085141155868768
2023-10-24T01:48:08Z,0.0766480267047882
2023-10-24T05:49:17Z,0.1116758100688457
2023-10-24T10:26:12Z,0.0188144817948341
2023-10-24T10:27:22Z,-0.8917872086167336
2023-10-24T10:27:58Z,0.1385532915592193
2023-10-24T11:06:11Z,0.2344983825460076
2023-10-24T12:47:57Z,0.8270213226787746
2023-10-24T14:24:32Z,0.4102336792275309
2023-10-24T14:47:52Z,-0.4528709985315799
2023-10-24T15:13:59Z,-0.2245887070894241
2023-10-24T16:00:18Z,0.035740802064538
2023-10-24T16:11:57Z,-1.4584511518478394e-06
2023-10-24T17:35:15Z,-0.0039224773645401
2023-10-24T18:06:15Z,0.0812919400632381
2023-10-24T18:13:50Z,-0.8169883415102959
2023-10-24T18:59:35Z,-0.0661507938057184
2023-10-24T20:28:34Z,0.0798198077827692
2023-10-24T20:46:55Z,0.0526403356343507
2023-10-24T21:00:54Z,0.4683777820318937
2023-10-25T03:30:39Z,-0.0249247513711452
2023-10-25T04:23:04Z,-0.9258495029062032
2023-10-25T07:00:57Z,-0.7143289037048817
2023-10-25T08:11:23Z,0.213284202851355
2023-10-25T08:15:33Z,0.0607482902705669
2023-10-25T08:57:37Z,0.7271327683702111
2023-10-25T10:09:18Z,0.6242464054375887
2023-10-25T11:41:16Z,0.0337218027561903
2023-10-25T11:47:40Z,0.92926577758044
2023-10-25T13:04:30Z,0.0842020707204938
2023-10-25T13:09:25Z,-0.0234792176634073
2023-10-25T13:39:41Z,0.2363938586786389
2023-10-25T14:12:52Z,0.0753237083554267
2023-10-25T14:10:53Z,0.8412945121526718
2023-10-25T14:34:59Z,0.0007645711302757
2023-10-25T14:53:39Z,0.0184971019625663
2023-10-25T16:12:03Z,0.0095774196088314
2023-10-25T17:10:14Z,0.4393697371706366
2023-10-25T17:35:13Z,0.052553815767169
2023-10-25T19:32:12Z,0.7237145528197289
2023-10-26T01:24:34Z,0.031696617603302
2023-10-26T02:23:33Z,0.0149125438183546
2023-10-26T08:32:55Z,-0.0105492062866687
2023-10-26T08:11:53Z,-0.0035593584179878
2023-10-26T11:18:40Z,0.0857570320367813
2023-10-26T06:35:06Z,-0.002239853143692
2023-10-26T12:24:43Z,0.8589584361761808
2023-10-26T12:29:16Z,0.1415910888463258
2023-10-26T13:33:03Z,0.5897950427606702
2023-10-26T14:57:45Z,0.0053053982555866
2023-10-26T15:20:10Z,-0.9263712037354708
2023-10-26T15:32:28Z,-0.9120947178453208
2023-10-26T17:35:16Z,-0.0039224773645401
2023-10-26T18:05:22Z,0.0054223835468292
2023-10-26T21:30:15Z,-0.8296620845794678
2023-10-27T01:33:21Z,-0.0314621739089489
2023-10-27T12:12:59Z,0.1303725428879261
2023-10-27T12:20:03Z,-0.9489947473630308
2023-10-27T10:29:46Z,-0.94331818446517
2023-10-27T13:13:08Z,-0.0246546473354101
2023-10-27T13:36:57Z,-0.4621174335479736
2023-10-27T14:32:32Z,0.8121530041098595
2023-10-27T14:33:31Z,0.0047278217971324
2023-10-27T15:58:09Z,-0.7906481772661209
2023-10-27T16:30:59Z,-0.9564737873151898
2023-10-27T17:35:13Z,-0.0039224773645401
2023-10-27T18:09:07Z,-0.7110266946256161
2023-10-27T18:44:25Z,-0.6503229755908251
2023-10-27T20:33:57Z,-0.4553684145212173
2023-10-28T02:13:55Z,-0.9549352424219252
2023-10-28T03:10:00Z,0.0464372690767049
2023-10-28T03:16:25Z,0.0485811661928892
2023-10-28T06:25:15Z,0.3231476545333862
2023-10-29T13:44:13Z,0.0995422452688217
2023-10-29T14:26:00Z,0.0665975660085678
2023-10-30T04:06:08Z,0.032339172437787
2023-10-30T07:09:04Z,0.0524395247921347
2023-10-30T08:06:04Z,-0.9623365709558128
2023-10-30T09:25:24Z,0.0021412223577499
2023-10-30T09:44:24Z,-0.95307607203722
2023-10-30T10:58:42Z,0.4474211633205414
2023-10-30T11:29:51Z,0.0376036912202835
2023-10-30T11:39:06Z,0.714793149381876
2023-10-30T11:55:59Z,0.809284106362611
2023-10-30T12:11:58Z,0.8362583122216165
2023-10-30T13:16:57Z,0.1639591306447982
2023-10-30T13:17:55Z,0.0269044078886508
2023-10-30T13:23:30Z,-0.5101522263139486
2023-10-30T07:40:15Z,0.8232080265879631
2023-10-30T13:43:37Z,-0.0240166950970888
2023-10-30T15:15:06Z,0.1909184604883194
2023-10-30T16:02:10Z,0.7419933304190636
2023-10-30T16:08:56Z,-0.0039963703602552
2023-10-30T16:33:37Z,0.8271528854966164
2023-10-30T17:09:14Z,-0.480077289044857
2023-10-30T17:35:13Z,-0.0039224773645401
2023-10-30T17:27:39Z,0.4941102769225836
2023-10-30T18:48:47Z,-0.572711318731308
2023-10-30T19:48:28Z,0.0404340252280235
2023-10-30T21:30:02Z,-0.4475956410169601
2023-10-31T01:45:23Z,0.0246836394071578
2023-10-31T02:39:00Z,-0.0173147358000278
2023-10-31T06:04:00Z,-0.4682314768433571
2023-10-31T06:51:07Z,0.0973894149065017
2023-10-31T07:53:52Z,0.2746753804385662
2023-10-31T04:18:15Z,0.0626350035890936
2023-10-31T10:35:10Z,-0.4494328051805496
2023-10-31T10:58:46Z,-0.0107652358710765
2023-10-31T11:57:45Z,0.0212710853666067
2023-10-31T12:15:54Z,0.9009366780519484
2023-10-31T12:16:37Z,0.6593111045658588
2023-10-31T12:49:56Z,-0.7422688603401184
2023-10-31T12:54:52Z,0.0325447563081979
2023-10-31T13:15:12Z,-0.0233609173446893
2023-10-31T14:26:25Z,-0.0016162041574716
2023-10-31T15:04:00Z,-0.8884094348177314
2023-10-31T16:02:41Z,0.3000572733581066
2023-10-31T16:01:23Z,-0.6006840653717518
2023-10-31T17:12:03Z,-0.948298305273056
2023-10-31T17:35:13Z,-0.0039224773645401
2023-10-31T19:22:30Z,-0.9020894300192596
2023-10-31T20:08:46Z,0.9269054410979152
2023-11-01T03:03:56Z,-0.0032070949673652
2023-11-01T09:01:19Z,-0.0504664182662963
2023-11-01T09:30:49Z,0.0177969932556152
2023-11-01T11:25:14Z,-0.6499405596405268
2023-11-01T12:12:59Z,0.2832025457173586
2023-11-01T13:13:26Z,0.0848788656294345
2023-11-01T13:19:39Z,-0.5496060699224472
2023-11-01T13:25:24Z,-0.0084668360650539
2023-11-01T13:22:39Z,-0.0231771375983953
2023-11-01T13:40:09Z,0.4256111439317465
2023-11-01T14:17:35Z,-0.0932249967008829
2023-11-01T14:40:47Z,0.0036124065518379
2023-11-01T15:00:18Z,0.1987496651709079
2023-11-01T16:03:43Z,0.2889248309656977
2023-11-01T16:13:28Z,0.7941155433654785
2023-11-01T17:01:26Z,-0.0262540280818939
2023-11-01T17:35:17Z,0.052553815767169
2023-11-01T17:49:02Z,0.8909569540992379
2023-11-02T02:57:05Z,-0.0455032475292682
2023-11-02T04:12:00Z,-0.4576126113533973
2023-11-02T06:12:58Z,0.2360364804044366
2023-11-02T08:36:40Z,-0.9026412535458804
2023-11-02T08:56:34Z,-0.0775370448827743
2023-11-02T08:58:47Z,-0.9581718482077122
2023-11-02T09:01:37Z,-0.7697857171297073
2023-11-02T09:57:11Z,0.0236303955316543
2023-11-02T09:10:44Z,0.0308171659708023
2023-11-02T09:50:55Z,0.0121253058314323
2023-11-02T10:10:19Z,-0.0928516164422035
2023-11-02T10:53:04Z,0.3378302790224552
2023-11-02T11:22:09Z,-0.374336265027523
2023-11-02T12:02:17Z,0.0317761749029159
2023-11-02T13:08:15Z,-0.0239811930805444
2023-11-02T13:41:30Z,-0.1363192275166511
2023-11-02T14:16:40Z,-0.0189005956053733
2023-11-02T14:41:18Z,0.0003652535378932
2023-11-02T15:35:33Z,0.0111288800835609
2023-11-02T13:54:04Z,-0.4456602111458778
2023-11-02T17:35:13Z,-0.0039224773645401
2023-11-02T19:02:10Z,0.0029179044067859
2023-11-02T20:00:03Z,-0.0817267000675201
2023-11-02T17:58:01Z,-0.0469081625342369
2023-11-02T20:30:30Z,0.1307648569345474
2023-11-02T20:30:37Z,0.0919888615608215
2023-11-02T20:30:47Z,0.1204633992165327
2023-11-02T20:30:52Z,0.0639694575220346
2023-11-02T20:30:59Z,0.030155973508954
2023-11-02T20:31:05Z,0.9207446686923504
2023-11-02T20:32:37Z,0.9293642677366734
2023-11-02T20:33:32Z,0.0443387981504201
2023-11-02T20:30:25Z,0.0080052614212036
2023-11-02T20:37:32Z,0.1782113015651703
2023-11-02T21:06:58Z,0.8050092295743525
2023-11-02T21:18:28Z,0.9356830809265376
2023-11-02T20:52:55Z,-0.3426876962184906
2023-11-02T21:21:37Z,0.1116665666922926
2023-11-02T21:26:13Z,0.8643524385988712
2023-11-02T21:27:22Z,0.3970724940299988
2023-11-02T21:31:24Z,0.889708986505866
2023-11-02T21:38:01Z,-0.929446078836918
2023-11-02T21:45:07Z,-0.9646887350827456
2023-11-02T21:59:34Z,0.932785637676716
2023-11-03T01:53:34Z,-0.0329161416739225
2023-11-03T04:26:52Z,0.2026920551434159
2023-11-03T06:25:59Z,0.7110981121659279
2023-11-03T06:35:16Z,0.0237506926059722
2023-11-03T06:35:52Z,-0.8830967284739017
2023-11-03T09:20:12Z,-0.9556252053007483
2023-11-03T10:02:21Z,-0.8897958025336266
2023-11-03T10:05:00Z,0.0102735348045825
2023-11-03T11:35:16Z,-0.9576321057975292
2023-11-03T11:23:13Z,0.0379986837506294
2023-11-03T12:04:28Z,-0.897215723991394
2023-11-03T12:32:59Z,0.1306313723325729
2023-11-03T12:41:43Z,0.1282774452120065
2023-11-03T13:12:39Z,-0.0241387020796537
2023-11-03T13:56:12Z,-0.132480964064598
2023-11-03T14:08:19Z,0.026737954467535
2023-11-03T14:18:05Z,0.0834426106885075
2023-11-03T14:40:56Z,-0.5496060699224472
2023-11-03T15:28:26Z,-0.6803937703371048
2023-11-03T15:31:59Z,0.0067222584038972
2023-11-03T15:48:18Z,0.9163276683539152
2023-11-03T16:32:54Z,0.7348564192652702
2023-11-03T17:35:13Z,0.052553815767169
2023-11-03T18:15:25Z,-0.9435688266530632
2023-11-03T18:55:35Z,0.3970798552036285
2023-11-03T19:49:41Z,0.0053032431751489
2023-11-03T20:03:39Z,0.1251336336135864
2023-11-03T21:46:21Z,-0.1901074796915054
2023-11-04T04:11:21Z,-0.9428008990362288
2023-11-04T12:39:20Z,0.0207885075360536
2023-11-04T12:44:18Z,0.9082518555223942
2023-11-04T12:46:54Z,0.0123276300728321
2023-11-04T15:52:12Z,0.3208257928490639
2023-11-04T20:37:44Z,0.0323618743568658
2023-11-04T14:34:52Z,0.0665803253650665
2023-11-05T12:23:10Z,-0.78312698751688
2023-11-06T04:13:42Z,0.7542942836880684
2023-11-06T07:14:53Z,0.5520182102918625
2023-11-06T07:49:45Z,0.5272329896688461
2023-11-06T07:32:32Z,-0.560417290776968
2023-11-06T10:03:40Z,-0.0003985129296779
2023-11-06T10:37:05Z,-0.0625351443886756
2023-11-06T12:55:17Z,0.6094600753858685
2023-11-06T13:05:55Z,0.0715082054957747
2023-11-06T13:24:21Z,0.2596612274646759
2023-11-06T14:12:22Z,-0.0236797295510768
2023-11-06T14:13:49Z,0.8943780800327659
2023-11-06T15:03:23Z,0.2157027572393417
2023-11-06T15:28:54Z,0.0048481822013854
2023-11-06T15:44:06Z,-0.5039471872150898
2023-11-06T15:39:53Z,0.64416962582618
2023-11-06T17:35:13Z,0.052553815767169
2023-11-06T18:35:09Z,-0.6057141460478306
2023-11-06T18:39:00Z,0.8925361763685942
2023-11-07T06:14:01Z,-0.0332328006625175
2023-11-07T07:46:48Z,0.0197450518608093
2023-11-07T11:04:21Z,0.8345031142234802
2023-11-07T13:26:05Z,0.4597476907074451
2023-11-07T14:11:50Z,-0.0237848982214927
2023-11-06T10:02:40Z,0.8419118337333202
2023-11-07T15:23:45Z,0.3855632394552231
2023-11-07T15:40:30Z,0.0059956181794404
2023-11-07T16:00:14Z,0.2304086266085505
2023-11-07T17:01:31Z,0.0812947386875748
2023-11-07T17:19:34Z,-0.5272339284420013
2023-11-07T17:35:19Z,-0.0039224773645401
2023-11-07T19:55:21Z,-0.7426806092262268
2023-11-06T23:43:26Z,0.0860117748379707
2023-11-08T02:32:22Z,-0.0490869153290987
2023-11-08T03:57:52Z,-0.7872058907523751
2023-11-08T04:40:41Z,0.0228465367108583
2023-11-08T05:10:34Z,-0.8394163027405739
2023-11-08T08:03:21Z,-0.052192073315382
2023-11-08T08:42:19Z,-0.6778131276369095
2023-11-08T07:40:55Z,0.7978955991566181
2023-11-08T11:22:19Z,-0.002978878095746
2023-11-08T12:48:27Z,-0.2309617772698402
2023-11-08T12:52:37Z,-0.6937081087380648
2023-11-08T14:15:56Z,-0.0241817515343427
2023-11-08T15:01:44Z,-0.005228966474533
2023-11-08T15:14:19Z,0.0062219593673944
2023-11-07T21:32:47Z,0.1123962448909878
2023-11-08T17:35:20Z,0.052553815767169
2023-11-09T02:18:23Z,-0.4189443588256836
2023-11-09T06:05:23Z,0.0257043242454528
2023-11-09T12:07:26Z,-0.469310637563467
2023-11-09T12:37:05Z,0.8877864805981517
2023-11-09T14:16:32Z,-0.0243633072823286
2023-11-09T14:31:54Z,-0.9388314243406056
2023-11-09T14:33:05Z,-0.8343516103923321
2023-11-09T15:28:00Z,0.7517125532031059
2023-11-09T15:37:36Z,0.0037649944424629
2023-11-09T17:35:14Z,-0.0039224773645401
2023-11-09T18:02:08Z,0.4902687780559063
2023-11-09T16:59:58Z,0.0045345276594161
2023-11-09T20:59:32Z,-0.245944581925869
2023-11-09T22:27:18Z,0.8962183259427547
2023-11-10T03:10:16Z,-0.8993992432951927
2023-11-10T07:43:44Z,0.1226777378469705
2023-11-10T09:32:09Z,0.5051961112767458
2023-11-10T10:13:12Z,0.7905671698972583
2023-11-10T10:44:11Z,0.4993981225416064
2023-11-10T12:47:01Z,0.0798938516527414
2023-11-10T14:13:25Z,-0.5689057931303978
2023-11-10T14:16:42Z,-0.0256607290357351
2023-11-10T00:20:39Z,0.0100696757435798
2023-11-10T16:54:29Z,-0.0130171310156583
2023-11-10T17:27:43Z,-0.0005509238690137
2023-11-10T17:35:14Z,-0.0039224773645401
2023-11-10T18:50:33Z,-0.5936675816774368
2023-11-10T19:02:58Z,-0.0906166136264801
2023-11-10T20:16:09Z,-0.5120898485183716
2023-11-10T21:23:26Z,0.26345095038414
2023-11-11T03:00:06Z,-0.565778024494648
2023-11-11T05:59:08Z,-0.4894273579120636
2023-11-11T18:20:00Z,0.654138270765543
2023-11-12T16:00:30Z,0.0683273086324334
2023-11-13T02:54:59Z,0.6881935186684132
2023-11-13T07:33:22Z,0.2871120255440473
2023-11-13T10:28:10Z,-0.5288631860166788
2023-11-13T13:33:00Z,-0.1140345484018325
2023-11-13T13:44:16Z,-0.3526915982365608
2023-11-13T14:24:34Z,-0.0240615420043468
2023-11-13T14:49:44Z,0.0003533847630023
2023-11-13T15:06:40Z,-0.4350093230605125
2023-11-13T15:31:33Z,0.3872127830982208
2023-11-13T17:06:45Z,0.5521666128188372
2023-11-13T17:35:20Z,0.052553815767169
2023-11-13T18:51:18Z,-0.2522569000720978
2023-11-13T20:47:08Z,0.7146597430109978
2023-11-14T08:06:11Z,-0.0825732722878456
2023-11-14T08:58:18Z,0.192611925303936
2023-11-14T13:09:52Z,0.0279053952544927
2023-11-14T13:56:50Z,0.20365578122437
2023-11-14T14:17:14Z,-0.0243568830192089
2023-11-14T15:50:35Z,0.0003025606274604
2023-11-14T16:26:46Z,0.8302690424025059
2023-11-14T16:41:08Z,0.128329336643219
2023-11-14T17:12:14Z,0.8499206374399364
2023-11-14T17:35:19Z,-0.0039224773645401
2023-11-14T19:38:24Z,0.9348017973825336
2023-11-14T19:40:17Z,0.1088800951838493
2023-11-14T22:37:13Z,0.0379864536225795
2023-11-15T01:17:02Z,0.6237057885155082
2023-11-15T05:56:39Z,0.0477313213050365
2023-11-15T08:36:26Z,0.0505176624283194
2023-11-15T09:05:39Z,0.1045948909595608
2023-11-15T10:33:21Z,-0.5249901190400124
2023-11-15T10:48:04Z,0.2881997032091021
2023-11-15T13:02:50Z,-0.0225688237696886
2023-11-15T13:51:14Z,-0.8876940384507179
2023-11-15T14:12:46Z,-0.0244995430111885
2023-11-15T15:19:21Z,0.8356350362300873
2023-11-15T15:37:34Z,-0.3299305140972137
2023-11-15T15:53:37Z,0.0002945084124803
2023-11-15T17:34:42Z,-0.5091071128845215
2023-11-15T17:35:14Z,-0.0039224773645401
2023-11-15T19:50:40Z,0.1058969451114535
2023-11-15T21:35:51Z,0.1628958210349083
2023-11-16T05:43:01Z,-0.7312842328101397
2023-11-16T07:59:36Z,-0.8490809313952923
2023-11-16T10:44:54Z,0.0669335387647152
2023-11-16T12:12:56Z,0.1468951953575015
2023-11-16T13:45:05Z,0.2000008560717106
2023-11-16T14:19:09Z,-0.0245293416082859
2023-11-16T15:05:08Z,0.9346254020929337
2023-11-16T15:03:15Z,-0.503925297409296
2023-11-16T15:19:14Z,0.0006596781313419
2023-11-16T16:00:43Z,0.923650935292244
2023-11-16T17:12:23Z,0.0681754071265459
2023-11-16T17:35:17Z,0.052553815767169
2023-11-16T18:12:57Z,0.00513356924057
2023-11-16T19:57:36Z,-0.7826050147414207
2023-11-16T20:51:16Z,0.1049677934497594
2023-11-16T21:14:25Z,-0.94940890930593
2023-11-17T02:26:34Z,-0.940201485529542
2023-11-17T06:49:41Z,0.1504895174875855
2023-11-17T08:55:23Z,-0.0632695592939853
2023-11-17T14:12:46Z,-0.0242408346384763
2023-11-17T14:39:31Z,-0.742983840405941
2023-11-17T15:10:38Z,-0.0136677660048007
2023-11-17T17:17:55Z,0.9334102440625428
2023-11-17T17:30:16Z,-0.5187264606356621
2023-11-17T17:35:17Z,-0.0039224773645401
2023-11-15T07:47:43Z,0.0413432735949754
2023-11-17T19:37:05Z,-0.5735211372375488
2023-11-17T19:18:47Z,-0.8429652769118547
2023-11-18T01:50:28Z,-0.6398054733872414
2023-11-18T02:40:27Z,-0.5592775195837021
2023-11-18T08:36:04Z,-0.5477345883846283
2023-11-18T10:04:44Z,-0.8863613307476044
2023-11-18T17:22:16Z,0.1119518224149942
2023-11-18T19:50:21Z,-0.927085069939494
2023-11-20T10:56:02Z,-0.1194226741790771
2023-11-20T13:25:04Z,-0.3283977322280407
2023-11-20T14:39:23Z,0.0615402348339557
2023-11-20T15:37:00Z,0.0014560036361217
2023-11-20T15:46:45Z,0.6470145583152771
2023-11-20T17:43:19Z,0.2762481784448027
2023-11-20T18:42:54Z,0.0335072036832571
2023-11-21T01:50:44Z,-0.9138972731307148
2023-11-21T06:59:45Z,-0.5253082700073719
2023-11-21T09:03:46Z,0.2085312260314822
2023-11-21T10:22:23Z,0.329022160731256
2023-11-21T12:12:39Z,0.256356818601489
2023-11-21T13:27:26Z,0.2049134168773889
2023-11-21T14:12:22Z,-0.0231703333556652
2023-11-21T14:08:51Z,0.9172631101682782
2023-11-21T14:22:52Z,-0.0598477907478809
2023-11-21T15:26:36Z,0.3776218220591545
2023-11-21T15:41:59Z,0.02153823338449
2023-11-21T16:00:13Z,0.2006252435967326
2023-11-21T15:58:23Z,0.0031840801239013
2023-11-21T17:35:12Z,-0.0039224773645401
2023-11-21T17:55:27Z,-0.8723183106631041
2023-11-21T18:23:05Z,0.3907724060118198
2023-11-21T18:38:15Z,0.0007788874208927
2023-11-22T08:10:46Z,0.1729239821434021
2023-11-22T08:31:04Z,-0.92551763728261
2023-11-22T09:55:37Z,0.9119978435337543
2023-11-22T09:56:49Z,-0.8650191510096192
2023-11-22T12:34:22Z,0.2238936722278595
2023-11-22T14:07:47Z,-0.0244714524596929
2023-11-22T16:38:27Z,0.0010772105306386
2023-11-22T17:15:12Z,-0.95621666777879
2023-11-22T17:35:12Z,0.052553815767169
2023-11-22T19:30:19Z,0.052418477833271
2023-11-22T20:09:15Z,0.0701450696215033
2023-11-22T22:01:15Z,0.2978221233934164
2023-11-23T02:58:56Z,0.274475066922605
2023-11-23T04:09:26Z,0.0419538281857967
2023-11-23T10:37:43Z,-0.1309906840324401
2023-11-23T12:02:22Z,-0.8689617961645126
2023-11-23T12:30:22Z,0.3636968154460192
2023-11-23T17:35:13Z,-0.0039224773645401
2023-11-23T17:53:11Z,-0.8658930603414774
2023-11-23T18:01:13Z,0.1112527763471007
2023-11-24T06:24:25Z,-0.7493986170738935
2023-11-24T09:48:47Z,-0.9204105772078036
2023-11-24T11:00:26Z,-0.916136985644698
2023-11-24T11:11:10Z,0.5999539643526077
2023-11-24T14:03:22Z,0.1794813880696892
2023-11-24T15:52:49Z,-0.5496060699224472
2023-11-24T16:56:11Z,0.9292438812553884
2023-11-24T18:05:30Z,0.9091927949339152
2023-11-24T19:27:17Z,-0.0322558600455522
2023-11-25T15:05:40Z,0.0201521050184965
2023-11-25T16:51:37Z,-0.9615973308682442
2023-11-25T18:08:39Z,0.0431611537933349
2023-11-25T18:34:18Z,0.1181776355952024
2023-11-27T03:16:08Z,-0.744538776576519
2023-11-27T04:33:36Z,-0.0911122467368841
2023-11-27T13:49:53Z,0.2904524700716138
2023-11-27T14:00:53Z,0.0292175514623522
2023-11-27T14:19:21Z,0.0615402348339557
2023-11-27T15:03:59Z,-0.9338306058198214
2023-11-27T15:45:41Z,0.0003466755151748
2023-11-27T17:35:14Z,-0.0039224773645401
2023-11-27T18:08:19Z,-0.8326037526130676
2023-11-28T05:55:55Z,0.0049497187137603
2023-11-28T12:41:58Z,-0.5643081925809383
2023-11-28T13:50:43Z,0.4113433100283146
2023-11-28T13:14:07Z,0.5069743022322655
2023-11-28T14:25:52Z,-0.0246437694877386
2023-11-28T15:31:06Z,0.0014720875769853
2023-11-28T15:58:04Z,0.0741554275155067
2023-11-28T16:57:38Z,0.8987417742609978
2023-11-28T17:58:03Z,-0.9060549028217793
2023-11-28T23:13:15Z,-0.5793140903115273
2023-11-28T22:58:35Z,0.4591509439051151
2023-11-28T23:29:12Z,0.0072899889200925
2023-11-29T00:22:01Z,-0.6391861047595739
2023-11-29T08:43:25Z,-0.9166131541132928
2023-11-29T07:11:07Z,-0.9423430357128382
2023-11-29T02:48:23Z,-0.0194944813847541
2023-11-29T09:50:44Z,0.6784414611756802
2023-11-29T10:13:52Z,0.0148918703198432
2023-11-29T11:36:38Z,0.6499182060360909
2023-11-29T11:56:13Z,-0.1140527408570051
2023-11-29T14:15:00Z,-0.0246035754680633
2023-11-29T15:29:03Z,0.000370766967535
2023-11-29T16:45:26Z,0.0265098214149475
2023-11-29T16:46:45Z,-0.1472366377711296
2023-11-29T17:35:14Z,0.052553815767169
2023-11-29T18:19:54Z,0.8890395276248455
2023-05-17T17:34:28Z,0.0506487693637609
2023-11-29T19:44:08Z,-0.5424943882972002
2023-11-29T22:50:06Z,0.3465429130010307
2023-11-30T07:59:57Z,-0.6743899695575237
2023-11-30T08:41:36Z,0.0417751427739858
2023-11-30T09:34:44Z,0.0316252745687961
2023-11-30T10:12:11Z,0.589715801179409
2023-11-30T10:29:04Z,0.0487473951652646
2023-11-29T21:57:18Z,0.0184923689812421
2023-11-30T12:46:28Z,0.0264900997281074
2023-11-30T14:10:36Z,0.5436447728425264
2023-11-30T14:41:26Z,-0.4935998059809208
2023-11-30T15:13:32Z,0.0850958302617073
2023-11-30T15:21:42Z,-0.7376771531999111
2023-11-30T15:39:22Z,0.0020489674061536
2023-11-30T15:54:14Z,0.898402938619256
2023-11-30T17:11:48Z,-0.8444188507273793
2023-11-30T17:35:14Z,-0.0039224773645401
2023-11-30T18:06:51Z,0.8507593348622322
2023-11-30T18:20:27Z,-0.9104793015867472
2023-11-30T18:30:36Z,-0.9331400617957116
2023-11-30T20:24:41Z,0.0573083087801933
2023-12-01T05:35:17Z,0.0786164971068501
2023-12-01T06:43:35Z,0.7934028366580606
2023-12-01T09:47:49Z,0.1030371459200978
2023-12-01T10:46:08Z,0.2405063044279813
2023-12-01T10:53:29Z,0.5368468016386032
2023-12-01T11:44:47Z,-0.796535624191165
2023-12-01T12:01:35Z,0.0853364532813429
2023-12-01T12:12:41Z,-0.9429057668894528
2023-12-01T12:33:09Z,0.6290512336418033
2023-12-01T12:39:30Z,0.2519428413361311
2023-12-01T14:12:47Z,0.4825534448027611
2023-12-01T15:35:52Z,0.0020357184112071
2023-12-01T16:37:06Z,0.4020997770130634
2023-12-01T17:35:14Z,-0.0039224773645401
2023-12-01T17:59:16Z,-0.9262552428990602
2023-12-02T02:36:01Z,-0.7286777049303055
2023-12-02T04:55:40Z,-0.9218115257099272
2023-12-02T08:32:24Z,-0.0045989789068698
2023-12-02T10:00:10Z,-0.0378220118582248
2023-12-02T22:29:29Z,-0.0140585042536258
2023-12-03T10:44:13Z,-0.3328935131430626
2023-12-02T18:20:06Z,-0.0134408492594957
2023-12-04T01:15:57Z,0.060703894123435
2023-12-04T03:00:24Z,0.0560390297323465
2023-12-04T11:16:44Z,0.117642437107861
2023-12-04T11:56:37Z,0.1281520584598183
2023-12-04T12:24:32Z,-0.9383297953754663
2023-12-04T12:42:00Z,0.209107294678688
2023-12-04T12:59:59Z,-0.0234753638505935
2023-12-04T13:12:23Z,-0.8645970374345779
2023-12-04T14:59:35Z,0.8663664953783154
2023-12-04T15:18:30Z,0.0012503489851951
2023-12-04T15:25:50Z,0.9319613110274076
2023-12-04T17:35:12Z,-0.0039224773645401
2023-12-04T18:51:16Z,-0.029643066227436
2023-12-04T19:45:42Z,0.3012143392115831
2023-12-05T03:27:40Z,0.0711507499217987
2023-12-05T06:04:34Z,0.0547174196690321
2023-12-05T06:12:49Z,0.0698209144175052
2023-12-05T06:12:53Z,0.0780332144349813
2023-12-05T10:20:43Z,-0.1871768273413181
2023-12-05T10:54:15Z,0.1142693683505058
2023-12-05T12:13:09Z,0.5477152122184634
2023-12-05T15:02:46Z,0.0231951065361499
2023-12-05T15:22:16Z,0.0012384783476591
2023-12-05T16:00:34Z,0.5145028233528137
2023-12-05T16:19:27Z,-0.9323988826945424
2023-11-30T18:47:26Z,-0.1047948226332664
2023-12-05T17:35:13Z,-0.0039224773645401
2023-12-05T17:27:29Z,0.6742156390100718
2023-12-06T04:17:32Z,0.1108511313796043
2023-12-06T09:50:09Z,0.6040610456839204
2023-12-06T10:09:09Z,0.4499401114881038
2023-12-06T10:50:46Z,0.4629026604816317
2023-12-06T13:20:30Z,0.210892628878355
2023-12-06T14:21:53Z,-0.0243434458971023
2023-12-06T14:43:54Z,-0.722454221919179
2023-12-06T15:19:09Z,0.001188825815916
2023-12-06T16:08:22Z,0.4258999228477478
2023-12-06T16:37:06Z,-0.1846767291426658
2023-12-06T17:08:54Z,0.129861488007009
2023-12-06T17:35:13Z,-0.0039224773645401
2023-12-06T17:32:52Z,0.7374402582645416
2023-12-06T19:30:52Z,-0.3126252591609955
2023-12-06T20:16:16Z,0.2184028066694736
2023-12-06T21:11:18Z,0.0267211347818374
2023-12-07T05:23:48Z,0.9011551160365344
2023-12-07T07:38:04Z,0.0258961617946624
2023-12-07T09:59:19Z,0.758460333570838
2023-12-07T11:07:03Z,0.4649580810219049
2023-12-07T11:08:57Z,0.0671867961063981
2023-12-07T11:34:30Z,0.2113348646089434
2023-12-07T12:28:18Z,0.5072089079767466
2023-12-07T12:39:19Z,-0.6330441832542419
2023-12-07T14:14:25Z,-0.0244421791285276
2023-12-07T14:17:36Z,0.2834445796906948
2023-12-07T15:27:12Z,-0.965655188076198
2023-12-07T15:45:54Z,-0.00098074413836
2023-12-07T17:35:17Z,0.052553815767169
2023-12-07T17:49:22Z,-0.0087107643485069
2023-12-07T18:00:00Z,-0.5296163316816092
2023-12-07T19:24:50Z,-0.1886555701494217
2023-12-08T06:20:29Z,0.204563669860363
2023-12-08T08:45:53Z,0.8440855629742146
2023-12-08T09:06:54Z,0.077480960637331
2023-12-08T09:55:15Z,0.3887804355472326
2023-12-08T11:05:22Z,0.9161574710160494
2023-12-08T12:00:20Z,0.6301940297707915
2023-12-08T12:35:27Z,0.700151713564992
2023-12-08T13:00:59Z,0.8546547554433346
2023-12-08T14:00:51Z,-0.1341076493263244
2023-12-08T14:21:13Z,-0.0248888228088617
2023-12-08T10:59:10Z,0.0789976920932531
2023-12-08T15:26:28Z,-0.9570680866017938
2023-12-08T17:06:14Z,0.892156682908535
2023-12-08T17:35:12Z,0.052553815767169
2023-12-08T18:12:04Z,0.5866607688367367
2023-12-08T20:00:17Z,-0.8205193560570478
2023-12-08T22:09:36Z,0.1600774936378002
2023-12-09T12:23:56Z,0.0367270354181528
2023-12-09T15:35:30Z,0.2266300357878208
2023-12-09T20:38:31Z,-0.5453844033181667
2023-12-11T03:02:26Z,-0.8948680777102709
2023-12-11T08:28:49Z,-0.8646371085196733
2023-12-11T09:11:27Z,0.2058662818744778
2023-12-09T05:31:59Z,0.0482469666749239
2023-12-11T11:21:01Z,0.7485445728525519
2023-12-11T12:05:12Z,0.5001174584031105
2023-12-11T12:53:29Z,0.0020352937281131
2023-12-11T14:18:09Z,-0.0246489346027374
2023-12-11T15:27:12Z,-0.0019730646163225
2023-12-11T16:12:47Z,0.8912447784096003
2023-12-11T17:21:27Z,-0.1932721845805645
2023-12-11T17:35:13Z,0.052553815767169
2023-12-11T17:44:53Z,0.0241199843585491
2023-12-11T18:07:36Z,0.2363495025783777
2023-12-11T18:37:35Z,-0.8388729449361563
2023-12-11T19:38:12Z,0.1062485324218869
2023-12-11T19:41:24Z,0.6769435666501522
2023-12-11T20:35:09Z,0.8982741571962833
2023-12-11T21:42:53Z,0.1525356722995638
2023-12-12T00:42:09Z,0.4506054185330868
2023-12-12T06:30:47Z,0.1659481162205338
2023-12-12T07:18:27Z,0.614059554412961
2023-12-12T07:30:26Z,-0.9323013611137868
2023-12-12T07:50:48Z,0.0054609924554824
2023-12-12T11:07:29Z,0.0556361693888902
2023-12-12T11:38:08Z,0.8143124589696527
2023-12-12T12:18:42Z,-0.0950412452220916
2023-12-12T10:27:34Z,0.9142620246857404
2023-12-12T13:56:35Z,-0.5673644356429577
2023-12-12T14:18:45Z,-0.0247358921915292
2023-12-12T16:33:11Z,-0.5925324112176895
2023-12-12T17:33:58Z,0.0377957858145237
2023-12-12T17:35:28Z,0.052553815767169
2023-12-12T17:55:58Z,-0.113953024148941
2023-12-12T19:36:18Z,-0.0010530054569244
2023-12-13T02:12:13Z,-0.1272491514682769
2023-12-13T03:40:32Z,-0.8636203408241272
2023-12-13T03:24:09Z,-0.9643683219328524
2023-12-13T06:54:17Z,-0.0257834233343601
2023-12-13T08:53:31Z,0.0206779725849628
2023-12-13T09:01:06Z,-0.0320072323083877
2023-12-13T10:31:43Z,0.2817292716354131
2023-12-13T10:36:49Z,-0.8236970268189907
2023-12-13T12:05:46Z,0.5133610004559159
2023-12-13T12:17:01Z,0.2737237717956304
2023-12-13T13:16:51Z,0.9405397828668356
2023-12-13T14:03:25Z,0.3241610378026962
2023-12-13T14:13:17Z,-0.0242821164429187
2023-12-13T14:36:16Z,0.0436607040464878
2023-12-13T15:22:53Z,0.0003629643470048
2023-12-13T15:50:55Z,-0.7642956897616386
2023-12-13T16:23:44Z,-0.9211710784584284
2023-12-13T17:03:08Z,-0.0675865709781646
2023-12-13T17:35:47Z,0.052553815767169
2023-12-13T18:24:24Z,0.3533174013718962
2023-12-13T19:51:05Z,0.2263071816414594
2023-12-13T22:10:53Z,-0.9406231697648764
2023-12-14T06:17:15Z,-0.0709798857569694
2023-12-14T07:18:22Z,0.7154845437034965
2023-12-14T09:18:44Z,-0.1478649452328682
2023-12-14T10:03:37Z,0.135341708548367
2023-12-14T10:23:30Z,0.0888560712337493
2023-12-14T12:14:24Z,0.0598788000643253
2023-12-14T12:27:10Z,0.0923539735376834
2023-12-14T14:18:00Z,-0.0244646128267049
2023-12-14T14:27:25Z,0.0074192937463521
2023-12-14T15:20:11Z,-0.0332193113863468
2023-12-14T02:46:01Z,-0.0170395039021968
2023-12-14T15:26:11Z,0.5676056295633316
2023-12-14T15:30:28Z,-0.0005245842039585
2023-12-14T15:58:07Z,-0.5827626474201679
2023-12-14T12:44:04Z,0.1198129877448082
2023-12-14T17:36:00Z,-0.0039224773645401
2023-12-14T19:21:49Z,0.5044325198978186
2023-12-15T02:51:24Z,0.0956403510645031
2023-12-15T13:34:55Z,0.6560876667499542
2023-12-15T13:49:37Z,0.2827293034642935
2023-12-15T14:13:37Z,-0.0245342385023832
2023-12-15T15:19:04Z,-0.001377772539854
2023-12-15T15:27:50Z,-0.5961591228842735
2023-12-15T17:35:32Z,0.052553815767169
2023-12-15T21:03:13Z,0.1055785547941923
2023-12-15T21:19:04Z,-0.1414417475461959
2023-12-15T21:31:54Z,-0.3453580439090729
2023-12-15T21:58:56Z,-0.822974193841219
2023-12-17T14:00:15Z,0.0568491406738758
2023-12-18T03:24:15Z,0.1806428441777825
2023-12-18T07:47:09Z,-0.9525092365220188
2023-12-18T09:56:08Z,0.1064454512670636
2023-12-18T11:10:04Z,-0.0088747516274452
2023-12-18T12:39:19Z,0.0542507767677307
2023-12-18T14:12:58Z,-0.0236969161778688
2023-12-18T14:56:21Z,-0.9194409381598234
2023-12-18T14:58:35Z,0.0344948060810565
2023-12-18T15:06:20Z,-0.1495396047830581
2023-12-18T15:16:42Z,-0.0008282866328954
2023-12-18T15:32:51Z,0.3289095796644687
2023-12-18T15:40:25Z,-0.9009291492402554
2023-12-18T16:14:42Z,-0.5424943882972002
2023-12-18T15:54:20Z,-0.0429464876651763
2023-12-18T17:35:25Z,0.052553815767169
2023-12-18T17:37:14Z,-0.458694290369749
2023-12-18T18:18:32Z,0.9253575168550014
2023-12-18T21:40:23Z,0.5168051151558757
2023-12-19T01:47:39Z,-0.302412673830986
2023-12-19T06:49:18Z,0.3904146999120712
2023-12-19T07:28:14Z,-0.3146277889609337
2023-12-19T08:32:18Z,0.1124136932194233
2023-12-19T09:09:51Z,0.1344924978911876
2023-12-19T13:10:50Z,-0.0685158669948577
2023-12-19T14:15:30Z,-0.0233860146254301
2023-12-19T14:34:49Z,0.8380331005901098
2023-12-19T15:23:35Z,0.4942138493061065
2023-12-19T16:00:15Z,0.4008614383637905
2023-12-19T16:18:26Z,0.0212740637362003
2023-12-19T16:51:48Z,0.803330197930336
2023-12-19T17:35:43Z,-0.0039224773645401
2023-12-19T17:42:49Z,0.0131110548973083
2023-12-19T18:35:53Z,0.792581157758832
2023-12-19T18:55:17Z,-0.1054655611515045
2023-12-19T21:55:28Z,0.136906343512237
2023-12-19T22:38:07Z,-0.9562570871785284
2023-12-19T23:02:12Z,0.0480145551264286
2023-12-20T01:39:52Z,-0.4499812722206116
2023-12-20T02:49:34Z,0.2181502524763345
2023-12-20T03:14:25Z,-0.9584725489839911
2023-12-20T06:33:58Z,-0.1785589605569839
2023-12-20T06:33:59Z,-0.2620537392795086
2023-12-20T10:05:22Z,0.0793795101344585
2023-12-20T11:36:40Z,0.0381076205521822
2023-12-20T07:53:34Z,-0.4281279891729355
2023-12-20T14:02:26Z,-0.4365599602460861
2023-12-20T14:17:21Z,-0.0241907816380262
2023-12-20T14:28:09Z,-0.1166320145130157
2023-12-20T14:36:35Z,0.7900669290684164
2023-12-20T15:08:15Z,-0.9327272288501264
2023-12-20T15:16:40Z,0.0424034837633371
2023-12-20T15:22:13Z,-0.0013727881014347
2023-12-20T15:45:16Z,-0.729884184896946
2023-12-20T15:49:06Z,0.0892658084630966
2023-12-20T17:35:35Z,0.052553815767169
2023-12-20T20:21:34Z,0.8434500582516193
2023-12-20T20:13:11Z,0.2580068334937095
2023-12-21T00:10:12Z,0.1310957465320825
2023-12-21T01:24:38Z,0.2565810848027468
2023-12-21T10:53:47Z,0.1278308723121881
2023-12-21T12:08:10Z,0.9064087849110364
2023-12-21T12:54:30Z,-0.1485187858343124
2023-12-21T13:57:50Z,0.0647264271974563
2023-12-21T14:03:07Z,0.0407172013074159
2023-12-21T15:00:48Z,0.7608389370143414
2023-12-21T15:58:34Z,-0.806181788444519
2023-12-21T16:18:05Z,0.0010684560984373
2023-12-21T16:47:21Z,-0.8993265777826309
2023-12-21T18:14:55Z,-0.8855460453778505
2023-12-21T19:25:18Z,0.0085414871573448
2023-12-21T19:22:53Z,-0.019204244017601
2023-12-21T21:49:10Z,0.0437723733484745
2023-12-22T00:41:59Z,-0.4362931195646524
2023-12-22T02:15:14Z,-0.8659780407324433
2023-12-21T07:26:45Z,-0.1035088412463665
2023-12-22T10:32:47Z,-0.9282707050442696
2023-12-22T10:37:35Z,0.5226464457809925
2023-12-22T10:38:22Z,0.3866850435733795
2023-12-22T11:22:14Z,0.0854265615344047
2023-12-22T11:55:25Z,-0.2124887406826019
2023-12-22T12:19:02Z,0.5419621681794524
2023-12-22T13:48:02Z,0.1202607974410057
2023-12-22T14:11:33Z,-0.0248956102877855
2023-12-22T15:10:22Z,-0.0007606912404298
2023-12-22T17:14:26Z,-0.9457495398819448
2023-12-22T17:35:15Z,-0.0039224773645401
2023-12-22T19:04:15Z,0.0674943113699555
2023-12-22T20:20:11Z,-0.745884358882904
2023-12-22T20:35:03Z,0.3291047643870115
2023-12-23T05:10:02Z,0.1612073630094528
2023-12-23T08:10:50Z,0.2186977919191122
2023-12-23T14:50:23Z,0.0600693952292203
2023-12-24T12:43:12Z,-0.0333402417600154
2023-12-24T12:53:08Z,-0.3909880630671978
2023-12-24T13:54:24Z,0.0579534210264682
2023-12-25T15:45:24Z,-0.0101192854344844
2023-12-25T17:35:13Z,0.052553815767169
2023-12-26T06:23:27Z,0.09971634298563
2023-12-26T07:32:52Z,0.0264315493404865
2023-12-26T14:06:03Z,-0.8579876832664013
2023-12-26T14:18:05Z,-0.02409029006958
2023-12-26T15:00:46Z,-0.7920967452228069
2023-12-26T15:47:48Z,-0.7114471085369587
2023-12-26T16:30:32Z,0.0472719892859458
2023-12-26T16:33:36Z,-0.1478771492838859
2023-12-26T16:35:17Z,-0.8797444310039282
2023-12-26T16:37:28Z,-0.8147465605288744
2023-12-26T17:29:17Z,0.8786415457725525
2023-12-26T17:35:15Z,-0.0039224773645401
2023-12-26T17:47:04Z,-0.0656987130641937
2023-12-26T18:01:27Z,0.8936542514711618
2023-12-26T19:41:01Z,-0.8142491951584816
2023-12-26T22:26:23Z,0.0226579438894987
2023-12-27T02:27:44Z,0.2343317903578281
2023-12-27T03:59:46Z,0.0476806759834289
2023-12-27T04:35:31Z,-0.8424091525375843
2023-12-27T06:38:11Z,0.6405100859701633
2023-12-27T07:56:04Z,0.4955650866031647
2023-12-27T08:12:55Z,0.05127689614892
2023-12-27T10:34:40Z,0.1324386801570654
2023-12-27T12:35:35Z,-0.5411873608827591
2023-12-27T13:52:44Z,0.0255135018378496
2023-12-27T14:18:07Z,-0.0251272600144147
2023-12-27T15:41:39Z,0.0002196300774812
2023-12-27T15:51:21Z,-0.957264726050198
2023-12-27T15:59:01Z,0.0457432456314563
2023-12-27T16:32:20Z,-0.869819724932313
2023-12-27T16:37:05Z,0.8383052982389927
2023-12-27T17:29:11Z,0.0752024874091148
2023-12-27T17:35:15Z,-0.0039224773645401
2023-12-27T17:37:54Z,-0.4821571558713913
2023-12-27T19:02:06Z,-0.8630959372967482
2023-12-27T21:37:52Z,-0.5775187164545059
2023-12-27T22:26:51Z,0.0373347513377666
2023-12-28T05:57:44Z,-0.137524165213108
2023-12-28T09:20:37Z,-0.030680201947689
2023-12-28T11:20:35Z,0.3166598100215196
2023-12-28T12:24:04Z,-0.7649093717336655
2023-12-28T12:28:24Z,-0.1359515637159347
2023-12-28T14:13:16Z,-0.0249507836997509
2023-12-28T15:35:11Z,0.735356517136097
2023-12-28T15:51:32Z,0.0021730959415435
2023-12-28T16:37:43Z,0.1848886897787451
2023-12-28T17:35:14Z,-0.0039224773645401
2023-12-28T17:53:47Z,0.790102603379637
2023-12-28T19:17:26Z,-0.8974327612668276
2023-12-28T20:30:48Z,0.0476299002766609
2023-12-28T22:35:30Z,0.917551901191473
2023-12-28T23:40:35Z,0.1274416800588369
2023-12-29T03:32:08Z,0.1550520276650786
2023-12-29T05:09:43Z,0.8434104099869728
2023-12-29T04:43:37Z,0.1870856769382953
2023-12-29T07:12:31Z,0.0253843590617179
2023-12-29T08:50:19Z,0.2686626296490431
2023-12-29T09:11:30Z,0.0216866210103034
2023-12-29T13:24:05Z,0.4909177627414465
2023-12-29T15:21:05Z,0.0013277269899845
2023-12-29T20:31:12Z,0.0127985216677188
2023-12-29T20:38:32Z,0.0306805372238159
2023-12-30T03:01:41Z,0.917445195838809
2023-12-29T11:02:01Z,0.0732809342443943
2023-12-30T04:39:29Z,0.5708252191543579
2023-12-30T16:03:24Z,0.4760757088661194
2023-12-30T17:23:40Z,0.0456786733120679
2024-01-01T17:00:14Z,0.0619940813630819
2024-01-01T17:35:14Z,0.052553815767169
2024-01-02T02:00:46Z,0.9282959904521704
2024-01-02T03:01:16Z,0.0895366771146655
2024-01-02T07:26:35Z,0.1134760752320289
2024-01-02T10:26:03Z,-0.6690190434455872
2024-01-02T12:22:58Z,0.0121726915240287
2024-01-02T13:07:23Z,-0.051054373383522
2024-01-02T14:15:08Z,-0.0258494354784488
2024-01-02T15:15:37Z,-0.0002529677003622
2024-01-02T15:36:36Z,0.1855951212346553
2024-01-02T15:40:32Z,-0.8989820880815387
2024-01-02T16:00:13Z,0.035740802064538
2024-01-02T17:02:45Z,-0.5547362677752972
2024-01-02T17:35:18Z,-0.0039224773645401
2024-01-02T18:29:24Z,-0.5994124785065651
2024-01-02T20:23:56Z,0.6841833293437958
2024-01-02T21:34:29Z,-0.7014911100268364
2024-01-02T23:35:02Z,0.1172496899962425
2024-01-03T01:34:48Z,-0.0078957118093967
2024-01-03T05:54:23Z,-0.0802846029400825
2024-01-03T07:13:02Z,-0.9107659384608268
2024-01-03T08:11:13Z,-0.9595072166994214
2024-01-03T11:27:29Z,0.0110593158751726
2024-01-03T12:32:09Z,0.0835099872201681
2024-01-03T12:38:03Z,-0.9594398410990834
2024-01-03T14:15:45Z,0.0917454548180103
2024-01-03T14:16:47Z,-0.0263672545552253
2024-01-03T14:21:57Z,-0.3891741633415222
2024-01-03T14:50:34Z,-0.9068764885887504
2024-01-03T15:39:20Z,-0.0003125127404928
2024-01-03T16:14:33Z,0.064600383862853
2024-01-03T16:28:56Z,0.1819080533459782
2024-01-03T16:29:44Z,0.0333469603210687
2024-01-03T18:30:04Z,-0.8833263143897057
2024-01-03T18:38:17Z,0.2169610103592276
2024-01-03T19:46:19Z,0.1331645706668496
2024-01-04T04:16:43Z,-0.8396159298717976
2024-01-04T04:54:42Z,0.7872049231082201
2024-01-04T08:49:06Z,0.1794983902946114
2024-01-04T10:28:44Z,-0.4124748408794403
2024-01-04T11:35:56Z,0.8347840532660484
2024-01-04T12:03:03Z,0.7532152961939573
2024-01-04T12:31:09Z,0.0189137943089008
2024-01-04T14:06:29Z,0.8007028019055724
2024-01-04T14:17:55Z,-0.0265833791345357
2024-01-04T14:00:08Z,0.6552334930747747
2024-01-04T14:25:02Z,-0.9525779355317354
2024-01-04T14:45:10Z,-0.0006033144891262
2024-01-04T15:03:34Z,0.5433285366743803
2024-01-04T16:07:59Z,-0.4372364580631256
2024-01-04T16:19:23Z,0.6032897885888815
2024-01-04T16:59:06Z,-0.0270568430423736
2024-01-04T17:35:13Z,0.052553815767169
2024-01-04T18:55:28Z,-0.9396209474653006
2024-01-04T20:15:55Z,-0.6388625726103783
2024-01-04T21:54:06Z,0.9140492863953114
2024-01-04T22:06:32Z,-0.9611926032230258
2024-01-05T04:05:29Z,0.8053860077634454
2024-01-05T08:53:44Z,-0.0597429424524307
2024-01-05T09:39:26Z,0.5727990865707397
2024-01-05T08:30:03Z,0.8140688221901655
2024-01-05T11:17:27Z,0.0530501557514071
2024-01-05T11:18:32Z,-0.0920849628746509
2024-01-05T12:43:06Z,0.138514969497919
2024-01-05T13:57:40Z,-0.043443638831377
2024-01-05T14:02:32Z,0.1470087803900241
2024-01-05T14:14:54Z,-0.025963744148612
2024-01-05T14:25:22Z,-0.8947032615542412
2024-01-05T15:46:54Z,-0.0004522260278463
2024-01-05T17:31:19Z,-0.8095498457551003
2024-01-05T17:35:13Z,-0.0039224773645401
2024-01-05T17:59:09Z,-0.561247743666172
2024-01-05T18:14:27Z,0.0301450937986373
2024-01-05T19:56:32Z,0.2246063947677612
2024-01-05T20:39:16Z,-0.0855483710765838
2024-01-05T21:02:59Z,-0.7376098185777664
2024-01-05T21:48:18Z,-0.8445802573114634
2024-01-05T22:00:52Z,0.256191661581397
2024-01-06T13:22:05Z,-0.6684105210006237
2024-01-06T14:12:42Z,0.033675218001008
2024-01-07T11:01:10Z,-0.7020262610167265
2024-01-07T15:34:32Z,0.0925087453797459
2024-01-07T20:20:15Z,-0.8292654640972614
2024-01-08T02:06:45Z,-0.9090233063325286
2024-01-08T03:24:59Z,0.2945040315389633
2024-01-08T07:58:38Z,-0.0989117473363876
2024-01-08T09:45:28Z,-0.968146367929876
2024-01-08T11:54:10Z,-0.8253669887781143
2024-01-08T14:17:02Z,-0.0264355167746543
2024-01-08T14:25:14Z,0.0622126394882798
2024-01-08T14:27:12Z,0.9021540116518736
2024-01-08T14:44:27Z,-0.5424943882972002
2024-01-08T15:39:16Z,-0.0006493665277957
2024-01-08T15:38:39Z,0.6045387871563435
2024-01-08T16:40:44Z,0.1809701193124056
2024-01-08T17:35:19Z,-0.0039224773645401
2024-01-08T20:05:09Z,0.2268553171306848
2024-01-09T05:38:08Z,0.0244321264326572
2024-01-09T05:35:38Z,0.9081493876874448
2024-01-09T12:35:05Z,-0.336776465177536
2024-01-09T14:04:54Z,0.0975013095885515
2024-01-09T14:15:41Z,-0.0262118689715862
2024-01-09T14:25:03Z,-0.8759216293692589
2024-01-09T15:58:43Z,-0.7470639571547508
2024-01-09T16:10:42Z,-0.0016530305147171
2024-01-09T16:16:44Z,0.1111286282539367
2024-01-09T17:35:19Z,-0.0039224773645401
2024-01-09T17:40:37Z,0.0437263567000627
2024-01-09T18:48:44Z,0.8097669230774045
2024-01-09T19:31:30Z,-0.1471599973738193
2024-01-09T19:46:19Z,0.7773455064743757
2024-01-10T01:50:08Z,0.0314951613545417
2024-01-10T07:38:45Z,-0.7728781253099442
2024-01-10T09:23:54Z,0.0071638599038124
2024-01-10T11:52:29Z,-0.3787225224077701
2024-01-10T11:57:01Z,-0.6964615881443024
2024-01-10T13:06:51Z,0.5827681124210358
2024-01-10T14:17:31Z,-0.0279379673302173
2024-01-10T14:39:28Z,0.078259902074933
2024-01-10T15:45:11Z,-0.137711014598608
2024-01-10T16:03:50Z,-0.0017381608486175
2024-01-10T16:11:05Z,0.0854785963892936
2024-01-10T17:35:14Z,0.052553815767169
2024-01-10T20:50:10Z,0.0564948730170726
2024-01-10T21:35:18Z,-0.011772446334362
2024-01-10T22:00:59Z,-0.8751626051962376
2024-01-10T23:05:24Z,0.6498213764280081
2024-01-11T08:30:41Z,-0.5792858675122261
2024-01-11T08:43:34Z,-0.9502685572952032
2024-01-11T10:13:40Z,-0.0392482280731201
2024-01-11T14:16:30Z,-0.0264327283948659
2024-01-11T14:56:56Z,-0.0023503601551055
2024-01-11T15:35:54Z,0.5957117937505245
2024-01-11T17:42:34Z,0.0343015193939209
2024-01-11T19:10:46Z,-0.7785855736583471
2024-01-11T21:31:32Z,-0.0031105764210224
2024-01-12T03:46:08Z,-0.5813053864985704
2024-01-12T03:57:29Z,-0.377219470217824
2024-01-12T08:17:58Z,0.7407851885072887
2024-01-12T10:48:43Z,0.0319813303649425
2024-01-12T10:52:50Z,0.0344189405441284
2024-01-12T12:37:15Z,0.1172791784629225
2024-01-12T12:59:56Z,-0.941853585653007
2024-01-12T15:22:33Z,-0.0019703935831785
2024-01-12T16:33:38Z,-0.9053956735879184
2024-01-12T17:35:15Z,0.052553815767169
2024-01-12T21:35:56Z,-0.9057515170425176
2024-01-13T09:56:57Z,-0.8828139938414097
2024-01-13T15:03:28Z,0.0214638095349073
2024-01-14T18:19:05Z,0.1611279640346765
2024-01-15T03:25:24Z,0.0082437098026275
2024-01-15T11:38:59Z,-0.8805862506851554
2024-01-15T14:10:27Z,-0.1464569270610809
2024-01-15T18:31:44Z,-0.752281840890646
2024-01-15T21:45:50Z,0.238609435968101
2024-01-16T06:13:06Z,0.0203440859913826
2024-01-16T08:49:34Z,-0.081342127174139
2024-01-16T10:49:43Z,0.9123270250856876
2024-01-16T12:28:20Z,0.8288631606847048
2024-01-16T13:25:02Z,-0.2187278568744659
2024-01-16T14:06:05Z,0.1387963648885488
2024-01-16T14:15:56Z,-0.0262200757861137
2024-01-16T14:19:58Z,0.5664264680817723
2024-01-16T14:35:58Z,-0.9057047786191106
2024-01-16T14:36:56Z,-0.8574050888419151
2024-01-16T14:41:07Z,0.8887002989649773
2024-01-16T15:02:44Z,0.8521018419414759
2024-01-16T16:00:13Z,0.2006252435967326
2024-01-16T17:07:04Z,-0.6000746786594391
2024-01-16T17:35:13Z,0.052553815767169
2024-01-16T17:44:26Z,-0.5731399413198233
2024-01-16T17:54:43Z,0.4342535212635994
2024-01-16T19:49:34Z,0.0322551541030406
2024-01-16T20:37:21Z,-0.0326054878532886
2024-01-17T02:27:27Z,-0.9050006195902824
2024-01-11T11:26:47Z,-0.9625005004927516
2024-01-17T07:02:22Z,0.5275513976812363
2024-01-17T09:25:30Z,0.048691838979721
2024-01-17T10:03:21Z,0.5765753164887428
2024-01-17T10:27:08Z,0.0456941816955804
2024-01-17T11:49:15Z,-0.9263967461884022
2024-01-17T13:01:35Z,0.0255135018378496
2024-01-17T13:10:23Z,0.2244970509782433
2024-01-17T14:01:09Z,0.0639712810516357
2024-01-17T14:18:00Z,-0.0260405335575342
2024-01-17T14:21:11Z,0.9330104775726796
2024-01-17T15:36:40Z,-0.5300395749509335
2024-01-17T18:32:31Z,-0.0792290400713682
2024-01-17T18:33:24Z,-0.4788481071591377
2024-01-17T19:38:54Z,-0.7167629655450583
2024-01-17T20:37:22Z,-0.2793390676379204
2024-01-17T22:12:14Z,0.0260256584733724
2024-01-18T01:54:47Z,0.0333684748038649
2024-01-18T02:30:07Z,0.588400648906827
2024-01-18T04:27:36Z,-0.942618883214891
2024-01-18T04:50:04Z,0.0648604352027177
2024-01-18T06:21:08Z,0.6916412562131882
2024-01-18T06:27:38Z,0.1556825190782547
2024-01-18T07:38:39Z,-0.9638881320133804
2024-01-18T07:38:57Z,-0.670437328517437
2024-01-18T11:12:46Z,0.8063955139368773
2024-01-18T11:15:59Z,0.0343332700431346
2024-01-18T11:47:24Z,0.0045161060988903
2024-01-18T12:13:03Z,0.3903019810095429
2024-01-18T12:50:22Z,0.0121288895606994
2024-01-18T13:50:42Z,0.1199255287647247
2024-01-18T14:11:25Z,-0.025779815390706
2024-01-18T14:29:03Z,0.9327828269451856
2024-01-18T14:31:56Z,0.0416223080828785
2024-01-18T14:49:39Z,0.881864819675684
2024-01-18T15:10:41Z,-0.0861581247299909
2024-01-18T16:21:06Z,0.6857494488358498
2024-01-18T16:40:41Z,-0.8880820609629154
2024-01-18T17:35:10Z,0.052553815767169
2024-01-18T18:06:39Z,-0.1808688566088676
2024-01-19T01:44:33Z,0.0261757243424654
2024-01-19T02:04:27Z,-0.0146404039114713
2024-01-19T04:55:43Z,0.1695937840268016
2024-01-19T05:14:22Z,-0.937083483673632
2024-01-19T05:40:18Z,-0.9468143088743092
2024-01-19T06:29:32Z,0.4765403512865305
2024-01-19T08:01:44Z,0.8326191790401936
2024-01-19T10:11:37Z,0.4277824340388179
2024-01-19T10:42:22Z,-0.8624035539105535
2024-01-19T11:33:45Z,-0.0229184068739414
2024-01-19T12:36:56Z,0.0445115249603986
2024-01-19T13:29:54Z,-0.2483642026782035
2024-01-19T14:12:22Z,-0.0249359905719757
2024-01-19T17:35:15Z,-0.0039224773645401
2024-01-19T19:12:15Z,0.8822285644710064
2024-01-20T04:32:50Z,-0.6230363547801971
2024-01-20T05:48:58Z,0.2243831073865294
2024-01-20T09:08:28Z,0.0385947749018669
2024-01-20T16:02:35Z,0.2846176102757454
2024-01-22T01:50:01Z,-0.8472647350281477
2024-01-22T03:33:32Z,0.1836187448352575
2024-01-22T02:45:04Z,0.79157555103302
2024-01-22T06:23:58Z,-0.1121041476726532
2024-01-22T07:11:42Z,-0.7578112632036209
2024-01-22T09:17:04Z,0.0235972497612237
2024-01-22T09:53:52Z,0.921789137646556
2024-01-22T12:04:10Z,0.0568219181150198
2024-01-22T13:02:14Z,0.1365384422242641
2024-01-22T14:14:17Z,-0.0263406801968812
2024-01-22T15:58:54Z,0.0936945863068103
2024-01-22T17:35:15Z,0.052553815767169
2024-01-22T18:59:05Z,0.0334586035460233
2024-01-22T20:05:16Z,0.0415596906095743
2024-01-22T20:41:53Z,0.8816263694316149
2024-01-22T23:37:48Z,-0.0124796144664287
2024-01-23T01:47:20Z,0.679430945776403
2024-01-23T03:02:12Z,-0.286642724648118
2024-01-23T03:24:18Z,0.6431943448260427
2024-01-23T05:21:21Z,0.1491391146555543
2024-01-23T04:59:36Z,-0.9215478841215372
2024-01-23T06:51:37Z,-0.8789584971964359
2024-01-23T07:12:35Z,0.4844667911529541
2024-01-23T08:34:34Z,0.0473323874175548
2024-01-23T08:37:14Z,0.6520574940368533
2024-01-23T09:30:50Z,0.1014072429388761
2024-01-23T09:33:11Z,0.684264563024044
2024-01-23T10:18:54Z,0.3540046578273177
2024-01-23T11:10:22Z,-0.9352580718696116
2024-01-23T14:18:12Z,-0.0262049697339534
2024-01-23T15:03:54Z,0.1362885329872369
2024-01-23T17:35:16Z,0.052553815767169
2024-01-23T17:27:46Z,-0.0696962028741836
2024-01-23T18:16:49Z,0.0019385982304811
2024-01-23T18:44:09Z,0.1126713287085294
2024-01-23T20:37:45Z,-0.0383197627961635
2024-01-24T03:45:10Z,-0.184784896671772
2024-01-24T05:10:14Z,-0.8873509708791971
2024-01-19T11:27:29Z,0.0934243462979793
2024-01-24T09:31:16Z,0.2404133705422282
2024-01-24T09:50:57Z,0.0934566687792539
2024-01-24T11:13:44Z,-0.0754271559417247
2024-01-24T11:17:27Z,0.1134058944880962
2024-01-24T12:17:08Z,0.8664210364222527
2024-01-24T12:57:05Z,0.0234949253499507
2024-01-24T12:30:15Z,0.9259064868092536
2024-01-24T14:14:44Z,-0.0259234942495822
2024-01-24T14:14:50Z,0.1367725627496838
2024-01-24T14:42:44Z,0.6453664433211088
2024-01-24T14:44:31Z,0.0422546090558171
2024-01-24T17:35:13Z,0.052553815767169
2024-01-24T17:55:20Z,0.8575357869267464
2024-01-24T18:20:08Z,0.41083490755409
2024-01-24T19:15:25Z,0.0397685151547193
2024-01-24T19:38:31Z,-0.1833022125065326
2023-12-27T14:58:41Z,0.0200912356376647
2024-01-25T02:06:39Z,0.718935470096767
2024-01-25T05:16:08Z,-0.0190561078488826
2024-01-25T07:29:57Z,0.2078680954873561
2024-01-25T08:08:05Z,0.9232061207294464
2024-01-25T08:55:59Z,0.7745652347803116
2024-01-25T09:56:17Z,0.1036513689905405
2024-01-25T11:28:10Z,-0.9263364793732762
2024-01-25T14:23:06Z,-0.0252280589193105
2024-01-25T17:02:08Z,0.0308460667729377
2024-01-25T17:35:14Z,0.052553815767169
2024-01-25T18:03:24Z,-0.1768150925636291
2024-01-25T18:14:17Z,-0.052936278283596
2024-01-25T19:35:48Z,0.7347464114427567
2024-01-25T19:44:34Z,0.8883068338036537
2024-01-25T20:49:50Z,0.9234933238476516
2024-01-25T21:15:17Z,0.1481250450015068
2024-01-26T03:11:37Z,-0.8652829471975565
2024-01-26T03:42:27Z,0.1286837756633758
2024-01-26T11:56:45Z,0.1608927892521023
2024-01-26T12:46:46Z,-0.7157799154520035
2024-01-26T14:01:14Z,0.7314498461782932
2024-01-26T14:17:24Z,-0.0254157073795795
2024-01-26T15:16:17Z,-0.0015328880399465
2024-01-26T17:01:11Z,-0.8032369073480368
2024-01-26T17:04:05Z,0.7094509601593018
2024-01-26T17:35:14Z,0.052553815767169
2024-01-26T17:52:23Z,-0.9302759487181902
2024-01-26T21:04:46Z,0.0310078859329223
2024-01-27T03:42:14Z,0.8868150860071182
2024-01-27T05:10:33Z,0.4308770503848791
2024-01-27T07:38:33Z,0.6984943151473999
2024-01-27T14:26:26Z,0.9196832701563836
2024-01-27T14:51:58Z,0.0386567907407879
2024-01-28T00:56:39Z,-0.2803715132176876
2024-01-28T12:27:57Z,0.0067277308553457
2024-01-28T12:30:58Z,0.1672915089875459
2024-01-28T14:21:36Z,0.0032565519213676
2024-01-29T01:31:46Z,-0.932146180421114
2024-01-29T06:51:12Z,0.0354008786380291
2024-01-29T01:55:04Z,0.0671819224953651
2024-01-29T02:48:51Z,0.2799755232408643
2024-01-29T07:39:13Z,0.0323731321841478
2024-01-29T09:52:05Z,0.0103845261037349
2024-01-29T10:26:56Z,0.8773777931928635
2024-01-29T10:51:00Z,0.0560761541128158
2024-01-29T11:07:34Z,0.8442133152857423
2024-01-29T11:46:23Z,0.771109405439347
2024-01-29T12:23:09Z,-0.0134658813476562
2024-01-29T13:10:08Z,0.4608833529055118
2024-01-29T14:03:35Z,0.0880572395399212
2024-01-29T14:02:53Z,0.8932476975023746
2024-01-29T14:31:38Z,-0.8133989162743092
2024-01-29T14:50:36Z,0.0695760371163487
2024-01-29T16:00:20Z,0.0570294596254825
2024-01-29T15:59:35Z,-0.0015682019293308
2024-01-29T16:13:09Z,-0.6333175431936979
2024-01-29T16:49:25Z,0.849708054214716
2024-01-29T17:35:16Z,-0.0039224773645401
2024-01-29T18:57:41Z,-0.1548841074109077
2024-01-30T02:38:12Z,-0.95417276956141
2024-01-30T07:00:22Z,-0.9515113085508348
2024-01-30T07:11:11Z,-0.5817733556032181
2024-01-30T07:34:49Z,-0.7692003715783358
2024-01-30T10:14:26Z,0.281895536929369
2024-01-30T10:36:48Z,0.6103950766846538
2024-01-30T10:52:59Z,0.2341586649417877
2024-01-30T10:00:33Z,0.0123067609965801
2024-01-30T11:06:48Z,0.4809757866896689
2024-01-30T14:37:36Z,-0.0260095912963151
2024-01-30T14:45:11Z,0.250531941652298
2024-01-30T16:00:27Z,0.0869328565895557
2024-01-30T16:02:54Z,-0.0012386087328195
2024-01-30T16:14:09Z,-0.4365599602460861
2024-01-30T16:18:34Z,0.0835736347362399
2024-01-30T16:54:25Z,0.1189829111099243
2024-01-30T17:35:15Z,0.052553815767169
2024-01-30T17:43:45Z,0.5879495311528444
2024-01-31T05:15:07Z,0.8919266760349274
2024-01-31T05:22:00Z,0.7851934898644686
2024-01-31T09:12:58Z,-0.8956544119864702
2024-01-31T10:06:45Z,-0.4365599602460861
2024-01-31T13:01:29Z,-0.956199312582612
2024-01-31T13:20:27Z,-0.7963812313973904
2024-01-31T14:19:46Z,-0.0252147782593965
2024-01-31T14:29:48Z,-0.939860443584621
2024-01-31T16:24:06Z,0.0001045558601617
2024-01-31T17:00:07Z,-0.4280028790235519
2024-01-31T17:10:10Z,-0.941728588193655
2024-01-31T17:35:15Z,0.052553815767169
2024-01-31T19:16:50Z,-0.0846519768238067
2024-01-31T20:19:28Z,0.0453050006181001
2024-01-31T21:54:41Z,0.5618480313569307
2024-02-01T06:01:17Z,0.6352366283535957
2024-02-01T09:07:56Z,0.0395957455039024
2024-02-01T09:39:02Z,0.0242953673005104
2024-02-01T09:40:18Z,-0.9473074954003096
2024-02-01T09:40:58Z,0.9198215547949076
2024-02-01T10:03:12Z,-0.0787292178720235
2024-02-01T10:53:11Z,-0.0153282284736633
2024-02-01T11:24:18Z,-0.7452094778418541
2024-02-01T11:46:41Z,0.1175516806542873
2024-02-01T12:27:35Z,0.8310532495379448
2024-02-01T13:07:34Z,0.0637447796761989
2024-02-01T13:22:41Z,-0.7814196161925793
2024-02-01T13:56:01Z,0.8655725782737136
2024-02-01T13:58:23Z,-0.2126674428582191
2024-02-01T14:26:28Z,-0.024868844076991
2024-02-01T16:07:23Z,-0.0115927252918481
2024-02-01T16:25:58Z,0.0007424857467412
2024-02-01T16:47:34Z,0.9033504724502563
2024-02-01T16:41:48Z,0.8703353628516197
2024-02-01T17:25:21Z,-0.9033469073474408
2024-02-01T19:45:34Z,-0.0259216427803039
2024-02-01T20:13:35Z,-0.0356911793351173
2024-02-01T21:30:21Z,0.5071207731962204
2024-02-01T21:30:33Z,-0.2862551361322403
2024-02-01T21:30:37Z,0.6881783828139305
2024-02-01T21:30:50Z,0.4471234530210495
2024-02-01T21:31:07Z,0.3591106235980987
2024-02-01T21:31:27Z,0.1978162825107574
2024-02-01T21:31:40Z,0.3804696947336197
2024-02-01T21:31:46Z,0.9264036864042282
2024-02-01T21:32:29Z,0.2337874174118042
2024-02-01T21:33:37Z,-0.9651694325730203
2024-02-02T01:08:07Z,0.1519431676715612
2024-02-02T01:37:44Z,0.1030721385031938
2024-02-02T02:50:12Z,-0.0964857935905456
2024-02-02T03:15:44Z,-0.0105658527463674
2024-02-02T05:36:22Z,0.0366742052137851
2024-02-02T05:58:52Z,0.6986973211169243
2024-02-02T05:25:16Z,-0.9582732114940882
2024-02-02T08:20:35Z,0.0251424089074134
2024-02-02T08:26:05Z,0.8827581033110619
2024-02-02T09:06:58Z,0.9264043308794498
2024-02-02T09:38:37Z,0.0583144482225179
2024-02-02T10:28:31Z,-0.9585278630256652
2024-02-02T11:01:22Z,-0.93743700068444
2024-02-02T11:07:36Z,-0.7201361134648323
2024-02-02T11:55:54Z,0.0936640501022338
2024-02-02T12:15:56Z,0.0041211806237697
2024-02-02T12:16:38Z,-0.5632492303848267
2024-02-01T22:18:56Z,-0.9317665621638298
2024-02-02T12:24:06Z,0.8594452068209648
2024-02-02T12:39:24Z,-0.943219132721424
2024-02-02T12:45:20Z,-0.4902024716138839
2024-02-02T12:45:37Z,0.1332547068595886
2024-02-02T13:21:13Z,0.0860901698470115
2024-02-02T13:50:43Z,0.2820530775934458
2024-02-02T13:50:55Z,-0.4365599602460861
2024-02-02T14:15:51Z,-0.0255023352801799
2024-02-02T15:40:54Z,-0.0001363977789878
2024-02-02T15:53:24Z,-0.031980549916625
2024-02-02T16:33:42Z,0.6191026791930199
2024-02-02T17:08:18Z,0.8019803911447525
2024-02-02T17:32:40Z,-0.9254429265856744
2024-02-02T17:35:13Z,0.052553815767169
2024-02-02T18:04:05Z,-0.6379243731498718
2024-02-02T18:18:18Z,-0.786856472492218
2024-02-02T20:30:39Z,-0.3883891850709915
2024-02-02T21:07:05Z,-0.833427008241415
2024-02-03T02:50:13Z,0.00349897518754
2024-02-03T09:02:10Z,0.58544478751719
2024-02-03T13:37:30Z,0.1009908355772495
2024-02-03T13:42:42Z,0.2930437866598367
2024-02-03T14:00:32Z,0.0464785117655992
2024-02-03T22:09:46Z,-0.0004032962024211
2024-02-04T14:47:46Z,0.0291588958352804
2024-02-05T02:10:53Z,0.0559211838990449
2024-02-05T07:20:22Z,0.1616172743961215
2024-02-05T07:20:44Z,0.8463627686724067
2024-02-05T08:19:11Z,0.798456996679306
2024-02-05T10:26:53Z,0.0055532902479171
2024-02-05T11:46:38Z,-0.8719565682113171
2024-02-05T12:26:45Z,-0.8203848712146282
2024-02-05T13:37:27Z,0.1909902123734355
2024-02-05T13:57:31Z,0.1960952896624803
2024-02-05T13:58:33Z,0.0358790988102555
2024-02-05T13:58:54Z,-0.0078791677951812
2024-02-05T13:59:10Z,-0.6798323355615139
2024-02-05T14:15:21Z,-0.0255949292331933
2024-02-05T15:08:51Z,0.8531408356502652
2024-02-05T15:41:19Z,-0.8535699397325516
2024-02-05T15:45:27Z,-0.0005126595497131
2024-02-05T16:58:56Z,-0.593815840780735
2024-02-05T17:35:15Z,-0.0039224773645401
2024-02-05T18:01:15Z,-0.0133487042039632
2024-02-05T18:19:42Z,0.0081533454358577
2024-02-05T18:53:16Z,0.8593909777700901
2024-02-05T21:13:32Z,-0.7390606198459864
2024-02-06T05:51:31Z,-0.46572470292449
2024-02-06T08:51:15Z,0.0385037306696176
2024-02-06T08:53:11Z,0.3693767078220844
2024-02-06T10:07:52Z,0.1192173101007938
2024-02-06T11:25:32Z,-0.9535239543765784
2024-02-06T11:26:07Z,-0.0989093072712421
2024-02-06T11:29:50Z,0.8179395571351051
2024-02-06T12:29:33Z,0.1475260481238365
2024-02-06T12:47:39Z,0.2433280330151319
2024-02-06T13:27:22Z,-0.8398274276405573
2024-02-06T14:03:17Z,-0.1516213864088058
2024-02-06T16:03:11Z,0.1307173380628228
2024-02-06T16:31:35Z,0.6397507339715958
2024-02-06T16:42:17Z,-0.0001542065292596
2024-02-06T16:49:01Z,-0.8633944429457188
2024-02-06T17:17:48Z,0.5260431747883558
2024-02-06T17:35:14Z,-0.0039224773645401
2024-02-06T18:01:48Z,-0.0215275455266237
2024-02-06T18:15:50Z,0.2936510685831308
2024-02-06T18:35:00Z,0.0813949927687645
2024-02-06T20:45:14Z,0.8823997182771564
2024-02-07T08:08:55Z,0.9220025464892389
2024-02-07T12:49:03Z,-0.8110984852537513
2024-02-07T13:52:44Z,-0.0208902470767498
2024-02-07T14:13:03Z,0.0091055706143379
2024-02-07T14:17:36Z,-0.938194090500474
2024-02-07T14:31:42Z,0.0172794517129659
2024-02-07T14:40:25Z,-0.1157781071960926
2024-02-07T14:53:19Z,0.144883831962943
2024-02-07T15:17:16Z,0.1069213412702083
2024-02-07T15:25:28Z,0.0806237310171127
2024-02-07T15:49:32Z,-0.001088073477149
2024-02-07T16:42:39Z,0.7010482400655746
2024-02-07T17:21:04Z,0.906451528891921
2024-02-07T17:35:15Z,0.052553815767169
2024-02-07T18:40:42Z,-0.3024465106427669
2024-02-07T20:45:12Z,0.0341234691441059
2024-02-07T18:41:45Z,0.0487732142210006
2024-02-07T21:56:08Z,0.0650926437228918
2024-02-07T22:07:51Z,-0.0123169124126434
2024-02-08T01:16:15Z,-0.0758102610707283
2024-02-08T02:05:36Z,0.0126013830304145
2024-02-08T02:45:02Z,0.7468874007463455
2024-02-08T05:14:41Z,0.6982814818620682
2024-02-08T06:14:49Z,0.1291499845683574
2024-02-08T06:47:05Z,-0.6503607928752899
2024-02-08T08:10:41Z,-0.4664787054061889
2024-02-08T09:19:15Z,0.1723109148442745
2024-02-08T09:49:08Z,-0.9399553602561356
2024-02-08T13:05:25Z,0.0192791875451803
2024-02-08T13:40:27Z,-0.91271785274148
2024-02-08T14:19:00Z,-0.0261999834328889
2024-02-08T14:59:49Z,-0.9573583118617536
2024-02-08T15:16:30Z,0.0211818516254425
2024-02-08T16:29:48Z,0.068122467957437
2024-02-08T15:11:33Z,-0.0004605893045663
2024-02-08T17:35:16Z,0.052553815767169
2024-02-08T17:50:28Z,-0.9383183950558304
2024-02-08T18:00:08Z,-0.0385108292102813
2024-02-08T18:15:10Z,0.0389892309904098
2024-02-08T21:33:09Z,-0.2823355197906494
2024-02-09T02:34:01Z,0.3220221698284149
2024-02-09T07:34:12Z,0.1444712849333882
2024-02-09T08:04:30Z,-0.8566762693226337
2024-02-09T12:05:31Z,0.2060601897537708
2024-02-09T12:22:46Z,0.701205943711102
2024-02-09T14:12:16Z,0.0625032037496566
2024-02-09T15:08:43Z,0.7419615834951401
2024-02-09T15:13:56Z,-0.0014421436935663
2024-02-09T16:29:50Z,0.6637512063607574
2024-02-09T18:26:13Z,-0.0073372405022382
2024-02-09T21:08:19Z,-0.7834983766078949
2024-02-10T02:11:22Z,0.9138488844037056
2024-02-10T03:59:07Z,-0.0516328439116478
2024-02-10T06:30:54Z,0.0810344722121954
2024-02-10T13:39:10Z,0.044722119346261
2024-02-11T05:41:56Z,0.0836258232593536
2024-02-11T05:50:14Z,0.2513726130127907
2024-02-11T15:40:45Z,0.0273011550307273
2024-02-11T21:38:26Z,0.912279300391674
2024-02-12T02:03:21Z,0.033864552155137
2024-02-12T08:45:27Z,-0.9298978447914124
2024-02-12T13:34:32Z,-0.4365599602460861
2024-02-12T13:45:44Z,-0.217708982527256
2024-02-12T14:29:48Z,-0.1057930290699005
2024-02-12T14:53:19Z,0.0150994192808866
2024-02-12T15:38:07Z,-0.0015850588679313
2024-02-12T16:37:03Z,0.0199176110327243
2024-02-12T17:35:14Z,-0.0039224773645401
2024-02-12T18:40:48Z,-0.0483667384833097
2024-02-12T16:12:14Z,0.0316154360771179
2024-02-13T03:03:42Z,-0.1794174760580063
2024-02-13T08:31:32Z,0.4942048918455839
2024-02-13T09:16:58Z,0.1443029707297682
2024-02-13T10:44:57Z,-0.9183436054736376
2024-02-13T12:27:34Z,-0.0297204926609992
2024-02-13T12:33:35Z,0.0601914077997207
2024-02-13T13:42:32Z,-0.1131185851991176
2024-02-13T14:26:44Z,-0.0014229249209165
2024-02-13T15:45:55Z,0.4086769595742225
2024-02-13T16:00:11Z,0.5145028233528137
2024-02-13T16:06:20Z,0.8330915812402964
2024-02-13T17:22:17Z,0.3064876981079578
2024-02-13T19:28:15Z,0.0812127273529768
2024-02-13T20:57:54Z,0.909938469529152
2024-02-13T20:58:49Z,-0.915576407685876
2024-02-14T01:33:34Z,-0.3470124322921037
2024-02-14T03:16:33Z,-0.8963385010138154
2024-02-14T03:55:31Z,-0.3882411941885948
2024-02-14T07:41:58Z,0.0854381304234266
2024-02-14T06:16:51Z,0.834737179800868
2024-02-14T10:15:05Z,-0.0195581540465354
2024-02-14T10:37:37Z,0.8879847601056099
2024-02-14T10:48:28Z,0.5187754314392805
2024-02-14T13:39:28Z,0.0288880076259374
2024-02-14T15:22:10Z,-0.0007834117859601
2024-02-14T16:03:37Z,-0.0318700522184371
2024-02-14T17:35:14Z,-0.0039224773645401
2024-02-14T21:15:07Z,0.0595795512199401
2024-02-15T03:39:35Z,-0.8965230230242014
2024-02-15T08:19:45Z,0.6914200093597174
2024-02-15T09:25:06Z,-0.4167068153619766
2024-02-15T09:45:37Z,0.9204262075945736
2024-02-15T14:19:42Z,-0.0256702248007059
2024-02-15T15:05:15Z,0.9287946540862322
2024-02-15T15:53:38Z,-0.0017253402620553
2024-02-15T16:22:17Z,0.8498283345252275
2024-02-15T17:35:20Z,-0.0039224773645401
2024-02-15T18:39:03Z,0.7934258887544274
2024-02-15T19:06:16Z,0.1613774430006742
2024-02-15T20:58:17Z,0.3285406520590186
2024-02-15T20:56:07Z,0.6846823375672102
2024-02-15T22:19:34Z,-0.7426317147910595
2024-02-16T09:23:02Z,-0.6667778715491295
2024-02-16T10:15:13Z,-0.377764880657196
2024-02-16T10:25:41Z,-0.251572698354721
2024-02-16T13:46:35Z,0.0486766025424003
2024-02-16T14:16:44Z,-0.0259991604834795
2024-02-16T15:37:24Z,-0.0010737292468547
2024-02-16T16:05:55Z,-0.8394098542630672
2024-02-16T16:32:55Z,0.0082742609083652
2024-02-16T16:47:09Z,-0.4621174335479736
2024-02-16T21:29:26Z,0.0774336755275726
2024-02-17T03:15:26Z,-0.7022749036550522
2024-02-17T21:14:12Z,-0.4690479189157486
2024-02-18T08:07:28Z,-0.9225167967379092
2024-02-18T08:08:58Z,0.0356069169938564
2024-02-18T15:14:51Z,-0.934055684134364
2024-02-19T14:01:12Z,0.0109179969877004
2024-02-19T14:13:46Z,0.0831183344125747
2024-02-19T15:15:27Z,-0.939239652827382
2024-02-20T05:45:06Z,-0.9301883168518544
2024-02-20T06:20:16Z,0.0290827713906765
2024-02-20T07:58:48Z,0.0902008805423975
2024-02-20T08:28:25Z,-0.7957067675888538
2024-02-20T14:14:57Z,-0.0254523828625679
2024-02-20T14:34:22Z,0.4119383245706558
2024-02-20T15:04:15Z,-0.0015713330358266
2024-02-20T16:35:29Z,-0.0420937240123748
2024-02-20T17:35:10Z,0.052553815767169
2024-02-20T19:31:41Z,-0.2802921552211046
2024-02-20T21:19:39Z,0.0054385401308536
2024-02-21T01:58:53Z,-0.1594739202409982
2024-02-21T03:21:04Z,0.0202551558613777
2024-02-21T05:54:52Z,-0.0117686241865158
2024-02-21T08:25:25Z,-0.5594164282083511
2024-02-21T12:34:41Z,0.241024699062109
2024-02-21T13:17:07Z,-0.1293454580008983
2024-02-21T14:01:00Z,0.0115300472825765
2024-02-21T14:14:14Z,-0.0247007384896278
2024-02-21T15:08:13Z,-0.0006274804472923
2024-02-21T15:23:20Z,0.0004310626536607
2024-02-21T15:57:39Z,0.6695284228771925
2024-02-21T17:02:56Z,0.0622105002403259
2024-02-21T17:35:15Z,0.052553815767169
2024-02-21T18:31:30Z,0.6622377680614591
2024-02-21T19:20:28Z,0.1069955714046955
2024-02-22T01:35:21Z,0.8474222328513861
2024-02-22T02:30:12Z,0.6142692249268293
2024-02-22T13:00:19Z,0.017108216881752
2024-02-22T13:15:55Z,-0.0015574004501104
2024-02-22T13:45:17Z,-0.0205826833844184
2024-02-22T14:14:48Z,-0.0261757895350456
2024-02-22T14:28:38Z,-0.4436130560934543
2024-02-22T14:33:17Z,0.0204367935657501
2024-02-22T17:42:04Z,-0.1083560585975647
2024-02-23T02:37:39Z,-0.8686112463474274
2024-02-23T08:55:10Z,0.0744987558573484
2024-02-23T10:16:57Z,0.1099727945402264
2024-02-23T12:11:04Z,-0.4392041452229023
2024-02-23T14:00:42Z,0.1303454348817467
2024-02-23T16:20:55Z,-0.0018128342926502
2024-02-23T18:36:15Z,-0.3668996691703796
2024-02-24T13:10:30Z,0.0353804156184196
2024-02-24T13:34:25Z,0.024359343573451
2024-02-25T05:25:37Z,-0.1272005997598171
2024-02-24T14:29:00Z,0.4267127588391304
2024-02-21T21:14:17Z,0.1996538490056991
2024-02-25T17:44:00Z,0.2583539430052042
2024-02-26T02:17:34Z,0.4053695537149906
2024-02-26T02:56:04Z,-0.0736370608210563
2024-02-26T11:41:38Z,-0.1740454956889152
2024-02-26T13:44:21Z,-0.6149525698274374
2024-02-26T14:15:44Z,-0.0251276120543479
2024-02-26T15:11:01Z,-0.0008567553013563
2024-02-26T16:03:57Z,0.1678895745426416
2024-02-26T16:35:40Z,0.0044223964214324
2024-02-26T16:56:15Z,-0.9396075922995806
2024-02-27T04:06:06Z,0.0139867458492517
2024-02-27T05:45:39Z,-0.6225555799901485
2024-02-27T15:19:36Z,-0.0022284761071205
2024-02-27T16:00:12Z,0.0583066157996654
2024-02-27T17:30:25Z,-0.9552550921216608
2024-02-27T19:02:07Z,-0.9080871287733316
2024-02-27T20:17:28Z,-0.001236867159605
2024-02-27T21:28:47Z,-0.6961056850850582
2024-02-28T01:49:12Z,0.0860703885555267
2024-02-28T03:08:54Z,-0.057919830083847
2024-02-28T05:07:22Z,0.2436351925134658
2024-02-28T07:54:31Z,-0.9339722581207752
2024-02-28T08:13:02Z,0.5460027232766151
2024-02-28T10:46:20Z,0.3520239926874637
2024-02-28T12:39:12Z,-0.1212881729006767
2024-02-28T12:56:08Z,-0.115938302129507
2024-02-28T13:21:35Z,-0.4365599602460861
2024-02-28T13:53:22Z,0.8293219935148954
2024-02-28T14:09:48Z,-0.3662342876195907
2024-02-28T14:27:57Z,-0.0264480262994766
2024-02-28T14:52:28Z,0.1899467334151268
2024-02-28T15:06:51Z,-0.9640904166735708
2024-02-28T15:38:43Z,-0.000286815688014
2024-02-28T15:52:56Z,0.6932840645313263
2024-02-28T16:05:02Z,0.0548111665993928
2024-02-28T17:19:37Z,-0.0052690804004669
2024-02-28T17:36:26Z,0.1087050447240471
2024-02-28T17:52:34Z,0.0383578818291425
2024-02-28T18:41:54Z,-0.8065093755722046
2024-02-28T19:15:25Z,-0.3169920071959495
2024-02-29T01:38:47Z,0.0933348573744297
2024-02-29T04:01:03Z,-0.7503533158451319
2024-02-29T07:25:10Z,0.7853502687066793
2024-02-29T08:06:10Z,-0.7924403101205826
2024-02-29T12:07:47Z,-0.0344305913895368
2024-02-29T14:03:34Z,-0.9435642305761576
2024-02-29T14:15:44Z,-0.0265152733772993
2024-02-29T14:40:24Z,-0.9425633903592824
2024-02-29T15:20:03Z,-0.0010732877999544
2024-02-29T16:01:31Z,0.6071188598871231
2024-02-29T16:46:26Z,0.4513485208153724
2024-02-29T17:43:35Z,-0.8283143639564514
2024-02-29T19:30:13Z,-0.4544455073773861
2024-02-29T18:36:24Z,0.8059389758855104
2024-03-01T06:45:11Z,-0.2958950269967317
2024-03-01T09:05:33Z,0.1892382055521011
2024-03-01T09:28:05Z,-0.15291079133749
2024-03-01T12:26:22Z,0.7508162809535861
2024-03-01T13:22:36Z,-0.9369287732988596
2024-03-01T14:13:35Z,-0.0237660985440015
2024-03-01T14:23:15Z,-0.9575011748820544
2024-03-01T15:13:02Z,-0.0009686704725027
2024-03-01T15:39:58Z,-0.914504990912974
2024-03-01T16:01:28Z,0.8310552900657058
2024-03-01T16:22:39Z,-0.4368961006402969
2024-03-01T17:35:15Z,0.052553815767169
2024-03-01T17:34:02Z,-0.8453073613345623
2024-03-01T18:30:26Z,-0.5775411613285542
2024-03-01T19:14:07Z,0.7704266551882029
2024-03-01T20:06:29Z,-0.0116241239011287
2024-03-01T21:35:22Z,0.6588362529873848
2024-03-02T14:02:30Z,0.0832066480070352
2024-03-02T13:21:00Z,-0.1016260422766208
2024-03-03T04:50:58Z,-0.0811631977558136
2024-03-03T10:13:16Z,0.8090744540095329
2024-03-03T17:33:40Z,0.1391172427684068
2024-03-03T19:57:14Z,0.9161373041570188
2024-03-03T20:36:00Z,0.6969116823747754
2024-03-04T01:31:31Z,-0.9170487383380532
2024-03-04T01:58:56Z,-0.159774113446474
2024-03-04T02:16:54Z,-0.5633678175508976
2024-03-04T06:16:41Z,0.0766785629093647
2024-03-04T07:05:54Z,0.5910477787256241
2024-03-04T12:11:10Z,-0.928229033946991
2024-03-04T13:05:12Z,0.1913606785237789
2024-03-04T14:13:57Z,-0.0250360257923603
2024-03-04T13:32:41Z,-0.9266665615141392
2024-03-04T14:23:24Z,0.2592801367864012
2024-03-04T16:19:21Z,-0.0014118142426013
2024-03-04T16:51:22Z,-0.952181451022625
2024-03-04T16:45:40Z,0.8480202294886112
2024-03-04T17:27:20Z,-0.3689696043729782
2024-03-04T18:36:04Z,-0.9076750949025154
2024-03-04T22:04:34Z,0.3110806290060282
2024-03-05T08:57:31Z,0.2178115658462047
2024-03-05T11:19:59Z,0.1733194282278418
2024-03-05T12:30:22Z,-0.6917345374822617
2024-03-05T12:41:40Z,-0.0846519768238067
2024-03-05T12:55:53Z,-0.963708944618702
2024-03-05T13:58:36Z,-0.3086115680634975
2024-03-05T14:25:17Z,-0.0245777778327465
2024-03-05T15:18:44Z,-0.0013676211237907
2024-03-05T15:49:33Z,0.0068761110305786
2024-03-05T16:14:19Z,0.7869436293840408
2024-03-05T16:32:21Z,-0.964202869683504
2024-03-05T17:02:54Z,-0.56932682543993
2024-03-05T17:33:52Z,-0.3584865480661392
2024-03-05T20:01:08Z,0.5928346868604422
2024-03-06T01:53:56Z,-0.7845099866390228
2024-03-06T02:34:21Z,-0.0042833779007196
2024-03-06T07:29:16Z,-0.8474607467651367
2024-03-06T08:50:24Z,-0.9324867455288768
2024-03-06T08:55:24Z,-0.9597284449264408
2024-03-06T09:51:01Z,0.2600955180823803
2024-03-06T12:37:09Z,0.0147498790174722
2024-03-06T14:12:40Z,-0.0662567745894193
2024-03-06T14:16:20Z,-0.0243114084005355
2024-03-06T16:36:09Z,-0.7639325940981507
2024-03-06T16:38:33Z,0.1285508377477526
2024-03-06T17:03:36Z,0.2434385512024164
2024-03-06T17:29:44Z,-0.6461126711219549
2024-03-06T17:35:12Z,0.052553815767169
2024-03-06T17:45:10Z,0.8424223475158215
2024-03-06T20:17:29Z,0.0716633088886737
2024-03-06T20:43:06Z,-0.9315596176311374
2024-03-06T22:26:07Z,0.2341047525405883
2024-03-07T06:58:48Z,0.8566176071763039
2024-03-07T07:28:37Z,0.0336263291537761
2024-03-07T08:42:48Z,-0.9202131796628236
2024-03-07T11:57:57Z,-0.9063979275524616
2024-03-07T13:29:49Z,0.9242468029260636
2024-03-07T13:57:54Z,-0.0642221942543983
2024-03-07T14:14:46Z,-0.0244240686297416
2024-03-07T14:18:01Z,0.8142292872071266
2024-03-07T07:58:21Z,-0.4394889622926712
2024-03-07T15:02:23Z,0.1736817900091409
2024-03-07T15:10:59Z,0.8903651870787144
2024-03-07T14:05:50Z,0.0718181896954774
2024-03-07T17:35:19Z,0.052553815767169
2024-03-07T17:50:35Z,-0.536927480250597
2024-03-07T19:31:46Z,0.7594386143609881
2024-03-07T19:44:44Z,0.6088885087519884
2024-03-07T20:20:02Z,0.461891021579504
2024-03-07T21:44:47Z,0.338547458872199
2024-03-08T04:43:12Z,0.6873403061181307
2024-03-08T05:22:53Z,0.0444503892213106
2024-03-08T07:10:16Z,0.8075690641999245
2024-03-08T10:23:47Z,-0.9014787673950196
2024-03-08T10:50:25Z,0.0378584098070859
2024-03-08T13:42:46Z,0.4547795644029975
2024-03-08T14:12:56Z,-0.0249834451824426
2024-03-08T14:01:37Z,-0.010922223329544
2024-03-08T15:12:42Z,-0.0011188760399818
2024-03-08T15:17:51Z,0.8609138764441013
2024-03-08T15:47:21Z,0.0313511043787002
2024-03-08T17:35:18Z,0.052553815767169
2024-03-08T17:53:47Z,-0.1064602192491293
2024-03-08T17:54:36Z,0.6149812573567033
2024-03-08T18:20:19Z,0.0783194899559021
2024-03-08T19:39:29Z,0.8949876409024
2024-03-08T21:19:21Z,0.5471107661724091
2024-03-09T13:27:21Z,0.7297974685207009
2024-03-08T20:38:09Z,0.8721926379948854
2024-03-10T01:00:14Z,-0.8842029701918364
2024-03-10T11:36:41Z,-0.1913090944290161
2024-03-10T18:23:48Z,0.1462976895272731
2024-03-11T08:30:08Z,0.0881917737424373
2024-03-11T13:15:27Z,-0.0250100214034318
2024-03-11T14:30:45Z,0.0325587950646877
2024-03-11T15:36:10Z,-0.0023388117551803
2024-03-11T15:51:12Z,-0.0004757456481456
2024-03-11T17:06:15Z,0.1693095192313194
2024-03-11T17:46:57Z,0.775454537011683
2024-03-11T18:42:08Z,0.0925132557749748
2024-03-12T03:01:33Z,-0.8685701414942741
2024-03-12T09:00:16Z,-0.8904099427163601
2024-03-12T12:13:17Z,0.0029840543866157
2024-03-12T12:56:39Z,-0.2044567316770553
2024-03-12T13:17:59Z,-0.0247471835464239
2024-03-12T14:04:23Z,0.3376029729843139
2024-03-12T15:00:04Z,-0.8333980403840542
2024-03-12T15:02:31Z,0.4139498686417937
2024-03-12T15:11:34Z,-0.0743039269000291
2024-03-12T15:16:44Z,-0.0021767821162939
2024-03-12T16:00:12Z,0.5145028233528137
2024-03-12T16:03:03Z,-0.0050083640962839
2024-03-12T17:35:16Z,0.052553815767169
2024-03-12T17:07:42Z,-0.1003995686769485
2024-03-12T18:52:30Z,0.2409875895828008
2024-03-12T19:38:03Z,0.001395545899868
2024-03-13T01:42:53Z,0.9113476350903512
2024-03-13T07:18:43Z,0.769309438765049
2024-03-13T11:52:33Z,0.110030984506011
2024-03-13T12:35:15Z,0.5998070556670427
2024-03-13T13:02:45Z,0.0255135018378496
2024-03-13T13:16:12Z,-0.0244267061352729
2024-03-13T13:38:50Z,0.0331413373351097
2024-03-13T14:03:49Z,0.7941944822669029
2024-03-13T14:15:32Z,0.1238397052511572
2024-03-13T05:46:32Z,-0.0403045229613781
2024-03-13T14:30:26Z,-0.002076094970107
2024-03-13T15:35:58Z,0.0839236928150057
2024-03-13T15:35:07Z,0.7987403441220522
2024-03-13T15:44:50Z,0.0080419667065143
2024-03-13T15:44:23Z,0.1013087704777717
2024-03-13T16:24:31Z,-0.8949178559705615
2024-03-13T17:26:31Z,0.0356529969722032
2024-03-14T02:12:32Z,-0.639478787779808
2024-03-14T09:31:08Z,0.1864821296185255
2024-03-14T12:01:57Z,0.9047225955873728
2024-03-14T13:15:52Z,-0.0248577911406755
2024-03-14T13:54:42Z,0.1987913316115737
2024-03-14T15:23:10Z,-0.0014227367937564
2024-03-14T16:30:50Z,0.9303001211956144
2024-03-14T16:47:11Z,-0.9549851957708596
2024-03-14T17:03:18Z,0.0584973506629467
2024-03-14T17:10:08Z,0.1684011751785874
2024-03-14T18:11:57Z,-0.094378650188446
2024-03-14T19:07:55Z,0.0455487724393606
2024-03-14T19:17:57Z,0.2431917926296591
2024-03-14T20:02:55Z,-0.9569464409723878
2024-03-15T04:09:34Z,0.5102828964591026
2024-03-15T04:49:28Z,-0.2813355252146721
2024-03-15T05:14:43Z,0.1992224529385566
2024-03-15T08:14:16Z,0.6948153600096703
2024-03-15T12:23:30Z,-0.8396183736622334
2024-03-15T12:44:56Z,0.9009677125141023
2024-03-15T15:22:28Z,0.0953241810202598
2024-03-15T17:35:18Z,-0.0039224773645401
2024-03-15T18:21:34Z,0.8557782769203186
2024-03-15T18:43:49Z,-0.1714297495782375
2024-03-15T19:32:22Z,0.0904646608978509
2024-03-16T01:46:15Z,-0.9186969920992852
2024-03-16T08:16:54Z,-0.8328033294528723
2024-03-16T12:54:11Z,-0.0040362775325775
2024-03-17T10:00:12Z,0.5860845055431128
2024-03-17T21:24:47Z,0.4509163051843643
2024-03-18T02:37:14Z,0.8886210042983294
2024-03-17T19:20:50Z,0.1087181875482201
2024-03-18T06:55:34Z,0.7401331141591072
2024-03-18T07:23:51Z,0.1321096522733569
2024-03-18T07:49:38Z,0.3059650044888258
2024-03-18T11:37:02Z,0.577674500644207
2024-03-18T12:06:05Z,0.9073484614491464
2024-03-18T12:12:39Z,0.1668603718280792
2024-03-18T12:57:46Z,-0.3559523224830627
2024-03-18T13:16:32Z,-0.024243626743555
2024-03-18T14:01:00Z,0.0882312450557947
2024-03-18T14:13:42Z,0.9026835914701224
2024-03-18T14:31:17Z,-0.0025772787630558
2024-03-18T14:43:52Z,0.0865919571369886
2024-03-18T15:50:16Z,0.033534076064825
2024-03-18T15:57:41Z,0.9091380946338176
2024-03-18T16:20:24Z,0.8435041205957532
2024-03-18T16:29:22Z,0.1325985677540302
2024-03-18T17:42:56Z,0.1184989809989929
2024-03-18T18:01:55Z,-0.7350365743041039
2024-03-18T18:37:43Z,-0.8599159121513367
2024-03-18T23:11:52Z,0.8949789386242628
2024-03-19T05:18:55Z,-0.0164410658180713
2024-03-19T06:56:06Z,-0.9523107511922716
2024-03-19T09:37:12Z,-0.8494503442198038
2024-03-19T10:44:33Z,0.793037585914135
2024-03-19T11:00:44Z,0.468142956495285
2024-03-19T11:41:33Z,-0.8114309161901474
2024-03-19T12:06:07Z,0.0040808469057083
2024-03-19T13:16:34Z,0.824094295501709
2024-03-19T13:18:54Z,-0.0237859487533569
2024-03-19T14:19:20Z,0.0061789080500602
2024-03-19T14:30:22Z,-0.0022493992000818
2024-03-19T16:09:17Z,0.0118272919207811
2024-03-19T16:23:26Z,-0.4124955907464027
2024-03-19T16:30:41Z,0.0097491275519132
2024-03-19T17:27:08Z,-0.9185596574097872
2024-03-19T18:39:46Z,0.9290483091026543
2024-03-19T18:50:37Z,0.0919355181977152
2024-03-19T20:07:32Z,0.0032435916364192
2024-03-20T06:30:28Z,-0.1839780211448669
2024-03-20T08:52:17Z,-0.1244354285299778
2024-03-20T12:01:35Z,-0.8924251180142164
2024-03-20T13:16:19Z,-0.0243610348552465
2024-03-20T14:29:18Z,-0.0021201595664024
2024-03-20T15:32:02Z,-0.3335372190922498
2024-03-20T18:03:24Z,0.913453781977296
2024-03-20T19:00:33Z,-0.9615763649344444
2024-03-21T01:56:44Z,-0.5930392071604729
2024-03-21T02:23:42Z,-0.7658745106309652
2024-03-21T02:31:09Z,-0.0025971829891204
2024-03-21T03:32:34Z,0.0279136523604393
2024-03-21T04:24:01Z,0.2163570821285247
2024-03-21T04:56:32Z,-0.9279301827773452
2024-03-21T05:10:53Z,-0.3396592102944851
2024-03-21T08:21:25Z,0.0196357425302267
2024-03-21T08:22:45Z,0.1450714617967605
2024-03-21T09:50:48Z,0.2301595620810985
2024-03-21T12:14:53Z,0.0008655115962028
2024-03-21T12:17:16Z,0.0572220496833324
2024-03-21T13:13:09Z,-0.4021745920181274
2024-03-21T13:14:06Z,-0.0234019011259078
2024-03-21T13:40:36Z,-0.4365599602460861
2024-03-21T13:56:08Z,0.0734195513650775
2024-03-21T14:30:19Z,-0.0722684245556593
2024-03-21T14:26:27Z,-0.0003168005496263
2024-03-21T14:51:35Z,-0.7350017223507166
2024-03-21T15:35:45Z,-0.9020144967362284
2024-03-21T15:39:24Z,-0.6416921243071556
2024-03-21T16:42:10Z,0.0451263785362243
2024-03-21T16:58:19Z,-0.466986671090126
2024-03-21T17:00:38Z,-0.4596372507512569
2024-03-21T18:02:13Z,0.7831202037632465
2024-03-21T18:07:08Z,0.0259427428245544
2024-03-21T18:56:41Z,0.9046287890523672
2024-03-21T19:35:00Z,0.066651688888669
2024-03-22T01:49:35Z,-0.9220031853765248
2024-03-22T01:32:23Z,0.6783269960433245
2024-03-22T04:35:05Z,0.0373036041855812
2024-03-22T03:36:34Z,-0.0235763099044561
2024-03-22T09:44:08Z,-0.8512761555612087
2024-03-22T10:27:50Z,-0.446989482268691
2024-03-22T10:44:17Z,0.0565489120781421
2024-03-22T11:10:23Z,0.1777329407632351
2024-03-22T11:38:11Z,0.7611907720565796
2024-03-22T12:17:52Z,-0.7045198455452919
2024-03-22T12:18:36Z,0.1656614290550351
2024-03-22T12:22:20Z,-0.0164781026542186
2024-03-22T12:34:57Z,0.4544568285346031
2024-03-22T12:38:09Z,-0.3703761696815491
2024-03-22T13:04:42Z,0.5011407881975174
2024-03-22T13:12:28Z,-0.8887632200494409
2024-03-22T13:54:14Z,-0.901086274534464
2024-03-22T13:55:10Z,-0.296295266598463
2024-03-22T14:26:08Z,-0.3996488153934479
2024-03-22T14:35:34Z,-0.0019149519503116
2024-03-22T14:41:14Z,0.9032361274585128
2024-03-22T15:41:25Z,-0.0247516483068466
2024-03-22T16:08:11Z,0.8829636387526989
2024-03-22T17:08:43Z,-0.862589206546545
2024-03-22T17:35:13Z,0.052553815767169
2024-03-22T17:36:57Z,0.090324766933918
2024-03-22T20:19:01Z,0.13703228905797
2024-03-22T20:34:39Z,-0.8297615870833397
2024-03-23T06:38:33Z,0.7583577884361148
2024-03-23T21:25:36Z,-0.2115822974592447
2024-03-24T06:58:25Z,0.0332482438534498
2024-03-25T10:16:42Z,-0.0949367135763168
2024-03-25T11:26:36Z,0.0105567649006843
2024-03-25T11:34:15Z,0.1842720089480281
2024-03-25T12:08:49Z,-0.9058278249576688
2024-03-25T13:19:42Z,-0.0239403080195188
2024-03-24T06:59:51Z,0.0465225987136364
2024-03-25T14:27:31Z,0.4113541841506958
2024-03-25T15:01:53Z,0.1238528788089752
2024-03-25T15:32:34Z,0.3426049863919616
2024-03-25T15:55:17Z,-0.6680372059345245
2024-03-25T15:58:45Z,-0.0015430655330419
2024-03-25T16:42:00Z,0.4318238981068134
2024-03-25T17:35:13Z,0.052553815767169
2024-03-25T17:45:51Z,0.21736915782094
2024-03-25T17:58:15Z,-0.9103661933913828
2024-03-25T18:51:00Z,-0.2241888083517551
2024-03-25T20:16:42Z,0.2480394495651126
2024-03-26T02:33:20Z,0.3950234008952975
2024-03-26T03:04:21Z,0.1976650506258011
2024-03-26T07:39:36Z,-0.8951201103627682
2024-03-26T08:10:55Z,-0.9453044421970844
2024-03-26T08:41:06Z,-0.7247090097516775
2024-03-21T02:54:12Z,-0.0400048289448022
2024-03-26T09:02:36Z,0.8611518507823348
2024-03-26T11:31:28Z,-0.2801334708929062
2024-03-26T12:36:21Z,0.4445813875645399
2024-03-26T13:20:00Z,-0.0241378117352724
2024-03-26T13:57:44Z,0.8164646960794926
2024-03-26T14:15:24Z,-0.0013726744800806
2024-03-26T16:00:23Z,0.0583066157996654
2024-03-26T16:03:26Z,0.0337850525975227
2024-03-26T16:20:16Z,0.1496450379490852
2024-03-26T16:58:11Z,-0.9649011008441448
2024-03-26T17:02:00Z,-0.0060430597513914
2024-03-26T17:35:11Z,-0.0039224773645401
2024-03-27T01:33:44Z,0.2017822740599513
2024-03-27T05:07:42Z,0.1782448701560497
2024-03-27T06:18:49Z,0.5162117388099432
2024-03-27T07:59:10Z,0.5460301022976637
2024-03-27T10:23:02Z,0.7816710099577904
2024-03-27T10:23:34Z,0.0325864292681217
2024-03-27T11:43:13Z,0.1259930059313774
2024-03-27T12:57:56Z,-0.9642784697934984
2024-03-27T13:23:38Z,-0.0252259001135826
2024-03-27T13:50:13Z,-0.8455727938562632
2024-03-27T14:20:47Z,0.8582123033702374
2024-03-27T14:36:24Z,-0.0026997439563274
2024-03-27T15:05:39Z,0.0255135018378496
2024-03-27T15:45:43Z,0.0508800446987152
2024-03-27T15:51:08Z,-0.0107838064432144
2024-03-27T17:35:18Z,0.052553815767169
2024-03-27T17:54:22Z,-0.9381451942026616
2024-03-27T19:40:57Z,0.9284903164952992
2024-03-27T20:33:05Z,0.0953439539298415
2024-03-28T06:08:27Z,0.094657652080059
2024-03-28T10:34:52Z,-0.6982032563537359
2024-03-28T11:58:35Z,0.3036401532590389
2024-03-28T13:00:11Z,0.8675673687830567
2024-03-28T13:23:43Z,-0.0252579357475042
2024-03-28T14:17:05Z,-0.0009922105818986
2024-03-28T15:54:58Z,-0.8698897548019886
2024-03-28T18:01:44Z,0.2003325037658214
2024-03-28T21:00:39Z,0.1013208581134677
2024-03-29T02:32:41Z,-0.9055367689579724
2024-03-29T05:33:55Z,0.0205959752202034
2024-03-29T16:30:18Z,0.0179614778608083
2024-03-29T17:35:14Z,-0.0039224773645401
2024-03-30T07:30:49Z,0.2178787887096405
2024-03-30T12:32:10Z,0.0750752231106162
2024-03-31T13:19:11Z,0.0475187133997678
2024-04-01T03:42:22Z,0.2036633267998695
2024-04-01T10:23:20Z,0.0489358063787221
2024-04-01T13:50:19Z,-0.9524641372263432
2024-04-01T13:58:42Z,0.0163656380027532
2024-04-01T14:11:21Z,0.0151197183877229
2024-04-01T14:30:32Z,0.3995520621538162
2024-04-01T14:56:37Z,-0.1924362778663635
2024-04-01T14:58:16Z,-0.0242202188819646
2024-04-01T15:07:24Z,-0.4412214308977127
2024-04-01T16:32:33Z,0.0042434781789779
2024-04-01T17:35:12Z,0.052553815767169
2024-04-02T01:07:34Z,0.143625158816576
2024-04-02T03:24:23Z,0.3355077328160405
2024-04-02T04:13:53Z,-0.4560872837901115
2024-04-02T06:32:18Z,0.0547901447862386
2024-04-02T10:10:32Z,0.8627350134775043
2024-04-02T13:18:37Z,-0.0250589996576309
2024-04-02T13:23:24Z,0.5483495742082596
2024-04-02T14:06:51Z,-0.8683506585657597
2024-04-02T14:17:57Z,-0.954106867313385
2024-04-02T14:22:36Z,-0.0016278587281703
2024-04-02T14:57:21Z,-0.3990899920463562
2024-04-02T17:35:12Z,-0.0039224773645401
2024-04-02T17:55:46Z,0.7377670742571354
2024-04-03T03:01:50Z,-0.8502871189266443
2024-04-03T06:18:37Z,0.1427604015916586
2024-04-03T09:02:41Z,0.2470189901068806
2024-04-03T11:11:37Z,0.130339028313756
2024-04-03T13:18:15Z,-0.0256036259233951
2024-04-03T15:51:01Z,-0.0016618035733699
2024-04-03T15:53:40Z,0.0651706457138061
2024-04-03T17:05:58Z,0.0900088045746088
2024-04-03T18:55:33Z,-0.6915823016315699
2024-04-03T19:17:23Z,0.0791901871562004
2024-04-03T19:17:01Z,0.6912097055464983
2024-04-03T20:57:01Z,0.7737155277282
2024-04-04T01:26:18Z,-0.8734853006899357
2024-04-04T07:41:48Z,-0.0718076154589653
2024-04-04T08:23:55Z,0.0120028536766767
2024-04-04T08:35:41Z,-0.0305679216980934
2024-04-04T09:44:53Z,0.8719725841656327
2024-04-04T10:18:54Z,-0.90387730486691
2024-04-04T10:45:26Z,0.009915679693222
2024-04-04T11:00:16Z,0.7009873613715172
2024-04-04T13:26:24Z,-0.0258043594658374
2024-04-04T15:48:29Z,0.4457495808601379
2024-04-04T17:35:24Z,-0.0017905496060848
2024-04-05T04:04:45Z,-0.5915853269398212
2024-04-05T06:29:20Z,0.1972583392634987
2024-04-05T10:32:19Z,-0.9334356654435396
2024-04-05T10:49:11Z,0.497008241713047
2024-04-05T11:32:00Z,-0.8390850126743317
2024-04-05T12:03:30Z,0.7446454986929893
2024-04-05T12:11:06Z,-0.8502158224582672
2024-04-05T16:24:14Z,0.0731826312839984
2024-04-05T18:09:35Z,-0.0017579849809408
2024-04-05T18:14:44Z,-0.8951824270188808
2024-04-05T19:09:35Z,0.224216260947287
2024-04-05T20:15:33Z,0.1459354665130376
2024-04-05T20:18:41Z,-0.0251129269599914
2024-04-05T20:23:32Z,-0.1532934308052063
2024-04-06T01:19:02Z,0.747376412153244
2024-04-06T07:25:52Z,-0.8864443115890026
2024-04-06T12:56:36Z,0.2316443789750337
2024-04-07T06:07:14Z,-0.7592159286141396
2024-04-07T06:28:06Z,0.0935305133461952
2024-04-07T20:32:46Z,0.2104416396468877
2024-04-08T01:55:28Z,-0.9050575038418174
2024-04-08T02:01:29Z,0.5370608419179916
2024-04-08T03:23:43Z,0.0363243371248245
2024-04-08T04:08:20Z,0.9287527175620198
2024-04-02T08:26:08Z,-0.9480759482830764
2024-04-08T07:44:50Z,0.7151546571403742
2024-04-08T11:10:00Z,-0.961327743716538
2024-04-08T12:06:38Z,-0.599044393748045
2024-04-08T14:02:34Z,0.8397624026983976
2024-04-08T15:39:58Z,-0.0013811159878969
2024-04-08T16:00:57Z,0.1483148364350199
2024-04-08T17:35:13Z,-0.0039224773645401
2024-04-09T03:18:53Z,-0.2102364227175712
2024-04-09T03:24:55Z,-0.2442114502191543
2024-04-09T04:20:01Z,0.8049551853910089
2024-04-09T06:19:52Z,0.0395545670762658
2024-04-09T09:43:54Z,0.5981734786182642
2024-04-09T11:42:30Z,-0.245100125670433
2024-04-09T12:21:33Z,-0.4365599602460861
2024-04-09T14:17:25Z,-0.0024238172918558
2024-04-09T15:00:16Z,0.026525791734457
2024-04-09T15:24:34Z,0.3234370052814483
2024-04-09T17:35:14Z,-0.0039224773645401
2024-04-09T19:36:47Z,0.2054041577503085
2024-04-10T06:51:02Z,0.7693411577492952
2024-04-10T09:01:28Z,0.7386461012065411
2024-04-10T09:58:20Z,-0.9575159782543778
2024-04-10T10:29:15Z,0.0066929534077644
2024-04-10T11:22:14Z,0.9183917120099068
2024-04-10T11:23:11Z,0.904550164937973
2024-04-10T11:32:10Z,0.891777346841991
2024-04-10T13:15:47Z,-0.0275446735322475
2024-04-10T13:57:42Z,0.8401955962181091
2024-04-10T15:11:25Z,-0.0024252943694591
2024-04-10T15:36:37Z,-0.3738820254802704
2024-04-10T17:35:13Z,0.052553815767169
2024-04-10T20:00:58Z,-0.466763973236084
2024-04-10T21:41:27Z,-0.4227688461542129
2024-04-11T03:01:58Z,0.0396352484822273
2024-04-11T07:44:27Z,-0.6413713246583939
2024-04-11T08:07:33Z,0.0451136827468872
2024-04-11T12:01:58Z,-0.4067742377519607
2024-04-11T12:31:13Z,-0.0455960556864738
2024-04-11T12:44:20Z,-0.5025812461972237
2024-04-11T12:44:33Z,0.0346233919262886
2024-04-11T13:20:20Z,-0.0262872092425823
2024-04-11T13:43:39Z,0.3392493706196546
2024-04-11T14:18:41Z,-0.0028391368687152
2024-04-11T14:49:01Z,0.0627427920699119
2024-04-11T15:02:57Z,0.2802513614296913
2024-04-11T09:14:00Z,-0.0014565736055374
2024-04-11T16:45:56Z,0.9206472421064972
2024-04-11T16:51:12Z,0.7389501761645079
2024-04-11T17:35:14Z,-0.0039224773645401
2024-04-11T18:14:27Z,0.9411132540553808
2024-04-11T20:19:24Z,0.1865439713001251
2024-04-12T02:04:23Z,-0.0045592859387397
2024-04-12T03:08:34Z,0.4283871129155159
2024-04-12T04:28:15Z,0.1767020970582962
2024-04-12T10:30:18Z,0.1821635635569691
2024-04-12T12:20:49Z,0.8621687525883317
2024-04-12T13:23:35Z,-0.0255360100418329
2024-04-12T14:04:04Z,0.3467575162649154
2024-04-12T15:01:37Z,-0.8178987018764019
2024-04-12T15:11:49Z,-0.0026560053229331
2024-04-12T16:51:36Z,0.8518421649932861
2024-04-14T05:57:12Z,0.0521839912980794
2024-04-14T21:13:20Z,-0.4325427804142236
2024-04-15T01:44:44Z,-0.948074359446764
2024-04-15T03:17:59Z,0.4796407148241997
2024-04-15T04:59:02Z,0.8934566350653768
2024-04-15T05:30:31Z,0.8738690875470638
2024-04-15T11:27:19Z,0.3614561259746551
2024-04-15T13:21:33Z,-0.0254535693675279
2024-04-15T13:41:25Z,0.3933531194925308
2024-04-15T14:23:04Z,-0.7607013881206512
2024-04-15T14:23:48Z,-0.0025119911879301
2024-04-15T14:36:44Z,-0.52114481292665
2024-04-15T16:08:17Z,-0.9631367679685354
2024-04-15T17:30:34Z,-0.244182500988245
2024-04-16T09:59:17Z,0.0041211806237697
2024-04-16T11:24:42Z,0.8904255144298077
2024-04-16T12:01:26Z,0.0239648837596178
2024-04-16T12:14:57Z,-0.9431709656491876
2024-04-16T13:20:39Z,-0.0256723091006279
2024-04-16T14:23:16Z,-0.0021136291325092
2024-04-16T15:30:07Z,0.040046639740467
2024-04-16T17:35:14Z,-0.0039224773645401
2024-04-17T08:53:08Z,-0.1850846707820892
2024-04-17T12:24:32Z,0.7640398098155856
2024-04-17T13:14:54Z,-0.0256717894226312
2024-04-17T13:31:25Z,-0.6013591140508652
2024-04-17T13:39:50Z,-0.9308888725936412
2024-04-17T14:45:45Z,0.0936834421008825
2024-04-17T15:06:35Z,0.2235749820247292
2024-04-17T15:19:23Z,0.0587880611419677
2024-04-17T15:55:21Z,-0.0027457028627395
2024-04-17T18:29:27Z,0.5888945981860161
2024-04-17T19:06:48Z,0.0682417219504714
2024-04-17T22:05:31Z,0.2710308358073234
2024-04-18T02:01:13Z,-0.6214956343173981
2024-04-18T08:23:12Z,-0.9553302144631745
2024-04-18T13:28:51Z,-0.0172591134905815
2024-04-18T14:06:11Z,0.3684501647949219
2024-04-18T14:48:22Z,-0.0031420812010765
2024-04-18T15:08:33Z,0.9143539555370808
2024-04-18T16:47:21Z,-0.7180189862847328
2024-04-18T17:35:13Z,0.052553815767169
2024-04-18T19:04:47Z,0.0428235484287142
2024-04-18T22:10:46Z,0.1532005416229367
2024-04-19T05:00:50Z,-0.9028115682303904
2024-04-19T06:03:09Z,0.3448902368545532
2024-04-19T06:47:23Z,-0.8256080895662308
2024-04-19T08:39:17Z,-0.0685642417520284
2024-04-19T10:48:22Z,-0.8405059278011322
2024-04-19T11:07:40Z,0.5369741208851337
2024-04-19T11:30:31Z,0.5034018820151687
2024-04-19T13:13:45Z,0.562099264934659
2024-04-19T13:40:34Z,-0.0197400413453578
2024-04-19T14:37:03Z,-0.0026381630450487
2024-04-19T15:23:43Z,0.0883338451385498
2024-04-19T16:41:41Z,0.8369370512664318
2024-04-19T17:35:13Z,0.052553815767169
2024-04-19T18:46:59Z,0.0538408458232879
2024-04-19T20:57:45Z,-0.9011979186907412
2024-04-20T07:48:36Z,-0.6755761653184891
2024-04-20T13:42:25Z,0.0838780188933014
2024-04-20T16:00:15Z,0.0004335045814514
2024-04-21T04:29:57Z,0.0896849874407053
2024-04-21T16:36:35Z,0.2241428978741169
2024-04-22T01:31:45Z,0.1293655112385749
2024-04-22T07:43:57Z,0.0652777887880802
2024-04-22T12:08:43Z,0.8508061990141869
2024-04-22T12:24:45Z,-0.465897262096405
2024-04-22T13:17:00Z,-0.0255157314240932
2024-04-22T14:13:41Z,-0.0023057535290718
2024-04-22T15:58:05Z,0.2820601090788841
2024-04-22T16:44:00Z,0.0787182506173849
2024-04-22T17:24:48Z,0.2009098995476961
2024-04-22T17:31:02Z,0.914520125836134
2024-04-22T20:28:31Z,-0.7613910809159279
2024-04-23T02:24:29Z,0.1537426570430398
2024-04-23T10:23:08Z,0.6823407951742411
2024-04-23T12:48:59Z,0.112508775666356
2024-04-23T13:26:17Z,-0.0253894459456205
2024-04-23T14:06:24Z,0.0908569488674402
2024-04-23T14:17:47Z,-0.0027368962764739
2024-04-23T14:32:14Z,-0.9083873834460974
2024-04-23T14:38:41Z,-0.9567846609279512
2024-04-23T14:41:26Z,-0.0015053339302539
2024-04-23T14:57:55Z,0.0297704935073852
2024-04-23T15:00:19Z,0.2006252435967326
2024-04-23T15:25:23Z,0.9322159476578236
2024-04-23T16:55:01Z,-0.9545888295397162
2024-04-23T17:36:42Z,0.1799057042226195
2024-04-23T18:58:10Z,0.5641927979886532
2024-04-23T20:08:49Z,0.9216266833245754
2024-04-24T02:04:01Z,0.2868156861513853
2024-04-24T09:18:32Z,-0.9641738245263696
2024-04-24T13:15:06Z,-0.0247179567813873
2024-04-24T14:32:08Z,0.0185142867267131
2024-04-24T14:33:54Z,-0.0021715108305215
2024-04-24T15:27:37Z,0.2899262085556984
2024-04-24T16:47:09Z,0.1209151819348335
2024-04-24T17:35:12Z,-0.0039224773645401
2024-04-24T21:43:57Z,-0.0205084234476089
2024-04-25T06:38:57Z,0.1927980631589889
2024-04-25T06:43:05Z,-0.9285497181117536
2024-04-25T06:58:54Z,0.0400872845202684
2024-04-25T09:31:04Z,0.134869197383523
2024-04-25T09:58:15Z,-0.0112906992435455
2024-04-25T12:44:43Z,0.8983521619811654
2024-04-25T13:08:32Z,0.8310663681477308
2024-04-25T14:20:08Z,-0.0018378738313913
2024-04-25T14:51:25Z,-0.2606013193726539
2024-04-25T15:35:13Z,-0.950626416131854
2024-04-25T18:25:01Z,-0.1857760921120643
2024-04-26T02:28:43Z,0.8275868417695165
2024-04-26T11:41:59Z,-0.9362298380583524
2024-04-26T13:21:40Z,-0.0247262176126241
2024-04-26T13:26:35Z,0.9397853668779136
2024-04-26T13:31:16Z,-0.0087694786489009
2024-04-26T13:49:34Z,0.2607965152710676
2024-04-26T14:22:11Z,0.2617874965071678
2024-04-26T14:25:22Z,-0.0016283970326185
2024-04-26T17:35:12Z,0.052553815767169
2024-04-26T18:36:23Z,-0.9160020984709264
2024-04-27T02:13:07Z,0.0680059036239981
2024-04-27T02:33:10Z,-0.604213785380125
2024-04-27T18:03:22Z,0.2274109683930874
2024-04-28T03:28:15Z,0.0870027877390384
2024-04-28T10:02:16Z,-0.9455740116536616
2024-04-21T15:01:43Z,0.0237648729234933
2024-04-28T21:53:45Z,0.0218632631003856
2024-04-29T04:13:50Z,0.0889786779880523
2024-04-29T04:57:28Z,0.1390872094780206
2024-04-29T05:51:21Z,0.0181465670466423
2024-04-29T09:41:48Z,0.4353537335991859
2024-04-29T12:01:11Z,0.0147414654493331
2024-04-29T13:14:52Z,-0.0258406046777963
2024-04-29T13:26:48Z,-0.1993827372789383
2024-04-29T13:35:06Z,0.9045463819056748
2024-04-29T13:45:06Z,0.0568889528512954
2024-04-29T13:52:26Z,0.6786875855177641
2024-04-29T14:03:06Z,0.9221279080957174
2024-04-29T14:15:17Z,-0.0017983186990022
2024-04-29T15:06:09Z,0.8563381782732904
2024-04-29T16:28:25Z,0.5115873403847218
2024-04-29T17:35:11Z,0.052553815767169
2024-04-29T18:14:53Z,-0.3726494908332824
2024-04-30T06:13:28Z,0.8933735564351082
2024-04-30T05:42:29Z,-0.6386542841792107
2024-04-30T08:29:31Z,-0.9641878819093108
2024-04-30T09:22:49Z,0.0037570856511592
2024-04-30T13:13:15Z,0.2146180141717195
2024-04-30T13:33:01Z,0.9166997466236352
2024-04-30T13:35:50Z,-0.0252175461500883
2024-04-30T14:19:47Z,-0.0013518724590539
2024-04-30T15:19:41Z,0.2488989662379026
2024-04-30T16:07:48Z,0.4532596692442894
2024-04-30T17:45:42Z,0.921019185334444
2024-04-30T20:13:01Z,0.5573590993881226
2024-05-01T04:53:12Z,-0.7988012805581093
2024-05-01T08:08:25Z,-0.2611383870244026
2024-05-01T13:03:19Z,-0.1200564019382
2024-05-01T13:23:41Z,-0.0224274527281522
2024-05-01T13:56:51Z,0.4544942677021026
2024-05-01T14:23:03Z,0.0003325007855892
2024-05-01T14:57:45Z,0.0102424900978803
2024-05-01T15:04:09Z,-0.8054209183901548
2024-05-01T15:21:22Z,0.8402286292985082
2024-05-01T17:35:13Z,0.052553815767169
2024-05-01T23:23:18Z,0.1478268755599856
2024-05-02T06:25:22Z,0.0264372136443853
2024-05-02T06:37:50Z,0.8410058841109276
2024-05-02T07:33:55Z,0.0457983370870351
2024-05-02T10:52:51Z,-0.2111024260520935
2024-05-02T13:19:31Z,-0.022758288308978
2024-05-02T13:52:36Z,-0.0905863158404827
2024-05-02T13:56:00Z,-0.6920810788869858
2024-05-02T12:19:32Z,0.0484851002693176
2024-05-02T14:20:23Z,0.0010671988129615
2024-05-02T16:50:02Z,0.0734024345874786
2024-05-02T17:35:13Z,0.052553815767169
2024-05-02T17:37:33Z,-0.6723956167697906
2024-05-02T20:30:42Z,0.1610232684761285
2024-05-02T20:30:55Z,0.1691481191664934
2024-05-02T20:31:03Z,0.1307661449536681
2024-05-02T20:31:11Z,0.0850894078612327
2024-05-02T20:31:19Z,0.8974299822002649
2024-05-02T20:31:26Z,0.1453879959881305
2024-05-02T20:30:27Z,0.3656398206949234
2024-05-02T20:32:34Z,0.0453547891229391
2024-05-02T21:10:25Z,0.8490674830973148
2024-05-02T21:23:32Z,0.6250411933287978
2024-05-02T21:28:59Z,0.937858985736966
2024-05-02T21:54:29Z,0.8532869201153517
2024-05-03T01:59:00Z,0.8337583914399147
2024-05-03T02:02:04Z,0.8079847320914268
2024-05-03T02:08:15Z,0.8238960299640894
2024-05-03T02:48:10Z,0.9073405247181654
2024-05-03T03:06:59Z,-0.0196729302406311
2024-05-03T03:30:00Z,-0.7458645310252905
2024-05-03T05:29:29Z,0.1759246811270713
2024-05-03T06:11:28Z,-0.3441999442875385
2024-05-03T06:46:13Z,0.0353379566222429
2024-05-03T09:43:08Z,-0.1112714707851409
2024-05-03T09:57:39Z,0.080074617639184
2024-05-03T10:40:43Z,-0.1804213672876358
2024-05-03T10:48:28Z,0.0041211806237697
2024-05-03T11:16:54Z,-0.9270853213965892
2024-05-03T11:22:02Z,0.8706229273229837
2024-05-03T11:41:59Z,0.7051101066172123
2024-05-03T12:25:47Z,-0.2068101167678833
2024-05-03T12:42:12Z,-0.0055762007832527
2024-05-03T12:44:57Z,0.2047482058405876
2024-05-03T13:02:08Z,0.0070024468004703
2024-05-03T13:01:49Z,-0.8934074640274048
2024-05-03T13:18:20Z,-0.0233884919434785
2024-05-03T13:32:15Z,-0.1308343112468719
2024-05-03T13:32:17Z,-0.0192182436585426
2024-05-03T14:08:36Z,-0.4365599602460861
2024-05-03T14:12:26Z,0.004617242142558
2024-05-03T14:15:59Z,0.9190729334950448
2024-05-03T14:16:12Z,0.8193009607493877
2024-05-03T14:23:45Z,0.8210386298596859
2024-05-03T14:58:59Z,-0.2679632902145386
2024-05-03T15:16:53Z,0.873141698539257
2024-05-03T16:42:52Z,0.5511058624833822
2024-05-03T16:49:34Z,0.8111351430416107
2024-05-03T16:57:59Z,0.8288782648742199
2024-05-03T17:35:12Z,-0.0039224773645401
2024-05-03T17:37:57Z,0.8920026458799839
2024-05-03T18:08:17Z,0.7620611190795898
2024-05-03T18:14:22Z,-0.0538402386009693
2024-05-03T19:27:01Z,0.7986479923129082
2024-05-03T20:04:03Z,0.7529435232281685
2024-05-03T20:15:52Z,0.5895552095025778
2024-05-03T20:41:12Z,0.6861953102052212
2024-05-03T21:12:51Z,0.8224803563207388
2024-05-04T06:23:00Z,-0.8299472481012344
2024-05-04T12:53:16Z,0.3881853688508272
2024-05-04T13:29:49Z,0.6054011806845665
2024-05-04T18:03:00Z,-0.2538441754877567
2024-05-05T10:00:15Z,-0.9346765466034412
2024-05-06T02:41:58Z,0.0213018935173749
2024-05-06T03:03:30Z,0.085511427372694
2024-05-06T03:22:50Z,0.7370556369423866
2024-05-06T09:25:15Z,0.0128967631608247
2024-05-06T11:28:45Z,-0.7913988903164864
2024-05-06T12:46:34Z,0.5602817982435226
2024-05-06T13:12:38Z,0.1569582922384143
2024-05-06T13:23:32Z,-0.0225459765642881
2024-05-06T13:41:10Z,-0.9058069325983524
2024-05-06T14:22:44Z,0.004025550559163
2024-05-06T14:24:41Z,0.2342467010021209
2024-05-06T16:03:08Z,-0.0857055857777595
2024-05-06T17:06:09Z,0.0132550615817308
2024-05-06T18:12:32Z,0.0491827595978975
2024-05-06T18:59:43Z,0.6938678063452244
2024-05-07T05:22:25Z,0.9191988883540034
2024-05-07T06:16:10Z,0.3394838394597173
2024-05-07T06:35:12Z,0.1077786348760128
2024-05-07T07:26:21Z,-0.1174188144505024
2024-05-07T07:42:51Z,0.5992060340940952
2024-05-07T11:26:24Z,-0.2306313216686248
2024-05-07T11:37:22Z,0.0699479728937149
2024-05-07T12:52:50Z,0.0617272406816482
2024-05-07T13:27:11Z,-0.0230000223964452
2024-05-07T13:46:02Z,0.1335426717996597
2024-05-07T14:06:40Z,0.2753790263086557
2024-05-07T14:08:28Z,0.044156577438116
2024-05-07T14:09:42Z,0.718699011951685
2024-05-07T14:11:49Z,0.0363767016679048
2024-05-07T14:14:12Z,0.5247211856767535
2024-05-07T14:19:11Z,0.1850632326677441
2024-05-07T14:17:32Z,0.003530129790306
2024-05-07T14:21:19Z,0.0685360692441463
2024-05-07T14:30:38Z,0.3171509373933077
2024-05-07T14:31:53Z,0.6836235336959362
2024-05-07T15:00:14Z,0.4008614383637905
2024-05-07T15:08:17Z,0.1421553203836083
2024-05-07T15:43:17Z,0.1560564432293176
2024-05-07T12:52:29Z,0.8931186571717262
2024-05-07T17:18:32Z,-0.8686223719269037
2024-05-07T17:35:12Z,-0.0039224773645401
2024-05-07T19:25:58Z,-0.0922131538391113
2024-05-07T20:01:04Z,0.7603707574307919
2024-05-07T20:02:09Z,0.0403371006250381
2024-05-08T01:49:04Z,0.0380443539470434
2024-05-08T06:26:57Z,0.1073994524776935
2024-05-08T08:18:36Z,-0.7730409577488899
2024-05-08T08:51:14Z,-0.1349930875003337
2024-05-08T09:38:33Z,-0.9553895071148872
2024-05-08T11:11:07Z,0.8214724687859416
2024-05-08T13:13:59Z,-0.733156219124794
2024-05-08T13:21:36Z,0.9297393765300512
2024-05-08T01:52:06Z,0.0333327017724514
2024-05-08T15:02:51Z,0.0040648374706506
2024-05-08T15:13:10Z,0.1873930217698216
2024-05-08T15:37:49Z,-0.9328934922814368
2024-05-08T16:17:46Z,0.1112093217670917
2024-05-08T16:22:04Z,0.1108371037989854
2024-05-08T16:55:46Z,0.0858961343765258
2024-05-09T07:27:08Z,-0.1232807822525501
2024-05-09T08:07:52Z,-0.8982442449778318
2024-05-09T09:52:03Z,-0.9360650554299356
2024-05-09T11:48:11Z,0.7285693632438779
2024-05-09T12:49:17Z,-0.921622635796666
2024-05-09T12:51:40Z,0.2016973886638879
2024-05-09T14:20:52Z,0.0031765140593051
2024-05-09T14:41:54Z,-0.903583150357008
2024-05-09T16:14:01Z,-0.0550688914954662
2024-05-09T16:15:22Z,-0.0041095092892646
2024-05-09T17:22:45Z,0.1305635767057538
2024-05-09T17:35:12Z,0.052553815767169
2024-05-09T18:21:25Z,-0.1109504103660583
2024-05-09T19:51:13Z,0.7115781214088202
2024-05-09T22:38:06Z,-0.8672127798199654
2024-05-10T02:30:55Z,-0.942208096385002
2024-05-10T03:20:33Z,0.4778592828661203
2024-05-10T07:28:05Z,0.0372285209596157
2024-05-10T07:43:15Z,0.5161149390041828
2024-05-10T09:55:00Z,-0.1282491460442543
2024-05-10T12:48:56Z,-0.3038858920335769
2024-05-10T13:15:24Z,-0.0248774997889995
2024-05-10T13:32:00Z,0.0600200034677982
2024-05-10T14:51:47Z,0.0027531292289495
2024-05-10T15:50:46Z,-0.3357140123844147
2024-05-10T17:35:13Z,0.052553815767169
2024-05-10T18:06:44Z,0.3359593786299228
2024-05-10T19:56:52Z,-0.1351086869835853
2024-05-10T20:09:06Z,-0.4319859147071838
2024-05-10T20:27:45Z,0.4125558864325285
2024-05-11T01:17:14Z,0.530015479773283
2024-05-11T01:56:17Z,0.3700629090890288
2024-05-11T13:25:11Z,0.1325315125286579
2024-05-11T13:37:29Z,0.0070793703198432
2024-05-12T09:18:14Z,0.2344681210815906
2024-05-12T13:00:12Z,0.0218110475689172
2024-05-12T15:04:26Z,0.0206837691366672
2024-05-12T19:14:38Z,-0.0747604556381702
2024-05-12T20:24:36Z,-0.0216344259679317
2024-05-13T01:39:48Z,0.6228408636525273
2024-05-13T07:02:52Z,-0.8661650083959103
2024-05-13T07:30:23Z,0.9317779559642076
2024-05-06T11:09:17Z,-0.1168558597564697
2024-05-13T09:37:56Z,0.8858628943562508
2024-05-13T12:23:14Z,-0.4365599602460861
2024-05-13T12:55:00Z,0.8956885877996683
2024-05-13T13:18:01Z,-0.0235317330807447
2024-05-13T14:53:40Z,0.0027873311191797
2024-05-13T15:19:43Z,0.2305967323482036
2024-05-13T15:22:15Z,-0.001927675679326
2024-05-13T17:02:27Z,0.1132260896265506
2024-05-13T17:35:11Z,0.052553815767169
2024-05-13T17:38:04Z,0.0843337979167699
2024-05-13T17:31:07Z,-0.6587544456124306
2024-05-13T19:40:29Z,-0.4720917344093323
2024-05-13T20:25:06Z,-0.2763482928276062
2024-05-13T22:21:21Z,0.0586797166615724
2024-05-14T03:33:42Z,-0.2188029512763023
2024-05-14T08:04:44Z,0.4692550860345363
2024-05-14T08:11:46Z,0.6996215432882309
2024-05-14T11:43:39Z,0.874980004504323
2024-05-14T13:20:46Z,0.2100510280579328
2024-05-14T14:16:21Z,0.0034432578831911
2024-05-14T14:43:13Z,0.062719059176743
2024-05-14T15:55:16Z,0.1728078313171863
2024-05-14T16:58:52Z,0.9172359080985188
2024-05-14T18:05:54Z,0.8900927044451237
2024-05-15T10:08:23Z,-0.8990610092878342
2024-05-15T11:39:08Z,-0.8692760244011879
2024-05-15T12:11:13Z,0.0488981567323207
2024-05-15T14:03:16Z,0.1666977470740676
2024-05-15T16:03:19Z,0.0810363898053765
2024-05-15T16:16:47Z,0.6466982588171959
2024-05-15T17:35:11Z,-0.0039224773645401
2024-05-15T19:03:43Z,0.916086900047958
2024-05-15T20:13:28Z,-0.4151349440217018
2024-05-16T03:23:34Z,-0.9060293454676868
2024-05-16T06:15:15Z,0.132006349042058
2024-05-16T10:38:12Z,-0.424821063876152
2024-05-16T13:25:51Z,0.8605596385896206
2024-05-16T13:31:42Z,0.5688695944845676
2024-05-16T13:54:49Z,-0.0111313760280609
2024-05-16T14:18:09Z,0.0031035486608743
2024-05-16T15:34:34Z,-0.7655652984976768
2024-05-16T17:01:56Z,0.1217138599604368
2024-05-16T17:47:29Z,0.7467702850699425
2024-05-17T02:01:23Z,0.2259948588907718
2024-05-17T11:10:48Z,0.1946939006447792
2024-05-17T14:25:59Z,0.0025112237781286
2024-05-17T14:51:08Z,0.5955073889344931
2024-05-17T16:18:35Z,0.0587968174368143
2024-05-17T17:35:13Z,0.052553815767169
2024-05-17T18:19:28Z,0.1786885214969515
2024-05-18T12:45:28Z,0.3187850760295987
2024-05-19T12:00:11Z,0.0053575597703456
2024-05-19T15:17:29Z,0.8721298994496465
2024-05-20T01:51:36Z,0.1793596344068646
2024-05-20T05:29:55Z,0.2840279657393694
2024-05-20T06:18:08Z,0.9230586169287562
2024-05-20T07:16:39Z,0.9321307437494396
2024-05-20T10:45:59Z,-0.8900081273168325
2024-05-20T11:28:16Z,-0.9511827575042844
2024-05-20T11:31:41Z,-0.0215183235704898
2024-05-20T12:04:57Z,-0.0169745255261659
2024-05-20T12:05:09Z,0.1598358266055584
2024-05-20T12:51:26Z,-0.9385755900293588
2024-05-20T14:08:23Z,0.0288531258702278
2024-05-20T14:04:29Z,0.9166052937507628
2024-05-20T15:00:10Z,-0.1037602350115776
2024-05-20T16:03:40Z,0.1689174752682447
2024-05-20T19:56:35Z,-0.854059292934835
2024-05-20T20:11:10Z,0.8138751219958067
2024-05-21T06:06:34Z,0.8524646759033203
2024-05-21T10:08:17Z,0.8449834482744336
2024-05-21T12:43:56Z,0.9383577341213822
2024-05-21T14:21:42Z,0.0061177387833595
2024-05-21T14:34:21Z,0.1470861081033945
2024-05-21T14:51:09Z,0.3102632258087396
2024-05-21T15:00:14Z,0.4008614383637905
2024-05-21T15:30:42Z,0.2600873466581106
2024-05-21T16:40:23Z,-0.9382990282028912
2024-05-21T17:35:11Z,-0.0039224773645401
2024-05-21T17:48:19Z,-0.2322276532649994
2024-05-17T19:04:34Z,-0.4341020733118057
2024-05-22T04:27:33Z,-0.3258189037442207
2024-05-22T06:23:19Z,0.1823091804981231
2024-05-22T09:01:16Z,0.4496351256966591
2024-05-22T13:17:21Z,-0.0240919440984725
2024-05-22T14:17:56Z,-0.9263986218720676
2024-05-22T14:31:43Z,0.0502019990235567
2024-05-22T14:37:35Z,0.2620733845978975
2024-05-22T14:16:58Z,0.055287666618824
2024-05-22T15:12:15Z,0.0033432245254516
2024-05-22T16:07:22Z,-0.5709486305713654
2024-05-22T17:35:12Z,0.052553815767169
2024-05-22T21:07:14Z,-0.0005900487303733
2024-05-22T18:53:30Z,0.9430983476340772
2024-05-23T07:15:44Z,0.0251620039343833
2024-05-23T11:29:09Z,-0.6424898114055395
2024-05-23T12:25:46Z,-0.7580689489841461
2024-05-23T13:26:05Z,-0.0238091945648193
2024-05-23T14:48:34Z,0.0506440121680498
2024-05-23T14:52:37Z,0.0031534135341644
2024-05-23T15:52:47Z,0.0918824262917041
2024-05-23T16:11:04Z,0.9257938545197248
2024-05-23T16:26:28Z,-0.7866677846759558
2024-05-23T17:35:10Z,0.052553815767169
2024-05-23T19:56:15Z,0.0259382296353578
2024-05-24T02:32:25Z,0.8832650985568762
2024-05-24T12:08:14Z,0.8787910230457783
2024-05-24T12:08:04Z,0.0082417055964469
2024-05-24T13:14:03Z,-0.0229009632021188
2024-05-24T13:43:18Z,-0.1317110136151313
2024-05-24T14:26:04Z,-0.9483443787321448
2024-05-24T14:28:53Z,0.0042031370103359
2024-05-24T16:19:57Z,0.3701147995889187
2024-05-24T17:35:14Z,0.052553815767169
2024-05-25T03:21:04Z,0.7855552462860942
2024-05-25T13:24:28Z,0.8287720959633589
2024-05-26T12:00:14Z,0.8691822811961174
2024-05-26T12:30:13Z,0.1515546087175607
2024-05-26T20:40:11Z,0.3584092538803816
2024-05-27T02:52:44Z,0.9322539549320936
2024-05-27T15:32:13Z,0.057280845940113
2024-05-27T17:35:14Z,0.052553815767169
2024-05-28T01:46:41Z,-0.1469721272587776
2024-05-28T03:31:24Z,-0.0080409292131662
2024-05-28T03:32:04Z,-0.7139303684234619
2024-05-28T06:58:26Z,0.2379147447645664
2024-05-28T09:20:12Z,0.9329543001949788
2024-05-28T11:27:20Z,-0.1156342029571533
2024-05-28T12:33:47Z,0.4286815607920289
2024-05-28T13:03:40Z,-0.4706032462418079
2024-05-28T13:15:08Z,-0.0247291531413793
2024-05-28T13:24:22Z,-0.0221305787563323
2024-05-28T13:58:09Z,-0.7467165477573872
2024-05-28T14:19:56Z,0.175387273542583
2024-05-28T14:48:45Z,0.1167379431426525
2024-05-28T15:00:42Z,0.0051186513155698
2024-05-28T17:30:34Z,0.1416922770440578
2024-05-28T17:35:11Z,-0.0039224773645401
2024-05-28T18:37:18Z,0.0532182101160287
2024-05-28T21:53:30Z,0.3628659788519144
2024-05-29T06:28:18Z,0.8984769470989704
2024-05-29T10:41:18Z,0.8179915398359299
2024-05-29T11:41:32Z,0.9313157070428132
2024-05-29T12:04:17Z,0.0346869565546512
2024-05-29T12:09:06Z,-0.7672554776072502
2024-05-29T12:40:22Z,0.5533695369958878
2024-05-29T12:47:14Z,0.2468867972493171
2024-05-29T12:56:25Z,-0.3505037687718868
2024-05-29T13:14:27Z,0.0586710516363382
2024-05-29T13:20:33Z,-0.0244429241865873
2024-05-29T13:39:22Z,-0.0025809742510318
2024-05-29T13:41:29Z,-0.0234237648546695
2024-05-29T13:42:06Z,0.0360600007697939
2024-05-29T13:58:20Z,0.0430995970964431
2024-05-29T14:26:31Z,0.0044400449842214
2024-05-29T14:28:01Z,0.1305625941604375
2024-05-29T14:42:49Z,-0.9237769618630408
2024-05-29T14:46:46Z,0.8172375401481986
2024-05-29T16:34:06Z,0.7034369139000773
2024-05-29T17:15:41Z,0.1086920052766799
2024-05-29T17:16:23Z,-0.939499881118536
2024-05-29T17:29:13Z,0.0141140576452016
2024-05-29T19:12:43Z,0.2819511471316218
2024-05-30T01:21:02Z,-0.9214386530220507
2024-05-30T03:25:25Z,-0.2171737551689148
2024-05-30T04:32:01Z,0.6075141653418541
2024-05-30T07:31:56Z,0.6789884986355901
2024-05-30T08:23:14Z,0.8145199082791805
2024-05-30T12:19:39Z,0.9224192127585412
2024-05-30T12:31:51Z,0.0050893276929855
2024-05-30T13:07:08Z,0.2161991009488701
2024-05-30T13:17:56Z,-0.0236625839024782
2024-05-30T14:34:32Z,0.0038620419800281
2024-05-30T15:58:56Z,0.0234801787883043
2024-05-30T16:22:07Z,0.8404140514321625
2024-05-30T16:52:43Z,-0.8071044124662876
2024-05-30T17:03:34Z,-0.0213903319090604
2024-05-30T17:35:11Z,-0.0039224773645401
2024-05-30T19:56:31Z,0.9013550616800784
2024-05-31T05:01:01Z,0.6800949834287167
2024-05-31T06:52:54Z,0.0450384262949228
2024-05-31T12:21:50Z,0.2354611456394195
2024-05-31T12:22:58Z,-0.9338491773232818
2024-05-31T12:57:22Z,-0.0066737905144691
2024-05-31T14:14:18Z,-0.939345508813858
2024-05-31T14:33:04Z,0.3284899592399597
2024-05-31T14:41:28Z,0.0060452502220869
2024-05-31T10:00:00Z,0.6060748798772693
2024-06-02T12:30:10Z,-0.5890016797930002
2024-06-02T13:02:14Z,0.1781703354790806
2024-06-02T22:50:18Z,-0.014610655605793
2024-05-26T20:49:37Z,-0.0210072696208953
2024-06-03T02:17:20Z,-0.9035986997187138
2024-06-03T03:16:20Z,0.9085763245821
2024-06-03T12:28:38Z,0.2518524220213294
2024-06-03T12:54:03Z,-0.5631537679582834
2024-06-03T13:13:51Z,-0.6239125728607178
2024-06-03T13:18:48Z,-0.0245111584663391
2024-06-03T13:57:21Z,0.549994264729321
2024-06-03T14:12:27Z,0.9115732219070196
2024-06-03T14:18:57Z,0.1095790537074208
2024-06-03T16:43:58Z,-0.9026987999677658
2024-06-03T17:35:11Z,0.052553815767169
2024-06-03T17:59:20Z,0.9141680411994456
2024-06-04T12:32:09Z,-0.3808580357581377
2024-06-04T13:14:05Z,-0.0245678517967462
2024-06-04T14:01:23Z,-0.5753877572715282
2024-06-04T14:06:23Z,0.5688546653836966
2024-06-04T14:26:36Z,0.0032552760094404
2024-06-04T14:27:55Z,0.0909937862306833
2024-06-03T17:46:36Z,0.1206546202301979
2024-06-04T15:00:13Z,0.1701691737398505
2024-06-04T15:27:13Z,0.821853356435895
2024-06-04T12:12:58Z,0.9306849092245102
2024-06-04T16:11:39Z,0.7765740752220154
2024-06-04T16:28:57Z,-0.0461553558707237
2024-06-04T16:51:45Z,0.8691715789027512
2024-06-04T18:08:04Z,0.0095789246261119
2024-06-04T18:48:29Z,-0.1951725929975509
2024-06-04T19:50:56Z,-0.5296005625277758
2024-06-04T20:01:00Z,-0.8333754166960716
2024-06-04T20:52:22Z,0.0717310290783643
2024-06-05T05:12:38Z,0.1287156706675887
2024-06-05T09:34:08Z,0.0590516328811645
2024-06-05T10:03:09Z,0.1137349274940788
2024-06-05T10:39:43Z,0.0975851584225893
2024-06-05T13:15:57Z,-0.0242413487285375
2024-06-05T13:17:49Z,-0.3977581467479467
2024-06-05T14:23:29Z,0.0031241867691278
2024-06-05T14:31:40Z,-0.4315517693758011
2024-06-05T15:54:15Z,0.0566331595182418
2024-06-05T17:00:25Z,0.0094339102506637
2024-06-05T17:35:11Z,-0.0039224773645401
2024-06-05T20:18:04Z,0.8756747879087925
2024-06-05T20:38:07Z,0.6389006450772285
2024-06-06T01:49:55Z,0.0359921753406524
2024-06-06T02:07:27Z,0.9278122372925282
2024-06-06T06:46:05Z,-0.5424135476350784
2024-06-06T08:08:56Z,0.8010312225669622
2024-06-06T09:12:44Z,0.2078139344230294
2024-06-06T11:17:13Z,-0.6356758270412683
2024-06-06T13:04:39Z,-0.0114521048963069
2024-06-06T13:06:28Z,0.0014768838882446
2024-06-06T13:14:26Z,0.119503229856491
2024-06-06T13:16:45Z,-0.0237640775740146
2024-06-06T14:11:27Z,0.8586366437375546
2024-06-06T14:14:32Z,-0.4965950716286897
2024-06-06T14:10:40Z,0.0034406278282403
2024-06-06T14:58:21Z,-0.5004979632794857
2024-06-06T15:43:36Z,-0.1616615056991577
2024-06-06T16:03:19Z,-0.3677192330360412
2024-06-06T20:29:33Z,0.0758215747773647
2024-06-06T21:11:03Z,0.1030243299901485
2024-06-07T05:55:47Z,0.1807114444673061
2024-06-07T11:51:44Z,-0.4294120799750089
2024-06-07T12:19:00Z,0.035678781569004
2024-06-07T12:55:35Z,0.0208654478192329
2024-06-07T12:56:21Z,0.1305146999657154
2024-06-07T13:56:47Z,0.4375051651149988
2024-06-07T14:08:29Z,0.095880227163434
2024-06-07T14:11:20Z,-0.0237446930259466
2024-06-07T14:45:42Z,0.0028424561023712
2024-06-07T15:00:20Z,-0.1809134259819984
2024-06-07T15:52:58Z,0.0210857987403869
2024-06-07T16:49:03Z,-0.8446843940764666
2024-06-07T17:35:11Z,-0.0039224773645401
2024-06-07T18:26:03Z,0.9031608691439033
2024-06-07T20:25:32Z,-0.51286381483078
2024-06-08T03:57:21Z,0.9105639196932316
2024-06-08T13:13:20Z,0.147853085771203
2024-06-08T20:26:50Z,0.8469441821798682
2024-06-09T11:00:10Z,-0.0081923119723796
2024-06-09T21:53:47Z,-0.0194849446415901
2024-06-10T01:38:06Z,0.8665339015424252
2024-06-10T02:14:34Z,-0.9597095493227245
2024-06-10T03:07:54Z,0.0500795049592852
2024-06-10T07:34:43Z,0.0859593655914068
2024-06-10T08:55:07Z,-0.0030132085084915
2024-06-10T13:05:50Z,-0.9043779280036688
2024-06-10T13:15:45Z,-0.0262452363967895
2024-06-10T13:37:21Z,0.8850855678319931
2024-06-10T13:57:44Z,0.9278943240642548
2024-06-10T14:25:52Z,-0.4457636699080467
2024-06-10T14:20:14Z,0.0021203849464654
2024-06-10T14:44:24Z,0.4320962131023407
2024-06-10T15:09:57Z,-0.6783193536102772
2024-06-10T16:53:30Z,0.8193306550383568
2024-06-10T16:56:55Z,-0.9454577574506402
2024-06-10T17:03:01Z,0.0145504213869571
2024-06-10T17:03:24Z,0.0078719723969697
2024-06-10T17:04:47Z,0.050446854904294
2024-06-10T17:06:38Z,0.0278496537357568
2024-06-10T17:08:21Z,0.0518340803682804
2024-06-10T17:13:31Z,0.1357561135664582
2024-06-10T17:15:24Z,0.0073732007294893
2024-06-10T17:15:31Z,0.6590630393475294
2024-06-10T17:18:29Z,0.0126916207373142
2024-06-10T17:20:11Z,0.0774123165756464
2024-06-10T17:21:32Z,-0.0037322212010622
2024-06-10T17:24:39Z,0.1016478082165122
2024-06-10T17:24:43Z,0.0300653092563152
2024-06-10T17:25:32Z,0.0634903311729431
2024-06-10T17:26:02Z,0.0140597373247146
2024-06-10T17:26:36Z,0.0862026177346706
2024-06-10T17:27:05Z,0.2613997012376785
2024-06-10T17:27:25Z,0.0444919969886541
2024-06-10T17:28:25Z,-0.961046571843326
2024-06-10T17:31:30Z,0.0057474970817565
2024-06-10T17:32:10Z,0.039946723729372
2024-06-10T17:32:46Z,0.1611960381269455
2024-06-10T17:33:27Z,0.2386405216529965
2024-06-10T17:35:10Z,-0.0005665067583322
2024-06-10T17:35:12Z,0.052553815767169
2024-06-10T17:36:33Z,-0.0100285243242979
2024-06-10T17:37:24Z,0.088794220238924
2024-06-10T17:39:19Z,0.08957498986274
2024-06-10T17:40:34Z,0.0041442513465881
2024-06-10T17:32:58Z,0.266949872020632
2024-06-10T17:44:00Z,0.040869677439332
2024-06-10T17:46:19Z,0.1848532883450389
2024-06-10T17:47:20Z,0.0314949043095111
2024-06-10T17:49:59Z,0.3984256107360124
2024-06-10T17:52:30Z,-0.0034639704972505
2024-06-10T17:53:49Z,0.0932626677677035
2024-06-10T17:54:51Z,0.1129100425168871
2024-06-10T17:56:05Z,0.0138233937323093
2024-06-10T17:57:47Z,0.1428223149850964
2024-06-10T17:58:28Z,0.0207494907081127
2024-06-10T18:07:16Z,0.1285705408081412
2024-06-10T18:10:02Z,0.1522803632542491
2024-06-10T18:15:17Z,0.0207321811467409
2024-06-10T18:16:30Z,0.3252810351550579
2024-06-10T18:21:30Z,0.2043722085654735
2024-06-10T18:23:19Z,0.2715153768658638
2024-06-10T18:26:02Z,0.2447696067392826
2024-06-10T18:29:34Z,0.2184355556964874
2024-06-10T18:00:02Z,0.4753423361107707
2024-06-10T18:38:39Z,0.6315357573330402
2024-06-10T18:42:33Z,0.0327833406627178
2024-06-10T18:43:33Z,0.0754371499642729
2024-06-10T18:45:20Z,-0.2175481114536523
2024-06-10T18:20:34Z,0.7792043797671795
2024-06-10T19:54:30Z,0.8275686772540212
2024-06-10T20:21:47Z,-0.9500259589403868
2024-06-10T20:38:14Z,-0.6872088592499495
2024-06-10T21:01:33Z,0.734095074236393
2024-06-10T21:17:02Z,-0.910141601227224
2024-06-10T21:43:07Z,0.268231681548059
2024-06-11T01:35:20Z,-0.0105096455663442
2024-06-11T01:45:00Z,0.9260445591062308
2024-06-11T02:17:41Z,0.0089469272643327
2024-06-11T02:18:56Z,0.6826818743720651
2024-06-11T03:12:24Z,0.892636263743043
2024-06-11T04:30:58Z,0.8840410448610783
2024-06-11T04:36:55Z,-0.9572980469092728
2024-06-11T05:54:40Z,0.3983681118115783
2024-06-11T06:48:35Z,0.211425244808197
2024-06-11T07:29:21Z,0.0437693372368812
2024-06-11T07:36:56Z,-0.6928567551076412
2024-06-11T10:22:19Z,0.0041211806237697
2024-06-11T10:23:39Z,-0.1288905441761016
2024-06-11T10:21:13Z,0.2822636216878891
2024-06-11T11:09:36Z,-0.0689104199409484
2024-06-11T11:19:12Z,0.0568381194025278
2024-06-11T11:21:34Z,-0.0461553558707237
2024-06-11T11:22:59Z,-0.0418886169791221
2024-06-11T13:07:20Z,0.2174330428242683
2024-06-11T13:14:33Z,0.0421120971441268
2024-06-11T13:16:52Z,-0.025232832878828
2024-06-11T13:31:23Z,-0.8160522766411304
2024-06-11T13:49:50Z,0.4507563402876258
2024-06-11T14:10:56Z,0.9199641067534684
2024-06-11T14:11:30Z,0.2255251193419098
2024-06-11T14:13:40Z,0.7575709465891123
2024-06-11T14:17:34Z,0.9014480337500572
2024-06-11T15:06:00Z,-0.5541213173419237
2024-06-11T15:26:42Z,-0.2509629279375076
2024-06-11T15:33:06Z,-0.8808092400431633
2024-06-11T15:39:31Z,-0.4651802536100149
2024-06-11T15:44:19Z,0.2511350242421031
2024-06-11T16:50:32Z,-0.716658815741539
2024-06-11T17:00:07Z,0.0030018296092748
2024-06-11T17:30:44Z,-0.84737304225564
2024-06-11T17:35:12Z,0.052553815767169
2024-06-11T17:35:41Z,-0.4850670211017132
2024-06-11T17:39:13Z,0.9309797361493112
2024-06-11T18:08:42Z,0.2866288125514984
2024-06-11T18:15:58Z,-0.1028257608413696
2024-06-11T18:19:59Z,0.6905383318662643
2024-06-11T18:31:33Z,0.0067874658852815
2024-06-11T20:13:52Z,0.7295540943741798
2024-06-11T21:58:31Z,-0.8992225509136915
2024-06-12T01:46:09Z,-0.9081200631335378
2024-06-12T02:02:23Z,-0.5208639651536942
2024-06-12T02:40:33Z,-0.0251624248921871
2024-06-12T03:32:11Z,0.7221789127215743
2024-06-12T05:19:41Z,0.0420957216992974
2024-06-12T06:18:33Z,0.4561841525137424
2024-06-12T07:39:12Z,0.9186010155826808
2024-06-12T08:33:54Z,-0.0890500470995903
2024-06-12T08:45:46Z,0.0179196298122406
2024-06-12T09:00:55Z,-0.2577003054320812
2024-06-12T09:33:36Z,0.0040171481668949
2024-06-12T10:37:00Z,0.6505832448601723
2024-06-12T10:45:32Z,0.8092470169067383
2024-06-12T11:26:43Z,-0.9414460714906454
2024-06-12T11:36:29Z,0.0141140576452016
2024-06-12T11:38:38Z,0.7331077307462692
2024-06-12T12:08:08Z,0.8127558808773756
2024-06-12T12:17:24Z,0.8461578311398625
2024-06-12T13:00:57Z,0.0162101108580827
2024-06-12T13:05:24Z,-0.353381909430027
2024-06-12T13:16:08Z,-0.0244623571634292
2024-06-12T13:24:22Z,0.0592569634318351
2024-06-12T14:15:52Z,0.9222842454910278
2024-06-12T14:20:10Z,0.4158004773780703
2024-06-12T14:22:48Z,0.0420957216992974
2024-06-12T14:23:58Z,0.0021313987672328
2024-06-12T15:18:45Z,0.2357047237455845
2024-06-12T15:18:42Z,-0.8129743076860905
2024-06-12T16:21:02Z,0.8659839238971472
2024-06-12T16:22:11Z,-0.3303228635340929
2024-06-12T16:27:26Z,0.9349827170372008
2024-06-12T17:11:41Z,0.6693490445613861
2024-06-12T17:20:48Z,0.6852305550128222
2024-06-12T17:25:48Z,-0.8352052923291922
2024-06-12T17:26:37Z,-0.4039914049208164
2024-06-12T17:35:11Z,-0.0039224773645401
2024-06-12T17:39:01Z,0.8651737943291664
2024-06-12T19:19:37Z,0.7673928271979094
2024-06-13T02:24:30Z,-0.0102144256234169
2024-06-13T03:05:16Z,-0.0166542865335941
2024-06-13T08:12:56Z,0.7179631646722555
2024-06-13T08:55:12Z,-0.0607484672218561
2024-06-13T12:36:28Z,0.0255135018378496
2024-06-13T12:44:49Z,0.9200632181018592
2024-06-13T12:58:55Z,-0.9341890839859844
2024-06-13T13:17:51Z,-0.0240868516266345
2024-06-13T13:31:46Z,-0.4965950716286897
2024-06-13T13:44:28Z,0.1831815056502819
2024-06-13T14:16:21Z,-0.6027477383613586
2024-06-13T14:18:07Z,0.0022780839353799
2024-06-13T15:31:17Z,0.6833119839429855
2024-06-13T17:21:38Z,-0.9482661513611674
2024-06-13T17:35:12Z,0.052553815767169
2024-06-13T17:21:42Z,0.8638414097949862
2024-06-13T19:32:50Z,0.0563305728137493
2024-06-13T20:46:39Z,-0.930883364751935
2024-06-14T03:00:00Z,0.0879590734839439
2024-06-14T11:03:07Z,0.3649106919765472
2024-06-14T13:14:19Z,-0.0242858212441205
2024-06-14T14:43:17Z,0.0030512362718582
2024-06-14T15:06:05Z,-0.7526427209377289
2024-06-14T15:34:31Z,-0.926865566521883
2024-06-14T16:17:14Z,0.6922534806653857
2024-06-14T17:32:26Z,0.864247526973486
2024-06-14T17:35:14Z,0.052553815767169
2024-06-14T17:44:45Z,-0.5775588974356651
2024-06-14T18:48:13Z,0.9177287817001344
2024-06-14T19:22:03Z,0.0119848754256963
2024-06-14T19:41:18Z,0.0770143158733844
2024-06-14T20:06:26Z,0.8504470027983189
2024-06-14T06:57:20Z,0.7674216134473681
2024-06-15T02:57:28Z,0.655339352786541
2024-06-15T10:00:13Z,-0.8665301036089659
2024-06-15T13:21:24Z,0.035202139057219
2024-06-16T09:21:10Z,-0.2288609705865383
2024-06-16T12:30:16Z,0.009397555142641
2024-06-16T14:13:50Z,-0.9324989570304753
2024-06-16T17:45:08Z,0.0676238443702459
2024-06-16T18:15:38Z,0.0169890634715557
2024-06-16T22:41:59Z,-0.0202776752412319
2024-06-17T04:17:04Z,0.068080335855484
2024-06-17T04:44:36Z,0.0184820983558893
2024-06-17T06:22:51Z,-0.0787641666829586
2024-06-17T06:29:43Z,0.9156364295631648
2024-06-17T08:46:37Z,0.0163887590169906
2024-06-17T06:24:33Z,0.8677852461114526
2024-06-17T11:43:59Z,0.4364918367937207
2024-06-17T10:17:00Z,-0.9581024330109358
2024-06-17T13:14:45Z,-0.0244848188012838
2024-06-17T14:16:19Z,0.0018515530973672
2024-06-17T14:24:59Z,0.0327896513044834
2024-06-17T16:25:47Z,0.8256728583946824
2024-06-17T17:00:15Z,0.0108937062323093
2024-06-17T17:35:12Z,0.052553815767169
2024-06-17T18:03:24Z,0.060993742197752
2024-06-17T18:21:29Z,0.0093818493187427
2024-06-17T19:49:32Z,-0.4241398014128208
2024-06-18T02:16:38Z,0.8086924413219094
2024-06-18T03:35:32Z,-0.0795321986079216
2024-06-18T09:39:05Z,-0.2281120270490646
2024-06-18T12:16:24Z,0.6054739700630307
2024-06-18T12:54:40Z,0.0842317324131727
2024-06-18T12:43:08Z,0.208834420889616
2024-06-18T13:49:10Z,0.8542962092906237
2024-06-18T15:00:13Z,0.6403993032872677
2024-06-18T15:02:05Z,-0.9074770035222172
2024-06-18T15:06:01Z,0.1444723531603813
2024-06-18T16:58:50Z,0.7706195376813412
2024-06-18T17:35:10Z,-0.0039224773645401
2024-06-18T17:56:24Z,0.1196491513401269
2024-06-18T18:10:11Z,0.6924062641337514
2024-06-18T18:22:08Z,-0.5081824492663145
2024-06-18T20:18:52Z,-0.9450775645673276
2024-06-18T20:51:20Z,0.0305037479847669
2024-06-19T00:53:19Z,0.9281793422996998
2024-06-19T02:06:53Z,0.8771534939296544
2024-06-19T06:54:20Z,0.0870213098824024
2024-06-19T08:10:40Z,-0.8978170733898878
2024-06-19T17:24:18Z,0.0414335513487458
2024-06-19T17:35:16Z,0.052553815767169
2024-06-19T18:27:19Z,-0.8702063355594873
2024-06-20T03:59:40Z,0.6177476216107607
2024-06-20T04:37:02Z,0.0332058109343051
2024-06-20T06:24:27Z,0.4713406590744853
2024-06-20T10:10:52Z,-0.5039970055222511
2024-06-20T10:49:12Z,-0.5754533745348454
2024-06-20T11:46:55Z,0.646223590709269
2024-06-20T13:15:13Z,-0.5715733505785465
2024-06-20T13:24:45Z,-0.0241248495876789
2024-06-20T13:25:59Z,0.9237679354846478
2024-06-20T14:00:55Z,0.1784542025998234
2024-06-20T14:16:03Z,0.002133572474122
2024-06-20T15:07:12Z,-0.913366373628378
2024-06-20T16:14:06Z,-0.2935947924852371
2024-06-20T16:26:45Z,-0.4258084800094366
2024-06-20T16:55:05Z,0.7217596801929176
2024-06-20T17:12:12Z,0.0648033460602164
2024-06-20T18:41:57Z,-0.94156255107373
2024-06-20T19:53:37Z,0.0923311570659279
2024-06-20T20:11:03Z,0.5488570183515549
2024-06-21T02:06:38Z,-0.1837682723999023
2024-06-21T09:48:27Z,0.844665352255106
2024-06-21T11:13:21Z,0.8396998308598995
2024-06-21T12:52:32Z,0.0115471892058849
2024-06-21T13:18:26Z,-0.0230451952666044
2024-06-21T14:42:59Z,0.4235940426588058
2024-06-21T14:50:31Z,0.00508888438344
2024-06-21T16:22:03Z,-0.953561894595623
2024-06-21T16:30:45Z,-0.3034249171614647
2024-06-21T16:38:46Z,0.5766680976375937
2024-06-21T17:13:21Z,-0.9174309186637402
2024-06-21T17:35:12Z,-0.0039224773645401
2024-06-21T19:57:57Z,-0.2979002892971039
2024-06-21T20:06:46Z,-0.2864496111869812
2024-06-22T08:21:58Z,-0.0007403381168842
2024-06-22T08:21:18Z,0.9287738706916572
2024-06-22T12:55:26Z,0.1179934730753302
2024-06-22T16:55:28Z,0.0534187667071819
2024-06-23T11:02:12Z,0.0791396582499146
2024-06-23T15:50:53Z,-0.020358882844448
2024-06-23T18:39:08Z,0.1015594806522131
2024-06-24T02:43:09Z,-0.7767352610826492
2024-06-24T03:12:36Z,0.1187847843393683
2024-06-24T09:11:41Z,-0.3381868675351143
2024-06-24T09:45:50Z,0.5184259600937366
2024-06-24T10:20:53Z,-0.9485631873831152
2024-06-24T11:33:43Z,-0.9547105077654124
2024-06-24T11:53:58Z,0.5953012183308601
2024-06-24T12:42:50Z,0.4187999060377478
2024-06-24T13:15:32Z,-0.0237104855477809
2024-06-24T14:35:51Z,0.0339953918009996
2024-06-24T15:19:02Z,-0.9325195513665676
2024-06-24T15:59:45Z,-0.1314431019127369
2024-06-24T17:19:52Z,0.2252587098628282
2024-06-24T17:29:21Z,0.7234302628785372
2024-06-24T17:35:12Z,-0.0039224773645401
2024-06-24T17:52:09Z,0.4167949110269546
2024-06-24T17:59:47Z,0.863342734053731
2024-06-24T18:26:35Z,-0.4719688910990953
2024-06-24T19:05:49Z,-0.1885922104120254
2024-06-24T20:40:38Z,-0.2542858030647039
2024-06-24T20:50:38Z,0.0728666838258504
2024-06-25T01:58:27Z,-0.2126687727868557
2024-06-25T02:48:51Z,-0.600327730178833
2024-06-25T04:15:08Z,-0.852816516533494
2024-06-25T06:53:37Z,0.0231170374900102
2024-06-25T11:17:58Z,-0.9537901049479842
2024-06-25T14:33:28Z,0.9071729592978954
2024-06-25T15:00:44Z,0.7554808482527733
2024-06-25T15:32:45Z,-0.0044268704950809
2024-06-25T15:30:57Z,0.0028317216783761
2024-06-25T17:35:14Z,0.052553815767169
2024-06-25T18:35:33Z,-0.8417816162109375
2024-06-25T18:53:54Z,0.0615522861480712
2024-06-25T20:53:43Z,0.5045995116233826
2024-06-26T03:03:04Z,0.2177836950868368
2024-06-26T03:45:07Z,0.7606476992368698
2024-06-26T06:21:54Z,0.1930895904079079
2024-06-26T08:43:59Z,0.1818189462646842
2024-06-26T12:14:23Z,0.7252805344760418
2024-06-26T12:53:48Z,0.3265048796311021
2024-06-26T13:05:11Z,0.2045105407014489
2024-06-26T13:17:58Z,-0.8121502287685871
2024-06-26T13:20:54Z,-0.0237351804971694
2024-06-26T13:29:07Z,0.6140851397067308
2024-06-26T13:30:39Z,0.9023186154663564
2024-06-26T14:12:03Z,0.907750795595348
2024-06-26T15:58:47Z,0.003502283245325
2024-06-25T21:22:00Z,0.7938080728054047
2024-06-26T16:35:30Z,0.3813824909739196
2024-06-26T16:56:10Z,0.0141140576452016
2024-06-26T17:06:30Z,0.6693418808281422
2024-06-26T17:35:12Z,-0.0039224773645401
2024-06-26T17:51:42Z,0.4210063144564628
2024-06-26T19:35:02Z,0.1401758939027786
2024-06-27T07:33:35Z,0.3960092840716243
2024-06-26T11:50:28Z,-0.6034028064459562
2024-06-27T13:13:56Z,-0.0178878586739301
2024-06-27T13:34:17Z,-0.6160209141671658
2024-06-27T14:26:37Z,0.1455419659614563
2024-06-27T16:02:06Z,0.2327669151127338
2024-06-27T16:20:20Z,0.7679438963532448
2024-06-27T17:11:17Z,-0.7318328730762005
2024-06-27T17:35:13Z,0.052553815767169
2024-06-28T06:24:24Z,-0.8262751027941704
2024-06-28T09:54:14Z,0.1030474407598376
2024-06-28T10:30:31Z,0.9352916106581688
2024-06-28T11:50:43Z,0.2748837200924754
2024-06-28T11:54:53Z,0.833740372210741
2024-06-28T13:17:32Z,-0.0174752194434404
2024-06-28T13:33:07Z,0.0118444114923477
2024-06-28T14:14:45Z,0.00439921207726
2024-06-28T15:08:46Z,0.0314601808786392
2024-06-28T16:21:15Z,0.1001114565879106
2024-06-28T17:35:13Z,-0.0039224773645401
2024-06-30T11:45:12Z,-0.8783777514472604
2024-06-30T13:07:23Z,0.3261186340823769
2024-06-30T13:55:42Z,0.2470822427421808
2024-06-30T17:14:54Z,-0.8522276617586613
2024-06-30T19:17:37Z,-0.0234995447099208
2024-07-01T01:48:39Z,0.9352602325379848
2024-07-01T02:20:49Z,-0.2464030012488365
2024-07-01T04:21:56Z,0.0694073177874088
2024-07-01T07:35:38Z,-0.0998538210988044
2024-07-01T08:11:11Z,0.0817340165376663
2024-07-01T10:49:36Z,0.0041211806237697
2024-07-01T13:13:39Z,-0.0149015523493289
2024-07-01T13:37:09Z,-0.0418886169791221
2024-07-01T14:29:41Z,0.0037680398672819
2024-07-01T14:36:28Z,0.9033663310110568
2024-07-01T16:12:32Z,0.0190804619342088
2024-07-01T16:32:53Z,0.9265649281442164
2024-07-01T17:35:12Z,0.052553815767169
2024-07-01T17:38:07Z,0.6739892158657312
2024-07-01T17:41:41Z,0.7510973159223795
2024-07-02T01:39:54Z,0.3106936458498239
2024-07-02T02:05:46Z,-0.0153198856860399
2024-07-01T14:34:20Z,-0.918595215305686
2024-07-02T03:54:46Z,0.021780926734209
2024-07-01T10:23:37Z,-0.0630692988634109
2024-07-02T06:30:11Z,-0.5721163898706436
2024-07-02T08:38:34Z,0.0444873496890068
2024-07-02T13:16:27Z,-0.0162532869726419
2024-07-02T14:30:49Z,0.002790693193674
2024-07-02T15:00:12Z,0.090006997808814
2024-07-02T16:43:54Z,-0.1642305925488472
2024-07-02T17:35:13Z,-0.0039224773645401
2024-07-02T17:46:04Z,0.0532485367730259
2024-07-02T18:06:24Z,0.0181877184659242
2024-07-02T19:16:19Z,0.2809779159724712
2024-07-02T20:15:43Z,0.8543978035449982
2024-07-02T20:14:53Z,0.0360698886215686
2024-07-02T20:51:15Z,0.0579931512475013
2024-07-03T07:49:39Z,-0.8419579016044736
2024-07-03T13:13:40Z,-0.0184953697025775
2024-07-03T13:13:43Z,0.1164483837783336
2024-07-03T16:27:02Z,0.9334551533684134
2024-07-03T16:58:14Z,0.0189464129507541
2024-07-03T17:35:24Z,-0.0039224773645401
2024-07-03T01:58:15Z,0.3631193339824676
2024-07-04T13:00:00Z,0.0373447742313146
2024-07-04T17:35:14Z,0.052553815767169
2024-07-05T11:03:14Z,-0.888717744499445
2024-07-05T13:40:01Z,-0.9227801747620106
2024-07-05T13:59:15Z,0.0014708675444126
2024-07-05T14:23:52Z,0.0025744531303644
2024-07-05T14:43:32Z,0.1873945444822311
2024-07-05T15:25:01Z,-0.9035049192607404
2024-07-05T15:38:40Z,0.9069793820381165
2024-07-05T16:15:55Z,-0.6132157370448112
2024-07-05T17:35:12Z,-0.0039224773645401
2024-07-05T18:25:22Z,0.0217348244041204
2024-07-05T19:24:59Z,0.7803105227649212
2024-07-05T11:05:59Z,0.2508992459625005
2024-07-05T20:06:45Z,0.0181644354015588
2024-07-06T04:24:04Z,0.666650801897049
2024-07-07T11:29:14Z,0.0761966500431299
2024-07-07T23:40:06Z,-0.021061934530735
2024-07-08T02:06:06Z,0.1279670763760805
2024-07-08T04:25:09Z,-0.0103794541209936
2024-07-08T02:17:04Z,0.1502494104206562
2024-07-08T09:41:59Z,0.4876414276659488
2024-07-08T09:52:10Z,0.0210594441741704
2024-07-08T10:20:28Z,0.1638179123401641
2024-07-08T12:46:23Z,0.0521172499284148
2024-07-08T12:54:44Z,0.0736716482788324
2024-07-08T13:08:25Z,0.8713912982493639
2024-07-08T13:15:13Z,-0.0170926582068204
2024-07-08T14:19:13Z,0.0032321773469448
2024-07-08T15:31:02Z,0.2367045180872082
2024-07-08T15:35:15Z,0.4737342670559883
2024-07-08T15:54:52Z,-0.500663548707962
2024-07-08T16:25:12Z,0.0141089260578155
2024-07-08T17:04:34Z,-0.5631537679582834
2024-07-08T17:35:13Z,0.052553815767169
2024-07-08T18:50:11Z,0.1505598574876785
2024-07-08T20:10:10Z,-0.0270961076021194
2024-07-09T01:47:47Z,0.0413235984742641
2024-07-09T05:37:19Z,-0.9477927396073936
2024-07-09T10:44:57Z,0.5712200589478016
2024-07-09T11:59:36Z,0.0263836737722158
2024-07-09T13:13:10Z,-0.0197450369596481
2024-07-09T14:20:33Z,0.0024456437677145
2024-07-09T14:38:31Z,0.0984836257994175
2024-07-09T16:26:22Z,-0.478501558303833
2024-07-09T17:18:20Z,0.0141140576452016
2024-07-09T17:42:07Z,-0.9217435251921416
2024-07-09T18:02:47Z,0.0941205220296979
2024-07-09T18:06:04Z,0.7177851386368275
2024-07-10T02:46:17Z,-0.9467016952112316
2024-07-10T03:41:19Z,0.9103399142622948
2024-07-10T08:00:50Z,0.8629262149333954
2024-07-10T10:05:48Z,0.2148289680480957
2024-07-10T10:42:31Z,0.6269757635891438
2024-07-10T11:35:00Z,0.062384994700551
2024-07-10T12:56:28Z,0.9223302751779556
2024-07-10T13:01:54Z,-0.6269503030925989
2024-07-10T13:17:46Z,-0.0199893247336149
2024-07-10T13:22:59Z,0.006706666201353
2024-07-10T14:35:54Z,0.0020364224910736
2024-07-10T16:14:16Z,-0.4751947969198227
2024-07-10T16:16:21Z,0.9356513042002916
2024-07-10T17:35:13Z,-0.0039224773645401
2024-07-10T18:43:27Z,0.1674127858132124
2024-07-10T18:48:14Z,0.9301916342228652
2024-07-10T18:54:25Z,0.0113333910703659
2024-07-10T18:59:48Z,0.9203993706032634
2024-07-11T02:20:15Z,0.0063971877098083
2024-07-11T06:28:28Z,0.8297047549858689
2024-07-11T07:00:11Z,0.6817576680332422
2024-07-11T07:00:11Z,0.1415477562695741
2024-07-11T09:49:29Z,0.0198217555880546
2024-07-11T09:57:24Z,0.1436504945158958
2024-07-11T13:16:28Z,-0.0180742647498846
2024-07-11T13:42:17Z,0.5454408470541239
2024-07-11T14:02:28Z,-0.4266471266746521
2024-07-11T14:18:02Z,0.0014625936746597
2024-07-11T15:04:38Z,-0.9270977806299924
2024-07-11T15:21:00Z,0.3082034401595592
2024-07-11T16:14:09Z,-0.3418915793299675
2024-07-11T17:34:19Z,0.6238566096872091
2024-07-11T17:35:12Z,-0.0039224773645401
2024-07-11T20:49:13Z,-0.8604803932830691
2024-07-11T21:10:49Z,0.8268214948475361
2024-07-12T09:56:51Z,-0.9195997156202792
2024-07-12T11:41:52Z,-0.0532676577568054
2024-07-12T12:44:13Z,0.0367956012487411
2024-07-12T13:13:55Z,-0.0169223379343748
2024-07-12T16:32:47Z,0.0398558285087347
2024-07-12T17:35:13Z,-0.0039224773645401
2024-07-12T19:39:49Z,0.0018346756696701
2024-07-12T20:33:07Z,-0.5317045599222183
2024-07-13T06:16:57Z,0.7821437753736973
2024-07-13T13:34:10Z,0.1502229105681181
2024-07-14T11:24:17Z,-0.6833488121628761
2024-07-14T16:36:40Z,-0.0162403099238872
2024-07-14T19:00:52Z,0.0788601245731115
2024-07-15T05:07:00Z,0.1276176162064075
2024-07-15T07:37:19Z,-0.6031818389892578
2024-07-15T09:20:14Z,0.9300149604678154
2024-07-15T09:44:02Z,0.8130313977599144
2024-07-15T10:31:39Z,-0.599044393748045
2024-07-15T11:09:32Z,-0.5280155539512634
2024-07-15T12:09:58Z,0.766783319413662
2024-07-15T12:07:42Z,0.0247100554406642
2024-07-15T13:01:04Z,0.0767332427203655
2024-07-15T13:15:44Z,-0.0171501524746418
2024-07-15T15:10:39Z,-0.0109705626964569
2024-07-15T15:55:29Z,0.4025297304615378
2024-07-15T17:35:13Z,0.052553815767169
2024-07-15T23:41:12Z,-0.0253684502094984
2024-07-16T02:12:27Z,-0.0070759560912847
2024-07-16T07:59:28Z,0.923965334892273
2024-07-16T09:12:30Z,0.0714746303856372
2024-07-16T11:57:09Z,-0.9498895965516568
2024-07-16T11:57:17Z,-0.4715985301882028
2024-07-16T12:54:36Z,0.4356813076883554
2024-07-16T13:04:42Z,0.7614734815433621
2024-07-16T13:06:07Z,-0.8764716945588589
2024-07-16T13:18:45Z,-0.0176503676921129
2024-07-16T14:04:57Z,-0.0511853694915771
2024-07-16T14:24:56Z,0.099323196336627
2024-07-16T15:00:11Z,0.4008614383637905
2024-07-16T15:16:45Z,0.0023947153240442
2024-07-16T15:45:02Z,-0.0579781420528888
2024-07-16T17:20:03Z,0.7092479430139065
2024-07-16T17:35:12Z,0.052553815767169
2024-07-16T06:25:18Z,0.0021258480846881
2024-07-17T06:18:26Z,0.928827228024602
2024-07-17T07:57:23Z,-0.7253928333520889
2024-07-17T10:01:03Z,0.1696223579347133
2024-07-17T12:07:04Z,-0.9543958380818368
2024-07-17T13:12:30Z,-0.587745014578104
2024-07-17T13:16:33Z,-0.0170039478689432
2024-07-17T13:30:14Z,0.8957010926678777
2024-07-17T13:32:56Z,0.6844533449038863
2024-07-17T14:18:52Z,0.0015595406293869
2024-07-17T14:43:51Z,0.2541510201990604
2024-07-17T16:02:14Z,0.1656266311183571
2024-07-17T17:21:21Z,0.5498144123703241
2024-07-17T17:35:12Z,-0.0039224773645401
2024-07-17T17:53:20Z,-0.410995090380311
2024-07-17T18:21:53Z,0.7313456274569035
2024-07-18T05:02:49Z,0.0349790081381797
2024-07-18T05:56:25Z,0.7099265614524484
2024-07-18T11:51:35Z,-0.6972448881715536
2024-07-18T12:42:37Z,-0.7419384736567736
2024-07-18T13:17:04Z,-0.0160344373434782
2024-07-18T14:05:27Z,0.4945881636813283
2024-07-18T14:17:01Z,0.0018085669726133
2024-07-18T14:38:58Z,0.7048385180532932
2024-07-18T16:28:13Z,-0.2667430117726326
2024-07-18T16:48:52Z,0.4403867814689874
2024-07-18T16:57:38Z,0.9199777394533156
2024-07-18T17:34:37Z,0.2355982335284352
2024-07-18T17:35:13Z,-0.0039224773645401
2024-07-19T01:58:40Z,0.8966262983158231
2024-07-19T07:22:54Z,-0.8526664562523365
2024-07-19T12:53:36Z,-0.951450664550066
2024-07-19T13:22:34Z,-0.015196643769741
2024-07-19T17:12:25Z,-0.500371266156435
2024-07-19T17:35:12Z,-0.0039224773645401
2024-07-21T08:03:14Z,0.1341840690001845
2024-07-21T11:15:12Z,0.020705347880721
2024-07-21T13:00:14Z,-0.8319470249116421
2024-07-21T17:39:40Z,0.9231978841125964
2024-07-21T17:49:59Z,-0.0197645388543605
2024-07-22T03:59:01Z,0.1071712151169776
2024-07-22T08:42:32Z,-0.926910356618464
2024-07-22T14:16:33Z,0.0430868379771709
2024-07-22T14:39:14Z,-0.0289182402193546
2024-07-22T14:51:07Z,-0.9552443074062468
2024-07-22T14:57:10Z,-0.8561474457383156
2024-07-22T16:36:09Z,-0.8484418615698814
2024-07-22T17:35:14Z,-0.0039224773645401
2024-07-23T04:55:58Z,0.2479969011619687
2024-07-23T09:02:39Z,-0.5052767619490623
2024-07-23T09:52:59Z,-0.9589616879820824
2024-07-23T10:12:57Z,0.0071395337581634
2024-07-23T12:16:48Z,0.2939596753567457
2024-07-23T13:17:26Z,-0.0155725721269845
2024-07-23T13:47:04Z,0.8983877310529351
2024-07-23T14:21:13Z,0.0017671380192041
2024-07-23T15:11:56Z,0.4873433532193303
2024-07-23T17:35:13Z,0.052553815767169
2024-07-23T19:04:12Z,0.417348962277174
2024-07-23T22:35:53Z,0.0807694029062986
2024-07-24T08:19:24Z,0.0890339147299528
2024-07-24T09:00:40Z,-0.8923571044579148
2024-07-24T09:40:33Z,0.1882218718528747
2024-07-24T09:44:23Z,-0.8367382548749447
2024-07-24T11:52:52Z,0.0311006754636764
2024-07-24T12:26:54Z,0.8418822679668665
2024-07-24T13:18:41Z,-0.0142288487404584
2024-07-24T13:44:10Z,-0.3998755216598511
2024-07-24T14:11:30Z,0.6027975082397461
2024-07-24T14:54:12Z,0.0028258543461561
2024-07-24T15:41:59Z,-0.9135404508560896
2024-07-24T15:40:32Z,0.8406318137422204
2024-07-24T16:08:19Z,0.827300313860178
2024-07-24T16:40:39Z,0.141699232161045
2024-07-24T17:13:30Z,-0.8910487992689013
2024-07-24T17:35:12Z,0.052553815767169
2024-07-24T18:47:52Z,0.1596123427152633
2024-07-24T19:02:15Z,0.0859465235844254
2024-07-25T07:29:19Z,0.4817476347088814
2024-07-25T09:13:16Z,0.8817926160991192
2024-07-25T09:37:49Z,-0.1350366659462452
2024-07-25T10:26:34Z,-0.8773493189364672
2024-07-25T11:42:19Z,-0.8746810853481293
2024-07-25T11:59:20Z,-0.9554779818281532
2024-07-25T13:30:21Z,0.923512514680624
2024-07-25T14:15:43Z,0.0024649333208799
2024-07-25T14:21:42Z,0.0242857448756694
2024-07-25T14:47:26Z,-0.4218882396817207
2024-07-25T15:04:11Z,0.0143680162727832
2024-07-25T15:12:33Z,0.4454761296510696
2024-07-25T17:35:13Z,-0.0039224773645401
2024-07-25T22:38:26Z,0.4039832111448049
2024-07-26T06:11:25Z,0.1996837183833122
2024-07-26T09:34:27Z,0.1185860680416226
2024-07-26T11:39:44Z,0.8600950688123703
2024-07-26T13:28:31Z,0.4028739798814058
2024-07-26T14:26:27Z,-0.4935998059809208
2024-07-26T15:19:11Z,0.00365168787539
2024-07-26T15:30:49Z,-0.0334984138607978
2024-07-26T16:17:37Z,0.0600862242281436
2024-07-26T17:27:37Z,0.8635677918791771
2024-07-27T07:33:09Z,0.6291815675795078
2024-07-27T15:59:17Z,0.1312455786392092
2024-07-28T09:28:14Z,0.1411174135282635
2024-07-28T11:00:13Z,-0.9395681954920292
2024-07-28T15:42:08Z,0.4063651412725448
2024-07-28T19:39:55Z,-0.0225069224834442
2024-07-29T02:30:41Z,0.0421988070011138
2024-07-29T04:46:57Z,0.2622895650565624
2024-07-29T05:48:38Z,-0.5691923126578331
2024-07-29T08:28:07Z,-0.9483783477917314
2024-07-29T10:25:11Z,0.2100756876170635
2024-07-29T10:50:05Z,0.093024069443345
2024-07-29T11:43:26Z,0.9222434852272272
2024-07-29T12:09:41Z,-0.1104680933058261
2024-07-29T13:48:19Z,-0.2128037102520465
2024-07-29T14:23:52Z,0.0031757075339555
2024-07-29T14:37:01Z,0.1784938750788569
2024-07-29T15:54:48Z,0.9288227781653404
2024-07-29T16:21:08Z,-0.0522442832589149
2024-07-29T16:59:23Z,0.9011407420039176
2024-07-29T17:06:41Z,0.6584558561444283
2024-07-29T17:11:29Z,0.0930284289643168
2024-07-29T17:35:19Z,0.112854279577732
2024-07-29T17:31:07Z,-0.8255276922136545
2024-07-29T18:55:21Z,0.0736083909869194
2024-07-29T19:03:57Z,0.13810595870018
2024-07-29T20:33:30Z,0.0348827596753835
2024-07-30T02:22:21Z,0.8507167845964432
2024-07-30T03:01:56Z,-0.6347193289548159
2024-07-30T03:27:37Z,-0.0037012789398431
2024-07-30T06:44:40Z,0.1075038826093077
2024-07-30T07:32:09Z,0.6005414426326752
2024-07-30T08:48:10Z,-0.0696668475866317
2024-07-30T11:27:49Z,0.8517567999660969
2024-07-30T13:15:43Z,0.8428274616599083
2024-07-30T13:49:43Z,0.1225409731268882
2024-07-30T13:54:08Z,0.8151344684883952
2024-07-30T15:00:11Z,0.1530165281146764
2024-07-30T15:09:40Z,0.9204226899892092
2024-07-30T16:01:24Z,0.0031191911548376
2024-07-30T16:32:49Z,-0.0020482279360294
2024-07-30T17:35:12Z,-0.0039224773645401
2024-07-30T18:05:42Z,0.9131492171436548
2024-07-30T20:21:53Z,0.9277706434950233
2024-07-31T01:56:07Z,-0.029867947101593
2024-07-31T02:55:40Z,0.7940719071775675
2024-07-31T03:01:45Z,-0.7971081025898457
2024-07-31T12:36:49Z,-0.7402828205376863
2024-07-31T12:52:06Z,0.9395009651780128
2024-07-31T14:15:58Z,0.0047631952911615
2024-07-31T15:38:54Z,-0.8260666020214558
2024-07-31T17:35:12Z,-0.0039224773645401
2024-08-01T05:05:49Z,0.1995858596637845
2024-08-01T07:34:57Z,0.9081791853532196
2024-08-01T09:09:10Z,0.0115382019430398
2024-08-01T09:13:02Z,-0.3711469769477844
2024-08-01T09:50:45Z,0.018523821607232
2024-08-01T11:35:52Z,0.9073144793510436
2024-08-01T12:26:41Z,0.0230696275830268
2024-08-01T12:40:35Z,-0.4185916632413864
2024-08-01T13:05:37Z,0.926656924188137
2024-08-01T13:16:05Z,-0.0219897739589214
2024-08-01T13:47:51Z,-0.8900406323373318
2024-08-01T14:16:13Z,0.0040850080549716
2024-08-01T15:44:43Z,0.9316542837768792
2024-08-01T16:52:42Z,0.0613244157284498
2024-08-01T17:07:52Z,-0.8087603598833084
2024-08-01T17:11:53Z,-0.8954461105167866
2024-08-01T16:09:42Z,0.2953938841819763
2024-08-01T17:35:13Z,0.052553815767169
2024-08-01T19:36:40Z,-0.8309673368930817
2024-08-01T20:28:29Z,-0.6745128836482763
2024-08-01T20:30:30Z,0.3293684422969818
2024-08-01T20:30:46Z,0.5568847954273224
2024-08-01T20:31:35Z,0.6543781161308289
2024-08-01T20:31:09Z,0.5255610197782516
2024-08-01T20:32:28Z,0.3198133707046509
2024-08-01T20:32:30Z,0.1313169300556183
2024-08-01T20:32:55Z,0.2332791090011596
2024-08-01T21:10:39Z,0.5100487042218447
2024-08-01T21:24:22Z,-0.5684883296489716
2024-08-01T22:55:33Z,0.013028809800744
2024-08-02T02:06:33Z,0.0146850161254405
2024-08-02T02:35:29Z,0.826761607080698
2024-08-02T03:52:50Z,0.9020638056099416
2024-08-02T04:31:19Z,-0.0214922595769166
2024-08-02T05:46:46Z,0.6974171157926321
2024-08-02T06:25:16Z,0.0251424089074134
2024-08-02T06:50:51Z,0.2108446024358272
2024-08-02T08:39:13Z,0.9283101856708528
2024-08-02T09:25:04Z,-0.9528641421347857
2024-08-02T09:45:04Z,-0.9630919201299548
2024-08-02T10:30:19Z,-0.6122376322746277
2024-08-02T11:16:34Z,-0.4486530572175979
2024-08-02T11:22:33Z,0.772557158023119
2024-08-02T12:01:56Z,-0.6081028580665588
2024-08-02T12:02:20Z,0.6738019175827503
2024-08-02T12:21:56Z,-0.5429604947566986
2024-08-02T12:37:05Z,0.0109562911093235
2024-08-02T12:47:10Z,-0.275692880153656
2024-08-02T13:05:16Z,0.8706272877752781
2024-08-02T13:16:48Z,-0.022838719189167
2024-08-02T13:52:23Z,-0.3974834680557251
2024-08-02T14:21:04Z,0.9249153174459934
2024-08-02T14:30:48Z,0.0034923981875181
2024-08-02T15:58:13Z,0.4639472141861915
2024-08-02T17:29:53Z,0.7468529790639877
2024-08-02T17:35:16Z,0.052553815767169
2024-08-02T17:44:47Z,0.8096396215260029
2024-08-02T20:09:25Z,-0.8117234520614147
2024-08-02T20:19:38Z,-0.7893860787153244
2024-08-03T17:16:16Z,-0.2008592262864112
2024-08-04T13:26:23Z,-0.2476669028401374
2024-08-04T16:30:36Z,0.0318592116236686
2024-08-04T18:56:50Z,-0.836309527978301
2024-08-04T20:35:10Z,-0.791128858923912
2024-08-05T02:06:33Z,-0.9373885821551085
2024-08-05T05:00:32Z,-0.7746522463858128
2024-08-05T09:33:33Z,-0.9502453170716764
2024-08-04T17:11:54Z,-0.0703120008111
2024-08-05T10:28:22Z,-0.9626709260046482
2024-08-05T11:51:10Z,-0.9074293524026872
2024-08-05T13:24:31Z,-0.0231438819319009
2024-08-05T14:13:55Z,0.0033509563654661
2024-08-05T14:11:45Z,-0.9634220404550432
2024-08-05T15:49:19Z,0.7419631304219365
2024-08-05T15:51:57Z,-0.0288565028458833
2024-08-05T15:56:36Z,0.1041624508798122
2024-08-05T17:35:11Z,0.052553815767169
2024-08-05T18:05:01Z,-0.1105164512991905
2024-08-05T18:13:20Z,-0.6608056761324406
2024-08-05T18:53:36Z,-0.5023216791450977
2024-08-05T19:32:15Z,-0.8931624386459589
2024-08-05T19:35:13Z,0.0032183490693569
2024-08-05T20:05:03Z,-0.6593931913375854
2024-08-05T23:32:48Z,-0.9521549213677644
2024-08-06T02:45:35Z,-0.9375368738546968
2024-08-06T07:11:38Z,-0.9408724093809724
2024-08-06T10:35:38Z,0.0625384412705898
2024-08-06T12:27:01Z,-0.1376166939735412
2024-08-06T12:50:41Z,-0.3474634401500225
2024-08-06T13:02:36Z,-0.1966152191162109
2024-08-06T13:19:31Z,-0.0226591229438781
2024-08-06T13:27:28Z,-0.6647476647049189
2024-08-06T15:46:41Z,0.0040231775492429
2024-08-06T16:10:55Z,-0.1022782027721405
2024-08-06T16:13:05Z,-0.0356685929000377
2024-08-06T17:35:12Z,-0.0039224773645401
2024-08-06T18:23:27Z,0.933988904580474
2024-08-06T20:08:00Z,-0.5016068834811449
2024-08-07T06:31:45Z,0.2253287900239229
2024-08-07T07:55:53Z,-0.9491088623180984
2024-08-07T13:14:27Z,-0.3945278003811836
2024-08-07T14:06:49Z,0.017488932237029
2024-08-07T14:47:01Z,0.2585503160953522
2024-08-07T15:33:49Z,0.0527386385947465
2024-08-07T17:22:44Z,-0.0007847473025321
2024-08-07T17:35:12Z,-0.0039224773645401
2024-08-07T19:51:11Z,-0.3074980638921261
2024-08-07T20:02:54Z,-0.0077883843332529
2024-08-08T06:46:36Z,-0.8688371926546097
2024-08-08T08:00:36Z,-0.0357872545719146
2024-08-08T08:17:58Z,0.2643374428153038
2024-08-08T08:26:06Z,-0.8754520881921053
2024-08-08T10:11:53Z,0.1412660889327526
2024-08-08T11:42:03Z,-0.9189840797334908
2024-08-08T12:00:45Z,0.163436759263277
2024-08-08T12:28:55Z,-0.0088193491101264
2024-08-08T13:36:53Z,0.4162545278668403
2024-08-08T13:37:20Z,-0.5237356685101986
2024-08-08T13:37:28Z,-0.9330425318330526
2024-08-08T13:37:43Z,-0.6359105706214905
2024-08-08T14:28:05Z,0.0032580588012933
2024-08-08T15:19:28Z,0.901535376906395
2024-08-08T15:19:39Z,0.2851602267473936
2024-08-08T15:38:53Z,0.2815071046352386
2024-08-08T16:17:27Z,0.2058869916945696
2024-08-08T16:25:02Z,-0.9303171336650848
2024-08-08T17:35:12Z,0.052553815767169
2024-08-08T17:48:22Z,0.2703098570927977
2024-08-09T02:20:57Z,-0.8069584220647812
2024-08-09T05:40:29Z,-0.3686170727014541
2024-08-09T10:03:25Z,0.6115903109312057
2024-08-09T13:20:15Z,-0.0234220921993255
2024-08-09T14:03:02Z,0.0380785539746284
2024-08-09T14:50:29Z,0.0036005098372697
2024-08-09T16:01:29Z,-0.6760189980268478
2024-08-11T11:00:15Z,-0.0022764038294553
2024-08-11T17:00:19Z,-0.8632038459181786
2024-08-11T21:31:50Z,0.9092555530369282
2024-08-12T03:35:22Z,-0.5528279840946198
2024-08-12T06:56:29Z,0.8641943167895079
2024-08-12T08:24:20Z,0.8224497586488724
2024-08-12T11:16:53Z,-0.6239125728607178
2024-08-12T13:03:42Z,0.1248541884124279
2024-08-12T14:27:11Z,-0.0238334685564041
2024-08-12T14:46:32Z,-0.9165044836699964
2024-08-12T15:39:33Z,0.4633566457778215
2024-08-12T17:35:12Z,0.052553815767169
2024-08-13T05:53:45Z,-0.008104421198368
2024-08-13T10:13:40Z,0.0678547490388155
2024-08-13T12:45:56Z,-0.0317738726735115
2024-08-13T13:21:58Z,0.2749471087008714
2024-08-13T14:22:11Z,0.0026599857956171
2024-08-13T15:00:12Z,0.090006997808814
2024-08-13T15:09:13Z,-0.7964164353907108
2024-08-13T17:35:12Z,-0.0039224773645401
2024-08-13T17:37:06Z,0.1405448615550995
2024-08-13T19:28:47Z,0.8896939819678664
2024-08-13T20:09:34Z,0.0574865750968456
2024-08-13T19:33:24Z,0.0061723105609416
2024-08-14T08:18:18Z,0.716300199739635
2024-08-14T10:06:38Z,-0.706613153219223
2024-08-14T12:03:32Z,-0.3617519624531269
2024-08-14T13:00:16Z,-0.5825166590511799
2024-08-14T13:28:02Z,-0.6269503030925989
2024-08-14T14:21:36Z,0.2175086438655853
2024-08-14T14:31:34Z,0.0037706531584262
2024-08-14T14:41:38Z,0.7281206222251058
2024-08-14T15:37:09Z,0.0984013881534338
2024-08-14T17:34:06Z,0.2068417444825172
2024-08-14T17:35:17Z,-0.0039224773645401
2024-08-14T18:09:51Z,0.2267819391563534
2024-08-14T20:38:07Z,0.0157044921070337
2024-08-15T02:28:50Z,-0.0102034024894237
2024-08-15T09:48:17Z,0.8563785422593355
2024-08-15T12:17:49Z,0.5181928062811494
2024-08-15T15:07:42Z,0.0028432123363018
2024-08-15T17:21:31Z,0.0418545939028263
2024-08-15T18:38:50Z,0.0155150834470987
2024-08-15T19:26:24Z,0.6230038404464722
2024-08-15T19:32:10Z,0.4726788103580475
2024-08-15T03:36:01Z,-0.8865207768976688
2024-08-16T12:05:16Z,0.5037161950021982
2024-08-16T17:16:20Z,0.0176400430500507
2024-08-16T17:35:15Z,-0.0039224773645401
2024-08-16T18:32:16Z,0.1503507867455482
2024-08-16T19:18:12Z,0.0524019431322813
2024-08-17T13:00:24Z,0.0384726766496896
2024-08-17T14:45:18Z,-0.1115347035229206
2024-08-18T11:00:22Z,0.0155001431703567
2024-08-18T13:00:19Z,-0.827458031475544
2024-08-18T17:30:23Z,0.3290731608867645
2024-08-18T20:15:44Z,0.0433500260114669
2024-08-19T07:15:15Z,0.596074122004211
2024-08-19T08:37:22Z,0.7849875930696726
2024-08-19T09:39:15Z,-0.108564093708992
2024-08-19T11:18:54Z,0.6075134892016649
2024-08-19T12:46:45Z,0.1062504304572939
2024-08-19T12:59:04Z,-0.8200788181275129
2024-08-19T14:28:38Z,0.1851835278794169
2024-08-19T17:29:47Z,-0.4541729092597961
2024-08-19T17:35:12Z,-0.0039224773645401
2024-08-20T06:58:59Z,0.2809784254059195
2024-07-19T03:28:11Z,-0.6438531279563904
2024-08-20T15:34:08Z,0.7209317684173584
2024-08-20T17:09:03Z,0.0520155020058155
2024-08-20T12:16:47Z,-0.0091593023389577
2024-08-20T12:35:08Z,0.0173885151743888
2024-08-21T13:40:24Z,-0.5557889640331268
2024-08-21T13:46:27Z,0.0205341391265392
2024-08-21T15:24:27Z,0.0493444791063666
2024-08-21T15:46:52Z,-0.7096419930458069
2024-08-21T19:42:00Z,-0.5545549262315035
2024-08-21T19:42:57Z,-0.1241808608174324
2024-08-22T01:32:36Z,-0.6395401656627655
2024-08-22T10:12:54Z,-0.9295859234407544
2024-08-22T15:07:42Z,-0.8741003908216953
2024-08-22T15:38:24Z,0.9030513130128384
2024-08-22T16:09:48Z,0.0408505946397781
2024-08-22T16:22:13Z,-0.0522442832589149
2024-08-22T17:35:10Z,0.052553815767169
2024-08-22T18:01:20Z,0.9188173189759254
2024-08-23T08:55:17Z,0.3661264479160309
2024-08-23T13:53:51Z,0.9260966461151838
2024-08-23T15:16:51Z,0.1531050112098455
2024-08-23T16:37:17Z,0.0353181231766939
2024-08-23T18:18:16Z,0.0705893710255622
2024-08-23T18:59:28Z,0.003965601325035
2024-08-24T03:24:46Z,0.0302509702742099
2024-08-25T11:00:26Z,-0.3329089060425758
2024-08-25T19:50:14Z,0.759733946993947
2024-08-26T03:12:05Z,-0.9136469569057226
2024-08-26T08:05:19Z,0.9002395663410425
2024-08-26T09:30:34Z,0.3488300563767552
2024-08-26T10:17:19Z,0.02083695307374
2024-08-26T13:35:23Z,0.7187989335507154
2024-08-26T14:33:56Z,0.9269694238901138
2024-08-26T16:07:26Z,0.6785218175500631
2024-08-26T16:18:14Z,-0.294969979673624
2024-08-26T16:11:18Z,0.1294908355921507
2024-08-26T17:36:33Z,-0.1373314186930656
2024-08-26T20:31:10Z,-0.0117752067744731
2024-08-26T21:04:10Z,-0.0277256574481725
2024-08-27T02:45:54Z,-0.6468581855297089
2024-08-27T05:53:04Z,0.770940825343132
2024-08-27T06:19:43Z,0.0169893931597471
2024-08-27T10:02:55Z,-0.266245998442173
2024-08-27T10:35:05Z,0.0261635482311248
2024-08-27T11:29:52Z,0.0289500225335359
2024-08-27T11:40:39Z,-0.0118157397955656
2024-08-27T12:04:35Z,-0.4853673279285431
2024-08-27T12:22:35Z,-0.1011546626687049
2024-08-27T12:31:04Z,-0.0688369013369083
2024-08-27T12:50:34Z,0.9110168339684606
2024-08-27T13:12:21Z,0.0511787459254264
2024-08-27T13:14:27Z,0.5681078368797898
2024-08-27T13:47:23Z,-0.1042633056640625
2024-08-27T13:50:45Z,0.8048187997192144
2024-08-27T14:25:32Z,-0.0021803323179483
2024-08-27T15:00:13Z,0.035740802064538
2024-08-27T16:45:50Z,0.5214148014783859
2024-08-27T17:18:42Z,0.9362921938300132
2024-08-27T17:35:13Z,0.052553815767169
2024-08-27T17:56:32Z,0.2431698199361562
2024-08-27T20:41:48Z,0.0672911703586578
2024-08-28T02:19:14Z,0.6276618652045727
2024-08-28T04:06:53Z,-0.9379212120547892
2024-08-28T04:18:37Z,0.0566810136660933
2024-08-28T09:38:10Z,0.672117231413722
2024-08-28T10:07:05Z,0.9201371241360904
2024-08-28T13:04:28Z,0.564056433737278
2024-08-28T13:20:12Z,0.9051278652623296
2024-08-28T14:06:18Z,0.0136749632656574
2024-08-28T15:23:13Z,0.1700987927615642
2024-08-28T16:35:11Z,0.2451687431894242
2024-08-28T17:35:11Z,-0.0039224773645401
2024-08-28T18:01:48Z,0.921995596960187
2024-08-28T22:13:53Z,0.8657590709626675
2024-08-29T05:07:17Z,0.9181219972670078
2024-08-29T07:06:41Z,-0.8885821104049683
2024-08-29T08:52:46Z,0.9297753032296896
2024-08-29T10:08:18Z,0.1118282228708267
2024-08-29T12:48:20Z,0.0259610768407583
2024-08-29T13:15:05Z,-0.0238849036395549
2024-08-29T14:31:07Z,0.0818185098469257
2024-08-29T17:35:14Z,-0.0039224773645401
2024-08-29T17:45:50Z,0.7993869567289948
2024-08-29T17:20:30Z,-0.71189034730196
2024-08-29T19:10:08Z,0.8270453829318285
2024-08-30T07:57:12Z,0.8975227437913418
2024-08-30T09:51:06Z,0.0211907476186752
2024-08-30T13:38:12Z,0.1514129247516393
2024-08-30T13:59:57Z,0.0867654168978333
2024-08-30T14:14:29Z,0.919008431956172
2024-08-30T16:05:49Z,-0.8217394389212132
2024-08-30T17:35:11Z,-0.0039224773645401
2024-08-31T08:42:18Z,0.3288042973726988
2024-09-01T11:00:19Z,-0.6445960085839033
2024-09-01T13:01:19Z,0.0790510345250368
2024-09-02T07:31:47Z,0.1126153841614723
2024-09-02T11:56:32Z,-0.5379913002252579
2024-09-02T12:49:06Z,0.3588469699025154
2024-09-02T13:07:21Z,0.4652195889502764
2024-09-02T17:35:11Z,0.052553815767169
2024-09-03T08:26:26Z,-0.3367359563708305
2024-09-03T10:59:57Z,0.8417088943533599
2024-09-03T13:01:42Z,0.8638800987973809
2024-09-03T13:33:30Z,-0.95460319891572
2024-09-03T15:41:33Z,-0.0052335876971483
2024-09-03T16:00:56Z,0.1522644162178039
2024-09-03T16:12:01Z,0.0141017809510231
2024-09-03T18:06:02Z,0.8014947269111872
2024-09-03T19:33:05Z,-0.7597206886857748
2024-09-03T20:37:16Z,0.0558152385056018
2024-09-04T03:02:45Z,0.1220848485827446
2024-09-04T14:00:19Z,0.0179614778608083
2024-09-04T14:03:53Z,0.4671372249722481
2024-09-04T14:58:33Z,0.7660177201032639
2024-09-04T16:23:42Z,-0.0329653657972812
2024-09-04T17:03:09Z,-0.8375527895987034
2024-09-04T17:35:14Z,0.052553815767169
2024-09-05T11:09:01Z,0.0443440731614828
2024-09-05T11:20:25Z,0.0368312327191233
2024-09-05T13:09:13Z,0.7589060347527266
2024-09-05T13:10:06Z,-0.5487142726778984
2024-09-05T13:54:37Z,0.2258332855999469
2024-09-05T15:59:24Z,0.924766581505537
2024-09-05T16:22:43Z,-0.6163991764187813
2024-09-05T16:24:25Z,-0.1817163974046707
2024-09-05T16:28:12Z,0.0158283971250057
2024-09-05T17:35:13Z,0.052553815767169
2024-09-05T17:43:41Z,0.9000740963965654
2024-09-05T20:56:58Z,0.7671253876760602
2024-09-05T22:43:49Z,0.0067028328776359
2024-09-06T06:56:13Z,-0.8374738991260529
2024-09-06T12:47:00Z,0.0427686842158436
2024-09-06T13:19:26Z,-0.0232814792543649
2024-09-06T15:54:37Z,-0.898790268227458
2024-09-06T17:03:14Z,-0.0100289620459079
2024-09-06T17:35:14Z,0.052553815767169
2024-09-06T18:28:40Z,-0.947730022482574
2024-09-06T19:21:29Z,0.6185856759548187
2024-09-06T20:07:44Z,-0.8202937617897987
2024-09-07T09:00:30Z,0.0394871458411216
2024-09-07T12:02:20Z,0.4095400599762797
2024-09-08T11:01:20Z,0.2050773538649082
2024-09-08T13:08:28Z,-0.002238992601633
2024-09-08T14:35:17Z,0.2383505795150995
2024-09-08T15:47:17Z,0.2572744097560644
2024-09-08T18:35:41Z,0.0957676991820335
2024-09-09T02:16:04Z,0.3156371489167213
2024-09-09T03:09:50Z,0.0253352578729391
2024-09-09T03:44:15Z,-0.1725507471710443
2024-09-09T06:12:09Z,0.8925806954503059
2024-09-09T06:29:18Z,0.0809219796210527
2024-09-09T07:27:01Z,-0.9042054694145918
2024-09-09T07:35:39Z,-0.0085253715515136
2024-09-09T11:01:04Z,0.2612387035042047
2024-09-09T07:53:52Z,0.8421834595501423
2024-09-09T12:27:19Z,0.9150544032454492
2024-09-09T12:28:13Z,0.9036547224968672
2024-09-09T12:42:15Z,-0.522415891289711
2024-09-09T13:02:04Z,0.0270676854997873
2024-09-09T13:16:57Z,-0.0239285137504339
2024-09-09T15:05:53Z,0.5337349995970726
2024-09-09T15:14:10Z,0.0443345829844474
2024-09-09T16:24:28Z,-0.4266269914805889
2024-09-09T16:39:05Z,0.2622291389852762
2024-09-09T16:57:55Z,-0.9538308037444948
2024-09-09T17:04:45Z,0.2016980908811092
2024-09-09T17:08:14Z,0.1592198526486754
2024-09-09T17:12:03Z,0.7537740943953395
2024-09-09T17:14:16Z,0.1591636333614587
2024-09-09T17:15:31Z,-0.0069609731435775
2024-09-09T17:21:16Z,0.0371402725577354
2024-09-09T17:18:16Z,0.0537610575556755
2024-09-09T17:26:24Z,0.050620867870748
2024-09-09T17:28:31Z,0.1664921781048178
2024-09-09T17:33:10Z,0.3812218429520726
2024-09-09T17:34:31Z,0.027109196409583
2024-09-09T17:35:13Z,0.052553815767169
2024-09-09T17:35:56Z,-0.470396876335144
2024-09-09T17:36:58Z,0.4186175800859928
2024-09-09T17:38:52Z,0.3165416438132524
2024-09-09T17:33:47Z,0.4400394167751074
2024-09-09T17:42:14Z,0.2525179116055369
2024-09-09T17:45:45Z,0.3042269237339496
2024-09-09T17:49:12Z,0.8256087331101298
2024-09-09T17:56:04Z,0.0724299820140004
2024-09-09T17:57:04Z,-0.8755258060991764
2024-09-09T17:58:54Z,0.1449748687446117
2024-09-09T18:00:58Z,0.1695185909047722
2024-09-09T18:07:23Z,0.8929229900240898
2024-09-09T18:12:23Z,0.1020200438797473
2024-09-09T18:15:27Z,0.2906315587460994
2024-09-09T18:19:31Z,0.7780572511255741
2024-09-09T18:22:56Z,0.1298403507098555
2024-09-09T18:36:15Z,0.0288866013288497
2024-09-09T18:39:34Z,-0.0218487158417701
2024-09-09T18:37:07Z,0.1038961261510849
2024-09-09T18:57:09Z,0.2710095942020416
2024-09-09T19:26:35Z,-0.9485040213912724
2024-09-09T20:39:29Z,-0.5645934492349625
2024-09-10T01:54:47Z,0.0229170639067888
2024-09-10T02:52:45Z,-0.8500387724488974
2024-09-10T03:13:49Z,-0.0187098607420921
2024-09-10T04:51:42Z,0.0882371291518211
2024-09-10T05:55:20Z,0.7672815090045333
2024-09-10T06:26:34Z,-0.8833501040935516
2024-09-10T08:01:28Z,0.0560106914490461
2024-09-10T08:56:22Z,0.616416784003377
2024-09-10T09:35:10Z,-0.9351318459957838
2024-09-10T10:20:46Z,0.0032183490693569
2024-09-10T10:31:30Z,0.2062426954507827
2024-09-10T10:41:22Z,0.0442964602261781
2024-09-10T11:05:10Z,-0.826210729777813
2024-09-10T12:09:50Z,0.9116126112639904
2024-09-10T12:47:17Z,-0.0356685929000377
2024-09-10T13:00:27Z,0.008562346920371
2024-09-10T13:02:28Z,-0.0222368873655796
2024-09-10T13:05:25Z,0.8417765512131155
2024-09-10T13:09:19Z,0.0158283971250057
2024-09-10T13:09:41Z,0.2794021628797054
2024-09-10T13:12:53Z,0.893506295979023
2024-09-10T13:13:23Z,0.6536854952573776
2024-09-10T13:22:13Z,-0.0257402528077363
2024-09-10T13:34:17Z,0.0005103982985019
2024-09-10T14:35:46Z,-0.0688369013369083
2024-09-10T15:00:12Z,0.0094631910324096
2024-09-10T15:01:15Z,-0.4112265184521675
2024-09-10T15:30:57Z,-0.4076080173254013
2024-09-10T15:49:12Z,-0.0131560117006301
2024-09-10T15:49:33Z,0.0605465620756149
2024-09-10T16:32:16Z,0.8054650202393532
2024-09-10T16:40:49Z,-0.5168872121721506
2024-09-10T18:00:50Z,0.017432888969779
2024-09-10T18:46:51Z,0.372646679636091
2024-09-10T18:58:57Z,0.1104562329128384
2024-09-11T09:09:52Z,-0.8615485746413469
2024-09-11T11:04:48Z,0.0723147001117467
2024-09-11T12:08:45Z,-0.8177223093807697
2024-09-11T12:15:50Z,-0.9458124917000532
2024-09-11T13:50:17Z,0.8853459358215332
2024-09-11T14:35:10Z,-0.886846762150526
2024-09-11T17:35:12Z,-0.0039224773645401
2024-09-11T21:37:16Z,0.1654880652204156
2024-09-11T23:07:08Z,0.0445638615638017
2024-09-12T03:33:06Z,0.796928197145462
2024-09-12T11:49:26Z,0.8135030493140221
2024-09-12T07:45:48Z,0.3272586762905121
2024-09-12T13:15:02Z,-0.0242941156029701
2024-09-12T15:01:51Z,0.4226456582546234
2024-09-12T15:11:22Z,0.8674253402277827
2024-09-12T15:25:44Z,0.624641633592546
2024-09-12T16:22:55Z,0.0444650184363126
2024-09-12T17:49:48Z,-0.4298244342207908
2024-09-12T19:00:51Z,-0.0403349455446004
2024-09-12T19:16:36Z,0.8529955642297864
2024-09-13T00:53:07Z,-0.0253579206764698
2024-09-13T05:34:07Z,-0.6325777359306812
2024-09-13T07:14:29Z,-0.9307154770940542
2024-09-13T13:12:11Z,-0.0237427316606044
2024-09-13T13:26:06Z,-0.9535579532384872
2024-09-13T15:29:44Z,0.6390388756990433
2024-09-13T20:39:45Z,0.0069943722337484
2024-09-14T07:17:44Z,0.0744906514883041
2024-09-14T13:40:46Z,0.4231739565730095
2024-09-14T20:31:16Z,0.1950838845223188
2024-09-15T20:03:36Z,-0.7875622995197773
2024-09-15T20:32:26Z,0.835223644040525
2024-09-16T02:53:10Z,0.0617367476224899
2024-09-16T06:24:59Z,0.8881875462830067
2024-09-16T07:24:45Z,0.8515597004443407
2024-09-16T09:15:16Z,-0.9458668567240238
2024-09-16T10:52:35Z,-0.5520363748073578
2024-09-16T11:17:34Z,-0.9404792338609697
2024-09-16T13:14:28Z,-0.0239880550652742
2024-09-16T14:35:23Z,0.2200785567983985
2024-09-16T15:05:49Z,0.2808023393154144
2024-09-16T16:02:46Z,-0.5081776082515717
2024-09-16T16:33:48Z,0.5050513297319412
2024-09-16T17:01:32Z,0.8771740719676018
2024-09-16T17:05:32Z,0.0730087934061884
2024-09-16T17:17:24Z,0.1674397550523281
2024-09-16T17:36:30Z,0.23827870702371
2024-09-16T17:48:01Z,-0.8700284659862518
2024-09-16T21:46:42Z,0.8271567737683654
2024-09-17T01:44:56Z,0.923723142594099
2024-09-17T06:55:29Z,0.3170772790908813
2024-09-17T11:02:12Z,0.640606002882123
2024-09-17T12:58:56Z,0.932536644861102
2024-09-17T13:14:17Z,-0.9541349317878484
2024-09-17T13:21:09Z,-0.9554435135796666
2024-09-17T13:22:09Z,-0.3789462447166443
2024-09-17T13:27:46Z,-0.0239507853984832
2024-09-17T14:27:48Z,-0.0857646614313125
2024-09-17T15:50:39Z,-0.6783117987215519
2024-09-17T16:12:50Z,0.2960314573720097
2024-09-17T16:22:23Z,-0.8375641293823719
2024-09-17T17:35:13Z,0.052553815767169
2024-09-17T19:15:11Z,0.013479795306921
2024-09-17T21:26:21Z,0.1097441427409648
2024-09-18T08:56:19Z,-0.6528530418872833
2024-09-18T12:33:23Z,0.1180086834356188
2024-09-18T12:59:15Z,-0.936643848195672
2024-09-18T13:16:37Z,-0.0233017094433307
2024-09-18T14:19:52Z,0.1183817889541387
2024-09-18T16:44:08Z,-0.9517111117020248
2024-09-18T17:18:02Z,0.6515418142080307
2024-09-18T19:49:47Z,0.8113806564360857
2024-09-18T20:08:36Z,-0.8943569287657738
2024-09-18T20:45:24Z,-0.0919220633804798
2024-09-18T21:20:38Z,0.1738290209323167
2024-09-18T23:20:56Z,-0.954598787240684
2024-09-19T07:23:06Z,0.5465575158596039
2024-09-19T08:25:59Z,-0.3812039494514465
2024-09-19T09:56:07Z,0.5074110571295023
2024-09-19T10:43:28Z,0.0032183490693569
2024-09-19T12:05:21Z,-0.770848773419857
2024-09-19T13:17:29Z,-0.0226455107331275
2024-09-19T14:11:29Z,-0.6356758270412683
2024-09-19T14:20:10Z,0.0148132070899009
2024-09-19T14:33:33Z,0.5666174329817295
2024-09-19T16:29:29Z,0.5220467979088426
2024-09-19T16:35:09Z,0.9146322943270206
2024-09-19T17:33:03Z,0.0399117032065987
2024-09-19T17:35:21Z,0.1667724065482616
2024-09-19T17:35:23Z,-0.0039224773645401
2024-09-10T09:53:43Z,0.2918489873409271
2024-09-20T09:47:54Z,-0.9613896356895566
2024-09-20T13:12:14Z,-0.0235119722783565
2024-09-20T13:48:39Z,0.0706873461604118
2024-09-20T14:28:58Z,0.1750652529299259
2024-09-20T16:45:31Z,0.6162597499787807
2024-09-20T17:35:22Z,-0.0039224773645401
2024-09-20T18:51:42Z,0.6353816539049149
2024-09-20T20:03:03Z,0.8274394609034061
2024-09-21T12:11:01Z,0.9287009816616774
2024-09-22T13:00:24Z,0.0527225853875279
2024-09-22T16:15:21Z,0.2532988041639328
2024-09-22T19:45:29Z,0.9293671548366548
2024-09-23T07:26:51Z,-0.1043766234070062
2024-09-23T09:34:09Z,0.1096826717257499
2024-09-23T13:16:28Z,-0.0233660005033016
2024-09-23T14:59:47Z,0.8177098333835602
2024-09-23T15:13:52Z,-0.9205232057720424
2024-09-23T18:23:45Z,0.6793328020721674
2024-09-24T09:46:00Z,0.0032183490693569
2024-09-24T10:33:44Z,0.2890690378844738
2024-09-24T13:55:32Z,0.3999733421951532
2024-09-24T15:00:14Z,0.2046733126044273
2024-09-23T13:20:15Z,-0.0666368454694747
2024-09-24T15:05:01Z,0.9150416180491447
2024-09-24T15:40:33Z,0.5053467303514481
2024-09-24T17:35:12Z,0.052553815767169
2024-09-24T18:20:12Z,0.7380962520837784
2024-09-25T04:35:52Z,-0.9102696217596532
2024-09-25T07:27:10Z,0.2646116968244314
2024-09-25T08:57:56Z,-0.9217774886637926
2024-09-25T10:35:04Z,0.9277568273246288
2024-09-25T11:54:13Z,-0.9660094911232592
2024-09-25T12:29:47Z,0.2646116968244314
2024-09-25T13:16:58Z,-0.022888695821166
2024-09-25T14:29:03Z,-0.2031664960086345
2024-09-25T15:24:13Z,0.2279787957668304
2024-09-25T16:23:29Z,0.734737791121006
2024-09-25T17:24:02Z,0.1335529126226902
2024-09-25T17:35:12Z,-0.0039224773645401
2024-09-25T18:01:07Z,0.0457086861133575
2024-09-25T18:25:10Z,-0.7733937576413155
2024-09-25T19:02:07Z,0.0205341391265392
2024-09-25T20:30:23Z,0.0029576271772384
2024-09-26T12:26:24Z,0.3495368268340826
2024-09-26T13:03:01Z,-0.4826167803257704
2024-09-26T16:17:37Z,0.793429534882307
2024-09-26T17:35:19Z,0.052553815767169
2024-09-26T18:19:13Z,0.7586126010864973
2024-09-27T07:02:49Z,0.023518119007349
2024-09-27T14:48:18Z,0.0030078385025262
2024-09-27T15:23:23Z,-0.4919793009757995
2024-09-27T15:30:03Z,-0.7052590399980545
2024-09-27T15:51:41Z,0.0889360746368765
2024-09-27T16:04:55Z,0.8682201374322176
2024-09-27T17:35:17Z,-0.0039224773645401
2024-09-27T18:21:54Z,-0.062697235494852
2024-09-28T06:52:17Z,-0.0823749452829361
2024-09-28T12:42:48Z,0.0574701093137264
2024-09-29T11:00:21Z,-0.2182390205562114
2024-09-29T14:00:50Z,0.109880544245243
2024-09-30T11:27:09Z,0.5838908860459924
2024-09-30T13:30:27Z,0.7031431682407856
2024-09-30T13:31:06Z,-0.0235437806695699
2024-09-30T14:35:42Z,0.0037270635366439
2024-09-30T15:26:58Z,0.5103635638952255
2024-09-30T15:32:49Z,-0.9420709600672126
2024-09-30T15:56:47Z,-0.9150069989264012
2024-09-30T17:09:08Z,0.3633700087666511
2024-09-30T17:35:11Z,0.052553815767169
2024-09-30T17:39:00Z,-0.899379875510931
2024-10-01T01:39:08Z,-0.0157051719725132
2024-10-01T02:19:09Z,0.049545407295227
2024-10-01T09:48:43Z,-0.8615587344393134
2024-10-01T11:23:06Z,-0.9126622304320336
2024-10-01T11:43:31Z,0.5455876141786575
2024-10-01T12:55:03Z,0.4078024560585618
2024-10-01T13:10:31Z,0.738437857478857
2024-10-01T13:18:58Z,-0.0229626093059778
2024-10-01T14:58:51Z,0.0044413227587938
2024-10-01T16:01:50Z,-0.1836340501904487
2024-10-01T16:42:08Z,-0.4318917542695999
2024-10-01T16:49:04Z,0.8867632946930826
2024-10-01T16:57:04Z,0.11801777780056
2024-10-01T17:35:12Z,0.052553815767169
2024-10-01T18:08:30Z,-0.0278622955083847
2024-10-01T19:02:54Z,-0.9597296873107553
2024-10-01T19:28:05Z,0.9343161173164845
2024-10-01T19:31:07Z,-0.0283485651016235
2024-10-01T19:31:20Z,0.6229982944205403
2024-10-02T05:57:48Z,-0.6295331940054893
2024-10-02T07:01:17Z,-0.9635615972802044
2024-10-02T08:59:15Z,-0.7600632049143314
2024-10-02T13:11:30Z,0.0503788078203797
2024-10-02T14:40:08Z,0.9259854955598712
2024-10-02T15:10:46Z,0.003518434241414
2024-10-02T15:46:40Z,0.7737857699394226
2024-10-02T16:48:53Z,-0.940061904489994
2024-10-02T19:27:48Z,0.8552521839737892
2024-10-02T20:18:20Z,0.0177661515772342
2024-10-02T22:00:10Z,-0.946442143060267
2024-10-03T06:49:42Z,0.2684344798326492
2024-10-03T07:37:05Z,-0.0081472117453813
2024-10-03T07:58:48Z,0.4945335295051336
2024-10-03T13:18:06Z,-0.0241836998611688
2024-10-03T14:52:53Z,0.003518434241414
2024-10-03T17:21:28Z,-0.0118157397955656
2024-10-03T15:39:18Z,-0.9511749679222704
2024-10-03T19:20:08Z,0.6604406870901585
2024-10-04T11:54:09Z,-0.6132157370448112
2024-10-04T13:06:30Z,0.8604871612042189
2024-10-04T14:47:10Z,0.0487090907990932
2024-10-04T14:52:54Z,0.0038080643862485
2024-10-04T16:05:54Z,-0.7252968233078718
2024-10-04T17:35:10Z,-0.0039224773645401
2024-10-04T20:17:11Z,0.8917957618832588
2024-10-05T07:47:12Z,0.2462682574987411
2024-10-05T13:30:56Z,0.3495500087738037
2024-10-06T11:00:19Z,0.1018596328794956
2024-10-06T12:00:20Z,-0.949974013492465
2024-10-07T02:08:09Z,0.0855423845350742
2024-10-07T12:22:26Z,-0.9563797581940888
2024-10-07T13:21:35Z,0.2130412198603153
2024-10-07T13:34:27Z,0.9272270407527684
2024-10-07T14:09:30Z,0.9239068031311036
2024-10-07T14:16:06Z,0.0036987718194723
2024-10-07T14:46:42Z,0.3476751744747162
2024-10-07T15:20:51Z,-0.8004030920565128
2024-10-07T17:35:12Z,0.052553815767169
2024-10-07T17:44:43Z,0.0585846807807683
2024-10-08T01:47:55Z,-0.9027045220136642
2024-10-08T06:19:27Z,0.9110690113157034
2024-10-08T07:43:21Z,0.2422968354076147
2024-10-08T14:38:43Z,0.0039386115968227
2024-10-08T15:00:13Z,0.2006252435967326
2024-10-08T15:16:50Z,-0.94606770016253
2024-10-08T17:13:40Z,-0.1445164680480957
2024-10-08T17:52:30Z,-0.1551994234323501
2024-10-08T18:11:30Z,0.8537124916911125
2024-10-08T19:42:01Z,-0.9477204820141196
2024-10-08T20:42:53Z,-0.5217260085046291
2024-10-09T11:57:42Z,-0.0688369013369083
2024-10-09T12:19:31Z,0.5393106006085873
2024-10-09T14:37:30Z,0.0036941561847925
2024-10-09T14:52:00Z,0.5305702835321426
2024-10-09T15:17:19Z,0.0176400430500507
2024-10-09T15:33:54Z,0.0288952849805355
2024-10-09T17:08:28Z,-0.6025630570948124
2024-10-09T17:35:12Z,0.052553815767169
2024-10-09T18:11:14Z,0.0092393457889556
2024-10-09T18:53:31Z,-0.0976537726819515
2024-10-10T04:31:39Z,0.0303232707083225
2024-10-10T07:44:35Z,0.905649036169052
2024-10-10T08:41:02Z,0.1856052353978157
2024-10-10T10:54:14Z,0.0564995091408491
2024-10-10T14:25:16Z,0.0033357441425323
2024-10-10T16:12:02Z,-0.6721544861793518
2024-10-10T16:23:11Z,0.02871935069561
2024-10-11T03:20:13Z,0.225526780821383
2024-10-11T04:39:39Z,-0.4687595497816801
2024-10-11T07:31:43Z,-0.3203473649919033
2024-10-11T07:41:07Z,0.0907833063974976
2024-10-11T10:01:56Z,-0.926557121798396
2024-10-11T15:00:22Z,-0.8943646885454655
2024-10-11T15:27:17Z,0.0849964413791894
2024-10-11T06:18:02Z,0.8037619721144438
2024-10-11T17:35:15Z,-0.0039224773645401
2024-10-12T06:25:27Z,-0.885826169513166
2024-10-13T11:01:28Z,0.4498542733490467
2024-10-13T13:00:51Z,0.0414455663412809
2024-10-13T14:15:50Z,0.1214040024206042
2024-10-14T02:04:43Z,0.1021261131390929
2024-10-14T09:48:15Z,0.0241245124489069
2024-10-14T14:32:58Z,0.7689317408949137
2024-10-14T14:44:22Z,0.0039312615990638
2024-10-14T15:34:11Z,0.1711196005344391
2024-10-14T16:30:43Z,-0.1468362882733345
2024-10-14T16:58:52Z,0.9161223210394382
2024-10-14T17:35:13Z,-0.0039224773645401
2024-10-14T18:23:08Z,0.8741304315626621
2024-10-14T21:10:28Z,0.9099195059388876
2024-10-15T02:54:47Z,-0.907197268679738
2024-10-15T11:35:25Z,0.8707081954926252
2024-10-15T13:01:18Z,0.5781373456120491
2024-10-15T13:21:36Z,-0.023961404338479
2024-10-15T13:56:11Z,-0.3361467402428388
2024-10-15T14:03:01Z,-0.1220265608280897
2024-10-15T15:33:24Z,0.0028834696859121
2024-10-15T16:21:42Z,-0.4597885981202125
2024-10-15T17:35:12Z,-0.0039224773645401
2024-10-16T01:44:15Z,0.9043206702917814
2024-10-16T02:26:13Z,-0.6277987156063318
2024-10-16T04:23:00Z,0.7151317968964577
2024-10-16T05:47:15Z,-0.9425407331436872
2024-10-16T06:33:26Z,0.814485068898648
2024-10-16T07:23:01Z,0.2176877856254577
2024-10-16T13:08:08Z,0.8655938096344471
2024-10-16T13:46:30Z,0.4116462599486112
2024-10-16T13:52:37Z,0.922082394361496
2024-10-16T14:25:11Z,0.0035395491868257
2024-10-16T15:55:46Z,0.8271721452474594
2024-10-16T17:35:12Z,-0.0039224773645401
2024-10-16T18:24:45Z,-0.8895985586568713
2024-10-16T19:58:09Z,-0.0103618167340755
2024-10-16T20:07:50Z,-0.0418412405997514
2024-10-17T02:35:27Z,-0.080024778842926
2024-10-17T06:43:34Z,-0.0709543135017156
2024-10-17T05:57:13Z,-0.5192860513925552
2024-10-17T08:10:12Z,0.1687487149611115
2024-10-12T03:51:43Z,-0.8930972097441554
2024-10-17T09:39:05Z,0.0389818008989095
2024-10-17T13:02:07Z,-0.9246530849486588
2024-10-17T13:06:02Z,0.8201384358108044
2024-10-17T14:19:10Z,0.0027212016284465
2024-10-17T15:09:53Z,0.8164057023823261
2024-10-17T15:37:49Z,0.3206727597862482
2024-10-17T15:49:47Z,-0.317005306482315
2024-10-17T17:33:41Z,0.9274441972374916
2024-10-17T21:06:18Z,-0.765921519137919
2024-10-18T02:28:07Z,-0.8395490031689405
2024-10-18T02:31:00Z,-0.5899751521646976
2024-10-18T04:21:03Z,-0.8398223668336868
2024-10-18T09:29:18Z,0.9381303824484348
2024-10-18T11:21:12Z,0.064334899187088
2024-10-18T13:16:07Z,-0.0234357435256242
2024-10-18T16:32:10Z,0.0179614778608083
2024-10-18T16:43:51Z,-0.0137727037072181
2024-10-18T17:01:00Z,0.0205341391265392
2024-10-18T17:31:35Z,0.002803286537528
2024-10-18T17:35:16Z,-0.0039224773645401
2024-10-18T17:50:58Z,0.8621397716924548
2024-10-18T19:28:43Z,0.223495677113533
2024-10-18T20:05:42Z,0.7170706130564213
2024-10-19T07:00:43Z,-0.9412184655666352
2024-10-19T13:00:23Z,0.0611929511651396
2024-10-20T11:00:19Z,0.023911839351058
2024-10-20T17:45:54Z,-0.575598631054163
2024-10-21T01:49:07Z,-0.3895882666110992
2024-10-21T04:59:48Z,0.8999345814809203
2024-10-21T13:19:39Z,-0.0229545310139656
2024-10-21T13:40:38Z,-0.6267394125461578
2024-10-21T14:36:38Z,-0.3374106045812368
2024-10-21T14:59:50Z,-0.9480572696775198
2024-10-21T17:35:12Z,0.052553815767169
2024-10-21T18:59:53Z,-0.1063676103949546
2024-10-21T20:24:55Z,0.1446788115426898
2024-10-21T23:13:38Z,0.5947450986132026
2024-10-22T06:07:38Z,-0.0041763223707675
2024-10-22T09:16:21Z,0.9257218902930616
2024-10-22T11:11:23Z,-0.7088819518685341
2024-10-22T14:15:29Z,-0.0443072449415922
2024-10-22T15:00:12Z,0.6403993032872677
2024-10-22T15:08:13Z,0.0036561116576194
2024-10-22T15:12:50Z,-0.1119627654552459
2024-10-22T15:21:49Z,0.0741387940943241
2024-10-23T04:40:16Z,0.8340297034010291
2024-10-23T09:53:58Z,-0.9516695206984878
2024-10-23T11:25:33Z,-0.5771751254796982
2024-10-23T14:12:44Z,-0.9513407601043582
2024-10-23T14:39:06Z,0.0030161458998918
2024-10-23T15:15:30Z,-0.3419854715466499
2024-10-23T15:55:41Z,-0.6478158235549927
2024-10-23T15:59:49Z,-0.9484322369098664
2024-10-23T16:14:56Z,-0.6244208067655563
2024-10-23T16:16:30Z,0.0401531755924224
2024-10-23T17:27:21Z,0.1552368067204952
2024-10-23T17:35:13Z,-0.0039224773645401
2024-10-23T17:40:25Z,0.7785980850458145
2024-10-23T17:51:20Z,-0.9512845277786256
2024-10-23T18:00:31Z,0.9106348156929016
2024-10-23T19:36:12Z,-0.940257732756436
2024-10-23T19:45:31Z,0.0179332643747329
2024-10-23T20:26:07Z,-0.9334317706525326
2024-10-24T06:30:34Z,-0.957693625241518
2024-10-24T07:41:20Z,0.4010801762342453
2024-10-24T11:11:10Z,0.7884596437215805
2024-10-24T13:05:28Z,0.0572588965296745
2024-10-24T13:21:30Z,-0.0235911291092634
2024-10-24T13:37:56Z,-0.928381741978228
2024-10-24T16:21:00Z,0.9116931855678558
2024-10-24T17:37:57Z,-0.0039224773645401
2024-10-24T17:59:13Z,0.8384880227968097
2024-10-24T19:49:36Z,0.4451925605535507
2024-10-25T08:33:34Z,-0.9422654611989856
2024-10-25T10:30:40Z,0.6813602894544601
2024-10-25T13:17:16Z,-0.0233217626810073
2024-10-25T13:42:22Z,0.931633085012436
2024-10-25T16:20:48Z,-0.6994454599916935
2024-10-25T16:33:37Z,-0.9672171520069242
2024-10-25T16:48:14Z,-0.0810690224170684
2024-10-25T17:00:32Z,0.1604946684092283
2024-10-25T16:56:39Z,0.0052681863307952
2024-10-25T17:19:53Z,-0.2299114316701889
2024-10-25T17:35:24Z,-0.0039224773645401
2024-10-25T18:36:27Z,-0.3251602966338396
2024-10-25T19:05:24Z,0.9135676827281712
2024-10-25T20:03:24Z,0.2876559440046549
2024-10-25T20:40:37Z,0.0586722493171691
2024-10-25T22:42:02Z,0.1834069704636931
2024-10-26T05:06:56Z,0.1759976912289858
2024-10-26T12:29:02Z,0.8444851841777563
2024-10-27T04:04:07Z,0.6860800981521606
2024-10-27T11:00:18Z,0.009080421179533
2024-10-27T13:00:17Z,0.0625856108963489
2024-10-27T13:30:43Z,-0.8758546933531761
2024-10-28T01:58:52Z,-0.9170109555125237
2024-10-28T02:03:59Z,0.7156239561736584
2024-10-28T03:20:01Z,0.0775112807750701
2024-10-28T08:39:47Z,0.0836607068777084
2024-10-28T08:56:01Z,0.8151834784075618
2024-10-28T08:56:16Z,0.1530895987525582
2024-10-28T09:42:04Z,-0.3193253241479397
2024-10-28T12:35:13Z,-0.6239125728607178
2024-10-28T12:45:15Z,-0.9416108978912234
2024-10-28T11:30:48Z,-0.6990507543087006
2024-10-28T13:20:48Z,-0.0245430506765842
2024-10-28T15:02:39Z,0.1984744062647223
2024-10-28T15:04:00Z,0.4098080471158027
2024-10-28T15:04:08Z,0.6184473903849721
2024-10-28T15:10:17Z,-0.5176574885845184
2024-10-28T15:17:18Z,0.0048732422292232
2024-10-28T15:34:34Z,0.8981364322826266
2024-10-28T16:30:43Z,0.0325587950646877
2024-10-28T17:30:39Z,0.8587771784514189
2024-10-28T17:35:11Z,-0.0039224773645401
2024-10-28T18:22:07Z,-0.0447372905910015
2024-10-29T03:49:15Z,0.5547036062926054
2024-10-29T11:42:50Z,-0.8715937621891499
2024-10-29T13:45:22Z,0.1875454606488347
2024-10-29T15:02:05Z,0.3623082209378481
2024-10-29T15:04:06Z,0.0041215103119611
2024-10-29T15:15:22Z,0.2784345699474215
2024-10-29T15:47:22Z,-0.2040482759475708
2024-10-29T17:35:12Z,-0.0039224773645401
2024-10-29T17:48:04Z,0.1395694203674793
2024-10-30T03:32:38Z,-0.8316445825621486
2024-10-30T11:08:49Z,0.9072061106562614
2024-10-30T14:37:30Z,-0.4156095888465643
2024-10-30T15:01:42Z,0.3937734486535191
2024-10-30T15:38:25Z,0.8157689794898033
2024-10-30T15:40:41Z,-0.7135745454579592
2024-10-30T17:35:16Z,0.052553815767169
2024-10-30T18:43:12Z,0.8465427439659834
2024-10-30T19:18:36Z,0.8072950504720211
2024-10-30T19:25:31Z,-0.362161636352539
2024-10-30T19:27:15Z,0.004149317741394
2024-10-31T10:11:36Z,0.0065135098993778
2024-10-31T10:22:08Z,-0.94693835824728
2024-10-31T12:25:11Z,0.0025757551193237
2024-10-31T13:16:49Z,-0.0235122963786125
2024-10-31T14:01:20Z,0.6841022875159979
2024-10-31T16:56:38Z,-0.5041591301560402
2024-10-31T17:19:49Z,-0.8311437945812941
2024-10-31T17:35:11Z,0.052553815767169
2024-10-31T20:30:42Z,0.666996531188488
2024-10-31T20:31:11Z,-0.1891065165400505
2024-10-31T20:31:22Z,0.4693785458803177
2024-10-31T20:30:29Z,0.4476137608289718
2024-10-31T20:31:39Z,0.5774733275175095
2024-10-31T20:32:40Z,0.0502470452338457
2024-10-31T20:32:44Z,0.3500895872712135
2024-10-31T21:06:07Z,0.7964356616139412
2024-10-31T21:10:44Z,0.9270692206919192
2024-11-01T01:30:04Z,-0.008062370121479
2024-11-01T03:07:59Z,0.3510403642430901
2024-11-01T07:03:03Z,0.0253350120037794
2024-11-01T08:44:08Z,0.5298969745635986
2024-11-01T10:08:29Z,0.6427266448736191
2024-11-01T10:33:12Z,0.0032183490693569
2024-11-01T11:20:31Z,0.3810263574123382
2024-11-01T11:32:47Z,0.5197605900466442
2024-11-01T13:00:01Z,-0.9393995823338628
2024-11-01T13:19:15Z,-0.0231074597686529
2024-11-01T13:37:29Z,0.8409053720533848
2024-11-01T13:48:28Z,-0.4939129799604416
2024-11-01T13:37:19Z,0.2121147084981203
2024-11-01T14:58:34Z,-0.5710087344050407
2024-11-01T15:10:57Z,-0.7576715424656868
2024-11-01T15:41:02Z,0.7718720054253936
2024-11-01T16:13:30Z,0.010838259011507
2024-11-01T16:19:08Z,0.8980250731110573
2024-11-01T17:37:12Z,-0.0039224773645401
2024-11-01T18:01:35Z,-0.9189722323790191
2024-11-01T18:17:04Z,0.8201914727687836
2024-11-01T18:35:28Z,-0.9501639120280744
2024-11-02T07:04:26Z,0.7891549589112401
2024-11-02T13:23:32Z,0.8808280471712351
2024-11-02T15:19:46Z,-0.9644855624064804
2024-11-03T11:00:26Z,0.1251688152551651
2024-11-03T13:00:38Z,-0.4140147306025028
2024-11-03T14:28:42Z,0.0462771002203226
2024-11-03T20:45:16Z,0.024585548788309
2024-11-04T07:15:34Z,-0.5682435631752014
2024-11-04T07:24:08Z,0.0691828485578298
2024-11-04T11:34:29Z,0.7392567321658134
2024-11-04T12:32:45Z,-0.552461750805378
2024-11-04T12:49:37Z,0.6157171726226807
2024-11-04T13:57:24Z,0.8475026618689299
2024-11-04T14:23:43Z,-0.0243482831865549
2024-11-04T14:37:45Z,0.0048136133700609
2024-11-04T16:05:09Z,0.0171946827322244
2024-11-04T16:56:43Z,0.0274707172065973
2024-11-04T17:11:00Z,0.0355776632204651
2024-11-04T17:14:12Z,0.0509819164872169
2024-11-04T17:35:12Z,-0.0039224773645401
2024-11-04T18:10:46Z,0.861081559676677
2024-11-04T20:11:13Z,-0.5935264583677053
2024-10-31T14:05:55Z,0.0823739822953939
2024-11-05T15:00:12Z,0.0094631910324096
2024-11-05T15:07:17Z,-0.8031974863260984
2024-11-05T15:24:52Z,0.004646711051464
2024-11-05T16:11:24Z,0.8995913006365299
2024-11-05T16:54:00Z,-0.3715251237154007
2024-11-05T17:31:39Z,0.0596995772793889
2024-11-05T18:48:35Z,0.0485631227493286
2024-11-05T18:59:34Z,0.0290698483586311
2024-11-05T19:12:13Z,-0.8385523362085223
2024-11-05T20:31:30Z,0.2672433573752641
2024-11-05T20:55:33Z,-0.4804043918848037
2024-11-05T21:59:08Z,-0.9360512234270572
2024-11-05T23:38:22Z,0.6384299546480179
2024-11-06T09:46:56Z,0.0519269714131951
2024-11-06T13:40:41Z,0.0380200296640396
2024-11-06T14:08:22Z,0.1398523701354861
2024-11-06T16:45:47Z,0.0205341391265392
2024-11-06T17:35:43Z,0.052553815767169
2024-11-06T18:34:59Z,-0.007106963545084
2024-11-06T21:31:44Z,0.1997593697160482
2024-11-07T04:02:19Z,0.7205733954906464
2024-11-07T05:20:19Z,0.0749649703502655
2024-11-07T12:26:40Z,0.1846017902716994
2024-11-07T13:45:41Z,0.906899208202958
2024-11-07T14:10:52Z,0.004459923133254
2024-11-07T14:23:15Z,-0.0236418526619672
2024-11-07T15:23:27Z,0.8882114524021745
2024-11-07T17:35:16Z,0.052553815767169
2024-11-07T18:04:59Z,-0.9012854285538195
2024-11-07T18:30:16Z,0.4490283280611038
2024-11-07T18:31:58Z,-0.7214489877223969
2024-11-07T21:51:15Z,0.8313480578362942
2024-11-08T05:23:58Z,0.1271873582154512
2024-11-08T14:38:24Z,0.1271962560713291
2024-11-08T17:35:22Z,-0.0039224773645401
2024-11-08T17:42:43Z,0.0745223797857761
2024-11-08T19:39:00Z,0.0069943722337484
2024-11-08T20:57:06Z,-0.0319262444972991
2024-11-09T08:08:33Z,0.6603078283369541
2024-11-09T15:37:30Z,0.9333803467452526
2024-11-10T03:36:11Z,-0.8604835979640484
2024-11-10T12:17:16Z,0.0455511193722486
2024-11-10T19:47:27Z,0.0812497865408659
2024-11-11T02:27:32Z,0.0239259228110313
2024-11-11T04:55:43Z,0.8506901673972607
2024-11-11T09:12:55Z,0.0820057708770036
2024-11-11T09:42:23Z,-0.0401528943330049
2024-11-11T11:18:06Z,0.039473433047533
2024-11-11T12:57:22Z,-0.9553859042935072
2024-11-11T14:47:45Z,0.0032702758908271
2024-11-11T15:00:32Z,0.6403993032872677
2024-11-11T16:13:46Z,0.0051883421838283
2024-11-11T16:46:49Z,0.2915013134479522
2024-11-11T17:13:09Z,-0.8594295438379049
2024-11-11T17:35:11Z,0.052553815767169
2024-11-12T03:58:51Z,0.6563014714047313
2024-11-12T10:17:17Z,0.0229079835116863
2024-11-12T12:27:26Z,-0.4360136650502682
2024-11-12T15:00:31Z,0.2304086266085505
2024-11-12T15:55:22Z,0.0036838855594396
2024-11-12T17:14:15Z,0.3840853124856949
2024-11-12T17:35:12Z,-0.0039224773645401
2024-11-12T17:35:28Z,0.028418468311429
2024-11-12T19:15:37Z,0.4963596519082784
2024-11-12T19:50:21Z,0.61330446600914
2024-11-12T20:36:14Z,0.1996734058484435
2024-11-13T02:55:04Z,0.683634415268898
2024-11-13T07:51:32Z,0.3041727971285581
2024-11-13T14:45:16Z,0.0070634372532367
2024-11-13T15:00:56Z,0.1530165281146764
2024-11-13T17:37:35Z,-0.2503834534436464
2024-11-13T23:02:31Z,0.1557870004326105
2024-11-14T00:36:35Z,0.0356209725141525
2024-11-14T08:22:18Z,0.9132648827508092
2024-11-14T09:37:34Z,-0.9466929575428368
2024-11-14T11:57:05Z,0.8754051104187965
2024-11-14T13:18:47Z,0.9320896780118346
2024-11-14T13:54:56Z,0.9164241328835488
2024-11-14T15:00:30Z,0.0583066157996654
2024-11-14T16:09:56Z,0.9257824178785086
2024-11-14T16:50:13Z,0.0692301904782652
2024-11-14T17:32:59Z,-0.9406367111951112
2024-11-14T17:35:10Z,-0.0039224773645401
2024-11-14T19:07:37Z,0.013038445264101
2024-11-14T19:52:21Z,0.2329171244055032
2024-11-14T21:13:52Z,-0.0920406877994537
2024-11-14T22:17:25Z,-0.90517988614738
2024-11-14T22:20:07Z,-0.0265278816223144
2024-11-14T23:35:50Z,0.038108829408884
2024-11-15T09:18:22Z,0.5320878960192204
2024-11-15T14:24:09Z,0.0255135018378496
2024-11-15T14:58:35Z,0.0038721095770597
2024-11-15T15:00:49Z,0.2046733126044273
2024-11-15T16:24:28Z,-0.6016323585063219
2024-11-15T17:15:52Z,-0.7045056782662868
2024-11-16T16:23:06Z,0.1466015977784991
2024-11-17T12:00:37Z,-0.0021003931760787
2024-11-17T14:00:18Z,-0.9203664921224116
2024-11-18T09:11:17Z,0.0725169572979211
2024-11-18T10:00:19Z,-0.9155976735055448
2024-11-18T15:00:29Z,0.4008614383637905
2024-11-18T15:01:07Z,0.1037757713347673
2024-11-18T16:16:32Z,0.4708472266793251
2024-11-18T16:33:21Z,0.5094865635037422
2024-11-18T19:26:17Z,0.1163908075541257
2024-11-18T19:27:54Z,0.0034234058111906
2024-11-19T05:35:16Z,-0.8226357027888298
2024-11-19T11:24:57Z,-0.4426670521497726
2024-11-19T12:44:45Z,-0.517282672226429
2024-11-19T12:44:57Z,0.9327351115643978
2024-11-19T14:18:07Z,0.0041089635342359
2024-11-19T15:01:40Z,0.0583066157996654
2024-11-19T15:40:28Z,0.2185506569221615
2024-11-19T17:01:58Z,0.7716062851250172
2024-11-19T17:35:12Z,-0.0039224773645401
2024-11-19T17:37:25Z,0.8690582606941462
2024-11-19T18:33:07Z,0.5201065987348557
2024-11-19T21:09:10Z,-0.7168021500110626
2024-11-20T03:28:06Z,0.1967351138591766
2024-11-20T10:25:23Z,-0.0342719256877899
2024-11-20T12:57:09Z,-0.8864400088787079
2024-11-20T13:55:28Z,0.6893076617270708
2024-11-20T14:12:44Z,0.6163303581997752
2024-11-20T14:51:39Z,-0.1291149370372295
2024-11-20T15:00:28Z,0.090006997808814
2024-11-20T17:35:11Z,-0.0039224773645401
2024-11-20T20:07:30Z,0.822810173034668
2024-11-20T22:08:35Z,-0.7886319682002068
2024-11-21T03:04:04Z,0.2488728910684585
2024-11-21T07:41:05Z,-0.9232161352410913
2024-11-21T15:00:28Z,0.1530165281146764
2024-11-21T16:17:17Z,0.0064922086894512
2024-11-21T16:24:16Z,0.7479837695136666
2024-11-21T17:35:12Z,0.052553815767169
2024-11-21T19:29:51Z,0.2134299091994762
2024-11-21T21:03:52Z,0.2802295405417681
2024-11-22T02:12:05Z,0.0643698992207646
2024-11-22T02:26:34Z,-0.6991624683141708
2024-11-22T03:37:15Z,0.5206030383706093
2024-11-22T06:38:00Z,0.0421149544417858
2024-11-22T07:52:34Z,0.6854108795523643
2024-11-22T11:23:09Z,-0.6659137848764658
2024-11-22T11:26:27Z,-0.9361342135816813
2024-11-22T13:14:25Z,0.4259668681770563
2024-11-22T13:56:53Z,0.0203754007816314
2024-11-22T14:48:43Z,0.0043982993811368
2024-11-22T15:00:29Z,0.1530165281146764
2024-11-22T17:14:32Z,-0.036985132843256
2024-11-22T17:31:16Z,0.0596871376037597
2024-11-22T17:35:16Z,-0.0039224773645401
2024-11-22T18:56:34Z,0.2331419810652732
2024-11-23T16:00:20Z,0.0610178960487246
2024-11-24T04:27:39Z,-0.9426795188337564
2024-11-24T12:00:17Z,-0.2622682079672813
2024-11-24T13:30:40Z,-0.3511140719056129
2024-11-25T02:15:01Z,0.0425655543804168
2024-11-25T10:17:52Z,0.1563060786575079
2024-11-25T12:05:21Z,0.7962265433743596
2024-11-25T14:23:46Z,-0.1011546626687049
2024-11-25T15:00:31Z,0.0094631910324096
2024-11-25T15:31:56Z,-0.5705519951879978
2024-11-25T17:06:23Z,0.0049147699028253
2024-11-25T17:18:57Z,0.0280718132853508
2024-11-25T17:37:10Z,-0.864468602463603
2024-11-25T19:01:09Z,-0.013794120401144
2024-11-26T07:03:27Z,-0.8844313751906157
2024-11-26T08:23:37Z,-0.2775684297084808
2024-11-26T08:38:43Z,0.0266132112592458
2024-11-26T10:08:56Z,-0.9154965803027152
2024-11-26T14:15:30Z,0.8309085527434945
2024-11-26T15:00:27Z,0.1701691737398505
2024-11-26T17:35:11Z,-0.0039224773645401
2024-11-26T23:28:22Z,0.7511689141392708
2024-11-27T02:01:30Z,0.0350403785705566
2024-11-27T06:07:22Z,0.8392137307673693
2024-11-27T10:54:59Z,0.8240822851657867
2024-11-27T11:23:08Z,0.8858835455030203
2024-11-27T14:11:58Z,0.0255135018378496
2024-11-27T15:00:28Z,0.090006997808814
2024-11-27T17:35:11Z,-0.0039224773645401
2024-11-27T18:25:14Z,0.0041323937475681
2024-11-27T18:55:23Z,-0.1988867446780204
2024-11-27T21:21:17Z,0.3524557249620557
2024-11-28T06:06:37Z,-0.0204800516366958
2024-11-28T08:05:44Z,0.8880411628633738
2024-11-28T10:49:08Z,-0.9115690384060144
2024-11-28T11:22:24Z,0.8517708014696836
2024-11-28T13:40:28Z,0.5405141785740852
2024-11-28T15:00:27Z,0.5145028233528137
2024-11-28T16:39:09Z,0.0745906624943018
2024-11-28T17:35:12Z,-0.0039224773645401
2024-11-29T03:11:38Z,0.1334625836461782
2024-11-29T09:53:38Z,0.4375697206705808
2024-11-29T15:00:34Z,0.6403993032872677
2024-11-29T15:37:11Z,-0.441145583987236
2024-11-29T16:31:21Z,0.0465071573853492
2024-11-29T16:33:06Z,0.7804723400622606
2024-11-29T17:35:11Z,0.052553815767169
2024-11-29T18:32:32Z,-0.3475208133459091
2024-12-01T12:00:40Z,0.0094618666917085
2024-12-01T13:44:19Z,0.2705265376716852
2024-12-02T03:35:09Z,0.3397021982818842
2024-12-02T04:43:47Z,0.8480780236423016
2024-12-02T09:35:45Z,0.4510097717866301
2024-12-02T15:00:30Z,0.2006252435967326
2024-12-02T17:50:22Z,0.1352566378191113
2024-12-02T18:38:02Z,0.7641255836933851
2024-12-02T18:48:09Z,-0.2463744357228279
2024-12-02T19:26:50Z,0.2293031280860304
2024-12-03T05:18:23Z,0.0545700937509536
2024-12-03T08:51:42Z,-0.931503719650209
2024-12-03T12:15:34Z,0.8462936794385314
2024-12-03T12:30:11Z,0.1301200380548834
2024-12-03T13:18:53Z,-0.9284103978425264
2024-12-03T15:00:28Z,0.6403993032872677
2024-12-03T16:15:23Z,-0.3004515767097473
2024-12-03T16:16:56Z,-0.3815751075744629
2024-12-03T16:43:24Z,0.0422770082950592
2024-12-03T17:35:11Z,-0.0039224773645401
2024-12-03T18:31:31Z,0.40180703997612
2024-12-03T20:38:08Z,0.1589336711913347
2024-12-04T00:01:34Z,-0.5258558019995689
2024-12-04T06:45:04Z,-0.0765371918678283
2024-12-04T07:44:25Z,0.4212069362401962
2024-12-04T10:40:07Z,0.904079033061862
2024-12-04T11:38:45Z,0.9157482888549566
2024-12-04T14:04:29Z,0.1814695224165916
2024-12-04T14:50:52Z,0.3795872712507844
2024-12-04T15:00:33Z,0.6403993032872677
2024-12-04T17:35:21Z,-0.0039224773645401
2024-12-04T20:12:43Z,0.586925532668829
2024-12-05T05:16:08Z,-0.282158687710762
2024-12-05T12:49:42Z,0.8370435507968068
2024-12-05T15:00:27Z,0.6403993032872677
2024-12-05T17:27:26Z,0.3765429919585585
2024-12-05T17:35:11Z,0.052553815767169
2024-12-05T18:16:19Z,0.8160639777779579
2024-12-06T02:15:31Z,-0.0442072413861751
2024-12-06T05:11:21Z,-0.1313867457211017
2024-12-06T15:00:31Z,0.4008614383637905
2024-12-06T15:34:37Z,0.9361726641654968
2024-12-06T16:30:17Z,0.8390144500881433
2024-12-06T17:35:25Z,0.052553815767169
2024-12-06T20:54:40Z,-0.2864335179328918
2024-12-06T21:18:18Z,0.8051479533314705
2024-12-07T03:10:20Z,0.1722385287284851
2024-12-07T15:00:19Z,0.1983593013137579
2024-12-07T19:30:14Z,-0.2135806083679199
2024-12-08T12:00:16Z,0.0117763895541429
2024-12-08T14:45:15Z,0.189122088253498
2024-12-08T21:38:09Z,0.1184861157089471
2024-12-09T02:10:59Z,0.2053240835666656
2024-12-09T06:46:09Z,0.7934468165040016
2024-12-09T09:07:00Z,0.8224733369424939
2024-12-09T13:58:11Z,0.4671629555523395
2024-12-09T15:01:52Z,0.5145028233528137
2024-12-09T17:35:12Z,-0.0039224773645401
2024-12-09T17:56:33Z,-0.9030678179115056
2024-12-09T18:27:33Z,0.9055493306368588
2024-12-10T10:45:51Z,-0.8963890187442303
2024-12-10T11:14:20Z,0.0032183490693569
2024-12-10T14:10:15Z,0.9261753484606744
2024-12-10T15:00:28Z,0.035740802064538
2024-12-10T16:01:34Z,0.0032104514539241
2024-12-10T17:35:11Z,0.052553815767169
2024-12-10T19:14:15Z,0.8769158758223057
2024-12-10T19:16:05Z,0.5302072493359447
2024-12-10T21:11:10Z,0.92881334759295
2024-12-11T07:42:08Z,0.0214416291564703
2024-12-11T08:12:30Z,0.8859832994639874
2024-12-11T09:39:24Z,0.0129716731607913
2024-12-11T12:38:44Z,0.8308339007198811
2024-12-11T13:20:12Z,0.0793560463935136
2024-12-11T14:07:06Z,0.1111964015290141
2024-12-11T14:19:13Z,-0.0245023388415575
2024-12-11T15:00:12Z,-0.5692958384752274
2024-12-11T15:00:28Z,0.1530165281146764
2024-12-11T15:20:05Z,0.8388891844078898
2024-12-11T17:19:37Z,0.0412522461265325
2024-12-11T17:30:00Z,0.7001772588118911
2024-12-11T20:50:50Z,0.7036296483129263
2024-12-12T05:14:45Z,0.5874367319047451
2024-12-12T07:09:20Z,0.0413910336792469
2024-12-12T09:59:48Z,0.0565763693302869
2024-12-12T10:25:46Z,0.6965226735919714
2024-12-12T10:40:01Z,-0.4416859783232212
2024-12-12T13:14:43Z,0.4558522859588265
2024-12-12T13:38:36Z,0.0262586753815412
2024-12-12T14:24:26Z,-0.0247403979301452
2024-12-12T15:00:31Z,0.090006997808814
2024-12-12T16:17:39Z,0.0290310978889465
2024-12-12T16:19:00Z,0.0032922327518463
2024-12-12T17:35:16Z,-0.0039224773645401
2024-12-12T18:08:55Z,0.1496543260291218
2024-12-12T18:45:18Z,0.9125301148742436
2024-12-12T19:31:44Z,0.0174131076782941
2024-12-13T03:11:09Z,0.8486010227352381
2024-12-13T11:52:09Z,0.2998512284830212
2024-12-13T14:14:32Z,0.0440623890608549
2024-12-13T14:29:42Z,-0.1011546626687049
2024-12-13T15:00:28Z,0.2046733126044273
2024-12-13T16:01:04Z,0.9373891986906528
2024-12-13T16:09:45Z,0.2729226099327206
2024-12-13T17:05:50Z,0.1712126536294818
2024-12-13T17:35:12Z,0.052553815767169
2024-12-13T19:13:14Z,0.0030009821057319
2024-12-13T21:41:36Z,-0.3940715044736862
2024-12-14T06:21:01Z,-0.1317447386682033
2024-12-14T07:58:00Z,0.2026675473898649
2024-12-14T17:02:37Z,0.1178045598790049
2024-12-15T12:00:23Z,-0.3773916065692901
2024-12-15T15:15:16Z,-0.103831049054861
2024-12-15T19:45:15Z,0.2449830248951912
2024-12-15T20:15:30Z,0.1915001850575208
2024-12-16T03:41:37Z,0.5826844684779644
2024-12-16T07:29:17Z,0.0758773079141974
2024-12-16T13:00:16Z,-0.0266329944133758
2024-12-16T13:52:07Z,0.7264882288873196
2024-12-16T14:45:25Z,0.0623232992365956
2024-12-16T15:00:30Z,0.035740802064538
2024-12-16T15:01:15Z,0.0032943170517683
2024-12-16T17:16:47Z,0.9180460087954998
2024-12-16T17:24:38Z,0.19382612593472
2024-12-16T17:35:11Z,-0.0039224773645401
2024-12-16T18:06:17Z,0.578060083091259
2024-12-16T18:47:15Z,0.0203867554664611
2024-12-16T22:00:39Z,0.8877756372094154
2024-12-17T02:03:10Z,0.821834210306406
2024-12-17T03:31:13Z,0.739330193027854
2024-12-17T08:04:14Z,-0.7550555542111397
2024-12-17T10:48:44Z,-0.8921441929414868
2024-12-17T12:22:53Z,-0.9400181462988256
2024-12-17T13:19:35Z,0.0255135018378496
2024-12-17T15:00:30Z,0.3188017942011356
2024-12-17T15:01:12Z,0.003086756914854
2024-12-17T17:35:13Z,0.052553815767169
2024-12-17T17:58:10Z,-0.7706120386719704
2024-12-18T04:55:29Z,0.1902831867337227
2024-12-18T09:53:29Z,0.092099298723042
2024-12-18T13:23:12Z,0.5805370341986418
2024-12-18T13:54:51Z,-0.6099202707409859
2024-12-18T15:00:30Z,0.026525791734457
2024-12-18T17:35:14Z,-0.0039224773645401
2024-12-18T18:13:44Z,-0.9234270742163062
2024-12-18T18:20:08Z,-0.5333007164299488
2024-12-18T19:27:15Z,-0.9398187017068268
2024-12-19T03:21:30Z,0.695465425029397
2024-12-19T07:10:32Z,-0.8422375936061144
2024-12-19T07:56:45Z,0.5830265004187822
2024-12-19T09:46:02Z,0.901473842561245
2024-12-19T13:32:28Z,0.0066288225352764
2024-12-19T15:00:30Z,0.2006252435967326
2024-12-19T21:02:38Z,0.8916255068033934
2024-12-20T04:21:02Z,-0.0035503171384334
2024-12-20T08:32:07Z,-0.0486484840512275
2024-12-20T12:11:50Z,0.8073421604931355
2024-12-20T14:23:29Z,-0.0239572580903768
2024-12-20T15:00:28Z,0.1530165281146764
2024-12-20T17:35:11Z,-0.0039224773645401
2024-12-20T20:16:21Z,0.4343412313610315
2024-12-22T13:00:41Z,-0.0277244336903095
2024-12-22T18:15:24Z,0.1376371392980218
2024-12-23T04:18:11Z,0.1432253392413258
2024-12-23T13:17:28Z,0.6362176956608891
2024-12-23T13:29:21Z,0.7345498409122229
2024-12-23T15:00:30Z,0.0583066157996654
2024-12-23T17:35:12Z,-0.0039224773645401
2024-12-23T20:00:21Z,0.0143822487443685
2024-12-23T20:32:22Z,0.0688855750486254
2024-12-24T02:19:54Z,0.9043557019904256
2024-12-24T03:22:03Z,0.1120788771659135
2024-12-24T07:28:17Z,0.8903234507888556
2024-12-24T09:43:48Z,0.1905140690505504
2024-12-24T08:57:54Z,-0.6292298883199692
2024-12-24T12:34:25Z,0.7895555133000016
2024-12-24T13:56:42Z,0.0255135018378496
2024-12-24T14:19:59Z,-0.0239154174923896
2024-12-24T15:00:29Z,0.1530165281146764
2024-12-24T17:35:11Z,-0.0039224773645401
2024-12-24T18:38:39Z,-0.921879175119102
2024-12-25T04:08:35Z,-0.1605692505836486
2024-12-25T10:20:00Z,0.4201404824852943
2024-12-25T12:00:20Z,0.0866255881264805
2024-12-25T15:00:29Z,0.1701691737398505
2024-12-25T17:35:15Z,0.052553815767169
2024-12-25T22:45:41Z,0.0214295294135808
2024-12-26T13:20:41Z,0.9304779311642052
2024-12-26T13:26:34Z,-0.1170509606599807
2024-12-26T15:00:28Z,0.5145028233528137
2024-12-26T15:15:33Z,0.0430868379771709
2024-12-26T17:06:05Z,0.8940197601914406
2024-12-26T17:35:11Z,0.052553815767169
2024-12-26T19:00:12Z,-0.0132181271910667
2024-12-27T02:11:14Z,0.0308203902095556
2024-12-27T08:17:37Z,0.8172605410218239
2024-12-27T12:20:27Z,0.0678925309330225
2024-12-27T12:32:19Z,0.9229349037632346
2024-12-27T12:35:24Z,-0.934920085594058
2024-12-27T12:48:04Z,-0.9529941529035568
2024-12-27T14:24:11Z,-0.0248640086501836
2024-12-27T15:00:27Z,0.090006997808814
2024-12-27T17:35:11Z,-0.0039224773645401
2024-12-27T19:49:34Z,0.0292136082425713
2024-12-28T03:42:47Z,-0.5412787441164255
2024-12-28T15:00:23Z,0.0570508493110537
2024-12-29T12:00:18Z,0.1421309290453791
2024-12-30T07:21:51Z,0.4558680122718215
2024-12-30T07:33:53Z,-0.3325736932456493
2024-12-30T12:45:15Z,0.0371801760047674
2024-12-30T13:41:18Z,0.8519565779715776
2024-12-30T13:47:03Z,-0.503430649638176
2024-12-30T15:00:34Z,0.4008614383637905
2024-12-30T22:02:01Z,0.0039637833833694
2024-12-31T02:43:45Z,-0.133929394185543
2024-12-31T06:48:14Z,0.292315274477005
2024-12-31T06:57:25Z,0.0561773609369993
2024-12-31T07:40:41Z,0.1789861675351858
2024-12-31T13:00:26Z,0.0177410468459129
2024-12-31T15:00:30Z,0.6403993032872677
2024-12-31T17:35:11Z,-0.0039224773645401
2024-12-31T21:28:16Z,0.08510288503021
