created_at,sent_score
2018-01-04T21:27:58Z,0.0025098286569118
2018-01-05T09:14:09Z,0.0836452553048729
2018-01-06T18:45:14Z,0.012152662500739
2018-01-08T16:46:39Z,0.0803373157978057
2018-01-08T17:05:54Z,0.0586962215602397
2018-01-09T11:38:38Z,-0.2288226820528507
2018-01-09T16:42:54Z,0.1477535031735897
2018-01-11T08:57:07Z,0.5621993141248822
2018-01-11T14:55:58Z,-0.944063464179635
2018-01-11T16:40:17Z,0.8931293338537216
2018-01-12T09:32:53Z,-0.1125204134732484
2018-01-12T10:13:58Z,-0.0414200313389301
2018-01-12T11:49:58Z,-0.2534593045711517
2018-01-12T11:51:14Z,0.9314493667334318
2018-01-12T12:25:45Z,0.617992490530014
2018-01-12T14:39:44Z,0.0808934178203344
2018-01-12T15:21:09Z,0.9063926264643668
2018-01-12T15:23:24Z,0.3589140884578228
2018-01-12T15:25:09Z,0.74521104991436
2018-01-12T17:03:29Z,-0.9551302399486304
2018-01-12T19:32:19Z,0.8116731196641922
2018-01-12T21:21:27Z,0.4246344305574894
2018-01-16T14:43:16Z,-0.0569860972464084
2018-01-16T19:42:15Z,-0.7361580859869719
2018-01-17T13:55:54Z,0.1093678213655948
2018-01-18T13:08:43Z,0.1805828148499131
2018-01-19T15:53:01Z,-0.9101612903177738
2018-01-21T14:07:12Z,0.0011027753353118
2018-01-23T12:05:22Z,0.88716696575284
2018-01-24T21:47:47Z,0.0270459055900573
2018-01-26T15:13:21Z,0.9333715345710516
2018-01-26T15:32:15Z,0.3348885355517268
2018-01-29T21:12:23Z,0.0756642511114478
2018-01-29T21:27:56Z,0.0088378004729747
2018-01-30T12:03:46Z,0.180392256937921
2018-01-30T12:07:29Z,0.1842687427997589
2018-01-30T13:02:47Z,0.0341246873140335
2018-01-30T14:00:18Z,-0.0595453009009361
2018-01-30T14:11:56Z,0.0186797976493835
2018-01-30T14:19:56Z,0.0808934178203344
2018-01-30T16:36:38Z,0.7767413137480617
2018-01-30T16:55:39Z,-0.4061639010906219
2018-01-30T21:41:15Z,0.910169729962945
2018-01-31T14:45:58Z,0.0059841051697731
2018-01-31T15:46:35Z,-0.0543068423867225
2018-01-31T17:39:17Z,0.0919168582186102
2018-01-31T20:36:13Z,0.2375176372006535
2018-02-01T20:37:14Z,0.2309834347106516
2018-02-02T14:26:06Z,0.813039019703865
2018-02-02T20:33:50Z,-0.4090989641845226
2018-02-06T15:16:53Z,-0.223088962957263
2018-02-08T13:35:32Z,0.055497657507658
2018-02-13T12:17:35Z,0.6888098567724228
2018-02-13T14:22:12Z,-0.6104618962854147
2018-02-13T16:01:04Z,-0.921806501224637
2018-02-13T18:24:39Z,-0.0108777619898319
2018-02-14T14:12:38Z,0.1133087212219834
2018-02-14T16:11:11Z,-0.9478258471935987
2018-02-14T19:05:45Z,-0.0092951655387878
2018-02-14T21:48:39Z,-0.6166991628706455
2018-02-15T12:06:49Z,-0.0588299930095672
2018-02-16T13:35:42Z,0.0282721333205699
2018-02-16T19:06:46Z,0.0676564797759056
2018-02-20T18:24:21Z,-0.0413461253046989
2018-02-21T14:43:17Z,0.7997463271021843
2018-02-21T19:27:55Z,0.231128841638565
2018-02-21T19:37:31Z,0.6425872268155217
2018-02-23T15:31:04Z,-0.4023467414081096
2018-02-26T11:44:17Z,0.0505659906193614
2018-02-28T16:35:09Z,0.4702276363968849
2018-03-02T12:13:05Z,0.0251959636807441
2018-03-05T17:24:18Z,0.0911354152485728
2018-03-06T13:58:25Z,0.0444839801639318
2018-03-06T16:34:10Z,0.5661553293466568
2018-03-08T14:08:26Z,-0.0324840769171714
2018-03-08T14:52:29Z,-0.050695601850748
2018-03-13T19:34:40Z,0.0861354116350412
2018-03-14T11:55:54Z,0.1053041964769363
2018-03-14T14:16:31Z,0.0047927759587764
2018-03-15T11:19:48Z,0.0124119017273187
2018-03-15T16:59:39Z,0.2924016593024134
2018-03-19T14:07:52Z,0.7214241474866867
2018-03-20T15:29:54Z,0.0387462247163057
2018-03-21T16:29:57Z,0.875231203623116
2018-03-22T20:49:19Z,-0.7332616932690144
2018-03-23T18:51:54Z,-0.3702766299247741
2018-03-27T13:04:24Z,0.0865128003060817
2018-04-02T13:56:39Z,-0.0152784176170825
2018-04-02T13:56:48Z,0.1718708788976073
2018-04-04T20:07:03Z,0.7998995259404182
2018-04-05T20:32:50Z,0.0126687940210103
2018-04-06T18:14:04Z,0.09880356118083
2018-04-09T13:46:29Z,-0.4643527865409851
2018-04-09T16:38:43Z,0.07119981944561
2018-04-09T18:57:58Z,0.0554407350718975
2018-04-10T14:41:05Z,0.6165644694119692
2018-04-11T12:17:37Z,0.0765209216624498
2018-04-11T13:27:22Z,-0.6139082871377468
2018-04-11T13:58:12Z,0.2028352292254567
2018-04-12T14:10:22Z,0.5647005885839462
2018-04-12T14:37:24Z,0.5217504985630512
2018-04-12T14:58:33Z,-0.2239380199462175
2018-04-13T08:45:21Z,-0.1020098347216844
2018-04-13T09:04:43Z,-0.0396578460931777
2018-04-13T10:49:42Z,0.0468884855508804
2018-04-13T11:00:06Z,0.5728294476866722
2018-04-13T12:14:44Z,0.8681407831609249
2018-04-13T12:37:07Z,0.8535658642649651
2018-04-13T12:56:46Z,0.0434248466044664
2018-04-13T13:46:30Z,0.8848817013204098
2018-04-13T14:25:28Z,0.9218968003988266
2018-04-13T17:06:01Z,0.0091344583779573
2018-04-13T17:09:17Z,-0.007576210424304
2018-04-16T14:00:38Z,-0.4556532800197601
2018-04-16T20:14:23Z,-0.5818677321076393
2018-04-17T14:21:34Z,0.8473550416529179
2018-04-18T14:55:54Z,0.6433345526456833
2018-04-21T20:34:07Z,-0.0109543073922395
2018-04-23T20:30:50Z,0.1184705793857574
2018-04-30T13:36:03Z,-0.009148746728897
2018-05-02T11:15:01Z,-0.0072807855904102
2018-05-04T14:28:22Z,0.2315032109618187
2018-05-04T20:41:38Z,0.0173836033791303
2018-05-09T17:46:20Z,0.0438883192837238
2018-05-11T19:33:39Z,-0.1976962387561798
2018-05-13T14:18:34Z,0.0098454803228378
2018-05-14T07:51:35Z,0.0925282682292163
2018-05-14T21:11:51Z,0.009919099509716
2018-05-15T16:19:03Z,0.0545552242547273
2018-05-15T20:55:35Z,0.0740817496553063
2018-05-15T22:09:23Z,0.030618967488408
2018-05-16T15:38:50Z,0.0578573383390903
2018-05-16T17:08:18Z,-0.9245807593688368
2018-05-18T11:22:52Z,-0.0310923531651496
2018-05-18T11:30:21Z,0.0117840617895126
2018-05-18T13:58:20Z,-0.0837540179491043
2018-05-19T21:21:26Z,0.2511274442076683
2018-05-20T20:21:32Z,-0.0042324401438236
2018-05-21T20:46:34Z,-0.2168356571346521
2018-05-29T18:30:07Z,0.0181852281093597
2018-05-30T13:36:54Z,0.0286556407809257
2018-06-01T12:46:07Z,0.0227976143360137
2018-06-07T12:45:47Z,0.101235931739211
2018-06-07T14:25:39Z,0.7356818951666355
2018-06-07T15:03:17Z,-0.872430257499218
2018-06-07T17:29:27Z,0.7988663902506232
2018-06-07T20:24:00Z,0.5623764954507351
2018-06-07T20:57:43Z,0.0319013278931379
2018-06-15T19:46:59Z,-0.5321269631385803
2018-06-16T19:46:35Z,-0.6817042306065559
2018-06-19T12:58:49Z,-0.3331701681017875
2018-06-19T13:40:47Z,0.0401291167363524
2018-06-20T13:26:06Z,0.0843195179477334
2018-06-20T15:16:42Z,0.0236773081123828
2018-06-21T21:09:45Z,0.1896031601354479
2018-06-24T14:55:48Z,0.0437469277530908
2018-06-27T15:15:50Z,0.7508141472935677
2018-06-27T15:23:15Z,-0.1148310434073209
2018-06-28T13:01:47Z,-0.4261748716235161
2018-06-28T20:42:27Z,0.8204557225108147
2018-06-29T16:43:48Z,0.08906233869493
2018-06-29T18:23:06Z,-0.9602294387295842
2018-07-06T10:10:41Z,0.8936257138848305
2018-07-09T13:42:52Z,0.8905319683253765
2018-07-09T17:16:01Z,0.1322425417602062
2018-07-10T13:41:31Z,0.1534816324710846
2018-07-11T14:46:04Z,-0.4933821111917496
2018-07-12T16:39:03Z,0.3748372197151184
2018-07-12T16:39:29Z,-0.9055807143449784
2018-07-12T16:57:19Z,-0.0201306845992803
2018-07-12T17:42:54Z,-0.0864517781883478
2018-07-12T19:21:25Z,-0.1228126343339681
2018-07-13T09:52:38Z,-0.1068019513040781
2018-07-13T10:00:18Z,-0.028778813779354
2018-07-13T10:49:56Z,0.5174057930707932
2018-07-13T10:58:47Z,0.033477796241641
2018-07-13T11:00:15Z,-0.9315525405108928
2018-07-13T11:49:20Z,-0.0220894534140825
2018-07-13T14:11:01Z,0.0709648430347442
2018-07-13T15:02:52Z,0.1859183115884661
2018-07-13T16:14:43Z,-0.8384605534374714
2018-07-13T18:30:18Z,0.9174581468105316
2018-07-16T12:14:54Z,0.7620804999023676
2018-07-16T13:34:14Z,-0.1186727881431579
2018-07-16T13:35:31Z,0.4654827862977981
2018-07-16T14:14:40Z,0.0105786249041557
2018-07-17T14:32:23Z,-0.9558730227872728
2018-07-18T14:26:59Z,-0.0269512608647346
2018-07-19T12:08:09Z,0.1678370144218206
2018-07-19T13:05:24Z,-0.577131962403655
2018-08-07T14:45:17Z,0.8623783849179745
2018-08-09T18:13:06Z,0.190822996199131
2018-08-14T19:27:00Z,0.2068098187446594
2018-08-14T21:13:05Z,0.1967436261475086
2018-08-15T20:32:32Z,0.0366638973355293
2018-08-21T12:43:14Z,-0.9596173116005956
2018-08-21T13:39:53Z,-0.8890348896384239
2018-08-22T13:09:48Z,-0.0004621557891368
2018-08-22T14:41:09Z,-0.9576355926692486
2018-08-22T19:45:40Z,0.1835485799238085
2018-08-23T19:32:15Z,0.0288438312709331
2018-08-27T16:10:05Z,0.8990548364818096
2018-08-28T18:04:06Z,-0.2838223874568939
2018-08-28T19:33:54Z,0.1850320580415427
2018-09-04T18:35:57Z,0.0771762002259492
2018-09-07T11:37:23Z,0.024163119494915
2018-09-07T17:50:17Z,0.0214526504278183
2018-09-11T11:58:26Z,0.0290842428803443
2018-09-11T15:57:41Z,-0.9382877578027546
2018-09-12T14:45:04Z,0.0227641947567462
2018-09-12T15:40:39Z,-0.3233328461647033
2018-09-12T16:42:18Z,0.0099470615386962
2018-09-13T09:50:48Z,0.0088158622384071
2018-09-13T17:36:37Z,0.0030887462198734
2018-09-13T18:07:12Z,-0.9629183150827884
2018-09-13T21:16:54Z,0.1585505288094282
2018-09-17T11:04:13Z,-0.893271105363965
2018-09-17T14:06:58Z,0.7231979388743639
2018-09-17T20:49:19Z,0.7759926533326507
2018-09-19T19:50:25Z,-0.5608879923820496
2018-09-20T19:51:58Z,-0.1223800703883171
2018-09-22T20:06:54Z,0.0227336212992668
2018-09-24T15:29:18Z,0.0400699414312839
2018-09-25T02:59:55Z,0.5591295231133699
2018-09-26T11:58:52Z,0.7936128750443459
2018-09-26T13:48:01Z,-0.1147931292653083
2018-09-26T15:02:15Z,-0.8699652478098869
2018-10-01T18:26:06Z,-0.8595703393220901
2018-10-03T15:07:09Z,0.0213291458785533
2018-10-03T15:13:30Z,-0.0010710768401622
2018-10-03T20:24:35Z,0.0418699868023395
2018-10-03T20:55:11Z,-0.0281053017824888
2018-10-05T14:28:18Z,-0.8230277262628078
2018-10-08T14:38:53Z,-0.8850407004356384
2018-10-08T14:49:23Z,0.2521424721926451
2018-10-10T19:57:03Z,0.2818538770079613
2018-10-11T14:08:21Z,0.3279121965169906
2018-10-11T18:35:55Z,-0.0566051229834556
2018-10-12T08:37:02Z,-0.0958183016628027
2018-10-12T08:45:43Z,-0.0298334062099456
2018-10-12T10:51:08Z,-0.5713178217411041
2018-10-12T11:49:21Z,0.6991455778479576
2018-10-12T13:07:37Z,0.0865854509174823
2018-10-12T13:56:04Z,0.5553158968687057
2018-10-12T14:09:15Z,0.8809019736945629
2018-10-12T16:46:40Z,-0.9202592559158802
2018-10-12T19:11:32Z,0.6806911379098892
2018-10-13T16:21:43Z,-0.5530539117753506
2018-10-13T16:43:42Z,0.0100234132260084
2018-10-15T13:41:21Z,-0.172167032957077
2018-10-15T14:38:36Z,-0.7629516422748566
2018-10-15T16:57:44Z,-0.3440004885196686
2018-10-15T20:26:30Z,0.0625339336693286
2018-10-16T04:00:16Z,0.0644084457308054
2018-10-16T16:41:04Z,0.3732247911393642
2018-10-21T21:42:46Z,0.0030533578246831
2018-10-22T11:07:49Z,0.0051394589245319
2018-10-25T19:35:46Z,0.0720245130360126
2018-11-04T18:58:47Z,0.0208153519779443
2018-11-05T19:14:03Z,0.0040961727499961
2018-11-06T13:54:46Z,0.0162990894168615
2018-11-06T21:39:57Z,-0.6018795669078827
2018-11-07T16:30:24Z,-0.0281359627842903
2018-11-08T20:53:48Z,0.1332513503730297
2018-11-12T21:53:42Z,0.0232512839138507
2018-11-13T16:34:41Z,0.8454969264566898
2018-11-14T12:41:55Z,0.0089410077780485
2018-11-14T20:38:58Z,0.6783375991508365
2018-11-14T21:12:47Z,0.0967305125668644
2018-11-15T16:23:25Z,0.0532616451382637
2018-11-16T15:05:14Z,0.0106570497155189
2018-11-20T15:24:21Z,-0.7967742253094912
2018-11-27T16:01:17Z,-0.5245721191167831
2018-11-28T12:23:30Z,0.0008298568427562
2018-12-04T16:33:41Z,0.0575128160417079
2018-12-04T16:46:38Z,-0.7060750126838684
2018-12-04T17:13:13Z,-0.963276855647564
2018-12-04T21:04:21Z,-0.9256628900766372
2018-12-07T12:38:45Z,0.016784293577075
2018-12-07T15:52:28Z,-0.3406700193881988
2018-12-10T16:01:58Z,-0.8682212335988879
2018-12-10T17:06:12Z,-0.9059919184073806
2018-12-10T17:29:57Z,-0.9534977022558452
2018-12-11T13:10:35Z,0.7133995648473501
2018-12-11T14:34:01Z,0.8340290687046945
2018-12-14T12:38:27Z,0.0388699918985366
2018-12-14T17:00:33Z,-0.9382552653551102
2018-12-14T17:26:05Z,0.0381562281399965
2018-12-17T16:48:07Z,-0.8266529887914658
2018-12-19T17:43:43Z,-0.6195913478732109
2018-12-21T17:53:18Z,-0.8472730368375778
2018-12-24T14:11:27Z,0.1108503527939319
2018-12-26T21:28:26Z,-0.8510398399084806
2018-12-29T21:36:03Z,0.0152300428599119
2018-12-31T15:54:42Z,-0.0185115113854408
2018-12-31T16:39:12Z,-0.0070927403867244
2019-01-02T15:51:36Z,-0.018649436533451
2019-01-03T21:18:16Z,-0.0526799298822879
2019-01-08T09:53:23Z,0.0810050312429666
2019-01-08T10:02:46Z,0.4506337642669678
2019-01-08T13:23:29Z,-0.657215379178524
2019-01-08T14:09:37Z,-0.5797043088823557
2019-01-08T15:28:10Z,0.0738282799720764
2019-01-08T18:39:15Z,-0.9648194117471576
2019-01-10T18:54:36Z,0.0636392422020435
2019-01-10T21:59:07Z,-0.0247737579047679
2019-01-11T17:19:13Z,-0.0536027513444423
2019-01-14T15:04:28Z,-0.8552346602082253
2019-01-14T17:16:58Z,-0.0734908618032932
2019-01-15T09:10:44Z,-0.0695407558232545
2019-01-15T09:30:55Z,-0.0377271771430969
2019-01-15T11:48:33Z,-0.4753156155347824
2019-01-15T11:53:12Z,-0.9617910739034414
2019-01-15T12:15:08Z,0.0210577826946973
2019-01-15T13:00:37Z,0.0026994347572326
2019-01-15T13:34:17Z,-0.8472226299345493
2019-01-15T14:55:31Z,-0.9513509925454856
2019-01-15T15:15:50Z,0.7201750129461288
2019-01-15T15:16:11Z,-0.9271017452701926
2019-01-15T17:02:22Z,-0.908334754407406
2019-01-15T19:05:15Z,-0.5107827000319958
2019-01-15T19:34:56Z,0.909846467897296
2019-01-16T09:03:43Z,0.2190112322568893
2019-01-16T12:40:34Z,-0.0035703126341104
2019-01-16T13:51:44Z,0.1031751334667205
2019-01-16T15:01:08Z,0.0345373749732971
2019-01-16T15:46:06Z,-0.0230111181735992
2019-01-17T17:37:04Z,-0.0004800483584403
2019-01-23T19:37:47Z,0.0278018321841955
2019-01-24T15:47:31Z,0.0233498178422451
2019-01-24T22:49:40Z,0.0557961575686931
2019-01-30T09:34:41Z,0.0425353907048702
2019-01-30T18:57:23Z,0.7855190671980381
2019-01-31T18:45:36Z,0.7082832828164101
2019-01-31T23:37:32Z,-0.3207166492938995
2019-02-04T17:14:30Z,0.0099676512181758
2019-02-07T22:11:48Z,-0.9216906372457744
2019-02-08T14:57:24Z,-0.9239073731005192
2019-02-08T20:12:01Z,-0.9385165963321924
2019-02-11T12:58:57Z,0.0143180042505264
2019-02-11T17:37:53Z,0.0700883623212575
2019-02-11T17:43:43Z,-0.0575814917683601
2019-02-12T15:25:16Z,0.6470464020967484
2019-02-12T16:40:21Z,0.0332435220479965
2019-02-13T14:46:27Z,0.8578888010233641
2019-02-14T12:33:44Z,0.4987445063889026
2019-02-14T13:23:49Z,-0.0004885867238044
2019-02-14T13:49:45Z,0.889505285769701
2019-02-14T16:34:54Z,0.0030584093183279
2019-02-15T14:03:00Z,0.0422929991036653
2019-02-15T15:21:02Z,0.088647972792387
2019-02-15T15:37:33Z,0.9280996695160866
2019-02-20T13:40:24Z,0.1861275881528854
2019-02-20T17:23:59Z,-0.8404713608324528
2019-02-21T18:12:58Z,0.3424584101885557
2019-02-22T16:35:53Z,0.002147989347577
2019-02-25T13:12:13Z,0.086758941411972
2019-02-25T13:15:44Z,0.6749357990920544
2019-02-26T11:55:47Z,-0.0976122170686721
2019-02-26T11:56:29Z,0.9153403053060174
2019-02-26T18:57:22Z,0.0845269160345196
2019-02-26T20:40:56Z,0.1131542148068547
2019-02-28T14:33:19Z,0.2446396201848983
2019-02-28T16:55:19Z,0.0207839459180831
2019-03-01T15:51:07Z,-0.0095119308680295
2019-03-02T18:37:35Z,0.0018514990806579
2019-03-13T12:11:53Z,0.3202286753803491
2019-03-13T12:27:58Z,0.0978215280920267
2019-03-13T19:05:45Z,0.9332187138497828
2019-03-14T14:49:33Z,0.4033640511333942
2019-03-14T17:50:03Z,-0.8085121139883995
2019-03-15T12:39:21Z,0.068358164280653
2019-03-19T14:18:25Z,-0.0498988330364227
2019-03-19T21:01:06Z,0.0083212275058031
2019-03-20T17:48:38Z,0.7155383909121156
2019-03-20T18:29:21Z,-0.952881708741188
2019-03-21T21:30:05Z,0.4931704550981521
2019-03-21T21:36:13Z,-0.0679599307477474
2019-03-22T13:49:47Z,0.2302944380789995
2019-03-22T13:55:39Z,-0.8644292987883091
2019-03-22T16:12:31Z,-0.96068059746176
2019-03-25T13:55:14Z,-0.554670013487339
2019-03-27T20:23:34Z,0.0041229706257581
2019-04-02T16:17:24Z,-0.0941534042358398
2019-04-04T10:30:15Z,-0.004140269011259
2019-04-04T10:31:07Z,0.0133977234363555
2019-04-04T10:32:10Z,-0.0296831671148538
2019-04-08T13:41:31Z,-0.0044280551373958
2019-04-08T13:50:12Z,-0.0306291542947292
2019-04-10T13:58:59Z,-0.5092264581471682
2019-04-10T14:46:01Z,-0.81901990249753
2019-04-10T21:00:47Z,-0.0731399059295654
2019-04-11T13:58:25Z,-0.0509848445653915
2019-04-11T14:41:56Z,-0.0064928978681564
2019-04-12T08:18:05Z,-0.0660299602895975
2019-04-12T09:08:31Z,-0.0209891907870769
2019-04-12T10:36:50Z,0.6442247405648232
2019-04-12T11:12:29Z,-0.0518201980739831
2019-04-12T12:01:54Z,-0.1750404760241508
2019-04-12T12:25:21Z,0.8713348917663097
2019-04-12T13:56:59Z,0.9038492366671562
2019-04-12T14:17:36Z,0.8985605761408806
2019-04-12T16:52:12Z,-0.559768334031105
2019-04-12T17:30:19Z,-0.2149282097816467
2019-04-12T18:23:45Z,0.0214860364794731
2019-04-12T18:37:40Z,-0.9346896205097436
2019-04-15T11:06:51Z,0.0927708074450492
2019-04-15T13:13:06Z,0.7620804999023676
2019-04-15T14:02:20Z,0.4824060350656509
2019-04-15T14:59:38Z,0.8722711801528931
2019-04-15T15:12:39Z,-0.9444701056927444
2019-04-17T20:42:45Z,0.0032565668225288
2019-04-21T14:31:57Z,0.0160820074379444
2019-04-22T14:07:33Z,0.0104805715382099
2019-04-25T16:58:15Z,0.0672447374090552
2019-04-30T15:05:51Z,0.0163237787783145
2019-04-30T16:18:16Z,-0.5340705066919327
2019-04-30T17:52:03Z,0.0339037254452705
2019-05-02T19:43:06Z,0.2384516261518001
2019-05-06T12:31:50Z,-0.0106698535382747
2019-05-08T07:57:03Z,-0.7125657387077808
2019-05-15T20:41:59Z,0.0273006409406662
2019-05-17T13:21:30Z,0.0889940308406949
2019-05-17T14:06:00Z,-0.0003750789910554
2019-05-17T19:58:55Z,0.0024510696530342
2019-05-20T12:01:27Z,0.0146581623703241
2019-05-21T17:31:06Z,0.1037136828526854
2019-05-28T15:25:47Z,-0.0038461908698081
2019-05-29T13:15:15Z,0.3114302260801196
2019-05-29T14:00:10Z,-0.7644828371703625
2019-05-29T21:13:07Z,0.0434045121073722
2019-05-30T15:50:37Z,-0.8885562717914581
2019-06-02T19:50:15Z,0.0101842526346445
2019-06-03T17:09:59Z,0.150071463547647
2019-06-08T18:05:18Z,0.000628849491477
2019-06-08T18:49:55Z,0.3386005172505975
2019-06-12T13:46:18Z,-0.3986951261758804
2019-06-14T14:04:29Z,-0.9592333883047104
2019-06-14T17:16:55Z,0.6333078034222126
2019-06-21T16:10:19Z,-0.2439660690724849
2019-06-26T17:17:59Z,0.108162791468203
2019-06-27T01:33:36Z,0.8036953695118427
2019-06-27T14:42:03Z,-0.8292898610234261
2019-06-27T20:38:28Z,-0.0194125548005104
2019-06-28T12:28:56Z,0.8913771100342274
2019-06-28T17:19:41Z,0.0353731857612729
2019-07-01T15:47:30Z,-0.9540249947458506
2019-07-01T18:21:28Z,0.0126821473240852
2019-07-05T14:26:09Z,0.1197504382580518
2019-07-09T11:29:00Z,-0.2505251765251159
2019-07-09T16:30:51Z,-0.8475596141070127
2019-07-10T11:23:33Z,0.3126063030213117
2019-07-10T11:26:58Z,0.0147761031985282
2019-07-10T14:39:45Z,0.8748388979583979
2019-07-10T15:10:26Z,0.1199720241129398
2019-07-11T16:42:12Z,0.0928212497383356
2019-07-11T19:36:55Z,0.9201782308518888
2019-07-12T18:05:19Z,0.0493581350892782
2019-07-13T18:42:18Z,0.0038864407688379
2019-07-15T14:24:14Z,0.020871527493
2019-07-15T18:31:22Z,-0.1695847660303115
2019-07-15T18:47:01Z,-0.0632357001304626
2019-07-16T08:12:15Z,-0.0672371331602335
2019-07-16T08:54:33Z,-0.0277130641043186
2019-07-16T10:48:17Z,-0.3349256962537765
2019-07-16T10:56:21Z,-0.966144386678934
2019-07-16T10:57:37Z,-0.964084131643176
2019-07-16T11:01:53Z,0.7145440578460693
2019-07-16T11:14:24Z,-0.9483342673629522
2019-07-16T12:27:02Z,-0.6135398522019386
2019-07-16T14:06:17Z,0.92586381547153
2019-07-16T14:25:22Z,0.0064837485551834
2019-07-16T16:44:57Z,0.0153772439807653
2019-07-17T14:09:41Z,0.0022780578583478
2019-07-17T16:22:12Z,-0.6724253036081791
2019-07-22T14:30:52Z,0.1745532443746924
2019-07-24T14:36:16Z,-0.8742904774844646
2019-07-25T18:37:09Z,0.2071288665756583
2019-07-25T20:53:57Z,0.1184354089200496
2019-07-29T19:45:23Z,-0.007405238226056
2019-07-30T10:49:19Z,-0.2801930569112301
2019-07-30T15:27:08Z,-0.0170462522655725
2019-07-31T14:59:10Z,0.0136460643261671
2019-08-09T08:27:02Z,0.0850688787177205
2019-08-09T16:49:50Z,-0.2011515647172927
2019-08-09T19:47:08Z,0.0550322625786066
2019-08-10T19:22:51Z,0.0499203111976385
2019-08-13T16:50:51Z,-0.0432345662266016
2019-08-14T21:02:02Z,-0.5910821631550789
2019-08-19T16:08:09Z,0.909918524324894
2019-08-19T18:22:34Z,-0.0176834911108016
2019-08-21T12:06:45Z,-0.6874090135097504
2019-08-21T13:50:54Z,-0.520435556769371
2019-08-22T20:45:08Z,-0.0092194397002458
2019-08-22T21:00:23Z,-0.0011100210249423
2019-08-26T17:13:01Z,0.0522692818194627
2019-08-27T14:08:13Z,0.0918487049639225
2019-09-04T17:13:06Z,0.0937851574271917
2019-09-05T20:27:01Z,-8.964724838733673e-05
2019-09-09T16:45:33Z,0.2327719079330563
2019-09-09T21:12:50Z,0.0253300108015537
2019-09-10T14:30:36Z,0.3307849243283272
2019-09-10T15:26:45Z,0.5963842663913965
2019-09-10T17:28:44Z,-0.4815002977848053
2019-09-10T17:52:28Z,0.1203559627756476
2019-09-10T18:00:50Z,0.0131276324391365
2019-09-11T13:39:36Z,-0.9355484200641512
2019-09-11T14:05:36Z,-0.7745976150035858
2019-09-11T14:56:11Z,0.0228591263294219
2019-09-12T18:34:56Z,-0.9505598908290268
2019-09-12T20:10:58Z,0.0112190209329128
2019-09-13T18:58:08Z,0.1294368132948875
2019-09-16T11:17:30Z,-0.0416050292551517
2019-09-16T13:54:18Z,-0.9438566789031028
2019-09-16T14:17:50Z,-0.4979955479502678
2019-09-16T18:09:40Z,-0.734451450407505
2019-09-17T19:44:14Z,0.0597265101969242
2019-09-17T21:15:45Z,0.9042318649590017
2019-09-18T21:45:55Z,-0.5976604130119085
2019-09-20T17:41:51Z,0.3027338124811649
2019-09-20T20:06:59Z,0.1411707093939185
2019-09-24T18:13:51Z,-0.2177051324397325
2019-09-24T20:45:14Z,0.038461560383439
2019-09-25T22:14:25Z,-0.0326707810163497
2019-09-26T18:08:22Z,0.3809636393561959
2019-09-27T12:09:09Z,0.0088630337268114
2019-09-30T14:15:46Z,0.0096975900232791
2019-10-01T15:00:11Z,-0.0706010721623897
2019-10-02T12:09:50Z,0.7594247087836266
2019-10-03T13:26:53Z,0.68581279553473
2019-10-07T18:57:12Z,-0.4056768380105495
2019-10-12T21:46:45Z,-0.0514286514371633
2019-10-14T11:07:13Z,0.0051333699375391
2019-10-14T11:25:31Z,0.1800817847251892
2019-10-15T08:23:20Z,-0.0679097659885883
2019-10-15T08:34:34Z,-0.0327771939337253
2019-10-15T10:52:21Z,0.5292474627494812
2019-10-15T10:54:09Z,-0.9476371593773364
2019-10-15T10:58:55Z,0.5064216405153275
2019-10-15T12:28:25Z,0.0489723486825823
2019-10-15T12:36:13Z,-0.0706248208880424
2019-10-15T13:11:08Z,-0.8939039707183838
2019-10-15T14:26:32Z,0.0069182310253381
2019-10-15T14:28:45Z,0.8809019736945629
2019-10-15T16:17:21Z,0.8846624046564102
2019-10-15T17:13:42Z,0.0149186104536056
2019-10-15T19:01:49Z,0.9144701398909092
2019-10-15T19:09:30Z,0.1897980570793151
2019-10-15T19:32:06Z,-0.5884946137666702
2019-10-16T12:01:23Z,0.6187892034649849
2019-10-16T12:58:34Z,0.8533514402806759
2019-10-16T13:25:42Z,0.6645166072994471
2019-10-16T14:01:33Z,0.0038965661078691
2019-10-16T15:02:13Z,0.5425055772066116
2019-10-16T16:35:29Z,0.0324884820729494
2019-10-16T17:02:56Z,0.899987954646349
2019-10-16T17:38:38Z,0.3071485310792923
2019-10-17T06:32:01Z,0.0851538497954607
2019-10-17T15:45:08Z,0.2349214488640427
2019-10-18T17:50:31Z,-0.0323570221662521
2019-10-18T19:45:29Z,0.0904236761853098
2019-10-21T15:06:50Z,0.1622259616851806
2019-10-21T16:58:06Z,0.0652021821588277
2019-10-21T20:30:31Z,-0.0008031781762838
2019-10-22T14:46:38Z,0.1041095936670899
2019-10-23T17:55:19Z,0.6511000320315361
2019-10-24T14:13:46Z,0.1803470030426979
2019-10-25T15:06:21Z,-0.8949480839073658
2019-10-25T16:47:29Z,0.1294368132948875
2019-10-26T19:23:16Z,0.0435551721602678
2019-10-28T14:51:56Z,0.1622259616851806
2019-10-29T11:51:35Z,0.8615013733506203
2019-10-29T12:50:45Z,-0.0961587354540824
2019-10-29T14:52:30Z,0.1276030540466308
2019-10-29T16:43:47Z,-0.6078473664820194
2019-11-04T19:43:57Z,0.1622259616851806
2019-11-04T21:22:44Z,0.0148321278393268
2019-11-05T11:01:27Z,0.0226220209151506
2019-11-05T14:20:10Z,0.5233440431766212
2019-11-05T16:12:49Z,0.1276030540466308
2019-11-05T20:53:48Z,0.008003931492567
2019-11-06T11:38:18Z,-0.0087146610021591
2019-11-06T14:22:46Z,0.1273429207503795
2019-11-07T15:16:37Z,0.1803470030426979
2019-11-07T21:49:57Z,0.0444083586335182
2019-11-11T16:48:39Z,0.056851539760828
2019-11-11T18:59:15Z,-0.031113039702177
2019-11-12T14:10:00Z,0.0016439221799373
2019-11-13T10:21:25Z,0.0189168229699134
2019-11-13T12:50:14Z,0.0043174251914024
2019-11-13T19:53:09Z,0.0367077570408582
2019-11-13T20:45:20Z,0.0350622031837701
2019-11-14T12:20:42Z,0.0418863259255886
2019-11-14T14:41:29Z,-0.0535580739378929
2019-11-17T17:49:12Z,0.0035840161144733
2019-11-18T13:23:46Z,0.8579759672284126
2019-11-21T13:30:12Z,-0.0716932751238346
2019-11-25T15:19:36Z,0.1622259616851806
2019-11-25T15:20:56Z,0.5716476738452911
2019-11-26T06:45:21Z,0.0238318424671888
2019-11-26T13:26:32Z,0.8628551587462425
2019-11-26T14:46:07Z,-0.0961587354540824
2019-11-27T15:14:25Z,0.1919871717691421
2019-11-28T13:54:20Z,-0.0446630474179983
2019-12-01T14:24:28Z,0.0253333766013383
2019-12-02T15:15:26Z,0.1622259616851806
2019-12-02T19:15:51Z,-0.2692651152610779
2019-12-02T21:55:29Z,-0.0298200994729995
2019-12-03T13:58:50Z,-0.9609319930896164
2019-12-03T19:45:06Z,-0.5312226116657257
2019-12-04T23:18:47Z,-0.4403138123452663
2019-12-05T11:04:38Z,0.8337804134935141
2019-12-05T13:28:14Z,0.6825576685369015
2019-12-05T15:16:09Z,0.1803470030426979
2019-12-06T15:16:52Z,0.621065373532474
2019-12-06T15:33:46Z,0.1294368132948875
2019-12-06T21:32:52Z,-0.0022617504000663
2019-12-09T04:44:19Z,-0.0446970351040363
2019-12-09T15:35:46Z,-0.3408233076333999
2019-12-10T11:28:08Z,-0.7677455097436905
2019-12-10T13:14:34Z,-0.0419496595859527
2019-12-10T14:47:19Z,-0.5404380075633526
2019-12-11T20:33:09Z,0.1430012146010995
2019-12-12T11:18:42Z,-0.9550828114151956
2019-12-12T12:00:35Z,-0.9010470295324922
2019-12-12T15:21:05Z,0.1803470030426979
2019-12-12T18:01:35Z,-0.4796574059873819
2019-12-13T16:19:27Z,0.1294368132948875
2019-12-16T13:27:20Z,0.7477629445493221
2019-12-17T13:46:49Z,-0.0244535207748413
2019-12-20T13:15:38Z,0.8859746120870113
2019-12-20T17:02:50Z,0.8988095708191395
2019-12-20T17:27:43Z,-0.924136208370328
2019-12-22T15:00:13Z,-0.0528984852135181
2019-12-27T16:27:53Z,0.1294368132948875
2020-01-03T13:09:59Z,-0.0868673920631408
2020-01-06T12:49:12Z,-0.7348174881190062
2020-01-07T14:42:35Z,0.0539248883724212
2020-01-08T21:53:46Z,0.8135603927075863
2020-01-08T22:50:16Z,0.0382778402417898
2020-01-09T14:48:11Z,0.0382778402417898
2020-01-09T15:34:40Z,-0.6185175161808729
2020-01-09T17:02:44Z,0.120196983218193
2020-01-10T14:03:08Z,0.0282561983913183
2020-01-11T17:05:02Z,0.0215738918632268
2020-01-11T17:20:30Z,-0.9522145725786686
2020-01-13T13:46:39Z,0.0315505862236022
2020-01-13T15:50:44Z,0.0941896047443151
2020-01-13T18:12:06Z,-0.0208810176700353
2020-01-13T20:08:43Z,0.7803107677027583
2020-01-14T09:03:16Z,-0.0562344398349523
2020-01-14T09:40:09Z,-0.0392177365720272
2020-01-14T11:23:46Z,-0.926824415102601
2020-01-14T11:48:54Z,0.5316605120897293
2020-01-14T11:52:10Z,-0.6753806471824646
2020-01-14T12:42:57Z,0.8717459477484226
2020-01-14T13:00:56Z,-0.0855319499969482
2020-01-14T13:54:16Z,0.034573595970869
2020-01-14T15:27:50Z,-0.8305572047829628
2020-01-14T17:26:48Z,-0.9485151721164584
2020-01-14T19:15:21Z,-0.956024001352489
2020-01-14T19:55:13Z,-0.9555547693744302
2020-01-15T13:02:31Z,0.8641193341463804
2020-01-15T13:06:08Z,0.8689081408083439
2020-01-15T13:13:35Z,0.3396464344114065
2020-01-15T13:38:46Z,0.6523666940629482
2020-01-15T13:45:57Z,-0.1147931292653083
2020-01-15T17:48:22Z,0.911776851862669
2020-01-16T14:40:53Z,0.8689081408083439
2020-01-16T17:46:06Z,-0.0616566836833953
2020-01-18T22:09:54Z,0.0516933053731918
2020-01-21T14:41:41Z,0.0621121628209948
2020-01-22T13:59:27Z,0.2248515947721898
2020-01-24T08:54:43Z,0.0159853380173444
2020-01-24T09:36:05Z,-0.0349701344966888
2020-01-29T02:44:30Z,-0.9542993055656552
2020-01-29T03:33:53Z,-0.9418433159589767
2020-01-30T13:00:10Z,-0.1678503453731537
2020-02-03T14:40:03Z,0.0908030215650796
2020-02-03T17:56:11Z,-0.303731232881546
2020-02-03T17:56:17Z,-0.8290601894259453
2020-02-05T03:34:46Z,0.05242870002985
2020-02-10T11:55:23Z,0.0465582255274057
2020-02-11T11:05:28Z,0.0244506821036338
2020-02-13T12:25:32Z,-0.7841575872153044
2020-02-20T13:25:20Z,0.2721063923090696
2020-02-21T20:15:37Z,0.100594375282526
2020-02-24T21:32:50Z,-0.7483718413859606
2020-02-25T10:11:26Z,-0.3868597261607647
2020-02-25T11:28:07Z,0.0938439797610044
2020-02-25T13:48:00Z,0.5147728594020009
2020-02-25T13:48:27Z,-0.9532048096880316
2020-02-25T18:11:59Z,0.1158027686178684
2020-02-25T21:57:44Z,-0.8978240415453911
2020-02-26T14:12:33Z,0.7481982186436653
2020-02-26T21:40:50Z,0.0104388184845447
2020-02-27T08:39:21Z,0.0167814753949642
2020-03-01T19:45:15Z,0.0107121895998716
2020-03-02T12:00:41Z,-0.0448570251464843
2020-03-02T14:40:22Z,-0.4978620838373899
2020-03-02T16:13:56Z,0.0593238770961761
2020-03-02T18:59:12Z,0.0575577113777399
2020-03-03T09:37:13Z,-0.4261495396494865
2020-03-05T16:25:34Z,0.0826253350824117
2020-03-05T23:56:30Z,-0.4403996169567108
2020-03-06T03:57:44Z,-0.7761719264090061
2020-03-06T13:08:03Z,-0.0577336698770523
2020-03-06T14:22:50Z,-0.9651782186701894
2020-03-06T18:15:24Z,0.4211701229214668
2020-03-09T12:13:18Z,-0.0347316116094589
2020-03-09T13:38:25Z,-0.0435571074485778
2020-03-10T10:50:14Z,0.0218968093395233
2020-03-10T12:19:53Z,-0.0961587354540824
2020-03-10T14:53:03Z,0.0220729652792215
2020-03-10T19:23:16Z,-0.0421650446951389
2020-03-12T08:47:07Z,-0.9499262189492584
2020-03-12T16:10:12Z,-0.9226896399632096
2020-03-12T16:37:57Z,-0.1875180825591087
2020-03-12T17:35:37Z,-0.8768402989953756
2020-03-13T16:24:09Z,-0.2036943025887012
2020-03-15T13:45:14Z,-0.0097356382757425
2020-03-15T22:34:33Z,-0.7895638858899474
2020-03-15T22:42:02Z,-0.8074199045076966
2020-03-16T15:51:23Z,-0.9278578208759428
2020-03-18T11:48:25Z,-0.153305172920227
2020-03-18T19:28:15Z,-0.9426455870270728
2020-03-18T19:39:09Z,-0.862424248829484
2020-03-19T14:49:42Z,-0.9226896399632096
2020-03-20T10:57:33Z,0.1678370144218206
2020-03-20T13:21:30Z,0.1775481980293989
2020-03-20T14:15:48Z,-0.5619691498577595
2020-03-20T15:39:02Z,-0.009434524923563
2020-03-20T22:45:49Z,-0.0447872206568717
2020-03-26T08:13:23Z,-0.548715990036726
2020-03-26T20:12:44Z,-0.8994228150695562
2020-03-27T12:53:51Z,-0.1408239006996154
2020-03-27T13:43:31Z,-0.0348196923732757
2020-03-27T14:32:18Z,0.1290557961910963
2020-03-27T17:18:45Z,-0.0421650446951389
2020-03-28T20:04:24Z,0.0098679400980472
2020-03-30T16:35:56Z,0.0620897598564624
2020-04-01T11:37:44Z,-0.153305172920227
2020-04-01T14:46:04Z,-0.036228222772479
2020-04-01T15:12:44Z,0.5464817881584167
2020-04-01T16:51:17Z,-0.0421650446951389
2020-04-01T19:38:41Z,-0.5353924036026001
2020-04-02T13:49:41Z,0.6284470744431019
2020-04-02T14:07:09Z,-0.1115424633026123
2020-04-02T14:32:57Z,-0.0319989919662475
2020-04-02T17:57:20Z,0.0655258651822805
2020-04-03T13:36:38Z,0.0465007880702614
2020-04-03T15:37:18Z,-0.9205275978893042
2020-04-03T18:09:17Z,0.3977478295564651
2020-04-03T19:16:09Z,-0.6289388723671436
2020-04-06T10:31:57Z,0.8627190515398979
2020-04-06T10:32:14Z,0.7828379198908806
2020-04-06T13:37:20Z,0.3326957523822784
2020-04-06T16:36:19Z,-0.0795297473669052
2020-04-06T19:56:15Z,-0.9542314559221268
2020-04-06T20:18:12Z,-0.0254142303019762
2020-04-06T20:49:30Z,-0.0194575823843479
2020-04-06T22:12:53Z,0.6677645426243544
2020-04-07T04:05:46Z,0.6972133424133062
2020-04-07T09:21:18Z,-0.9341919496655464
2020-04-07T14:53:45Z,0.020173892378807
2020-04-07T17:05:08Z,0.5300759319216013
2020-04-07T19:32:39Z,0.333831638097763
2020-04-09T10:29:19Z,-0.0320544857531785
2020-04-09T14:24:09Z,-0.0106092095375061
2020-04-09T14:34:29Z,-0.036228222772479
2020-04-09T22:06:00Z,0.117698916234076
2020-04-11T18:10:29Z,0.0114055015146732
2020-04-12T13:55:03Z,0.0089237932115793
2020-04-13T18:31:56Z,-0.0252860710024833
2020-04-13T21:33:08Z,-0.0274793803691864
2020-04-14T08:55:32Z,-0.0504503212869167
2020-04-14T09:07:45Z,-0.0133501328527927
2020-04-14T09:56:45Z,0.4549393206834793
2020-04-14T10:46:44Z,-0.2233667075634002
2020-04-14T10:47:17Z,0.0133731961250305
2020-04-14T10:50:15Z,-0.6583218574523926
2020-04-14T10:59:16Z,-0.94946095533669
2020-04-14T12:18:49Z,-0.9213094376027584
2020-04-14T14:24:50Z,-0.0268028378486633
2020-04-14T16:18:55Z,-0.954017230309546
2020-04-14T18:35:30Z,0.8449060767889023
2020-04-14T20:15:47Z,0.0704142060130834
2020-04-15T14:21:50Z,0.2181570827960968
2020-04-15T15:57:20Z,0.1828152537345886
2020-04-15T13:59:14Z,0.0491554113104939
2020-04-16T17:09:24Z,-0.0438585896044969
2020-04-16T22:11:40Z,0.913186687976122
2020-04-17T11:11:21Z,-0.081954501569271
2020-04-17T15:20:16Z,0.2480446863919496
2020-04-17T19:07:08Z,-0.8636279962956905
2020-04-17T21:21:59Z,-0.0004218816757202
2020-04-18T16:43:19Z,0.7357346825301647
2020-04-19T20:45:27Z,0.0458092875778675
2020-04-21T15:58:14Z,0.3778093978762626
2020-04-22T19:15:31Z,0.0490606576204299
2020-04-22T20:15:06Z,0.0426785070449113
2020-04-23T17:50:25Z,-0.5907525978982449
2020-04-24T08:42:11Z,-0.3972441330552101
2020-04-27T19:16:17Z,-0.8836028473451734
2020-04-30T19:20:44Z,-0.6849769428372383
2020-05-01T16:15:01Z,0.8010609429329634
2020-05-04T14:17:12Z,0.6895904988050461
2020-05-05T12:46:28Z,0.2904309034347534
2020-05-06T11:15:21Z,0.0129318423569202
2020-05-07T18:59:28Z,-0.045869993045926
2020-05-14T12:04:16Z,0.0460464004427194
2020-05-15T20:29:28Z,-0.287552922964096
2020-05-16T14:15:38Z,0.0889940308406949
2020-05-20T11:46:50Z,0.2169140502810478
2020-05-20T19:37:44Z,-0.6643338799476624
2020-05-21T19:02:05Z,0.8595626801252365
2020-05-22T14:22:36Z,-0.935169012285769
2020-05-23T16:30:06Z,0.0004299096763134
2020-05-26T10:46:23Z,0.8999888966791332
2020-05-26T16:42:11Z,-0.8928677253425121
2020-05-26T16:54:46Z,-0.9235361218452454
2020-05-26T17:11:56Z,-0.0947022996842861
2020-05-26T17:14:38Z,-0.0980094783008098
2020-05-26T17:14:57Z,0.613155160099268
2020-05-26T17:15:32Z,0.8851470127701759
2020-05-27T14:12:48Z,0.7294087372720242
2020-05-28T07:58:38Z,0.3433862030506134
2020-05-28T11:14:28Z,0.0518442690372467
2020-05-29T12:30:53Z,-0.9147697035223246
2020-06-01T11:39:28Z,-0.8446232788264751
2020-06-08T11:20:42Z,0.5798634421080351
2020-06-11T19:25:36Z,-0.032435156404972
2020-06-15T12:42:28Z,0.4729596171528101
2020-06-15T18:14:38Z,0.0531569495797157
2020-06-15T19:31:22Z,0.0834369035437703
2020-06-17T12:56:08Z,-0.4250998646020889
2020-06-19T11:38:23Z,0.4388584978878498
2020-06-22T10:48:58Z,0.8763596517965198
2020-06-23T14:05:32Z,-0.036228222772479
2020-06-25T10:49:06Z,-0.1112737208604812
2020-06-25T12:14:29Z,0.0728195086121559
2020-06-25T13:05:08Z,0.8681737314909697
2020-06-25T14:18:29Z,-0.036228222772479
2020-06-25T19:03:32Z,0.3291668705642223
2020-06-25T20:34:43Z,0.0552780479192733
2020-06-25T20:35:26Z,-0.0305914767086505
2020-06-25T20:39:36Z,-0.958712345454842
2020-06-25T22:14:24Z,-0.5105247646570206
2020-06-26T07:49:55Z,-0.9549404066056012
2020-06-26T16:41:45Z,-0.1678832694888115
2020-06-29T00:20:17Z,-0.4854571614414453
2020-06-29T09:09:13Z,0.0090604573488235
2020-07-01T14:08:01Z,0.1556580159813165
2020-07-06T15:08:45Z,0.0486519457772374
2020-07-07T13:54:19Z,-0.036228222772479
2020-07-08T11:32:01Z,0.5045143505558372
2020-07-08T13:38:28Z,-0.5133880861103535
2020-07-08T16:36:33Z,-0.8765458138659596
2020-07-09T11:54:26Z,0.6429189536720514
2020-07-09T13:59:13Z,-0.5417647901922464
2020-07-09T15:05:33Z,0.8074173256754875
2020-07-10T12:36:07Z,0.0219277907162904
2020-07-10T13:50:08Z,-0.036228222772479
2020-07-13T09:38:30Z,0.8780828155577183
2020-07-13T12:52:03Z,0.3046192601323128
2020-07-14T08:05:29Z,-0.0523385517299175
2020-07-14T08:36:31Z,-0.0102917402982711
2020-07-14T09:50:06Z,0.8318703398108482
2020-07-14T10:01:28Z,0.6346048340201378
2020-07-14T10:49:38Z,0.6123440712690353
2020-07-14T10:50:30Z,-0.6084822863340378
2020-07-14T10:51:00Z,-0.7157004717737436
2020-07-14T10:52:54Z,0.9320940021425486
2020-07-14T11:11:17Z,-0.0834142118692398
2020-07-14T12:10:58Z,0.0322149749845266
2020-07-14T13:17:04Z,-0.950972287915647
2020-07-14T13:35:58Z,0.9072682969272136
2020-07-14T13:55:22Z,-0.9613539399579168
2020-07-14T14:06:33Z,-0.036228222772479
2020-07-14T14:22:22Z,-0.8454589769244194
2020-07-14T14:29:22Z,0.16905945725739
2020-07-14T16:10:56Z,0.9010913372039796
2020-07-14T18:40:49Z,0.840772245079279
2020-07-14T18:45:09Z,-0.0134812425822019
2020-07-15T10:04:34Z,0.3778928071260452
2020-07-15T11:11:49Z,0.0361641142517328
2020-07-16T14:33:26Z,0.1694913199171424
2020-07-17T07:55:11Z,0.6794973202049732
2020-07-19T21:32:57Z,-0.1299051344394683
2020-07-21T01:23:01Z,0.8133189678192139
2020-07-22T10:13:10Z,-0.0779169797897338
2020-07-22T10:23:49Z,-0.9436028245836496
2020-07-22T13:35:57Z,-0.5494323223829269
2020-07-22T16:51:05Z,-0.0390452872961759
2020-07-24T14:46:30Z,-0.0390452872961759
2020-07-24T18:50:34Z,0.0047780536115169
2020-07-27T13:48:37Z,-0.036228222772479
2020-07-29T15:52:30Z,-0.0003838799893856
2020-07-30T14:16:56Z,0.1001235218718648
2020-08-05T08:53:17Z,0.8359049819409847
2020-08-05T19:48:07Z,-0.0387749597430229
2020-08-10T07:00:22Z,0.054351263679564
2020-08-11T14:00:58Z,-0.036228222772479
2020-08-12T14:01:49Z,0.0139451157301664
2020-08-14T08:23:56Z,0.1856796201318502
2020-08-17T19:14:55Z,-0.9183574076741934
2020-08-18T03:19:19Z,0.1352441795170307
2020-08-18T15:40:01Z,-0.173481348901987
2020-08-19T11:45:29Z,0.7645650561898947
2020-08-19T14:23:56Z,-0.036228222772479
2020-08-20T19:03:48Z,0.0017125364392995
2020-08-21T03:10:19Z,0.0883219065144658
2020-08-21T10:52:29Z,0.4074099771678448
2020-08-25T06:50:54Z,0.0211507249623537
2020-08-25T20:23:12Z,0.0252253375947475
2020-08-28T15:14:11Z,0.4790868544951081
2020-08-29T12:59:12Z,0.0769507875666022
2020-08-30T16:36:24Z,0.0098868701606988
2020-09-02T06:38:10Z,0.6136781387031078
2020-09-03T10:17:09Z,0.8244032990187407
2020-09-03T12:35:30Z,-0.1289493143558502
2020-09-03T14:00:01Z,0.0165404677391052
2020-09-03T14:21:00Z,-0.4223186541348696
2020-09-03T20:51:33Z,-0.0296127498149871
2020-09-08T15:14:03Z,-0.8044471200555563
2020-09-08T16:23:27Z,-0.3763533979654312
2020-09-08T21:18:52Z,-0.470566127449274
2020-09-09T07:34:56Z,0.0723298043012619
2020-09-10T06:48:37Z,-0.5888889599591494
2020-09-10T16:22:01Z,-0.9583282712846994
2020-09-10T17:07:44Z,-0.0873260647058487
2020-09-10T17:09:39Z,-0.8590190829709172
2020-09-15T09:31:48Z,-0.0627247802913189
2020-09-15T13:14:50Z,-0.8557212017476559
2020-09-15T14:48:19Z,0.7507912665605545
2020-09-15T14:51:33Z,0.9337444752454758
2020-09-15T14:58:38Z,0.7371300905942917
2020-09-15T15:01:34Z,-0.0155000854283571
2020-09-15T17:32:52Z,-0.9437435008585452
2020-09-16T04:24:39Z,-0.9090058989822865
2020-09-16T11:05:14Z,0.0990074649453163
2020-09-17T06:32:19Z,0.2359100095927715
2020-09-17T14:47:00Z,0.8900391906499863
2020-09-21T03:55:04Z,-0.0290984865278005
2020-09-21T14:01:48Z,0.0165404677391052
2020-09-21T16:15:08Z,-0.9151110732927918
2020-09-21T17:35:06Z,-0.0004218816757202
2020-09-23T17:17:54Z,-0.9462690083310008
2020-09-24T02:27:45Z,0.8662688322365284
2020-09-24T08:41:50Z,-0.1278904005885124
2020-09-25T20:36:31Z,0.0039209052920341
2020-09-27T19:15:35Z,0.0024725459516048
2020-09-27T23:20:03Z,0.0445051696151495
2020-09-28T19:47:28Z,-0.125572295859456
2020-09-29T11:32:43Z,0.8181887660175562
2020-09-29T13:06:14Z,-0.0961587354540824
2020-09-29T13:50:15Z,-0.4894170332700014
2020-09-29T15:46:01Z,0.0503616854548454
2020-09-29T16:19:34Z,-0.4863931201398372
2020-09-30T20:25:21Z,-0.0630705244839191
2020-09-30T20:26:28Z,0.8526850938796997
2020-10-01T06:03:32Z,0.0247130170464515
2020-10-01T11:14:26Z,0.910067979246378
2020-10-01T13:28:15Z,0.0361641142517328
2020-10-02T15:11:19Z,-0.0694620665162801
2020-10-05T14:54:52Z,0.5890833288431168
2020-10-07T06:59:40Z,0.7606655927374959
2020-10-07T11:00:16Z,0.7170848781242967
2020-10-08T09:47:51Z,0.8909275894984603
2020-10-08T10:21:22Z,0.1348564038053155
2020-10-08T17:01:48Z,-0.5388568248599768
2020-10-09T12:36:49Z,0.0157627612352371
2020-10-12T09:43:41Z,0.0516389869153499
2020-10-12T13:34:03Z,0.0046130158007144
2020-10-12T15:49:33Z,-0.0662847161293029
2020-10-12T20:06:32Z,0.0010067112743854
2020-10-13T08:07:32Z,-0.049819067120552
2020-10-13T08:51:46Z,-0.0088826119899749
2020-10-13T09:46:10Z,0.933249776251614
2020-10-13T10:05:25Z,-0.7666927874088287
2020-10-13T10:50:42Z,0.5905919224023819
2020-10-13T10:54:39Z,0.9288565088063478
2020-10-13T11:18:18Z,-0.0496347770094871
2020-10-13T12:18:53Z,0.03206617385149
2020-10-13T12:52:47Z,0.0186025965958833
2020-10-13T13:18:11Z,0.0002128593623638
2020-10-13T13:51:31Z,0.0139451157301664
2020-10-13T14:11:26Z,-0.9354205131530762
2020-10-13T16:02:30Z,0.9328533532097936
2020-10-13T16:18:17Z,-0.2517693936824798
2020-10-13T18:38:37Z,-0.949162432923913
2020-10-13T19:41:10Z,0.2726744040846824
2020-10-14T13:02:22Z,0.8645675629377365
2020-10-15T06:06:41Z,0.6705531580373645
2020-10-15T07:06:20Z,0.0535306446254253
2020-10-15T07:27:22Z,-0.9492133874446154
2020-10-15T13:31:39Z,0.2056298106908798
2020-10-15T15:56:12Z,0.8182264156639576
2020-10-16T00:33:14Z,-0.0558154210448265
2020-10-16T17:09:36Z,-0.0167611613869667
2020-10-18T16:45:37Z,-0.3345252387225628
2020-10-18T18:38:19Z,0.0775173902511596
2020-10-19T12:01:33Z,0.752115978859365
2020-10-19T18:45:21Z,-0.0500534065067768
2020-10-21T08:02:24Z,0.0292379669845104
2020-10-22T10:51:50Z,-0.9376558307558298
2020-10-23T14:17:47Z,-0.0170516595244407
2020-10-26T10:12:41Z,0.8277014996856451
2020-10-27T15:39:30Z,0.0536291114985942
2020-10-28T01:39:47Z,-0.0110778212547302
2020-10-28T02:42:45Z,0.8124937266111374
2020-10-29T11:51:26Z,0.0288406480103731
2020-10-30T20:16:12Z,0.0736916530877351
2020-11-02T05:45:34Z,0.2678936785086989
2020-11-02T11:08:19Z,0.3992395102977752
2020-11-03T14:35:58Z,0.0441948045045137
2020-11-04T14:54:32Z,0.7911532185971737
2020-11-05T07:58:31Z,0.1425035670399665
2020-11-05T18:01:38Z,0.0851473864167928
2020-11-05T19:41:32Z,-0.0004922375082969
2020-11-06T06:49:27Z,0.9229796938598156
2020-11-06T14:50:17Z,0.1256814543157816
2020-11-07T22:06:55Z,0.3372654020786285
2020-11-09T18:01:54Z,0.0060383677482604
2020-11-09T18:21:47Z,-0.0608808435499668
2020-11-11T20:34:15Z,0.0989781338721513
2020-11-12T14:14:09Z,0.0966407936066389
2020-11-12T14:57:39Z,0.1257510744035244
2020-11-16T21:13:45Z,-0.4271331690251827
2020-11-16T22:44:22Z,0.3387913890182972
2020-11-17T14:44:20Z,-0.4592267572879791
2020-11-17T17:00:38Z,0.0778236296027898
2020-11-17T17:16:09Z,0.0212079193443059
2020-11-17T17:18:11Z,-0.2550568655133247
2020-11-18T14:48:10Z,-0.0113284811377525
2020-11-19T07:32:03Z,0.0022447034716606
2020-11-19T11:04:17Z,-0.6750331874936819
2020-11-19T14:41:08Z,-0.57122134976089
2020-11-19T17:36:18Z,0.1162915416061878
2020-11-19T17:36:48Z,0.0121125187724828
2020-11-19T17:38:47Z,0.9260171130299568
2020-11-19T17:41:25Z,-0.9417506884783506
2020-11-19T18:00:38Z,0.0169729590415954
2020-11-20T06:21:27Z,0.827362323179841
2020-11-20T16:29:27Z,0.5976295964792371
2020-11-23T13:30:08Z,0.2286288477480411
2020-11-23T23:45:51Z,0.5948175191879272
2020-11-24T11:24:02Z,0.1391081325709819
2020-11-24T16:09:12Z,-0.9474091101437808
2020-11-24T17:41:09Z,0.0382564570754766
2020-11-29T16:54:30Z,0.1753118354827165
2020-11-29T23:59:09Z,-0.0179819017648696
2020-11-30T13:46:06Z,-0.7828804142773151
2020-11-30T15:01:19Z,-0.5507680308073759
2020-11-30T16:43:12Z,-0.8633093051612377
2020-11-30T17:27:34Z,-0.0870952829718589
2020-11-30T17:28:23Z,0.4956518113613128
2020-11-30T17:45:54Z,-0.0035672262310981
2020-12-03T05:38:41Z,0.4467099215835333
2020-12-03T07:02:24Z,-0.9362033028155564
2020-12-03T11:04:42Z,-0.8583711870014668
2020-12-03T11:45:36Z,-0.6544079184532166
2020-12-03T14:56:31Z,-0.4653154332190752
2020-12-04T12:32:41Z,0.7780330991372466
2020-12-04T20:23:05Z,-0.6589228007942438
2020-12-04T20:42:27Z,-0.6560760661959648
2020-12-07T02:38:51Z,0.1994540635496378
2020-12-07T08:51:11Z,0.9216572493314744
2020-12-08T11:23:00Z,0.0823904005810618
2020-12-08T22:01:49Z,-0.0791183412075042
2020-12-09T04:13:08Z,0.3298890860751271
2020-12-10T07:26:50Z,0.915529664605856
2020-12-12T14:41:04Z,-0.922793660312891
2020-12-14T03:31:10Z,0.0689600706100463
2020-12-14T13:08:09Z,-0.0366013459861278
2020-12-14T17:24:22Z,-0.3892004862427711
2020-12-15T13:02:32Z,0.0271510649472475
2020-12-16T05:03:17Z,0.292782393284142
2020-12-17T17:38:01Z,0.1087491419166326
2020-12-18T21:34:29Z,-0.7246111258864403
2020-12-18T21:47:39Z,0.7155257519334555
2020-12-19T14:02:32Z,-0.9081978630274534
2020-12-20T19:30:42Z,-0.0129915513098239
2020-12-21T14:59:24Z,0.0165404677391052
2020-12-21T15:45:20Z,-0.1492362320423126
2020-12-21T17:28:09Z,-0.9431608961895108
2020-12-21T21:52:09Z,-0.0142314061522483
2020-12-22T18:00:26Z,-0.018942879512906
2020-12-22T18:57:29Z,-0.046765262261033
2020-12-22T19:43:19Z,-0.5518027674406767
2020-12-22T19:46:27Z,-0.947616932913661
2020-12-28T17:42:06Z,0.0217327754944562
2020-12-28T21:54:29Z,-0.8006168268620968
2020-12-29T05:17:08Z,0.1269581317901611
2020-12-29T14:44:14Z,0.324974006973207
2020-12-29T20:31:01Z,0.0523895677179098
2020-12-29T21:15:46Z,0.0117973592132329
2021-01-04T17:27:22Z,-0.1531137954443693
2021-01-04T17:31:36Z,-0.2459137439727783
2021-01-04T17:35:16Z,-0.1324053332209587
2021-01-04T20:17:14Z,-0.1243016477674245
2021-01-05T09:31:07Z,0.0694527411833405
2021-01-05T11:03:41Z,0.8554109893739223
2021-01-05T17:40:18Z,0.0049481466412544
2021-01-06T23:11:38Z,0.8639629483222961
2021-01-07T10:17:22Z,0.7359251696616411
2021-01-07T12:47:46Z,0.0436521582305431
2021-01-07T13:02:49Z,-0.1289493143558502
2021-01-07T15:27:52Z,0.9291448844596744
2021-01-07T15:33:32Z,-0.0390452872961759
2021-01-07T17:10:07Z,-0.5640733446925879
2021-01-07T17:12:57Z,0.0797565290704369
2021-01-07T17:13:56Z,0.4485531141981482
2021-01-07T17:17:57Z,0.0254849325865507
2021-01-07T22:14:50Z,-0.8054728731513023
2021-01-08T15:19:14Z,-0.0144994333386421
2021-01-11T12:17:31Z,-0.461017619818449
2021-01-12T17:02:23Z,0.0210668426007032
2021-01-12T17:24:39Z,-0.8477917797863483
2021-01-12T17:34:48Z,0.0481557883322238
2021-01-13T19:36:25Z,0.8994547873735428
2021-01-14T13:08:18Z,0.2204228397458791
2021-01-14T15:15:08Z,-0.0932163745164871
2021-01-14T17:18:27Z,0.1803470030426979
2021-01-14T17:30:33Z,0.0097811184823513
2021-01-15T09:03:25Z,-0.0660784468054771
2021-01-15T09:37:46Z,-0.0485481489449739
2021-01-15T11:00:29Z,-0.927635870873928
2021-01-15T11:56:20Z,-0.577528327703476
2021-01-15T12:02:04Z,0.7103545591235161
2021-01-15T12:04:03Z,0.0358922928571701
2021-01-15T12:06:42Z,0.9280188363045454
2021-01-15T12:08:43Z,-0.0547043569386005
2021-01-15T13:17:06Z,0.9231002209708096
2021-01-15T13:31:01Z,0.5135605856776237
2021-01-15T13:45:22Z,0.928500784561038
2021-01-15T14:58:10Z,0.0139451157301664
2021-01-15T15:17:42Z,-0.948364649899304
2021-01-15T17:29:49Z,-0.9515771744772792
2021-01-15T17:38:50Z,0.0252253375947475
2021-01-15T18:39:45Z,-0.0004218816757202
2021-01-15T19:48:15Z,-0.8239573836326599
2021-01-17T18:34:20Z,0.0362196080386638
2021-01-19T14:00:40Z,0.8871481418609619
2021-01-20T15:11:26Z,0.0732978880405426
2021-01-20T16:18:06Z,-0.1684749983251094
2021-01-20T22:16:11Z,-0.4642445612698793
2021-01-27T12:04:04Z,0.2554240240715444
2021-01-28T15:00:12Z,0.0019805878400802
2021-01-29T04:23:13Z,-0.132419154047966
2021-01-29T06:45:34Z,0.7485916800796986
2021-01-29T14:46:56Z,-0.0390452872961759
2021-02-03T06:11:15Z,0.6478701652958989
2021-02-03T21:20:55Z,0.0007831752300262
2021-02-04T18:00:43Z,-0.0076069589704275
2021-02-04T20:59:51Z,-0.008313562721014
2021-02-09T14:48:36Z,0.8633883334696293
2021-02-12T14:56:25Z,-0.0344075765460729
2021-02-12T18:40:35Z,0.2125137858092785
2021-02-14T13:37:57Z,0.8697414472699165
2021-02-17T15:28:01Z,0.1919871717691421
2021-02-17T17:24:10Z,0.1468990240246057
2021-02-17T19:44:10Z,0.088647972792387
2021-02-18T15:18:02Z,0.1803470030426979
2021-02-18T20:25:46Z,-0.5364553108811378
2021-02-19T19:00:11Z,0.1294368132948875
2021-02-21T12:13:05Z,-0.0074417069554328
2021-02-22T13:35:02Z,0.0092329028993844
2021-02-22T15:24:26Z,0.1622259616851806
2021-02-23T17:37:35Z,0.1276030540466308
2021-02-23T18:00:36Z,-0.0177436359226703
2021-02-23T18:09:21Z,-0.0256782136857509
2021-02-23T18:33:49Z,0.9094082228839396
2021-02-24T17:20:48Z,0.1919871717691421
2021-02-25T14:59:34Z,0.9268528893589972
2021-02-25T15:18:40Z,0.1803470030426979
2021-02-25T19:08:57Z,0.5027591278776526
2021-02-26T17:34:36Z,0.1249354556202888
2021-02-26T17:36:15Z,-0.0012701675295829
2021-02-26T20:05:45Z,0.3197116423398256
2021-02-26T21:15:14Z,-0.9553582910448312
2021-03-01T14:03:20Z,0.8669634312391281
2021-03-01T18:24:40Z,0.7326653068885207
2021-03-01T18:33:14Z,0.0990446228533983
2021-03-01T18:50:36Z,-0.0218127965927124
2021-03-01T19:00:36Z,-0.0167626179754734
2021-03-01T21:02:52Z,0.0418509487062692
2021-03-03T19:34:24Z,-0.0750818625092506
2021-03-08T22:35:27Z,0.2978705316781997
2021-03-09T16:07:10Z,-0.5749277696013451
2021-03-09T23:37:51Z,0.1147114103659987
2021-03-10T12:57:39Z,0.0204000528901815
2021-03-10T14:41:16Z,-0.0167240072041749
2021-03-10T15:27:16Z,0.1274859253317117
2021-03-10T18:33:24Z,-0.8196379505097866
2021-03-12T15:16:35Z,0.1294368132948875
2021-03-14T19:33:16Z,0.0829096436500549
2021-03-15T10:56:33Z,0.8778091315180063
2021-03-15T13:15:02Z,-0.1186727881431579
2021-03-15T13:40:19Z,0.4083115281537175
2021-03-15T14:02:04Z,0.16905945725739
2021-03-16T13:03:01Z,0.8069627271033823
2021-03-18T14:16:49Z,0.1803470030426979
2021-03-19T17:01:15Z,-0.1556518636643886
2021-03-19T17:58:35Z,0.1486910041421651
2021-03-19T19:33:13Z,-0.2551320716738701
2021-03-22T13:28:27Z,0.8733312040567398
2021-03-22T14:22:13Z,-0.0156419612467288
2021-03-23T05:31:22Z,0.8991578668355942
2021-03-23T14:48:39Z,-0.0390452872961759
2021-03-23T18:53:16Z,0.0692900540307164
2021-03-23T19:56:08Z,0.879731860011816
2021-03-24T14:34:38Z,0.7539419764652848
2021-03-24T15:23:25Z,-0.0308621097356081
2021-03-24T17:44:05Z,0.0095009393990039
2021-03-25T18:50:24Z,0.1508537479676306
2021-03-30T14:37:07Z,0.7362369075417519
2021-03-31T16:43:27Z,-0.190949622541666
2021-03-31T17:52:24Z,-0.4591394141316414
2021-04-01T11:17:22Z,0.7792481668293476
2021-04-01T12:42:08Z,-0.1289493143558502
2021-04-06T15:18:48Z,-0.5004860945045948
2021-04-07T07:48:21Z,0.3562286645174026
2021-04-07T10:14:23Z,0.7277108766138554
2021-04-07T10:15:14Z,-0.0814608708024025
2021-04-07T10:27:52Z,-0.0305452272295951
2021-04-07T16:08:47Z,0.7305328967049718
2021-04-07T16:33:17Z,0.0093539990484714
2021-04-07T16:34:07Z,0.0720925237983465
2021-04-07T16:35:41Z,0.0447863414883613
2021-04-07T19:44:13Z,-0.0522132404148578
2021-04-08T19:42:59Z,0.5511547476053238
2021-04-09T01:41:19Z,-0.6754959356039762
2021-04-09T12:02:38Z,0.0843426622450351
2021-04-09T13:21:00Z,-0.0007273647934198
2021-04-09T14:05:15Z,0.4996229521930218
2021-04-09T14:10:19Z,0.085717043839395
2021-04-10T16:05:30Z,0.0146639179438352
2021-04-12T16:29:19Z,-0.7746681701391935
2021-04-13T06:37:28Z,0.0143979955464601
2021-04-13T11:43:12Z,0.1576183252036571
2021-04-13T14:28:03Z,-0.0224613398313522
2021-04-13T14:28:53Z,-0.0575423538684845
2021-04-13T22:05:14Z,0.0458914078772068
2021-04-14T08:18:30Z,-0.0317910257726907
2021-04-14T09:48:21Z,-0.0593785643577575
2021-04-14T10:18:46Z,0.8436554074287415
2021-04-14T10:47:01Z,0.3233874291181564
2021-04-14T12:25:47Z,0.7744404301047325
2021-04-14T12:44:13Z,-0.0066596753895282
2021-04-14T12:58:09Z,-0.9390263352543116
2021-04-14T13:01:05Z,-0.0287500694394111
2021-04-14T14:30:06Z,0.903193935751915
2021-04-14T16:20:39Z,0.9138649590313436
2021-04-14T18:37:18Z,-0.9409488467499614
2021-04-14T19:19:11Z,0.011662159115076
2021-04-15T13:52:01Z,0.8922518789768219
2021-04-15T13:56:33Z,-0.0397168323397636
2021-04-15T14:13:15Z,0.812470817938447
2021-04-15T14:40:12Z,0.5288703925907612
2021-04-15T16:15:58Z,0.001008253544569
2021-04-15T16:35:40Z,-0.0145776681602001
2021-04-15T18:00:05Z,-0.942138428799808
2021-04-15T18:41:20Z,0.2268491555005312
2021-04-15T21:01:38Z,-0.0065060816705226
2021-04-16T16:06:58Z,-0.7624966204166412
2021-04-19T08:45:17Z,0.1936927968636155
2021-04-19T13:21:43Z,0.82254140637815
2021-04-19T14:20:08Z,0.1629950832575559
2021-04-19T14:41:14Z,-0.1228687763214111
2021-04-19T16:51:34Z,0.7711377646774054
2021-04-19T16:51:47Z,0.2590678827837109
2021-04-20T06:11:34Z,-0.9111802456900476
2021-04-20T20:47:02Z,0.278121754527092
2021-04-21T11:55:08Z,0.0760725056752562
2021-04-21T23:22:13Z,0.820077933371067
2021-04-25T20:23:12Z,-0.9650298552587628
2021-04-26T13:57:52Z,0.1083744401112198
2021-04-27T10:21:22Z,-0.479274857789278
2021-04-27T11:24:54Z,0.6143079195171595
2021-04-27T14:06:04Z,-0.5753449834883213
2021-04-27T14:10:14Z,0.0674724355340004
2021-04-27T14:27:59Z,0.0876087760552764
2021-04-28T18:18:17Z,0.0428028739988803
2021-04-30T13:59:31Z,0.8781726155430079
2021-05-01T19:44:58Z,0.0051842294633388
2021-05-03T14:40:16Z,0.184447918087244
2021-05-04T13:45:12Z,0.681917354464531
2021-05-05T19:42:11Z,-0.1976704373955726
2021-05-05T20:42:53Z,-0.949685862287879
2021-05-05T22:11:29Z,0.9232078334316612
2021-05-06T19:27:19Z,-0.0476373303681612
2021-05-10T15:26:09Z,0.1622259616851806
2021-05-13T18:31:55Z,0.0744332633912563
2021-05-14T14:35:03Z,0.1294368132948875
2021-05-14T15:50:27Z,-0.009638188406825
2021-05-15T10:08:02Z,0.1807644497603178
2021-05-17T14:05:24Z,0.1622259616851806
2021-05-18T13:43:23Z,0.0201597679406404
2021-05-18T14:29:38Z,0.1276030540466308
2021-05-18T14:31:02Z,0.16905945725739
2021-05-18T15:07:49Z,-0.7615544013679028
2021-05-18T17:49:10Z,-0.0548137724399566
2021-05-19T15:25:13Z,0.5555527415126562
2021-05-20T16:04:20Z,0.0240339785814285
2021-05-20T17:45:04Z,0.6563479211181402
2021-05-20T20:50:23Z,-0.0055633503943681
2021-05-25T14:52:48Z,0.1276030540466308
2021-05-26T15:09:06Z,0.8147333972156048
2021-05-30T15:34:28Z,0.084193492308259
2021-06-01T14:27:01Z,0.1276030540466308
2021-06-02T14:13:40Z,0.1919871717691421
2021-06-02T18:44:17Z,-0.8273543417453766
2021-06-03T13:34:28Z,0.673268798738718
2021-06-06T15:59:48Z,0.10427868925035
2021-06-08T12:25:47Z,0.8861723151057959
2021-06-09T09:21:23Z,0.1544435676187276
2021-06-10T19:51:23Z,-0.9104467686265708
2021-06-13T15:12:15Z,0.0190770179033279
2021-06-14T17:30:15Z,-0.8196379505097866
2021-06-15T18:29:39Z,-0.0004218816757202
2021-06-16T16:36:21Z,-0.1718589477241039
2021-06-18T13:20:03Z,0.7345302430912852
2021-06-18T14:29:30Z,0.0523819765076041
2021-06-18T20:05:08Z,0.0041691474616527
2021-06-21T16:27:13Z,-0.1904085762798786
2021-06-21T17:40:04Z,0.0749319056048989
2021-06-22T01:16:43Z,-0.1517216823995113
2021-06-22T11:31:50Z,0.1060465583577752
2021-06-23T12:09:57Z,-0.0304466057568788
2021-06-23T13:06:05Z,0.0714788911864161
2021-06-24T10:48:57Z,0.0187752209603786
2021-06-24T15:15:22Z,-0.947234308347106
2021-06-24T20:38:50Z,0.8576370254158974
2021-06-25T15:19:26Z,0.0252253375947475
2021-06-25T19:23:03Z,0.0087585188448429
2021-06-28T20:43:46Z,0.7374249696731567
2021-06-29T10:14:53Z,0.0978838708251714
2021-06-29T10:30:56Z,0.0182561390101909
2021-06-29T13:00:09Z,0.226954448968172
2021-06-29T13:25:49Z,-0.9496242962777616
2021-06-29T15:45:30Z,0.6907277377322316
2021-06-29T15:46:05Z,-0.0390452872961759
2021-06-30T15:45:52Z,0.0252253375947475
2021-07-01T16:09:40Z,0.0252253375947475
2021-07-01T16:14:38Z,-0.9435833171010016
2021-07-02T10:10:54Z,0.4344262415543198
2021-07-02T16:10:49Z,-0.0390452872961759
2021-07-03T17:41:17Z,-0.9146550735458732
2021-07-04T15:30:33Z,-0.93504211679101
2021-07-06T18:07:49Z,0.0252253375947475
2021-07-07T17:01:31Z,0.0252253375947475
2021-07-07T19:27:08Z,0.2938418467529118
2021-07-08T14:13:35Z,-0.9557585259899496
2021-07-08T17:23:20Z,-0.0170516595244407
2021-07-09T14:10:39Z,0.5560617372393608
2021-07-09T17:13:01Z,0.0252253375947475
2021-07-09T18:42:32Z,0.0139451157301664
2021-07-12T14:03:33Z,-0.1742795705795288
2021-07-12T14:07:46Z,-0.8495326265692711
2021-07-12T16:01:29Z,0.0252253375947475
2021-07-13T08:53:59Z,-0.0553260501474142
2021-07-13T08:55:08Z,-0.022823030129075
2021-07-13T09:49:25Z,-0.6498952209949493
2021-07-13T10:54:18Z,0.5105476379394531
2021-07-13T10:57:21Z,0.9283985532820224
2021-07-13T11:14:53Z,-0.0834142118692398
2021-07-13T13:37:56Z,-0.1942163184285164
2021-07-13T14:11:55Z,0.5472896844148636
2021-07-13T14:16:02Z,-0.0372332483530044
2021-07-13T14:17:31Z,0.404186338186264
2021-07-13T14:24:15Z,-0.5826067179441452
2021-07-13T14:25:51Z,0.0116099715232849
2021-07-13T15:23:12Z,0.7172835264354944
2021-07-13T15:58:51Z,-0.0170516595244407
2021-07-13T16:04:50Z,-0.8566576354205608
2021-07-13T17:00:59Z,-0.0283965338021516
2021-07-13T18:35:20Z,-0.0507224909961223
2021-07-13T18:38:24Z,0.8103886917233467
2021-07-13T21:03:48Z,0.0277636274695396
2021-07-14T14:17:40Z,0.1777172237634658
2021-07-14T14:18:38Z,0.750145947560668
2021-07-15T07:29:16Z,0.4638855466619134
2021-07-15T14:11:18Z,0.8594853095710278
2021-07-15T15:50:00Z,0.0252253375947475
2021-07-16T15:40:38Z,-0.0390452872961759
2021-07-19T16:35:37Z,-0.3547397702932358
2021-07-19T17:03:05Z,0.1172508746385574
2021-07-19T17:05:19Z,0.0884832702577114
2021-07-19T17:27:17Z,0.0252253375947475
2021-07-19T17:45:18Z,0.0897588962689042
2021-07-19T19:55:28Z,0.1061146399006247
2021-07-20T16:38:05Z,-0.8377000465989113
2021-07-20T18:01:13Z,-0.0170516595244407
2021-07-21T16:41:29Z,0.0252253375947475
2021-07-22T14:34:35Z,0.1091251298785209
2021-07-22T15:34:01Z,-0.0170516595244407
2021-07-22T20:25:26Z,0.0983095616102218
2021-07-23T16:19:47Z,0.9330074153840542
2021-07-23T16:48:58Z,-0.0170516595244407
2021-07-24T16:37:00Z,0.0280594788491725
2021-07-26T16:45:26Z,0.0252253375947475
2021-07-28T16:37:54Z,-0.0390452872961759
2021-07-29T02:38:07Z,0.2011093562468886
2021-07-29T13:05:17Z,0.8434437103569508
2021-07-29T17:36:40Z,0.0252253375947475
2021-07-30T16:18:17Z,0.0252253375947475
2021-08-02T18:46:53Z,-0.0390452872961759
2021-08-03T15:15:19Z,-0.0170516595244407
2021-08-04T19:52:59Z,-0.0255619492381811
2021-08-05T04:21:11Z,0.0798402456566691
2021-08-05T15:25:02Z,0.0252253375947475
2021-08-06T16:35:41Z,-0.8377000465989113
2021-08-06T17:21:26Z,0.0101765505969524
2021-08-09T15:48:01Z,0.0252253375947475
2021-08-10T17:13:29Z,0.1195939891040325
2021-08-11T13:16:22Z,0.9380387011915444
2021-08-11T17:08:43Z,-0.0390452872961759
2021-08-11T20:14:30Z,0.0770217468962073
2021-08-17T15:10:34Z,-0.1629809699952602
2021-08-19T15:21:18Z,-0.0170516595244407
2021-08-24T14:16:31Z,0.8958498146384954
2021-08-25T13:42:07Z,-0.0652633383870124
2021-08-27T14:05:37Z,-0.0027338936924934
2021-09-03T14:56:45Z,-0.9483095603063704
2021-09-08T11:58:38Z,0.5342579735442996
2021-09-09T16:32:26Z,0.2479492616839707
2021-09-09T17:16:34Z,0.0540382051840424
2021-09-09T20:34:43Z,0.0696602147072553
2021-09-13T21:09:48Z,0.1522617489099502
2021-09-14T16:10:26Z,-0.001002050936222
2021-09-14T16:36:08Z,-0.1676131337881088
2021-09-16T19:13:02Z,0.453153982758522
2021-09-17T11:06:36Z,0.0220856769010424
2021-09-17T15:05:13Z,0.0777242481708526
2021-09-17T17:15:56Z,0.0046234354376792
2021-09-18T17:50:52Z,0.6981220906600356
2021-09-20T14:07:34Z,0.9204866457730532
2021-09-21T14:30:42Z,0.0236938558518886
2021-09-21T17:00:12Z,-0.0122261960059404
2021-09-21T20:23:57Z,-0.0370373521000146
2021-09-22T11:09:04Z,-0.8165613170713186
2021-09-22T16:57:17Z,-0.8377000465989113
2021-09-23T17:07:31Z,0.0547755565494298
2021-09-24T14:05:17Z,0.0573337776586413
2021-09-24T14:31:48Z,0.3418061584234237
2021-09-24T17:23:05Z,-0.3258868940174579
2021-09-24T21:06:15Z,0.7922995677217841
2021-09-27T16:12:03Z,0.0693025942891836
2021-09-27T21:17:40Z,0.9294294072315096
2021-09-28T13:12:35Z,0.8523273263126612
2021-09-28T17:41:31Z,-0.7248568162322044
2021-09-28T21:20:55Z,-0.90817666426301
2021-09-29T22:14:09Z,-0.4094084240496158
2021-10-01T14:51:28Z,0.8837898448109627
2021-10-01T20:15:14Z,0.1331862453371286
2021-10-04T14:07:31Z,0.0674692951142788
2021-10-04T19:52:01Z,-0.2351948916912078
2021-10-06T12:15:44Z,0.0036982763558626
2021-10-06T16:12:34Z,0.1458969432860613
2021-10-07T14:13:00Z,0.8595467768609524
2021-10-08T13:06:55Z,0.0403532832860946
2021-10-08T18:23:48Z,0.0710535570979118
2021-10-08T18:47:54Z,0.0077579990029335
2021-10-09T15:00:38Z,0.0822236780077219
2021-10-11T01:28:48Z,0.8754531964659691
2021-10-11T13:36:42Z,0.446073368191719
2021-10-11T14:17:15Z,0.6557403355836868
2021-10-11T14:24:28Z,-0.9342506397515536
2021-10-11T14:11:57Z,0.0212612114846706
2021-10-11T20:01:40Z,-0.1007135510444641
2021-10-13T07:28:30Z,-0.0252389572560787
2021-10-13T07:36:22Z,-0.0563308671116828
2021-10-13T09:58:18Z,0.5344439595937729
2021-10-13T10:21:22Z,0.5366536155343056
2021-10-13T10:47:42Z,-0.5478117316961288
2021-10-13T10:51:19Z,-0.0043387953191995
2021-10-13T10:52:08Z,-0.0381471775472164
2021-10-13T10:53:52Z,-0.4394910335540771
2021-10-13T14:11:10Z,0.7824894413352013
2021-10-13T15:06:15Z,0.0650300979614257
2021-10-13T15:16:35Z,-0.8752611130475998
2021-10-13T16:27:06Z,0.8510409854352474
2021-10-13T16:38:08Z,-0.1541635245084762
2021-10-13T18:48:06Z,-0.0226433202624321
2021-10-13T19:11:29Z,0.9031878784298896
2021-10-13T19:45:42Z,0.0073165334761142
2021-10-14T11:29:58Z,0.8970007486641407
2021-10-14T19:22:20Z,0.0053575970232486
2021-10-15T11:20:00Z,-0.0496347770094871
2021-10-15T13:40:57Z,0.8516429737210274
2021-10-15T14:36:26Z,0.0531764365732669
2021-10-16T15:09:05Z,-0.0809272117912769
2021-10-16T21:16:40Z,0.6078210296109319
2021-10-18T14:40:22Z,-0.0012640506029129
2021-10-20T14:00:53Z,0.0833142260089516
2021-10-20T14:01:03Z,0.0233305394649505
2021-10-20T16:02:23Z,0.6333121601492167
2021-10-22T16:40:46Z,-0.0190660990774631
2021-10-25T11:22:28Z,0.8859407473355532
2021-10-25T17:22:38Z,0.0019854605197906
2021-10-25T18:44:04Z,-0.0202399212867021
2021-10-26T12:54:28Z,-0.055409051477909
2021-10-26T15:00:22Z,-0.0414363052695989
2021-10-27T14:00:36Z,0.817350635305047
2021-10-28T13:16:51Z,0.4488644199445843
2021-11-01T13:54:14Z,-0.8770213574171066
2021-11-02T22:17:46Z,-0.9544008877128364
2021-11-04T22:24:33Z,-0.0100546348839998
2021-11-05T20:47:18Z,-0.078854814171791
2021-11-09T12:23:52Z,0.8261986132711172
2021-11-09T19:17:10Z,0.2301658159121871
2021-11-09T22:55:47Z,-0.0043234881013631
2021-11-12T14:12:31Z,0.161835465580225
2021-11-16T03:05:47Z,-0.9278736766427756
2021-11-16T10:55:16Z,-0.940576497465372
2021-11-16T16:18:23Z,-0.1897102147340774
2021-11-16T23:34:46Z,-0.0070950966328382
2021-11-18T08:14:37Z,0.926815077662468
2021-11-19T00:16:08Z,-0.0081202387809753
2021-11-22T14:05:18Z,0.1636445820331573
2021-11-22T15:15:09Z,-0.0283708143979311
2021-11-22T19:13:02Z,0.2506195679306984
2021-11-23T09:09:33Z,0.1682887114584446
2021-11-23T15:53:56Z,-0.2408913373947143
2021-11-23T18:00:24Z,-0.036418555304408
2021-11-23T21:53:59Z,-0.0389677733182907
2021-11-24T00:09:54Z,-0.0063894316554069
2021-11-24T17:58:04Z,0.0650505051016807
2021-11-24T17:50:46Z,-0.9471779409796
2021-11-26T01:09:40Z,0.005593754351139
2021-12-01T15:10:40Z,-0.8461274765431881
2021-12-05T22:45:57Z,-0.0101434960961341
2021-12-06T14:20:34Z,0.8318056538701057
2021-12-06T16:09:19Z,0.0181371439248323
2021-12-06T17:32:50Z,-0.0362014472484588
2021-12-07T17:24:41Z,0.4956056587398052
2021-12-09T18:16:01Z,0.0190973691642284
2021-12-09T18:34:27Z,0.0538337994366884
2021-12-10T00:37:51Z,-0.006227632984519
2021-12-10T18:24:39Z,0.1827625604346394
2021-12-14T04:39:39Z,-0.9590387167409062
2021-07-21T14:34:46Z,-0.8311585672199726
2021-07-26T14:18:10Z,-0.0558805651962757
2021-12-14T17:52:46Z,0.04022878408432
2021-12-15T00:50:33Z,-0.0070260502398014
2021-12-16T08:07:13Z,0.1063388483598828
2021-12-16T18:57:54Z,-0.0437829121947288
2021-12-17T01:08:12Z,-0.0080999955534935
2021-12-18T20:54:04Z,-0.0113094802945852
2021-12-19T17:54:53Z,-0.0487471651285886
2021-12-20T00:44:50Z,-0.006335686892271
2021-12-20T16:37:31Z,-0.0530745275318622
2021-12-20T22:43:28Z,-0.0054209735244512
2021-12-21T16:06:43Z,-0.0004279874265193
2021-12-21T17:09:48Z,0.0191304385662078
2021-12-22T03:05:02Z,-0.0074976533651351
2021-12-27T14:53:28Z,0.0122803393751382
2021-12-27T19:19:39Z,-0.0530745275318622
2021-12-29T14:48:45Z,0.0139451157301664
2021-12-31T18:21:03Z,-0.9340292271226645
2022-01-03T15:08:57Z,-0.0437829121947288
2022-01-03T17:25:38Z,0.8575515244156122
2022-01-03T17:51:33Z,-0.1098244003951549
2022-01-03T23:28:06Z,-0.0081437081098556
2022-01-04T12:34:31Z,-0.6815750934183598
2022-01-04T15:14:13Z,-0.4920265916734934
2022-01-04T16:07:07Z,0.0207131169736385
2022-01-05T11:55:23Z,0.7734153401106596
2022-01-05T22:18:41Z,0.0325607191771268
2022-01-06T15:29:54Z,-0.8993886969983578
2022-01-07T17:41:50Z,0.0089880265295505
2022-01-09T22:57:30Z,-0.4674949776381254
2022-01-10T12:41:47Z,0.0029661618173122
2022-01-10T14:22:22Z,0.025673734024167
2022-01-10T16:12:30Z,0.0207131169736385
2022-01-10T18:05:24Z,0.0013757906854152
2022-01-10T18:29:02Z,0.0524582406505942
2022-01-10T18:33:48Z,0.9245815183967352
2022-01-11T17:29:15Z,0.2294682040810585
2022-01-11T18:35:27Z,0.0132333803921937
2022-01-11T20:10:59Z,-0.0026108473539352
2022-01-12T14:44:27Z,-0.0397168323397636
2022-01-12T17:03:51Z,0.0775842694565653
2022-01-12T21:15:38Z,0.2384378537535667
2022-01-13T14:10:42Z,-0.0641700364649295
2022-01-13T14:18:33Z,0.0360126327723264
2022-01-13T15:05:20Z,-0.0932163745164871
2022-01-13T17:43:21Z,0.1013135313987732
2022-01-14T09:09:19Z,-0.1055105235427618
2022-01-14T09:24:42Z,-0.0137111395597457
2022-01-14T11:06:45Z,0.8464109227061272
2022-01-14T11:47:49Z,-0.0107215046882629
2022-01-14T12:07:20Z,-0.0547043569386005
2022-01-14T14:46:23Z,0.3494581133127212
2022-01-14T15:40:28Z,-0.8793203383684158
2022-01-14T15:59:11Z,-0.021582506597042
2022-01-14T16:46:13Z,-0.0893003512173891
2022-01-14T15:12:07Z,-0.6494772583246231
2022-01-14T17:14:43Z,-0.363228440284729
2022-01-14T17:30:16Z,0.832770049571991
2022-01-14T19:12:14Z,-0.2725886702537536
2022-01-14T20:02:00Z,-0.8936346415430307
2022-01-14T20:30:29Z,0.0986921237781643
2022-01-15T14:05:48Z,-0.0024419501423835
2022-01-16T22:20:02Z,-0.0601921398192644
2022-01-18T10:26:50Z,-0.0154582485556602
2022-01-18T13:42:47Z,-0.1141744554042816
2022-01-18T14:56:19Z,0.1758441533893346
2022-01-18T15:16:47Z,-0.204834908246994
2022-01-18T17:11:49Z,-0.1591801010072231
2022-01-18T21:11:37Z,-0.6157007291913033
2022-01-19T14:15:18Z,0.6632377244532108
2022-01-19T17:01:53Z,0.0130958259105682
2022-01-19T20:04:50Z,-0.0011169649660587
2022-01-19T22:12:29Z,-0.0782785173505544
2022-01-20T16:53:47Z,0.9106257427483796
2022-01-24T18:00:56Z,-0.0166226122528314
2022-01-24T19:03:00Z,0.0085244961082935
2022-01-24T20:14:16Z,-0.1403877176344394
2022-01-25T06:03:33Z,-0.904217829927802
2022-01-25T12:13:53Z,-0.0193049162626266
2022-01-21T12:47:29Z,0.0269534569233655
2021-10-23T19:53:01Z,0.0151389110833406
2022-01-27T14:54:06Z,-0.6384880244731903
2022-01-27T16:03:34Z,-0.0110754258930683
2022-01-28T17:38:52Z,0.0089880265295505
2022-01-28T18:39:13Z,0.0085244961082935
2022-01-29T18:52:32Z,0.8350443616509438
2022-02-02T21:09:48Z,-0.0004279874265193
2022-02-03T13:43:19Z,-0.0085183344781398
2022-02-03T17:39:38Z,-0.0348262079060077
2022-02-08T04:31:37Z,-0.9095599073916674
2022-02-09T20:31:33Z,-0.0946727078408002
2022-02-10T22:03:00Z,0.0559845566749572
2022-02-11T19:06:01Z,-0.0004279874265193
2022-02-14T10:34:15Z,-0.2569334357976913
2022-02-14T12:53:46Z,-0.1186727881431579
2022-02-14T14:14:57Z,-0.0176708903163671
2022-02-14T15:27:44Z,-0.491018932312727
2022-02-15T00:11:06Z,0.0261467695236206
2022-02-15T16:42:28Z,0.1161490278318524
2022-02-16T13:28:40Z,0.1065130308270454
2022-02-16T13:52:21Z,0.0379717070609331
2022-02-16T17:04:08Z,0.0085244961082935
2022-02-17T13:59:32Z,-0.8855476081371307
2022-02-17T15:23:15Z,0.9152496438473464
2022-02-18T13:13:31Z,-0.0109201166778802
2022-02-18T13:24:14Z,0.9272837080061436
2022-02-18T13:38:23Z,-0.968510193284601
2022-02-22T10:37:52Z,-0.0747270323336124
2022-02-23T12:30:50Z,-0.0270292330533266
2022-02-23T17:20:03Z,0.1382980793714523
2022-02-23T21:27:14Z,-0.9025058448314668
2022-02-24T16:07:58Z,-0.93728394433856
2022-02-24T19:11:51Z,-0.0011169649660587
2022-02-25T16:12:57Z,0.9110468374565244
2022-02-25T18:42:24Z,-0.9220637204125524
2022-02-25T19:03:36Z,0.025923952460289
2022-02-27T17:32:21Z,0.0301704984158277
2022-02-27T21:59:30Z,-0.0099882241338491
2022-02-28T16:02:00Z,0.0260119438171386
2022-02-28T17:14:29Z,0.0398446805775165
2022-02-28T18:28:57Z,-0.0117419641464948
2022-02-28T18:40:51Z,-0.0264413524419069
2022-02-28T21:32:08Z,-0.6731519997119904
2022-03-01T16:18:06Z,-0.924292104318738
2022-03-01T17:35:34Z,-0.1004760488867759
2022-03-01T17:38:45Z,-0.0348262079060077
2022-03-01T20:53:03Z,0.1456749029457569
2022-03-01T21:45:28Z,-0.9474250469356776
2022-03-03T23:00:24Z,-0.7829746622592211
2022-03-04T12:33:01Z,-0.9474545363336802
2022-03-04T14:23:22Z,-0.0088318884372711
2022-03-04T16:25:07Z,0.0047649517655372
2022-03-04T17:27:35Z,-0.9156848918646574
2022-03-04T21:25:38Z,0.0147966817021369
2022-03-04T21:40:45Z,0.1218943120911717
2022-03-07T17:59:25Z,-0.9278578208759428
2022-03-08T13:48:55Z,-0.9664767449721694
2022-03-08T17:05:22Z,-0.880984622053802
2022-03-09T11:13:44Z,-0.567239897325635
2022-03-10T18:04:01Z,0.0089880265295505
2022-03-10T19:44:44Z,-0.2720139622688293
2022-03-10T21:44:51Z,0.030096024274826
2022-03-11T00:34:35Z,0.0272905305027961
2022-03-11T08:08:20Z,0.0969046736136078
2022-03-11T11:59:28Z,-0.2849638015031814
2022-03-11T12:49:22Z,-0.0152374468743801
2022-03-11T21:22:06Z,0.0207131169736385
2022-03-14T11:43:32Z,0.0821739807724952
2022-03-14T12:37:33Z,-0.0214632600545883
2022-03-14T17:36:34Z,-0.0466729216277599
2022-03-15T12:33:15Z,0.0150503050535917
2022-03-15T16:37:14Z,0.1506058946251869
2022-03-15T20:27:07Z,0.7779366504400969
2022-03-15T23:13:36Z,0.0294899530708789
2022-03-16T11:43:30Z,-0.9240855406969786
2022-03-16T13:06:00Z,-0.2013695705682039
2022-03-16T14:23:02Z,0.8456971421837807
2022-03-16T19:40:16Z,0.0190973691642284
2022-03-16T20:06:10Z,0.3437781929969787
2022-03-16T22:57:58Z,0.0285446755588054
2022-03-17T06:01:10Z,0.2285363264381885
2022-03-17T19:12:09Z,0.05381790548563
2022-03-18T04:23:10Z,0.7330691898241639
2022-03-18T10:53:42Z,0.0939075741916894
2022-03-18T16:30:18Z,-0.0006659254431724
2022-03-18T19:02:24Z,0.0085244961082935
2022-03-20T18:12:14Z,0.0330639835447073
2022-03-21T11:21:08Z,-0.9597616298124194
2022-03-21T12:05:03Z,-0.0210379771888256
2022-03-22T18:58:58Z,0.0173084307461977
2022-03-22T23:00:18Z,0.0261320210993289
2022-03-23T11:24:36Z,-0.9463230222463608
2022-03-23T12:06:44Z,-0.0214942544698715
2022-03-23T15:06:24Z,0.0207131169736385
2022-03-23T21:55:39Z,0.0297328401356935
2022-03-24T13:10:54Z,-0.0437829121947288
2022-03-24T16:12:17Z,0.1705865943804383
2022-03-24T19:46:18Z,-0.0505825579166412
2022-03-24T21:52:03Z,0.032028978690505
2022-03-28T12:30:26Z,-0.1860944032669067
2022-03-28T22:29:00Z,0.029317582026124
2022-03-29T20:18:50Z,0.0324849225580692
2022-03-30T11:43:05Z,-0.0072152577340602
2022-03-31T13:15:00Z,-0.1327456161379814
2022-03-31T13:39:45Z,0.0071011576801538
2022-03-31T15:37:29Z,-0.0287796966731548
2022-04-01T05:14:47Z,0.1735589317977428
2022-04-01T16:04:10Z,-0.6850845627486706
2022-04-04T10:38:28Z,0.6923079267144203
2022-04-04T12:09:14Z,-0.1186727881431579
2022-04-04T16:40:17Z,0.0558812040835619
2022-04-04T16:52:32Z,0.0390570051968097
2022-04-04T17:25:04Z,-0.0620811805129051
2022-04-04T17:32:03Z,-0.1231275647878646
2022-04-04T18:08:19Z,-0.0085079260170459
2022-04-04T20:16:23Z,-0.1695373654365539
2022-04-04T20:21:07Z,-0.1207666173577308
2022-04-04T23:04:17Z,0.0293582826852798
2022-04-05T10:58:53Z,0.3656532615423202
2022-04-05T12:47:22Z,-0.0961587354540824
2022-04-05T17:24:44Z,0.2069007009267807
2022-04-05T18:51:28Z,0.1341384155675768
2022-04-06T11:42:06Z,0.2520695701241493
2022-04-06T17:29:43Z,0.134110496379435
2022-04-06T18:17:39Z,0.2073789276182651
2022-04-07T09:51:47Z,-0.1608398482203483
2022-04-07T14:41:05Z,-0.0668627973645925
2022-04-07T16:16:05Z,0.6960068698972464
2022-04-08T06:01:13Z,0.0278580803424119
2022-04-08T12:04:20Z,-0.0131877325475215
2022-04-09T00:29:00Z,0.1595094799995422
2022-04-10T14:29:52Z,0.023956524208188
2022-04-11T11:20:13Z,-0.9390672650188208
2022-04-11T11:40:02Z,-0.8764145821332932
2022-04-11T11:43:58Z,0.5135982856154442
2022-04-11T12:46:02Z,0.0242820419371128
2022-04-12T11:21:03Z,-0.0502608455717563
2022-04-12T12:08:13Z,-0.0158913061022758
2022-04-12T13:12:34Z,0.0068074837327003
2022-04-12T15:15:03Z,-0.1742795705795288
2022-04-12T17:45:19Z,0.0289985928684473
2022-04-12T23:49:43Z,-0.000856602564454
2022-04-13T09:39:24Z,0.0001817774027585
2022-04-13T10:48:20Z,-0.3819819018244743
2022-04-13T10:50:46Z,-0.4142834544181824
2022-04-13T10:52:38Z,0.2704464141279459
2022-04-13T11:07:06Z,0.509461909532547
2022-04-13T11:08:05Z,0.0518157947808504
2022-04-13T11:26:53Z,-0.9653596300631762
2022-04-13T11:29:26Z,-0.9634580118581652
2022-04-13T12:59:45Z,-0.8793203383684158
2022-04-13T13:09:12Z,-0.9360193908214568
2022-04-13T13:10:38Z,-0.3590267300605774
2022-04-13T13:12:13Z,-0.7693003490567207
2022-04-13T13:28:39Z,-0.018174959346652
2022-04-13T14:07:16Z,0.0190973691642284
2022-04-13T16:59:52Z,-0.0168615020811557
2022-04-13T20:06:29Z,0.1079157562926411
2022-04-13T23:54:06Z,-0.0090048164129257
2022-04-14T09:35:09Z,-0.0034510549157857
2022-04-14T10:04:58Z,0.1384725626558065
2022-04-14T10:54:00Z,0.2802556194365024
2022-04-14T11:02:20Z,0.3763316124677658
2022-04-14T11:07:26Z,0.8517864756286144
2022-04-14T11:09:32Z,-0.1609987020492553
2022-04-14T11:49:27Z,-0.0183515921235084
2022-04-14T12:43:07Z,-0.0292002409696578
2022-04-14T13:14:41Z,-0.0223883055150508
2022-04-14T15:28:23Z,0.0081230010837316
2022-04-14T16:28:09Z,0.0181371439248323
2022-04-17T21:59:18Z,0.0267346929758787
2022-04-18T21:10:03Z,-0.3263921588659286
2022-04-19T15:02:51Z,-0.0530745275318622
2022-04-19T17:42:32Z,0.0089880265295505
2022-04-20T10:28:18Z,-0.8178239949047565
2022-04-20T11:49:07Z,-0.0255613811314106
2022-04-22T11:23:09Z,-0.0208584628999233
2022-04-22T11:54:49Z,-0.0246363505721092
2022-04-23T16:26:51Z,0.069944854825735
2022-04-25T16:01:00Z,-0.9278578208759428
2022-04-25T16:42:26Z,-0.0004279874265193
2022-04-26T11:35:00Z,-0.8922910671681166
2022-04-26T12:10:10Z,-0.0182404443621635
2022-04-26T14:02:31Z,-0.0103078242391347
2022-04-27T11:26:24Z,-0.0490358974784612
2022-04-27T18:41:04Z,-0.9246267415583134
2022-04-27T20:07:17Z,0.0085244961082935
2022-04-28T00:07:13Z,0.0297007523477077
2022-04-28T11:25:20Z,-0.3004262112081051
2022-04-28T19:31:01Z,-0.9226896399632096
2022-04-29T01:33:47Z,0.028291868045926
2022-04-29T15:23:58Z,-0.2400216460227966
2022-05-02T17:39:00Z,-0.0773578099906444
2022-05-02T23:24:18Z,-0.0071754902601242
2022-05-03T11:54:16Z,0.4003999605774879
2022-05-03T14:04:15Z,-0.397230964154005
2022-05-03T17:02:30Z,-0.020054617896676
2022-05-03T20:05:27Z,0.7203875556588173
2022-05-03T21:30:02Z,-0.014673663303256
2022-05-04T18:29:29Z,0.0326590798795223
2022-05-06T20:36:55Z,0.0085244961082935
2022-05-08T18:23:26Z,-0.0885191205888986
2022-05-08T19:27:21Z,0.0012093018740415
2022-05-09T12:23:21Z,-0.3852833211421966
2022-05-09T18:07:20Z,0.0206079874187707
2022-05-10T17:31:52Z,-0.0687574129551649
2022-05-11T06:56:12Z,0.0114393848925828
2022-05-12T02:40:36Z,-0.7883142903447151
2022-05-12T14:23:17Z,0.0117597337812185
2022-05-16T12:35:14Z,0.2263222774490714
2022-05-16T16:45:35Z,0.1611939668655395
2022-05-16T18:04:33Z,-0.0004279874265193
2022-05-17T17:43:45Z,0.1265562772750854
2022-05-18T11:50:21Z,-0.042916402220726
2022-05-18T12:22:12Z,-0.0276339258998632
2022-05-18T22:43:36Z,-0.0257485304027795
2022-05-19T13:00:01Z,-0.2310852706432342
2022-05-19T14:08:44Z,0.0021061562001705
2022-05-19T16:59:49Z,-0.0189872980117797
2022-05-19T17:54:49Z,-0.1500455811619758
2022-05-19T18:08:46Z,-0.7123288884758949
2022-05-19T19:35:38Z,-8.5391104221344e-05
2022-05-19T19:39:22Z,-0.1137490570545196
2022-05-20T13:16:00Z,-0.0089482143521308
2022-05-20T14:04:00Z,-0.0530745275318622
2022-05-23T10:20:58Z,0.9308540038764476
2022-05-23T10:23:54Z,0.6753308475017548
2022-05-23T13:08:02Z,-0.4326677769422531
2022-05-23T15:50:25Z,-0.9554657936096193
2022-05-23T16:16:17Z,-0.0023199617862701
2022-05-23T16:27:26Z,0.0276449955999851
2022-05-23T18:06:18Z,0.5188176967203617
2022-05-23T18:06:39Z,0.7808627616614103
2022-05-23T20:33:45Z,0.0206079874187707
2022-05-24T10:47:52Z,0.8682658057659864
2022-05-24T11:12:11Z,0.6228066049516201
2022-05-24T13:28:00Z,0.6278315372765064
2022-05-24T14:10:34Z,0.8245640229433775
2022-05-24T16:59:30Z,-0.0028191804885864
2022-05-24T17:26:53Z,-0.2191441357135772
2022-05-25T12:30:38Z,0.0170166734606027
2022-05-25T17:40:06Z,-0.2117484286427498
2022-06-01T04:57:46Z,-0.0514432378113269
2022-06-01T14:07:23Z,0.1972619853913784
2022-06-01T17:12:18Z,-0.0091862380504608
2022-06-01T18:46:11Z,-0.4476380292326212
2022-06-01T18:49:55Z,-0.8752813264727592
2022-06-01T18:52:53Z,-0.9421358704566956
2022-06-01T19:08:02Z,-0.5962233133614063
2022-06-01T20:32:49Z,-0.927541233599186
2022-06-01T20:57:43Z,0.0085244961082935
2022-06-01T23:52:54Z,-0.0062281601130962
2022-06-02T11:18:10Z,0.3278326615691185
2022-06-07T12:31:03Z,0.7848854763433337
2022-06-07T23:44:22Z,0.030035737901926
2022-06-08T16:06:15Z,0.0085244961082935
2022-06-13T11:42:14Z,0.3036970533430576
2022-06-13T16:07:27Z,0.076317991130054
2022-06-13T17:34:55Z,-0.9553026109933852
2022-06-14T15:04:29Z,0.0510141812264919
2022-06-14T17:42:52Z,0.2819558884948492
2022-06-14T20:32:30Z,0.0085244961082935
2022-06-16T11:45:05Z,0.0885786861181259
2022-06-16T12:31:48Z,-0.1934449635446071
2022-06-16T17:01:34Z,-0.0210981853306293
2022-06-16T17:15:36Z,-0.0386767722666263
2022-06-16T18:31:49Z,0.2197590172290802
2022-06-17T12:30:15Z,-0.1428741440176963
2022-06-17T17:31:35Z,0.0190973691642284
2022-06-22T15:01:34Z,-0.9511486999690532
2022-06-22T19:04:01Z,0.0190973691642284
2022-06-22T20:23:56Z,-0.9453388340771198
2022-06-24T07:13:35Z,-0.0223208032548427
2022-06-24T12:25:34Z,-0.2324849367141723
2022-06-24T13:12:41Z,-0.0081437081098556
2022-06-24T14:39:55Z,0.1664314577355981
2022-06-24T20:33:41Z,0.0131574794650077
2022-06-26T15:45:13Z,0.1882585231214761
2022-06-26T21:03:30Z,0.0367302726954221
2022-06-27T11:45:47Z,0.1197338597849011
2022-06-27T12:54:13Z,0.0195377431809902
2022-06-27T15:45:19Z,-0.0285888612270355
2022-06-27T20:45:51Z,0.0126124676316976
2022-06-27T20:45:56Z,0.0819328986108303
2022-06-28T16:07:49Z,-0.0028859749436378
2022-06-29T20:39:55Z,-0.0309028215706348
2022-06-29T21:45:15Z,0.049733780324459
2022-06-30T15:38:15Z,-0.0773438904434442
2022-06-30T14:32:04Z,-0.0584128480404615
2022-06-30T14:45:57Z,0.0252560693770647
2022-06-30T17:00:03Z,-0.0288855172693729
2022-06-30T17:44:23Z,-0.0328305996954441
2022-06-30T19:00:41Z,-0.8617557622492313
2022-07-01T00:04:14Z,0.0010937862098217
2022-07-01T10:51:23Z,0.3835382312536239
2022-07-01T11:57:33Z,0.6828387528657913
2022-07-01T12:20:01Z,-0.0377813652157783
2022-07-01T16:09:31Z,0.036818815395236
2022-07-01T19:32:11Z,-0.0004279874265193
2022-07-01T20:03:15Z,-0.0289320237934589
2022-07-04T18:38:33Z,0.0686798887327313
2022-07-05T11:42:23Z,0.0230065826326608
2022-07-05T13:26:36Z,0.046167105436325
2022-07-05T15:01:47Z,-0.7767073046416044
2022-07-05T16:09:52Z,-0.924292104318738
2022-07-05T18:37:20Z,-0.5731823928654194
2022-07-06T12:06:34Z,0.0132030099630355
2022-07-06T20:35:05Z,-0.9545054081827402
2022-07-07T04:18:25Z,-0.0116933211684226
2022-07-07T17:36:46Z,0.038494961336255
2022-07-07T18:33:25Z,-0.0530745275318622
2022-07-07T18:51:26Z,-0.0558149293065071
2022-07-07T19:05:49Z,0.0429269224405288
2022-07-08T10:35:18Z,-0.0012578815221786
2022-07-08T17:16:42Z,-0.6294287145137787
2022-07-11T12:42:19Z,0.0322611890733242
2022-07-11T13:53:14Z,-0.203840360045433
2022-07-11T18:02:34Z,-0.0262216236442327
2022-07-12T11:24:31Z,0.4185636714100837
2022-07-12T12:10:50Z,-0.0113508217036724
2022-07-12T13:01:47Z,-0.5099179819226265
2022-07-12T13:14:51Z,-0.2747398614883423
2022-07-12T14:21:17Z,-0.4156706407666206
2022-07-12T17:00:42Z,0.0019553527235984
2022-07-12T17:56:32Z,0.1010687761008739
2022-07-12T18:45:11Z,-0.0131359603255987
2022-07-12T20:24:15Z,-0.016742181032896
2022-07-12T23:25:44Z,-0.0073758456856012
2022-07-13T12:27:30Z,0.328864911571145
2022-07-13T14:03:29Z,-0.0932163745164871
2022-07-13T14:32:23Z,-0.0004279874265193
2022-07-13T16:08:58Z,-0.0074474569410085
2022-07-13T18:15:58Z,-0.5970151498913765
2022-07-13T19:50:27Z,-0.0290575791150331
2022-07-14T00:27:15Z,-0.0072714369744062
2022-07-14T08:18:17Z,0.0057070739567279
2022-07-14T10:12:02Z,-0.0090115815401077
2022-07-14T10:15:35Z,-0.9349362161010504
2022-07-14T08:40:07Z,-0.0959694422781467
2022-07-14T10:47:52Z,-0.3168661519885063
2022-07-14T10:50:28Z,-0.3073294200003147
2022-07-14T10:51:41Z,-0.9366592997685076
2022-07-14T11:51:35Z,-0.0803902931511402
2022-07-14T12:10:27Z,0.3762246705591678
2022-07-14T12:51:44Z,-0.8981552664190531
2022-07-14T12:52:24Z,0.9244946502149104
2022-07-14T13:07:27Z,-0.6245792508125305
2022-07-14T13:11:34Z,0.8559987135231495
2022-07-14T13:22:48Z,-0.8752493970096111
2022-07-14T16:04:51Z,-0.174363873898983
2022-07-14T16:09:09Z,-0.9226896399632096
2022-07-14T16:10:08Z,-0.948132798075676
2022-07-14T16:42:40Z,-0.0308303292840719
2022-07-14T16:44:15Z,-0.0086316093802452
2022-07-14T17:31:50Z,0.0328135341405868
2022-07-14T20:56:59Z,-0.535159220919013
2022-07-15T08:28:50Z,-0.8709563352167606
2022-07-15T09:40:14Z,-0.0511265210807323
2022-07-15T10:38:14Z,0.057776391506195
2022-07-15T10:40:14Z,-0.1717340946197509
2022-07-15T10:46:47Z,0.9078819770365952
2022-07-15T11:31:37Z,0.0412465184926986
2022-07-15T12:13:11Z,-0.0185117907822132
2022-07-15T12:54:42Z,-0.2280455231666565
2022-07-15T13:18:11Z,-0.2860331237316131
2022-07-15T14:06:03Z,-0.0205610059201717
2022-07-15T15:06:18Z,-0.0691499356180429
2022-07-15T14:32:18Z,0.0074622835963964
2022-07-15T15:28:06Z,0.007926058024168
2022-07-15T15:32:15Z,-0.0905002430081367
2022-07-15T15:38:45Z,-0.0269917100667953
2022-07-15T16:00:21Z,-0.0013820845633745
2022-07-15T16:08:37Z,0.0291947573423385
2022-07-15T18:09:42Z,0.1463413909077644
2022-07-15T20:02:41Z,-0.9145441874861716
2022-07-16T20:45:33Z,-0.716570682823658
2022-07-18T05:24:05Z,0.8897265121340752
2022-07-18T08:46:24Z,0.0143891982734203
2022-07-18T10:49:09Z,0.0342874974012374
2022-07-18T09:56:37Z,0.1990836262702942
2022-07-19T14:05:59Z,0.0190973691642284
2022-07-19T16:56:32Z,0.005103476345539
2022-07-21T17:07:14Z,0.0871027708053588
2022-07-21T19:33:41Z,0.939393050968647
2022-07-21T22:18:39Z,0.148112578317523
2022-07-22T12:10:43Z,-0.7864450439810753
2022-07-23T19:36:21Z,0.7602306082844734
2022-07-25T11:52:33Z,-0.0179801955819129
2022-07-25T12:22:31Z,-0.0616880171000957
2022-07-26T16:13:23Z,0.0207131169736385
2022-07-27T20:40:09Z,-0.907629296183586
2022-07-28T13:43:11Z,-0.8331586495041847
2022-07-29T14:18:53Z,-0.3268302269279957
2022-07-30T21:11:05Z,-0.1021320633590221
2022-08-01T18:31:56Z,0.1705615418031811
2022-08-01T19:07:46Z,0.0207131169736385
2022-08-02T14:20:43Z,-0.0530745275318622
2022-08-02T15:15:50Z,-0.022641897201538
2022-08-02T18:26:45Z,-0.0466729216277599
2022-08-03T17:09:44Z,0.0211887527257204
2022-08-08T08:57:12Z,-0.1017978191375732
2022-08-09T14:53:28Z,-0.0977953225374221
2022-08-15T12:50:50Z,0.4804125889204442
2022-08-15T16:51:54Z,0.1081688096746802
2022-08-15T20:35:51Z,0.0564956795424222
2022-08-15T20:57:52Z,0.0278311800211668
2022-08-16T11:51:17Z,0.0856553185731172
2022-08-16T15:05:36Z,0.0315140262246131
2022-08-16T18:53:00Z,0.0207131169736385
2022-08-17T21:04:53Z,-0.0107864961028099
2022-08-18T10:28:14Z,0.6703391512855887
2022-08-18T12:25:39Z,0.0403277222067117
2022-08-18T22:54:13Z,0.0441339444369077
2022-08-19T14:00:34Z,-0.0543753001838922
2022-08-19T15:36:16Z,0.1624263823032379
2022-08-20T19:54:19Z,-0.4582819640636444
2022-08-22T18:21:58Z,-0.860875379294157
2022-08-22T19:07:51Z,0.0845465343445539
2022-08-23T16:39:18Z,0.0207131169736385
2022-08-24T01:40:36Z,0.8788041416555643
2022-08-24T12:35:24Z,0.0910407043993473
2022-08-24T12:55:34Z,0.6875152718275785
2022-08-25T17:00:41Z,-0.0236151851713657
2022-08-25T18:29:43Z,0.0865001752972602
2022-08-26T14:59:58Z,-0.0004279874265193
2022-08-26T12:44:32Z,-0.0130805075168609
2022-08-30T17:04:09Z,0.0206079874187707
2022-08-30T20:05:28Z,-0.0004279874265193
2022-08-31T13:48:46Z,0.087688161060214
2022-08-31T20:41:20Z,0.7757499795407057
2022-09-05T20:46:20Z,0.0481833927333354
2022-09-06T17:35:13Z,0.0207131169736385
2022-09-12T06:07:51Z,0.0324874110519886
2022-09-12T08:03:44Z,0.0202361568808555
2022-09-12T09:32:33Z,0.859642680734396
2022-09-12T12:15:33Z,0.1943253064528107
2022-09-12T13:25:36Z,0.0248067826032638
2022-09-12T14:54:39Z,-0.7044370602816343
2022-09-12T17:04:47Z,0.0036461371928453
2022-09-12T21:14:25Z,0.0765651762485504
2022-09-13T14:46:17Z,-0.9649135889485478
2022-09-13T14:58:46Z,0.9365790504962206
2022-09-13T15:06:40Z,0.0701013803482055
2022-09-13T17:36:37Z,0.7966497829183936
2022-09-16T10:28:06Z,0.0275420099496841
2022-09-16T15:09:52Z,-0.0636731814593076
2022-09-19T12:42:15Z,-0.3395847305655479
2022-09-20T09:16:49Z,-0.1072009578347206
2022-09-20T12:07:49Z,0.0497211664915084
2022-09-20T13:08:21Z,0.1009554862976074
2022-09-20T13:08:47Z,-0.8253697492182255
2022-09-20T16:28:41Z,-0.9237524066120386
2022-09-20T17:00:11Z,-0.03467782959342
2022-09-20T18:30:57Z,0.0860439902171492
2022-09-21T12:30:53Z,-0.0380450040102005
2022-09-21T17:03:09Z,0.0207131169736385
2022-09-22T14:33:33Z,-0.9075021781027316
2022-09-22T14:49:56Z,-0.3783556520938873
2022-09-23T15:37:19Z,-0.0004279874265193
2022-09-25T12:21:28Z,-0.0654340982437133
2022-09-26T11:52:58Z,-0.6887705475091934
2022-09-26T16:23:48Z,-0.0676685199141502
2022-09-27T12:40:39Z,0.9157283334061505
2022-09-27T14:15:33Z,-0.4719751253724098
2022-09-27T15:37:07Z,-0.0004243962466716
2022-09-27T16:42:54Z,-0.924292104318738
2022-09-27T17:38:06Z,-0.0348262079060077
2022-09-28T12:24:36Z,-0.022789854556322
2022-09-28T16:55:50Z,0.0207131169736385
2022-09-29T14:02:26Z,0.1010129200294613
2022-09-29T14:03:46Z,0.0147951878607273
2022-09-29T17:32:01Z,-0.9226896399632096
2022-09-30T08:57:32Z,0.6148443575948477
2022-09-30T14:46:56Z,0.0252560693770647
2022-10-03T16:32:38Z,0.0207131169736385
2022-10-03T19:21:51Z,0.011969206854701
2022-10-03T17:38:15Z,0.0089880488812923
2022-10-04T12:56:21Z,0.0111403912305831
2022-10-04T16:12:03Z,0.0655376352369785
2022-10-04T17:36:45Z,0.0089880265295505
2022-10-05T11:53:49Z,-0.1632122099399566
2022-10-05T13:00:18Z,-0.9385035829618572
2022-10-05T13:04:08Z,0.0182339251041412
2022-10-05T17:00:54Z,-0.1333773210644722
2022-10-06T12:21:54Z,-0.1839612871408462
2022-10-06T13:14:59Z,-0.6436198800802231
2022-10-07T19:50:17Z,-0.9166982937604188
2022-10-11T00:46:46Z,-0.8626474514603615
2022-10-11T02:15:25Z,0.7113482505083084
2022-10-11T09:14:48Z,-0.9129057768732308
2022-10-11T11:58:58Z,0.0227471105754375
2022-10-11T14:19:26Z,-0.9462282955646516
2022-10-11T15:45:35Z,-0.1294885538518428
2022-10-11T15:45:58Z,-0.0140746906399726
2022-10-11T16:47:32Z,-0.924292104318738
2022-10-12T01:59:38Z,0.4646021723747253
2022-10-12T11:09:32Z,-0.9352719355374576
2022-10-12T12:22:01Z,-0.0070708356797695
2022-10-12T13:20:32Z,-0.9161423202604057
2022-10-12T16:05:10Z,-0.0530745275318622
2022-10-12T17:28:02Z,-0.1082823388278484
2022-10-12T17:32:06Z,-0.9246267415583134
2022-10-13T11:14:08Z,-0.5056696385145187
2022-10-13T14:03:14Z,-0.0575423538684845
2022-10-13T15:01:26Z,-0.0386767722666263
2022-10-13T18:06:10Z,0.3310032784938812
2022-10-13T18:08:42Z,0.9034291403368117
2022-10-13T18:13:19Z,0.0045125447213649
2022-10-13T18:14:35Z,0.2396818483248353
2022-10-13T18:16:37Z,0.7863061465322971
2022-10-13T19:48:27Z,-0.0332300402224063
2022-10-14T07:13:03Z,0.210909916087985
2022-10-14T07:44:12Z,-0.8739874735474586
2022-10-14T08:01:51Z,0.0123373940587043
2022-10-14T09:11:22Z,-0.92699852026999
2022-10-14T09:59:22Z,0.4797314554452896
2022-10-14T09:12:30Z,-0.0910072512924671
2022-10-14T10:47:22Z,-0.5356690809130669
2022-10-14T10:51:02Z,-0.0496347770094871
2022-10-14T10:51:56Z,-0.9287952836602926
2022-10-14T11:15:24Z,0.8534012362360954
2022-10-14T12:09:07Z,0.0205473974347114
2022-10-14T12:14:28Z,-0.9228482572361828
2022-10-14T12:49:27Z,-0.8229754250496626
2022-10-14T15:25:12Z,0.8567402735352516
2022-10-14T16:24:22Z,-0.6535709090530872
2022-10-14T18:33:33Z,-0.9459786890074612
2022-10-14T18:57:34Z,-0.0984904915094375
2022-10-14T18:59:55Z,-0.6783855780959129
2022-10-14T19:59:49Z,0.0307066962122917
2022-10-14T20:15:16Z,-0.0290755107998847
2022-10-13T21:18:14Z,-0.1919470503926277
2022-10-17T09:18:57Z,-0.4185109883546829
2022-10-17T05:09:19Z,0.0344586335122585
2022-10-17T10:40:19Z,-0.8682291582226753
2022-10-17T11:17:24Z,0.7373862192034721
2022-10-17T13:03:17Z,0.8910020058974624
2022-10-17T15:52:08Z,-0.3793030381202698
2022-10-17T17:00:27Z,-0.0453728213906288
2022-10-17T17:37:07Z,-0.0462268143892288
2022-10-17T18:12:59Z,-0.0128513257950544
2022-10-17T18:31:34Z,-0.1403248636052012
2022-10-18T12:18:56Z,0.198948111385107
2022-10-18T15:37:52Z,-0.496586725115776
2022-10-18T17:33:23Z,0.0570129510015249
2022-10-19T11:37:50Z,-0.0400652904063463
2022-10-19T16:26:09Z,0.0488220276311039
2022-10-19T16:29:17Z,0.0207131169736385
2022-10-19T20:20:51Z,0.0020974725484848
2022-10-24T16:36:55Z,-0.0530745275318622
2022-10-24T17:30:14Z,-0.4523227959871292
2022-10-25T15:48:20Z,0.8508238205686212
2022-10-26T15:58:58Z,0.1542983874678611
2022-10-27T13:01:27Z,0.8675749758258462
2022-10-27T13:44:35Z,0.0175443552434444
2022-10-27T16:05:08Z,-0.102377563714981
2022-10-28T13:17:12Z,-0.0114988908171653
2022-10-28T16:35:12Z,0.0088329073041677
2022-10-30T18:50:50Z,-0.7026127353310585
2022-10-31T17:45:10Z,-0.021648870781064
2022-10-31T17:56:51Z,-0.0348262079060077
2022-11-01T13:24:11Z,0.0009070541709661
2022-11-01T17:22:23Z,0.3037780988961458
2022-11-02T11:13:10Z,-0.2252221405506134
2022-11-02T16:50:38Z,-0.0266200918704271
2022-11-03T17:57:48Z,0.1042878041043877
2022-11-03T21:35:31Z,-0.0501955244690179
2022-11-04T04:29:39Z,0.8660640884190798
2022-11-04T14:04:36Z,-0.9498085398226976
2022-11-04T15:36:48Z,-0.021648870781064
2022-11-04T18:19:22Z,-0.0046644993126392
2022-11-05T21:09:06Z,0.1194312488660216
2022-11-07T06:24:08Z,0.7582814507186413
2022-11-09T04:32:04Z,0.0277258902788162
2022-11-09T19:03:20Z,-0.0758593436330556
2022-11-09T19:06:42Z,0.6917994916439056
2022-11-10T16:54:04Z,0.0190973691642284
2022-11-10T18:04:22Z,-0.0348262079060077
2022-11-11T20:30:44Z,0.1920356974005699
2022-11-11T22:34:30Z,0.903277024626732
2022-11-14T13:01:24Z,0.0165505483746528
2022-11-14T13:50:56Z,-0.1419988647103309
2022-11-15T13:56:01Z,-0.054846266284585
2022-11-15T16:37:57Z,-0.021648870781064
2022-11-15T17:38:46Z,0.0089880265295505
2022-11-15T19:44:06Z,-0.2861318811774254
2022-11-15T20:20:17Z,0.0606247307732701
2022-11-15T22:03:14Z,0.0215099230408668
2022-11-17T16:02:24Z,-0.0004243962466716
2022-11-21T12:21:47Z,-0.9032620582729578
2022-11-21T13:45:47Z,0.0169368758797645
2022-11-21T18:53:19Z,0.1360309971496462
2022-11-22T14:31:39Z,0.011969206854701
2022-11-28T18:02:39Z,0.0126799494028091
2022-11-28T18:34:21Z,-0.2515495084226131
2022-11-30T21:32:21Z,-0.1371867097914219
2022-12-01T12:00:25Z,0.3974457643926143
2022-12-03T16:02:13Z,0.9270831616595387
2022-12-06T11:10:25Z,0.839587289839983
2022-12-06T12:04:40Z,0.0655376352369785
2022-12-06T12:46:00Z,-0.0275712627917528
2022-12-06T13:08:06Z,0.2921548187732696
2022-12-06T13:26:38Z,-0.9260848574340343
2022-12-06T15:05:04Z,-0.4429329615086317
2022-12-06T15:31:06Z,-0.0291129797697067
2022-12-06T16:15:51Z,-0.25542620010674
2022-12-06T17:06:28Z,-0.9522854499518872
2022-12-06T17:21:07Z,0.8569049537181854
2022-12-06T17:45:20Z,0.9314541667699814
2022-12-06T18:41:31Z,-0.0348262079060077
2022-12-06T18:57:23Z,-0.0332577787339687
2022-12-07T14:49:25Z,0.0959147764369845
2022-12-08T10:08:28Z,0.651598060503602
2022-12-08T14:02:00Z,0.0282661616802215
2022-12-08T15:19:24Z,-0.1444009020924568
2022-12-09T21:55:37Z,0.0458074957132339
2022-12-11T21:59:50Z,-0.1030680425465107
2022-12-12T14:03:07Z,0.774190029129386
2022-12-12T17:07:25Z,0.0261365622282028
2022-12-12T20:24:11Z,0.8982674740254879
2022-12-12T21:43:50Z,0.8973584584891796
2022-12-13T14:15:28Z,0.0158246550709009
2022-12-13T17:33:20Z,-0.5905066430568695
2022-12-13T21:30:32Z,-0.0344861224293708
2022-12-13T22:35:39Z,0.0299380216747522
2022-12-14T17:44:35Z,-0.036050846800208
2022-12-15T12:32:30Z,0.1124710710719227
2022-12-15T13:32:29Z,-0.2355760224163532
2022-12-16T15:39:55Z,0.0181432627141475
2022-12-13T15:42:59Z,-0.369933120906353
2022-12-17T19:56:26Z,0.7007093969732523
2022-12-19T16:09:56Z,0.0493725761771202
2022-12-22T13:50:43Z,-0.9000749886035919
2022-12-27T14:01:24Z,0.0123047716915607
2022-12-27T15:51:07Z,0.0207131169736385
2022-12-28T13:48:16Z,-0.2594122886657715
2022-12-28T14:05:08Z,-0.0554940477013587
2022-12-28T15:04:25Z,-0.0081437081098556
2022-12-28T16:01:54Z,0.0181371439248323
2022-12-28T19:00:32Z,-0.0018639042973518
2022-12-28T19:53:52Z,-0.8036953676491976
2022-12-30T00:10:11Z,0.1030983328819274
2022-12-30T17:52:25Z,0.0079965312033891
2023-01-03T12:02:41Z,0.8465976733714342
2023-01-03T14:14:07Z,-0.8893730975687504
2023-01-03T16:12:20Z,-0.0054280310869216
2023-01-03T16:16:33Z,0.7364922966808081
2023-01-01T19:39:31Z,-0.6124172396957874
2023-01-03T20:19:08Z,0.0083342976868152
2023-01-04T17:39:53Z,-0.8948052665218711
2023-01-05T11:40:08Z,-0.0167329218238592
2023-01-06T10:12:15Z,-0.2558961063623428
2023-01-06T15:00:52Z,-0.5063858944922686
2023-01-06T15:56:10Z,-0.9600105406716466
2023-01-06T17:48:12Z,-0.3820096999406814
2023-01-06T21:14:01Z,0.6145368441939354
2023-01-08T22:00:11Z,-0.8996588625013828
2023-01-09T17:01:04Z,0.0304710697382688
2023-01-10T18:01:10Z,-0.02499988861382
2023-01-10T18:23:59Z,-0.1573473028838634
2023-01-10T22:23:53Z,0.0202270708978176
2023-01-11T11:48:11Z,-0.0019014906138181
2023-01-11T18:00:32Z,-0.0059769563376903
2023-01-11T20:27:41Z,-0.0364390630275011
2023-01-12T13:52:15Z,0.0044485926628112
2023-01-12T14:00:35Z,-0.0737020540982484
2023-01-12T14:00:55Z,0.0272721815854311
2023-01-12T15:39:20Z,-0.7031038012355566
2023-01-11T14:16:14Z,-0.0001111403107643
2023-01-12T14:25:13Z,0.05967378616333
2023-01-12T20:22:59Z,-0.2270522639155388
2023-01-12T20:53:23Z,-0.0375708770006895
2023-01-13T07:57:39Z,-0.4152950495481491
2023-01-13T09:07:56Z,0.0090377517044544
2023-01-13T10:12:08Z,-0.0998135730624198
2023-01-13T11:47:45Z,0.0588077083230018
2023-01-13T11:52:13Z,-0.9637998826801776
2023-01-13T12:00:13Z,0.060083775781095
2023-01-13T11:21:55Z,-0.3428492844104767
2023-01-13T13:12:42Z,0.6758041530847549
2023-01-13T13:28:53Z,-0.3389589097350836
2023-01-13T13:39:00Z,0.731871984899044
2023-01-13T13:53:09Z,0.4391184682026505
2023-01-13T14:20:21Z,-0.8642912339419127
2023-01-13T14:23:09Z,-0.8773034131154418
2023-01-13T14:25:36Z,0.6250378489494324
2023-01-13T16:44:29Z,-0.0726113691926002
2023-01-13T16:49:08Z,0.0208332538604736
2023-01-13T13:15:47Z,-0.9621878517791628
2023-01-13T17:40:55Z,-0.0348262079060077
2023-01-13T20:42:00Z,-0.0004238635301589
2023-01-13T21:00:57Z,0.0442676991224288
2023-01-13T21:27:51Z,-0.034391138702631
2023-01-14T16:30:38Z,-0.7691201604902744
2023-01-17T08:06:29Z,0.4937838762998581
2023-01-17T10:43:12Z,-0.9290105113759636
2023-01-17T11:51:07Z,0.846019396558404
2023-01-17T12:52:24Z,-0.0075379610061645
2023-01-17T14:49:41Z,0.866677874699235
2023-01-17T17:47:54Z,0.8258465342223644
2023-01-17T18:03:49Z,-0.0278996098786592
2023-01-17T18:42:21Z,-0.7039307132363319
2023-01-18T16:34:10Z,0.4046259969472885
2023-01-19T11:12:22Z,-0.0234567075967788
2023-01-19T11:21:40Z,0.0386050641536712
2023-01-19T18:44:04Z,-0.3559491485357284
2023-01-20T08:38:14Z,-0.7618131525814533
2023-01-23T19:26:49Z,0.5997081808745861
2023-01-24T10:12:23Z,0.1255058068782091
2023-01-24T20:50:33Z,0.1595362946391105
2023-01-25T18:00:55Z,0.0247064782306551
2023-01-26T16:11:17Z,0.0498261526226997
2023-01-26T18:03:15Z,0.7213387684896588
2023-01-27T12:50:55Z,0.0339929535984993
2023-02-02T12:47:02Z,0.8382606171071529
2023-02-02T19:01:16Z,0.0182560477405786
2023-02-08T18:02:17Z,0.928893942385912
2023-02-09T06:45:04Z,-0.9146943651139736
2023-02-13T13:01:44Z,0.0254105292260646
2023-02-14T18:43:52Z,0.8763734512031078
2023-02-15T20:53:35Z,0.6797603964805603
2023-02-16T11:45:44Z,-0.5637559778988361
2023-02-17T15:01:52Z,0.0477296765893697
2023-02-23T12:52:40Z,-0.9387749508023262
2023-02-23T15:25:03Z,0.2636547219008207
2023-02-23T17:37:22Z,-0.6886449977755547
2023-02-23T17:45:41Z,0.4763737767934799
2023-02-24T02:10:42Z,0.6060063242912292
2023-02-24T13:05:29Z,0.8593526035547256
2023-02-24T14:04:15Z,0.0655376352369785
2023-02-27T15:32:12Z,0.1015694700181484
2023-02-27T18:34:20Z,-0.2046417519450187
2023-02-27T19:59:20Z,-0.8883284702897072
2023-02-28T18:01:50Z,-0.0151475016027688
2023-03-01T13:38:03Z,0.1394423823803663
2023-03-01T17:03:18Z,-0.9450707659125328
2023-03-01T03:52:37Z,-0.1472501680254936
2023-03-03T11:29:33Z,0.8914294559508562
2023-03-03T18:31:14Z,-0.0348262079060077
2023-03-08T15:05:32Z,0.0266351271420717
2023-03-08T19:11:49Z,0.8518843837082386
2023-03-08T20:01:52Z,-0.9354195538908244
2023-03-08T20:22:01Z,-0.8174992073327303
2023-03-09T03:30:16Z,-0.9207117892801762
2023-03-09T17:02:11Z,-0.0004243962466716
2023-03-09T18:01:37Z,-0.0182813499122858
2023-03-09T19:53:45Z,-0.7989233061671257
2023-03-09T21:54:49Z,-0.0340661611407995
2023-03-10T15:25:08Z,0.0533269718289375
2023-03-10T15:52:03Z,-0.9578392710536718
2023-03-10T16:02:45Z,-0.2618338465690613
2023-03-10T17:25:16Z,-0.0295429583638906
2023-03-10T18:53:38Z,-0.9513088827952744
2023-03-11T17:11:07Z,0.0031737647950649
2023-03-11T18:52:27Z,-0.9082263484597206
2023-03-13T02:16:16Z,0.9245103374123572
2023-03-13T09:53:06Z,0.8720869496464729
2023-03-13T10:55:11Z,0.7700267285108566
2023-03-13T11:51:44Z,-0.0019670464098453
2023-03-13T12:01:18Z,0.0181371439248323
2023-03-13T13:34:52Z,-0.3028796091675758
2023-03-13T15:00:45Z,-0.4686179216951132
2023-03-13T17:53:24Z,-0.6780196242034435
2023-03-13T18:46:16Z,0.772187452763319
2023-03-13T20:36:59Z,-0.0300437547266483
2023-03-13T21:26:25Z,0.1184017146006226
2023-03-13T21:29:53Z,0.5009723268449306
2023-03-14T01:57:51Z,-0.082468569278717
2023-03-14T05:27:21Z,0.5592033863067627
2023-03-14T07:41:08Z,-0.8332094885408878
2023-03-14T12:20:05Z,-0.9219838418066502
2023-03-14T12:26:27Z,-0.5120652057230473
2023-03-14T13:33:29Z,0.0115972384810447
2023-03-14T16:07:37Z,0.1148996884003281
2023-03-14T17:35:26Z,0.0089880265295505
2023-03-14T19:58:48Z,0.2404574230313301
2023-03-14T21:30:37Z,-0.0318496897816658
2023-03-15T02:54:59Z,0.1237915363162756
2023-03-15T17:35:22Z,-0.0348262079060077
2023-03-15T18:35:01Z,-0.9044599514454604
2023-03-15T21:39:03Z,-0.0316916666924953
2023-03-16T12:52:46Z,0.0290561020374298
2023-03-16T14:31:31Z,0.0190973691642284
2023-03-16T14:50:18Z,0.0555387130007147
2023-03-16T15:12:50Z,-0.7639498561620712
2023-03-16T17:29:09Z,0.1162910275161266
2023-03-16T17:50:23Z,-0.0464423894882202
2023-03-16T18:32:20Z,0.3595434911549091
2023-03-16T19:28:09Z,-0.3076406456530094
2023-03-16T20:31:08Z,0.0207131169736385
2023-03-16T20:37:22Z,0.0285840220749378
2023-03-16T21:19:41Z,-0.0341126285493373
2023-03-17T01:28:09Z,0.1643717177212238
2023-03-17T11:57:22Z,0.0621059834957122
2023-03-17T13:11:11Z,-0.1728801168501377
2023-03-17T17:11:22Z,-0.08955118060112
2023-03-17T17:35:22Z,0.0089880265295505
2023-03-17T17:07:00Z,-0.7944365553557873
2023-03-17T20:14:41Z,-0.0001239962875843
2023-03-18T16:06:37Z,0.0357744991779327
2023-03-18T19:05:55Z,0.7876034006476402
2023-03-19T13:34:22Z,0.1133668050169944
2023-03-20T01:39:42Z,-0.9555336609482764
2023-03-20T11:20:58Z,-0.8309929743409157
2023-03-20T14:01:10Z,-0.1202418636530637
2023-03-20T15:54:41Z,0.0057377144694328
2023-03-20T16:26:26Z,0.2445975765585899
2023-03-20T17:35:28Z,-0.0348262079060077
2023-03-20T17:35:51Z,0.1746447775512933
2023-03-20T19:50:43Z,-0.9403161127120256
2023-03-20T20:20:02Z,-0.0292484108358621
2023-03-21T12:11:44Z,0.1371242459863424
2023-03-21T13:05:06Z,0.8994702454656363
2023-03-21T13:09:28Z,0.024059085175395
2023-03-21T14:02:50Z,-0.6058222465217113
2023-03-21T12:18:01Z,0.0865176320075988
2023-03-21T16:13:05Z,-0.6101167798042297
2023-03-21T16:52:24Z,0.3653687834739685
2023-03-21T20:48:49Z,-0.031097350642085
2023-03-21T21:23:06Z,0.0099809281527996
2023-03-21T10:47:17Z,0.1529531478881836
2023-03-22T13:48:41Z,0.0967876287177205
2023-03-22T16:21:06Z,0.0160028263926506
2023-03-22T17:35:20Z,-0.0348262079060077
2023-03-23T10:31:27Z,0.2889654599130153
2023-03-23T11:48:00Z,-0.2235374450683593
2023-03-23T13:23:40Z,0.0933013604953885
2023-03-23T17:35:27Z,-0.0348262079060077
2023-03-23T19:45:09Z,0.240017294883728
2023-03-23T20:42:49Z,-0.0646768249571323
2023-03-24T12:00:07Z,-0.92892443574965
2023-03-24T13:46:34Z,-0.263376772403717
2023-03-24T14:19:10Z,0.0008814297616481
2023-03-24T15:54:38Z,-0.9253655299544334
2023-03-24T16:31:03Z,0.0261365622282028
2023-03-24T17:20:00Z,0.7903350442647934
2023-03-24T17:35:21Z,-0.0348262079060077
2023-03-24T20:42:37Z,-0.4597061723470688
2023-03-25T15:18:01Z,-0.030318696051836
2023-03-27T14:44:09Z,-0.0575223229825496
2023-03-28T14:28:46Z,-0.0682379975914955
2023-03-28T16:22:08Z,0.0145580265671014
2023-03-29T15:13:48Z,0.6330758016556501
2023-03-29T17:35:20Z,0.0089880265295505
2023-03-30T15:45:58Z,-0.021648870781064
2023-03-30T15:49:49Z,-0.058379977941513
2023-03-30T17:35:26Z,0.0089880265295505
2023-03-30T21:14:04Z,-0.0331862773746252
2023-03-30T02:25:30Z,-0.6249718405306339
2023-03-31T14:45:46Z,0.0252560693770647
2023-03-31T15:08:22Z,0.0130019448697566
2023-03-31T20:02:22Z,-0.9018391063436866
2023-04-01T14:09:22Z,-0.9248511008918284
2023-04-01T20:49:39Z,-0.8951108232140541
2023-04-03T12:50:29Z,0.0469456389546394
2023-04-04T10:22:11Z,-0.0546828769147396
2023-04-04T13:56:06Z,0.0528871798887848
2023-04-04T15:42:43Z,0.0024140551686286
2023-04-04T15:55:07Z,-0.0012578815221786
2023-04-04T20:46:01Z,-0.0328943654894828
2023-04-05T12:29:06Z,0.033538419753313
2023-04-05T13:36:08Z,0.0502691566944122
2023-04-05T16:38:02Z,0.2028232514858245
2023-04-05T17:00:10Z,0.034222537651658
2023-04-05T17:35:26Z,0.0089880265295505
2023-04-05T18:46:04Z,-0.021648870781064
2023-04-06T09:32:16Z,-0.6958185881376266
2023-04-07T19:20:33Z,-0.3039415255188942
2023-04-08T13:21:08Z,-0.9458426972851156
2023-04-10T09:53:56Z,0.0109594166278839
2023-04-10T11:18:41Z,-0.9255263907834888
2023-04-10T13:19:50Z,0.0348411966115236
2023-04-10T17:00:58Z,-0.1446967273950576
2023-04-11T07:47:00Z,0.8991432040929794
2023-04-11T10:00:31Z,0.417307898402214
2023-04-11T13:45:42Z,0.0190973691642284
2023-04-11T16:51:33Z,-0.0385083239525556
2023-04-11T21:17:34Z,-0.901777284219861
2023-04-12T07:11:15Z,-0.6149337142705917
2023-04-12T09:21:36Z,0.9244655258953572
2023-04-12T09:34:30Z,-0.578913003206253
2023-04-12T13:01:39Z,0.0175713617354631
2023-04-12T13:39:37Z,-0.0227572247385978
2023-04-12T16:13:27Z,0.0524685680866241
2023-04-12T17:00:26Z,0.0281048957258462
2023-04-12T17:01:40Z,-0.0210663732141256
2023-04-12T21:00:04Z,0.1405625892803073
2023-04-13T07:13:08Z,0.8193910792469978
2023-04-13T09:45:20Z,-0.8627554513514042
2023-04-13T10:18:32Z,0.0402659717947244
2023-04-13T14:01:12Z,-0.0575423538684845
2023-04-13T20:48:18Z,-0.0363557916134595
2023-04-14T02:22:16Z,-0.0331550203263759
2023-04-14T07:30:27Z,0.891534274443984
2023-04-14T08:01:56Z,0.0054096840322017
2023-04-14T09:58:29Z,0.1291964054107666
2023-04-14T10:37:16Z,-0.0906027946621179
2023-04-14T10:51:42Z,0.0258702151477336
2023-04-14T10:52:22Z,-0.9649257035925984
2023-04-14T10:54:41Z,-0.1326863169670105
2023-04-14T10:56:38Z,-0.7329156138002872
2023-04-14T11:16:26Z,-0.963152039796114
2023-04-14T12:04:43Z,0.902170873247087
2023-04-14T12:14:54Z,0.9264074880629778
2023-04-14T12:17:42Z,0.892164446413517
2023-04-14T12:20:05Z,0.7878834158182144
2023-04-14T12:35:15Z,0.913571098819375
2023-04-14T12:43:13Z,-0.9451031312346458
2023-04-14T12:50:04Z,-0.0413490831851959
2023-04-14T12:55:21Z,0.0545504633337259
2023-04-14T12:53:53Z,0.4507132917642593
2023-04-14T13:12:53Z,-0.619761798530817
2023-04-14T13:18:20Z,0.885966993868351
2023-04-14T13:18:55Z,0.3524406850337982
2023-04-14T13:50:02Z,-0.9559103306382896
2023-04-14T14:01:32Z,0.0624755322933197
2023-04-14T14:22:38Z,0.8918304964900017
2023-04-14T15:23:50Z,-0.367898378521204
2023-04-14T15:26:29Z,-0.0021140091121196
2023-04-14T16:00:06Z,-0.7165100276470184
2023-04-14T16:03:50Z,0.1555361514911055
2023-04-14T17:02:37Z,-0.8073094692081213
2023-04-14T17:54:00Z,-0.8707257322967052
2023-04-14T18:28:57Z,0.0053322315216064
2023-04-14T19:11:04Z,-0.9583696462213992
2023-04-14T20:07:23Z,0.4563935101032257
2023-04-14T20:22:51Z,-0.0324057266116142
2023-04-17T01:05:54Z,0.0055018998682498
2023-04-17T07:16:16Z,-0.2087208405137062
2023-04-17T09:50:20Z,-0.8354667983949184
2023-04-17T09:57:30Z,0.8399431519210339
2023-04-17T10:52:20Z,0.8808634895831347
2023-04-17T11:21:42Z,0.5428348481655121
2023-04-17T11:37:02Z,-0.5727804526686668
2023-04-17T12:24:54Z,0.8674675896763802
2023-04-17T12:51:57Z,0.7983890287578106
2023-04-17T12:55:12Z,0.6204555686563253
2023-04-17T13:18:56Z,0.7758798934519291
2023-04-17T13:55:17Z,0.1226696036756038
2023-04-17T15:15:53Z,-0.0092019625008106
2023-04-17T15:32:45Z,0.6281252279877663
2023-04-17T17:04:00Z,-0.8109635151922703
2023-04-17T17:35:28Z,-0.0348262079060077
2023-04-18T12:48:27Z,0.9151486083865166
2023-04-18T14:15:55Z,0.0261365622282028
2023-04-18T16:00:03Z,0.0150829795747995
2023-04-18T12:21:22Z,0.4116341471672058
2023-04-19T13:54:27Z,0.0494475457817316
2023-04-21T14:00:10Z,0.0174559187144041
2023-04-21T17:30:46Z,0.0190973691642284
2023-04-21T19:37:26Z,-0.1750558316707611
2023-04-22T17:22:54Z,-0.0066470876336097
2023-04-25T13:28:16Z,-0.9390933532267808
2023-04-26T07:14:15Z,-0.8811065573245287
2023-04-26T10:40:41Z,0.4575171042233705
2023-04-26T14:45:51Z,0.0261365622282028
2023-04-27T06:45:11Z,0.1119264513254165
2023-04-28T20:00:39Z,0.0121578685939311
2023-04-29T12:43:13Z,-0.9003787655383348
2023-04-29T14:10:06Z,0.7200506590306759
2023-04-29T08:24:54Z,-0.0129461213946342
2023-04-30T19:13:42Z,0.6122074201703072
2023-04-30T19:50:15Z,0.1080211233347654
2023-05-01T01:57:39Z,0.0330915600061416
2023-05-01T08:01:57Z,0.90986158978194
2023-05-01T08:18:34Z,-0.3504146933555603
2023-05-01T10:36:26Z,0.0611461056396365
2023-05-01T10:36:34Z,-0.7241054233163595
2023-05-01T10:37:05Z,-0.004284655675292
2023-05-01T10:38:08Z,0.1472839778289199
2023-05-01T11:40:15Z,0.2780233193188905
2023-05-01T12:10:51Z,0.592982524074614
2023-05-01T12:34:07Z,-0.5198167804628611
2023-05-01T12:47:33Z,-0.0558148622512817
2023-05-01T12:48:30Z,0.2260752385482192
2023-05-01T13:47:47Z,-0.0311997011303901
2023-05-01T13:58:37Z,0.050428569316864
2023-05-01T14:17:19Z,-0.0595567002892494
2023-05-01T14:21:05Z,-0.284624382853508
2023-05-01T15:00:48Z,0.0190973691642284
2023-05-01T14:55:20Z,0.4182149916887283
2023-05-01T15:21:36Z,0.5611847266554832
2023-05-01T15:26:02Z,0.0162007268518209
2023-05-01T15:49:36Z,-0.1935814991593361
2023-05-01T16:27:36Z,-0.461841206997633
2023-05-01T12:03:52Z,0.6919313296675682
2023-05-01T17:02:27Z,-0.9509103810414672
2023-05-02T01:17:03Z,0.0059425011277198
2023-05-02T03:04:26Z,-0.868910800665617
2023-05-02T05:25:07Z,-0.6822825698181987
2023-05-02T06:19:12Z,0.8803555257618427
2023-05-02T06:21:22Z,0.7194864749908447
2023-05-02T07:44:15Z,-0.9226083923131227
2023-05-02T09:21:13Z,-0.9342606458812952
2023-05-02T11:33:57Z,-0.4819152653217315
2023-05-02T12:04:52Z,0.8541798405349255
2023-05-02T12:34:48Z,-0.3602212965488434
2023-05-02T13:22:16Z,0.8836721517145634
2023-05-02T14:41:12Z,-0.0158444866538047
2023-05-02T14:44:07Z,-0.9597197230905294
2023-05-02T15:06:26Z,-0.4913992993533611
2023-05-02T15:36:35Z,0.0156768448650836
2023-05-02T16:01:24Z,-0.0220831893384456
2023-05-02T11:00:20Z,-0.9529580222442746
2023-05-02T19:07:05Z,-0.9407814228907228
2023-05-03T13:30:25Z,-0.5260386671870947
2023-05-03T14:02:36Z,0.4124326203018427
2023-05-03T16:44:48Z,-0.6803103499114513
2023-05-03T17:35:37Z,-0.0348262079060077
2023-05-03T20:34:58Z,0.0130293201655149
2023-05-03T21:41:53Z,-0.5186038985848427
2023-05-04T06:09:39Z,-0.8760737143456936
2023-05-04T13:06:05Z,-0.908812646754086
2023-05-04T14:46:58Z,-0.7879000660032034
2023-05-04T15:17:53Z,-0.4095036629587412
2023-05-04T16:05:28Z,0.007363898679614
2023-05-04T16:06:54Z,-0.9473284184932708
2023-05-04T16:18:55Z,-0.1498497352004051
2023-05-05T12:36:22Z,0.3795635420829057
2023-05-05T15:22:33Z,0.0166510306298732
2023-05-05T19:59:37Z,0.8568099029362202
2023-05-06T09:01:36Z,-0.2909440621733665
2023-05-06T17:03:32Z,0.0996841583400964
2023-05-08T11:22:07Z,0.8806215450167656
2023-05-08T11:53:04Z,-0.721963444724679
2023-05-08T14:06:06Z,0.022130113095045
2023-05-08T15:54:31Z,0.0093122478574514
2023-05-08T20:01:31Z,0.0190973691642284
2023-05-10T17:15:49Z,-0.0860682912170887
2023-05-10T18:33:43Z,0.1678917901590466
2023-05-11T05:30:14Z,-0.9324583457782863
2023-05-11T12:21:31Z,-0.4255783855915069
2023-05-11T12:23:42Z,-0.3766251169145107
2023-05-11T12:27:57Z,-0.4524466637521982
2023-05-11T13:03:47Z,-0.0341024361550807
2023-05-11T16:06:07Z,-0.7994476854801178
2023-05-11T20:19:29Z,-0.8111729547381401
2023-05-12T03:38:34Z,0.1160208564251661
2023-05-12T12:49:53Z,-0.0259531643241643
2023-05-12T13:10:30Z,-0.1944430768489837
2023-05-12T17:35:28Z,0.0089880265295505
2023-05-12T18:25:32Z,-0.1686017997562885
2023-05-12T18:36:46Z,-0.1391958147287368
2023-05-13T15:30:41Z,0.0775254359468817
2023-05-13T19:14:12Z,-0.6585041284561157
2023-05-15T13:10:45Z,-0.2414149045944214
2023-05-15T13:23:34Z,-0.9015339333564044
2023-05-15T17:35:28Z,-0.0348262079060077
2023-05-15T18:22:12Z,0.017117865383625
2023-05-15T21:12:44Z,-0.6956453248858452
2023-05-15T21:55:17Z,-0.4494543746113777
2023-05-16T09:03:29Z,-0.8130994588136673
2023-05-16T14:55:37Z,-0.4601220041513443
2023-05-16T15:30:59Z,-0.021648870781064
2023-05-16T16:20:32Z,0.0573125258088111
2023-05-16T16:53:27Z,-0.108520409092307
2023-05-16T17:35:29Z,0.0089880265295505
2023-05-16T17:39:26Z,0.0157140344381332
2023-05-17T03:38:44Z,0.1030617356300354
2023-05-17T13:00:59Z,-0.0156279485672712
2023-05-17T13:22:33Z,0.9000201746821404
2023-05-17T13:51:47Z,0.0021235048770904
2023-05-17T15:24:02Z,-0.2941312752664089
2023-05-18T12:46:48Z,0.0544915348291397
2023-05-18T18:50:01Z,-0.6991980001330376
2023-05-18T19:45:50Z,-0.6302370429039001
2023-05-19T15:16:02Z,0.0261365622282028
2023-05-20T12:32:36Z,-0.798191080801189
2023-05-21T20:41:18Z,-0.8699954468756914
2023-05-22T07:31:56Z,-0.950917004607618
2023-05-22T13:03:41Z,-0.0046880785375833
2023-05-22T16:07:32Z,-0.966160682030022
2023-05-22T16:08:07Z,-0.9671980761922896
2023-05-22T16:09:58Z,0.7983209993690252
2023-05-22T10:28:32Z,-0.3709771037101745
2023-05-22T17:44:40Z,0.9164069462567568
2023-05-22T18:28:41Z,0.014767961576581
2023-05-22T19:03:47Z,0.0629946365952491
2023-05-23T11:45:12Z,0.8751820456236601
2023-05-23T18:02:24Z,0.0655376352369785
2023-05-23T18:17:48Z,0.091201901435852
2023-05-23T19:30:58Z,-0.021648870781064
2023-05-24T15:20:09Z,0.8386218538507819
2023-05-24T17:35:30Z,-0.0348262079060077
2023-05-24T20:51:29Z,-0.9126961724832654
2023-05-25T18:39:21Z,-0.93478711694479
2023-05-25T18:41:56Z,-0.5564620159566402
2023-05-26T11:49:54Z,0.2812010813504457
2023-05-26T12:42:48Z,-0.0083237588405609
2023-05-26T14:11:26Z,-0.7383508682250977
2023-05-26T15:29:42Z,0.1723331119865179
2023-05-26T18:17:18Z,-0.9573031580075622
2023-05-26T18:59:24Z,0.1131398752331733
2023-05-27T14:35:27Z,-0.9272491559386252
2023-05-27T14:54:58Z,0.0054645277559757
2023-05-29T17:35:22Z,0.0089880265295505
2023-05-30T14:02:15Z,0.8336587208323181
2023-05-30T18:20:11Z,0.0422368440777063
2023-05-31T14:46:31Z,0.0261365622282028
2023-05-31T19:28:28Z,0.0143594145774841
2023-05-31T21:12:18Z,-0.0425460077822208
2023-05-31T21:12:48Z,-0.1101414412260055
2023-06-01T13:37:26Z,-0.8350737206637859
2023-06-01T15:47:43Z,-0.9552770964801311
2023-06-01T18:03:54Z,0.0793209476396441
2023-06-01T20:26:25Z,-0.834572572261095
2023-06-02T10:35:25Z,-0.92818502523005
2023-06-02T13:31:57Z,0.0595171265304088
2023-06-02T14:30:57Z,0.0217083729803562
2023-06-02T14:40:29Z,0.8892885539680719
2023-06-02T17:53:25Z,0.0241336449980735
2023-06-02T18:17:55Z,-0.7008322216570377
2023-06-02T18:24:44Z,0.0554395578801631
2023-06-02T20:01:20Z,-0.1125538684427738
2023-06-04T15:46:41Z,0.0514694862067699
2023-06-05T11:38:33Z,0.0550480931997299
2023-06-05T11:42:14Z,0.7004018719308078
2023-06-05T12:19:24Z,-0.3461528904736042
2023-06-05T14:17:16Z,-0.0478684566915035
2023-06-05T13:45:46Z,0.0904431566596031
2023-06-05T15:42:48Z,0.8256079740822315
2023-06-05T17:01:23Z,0.4456589901819825
2023-06-06T05:37:35Z,0.0322366971522569
2023-06-06T13:14:30Z,0.0147191081196069
2023-06-06T13:44:10Z,-0.0672412924468517
2023-06-06T19:16:20Z,0.0207131169736385
2023-06-08T16:08:33Z,-0.9430434228852392
2023-06-09T17:42:39Z,-0.6391182914376259
2023-06-09T20:50:46Z,0.1812415150925517
2023-06-10T14:48:20Z,0.6042501498013735
2023-06-12T11:12:47Z,-0.2851850688457489
2023-06-12T11:40:31Z,-0.3600327372550964
2023-06-12T13:49:50Z,0.0602765306830406
2023-06-12T14:47:54Z,0.6322479397058487
2023-06-12T16:16:16Z,-0.8712569698691368
2023-06-13T12:33:33Z,-0.0179460272192955
2023-06-15T13:15:31Z,-0.0870391800999641
2023-06-15T17:01:45Z,-0.0081437081098556
2023-06-16T14:33:02Z,0.0508767012506723
2023-06-16T17:00:26Z,-9.454786777496338e-06
2023-06-18T16:59:16Z,-0.8250063359737396
2023-06-19T17:52:54Z,-0.0185952577739954
2023-06-20T12:38:38Z,0.4915078096091747
2023-06-20T13:09:42Z,-0.1966589167714119
2023-06-20T12:54:39Z,0.2443381901830434
2023-06-21T11:45:37Z,-0.6964588090777397
2023-06-22T12:46:14Z,0.0301013253629207
2023-06-22T13:30:16Z,-0.8944069622084498
2023-06-22T14:09:05Z,-0.0696044452488422
2023-06-22T14:15:29Z,-0.9040887784212828
2023-06-22T16:26:42Z,0.9244458135217428
2023-06-22T22:38:53Z,0.4209667639806866
2023-06-23T12:08:43Z,-0.9223383981734514
2023-06-23T13:14:44Z,0.0820603668689727
2023-06-23T14:14:11Z,0.0277268374338746
2023-06-24T01:33:19Z,-0.9508614474907516
2023-06-24T15:07:59Z,0.7782552754506469
2023-06-26T12:38:15Z,0.8857208676636219
2023-06-26T21:54:35Z,0.5540242865681648
2023-06-27T13:27:55Z,0.9280216740444304
2023-06-27T14:04:03Z,0.0261365622282028
2023-06-27T17:30:52Z,0.0320615861564874
2023-06-28T13:33:22Z,0.0541448919102549
2023-06-28T15:20:12Z,-0.0258905719965696
2023-06-28T21:13:22Z,-0.0432970002293586
2023-06-29T12:42:48Z,0.1868017688393592
2023-06-29T17:00:43Z,-0.0032860580831766
2023-06-29T17:37:05Z,-0.8570513837039471
2023-06-30T06:35:18Z,0.181480586528778
2023-06-30T16:01:09Z,0.0207131169736385
2023-07-01T17:03:27Z,0.9206304047256708
2023-07-02T19:17:12Z,-0.9218225367367268
2023-06-30T11:52:32Z,0.0655093323439359
2023-07-03T14:40:50Z,0.0163982715457677
2023-07-05T11:35:08Z,-0.0158336944878101
2023-07-05T11:51:16Z,0.2884244918823242
2023-07-05T17:16:12Z,-0.1435577869415283
2023-07-06T12:21:57Z,0.9386840062215924
2023-07-06T17:00:25Z,-0.0141263268887996
2023-07-07T00:13:19Z,0.0402679629623889
2023-07-07T09:27:33Z,0.8074173256754875
2023-07-07T12:04:12Z,-0.0081437081098556
2023-07-07T13:54:14Z,0.0237914342433214
2023-07-07T14:46:01Z,0.0224398635327816
2023-07-07T15:01:35Z,-0.4251468628644943
2023-07-07T15:52:48Z,-0.1966589167714119
2023-07-07T13:25:42Z,0.8822263572365046
2023-07-07T19:52:50Z,-0.9254270046949388
2023-07-07T20:05:48Z,0.897758862003684
2023-07-09T20:04:16Z,-0.0125174447894096
2023-07-10T08:02:06Z,-0.9262410011142492
2023-07-10T16:11:44Z,0.8508893400430679
2023-07-10T17:39:17Z,0.006042443215847
2023-07-10T18:38:41Z,-0.5312766395509243
2023-07-11T08:59:17Z,0.7195064518600702
2023-07-11T09:46:17Z,0.029855340719223
2023-07-11T11:07:11Z,0.0021704621613025
2023-07-11T11:59:42Z,0.0354065932333469
2023-07-11T13:27:20Z,0.0963720940053463
2023-07-11T15:02:23Z,-0.4609566573053598
2023-07-11T18:20:49Z,-0.008703239262104
2023-07-12T09:42:51Z,-0.8571202717721462
2023-07-12T14:31:23Z,-0.2481275275349617
2023-07-12T15:02:48Z,-0.4393600188195705
2023-07-13T10:00:18Z,-0.9050441347062588
2023-07-13T12:04:23Z,-0.1693949326872825
2023-07-13T13:22:19Z,-0.8043890427798033
2023-07-13T17:39:03Z,-0.0348262079060077
2023-07-13T21:24:55Z,0.0701583009213209
2023-07-14T06:42:14Z,-0.4328193068504333
2023-07-14T09:48:12Z,0.0372069329023361
2023-07-14T10:07:09Z,0.3461842238903045
2023-07-14T10:50:27Z,0.0221098698675632
2023-07-14T10:52:10Z,-0.6055551022291183
2023-07-14T10:54:43Z,-0.9134849533438684
2023-07-14T10:49:07Z,0.1474926546216011
2023-07-14T10:57:41Z,-0.9627895262092352
2023-07-14T11:42:09Z,-0.0945690087974071
2023-07-14T12:09:19Z,0.0271365568041801
2023-07-14T12:14:20Z,0.2712289988994598
2023-07-14T12:28:45Z,-0.391372799873352
2023-07-14T12:35:07Z,-0.0039496310055255
2023-07-14T13:02:01Z,-0.9414762184023856
2023-07-14T13:09:57Z,-0.9368750751018524
2023-07-14T14:09:14Z,0.0672947596758604
2023-07-14T14:24:44Z,-0.3819814324378967
2023-07-14T01:48:06Z,-0.0354544539004564
2023-07-14T15:39:37Z,-0.4671875685453415
2023-07-14T16:53:15Z,0.5948467031121254
2023-07-14T19:50:57Z,-0.8239776492118835
2023-07-15T23:48:13Z,-0.0834482312202453
2023-07-16T16:16:04Z,0.0825460953637957
2023-07-16T21:42:09Z,0.0965861734002828
2023-07-17T05:52:41Z,0.7453680112957954
2023-07-17T09:03:50Z,-0.9153117947280408
2023-07-17T11:57:00Z,0.8806644193828106
2023-07-17T12:26:26Z,0.8661846071481705
2023-07-17T13:06:54Z,-0.1960582435131073
2023-07-17T14:32:38Z,0.4400647729635238
2023-07-17T15:38:51Z,0.8223425280302763
2023-07-17T19:46:09Z,-0.085894513875246
2023-07-18T14:18:08Z,0.8593526035547256
2023-07-18T14:49:31Z,0.0134550556540489
2023-07-18T13:13:20Z,0.0114566870033741
2023-07-18T18:20:48Z,-0.7318481504917145
2023-07-19T13:30:33Z,0.0022237319499254
2023-07-19T17:35:28Z,0.0089880265295505
2023-07-19T18:33:16Z,-0.958452713675797
2023-07-19T20:03:20Z,0.1382545754313469
2023-07-20T14:57:28Z,0.3097124397754669
2023-07-20T17:35:24Z,0.0089880265295505
2023-07-20T19:45:34Z,0.0257636345922946
2023-07-21T09:52:29Z,0.1488217497244477
2023-07-21T10:07:23Z,0.4514044523239136
2023-07-21T15:17:50Z,0.0261365622282028
2023-07-21T16:44:19Z,0.1791144357994198
2023-07-24T18:31:05Z,0.0261365622282028
2023-07-26T09:35:34Z,0.7305036410689354
2023-07-26T14:38:54Z,0.8953708074986935
2023-07-26T16:07:23Z,-0.9603801779448986
2023-07-26T16:59:58Z,-0.0444516818970441
2023-07-26T17:22:48Z,0.0005607306957244
2023-07-27T17:15:31Z,-0.120657131075859
2023-07-27T15:39:05Z,0.0014072377234697
2023-07-27T19:42:41Z,0.1605184376239776
2023-07-28T20:06:47Z,0.1925374343991279
2023-07-30T14:04:10Z,0.0446930825710296
2023-07-31T18:32:30Z,0.0190973691642284
2023-08-01T10:24:06Z,0.8085338734090328
2023-08-01T12:00:37Z,0.7812158744782209
2023-08-02T17:57:27Z,-0.0194493122398853
2023-08-02T18:23:52Z,0.1018775701522827
2023-08-02T18:24:52Z,-0.7988155297935009
2023-08-02T18:25:32Z,-0.0754176340997219
2023-08-02T18:27:36Z,0.7890190221369267
2023-08-02T18:28:08Z,0.7154096122831106
2023-08-02T18:30:34Z,0.8706300389021635
2023-08-02T18:31:25Z,0.001916728913784
2023-08-02T18:31:54Z,0.0045901387929916
2023-08-02T19:00:52Z,-0.8889389634132385
2023-08-02T19:19:32Z,-0.1731257624924183
2023-08-03T14:28:10Z,-0.1925478018820285
2023-08-03T21:11:29Z,0.0285734478384256
2023-08-04T16:02:43Z,0.0207131169736385
2023-08-04T16:47:30Z,-0.262005303055048
2023-08-04T19:31:08Z,-0.8180013000965118
2023-08-05T13:20:35Z,0.0049935858696699
2023-08-05T16:32:53Z,0.8208427741192281
2023-08-06T08:48:12Z,0.0203272998332977
2023-08-07T15:30:48Z,0.0491556338965892
2023-08-08T13:02:20Z,-0.9587106285616755
2023-08-08T16:58:44Z,0.7524770721793175
2023-08-08T17:05:35Z,-0.0061718523502349
2023-08-09T14:15:26Z,0.0022237319499254
2023-07-17T13:21:04Z,-0.1921620965003967
2023-07-14T14:12:38Z,0.4535127282142639
2023-07-14T08:41:57Z,0.0065914206206798
2023-07-13T12:38:13Z,0.0756830442696809
2023-08-09T19:45:56Z,-0.1599723994731903
2023-08-10T16:57:25Z,-0.076268533244729
2023-08-12T19:09:26Z,0.0206078775227069
2023-08-14T19:30:32Z,0.0217083729803562
2023-08-14T19:32:58Z,0.0190973691642284
2023-08-15T15:19:45Z,-0.6476360484957695
2023-08-15T16:47:10Z,-0.930965919047594
2023-08-15T18:45:40Z,-0.0304209943860769
2023-08-15T21:22:46Z,-0.9265572149306536
2023-08-16T15:39:39Z,0.8461712077260017
2023-08-18T12:23:10Z,-0.3323629200458526
2023-08-18T12:52:01Z,0.0777481077238917
2023-08-18T19:54:35Z,0.1374072134494781
2023-08-18T20:08:22Z,-0.8970893770456314
2022-07-11T20:22:09Z,0.0865967469289898
2023-08-21T16:00:56Z,0.0207131169736385
2023-08-21T17:53:10Z,0.0389166548848152
2023-08-22T10:31:10Z,-0.0576773323118686
2023-08-22T16:17:52Z,0.8990921983495355
2023-08-22T17:35:24Z,0.0089880265295505
2023-08-23T20:52:59Z,-0.6347404941916466
2023-08-25T13:53:01Z,0.0512066595256328
2023-08-25T16:15:28Z,0.0216236151754856
2023-08-26T16:56:04Z,-0.0142150521278381
2023-08-29T14:34:54Z,0.3498211111873388
2023-08-30T16:31:10Z,0.0207131169736385
2023-08-31T19:51:21Z,0.8243218287825584
2023-09-01T19:15:16Z,-0.0397168323397636
2023-09-05T14:02:21Z,0.0190973691642284
2023-09-05T14:13:56Z,0.0350571423768997
2023-08-25T14:20:57Z,0.0916522573679685
2023-09-07T09:07:45Z,0.4950168943032622
2023-09-07T12:00:54Z,-0.0081437081098556
2023-09-07T15:00:41Z,-0.4056614600121975
2023-09-07T16:48:18Z,0.529761178418994
2023-09-07T22:20:16Z,0.2922760220244527
2023-09-08T13:03:43Z,-0.6774886250495911
2023-09-10T17:07:17Z,-0.924388751387596
2023-09-11T17:05:48Z,0.8953579720109701
2023-09-11T17:06:40Z,-0.9419331168755888
2023-09-11T17:07:38Z,0.9054209934547544
2023-09-11T17:28:04Z,-0.2299157977104187
2023-09-11T17:47:58Z,0.258316034451127
2023-09-11T18:27:03Z,-0.3453233540058136
2023-09-12T12:55:54Z,0.8528203703463078
2023-09-12T13:24:48Z,0.761576852761209
2023-09-12T15:36:48Z,-0.6774886250495911
2023-09-12T15:47:05Z,0.0261365622282028
2023-09-12T17:35:24Z,0.0089880265295505
2023-09-15T19:30:21Z,0.0022237319499254
2023-09-18T15:19:02Z,0.2814626041799783
2023-09-18T17:01:05Z,-0.0291447527706623
2023-09-19T12:38:52Z,0.0020438488572835
2023-09-19T18:01:38Z,-0.021648870781064
2023-09-19T19:38:53Z,0.1571739679202437
2023-09-19T19:25:26Z,0.1410847557708621
2023-09-20T16:00:43Z,0.0363663174211978
2023-09-21T23:26:45Z,0.1236402839422226
2023-09-22T12:26:19Z,0.2249456793069839
2023-09-20T17:11:43Z,0.1516918893903494
2023-09-22T19:00:48Z,0.0207131169736385
2023-09-22T19:41:03Z,0.7162269949913025
2023-09-22T20:06:56Z,-0.6383144855499268
2023-09-23T13:49:44Z,0.0391417071223259
2023-09-26T08:16:09Z,-0.0252612587064504
2023-09-26T13:01:23Z,-0.6483699977397919
2023-09-26T13:12:54Z,0.6550009027123451
2023-09-26T13:40:24Z,0.3199265943840146
2023-09-26T14:04:08Z,-0.1732541620731353
2023-09-26T14:26:31Z,0.1338727697730064
2023-09-26T14:35:50Z,-0.2153460383415222
2023-09-26T14:58:29Z,-0.1110709756612777
2023-09-26T17:17:48Z,-0.4560621455311775
2023-09-26T17:31:37Z,0.0149273686110973
2023-09-26T18:49:19Z,-0.7315454073250294
2023-09-27T12:35:16Z,0.4142545266076922
2023-09-27T13:47:47Z,0.0304901301860809
2023-09-27T19:56:19Z,0.8631837461143732
2023-09-27T20:51:59Z,-0.3678256571292877
2023-09-27T01:12:38Z,-0.7730809822678566
2023-09-28T15:31:59Z,-0.0823944956064224
2023-09-29T15:50:41Z,-0.43161141872406
2023-09-29T20:13:14Z,-0.8728483021259308
2023-10-01T10:01:10Z,-0.082534234970808
2023-10-02T14:07:14Z,0.0502006579190492
2023-10-02T14:07:58Z,0.0109575316309928
2023-10-02T14:09:06Z,0.4850686192512512
2023-10-02T14:10:47Z,-0.0259015820920467
2023-10-02T14:12:30Z,0.062175340950489
2023-10-02T14:17:17Z,0.7729851687327027
2023-10-02T15:01:03Z,-0.021648870781064
2023-10-02T15:05:33Z,-0.1616988964378833
2023-10-02T17:35:27Z,0.0089880265295505
2023-10-02T19:54:37Z,0.8106159195303917
2023-10-03T13:30:21Z,0.0022237319499254
2023-10-03T15:02:48Z,0.8587492220103741
2023-10-03T17:35:29Z,-0.0348262079060077
2023-10-03T20:17:52Z,-0.1845701225101947
2023-10-04T14:40:08Z,0.4663262367248535
2023-10-04T16:29:08Z,-0.927321563474834
2023-10-05T15:27:33Z,0.5876480657607317
2023-10-05T20:30:41Z,0.0363663174211978
2023-10-05T15:23:41Z,0.0871371431276202
2023-10-06T15:52:30Z,-0.4919329918920994
2023-10-06T18:12:36Z,-0.939700061455369
2023-10-06T20:14:49Z,0.1974908113479614
2023-10-09T14:02:09Z,0.0207131169736385
2023-10-10T08:04:57Z,0.8803064608946443
2023-10-10T12:28:36Z,0.0190104935318231
2023-10-10T15:43:24Z,0.9157093577086926
2023-10-10T20:12:27Z,-0.5299742072820663
2023-10-10T20:19:28Z,-0.2082752659916877
2023-10-10T20:59:15Z,0.2526283301413059
2023-10-11T10:28:01Z,0.5889729708433151
2023-10-11T11:46:50Z,-0.3822346515953541
2023-10-11T13:01:07Z,0.1346863592043519
2023-10-11T17:36:27Z,-0.8949458608403802
2023-10-12T10:26:24Z,-0.6267503648996353
2023-10-12T16:00:23Z,-0.0575423538684845
2023-10-12T18:31:52Z,0.1486005298793316
2023-10-13T05:10:53Z,0.0360440760850906
2023-10-13T05:19:05Z,0.5275680273771286
2023-10-13T06:17:42Z,-0.1139203906059265
2023-10-13T06:50:26Z,0.0060408040881156
2023-10-13T10:50:49Z,0.0044777989387512
2023-10-13T10:51:36Z,-0.0007754303514957
2023-10-13T10:53:04Z,-0.8979802988469601
2023-10-13T10:53:52Z,-0.9607395203784108
2023-10-13T10:55:51Z,-0.962746875360608
2023-10-13T10:56:35Z,-0.1604121960699558
2023-10-13T12:06:48Z,0.7793133212253451
2023-10-13T08:14:07Z,-0.0891135018318891
2023-10-13T12:57:35Z,0.6636600196361542
2023-10-13T13:29:01Z,-0.1425814032554626
2023-10-13T13:11:37Z,-0.0252285692840814
2023-10-13T13:02:12Z,0.902166698127985
2023-10-13T13:48:10Z,0.1912452597171068
2023-10-13T13:48:49Z,0.275458425283432
2023-10-13T14:30:30Z,-0.6436018198728561
2023-10-13T14:49:48Z,0.8698862381279469
2023-10-13T17:14:35Z,-0.8145752595737576
2023-10-13T17:53:30Z,-0.8965353928506374
2023-10-13T15:22:43Z,0.8796523883938789
2023-10-13T20:22:38Z,0.2902574557811022
2023-10-14T04:23:48Z,-0.8561959341168404
2023-10-16T05:35:42Z,-0.0538983643054962
2023-10-16T12:52:01Z,0.8560748770833015
2023-10-16T13:47:47Z,0.8330329693853855
2023-10-16T13:27:19Z,0.0026532523334026
2023-10-16T14:39:08Z,0.8122285292483866
2023-10-16T15:25:33Z,0.1696912348270416
2023-10-16T16:57:40Z,0.7898324057459831
2023-10-16T17:07:19Z,0.401091992855072
2023-10-16T17:29:21Z,0.8517864756286144
2023-10-16T20:45:49Z,-0.0988359376788139
2023-10-16T07:11:03Z,-0.0743041783571243
2023-10-18T14:14:50Z,-0.9522467870265244
2023-10-18T16:18:15Z,0.717124130576849
2023-10-19T15:30:20Z,-0.0397168323397636
2023-10-19T17:36:29Z,-0.9500605575740336
2023-10-20T10:47:57Z,0.1317818313837051
2023-10-20T14:16:01Z,0.0190973691642284
2023-10-20T16:06:49Z,-0.8857225440442562
2023-10-20T16:25:25Z,0.7500964486971498
2023-10-21T20:19:00Z,-0.9597622994333506
2023-10-23T14:00:37Z,0.0206079874187707
2023-10-23T17:35:28Z,-0.0348262079060077
2023-10-24T16:30:24Z,0.0022237319499254
2023-10-25T14:46:33Z,0.0190973691642284
2023-09-18T19:14:01Z,0.2121352832764387
2023-10-26T14:56:14Z,0.7737578377127647
2023-10-26T21:23:06Z,0.9134455733001232
2023-10-27T12:08:51Z,0.7722869906574488
2023-10-27T12:48:13Z,0.0885148840025067
2023-10-27T18:27:28Z,0.0409643668681383
2023-10-28T19:33:53Z,-0.9416567645967008
2023-10-28T13:58:56Z,-0.0890242606401443
2023-10-30T15:02:21Z,-0.0548408329486846
2023-10-31T14:17:02Z,-0.0850288160145282
2023-11-01T15:56:56Z,0.2588187521323561
2023-11-02T07:46:10Z,-0.9119914099574088
2023-11-02T14:27:26Z,0.5312134576961398
2023-11-03T15:15:38Z,0.0190973691642284
2023-11-03T16:55:50Z,-0.0123150423169136
2023-11-03T17:02:48Z,-0.9494231371209024
2023-11-03T17:26:20Z,-0.8314657788723707
2023-11-03T18:37:40Z,-0.95056714117527
2023-11-05T12:22:55Z,-0.0946212634444236
2023-11-08T05:55:47Z,-0.9184902776032686
2023-11-08T17:51:33Z,0.917765736579895
2023-11-09T15:56:34Z,-0.0137737616896629
2023-11-09T17:42:19Z,-0.6505155190825462
2023-11-09T18:07:59Z,0.1798621611669659
2023-11-10T15:44:31Z,0.5648753345012665
2023-11-10T19:19:44Z,0.4814984071999788
2023-11-11T18:09:18Z,-0.9474202701821924
2023-11-13T17:35:25Z,0.0089880265295505
2023-11-14T18:46:02Z,-0.0051004942506551
2023-11-14T21:12:29Z,0.0791390379890799
2023-11-15T04:32:30Z,-0.2822294533252716
2023-11-15T12:49:33Z,0.8946749055758119
2023-11-15T14:57:57Z,0.8514513224363327
2023-11-15T15:43:46Z,0.1641214182600379
2023-11-15T21:22:53Z,0.8049429282546043
2023-11-16T14:28:38Z,0.1439295802265405
2023-11-16T18:53:16Z,0.836082074791193
2023-11-16T20:00:14Z,0.0067459754645824
2023-11-20T17:15:50Z,0.0190973691642284
2023-11-17T17:34:47Z,0.0092262811958789
2023-11-21T16:31:04Z,0.0012828633189201
2023-11-22T13:51:38Z,0.146782660856843
2023-11-22T18:59:20Z,-0.6207433268427849
2023-11-24T13:49:23Z,0.6065054032951593
2023-11-27T17:30:42Z,0.0713837277144193
2023-11-28T12:16:07Z,0.1438609361648559
2023-11-28T16:24:16Z,0.8787766490131617
2023-11-28T16:26:45Z,0.5863095223903656
2023-11-28T16:31:15Z,0.8846683790907264
2023-11-28T17:35:23Z,-0.0348262079060077
2023-11-29T13:15:07Z,0.4658158831298351
2023-11-30T11:26:49Z,-0.003433546051383
2023-11-30T17:35:25Z,-0.0348262079060077
2023-12-01T13:51:05Z,-0.8051345553249121
2023-12-01T17:35:25Z,-0.0348262079060077
2023-12-01T21:04:55Z,-0.0198971331119537
2023-12-02T15:57:36Z,0.4108244543895125
2023-12-02T21:00:28Z,0.861205168068409
2023-12-04T16:15:45Z,0.0716749057173729
2023-12-04T17:35:23Z,-0.0348262079060077
2023-12-05T18:59:04Z,-0.1490070186555385
2023-12-06T12:59:22Z,-0.7721304893493652
2023-12-06T16:37:06Z,-0.1846767291426658
2023-12-06T17:35:23Z,0.0089880265295505
2023-12-06T18:37:49Z,-0.432521004229784
2023-12-06T21:53:37Z,-0.9505118615925312
2023-12-07T15:58:51Z,0.9097624868154526
2023-12-07T17:35:28Z,0.006042443215847
2023-12-07T18:00:00Z,-0.5296163316816092
2023-12-08T15:32:11Z,-0.1444009020924568
2023-12-08T17:18:10Z,-0.9108350425958632
2023-12-08T17:35:22Z,0.0089880265295505
2023-12-08T18:55:36Z,0.1151526551693677
2023-12-09T14:03:05Z,0.1112225847318768
2023-12-11T16:01:38Z,0.0716749057173729
2023-12-12T15:00:26Z,0.0206079874187707
2023-12-12T17:35:34Z,-0.0348262079060077
2023-12-13T12:55:16Z,-0.0143196005374193
2023-12-13T17:35:57Z,0.0089880265295505
2023-12-13T20:30:35Z,0.0288637820631265
2023-12-14T18:14:07Z,-0.5787824839353561
2023-12-15T16:01:13Z,0.0376730281859636
2023-12-16T21:27:24Z,-0.5804049447178841
2023-12-18T16:19:53Z,0.0822688322514295
2023-12-18T17:00:54Z,0.0097171254456043
2023-12-18T19:28:56Z,0.0582513082772493
2023-12-19T17:35:54Z,0.0089880265295505
2023-12-20T15:01:20Z,0.0261365622282028
2023-12-21T01:37:46Z,-0.5675963833928108
2023-12-21T17:39:13Z,-0.0200642123818397
2023-12-22T17:00:28Z,0.0122803393751382
2023-12-26T13:59:47Z,-0.9634416261687876
2023-12-26T17:35:26Z,-0.0348262079060077
2023-12-27T13:13:45Z,0.0712585821747779
2023-12-28T15:17:37Z,0.0012828633189201
2023-12-28T17:35:25Z,0.0089880265295505
2023-12-29T19:01:09Z,-0.0051004942506551
2023-12-30T02:43:15Z,0.0269595924764871
2024-01-01T14:45:39Z,-0.0280216298997402
2024-01-02T11:50:15Z,0.8548973016440868
2024-01-03T15:26:52Z,0.7375418469309807
2024-01-04T13:14:52Z,0.009850800037384
2024-01-04T16:19:28Z,0.4591600243002176
2024-01-04T19:11:26Z,0.1189689934253692
2024-01-05T12:36:42Z,-0.8732717391103506
2024-01-05T15:49:23Z,0.8651821874082088
2024-01-05T17:35:24Z,0.0089880265295505
2024-01-08T13:17:32Z,-0.8589785508811474
2024-01-08T15:38:39Z,0.6045387871563435
2024-01-08T14:34:11Z,-0.3701680041849613
2024-01-08T20:55:51Z,0.0506752487272024
2024-01-09T08:58:05Z,0.9002605071291327
2024-01-09T11:58:31Z,0.8305158130824566
2024-01-09T13:06:08Z,0.020930740982294
2024-01-09T13:54:30Z,-0.710713692009449
2024-01-09T19:00:57Z,0.1138916779309511
2024-01-09T20:03:55Z,0.1265753731131553
2024-01-10T13:14:56Z,0.0189127903431653
2024-01-10T20:16:05Z,0.0716749057173729
2024-01-10T20:32:03Z,-0.7427683509886265
2024-01-11T14:00:21Z,0.0063327029347419
2024-01-11T17:35:25Z,-0.0348262079060077
2024-01-11T17:55:29Z,0.1365347933024168
2024-01-11T18:37:44Z,-0.9330266248434782
2024-01-12T03:07:19Z,-0.0176533013582229
2024-01-12T08:31:23Z,-0.1761975288391113
2024-01-12T08:51:05Z,0.0016613230109214
2024-01-12T09:58:31Z,-0.0861244071274995
2024-01-12T11:50:50Z,-0.1026133298873901
2024-01-12T12:21:24Z,-0.8123063389211893
2024-01-12T13:08:36Z,-0.1524054706096649
2024-01-12T13:21:47Z,-0.8795557282865047
2024-01-12T13:22:17Z,0.5920942341908813
2024-01-12T13:52:03Z,0.9258632082492112
2024-01-12T13:54:49Z,0.9239039663225412
2024-01-12T13:55:57Z,0.2299703657627105
2024-01-12T13:58:24Z,-0.1359823122620582
2024-01-12T14:10:37Z,-0.0262191798537969
2024-01-12T15:48:15Z,0.0214979704469442
2024-01-12T17:48:37Z,-0.7857838645577431
2024-01-12T18:30:50Z,-0.9545128811150788
2024-01-12T19:08:22Z,0.2598943561315536
2024-01-12T20:42:18Z,-0.7806282844394445
2024-01-12T21:35:56Z,-0.9057515170425176
2024-01-13T15:03:28Z,0.0214638095349073
2024-01-15T04:17:49Z,0.7907727286219597
2024-01-15T15:30:59Z,0.0510141812264919
2024-01-16T08:22:30Z,-0.9534167693927884
2024-01-16T13:43:18Z,0.7800575066357851
2024-01-16T15:03:51Z,0.8523310832679272
2024-01-16T15:30:41Z,-0.2471716701984405
2024-01-16T17:05:40Z,0.1173975644633174
2024-01-17T16:58:31Z,0.455907647497952
2024-01-17T17:59:54Z,0.4029468614608049
2024-01-17T19:15:05Z,-0.8349873758852482
2024-01-18T03:34:24Z,-0.1331755891442299
2024-01-18T16:15:48Z,0.0237740501761436
2024-01-18T17:35:21Z,0.0112868472933769
2024-01-18T17:44:52Z,-0.0160499513149261
2024-01-19T06:26:29Z,0.8638513348996639
2024-01-19T15:00:16Z,0.0264140451326966
2024-01-19T17:18:51Z,-0.9475933639332652
2024-01-19T17:35:26Z,-0.0348262079060077
2024-01-19T20:00:33Z,-0.8272343389689922
2024-01-21T13:08:12Z,0.0798973385244607
2024-01-22T06:41:53Z,0.2023280020803213
2024-01-16T09:51:22Z,0.6029253974556923
2024-01-22T14:09:10Z,-0.8639536425471306
2024-01-23T00:45:48Z,-0.9221301153302192
2024-01-23T11:25:34Z,-0.9163800068199636
2024-01-12T07:48:36Z,0.0104025416076183
2024-01-24T14:39:09Z,-0.916715744882822
2024-01-25T06:51:12Z,-0.8796405391767621
2024-01-25T14:45:24Z,0.0022237319499254
2024-01-25T21:28:28Z,0.2577925641089678
2024-01-26T03:42:27Z,0.1286837756633758
2024-01-26T13:32:31Z,-0.1517699360847473
2024-01-26T13:35:44Z,-0.2247711699455976
2024-01-26T15:44:48Z,-0.8201735951006413
2024-01-29T03:41:16Z,-0.76117242872715
2024-01-29T14:47:17Z,0.0713837277144193
2024-01-30T01:51:15Z,-0.9404726792126894
2024-01-30T11:40:25Z,0.8627268001437187
2024-01-30T12:15:14Z,-8.302927017211914e-05
2024-01-30T17:35:25Z,0.0089880265295505
2024-01-30T18:10:46Z,0.8461438678205013
2024-01-31T14:46:47Z,-0.0224019326269626
2024-01-31T17:35:26Z,0.0089880265295505
2024-02-01T17:35:24Z,0.0089880265295505
2024-02-01T19:06:55Z,0.0125709995627403
2024-02-01T19:54:27Z,-0.0135866329073905
2024-02-02T02:22:38Z,-0.9301237622275949
2024-02-04T11:08:10Z,0.0068940371274948
2024-02-05T17:35:26Z,0.0089880265295505
2024-02-06T10:32:04Z,0.6193977231159806
2024-02-06T15:02:54Z,0.8254889990203083
2024-02-06T16:16:07Z,0.0012828633189201
2024-02-08T14:07:34Z,0.8513095863163471
2024-02-09T19:51:32Z,0.0664864517748355
2024-02-11T15:40:45Z,0.0273011550307273
2024-02-12T19:44:43Z,-0.9198356904089452
2024-02-13T16:16:00Z,-0.0021490324288606
2024-02-14T14:30:49Z,0.0206079874187707
2024-02-20T16:53:43Z,-0.9201537892222404
2024-02-20T18:02:52Z,-0.0285439845174551
2024-02-21T14:22:38Z,0.0498054362833499
2024-02-22T16:00:54Z,0.0713837277144193
2024-02-23T17:28:00Z,-0.0029976703226566
2024-02-23T17:55:37Z,-0.0079985726624727
2024-02-23T17:57:52Z,0.0218620859086513
2024-02-23T19:11:02Z,0.0522830728441476
2024-02-24T13:16:22Z,0.0313657522201538
2024-02-26T17:05:29Z,0.0444145686924457
2024-02-26T17:08:18Z,-0.7580524198710918
2024-02-26T17:17:56Z,0.9247934967279434
2024-02-26T17:20:36Z,-0.3236257433891296
2024-02-26T17:21:14Z,0.0620994959026575
2024-02-26T18:00:12Z,-0.0005755387246608
2024-02-26T19:48:54Z,0.0320147648453712
2024-02-27T04:57:14Z,-0.7561091892421246
2024-02-27T13:58:35Z,0.0046338904649019
2024-02-28T16:00:39Z,0.0190973691642284
2024-02-29T14:30:23Z,0.049733780324459
2024-02-29T20:30:14Z,0.0117597337812185
2024-03-03T12:10:21Z,-0.0311543121933937
2024-03-04T17:11:55Z,0.8011375768110156
2024-03-05T13:20:38Z,0.8912101406604052
2024-03-06T11:36:21Z,-0.939838007092476
2024-03-06T17:45:43Z,0.0012828633189201
2024-03-07T20:27:23Z,-0.272391390055418
2024-03-08T14:40:55Z,0.8596296440809965
2024-03-08T17:25:30Z,0.6600833032280207
2024-03-08T21:19:21Z,0.5471107661724091
2024-03-09T13:32:00Z,0.3953313492238521
2024-03-10T01:00:14Z,-0.8842029701918364
2024-03-11T17:30:55Z,0.0713837277144193
2024-03-11T17:35:29Z,0.0089880265295505
2024-03-12T01:49:59Z,0.5918308645486832
2024-03-12T10:03:17Z,0.0109141375869512
2024-03-12T15:00:04Z,-0.8333980403840542
2024-03-12T19:10:29Z,-0.0690292567014694
2024-03-13T13:23:41Z,-0.6638997159898281
2024-03-13T14:31:13Z,0.0012828633189201
2024-03-13T15:05:19Z,-0.6921171694993973
2024-03-13T20:01:02Z,0.0181371439248323
2024-03-13T22:27:48Z,0.7023557350039482
2024-03-14T15:06:41Z,-0.9028295651078224
2024-03-14T21:10:34Z,-0.945785541087389
2024-03-15T14:27:15Z,-0.0447857975959777
2024-03-18T17:00:31Z,0.016969945281744
2024-03-19T13:23:46Z,-0.3323629200458526
2024-03-19T16:00:58Z,-0.0051004942506551
2024-03-19T17:00:31Z,-0.5341715924441814
2024-03-19T20:58:59Z,0.479909285902977
2024-03-20T03:09:18Z,-0.0105670168995857
2024-03-20T10:24:54Z,0.8835152704268694
2024-03-20T12:33:09Z,-0.0014520287513732
2024-03-20T13:39:50Z,0.0093371756374835
2024-03-20T15:07:54Z,-0.6921171694993973
2024-03-21T15:45:14Z,0.0117597337812185
2024-03-25T13:05:49Z,0.1020930064842104
2024-03-25T20:16:42Z,0.2480394495651126
2024-03-26T15:48:24Z,-0.021848764270544
2024-03-27T16:00:58Z,0.0716749057173729
2024-03-27T17:35:30Z,0.0089880265295505
2024-04-01T17:35:23Z,-0.0466729216277599
2024-04-02T15:00:33Z,0.049733780324459
2024-04-02T15:33:26Z,0.0150139480829238
2024-04-03T10:10:50Z,0.0690855719149112
2024-04-03T14:16:24Z,0.0237740501761436
2024-04-03T16:16:59Z,0.1603551702573895
2024-04-04T16:46:57Z,0.9064555447548628
2024-04-04T21:00:26Z,0.0109883658587932
2024-04-05T12:36:25Z,0.0469362512230873
2024-04-05T15:49:58Z,0.5573915913701057
2024-04-08T13:33:38Z,0.2313990881666541
2024-04-08T15:50:57Z,0.4375863075256347
2024-04-08T16:00:57Z,0.1483148364350199
2024-04-08T19:18:33Z,0.5868144780397415
2024-04-08T19:19:09Z,0.0345519073307514
2024-04-09T03:33:33Z,-0.8864479102194309
2024-04-09T15:15:55Z,0.0190973691642284
2024-04-09T20:45:14Z,0.0117597337812185
2024-04-10T16:16:25Z,-0.0602001529186964
2024-04-11T08:07:33Z,0.0451136827468872
2024-04-11T12:33:50Z,0.0133371669799089
2024-04-11T17:35:20Z,-0.0348262079060077
2024-04-11T18:06:46Z,0.1723870411515236
2024-04-11T20:39:15Z,-0.8523509055376053
2024-04-12T07:00:43Z,-0.2257611155509948
2024-04-12T07:00:50Z,0.0060408040881156
2024-04-12T10:52:14Z,0.2944121360778808
2024-04-12T10:52:36Z,0.0464665964245796
2024-04-12T10:54:18Z,0.0951435044407844
2024-04-12T10:55:13Z,0.803491129539907
2024-04-12T11:17:58Z,-0.0771339759230613
2024-04-12T12:10:45Z,-0.7534482106566429
2024-04-12T12:27:09Z,-0.6009632516652346
2024-04-12T12:29:02Z,0.0703606307506561
2024-04-12T13:17:52Z,0.8555765450000763
2024-04-12T13:23:35Z,-0.0255360100418329
2024-04-12T13:33:24Z,-0.8616975881159306
2024-04-12T13:35:52Z,-0.9545526690781116
2024-04-12T15:01:37Z,-0.8178987018764019
2024-04-12T16:15:10Z,-0.3900970816612243
2024-04-12T17:35:24Z,0.0089880265295505
2024-04-12T18:01:20Z,-0.2884087115526199
2024-04-12T18:25:52Z,-0.4345886558294296
2024-04-12T18:47:23Z,-0.76546929217875
2024-04-12T19:00:41Z,-0.9403193518519402
2024-04-15T05:49:34Z,-0.9221520870923996
2024-04-12T11:27:08Z,-0.9599500373005868
2024-04-15T11:51:38Z,-0.199301540851593
2024-04-15T12:39:51Z,0.0009716227650642
2024-04-15T13:00:52Z,0.1675675958395004
2024-04-15T13:07:49Z,-0.9464934621937572
2024-04-15T13:44:22Z,0.4830374121665954
2024-04-15T12:43:16Z,0.88738127425313
2024-04-15T15:11:17Z,0.8490482959896326
2024-04-15T16:36:38Z,0.0815942883491516
2024-04-16T12:54:27Z,-0.0138420313596725
2024-04-16T13:46:31Z,0.0261365622282028
2024-04-17T12:48:13Z,0.1294060451909899
2024-04-17T22:05:31Z,0.2710308358073234
2024-04-18T13:21:52Z,-0.9402150791138412
2024-04-18T19:01:16Z,0.0139654502272605
2024-04-18T19:58:38Z,-0.7794917076826096
2024-04-19T14:14:10Z,-0.387242954224348
2024-04-23T09:51:50Z,0.1536629451438784
2024-04-23T16:25:39Z,-0.6204292550683022
2024-04-23T16:29:35Z,-0.1774109974503517
2024-04-24T16:50:02Z,0.0453389137983322
2024-04-25T14:31:10Z,-0.0196083784103393
2024-04-25T17:35:18Z,0.0089880265295505
2024-04-26T17:33:30Z,0.8707066932693124
2024-04-21T15:01:43Z,0.0237648729234933
2024-04-29T17:00:16Z,-0.0559534411877393
2024-04-29T17:31:19Z,0.0190973691642284
2024-04-29T17:35:23Z,0.0089880265295505
2024-04-30T12:44:13Z,0.0050622951239347
2024-05-02T20:00:50Z,0.0122803393751382
2024-05-03T14:46:30Z,0.0237740501761436
2024-05-03T17:43:18Z,0.0527919009327888
2024-05-06T13:02:50Z,0.8581502763554454
2024-05-06T17:01:01Z,0.3938755467534065
2024-05-06T21:45:49Z,0.1528777899220585
2024-05-08T16:01:09Z,-0.0615296997129917
2024-05-08T17:05:37Z,0.0601234789937734
2024-05-08T18:48:24Z,-0.572602391242981
2024-05-11T14:57:31Z,-0.2441869154572487
2024-05-13T12:03:59Z,-0.039612665772438
2024-05-13T17:30:23Z,0.0510141812264919
2024-05-13T17:35:22Z,0.0089880265295505
2024-05-14T14:15:25Z,-0.0386767722666263
2024-05-15T10:24:04Z,-0.0153456255793571
2024-05-15T12:14:27Z,-0.0176454577594995
2024-05-15T15:09:54Z,-0.2494551017880439
2024-05-15T20:27:04Z,-0.9433110319077967
2024-05-16T12:19:35Z,0.7336405217647552
2024-05-16T12:20:49Z,-0.028865996748209
2024-05-16T13:26:15Z,-0.6858821883797646
2024-05-16T15:02:42Z,0.827107491903007
2024-05-16T17:35:20Z,0.0089880265295505
2024-05-16T19:42:46Z,0.2343739513307809
2024-05-17T08:53:15Z,-0.6077035218477249
2024-05-17T11:18:44Z,0.0094405822455883
2024-05-17T17:30:47Z,0.0716749057173729
2024-05-17T18:22:28Z,0.0376397930085659
2024-05-17T19:20:30Z,-0.2387104332447052
2024-05-17T20:07:41Z,0.3935490436851978
2024-05-19T22:51:22Z,-0.1724070906639099
2024-05-20T13:59:11Z,0.7210474908351898
2024-05-20T14:16:15Z,0.8194526061415672
2024-05-20T14:58:13Z,0.6941389455460012
2024-05-20T15:34:17Z,0.9274256844073534
2024-05-20T15:40:34Z,0.9309394396841526
2024-05-20T15:50:52Z,0.0047222897410392
2024-05-20T15:52:40Z,0.8939590407535434
2024-05-20T16:08:06Z,-0.0776973273605108
2024-05-20T16:30:47Z,0.0611814297735691
2024-05-20T17:21:54Z,-0.0730275623500347
2024-05-20T17:42:41Z,-0.0072486363351345
2024-05-21T03:22:28Z,-0.0746138039976358
2024-05-21T06:34:05Z,-0.7733527570962906
2024-05-21T10:53:19Z,0.6069128829985857
2024-05-21T11:12:55Z,0.6274490393698215
2024-05-21T12:00:37Z,0.0504506789147853
2024-05-21T12:04:26Z,0.016502421349287
2024-05-21T12:37:02Z,0.8574941046535969
2024-05-21T14:34:21Z,0.1470861081033945
2024-05-21T14:50:07Z,-0.114838670939207
2024-05-21T15:12:50Z,-0.7408509701490402
2024-05-21T15:31:35Z,0.7216141186654568
2024-05-21T15:32:22Z,-0.0916663706302642
2024-05-21T20:30:53Z,0.2717231204733252
2024-05-22T17:35:22Z,0.0089880265295505
2024-05-22T18:58:29Z,-0.6623982191085815
2024-05-23T05:15:46Z,-0.5279267691075802
2024-05-23T12:59:28Z,-0.9051398821175098
2024-05-23T13:37:07Z,-0.930913295596838
2024-05-23T14:52:47Z,0.8472506143152714
2024-05-29T13:48:10Z,0.0900430679321289
2024-05-29T16:30:41Z,0.0376730281859636
2024-05-30T13:30:27Z,-0.0386767722666263
2024-05-30T16:52:43Z,-0.8071044124662876
2024-05-30T17:03:34Z,-0.0213903319090604
2024-05-30T17:35:21Z,-0.0348262079060077
2024-05-31T12:57:22Z,-0.0066737905144691
2024-06-02T22:43:47Z,0.4702543616294861
2024-06-03T12:26:41Z,-0.940162554383278
2024-06-03T15:01:48Z,-0.5312992110848427
2024-06-03T16:18:24Z,-0.7706909328699112
2024-06-03T18:38:20Z,-0.5302058216184378
2024-06-04T15:31:10Z,-0.1113427989184856
2024-06-06T16:15:22Z,-0.8242567293345928
2024-06-06T17:35:21Z,0.006042443215847
2024-06-07T11:50:33Z,-0.8721171021461487
2024-06-07T12:28:38Z,0.0819828687235713
2024-06-07T16:03:33Z,-0.0289423763751983
2024-06-07T20:00:54Z,0.0249664150178432
2024-06-10T15:43:57Z,0.0186108164489269
2024-06-10T17:35:16Z,0.2106669368222355
2024-06-10T20:01:35Z,-0.083284143358469
2024-06-11T12:38:27Z,-0.0583356600254774
2024-06-13T13:26:51Z,0.5360192358493805
2024-06-13T17:34:58Z,-0.8687720410525799
2024-06-14T17:35:19Z,0.0089880265295505
2024-06-18T14:24:39Z,0.0319060217589139
2024-06-20T14:16:20Z,0.0207131169736385
2024-06-20T17:35:21Z,0.0089880265295505
2024-06-21T15:22:40Z,0.0703742038458585
2024-06-21T15:33:54Z,0.0552161922678351
2024-06-21T16:02:31Z,-0.9243244165554644
2024-06-21T19:57:57Z,-0.2979002892971039
2024-06-21T20:17:18Z,-0.8406973294913769
2024-06-22T17:33:37Z,0.1403276454657316
2024-06-24T14:03:53Z,0.0012828633189201
2024-06-24T14:08:12Z,-0.6100734677165747
2024-06-24T19:30:38Z,0.0363663174211978
2024-06-24T22:22:47Z,0.3356706500053406
2024-06-25T10:01:47Z,0.7297706538811326
2024-06-26T15:37:57Z,0.838778305798769
2024-06-27T07:08:28Z,-0.8370642922818661
2024-06-27T11:49:43Z,-0.3814897164702415
2024-06-27T13:42:46Z,-0.9647593516856432
2024-06-27T17:02:11Z,0.0050248652696609
2024-06-27T17:35:23Z,0.0089880265295505
2024-06-28T05:38:01Z,-0.2715693861246109
2024-06-28T18:16:36Z,0.0716749057173729
2024-06-28T20:42:40Z,0.8719022013247013
2024-06-29T16:11:58Z,-0.1139040291309356
2024-07-01T18:00:20Z,0.049733780324459
2024-07-01T20:33:51Z,0.9312629830092192
2024-07-01T22:38:43Z,-0.7002890557050705
2024-07-02T13:26:43Z,0.1491431053727865
2024-07-02T15:25:44Z,-0.5268180966377258
2024-07-03T13:51:34Z,-0.4318511933088302
2024-07-03T14:01:34Z,-0.0284470561891794
2024-07-03T15:24:07Z,-0.9279343439266086
2024-07-03T15:35:57Z,0.5353608820587397
2024-07-03T16:37:07Z,-0.960452089086175
2024-07-05T10:04:17Z,-0.3127258159220218
2024-07-05T11:55:51Z,0.3932186663150787
2024-07-05T18:49:38Z,0.2717231204733252
2024-07-08T14:46:21Z,-0.021648870781064
2024-07-08T15:41:53Z,0.0103814993053674
2024-07-08T19:46:38Z,-0.8947014380246401
2024-07-08T23:11:53Z,-0.2880043983459472
2024-07-09T07:27:30Z,-0.8180474564433098
2024-07-09T13:28:54Z,0.6788707133382559
2024-07-09T15:06:12Z,0.0524708963930606
2024-07-09T17:35:16Z,0.0089880265295505
2024-07-09T17:47:10Z,-0.2328177988529205
2024-07-10T07:52:55Z,-0.6262687146663666
2024-07-10T12:00:10Z,-0.949484484270215
2024-07-11T06:43:15Z,-0.7324826940894127
2024-07-11T07:00:11Z,0.1415477562695741
2024-07-11T12:35:07Z,0.0208730343729257
2024-07-11T14:19:55Z,0.376870890147984
2024-07-11T16:14:09Z,-0.3418915793299675
2024-07-11T17:35:23Z,0.0089880265295505
2024-07-11T18:08:43Z,0.023043718189001
2024-07-12T05:55:20Z,0.0260939914733171
2024-07-12T06:25:35Z,-0.8816659990698099
2024-07-12T06:55:20Z,0.0019220784306526
2024-07-12T08:51:38Z,-0.7385735362768173
2024-07-12T10:49:51Z,0.0269149467349052
2024-07-12T10:51:18Z,0.9240182489156724
2024-07-12T10:53:17Z,0.927952878177166
2024-07-12T10:53:54Z,0.867239598184824
2024-07-12T10:56:31Z,0.6334114521741867
2024-07-12T11:35:38Z,-0.9002324417233467
2024-07-12T12:07:32Z,-0.2095838282257318
2024-07-12T12:09:25Z,0.8962514065206051
2024-07-12T12:16:31Z,0.8416421711444855
2024-07-12T12:19:27Z,0.6259487420320511
2024-07-12T13:13:55Z,-0.0169223379343748
2024-07-12T15:09:56Z,0.784066341817379
2024-07-12T15:19:55Z,0.1417281329631805
2024-07-12T16:00:18Z,0.6452392041683197
2024-07-12T17:40:51Z,-0.263375885784626
2024-07-12T18:22:27Z,0.7369900578632951
2024-07-12T19:00:34Z,-0.8039611838757992
2024-07-12T19:39:49Z,0.0018346756696701
2024-07-13T19:08:42Z,0.0031152553856372
2024-07-13T21:07:57Z,-0.7926663607358932
2024-07-15T07:52:36Z,0.4963841587305069
2024-07-15T09:13:17Z,0.9214589595794678
2024-07-15T10:33:43Z,-0.0229401774704456
2024-07-15T12:16:08Z,0.861905662342906
2024-07-15T12:38:58Z,0.8627268001437187
2024-07-15T12:51:07Z,0.8371977657079697
2024-07-15T12:59:33Z,0.8736219350248575
2024-07-15T13:15:22Z,0.8913556151092052
2024-07-15T14:19:47Z,0.7558466196060181
2024-07-15T14:56:52Z,0.9028302654623984
2024-07-15T15:13:51Z,-0.2959650009870529
2024-07-15T15:22:48Z,-0.9391810707747936
2024-07-15T19:42:33Z,-0.0080895200371742
2024-07-16T04:49:26Z,-0.9052800741046668
2024-07-16T16:15:54Z,0.0207131169736385
2024-07-16T16:23:25Z,-0.6378634013235569
2024-07-16T21:08:15Z,0.0456893146038055
2024-07-17T01:04:31Z,-0.1543052531778812
2024-07-17T16:02:14Z,0.1656266311183571
2024-07-17T19:12:12Z,0.6611320376396179
2024-07-17T19:58:45Z,0.0399146527051925
2024-07-18T05:19:13Z,-0.1237620711326599
2024-07-18T20:04:00Z,0.8961516134440899
2024-07-19T10:05:36Z,0.7012509703636169
2024-07-19T10:37:06Z,0.68478998914361
2024-07-19T13:39:51Z,0.0147812850773334
2024-07-19T14:44:26Z,0.1313572004437446
2024-07-19T20:40:24Z,0.8197217509150505
2024-07-20T07:48:24Z,0.0104610174894332
2024-07-22T17:35:24Z,-0.0348262079060077
2024-07-23T13:00:17Z,0.0117597337812185
2024-07-23T13:31:45Z,0.0561114251613616
2024-07-25T14:18:57Z,0.0012828633189201
2024-07-25T16:22:06Z,0.7517170868813992
2024-07-25T18:41:42Z,0.2103843875229358
2024-07-26T14:31:10Z,-0.0021490324288606
2024-07-26T14:39:27Z,0.4743029233068228
2024-07-26T16:26:15Z,-0.4567994475364685
2024-07-29T12:33:08Z,0.7630912279710174
2024-07-30T14:53:35Z,0.8622911535203457
2024-07-30T15:00:27Z,0.1114490255713462
2024-07-31T14:31:47Z,-0.0615296997129917
2024-08-01T11:56:46Z,-0.2989746034145355
2024-08-01T13:07:30Z,0.8957588765770197
2024-08-01T17:20:55Z,0.8873457023873925
2024-08-02T15:00:51Z,0.049733780324459
2024-08-02T17:24:38Z,0.7316706385463476
2024-08-04T14:58:38Z,-0.0944169461727142
2024-08-05T09:59:29Z,-0.7457707189023495
2024-08-05T17:35:21Z,-0.0348262079060077
2024-08-06T13:11:21Z,0.8817680813372135
2024-08-07T13:04:42Z,-0.0576410014182329
2024-08-07T14:01:53Z,-0.0021490324288606
2024-08-07T15:33:49Z,0.0527386385947465
2024-08-07T17:19:33Z,0.6584231033921242
2024-08-07T17:24:31Z,-0.0415440760552883
2024-08-07T17:35:23Z,-0.0466729216277599
2024-08-08T18:02:29Z,0.1113373888656497
2024-08-09T00:57:56Z,0.1178731061518192
2024-08-09T17:02:30Z,-0.0129257850348949
2024-08-09T17:35:25Z,-0.0466729216277599
2024-08-09T19:47:10Z,0.1997055010870099
2024-08-12T12:49:49Z,0.0967929242178797
2024-08-12T19:30:51Z,0.2717231204733252
2024-08-13T15:16:58Z,0.0190973691642284
2024-08-14T13:48:29Z,-0.0324719548225402
2024-08-14T17:35:23Z,-0.0348262079060077
2024-08-16T01:14:06Z,0.2061742804944515
2024-08-20T17:31:19Z,-0.021648870781064
2024-08-20T17:35:21Z,-0.0440736375749111
2024-08-21T11:58:49Z,0.8204674664884806
2024-08-22T14:49:49Z,-0.919064164161682
2024-08-22T17:00:36Z,-0.0059251151978969
2024-08-23T12:50:47Z,0.0044428016990423
2024-08-23T17:35:25Z,-0.0348262079060077
2024-08-26T08:47:17Z,0.9163838382810354
2024-08-26T15:30:48Z,0.2717231204733252
2024-08-26T17:35:22Z,-0.0348262079060077
2024-08-27T13:14:18Z,-0.9129889961332084
2024-08-28T14:16:15Z,0.0716749057173729
2024-08-28T19:46:33Z,0.0857660006731748
2024-08-29T11:10:32Z,-0.885298240929842
2024-08-29T17:35:25Z,0.0089880265295505
2024-08-30T18:35:50Z,0.0227843914180994
2024-08-31T13:04:47Z,0.1045588636770844
2024-09-03T11:04:45Z,-0.5636717174202204
2024-09-03T13:00:54Z,0.0132931303232908
2024-09-03T17:44:10Z,-0.0428646504878997
2024-09-04T18:45:50Z,-0.021648870781064
2024-09-06T12:29:31Z,-0.8864961005747318
2024-09-06T18:29:01Z,-0.950790610164404
2024-09-09T14:45:57Z,-0.0615296997129917
2024-09-10T13:05:47Z,0.6469631288200617
2024-09-10T14:00:30Z,0.9357234500348568
2024-09-10T14:06:15Z,0.9186695152893662
2024-09-10T14:12:44Z,0.8866685107350349
2024-09-10T14:14:48Z,0.7883251309394836
2024-09-10T14:19:51Z,0.8836083207279444
2024-09-10T14:25:02Z,0.8955974094569683
2024-09-10T14:45:51Z,-0.0021490324288606
2024-09-10T15:16:56Z,0.0029362998902797
2024-09-10T17:35:22Z,0.0089880265295505
2024-09-10T17:39:38Z,-0.9373134020715952
2024-09-10T14:31:54Z,-0.9511956656351686
2024-09-10T20:27:38Z,-0.9266723385080696
2024-09-11T04:45:51Z,-0.0067088827490806
2024-09-11T09:38:15Z,-0.9534594286233188
2024-09-11T10:56:31Z,-0.7868614792823792
2024-09-11T12:45:57Z,0.6776581332087517
2024-09-11T13:03:05Z,0.8523356723599136
2024-09-12T08:18:29Z,-0.679877158254385
2024-09-12T10:11:17Z,0.0116439424455165
2024-09-12T13:16:06Z,0.2265252768993377
2024-09-12T13:34:57Z,0.717109102755785
2024-09-12T17:49:44Z,0.0724988784641027
2024-09-13T18:32:29Z,0.0275976667180657
2024-09-15T12:04:08Z,-0.0038892216980457
2024-09-15T22:44:19Z,-0.2733106203377247
2024-09-16T14:00:55Z,0.2717231204733252
2024-09-16T18:43:19Z,0.8376238001510501
2024-09-17T16:12:50Z,0.2960314573720097
2024-09-17T16:40:50Z,0.6550483535975218
2024-09-17T19:15:11Z,0.013479795306921
2024-09-18T15:58:37Z,-0.075409211218357
2024-09-19T17:35:29Z,-0.0348262079060077
2024-09-20T16:32:49Z,0.0237740501761436
2024-09-20T16:45:31Z,0.6162597499787807
2024-09-20T17:35:28Z,0.0089880265295505
2024-09-21T01:16:53Z,-0.8673716299235821
2024-09-23T23:08:31Z,-0.4690791368484497
2024-09-25T05:45:42Z,-0.7022804971784353
2024-09-25T17:35:23Z,-0.0348262079060077
2024-09-25T20:16:03Z,0.0376730281859636
2024-09-30T19:15:25Z,0.0713837277144193
2024-10-01T15:01:43Z,0.0122803393751382
2024-10-02T13:56:05Z,0.8185515254735947
2024-10-02T15:00:57Z,0.0504521504044532
2024-10-02T15:07:22Z,0.7474731057882309
2024-10-02T17:04:09Z,-0.4593847319483757
2024-10-03T17:02:41Z,0.0033069401979446
2024-10-04T02:11:16Z,0.9317914741113782
2024-10-04T13:58:14Z,-0.0055809188634157
2024-10-04T14:16:15Z,0.0190973691642284
2024-10-04T15:50:01Z,-0.8802326638251543
2024-10-04T18:25:30Z,0.0249579325318336
2024-10-04T20:14:27Z,-0.6771548427641392
2024-10-07T10:41:40Z,-0.946318837814033
2024-10-07T17:44:43Z,0.0585846807807683
2024-10-07T20:48:58Z,0.1533770784735679
2024-10-08T10:20:11Z,0.2153774052858352
2024-10-08T13:52:16Z,0.210634097456932
2024-10-08T14:31:13Z,-0.1051564365625381
2024-10-08T17:22:26Z,0.7050488078966737
2024-10-09T16:30:01Z,0.2305081337690353
2024-10-10T03:15:16Z,-0.9402031283825636
2024-10-09T12:42:44Z,0.0134799312800168
2024-10-10T09:21:54Z,0.0715156244114041
2024-10-10T13:10:31Z,-0.0756038576364517
2024-10-10T17:42:32Z,-0.0602001529186964
2024-10-11T06:56:28Z,0.0065914206206798
2024-10-11T07:39:46Z,-0.9361030496656896
2024-10-11T10:52:29Z,-0.0718183368444442
2024-10-11T10:54:26Z,0.6074337512254715
2024-10-11T10:56:02Z,0.9251648643985392
2024-10-11T10:56:34Z,-0.4994067549705505
2024-10-11T10:58:05Z,0.6732583567500114
2024-10-11T12:13:41Z,0.8919022902846336
2024-10-11T12:27:51Z,0.9209374506026506
2024-10-11T12:29:03Z,0.826919823884964
2024-10-11T12:29:46Z,0.7555432617664337
2024-10-11T12:38:16Z,-0.8936328701674938
2024-10-11T12:56:55Z,0.0716569200158119
2024-10-11T13:02:59Z,0.2744075581431389
2024-10-11T13:03:11Z,0.1536328122019767
2024-10-11T13:14:49Z,0.9292203783988952
2024-10-11T13:31:46Z,-0.0500219650566577
2024-10-11T14:11:56Z,0.5241526216268539
2024-10-11T14:28:37Z,0.9078199416399002
2024-10-11T15:01:09Z,0.8813672959804535
2024-10-11T15:27:17Z,0.0849964413791894
2024-10-11T15:29:25Z,0.7790399678051472
2024-10-11T17:19:55Z,-0.0784124508500099
2024-10-11T17:30:45Z,-0.6050634831190109
2024-10-11T17:35:26Z,0.0089880265295505
2024-10-11T19:37:25Z,0.386995255947113
2024-10-11T20:15:54Z,0.1705665290355682
2024-10-11T21:19:55Z,0.8647887855768204
2024-10-12T15:00:41Z,-0.933238783851266
2024-10-14T07:55:19Z,0.7885409295558929
2024-10-14T13:00:53Z,0.9018832109868526
2024-10-14T13:50:21Z,0.8884449675679207
2024-10-14T14:23:23Z,0.8670455887913704
2024-10-14T14:29:36Z,0.0089708231389522
2024-10-14T15:35:35Z,-0.2471716701984405
2024-10-14T17:06:34Z,0.5977285765111446
2024-10-14T18:04:16Z,-0.1099175773561
2024-10-15T02:44:02Z,0.8942330833524466
2024-10-15T08:08:27Z,-0.9072339609265327
2024-10-15T13:10:10Z,0.0133039094507694
2024-10-15T14:01:15Z,-0.0021490324288606
2024-10-15T17:35:22Z,-0.0348262079060077
2024-10-16T10:38:12Z,0.1292309425771236
2024-10-16T16:05:00Z,0.0659468322992324
2024-10-16T17:35:56Z,0.4004864543676376
2024-10-16T17:53:01Z,0.6115445196628571
2024-10-16T19:01:51Z,0.8955816775560379
2024-10-16T19:58:09Z,-0.0103618167340755
2024-10-17T17:36:39Z,0.4312534406781196
2024-10-18T15:26:18Z,-0.9275962952524424
2024-10-18T16:00:37Z,0.0227396711707115
2024-10-21T08:30:26Z,0.0936221480369567
2024-10-21T14:31:34Z,-0.7662260979413986
2024-10-21T17:35:17Z,-0.0348262079060077
2024-10-22T15:29:06Z,-0.0091573223471641
2024-10-23T04:23:43Z,0.0092589743435382
2024-10-23T17:35:24Z,0.0089880265295505
2024-10-24T17:06:01Z,-0.4077040106058121
2024-10-24T17:37:48Z,0.0020496323704719
2024-10-25T14:01:23Z,0.16905945725739
2024-10-26T12:29:02Z,0.8444851841777563
2024-10-28T14:45:39Z,0.9054375868290664
2024-10-28T17:35:13Z,-0.7782340757548809
2024-10-28T17:35:22Z,0.0089880265295505
2024-10-28T19:37:29Z,-0.892632145434618
2024-10-28T20:19:23Z,-0.876512199640274
2024-10-29T02:39:16Z,-0.9402073323726654
2024-10-30T14:30:22Z,0.029840538278222
2024-10-30T17:35:27Z,-0.0466729216277599
2024-10-31T14:00:50Z,-0.0051004942506551
2024-10-31T21:12:31Z,0.8855646848678589
2024-11-01T19:00:58Z,-0.4364720080047846
2024-11-04T16:32:19Z,0.0376730281859636
2024-11-04T21:55:27Z,0.8374754460528493
2024-11-05T16:49:37Z,0.8339187875390053
2024-11-05T17:01:41Z,0.0190973691642284
2024-11-06T11:46:28Z,0.4708563089370727
2024-11-06T14:42:37Z,-0.058623781427741
2024-11-06T18:39:40Z,-0.0275045931339263
2024-11-06T23:08:54Z,0.1858324408531189
2024-11-07T11:45:38Z,0.6671057567000389
2024-11-07T14:15:55Z,0.1251041740179062
2024-11-07T15:03:35Z,0.9358189404010772
2024-11-07T17:35:21Z,-0.0348262079060077
2024-11-07T17:53:00Z,0.3511186372488737
2024-11-08T20:07:54Z,0.0237740501761436
2024-11-11T17:00:01Z,0.3337149620056152
2024-11-12T07:12:39Z,0.9031619243323804
2024-11-12T07:26:07Z,0.5075196251273155
2024-11-13T16:32:27Z,0.2740122228860855
2024-11-13T17:26:24Z,-0.9415044663473964
2024-11-13T20:24:32Z,0.0602894537150859
2024-11-14T18:01:05Z,-0.1755335740745067
2024-11-14T19:07:37Z,0.013038445264101
2024-11-14T19:08:39Z,0.1032295823097229
2024-11-15T12:54:13Z,0.8815714046359062
2024-11-15T14:32:00Z,0.1396480798721313
2024-11-18T20:45:21Z,0.0716749057173729
2024-11-19T16:47:04Z,0.7659981474280357
2024-11-19T19:07:38Z,0.7183123733848333
2024-11-20T14:37:17Z,-0.7285909913480282
2024-11-21T17:35:23Z,-0.0440736375749111
2024-11-25T15:28:30Z,0.0502112824469804
2024-11-26T18:24:10Z,-0.2436642050743103
2024-11-29T17:35:16Z,-0.0348262079060077
2024-11-29T18:45:20Z,-0.0386767722666263
2024-11-30T05:43:53Z,-0.7571466956287622
2024-12-02T13:08:57Z,-0.9298861380666494
2024-12-03T12:41:39Z,0.6702963020652533
2024-12-03T14:00:15Z,0.0159915685653686
2024-12-03T16:15:30Z,0.8409528322517872
2024-12-09T18:45:51Z,-0.0196083784103393
2024-12-10T12:21:18Z,0.1968362783081829
2024-12-10T17:27:42Z,0.9333820808678864
2024-12-10T17:34:22Z,0.4664693772792816
2024-12-10T17:44:16Z,0.9359489157795906
2024-12-10T17:44:36Z,-0.0361132770776748
2024-12-10T17:46:38Z,0.0493919774889946
2024-12-10T17:54:17Z,0.144290872849524
2024-12-10T18:01:48Z,0.7232890203595161
2024-12-12T12:32:27Z,-0.5970385707914829
2024-12-12T20:09:30Z,0.0716749057173729
2024-12-13T10:45:29Z,-0.7546425275504589
2024-12-13T17:35:23Z,0.006042443215847
2024-12-13T18:12:55Z,-0.557810515165329
2024-12-14T19:15:22Z,-0.3399349190294742
2024-12-16T20:45:29Z,-0.0196083784103393
2024-12-16T22:00:11Z,0.0765587138012051
2024-12-17T17:35:24Z,0.0089880265295505
2024-12-18T10:24:40Z,0.0581797063350677
2024-12-18T19:36:42Z,0.0729181580245494
2024-12-25T09:48:27Z,-0.0135661885142326
2024-12-26T14:08:04Z,-0.7637154925614595
2024-12-26T21:36:44Z,-0.2035249210894107
2024-12-30T22:02:01Z,0.0039637833833694
2024-12-31T15:15:34Z,0.0716749057173729
2024-12-31T20:27:43Z,0.1267372164875269
