created_at,sent_score
2018-01-02T14:30:14Z,0.060778297483921
2018-01-02T19:53:54Z,-0.939936799928546
2018-01-02T20:57:46Z,-0.8851761110126972
2018-01-03T14:06:22Z,-0.9205599147826432
2018-01-03T15:03:09Z,0.2741090534254908
2018-01-03T22:04:55Z,0.5298271123319864
2018-01-04T19:22:11Z,-0.7741464003920555
2018-01-05T14:02:43Z,-0.0926158968359232
2018-01-08T13:07:33Z,0.8529201094061136
2018-01-09T14:08:28Z,-0.9332487732172012
2018-01-09T15:08:15Z,0.9340443313121796
2018-01-09T15:35:04Z,-0.0634009763598442
2018-01-09T15:43:53Z,0.6627998501062393
2018-01-09T17:06:15Z,-0.963616294786334
2018-01-09T17:27:14Z,-0.928856110200286
2018-01-11T12:59:27Z,0.0712713804095983
2018-01-12T12:32:18Z,-0.0406765211373567
2018-01-12T15:42:15Z,-0.8998112324625254
2018-01-13T15:56:32Z,0.0646010925993323
2018-01-16T13:10:59Z,-0.3563064187765121
2018-01-17T14:00:11Z,-0.8611234463751316
2018-01-18T19:41:02Z,-0.7879177890717983
2018-01-19T16:16:35Z,-0.1297978162765503
2018-01-22T12:42:35Z,-0.0205840803682804
2018-01-22T17:13:17Z,0.0242893453687429
2018-01-23T16:20:04Z,-0.0085325986146926
2018-01-23T17:26:01Z,-0.0591353438794612
2018-01-23T18:48:40Z,0.0337958596646785
2018-01-24T11:55:33Z,0.1078817546367645
2018-01-24T14:27:57Z,-0.629180995747447
2018-01-24T15:07:28Z,0.0540210083127021
2018-01-24T17:02:46Z,-0.0993905775249004
2018-01-24T18:53:34Z,-0.5826125591993332
2018-01-25T14:56:17Z,0.4324832297861576
2018-01-25T17:00:47Z,0.8063994515687227
2018-01-26T12:35:07Z,0.0270242216065526
2018-01-28T20:51:09Z,0.2865408565849066
2018-01-29T14:55:25Z,-0.2851477786898613
2018-01-29T15:34:53Z,0.4524452500045299
2018-01-29T15:52:35Z,0.0226623751223087
2018-01-29T19:36:41Z,0.9263742081820964
2018-01-29T19:45:04Z,0.0768847167491912
2018-01-29T20:21:55Z,0.1579401232302189
2018-01-29T20:25:51Z,0.9233682993799448
2018-01-30T13:05:34Z,0.2077274601906538
2018-01-30T15:20:20Z,0.0339550264179706
2018-01-30T15:47:31Z,-0.9419973362237216
2018-01-30T16:48:46Z,-0.0192629937082529
2018-01-31T09:22:12Z,-0.1064530722796917
2018-01-31T09:52:11Z,-0.0470080133527517
2018-01-31T13:42:32Z,0.0854404885321855
2018-01-31T15:04:10Z,-0.6601980477571487
2018-01-31T16:22:21Z,-0.0155909582972526
2018-01-31T20:36:13Z,0.2375176372006535
2018-01-31T21:03:19Z,-0.6858618706464767
2018-01-31T21:03:40Z,-0.7220945730805397
2018-01-31T21:58:13Z,-0.6384022012352943
2018-02-01T09:45:50Z,-0.0464119482785463
2018-02-01T11:07:16Z,0.8995725736021996
2018-02-01T11:55:39Z,-0.580729067325592
2018-02-01T14:08:46Z,0.4820610973984003
2018-02-01T14:58:36Z,0.4604397770017385
2018-02-01T15:08:24Z,-0.1280708909034729
2018-02-01T15:21:43Z,0.8620855621993542
2018-02-01T15:40:50Z,0.1335178948938846
2018-02-01T15:48:38Z,0.7016770597547293
2018-02-01T17:37:24Z,0.6049461960792542
2018-02-02T13:35:04Z,0.505749648436904
2018-02-02T14:28:15Z,0.799282755702734
2018-02-06T18:24:08Z,-0.0691719725728035
2018-02-06T22:40:20Z,0.8262402610853314
2018-02-07T18:46:30Z,-0.8106289282441139
2018-02-08T13:05:33Z,0.1210724432021379
2018-02-12T17:11:01Z,0.393701946362853
2018-02-13T16:19:16Z,0.700577586889267
2018-02-13T18:24:39Z,-0.0108777619898319
2018-02-14T18:33:16Z,-0.6596197038888931
2018-02-15T18:43:10Z,0.0469154771417379
2018-02-15T20:34:53Z,0.9112043008208276
2018-02-21T09:24:16Z,0.6776286941021681
2018-02-21T14:45:02Z,-0.0247629266232252
2018-02-21T15:14:34Z,0.0210338253527879
2018-02-21T19:37:31Z,0.6425872268155217
2018-02-21T20:37:08Z,-0.7879177890717983
2018-02-22T13:05:04Z,0.167865514755249
2018-02-25T20:02:49Z,0.167623346671462
2018-02-25T21:46:00Z,-0.0050421804189682
2018-02-27T16:26:44Z,-0.8240485060960054
2018-02-28T14:35:58Z,0.1419710302725434
2018-03-01T09:25:20Z,0.0140623226761817
2018-03-01T21:24:41Z,0.913777058944106
2018-03-02T16:05:03Z,-0.9482264248654246
2018-03-02T16:56:06Z,0.0386767424643039
2018-03-02T20:25:13Z,0.4629643857479095
2018-03-05T14:33:36Z,0.28444280102849
2018-03-05T16:06:18Z,0.2079827864654362
2018-03-06T09:05:47Z,0.0656856093555688
2018-03-06T16:55:54Z,-0.0627704858779907
2018-03-06T21:17:37Z,-0.9537131059914828
2018-03-07T12:09:21Z,-0.7101798839867115
2018-03-07T17:08:47Z,0.9187958566471934
2018-03-08T12:24:57Z,0.0151330158114433
2018-03-12T15:46:14Z,0.4110210286453366
2018-03-12T17:40:00Z,-0.0229296796023845
2018-03-13T13:24:51Z,0.0383327808231115
2018-03-14T12:01:21Z,0.8612278830260038
2018-03-14T18:45:48Z,0.4629643857479095
2018-03-16T15:21:46Z,0.0598912062123417
2018-03-16T15:38:18Z,-0.6282504945993423
2018-03-19T20:00:30Z,0.3926498657092452
2018-03-19T20:25:54Z,0.8565762937068939
2018-03-19T22:03:08Z,-0.6254997029900551
2018-03-20T08:47:47Z,-0.0334393754601478
2018-03-20T10:54:23Z,-0.8597273398190737
2018-03-20T12:09:02Z,0.8682135734707117
2018-03-20T12:20:04Z,-0.0522268489003181
2018-03-20T12:31:46Z,0.4185928832739591
2018-03-20T17:46:32Z,-0.5779972299933434
2018-03-21T14:03:12Z,-0.0388597063720226
2018-03-21T18:44:31Z,-0.1370036005973816
2018-03-21T20:17:53Z,0.1449091071262955
2018-03-21T20:37:37Z,0.1297743767499923
2018-03-26T08:02:10Z,0.1425114423036575
2018-03-26T12:06:18Z,-0.1568063125014305
2018-03-26T12:11:23Z,0.9344285745173692
2018-03-26T13:29:18Z,0.0888265650719404
2018-03-26T13:56:10Z,0.3093913504853844
2018-03-26T14:00:39Z,-0.0691578350961208
2018-03-26T16:37:43Z,-0.5903302058577538
2018-03-26T16:53:11Z,0.7827286943793297
2018-03-26T21:54:56Z,-0.0093749407678842
2018-03-27T09:46:47Z,0.0532342679798603
2018-03-27T13:03:12Z,0.841881301254034
2018-03-27T13:40:26Z,0.4986167196184397
2018-03-28T16:44:19Z,0.6300878822803497
2018-03-29T08:27:27Z,0.1765466071665287
2018-03-29T14:59:02Z,0.0778725054115057
2018-03-29T15:51:33Z,-0.0719314627349376
2018-03-30T13:49:35Z,0.1522016376256942
2018-04-01T13:50:37Z,-0.0116196479648351
2018-04-04T13:00:09Z,0.015170931816101
2018-04-04T17:10:47Z,0.2185162641108036
2018-04-04T20:17:35Z,-0.0319125428795814
2018-04-12T11:31:39Z,0.1313508003950119
2018-04-13T17:06:01Z,0.0091344583779573
2018-04-16T13:28:51Z,0.2053584475070238
2018-04-16T17:09:30Z,-0.0649794097989797
2018-04-16T19:57:11Z,0.2927703261375427
2018-04-16T20:00:58Z,0.7364441836252809
2018-04-17T14:12:55Z,-0.8832313492894173
2018-04-18T19:14:11Z,0.0392659874632954
2018-04-19T13:53:13Z,0.6754199787974358
2018-04-19T14:01:30Z,-0.6722098588943481
2018-04-19T14:55:05Z,-0.1031034104526043
2018-04-19T19:06:42Z,0.940304845571518
2018-04-20T17:21:27Z,0.0086831822991371
2018-04-20T20:15:09Z,0.0630060657858848
2018-04-22T20:14:31Z,-0.0091437492519617
2018-04-22T20:43:20Z,0.0808108020573854
2018-04-23T14:00:54Z,0.9077515630051494
2018-04-23T14:22:37Z,-0.6667398475110531
2018-04-23T14:44:32Z,-0.0035176426172256
2018-04-23T15:09:17Z,0.1300238212570548
2018-04-23T15:58:48Z,-0.0895458403974771
2018-04-23T17:04:29Z,-0.132898423820734
2018-04-23T19:33:54Z,0.0938786752521991
2018-04-24T13:25:07Z,0.3731023287400603
2018-04-24T16:29:55Z,0.0210435632616281
2018-04-25T13:44:28Z,0.7607563138008118
2018-04-25T20:54:56Z,0.2591702919453382
2018-04-26T08:46:23Z,-0.1042385660111904
2018-04-26T08:53:30Z,-0.0475602596998214
2018-04-26T14:17:48Z,0.1394164860248565
2018-04-26T20:02:32Z,0.0410084426403045
2018-04-27T09:05:50Z,-0.0398228503763675
2018-04-27T11:04:09Z,-0.9042162634432316
2018-04-27T11:55:47Z,0.4799273069947958
2018-04-27T12:11:54Z,0.0088904052972793
2018-04-27T12:14:02Z,0.613218892365694
2018-04-27T12:42:41Z,0.7091745883226395
2018-04-27T13:09:05Z,0.8597484547644854
2018-04-27T13:27:53Z,-0.617799986153841
2018-04-27T13:45:48Z,0.814430084079504
2018-04-27T13:51:58Z,-0.0941036753356456
2018-04-27T14:09:41Z,-0.0089953616261482
2018-04-27T16:06:35Z,0.6446646619588137
2018-04-27T19:36:36Z,-0.01216821372509
2018-04-29T12:43:03Z,0.0112455431371927
2018-04-30T12:20:47Z,0.394035130739212
2018-04-30T14:07:15Z,-0.8201164416968822
2018-04-30T16:30:00Z,0.8771763443946838
2018-05-01T14:50:22Z,-0.9176757596433164
2018-05-01T21:03:28Z,0.276698887348175
2018-05-02T17:00:39Z,0.6464112955145538
2018-05-07T16:01:18Z,0.4250251986086368
2018-05-07T19:40:06Z,-0.029140681028366
2018-05-07T19:51:11Z,0.4404135355725884
2018-05-07T20:00:19Z,0.1074279658496379
2018-05-07T20:45:16Z,0.0174980126321315
2018-05-08T11:26:39Z,0.0108385272324085
2018-05-08T16:20:36Z,0.0083567202091217
2018-05-08T20:04:08Z,0.3093977142125368
2018-05-09T15:56:13Z,0.0851660817861557
2018-05-09T18:44:04Z,0.1528124189935624
2018-05-10T13:39:45Z,0.6674002036452293
2018-05-14T15:56:52Z,0.0834575798362493
2018-05-15T13:39:03Z,0.1150077208876609
2018-05-15T15:08:22Z,-0.0304178744554519
2018-05-15T18:55:23Z,0.8468438414856791
2018-05-15T21:04:20Z,0.3170848675072193
2018-05-16T11:05:48Z,0.1260496228933334
2018-05-16T14:19:56Z,0.6817691335454583
2018-05-16T15:17:44Z,0.0793038047850132
2018-05-16T15:38:50Z,0.0578573383390903
2018-05-18T15:23:11Z,0.5354972239583731
2018-05-23T16:16:35Z,0.0723084956407547
2018-05-25T19:26:55Z,-0.8724749656394124
2018-05-30T14:22:51Z,-0.6702942475676537
2018-05-30T14:28:15Z,0.0667921900749206
2018-06-01T18:25:21Z,0.1650792863219976
2018-06-01T18:31:24Z,-0.9548957692459226
2018-06-03T22:43:49Z,0.0624528219923377
2018-06-04T13:00:41Z,0.0547481682151556
2018-06-04T14:15:10Z,0.7697125151753426
2018-06-04T15:23:34Z,0.8392025176435709
2018-06-04T15:25:37Z,0.1382158575579524
2018-06-04T20:17:47Z,-0.0826929211616516
2018-06-05T14:34:04Z,0.3113435506820678
2018-06-05T17:54:35Z,0.071970896795392
2018-06-06T12:03:11Z,0.6698320955038071
2018-06-06T13:59:16Z,-0.0858051590621471
2018-06-06T14:12:52Z,-0.0140589345246553
2018-06-06T15:48:26Z,0.1274327486753463
2018-06-06T18:03:43Z,0.1215066537261009
2018-06-06T18:26:14Z,0.0375056266784668
2018-06-08T16:48:22Z,0.2045160606503486
2018-06-08T16:50:02Z,-0.0231289938092231
2018-06-11T13:49:27Z,0.1061378903687
2018-06-11T14:23:40Z,0.102396285161376
2018-06-12T10:10:19Z,0.4863318176940083
2018-06-14T08:23:45Z,-0.1590732783079147
2018-06-14T08:25:44Z,0.5755651835352182
2018-06-14T13:00:43Z,-0.0462125372141599
2018-06-14T13:13:16Z,0.7140815006569028
2018-06-14T13:24:04Z,0.5858596549369395
2018-06-14T14:27:14Z,0.2163112973794341
2018-06-15T13:14:21Z,0.0215600319206714
2018-06-19T14:34:12Z,-0.8589684404432774
2018-06-20T15:46:00Z,-0.3470328748226166
2018-06-20T17:11:53Z,0.0661517642438411
2018-06-20T19:27:28Z,-0.5947355031967163
2018-06-21T00:16:43Z,0.0502915615215897
2018-06-25T10:44:25Z,0.8664843812584877
2018-06-25T13:00:21Z,-0.0266202110797166
2018-06-25T16:15:29Z,0.851962860673666
2018-06-26T10:03:56Z,0.8397436761297286
2018-06-26T13:17:47Z,0.0034635141491889
2018-06-29T14:40:51Z,0.2260233722627163
2018-06-29T17:05:59Z,0.0165940746665
2018-06-29T17:49:45Z,-0.813553661108017
2018-07-02T18:35:18Z,-0.7434252314269543
2018-07-03T08:34:30Z,0.0792899010702967
2018-07-03T14:41:51Z,0.1819551531225443
2018-07-09T16:48:22Z,0.1056964453309774
2018-07-09T17:16:01Z,0.1322425417602062
2018-07-11T11:12:47Z,-0.0001852717250585
2018-07-11T12:05:00Z,0.6911611296236515
2018-07-12T16:14:28Z,0.9188577495515348
2018-07-12T17:42:54Z,-0.0864517781883478
2018-07-12T20:43:56Z,0.9369748942553996
2018-07-16T13:01:44Z,0.3936285972595215
2018-07-16T13:08:04Z,0.2693315632641315
2018-07-16T13:35:31Z,0.4654827862977981
2018-07-16T14:14:40Z,0.0105786249041557
2018-07-16T14:31:24Z,-0.1106930784881115
2018-07-16T15:08:39Z,0.2956212759017944
2018-07-16T20:54:49Z,-0.0213552601635456
2018-07-17T12:26:11Z,0.8398093916475773
2018-07-17T12:47:17Z,0.8923328425735235
2018-07-17T13:20:59Z,0.831169243901968
2018-07-17T13:23:07Z,0.2264873832464218
2018-07-17T13:35:52Z,-0.0961587354540824
2018-07-17T14:41:13Z,-0.4287647493183613
2018-07-17T17:30:23Z,0.0831055082380771
2018-07-18T14:26:59Z,-0.0269512608647346
2018-07-18T20:12:14Z,0.8410372734069824
2018-07-19T08:14:02Z,-0.1168799959123134
2018-07-19T08:49:22Z,-0.0323715377599
2018-07-19T12:13:28Z,-0.0310568884015083
2018-07-19T13:06:20Z,0.1132076242938637
2018-07-19T20:02:27Z,0.2710142135620117
2018-07-19T20:05:41Z,0.0130115710198879
2018-07-19T21:56:55Z,0.1338654980063438
2018-07-19T21:57:36Z,0.1173049341887235
2018-07-19T22:00:36Z,0.1337806461378932
2018-07-20T08:56:18Z,-0.0268411226570606
2018-07-20T11:20:49Z,0.9019426256418228
2018-07-20T11:28:30Z,0.6065614074468613
2018-07-20T11:44:48Z,0.6655759736895561
2018-07-20T12:14:07Z,-0.2600977942347526
2018-07-20T12:26:42Z,0.1132076242938637
2018-07-20T12:40:54Z,0.8926781713962555
2018-07-20T12:43:38Z,0.0193720236420631
2018-07-20T13:05:48Z,0.884994201362133
2018-07-20T13:13:32Z,0.9039884582161904
2018-07-20T13:35:38Z,-0.1285437494516372
2018-07-20T13:38:13Z,0.5056632049381733
2018-07-20T13:41:29Z,-0.8984111361205578
2018-07-20T16:55:17Z,0.8626445643603802
2018-07-20T17:07:32Z,-0.8625851776450872
2018-07-23T12:19:32Z,0.6628651544451714
2018-07-23T13:42:44Z,-0.1186727881431579
2018-07-23T15:08:40Z,0.5205722153186798
2018-07-23T18:49:06Z,0.7849015109241009
2018-07-23T21:19:13Z,-0.6808816539123654
2018-07-24T16:15:18Z,0.0621679089963436
2018-07-24T19:17:35Z,0.0618195924907922
2018-07-25T16:14:17Z,0.4686906039714813
2018-07-25T16:25:54Z,0.0372589603066444
2018-07-25T17:25:37Z,0.0681437384337186
2018-07-26T15:00:59Z,0.7518304381519556
2018-07-27T14:01:04Z,0.9079556185752152
2018-07-31T14:22:40Z,0.9192919265478848
2018-07-31T18:13:54Z,-0.0001855678856372
2018-08-01T14:28:45Z,0.9171143919229507
2018-08-01T14:35:44Z,0.9035472357645632
2018-08-01T15:57:15Z,0.5295723304152489
2018-08-01T16:00:40Z,-0.933778839185834
2018-08-03T13:25:29Z,0.1138795856386423
2018-08-05T15:25:07Z,0.0159783270210027
2018-08-07T13:12:58Z,-0.0314224883913993
2018-08-13T14:09:18Z,0.8883173642680049
2018-08-14T14:03:23Z,0.0817623604089021
2018-08-14T19:12:53Z,-0.9068798888474704
2018-08-14T21:03:44Z,-0.6320199370384216
2018-08-15T14:23:13Z,0.051040731370449
2018-08-15T15:33:09Z,-0.0007875580340623
2018-08-19T12:11:19Z,0.0518506504595279
2018-08-23T19:32:15Z,0.0288438312709331
2018-08-23T20:20:10Z,-0.5645974799990654
2018-08-23T20:20:41Z,-0.3871809225529432
2018-08-25T22:16:25Z,0.0058733746409416
2018-08-26T21:15:57Z,0.0924400463700294
2018-08-27T13:46:47Z,-0.8973868396133184
2018-08-29T17:57:37Z,0.0637227371335029
2018-08-30T15:47:13Z,0.7611606009304523
2018-08-30T19:08:54Z,0.0564670711755752
2018-08-31T11:34:59Z,0.0567793007940053
2018-08-31T14:11:57Z,0.7755056116729975
2018-09-01T15:49:09Z,0.1790259638801217
2018-09-04T14:29:32Z,0.7762000523507595
2018-09-05T15:56:10Z,-0.024146718904376
2018-09-05T17:02:59Z,-0.0334266275167465
2018-09-07T11:20:45Z,0.8832338061183691
2018-09-07T17:50:17Z,0.0214526504278183
2018-09-11T15:08:56Z,-0.0443908721208572
2018-09-11T17:51:47Z,0.0520790144801139
2018-09-11T17:56:40Z,0.8593670912086964
2018-09-12T15:15:07Z,0.1592461443506181
2018-09-12T19:15:53Z,-0.0259480141103267
2018-09-13T14:43:09Z,0.906729305163026
2018-09-13T15:43:04Z,0.1358911562711
2018-09-13T20:00:35Z,0.0403109937906265
2018-09-14T13:26:49Z,0.703517010435462
2018-09-14T15:30:28Z,0.0419246666133403
2018-09-17T13:28:12Z,0.7086982615292072
2018-09-19T12:35:52Z,0.9010718036442996
2018-09-20T16:04:02Z,0.0782380439341068
2018-09-21T12:16:00Z,0.6969183851033449
2018-09-24T10:17:41Z,-0.0095524955540895
2018-09-24T13:43:29Z,0.7047658637166023
2018-09-24T16:20:07Z,-0.8961980603635311
2018-09-24T17:45:46Z,0.0178474653512239
2018-09-24T20:01:45Z,0.8082595793530345
2018-09-25T10:26:32Z,-0.0219440497457981
2018-09-25T13:04:05Z,0.1461071167141199
2018-09-26T10:51:51Z,-0.022437211126089
2018-09-26T12:10:51Z,0.2105165384709835
2018-09-27T10:27:05Z,-0.02457863278687
2018-09-27T17:59:10Z,0.0106961987912654
2018-09-28T12:41:07Z,-0.0312896389514207
2018-10-01T11:21:54Z,0.0466256253421306
2018-10-02T13:20:35Z,0.728873897343874
2018-10-02T18:40:02Z,-0.930324018932879
2018-10-02T23:02:06Z,0.1507737347856164
2018-10-03T16:59:27Z,0.7256573271006346
2018-10-03T21:19:32Z,0.7701354343444109
2018-10-04T15:18:28Z,0.7435726653784513
2018-10-08T12:37:03Z,0.1654772786423564
2018-10-08T14:02:25Z,0.03672481700778
2018-10-09T18:53:15Z,0.1695351935923099
2018-10-09T21:26:28Z,0.0651543354615569
2018-10-10T12:07:03Z,0.7107604444026947
2018-10-10T13:46:42Z,0.108142077922821
2018-10-10T14:11:42Z,0.4227100741118192
2018-10-11T14:08:21Z,0.3279121965169906
2018-10-11T14:50:19Z,-0.1461506485939026
2018-10-11T19:12:33Z,-0.944296001456678
2018-10-12T11:30:48Z,0.6753408275544643
2018-10-12T11:49:21Z,0.6991455778479576
2018-10-12T12:16:52Z,0.3277281038463115
2018-10-12T12:39:39Z,-0.764670692384243
2018-10-12T13:13:44Z,-0.5554912555962801
2018-10-13T16:43:42Z,0.0100234132260084
2018-10-15T22:35:11Z,-0.1889007110148668
2018-10-16T11:25:13Z,0.0087359212338924
2018-10-16T15:39:18Z,0.024354699999094
2018-10-18T13:50:03Z,0.0705061797052621
2018-10-18T14:21:46Z,-0.7428106237202883
2018-10-19T14:16:52Z,0.0635429956018924
2018-10-19T15:48:26Z,0.2080816850066185
2018-10-19T18:13:15Z,0.0234988387674093
2018-10-22T13:56:28Z,-0.1956794112920761
2018-10-22T15:58:37Z,-0.1046241074800491
2018-10-22T16:49:23Z,0.2521533071994781
2018-10-23T14:26:46Z,-0.9377019349485636
2018-10-23T15:09:31Z,0.0809760149568319
2018-10-23T15:53:44Z,-0.0671262852847576
2018-10-24T08:05:00Z,-0.1142343543469905
2018-10-24T09:53:09Z,-0.0482326187193393
2018-10-24T14:09:46Z,-0.9120489805936812
2018-10-24T17:52:31Z,0.0160555988550186
2018-10-24T20:02:30Z,0.3458599150180816
2018-10-24T20:50:11Z,-0.6384022012352943
2018-10-24T21:56:32Z,0.9324183333665133
2018-10-24T21:56:58Z,-0.0922236442565918
2018-10-24T21:58:43Z,0.0161974094808101
2018-10-24T22:00:05Z,0.0787786245346069
2018-10-24T22:00:49Z,0.0669859163463115
2018-10-25T09:11:05Z,-0.0370929259806871
2018-10-25T12:03:50Z,-0.160301387310028
2018-10-25T13:39:05Z,0.9121761545538902
2018-10-25T13:55:32Z,0.8522000601515174
2018-10-25T14:59:17Z,0.575182743370533
2018-10-25T16:05:42Z,-0.0756216943264007
2018-10-25T16:55:19Z,-0.3741850107908249
2018-10-26T09:21:52Z,0.1368281990289688
2018-10-26T14:16:52Z,0.0015993788838386
2018-10-29T12:16:37Z,0.0995451295748353
2018-10-29T13:57:52Z,0.0542778968811035
2018-10-30T14:44:51Z,-0.9621886750683188
2018-10-30T14:45:29Z,-0.3008718341588974
2018-10-30T19:33:39Z,0.1105642048642039
2018-11-04T18:58:47Z,0.0208153519779443
2018-11-06T15:06:23Z,0.1136354729533195
2018-11-06T15:50:09Z,-0.0645780526101589
2018-11-06T19:25:25Z,-0.8268211930990219
2018-11-07T21:21:38Z,-0.0415125843137502
2018-11-09T14:53:19Z,-0.8442637771368027
2018-11-09T17:13:37Z,0.1221106052398681
2018-11-14T14:46:49Z,0.0096014216542243
2018-11-14T15:39:42Z,0.0971513539552688
2018-11-14T22:10:18Z,0.1393530340865254
2018-11-15T16:23:25Z,0.0532616451382637
2018-11-15T20:31:41Z,0.0173293575644493
2018-11-19T14:28:33Z,0.8864618726074696
2018-11-19T17:41:51Z,0.0221494156867265
2018-11-20T19:49:30Z,0.0537734366953372
2018-11-20T21:06:00Z,0.7914669001474977
2018-11-21T18:34:32Z,-0.0793812554329633
2018-11-21T20:06:40Z,0.1425803191959858
2018-11-23T13:20:54Z,0.0770522747188806
2018-11-26T18:30:35Z,-0.6659462787210941
2018-11-26T20:05:27Z,0.9011837393045424
2018-11-27T12:22:32Z,0.023827901110053
2018-11-27T15:58:52Z,0.0166267231106758
2018-11-27T16:01:17Z,-0.5245721191167831
2018-11-28T15:06:39Z,0.1914487387984991
2018-11-28T23:02:42Z,0.1323999464511871
2018-11-29T16:48:21Z,0.1401423383504152
2018-11-29T17:36:45Z,0.0538036655634641
2018-11-30T15:02:38Z,0.4958371818065643
2018-12-01T19:37:39Z,-0.0031975023448467
2018-12-03T19:34:56Z,0.0342181622982025
2018-12-06T09:03:26Z,0.1325262449681759
2018-12-07T21:09:39Z,-0.0005670953541994
2018-12-08T18:05:34Z,0.0006727948784828
2018-12-10T14:17:10Z,0.0597896389663219
2018-12-11T12:34:12Z,0.0046576131135225
2018-12-11T16:37:59Z,0.7668756395578384
2018-12-11T17:04:05Z,0.839370621368289
2018-12-11T17:04:37Z,0.0481157079339027
2018-12-12T17:16:36Z,-0.6043426021933556
2018-12-13T16:35:51Z,0.2580297701060772
2018-12-15T21:23:36Z,-0.0056958924978971
2018-12-19T13:40:39Z,-0.9150022575631738
2018-12-19T14:25:59Z,0.8511377684772015
2018-12-20T12:39:51Z,0.0075883883982896
2018-12-24T15:03:55Z,-0.1428463235497474
2018-12-27T13:57:24Z,0.0193935111165046
2019-01-02T22:45:05Z,0.6250584153458476
2019-01-08T13:55:00Z,0.0593252945691347
2019-01-08T15:38:40Z,0.4020271524786949
2019-01-14T13:44:07Z,0.4908949434757232
2019-01-14T16:29:34Z,0.0728101683780551
2019-01-14T18:29:40Z,-0.9538160813972354
2019-01-14T18:30:30Z,-0.1711579784750938
2019-01-15T13:32:09Z,0.8126273946836591
2019-01-16T21:05:41Z,-0.0392887219786644
2019-01-17T17:18:44Z,0.0448804330080747
2019-01-21T23:13:40Z,0.5034735025838017
2019-01-24T09:32:48Z,-0.926327926106751
2019-01-24T20:44:26Z,0.1165918530896306
2019-01-25T22:48:04Z,0.8199658393859863
2019-01-28T15:34:03Z,0.4798345118761062
2019-01-28T17:10:08Z,0.2089495761319995
2019-01-29T15:07:33Z,0.0358949024230241
2019-01-29T15:57:56Z,0.0312175974249839
2019-01-29T17:22:32Z,-0.5849375613033772
2019-01-30T09:06:06Z,-0.0674921926110982
2019-01-30T09:40:33Z,-0.0446723122149705
2019-01-30T12:09:38Z,0.2177381962537765
2019-01-30T13:32:00Z,-0.0155909582972526
2019-01-30T15:03:48Z,0.5726931206882
2019-01-30T15:14:32Z,0.019822284579277
2019-01-30T20:47:55Z,-0.0553128402680158
2019-01-30T21:02:54Z,0.6042115539312363
2019-01-30T21:03:49Z,-0.9480048483237624
2019-01-30T21:23:18Z,-0.94013618119061
2019-01-30T21:31:36Z,0.0544897485524416
2019-01-30T22:00:59Z,-0.6384022012352943
2019-01-31T09:33:22Z,-0.0781671199947595
2019-01-31T12:39:07Z,0.0362952053546905
2019-01-31T12:46:10Z,0.9241271372884512
2019-01-31T12:47:17Z,-0.9272242933511734
2019-01-31T13:00:05Z,-0.160301387310028
2019-01-31T14:26:57Z,0.007618086412549
2019-01-31T14:53:18Z,-0.093888159841299
2019-01-31T16:17:22Z,-0.9511707490310072
2019-01-31T19:59:48Z,0.0945225413888692
2019-02-02T18:43:11Z,0.0026769023388624
2019-02-03T15:40:53Z,-0.0080453157424926
2019-02-04T14:46:45Z,0.1094109565019607
2019-02-04T16:04:35Z,0.1137451748363673
2019-02-04T17:14:30Z,0.0099676512181758
2019-02-04T17:25:14Z,0.0796832516789436
2019-02-05T15:47:46Z,0.9174324441701174
2019-02-05T18:14:12Z,-0.0691719725728035
2019-02-06T09:13:36Z,0.932003597728908
2019-02-07T20:03:28Z,-0.3732107877731323
2019-02-08T20:12:01Z,-0.9385165963321924
2019-02-09T19:04:09Z,-0.3565427251160145
2019-02-11T13:05:25Z,0.1020856807008385
2019-02-11T15:13:16Z,0.514318035915494
2019-02-11T18:32:35Z,-0.8742998857051134
2019-02-12T18:51:33Z,-0.929224906489253
2019-02-13T14:55:17Z,-0.0361536331474781
2019-02-13T18:14:59Z,0.0665183514356613
2019-02-14T14:35:58Z,0.7090875310823321
2019-02-14T18:32:24Z,0.0595787018537521
2019-02-15T15:21:02Z,0.088647972792387
2019-02-15T15:36:29Z,0.9236557306721808
2019-02-20T09:21:29Z,0.8031159518286586
2019-02-21T13:35:34Z,0.0662421602755785
2019-02-21T14:18:07Z,0.7582962140440941
2019-02-21T15:31:53Z,0.0250050369650125
2019-02-22T14:15:48Z,0.7852434692904353
2019-02-22T14:28:05Z,0.1901578903198242
2019-02-24T16:56:10Z,0.0181788131594657
2019-02-25T14:05:50Z,0.2493005143478512
2019-02-25T16:51:04Z,0.9359609130769968
2019-02-26T14:39:30Z,0.0937519120052456
2019-02-26T20:18:55Z,0.6743346164003015
2019-03-04T19:20:07Z,0.0535363927483558
2019-03-05T16:50:51Z,-0.0627704858779907
2019-03-07T19:48:39Z,0.0536464601755142
2019-03-08T13:53:40Z,0.0274142585694789
2019-03-10T19:23:22Z,0.0068462342023849
2019-03-13T11:14:00Z,0.0060797035694122
2019-03-14T10:38:17Z,0.0985669121146202
2019-03-14T13:20:17Z,-0.5592268165200949
2019-03-14T17:29:22Z,-0.6308837607502937
2019-03-14T17:50:03Z,-0.8085121139883995
2019-03-19T15:04:28Z,0.0688197612762451
2019-03-19T19:58:28Z,-0.134789552539587
2019-03-20T11:25:00Z,-0.6134154181927443
2019-03-20T14:11:34Z,-0.5898772310465574
2019-03-21T20:45:38Z,-0.0043882876634597
2019-03-22T12:02:00Z,0.0245412960648536
2019-03-25T14:07:35Z,0.6817345023155212
2019-03-26T13:09:30Z,0.1116144135594368
2019-03-26T15:40:48Z,0.0130507815629243
2019-03-26T18:36:31Z,0.0082438364624977
2019-03-27T16:18:16Z,0.163789452984929
2019-03-28T11:57:42Z,0.8468167129904032
2019-03-28T15:33:51Z,-0.9568471694365144
2019-03-29T13:32:29Z,0.0648486344143748
2019-03-29T14:53:59Z,0.9233098439872264
2019-03-30T13:42:43Z,0.5078082233667374
2019-04-01T14:02:38Z,0.9056743681430816
2019-04-02T09:34:56Z,0.1389955673366785
2019-04-02T13:34:05Z,0.0205743219703435
2019-04-03T10:30:50Z,0.9253815142437816
2019-04-03T11:32:00Z,-0.261944143101573
2019-04-08T16:22:54Z,0.9245732417330146
2019-04-09T14:41:54Z,0.7966433688998222
2019-04-10T11:23:00Z,0.2102855462580919
2019-04-10T18:51:27Z,-0.507298082113266
2019-04-10T20:08:22Z,-0.0507409870624542
2019-04-11T08:14:48Z,0.8494257251732051
2019-04-12T12:11:07Z,0.8780822865664959
2019-04-12T17:11:51Z,0.923314157873392
2019-04-14T16:52:03Z,-0.0020774975419044
2019-04-15T14:53:36Z,0.1960223987698555
2019-04-17T12:44:06Z,0.903555642813444
2019-04-17T13:01:27Z,0.535787507891655
2019-04-17T13:56:51Z,0.2639851775020361
2019-04-17T14:10:35Z,-0.1147931292653083
2019-04-22T13:57:29Z,0.7381894588470459
2019-04-22T14:25:40Z,0.0913175279274582
2019-04-23T10:11:13Z,0.1631172923371195
2019-04-23T10:11:51Z,0.0222608083859086
2019-04-23T17:08:21Z,0.0126742906868457
2019-04-24T08:18:25Z,-0.0661506224423646
2019-04-24T08:45:15Z,-0.0486062988638877
2019-04-24T14:02:39Z,-0.9238568004220724
2019-04-24T17:39:20Z,-0.3324764855206013
2019-04-24T20:03:17Z,0.645057737827301
2019-04-24T20:09:38Z,0.9278575722128152
2019-04-24T20:20:38Z,0.8027417473495007
2019-04-24T20:47:14Z,-0.6384022012352943
2019-04-25T08:27:02Z,-0.0287454612553119
2019-04-25T12:08:05Z,0.8974689692258835
2019-04-25T12:19:38Z,0.9077476058155298
2019-04-25T12:20:39Z,-0.2645508050918579
2019-04-25T13:01:56Z,0.8690049052238464
2019-04-25T13:26:21Z,0.739529374986887
2019-04-25T13:46:45Z,0.8828110415488482
2019-04-25T13:58:50Z,-0.1289493143558502
2019-04-25T14:04:26Z,-0.9169555734843016
2019-04-25T14:04:50Z,0.7958097439259291
2019-04-25T14:32:55Z,0.8120381720364094
2019-04-25T14:53:45Z,0.8898481968790293
2019-04-25T15:15:27Z,0.798344049602747
2019-04-25T15:49:48Z,0.9011010825634004
2019-04-25T15:50:31Z,0.9151720106601716
2019-04-25T16:17:17Z,-0.3880549669265747
2019-04-25T17:24:47Z,-0.8091876916587353
2019-04-26T08:49:59Z,0.1364251114428043
2019-04-26T14:01:22Z,0.7823662459850311
2019-04-26T19:32:38Z,0.7591830138117075
2019-04-28T14:13:08Z,-0.0014818999916315
2019-05-01T13:57:12Z,0.1096855998039245
2019-05-02T11:36:00Z,0.0441142115741968
2019-05-02T19:43:06Z,0.2384516261518001
2019-05-07T21:15:46Z,-0.9588894257321954
2019-05-08T13:48:08Z,0.3538207113742828
2019-05-08T14:24:30Z,0.0954166371375322
2019-05-09T20:25:00Z,-0.1849507540464401
2019-05-11T19:11:51Z,0.010710509493947
2019-05-12T12:58:46Z,0.1358279008418321
2019-05-13T20:05:59Z,0.011525847017765
2019-05-14T11:35:08Z,0.0635802671313285
2019-05-15T10:39:36Z,-0.0816133338958025
2019-05-15T13:37:14Z,-0.0036841705441474
2019-05-15T20:22:12Z,0.7916172780096531
2019-05-16T17:00:30Z,0.1595620373263955
2019-05-16T17:01:24Z,0.7114648576825857
2019-05-16T17:07:20Z,-0.9607655880972744
2019-05-16T17:40:24Z,0.113422299735248
2019-05-17T13:21:30Z,0.0889940308406949
2019-05-22T09:52:45Z,-0.9465876659378408
2019-05-22T13:06:24Z,0.0251071602106094
2019-05-23T16:43:19Z,0.565611869096756
2019-05-23T18:58:14Z,-0.9558924231678247
2019-05-24T16:56:18Z,0.246435041539371
2019-05-28T20:07:25Z,0.0321117155253887
2019-05-31T16:30:56Z,0.889966769143939
2019-05-31T19:03:13Z,-0.0059488210827112
2019-06-03T15:52:35Z,0.4103540107607841
2019-06-03T18:03:16Z,0.7107216119766235
2019-06-04T18:49:37Z,0.11307577136904
2019-06-04T19:09:46Z,0.0455946577712893
2019-06-05T11:26:34Z,0.0238104667514562
2019-06-05T12:08:46Z,0.148491564206779
2019-06-05T12:09:35Z,0.7928546131588519
2019-06-05T15:54:07Z,0.9347739424556494
2019-06-06T13:54:16Z,0.2712930738925934
2019-06-07T20:26:30Z,0.0370200611650943
2019-06-08T21:38:00Z,-0.0009492188692092
2019-06-09T21:53:09Z,0.7595014777034521
2019-06-09T21:54:11Z,0.074488322250545
2019-06-09T22:07:04Z,-0.0020602345466613
2019-06-10T12:28:51Z,0.2780910520814359
2019-06-10T17:08:25Z,-0.0545732043683528
2019-06-10T18:35:13Z,0.0413830950856208
2019-06-10T19:52:25Z,0.9366861898452044
2019-06-11T13:54:34Z,-0.285818338394165
2019-06-11T16:25:42Z,0.0151953231543302
2019-06-11T17:03:02Z,0.4320196658372879
2019-06-11T19:16:47Z,0.1095640622079372
2019-06-12T18:17:12Z,0.8945087557658553
2019-06-12T20:49:39Z,-0.1060658991336822
2019-06-14T18:13:33Z,0.9136965051293372
2019-06-14T18:58:57Z,0.033470457419753
2019-06-16T12:53:06Z,-0.2568961456418037
2019-06-17T14:10:18Z,-0.3981866389513016
2019-06-17T16:50:11Z,-0.0036845169961452
2019-06-17T20:02:13Z,-0.0117329806089401
2019-06-18T18:42:00Z,-0.9619397427886724
2019-06-18T20:55:29Z,0.3236357867717743
2019-06-19T13:56:13Z,0.6791793406009674
2019-06-21T11:21:26Z,0.0529500842094421
2019-06-24T14:24:04Z,0.0531029142439365
2019-06-24T17:20:14Z,0.3419366963207721
2019-06-25T11:43:56Z,0.0022512190043926
2019-06-25T14:31:51Z,0.72365503013134
2019-06-25T14:34:53Z,-0.393984854221344
2019-06-25T15:15:04Z,0.0500122047960758
2019-06-26T14:09:49Z,0.8977794125676155
2019-06-26T16:18:14Z,0.0900934636592865
2019-06-29T14:51:45Z,0.0036002974957227
2019-06-30T14:00:39Z,0.0063815806061029
2019-07-01T13:45:59Z,-0.061579555273056
2019-07-03T11:38:47Z,0.0156440380960702
2019-07-05T14:47:57Z,-0.8311028778553009
2019-07-08T17:37:37Z,0.1148310601711273
2019-07-09T13:01:00Z,0.0884060254320502
2019-07-09T13:28:44Z,0.0275338999927043
2019-07-09T19:57:27Z,-0.0101200118660926
2019-07-10T19:09:23Z,0.092123445123434
2019-07-11T11:30:33Z,0.6110310330986977
2019-07-11T13:23:20Z,-0.5429605841636658
2019-07-11T14:01:42Z,0.8858576975762844
2019-07-11T17:16:18Z,0.0116391815245151
2019-07-11T19:05:56Z,0.1152299009263515
2019-07-11T20:36:06Z,0.9388900008052588
2019-07-12T12:15:09Z,0.880028959363699
2019-07-12T14:28:53Z,-0.1285437494516372
2019-07-12T16:12:13Z,-0.9325912240892648
2019-07-15T14:24:14Z,0.020871527493
2019-07-16T14:06:17Z,0.92586381547153
2019-07-16T15:47:05Z,-0.0236295647919178
2019-07-17T13:01:39Z,0.2356839589774608
2019-07-17T14:09:41Z,0.0022780578583478
2019-07-17T16:12:31Z,-0.8721449319273233
2019-07-18T08:28:39Z,-0.0713115576654672
2019-07-18T08:47:51Z,-0.0363799780607223
2019-07-18T10:25:34Z,-0.9466719385236502
2019-07-18T11:13:27Z,-0.0093090608716011
2019-07-18T20:02:34Z,0.592794805765152
2019-07-18T20:13:23Z,0.6216169968247414
2019-07-18T20:35:54Z,-0.5114924609661102
2019-07-18T21:59:59Z,0.2676489502191543
2019-07-19T08:45:33Z,-0.0250507593154907
2019-07-19T10:06:14Z,0.9075664468109608
2019-07-19T10:53:00Z,0.6591745000332594
2019-07-19T11:13:20Z,-0.9491186710074544
2019-07-19T11:38:38Z,0.8728073313832283
2019-07-19T11:43:12Z,0.899938216432929
2019-07-19T11:58:39Z,0.8458948619663715
2019-07-19T12:09:58Z,-0.0932410508394241
2019-07-19T12:21:55Z,0.8575611189007759
2019-07-19T12:21:59Z,0.890419565141201
2019-07-19T12:37:58Z,0.809122372418642
2019-07-19T12:50:20Z,0.7566127255558968
2019-07-19T13:01:03Z,-0.1285437494516372
2019-07-19T13:18:28Z,0.930620426312089
2019-07-19T13:23:25Z,0.9293120112270116
2019-07-19T13:29:30Z,0.899311488494277
2019-07-19T13:48:58Z,0.9299532687291504
2019-07-19T13:49:27Z,0.917795453220606
2019-07-19T13:51:51Z,0.9111591409891844
2019-07-19T15:01:12Z,0.0054237339645624
2019-07-19T16:39:45Z,0.0149057824164628
2019-07-22T14:03:44Z,0.1320961862802505
2019-07-23T18:24:46Z,0.4951546033844352
2019-07-23T19:49:09Z,0.0312247462570667
2019-07-24T12:50:05Z,-0.0104839205741882
2019-07-25T11:50:43Z,0.013380704447627
2019-07-25T17:35:48Z,0.2430183086544275
2019-07-26T11:56:34Z,0.1070871744304895
2019-07-26T14:12:59Z,-0.4182258769869804
2019-07-26T14:29:53Z,0.1824690345674753
2019-07-26T15:20:23Z,-0.0046360902488231
2019-07-26T15:21:49Z,-0.2091390490531921
2019-07-26T19:37:55Z,0.5870301760733128
2019-07-27T18:21:43Z,-0.4273753836750984
2019-07-28T21:43:43Z,-0.0318149793893098
2019-07-29T16:40:11Z,-0.0160754900425672
2019-07-31T18:44:18Z,0.905602190643549
2019-08-01T12:46:15Z,0.1289397235959768
2019-08-01T17:11:38Z,-0.0702838078141212
2019-08-02T12:05:30Z,0.1040754783898592
2019-08-02T15:49:26Z,0.0969140073284506
2019-08-05T10:03:25Z,0.8837420735508204
2019-08-06T12:41:54Z,0.0036330372095108
2019-08-07T15:35:35Z,-0.0072828773409128
2019-08-09T11:30:17Z,0.0186632424592971
2019-08-09T15:31:39Z,-0.6417995113879442
2019-08-09T16:49:50Z,-0.2011515647172927
2019-08-12T08:01:56Z,0.7570139998570085
2019-08-13T10:13:36Z,0.8872005352750421
2019-08-14T19:46:44Z,0.6674643158912659
2019-08-14T20:36:03Z,0.0322245657444
2019-08-15T17:40:10Z,0.0795390773564577
2019-08-17T17:45:20Z,-0.9096835469827056
2019-08-17T17:52:06Z,-0.002734437584877
2019-08-19T13:09:21Z,0.3434247141703963
2019-08-19T17:05:34Z,0.7205851608887315
2019-08-19T19:05:53Z,-0.3946922421455383
2019-08-19T19:30:41Z,0.019490348175168
2019-08-22T15:06:07Z,-0.8948625111952424
2019-08-23T11:50:07Z,-0.1925622187554836
2019-08-23T14:43:12Z,0.0038645081222057
2019-08-24T17:40:51Z,0.0375864543020725
2019-08-26T20:49:19Z,0.8668161323294044
2019-08-28T12:11:36Z,0.1341526350006461
2019-08-30T18:37:32Z,-0.0338394455611705
2019-08-30T19:49:13Z,-0.0334079079329967
2019-08-31T18:37:44Z,0.0099580287933349
2019-08-31T19:40:20Z,0.0128218326717615
2019-09-02T22:48:14Z,-0.023893479257822
2019-09-03T15:43:21Z,0.5240233493968844
2019-09-03T16:01:09Z,0.0510954465717077
2019-09-04T13:37:26Z,0.0023318342864513
2019-09-05T15:19:05Z,0.0795020461082458
2019-09-05T19:39:49Z,-0.5160518400371075
2019-09-06T08:50:34Z,0.161245949100703
2019-09-06T14:07:26Z,-0.6820691600441933
2019-09-07T19:16:54Z,0.0080180950462818
2019-09-08T15:01:41Z,-0.87049176171422
2019-09-10T13:46:01Z,-0.0477538015693426
2019-09-10T17:14:37Z,-0.481851302087307
2019-09-10T17:55:30Z,-0.4175680577754974
2019-09-12T20:41:44Z,-0.890746945515275
2019-09-13T10:03:01Z,0.1310749379917979
2019-09-13T12:57:23Z,-0.0805021300911903
2019-09-13T14:23:41Z,-0.4479649253189564
2019-09-16T17:28:30Z,0.6770131187513471
2019-09-18T14:06:07Z,0.9160065557807684
2019-09-18T20:05:41Z,0.1123436782509088
2019-09-18T20:06:06Z,0.2594897449016571
2019-09-18T20:36:35Z,-0.578345462679863
2019-09-19T09:06:05Z,-0.0320841185748577
2019-09-19T11:10:53Z,-0.8592485133558512
2019-09-19T12:05:22Z,0.7424767026677728
2019-09-19T19:11:24Z,0.8920187056064606
2019-09-20T13:18:39Z,0.0082506034523248
2019-09-20T15:28:46Z,-0.0220925956964492
2019-09-20T16:24:51Z,0.0144157260656356
2019-09-23T14:31:53Z,0.9165884647518396
2019-09-23T14:40:08Z,-0.1123933047056198
2019-09-23T20:30:25Z,0.0029008910059928
2019-09-25T15:43:37Z,0.290798029396683
2019-09-26T18:08:22Z,0.3809636393561959
2019-09-29T20:26:34Z,-0.7274441234767437
2019-10-01T08:41:13Z,0.0340709462761879
2019-10-01T14:13:08Z,0.3853295156732201
2019-10-01T18:05:41Z,0.6507369577884674
2019-10-01T19:25:07Z,0.2259414410218596
2019-10-02T14:13:51Z,0.0571039589121937
2019-10-02T14:15:03Z,0.0592585690319538
2019-10-02T14:24:33Z,0.0518810432404279
2019-10-02T14:35:28Z,0.0458256565034389
2019-10-02T14:55:55Z,0.0171312242746353
2019-10-02T15:06:34Z,0.0436442475765943
2019-10-02T15:08:25Z,0.0571280568838119
2019-10-02T15:10:13Z,0.0263091307133436
2019-10-02T15:11:47Z,-0.9631168521009386
2019-10-02T15:14:00Z,0.1442482676357031
2019-10-02T15:15:31Z,0.1247406406328082
2019-10-02T15:18:56Z,0.0384964421391487
2019-10-02T15:22:06Z,0.005893412977457
2019-10-02T15:22:39Z,0.1729527763091027
2019-10-02T15:23:20Z,-0.4495836570858955
2019-10-02T15:23:43Z,0.0452495329082012
2019-10-02T15:25:36Z,0.0395133066922426
2019-10-02T15:26:06Z,0.734612783882767
2019-10-02T17:25:45Z,0.0121856704354286
2019-10-02T20:36:32Z,0.011559173464775
2019-10-03T13:02:03Z,0.3439393150620162
2019-10-03T15:13:14Z,0.0653445851057767
2019-10-04T09:01:17Z,-0.7563185542821884
2019-10-04T16:02:45Z,-0.8504603579640388
2019-10-04T16:05:31Z,-0.8703353507444263
2019-10-07T21:13:33Z,0.6443444136530161
2019-10-08T10:30:38Z,0.2338020801544189
2019-10-08T12:15:22Z,-0.1479079574346542
2019-10-08T12:38:31Z,-0.0961587354540824
2019-10-08T13:37:21Z,-0.4983797613531351
2019-10-08T16:10:12Z,0.822842201218009
2019-10-08T16:45:21Z,0.9297848138958216
2019-10-08T16:45:30Z,0.9384659118950368
2019-10-09T11:52:41Z,-0.0155087560415267
2019-10-09T20:07:50Z,-0.0042699128389358
2019-10-11T17:15:01Z,-0.0032788924872875
2019-10-12T20:17:52Z,0.0007914137095212
2019-10-14T19:03:07Z,0.8502854611724615
2019-10-15T14:27:06Z,0.1493064761161804
2019-10-16T12:15:38Z,0.1237732963636517
2019-10-17T18:38:27Z,0.0400814320892095
2019-10-18T12:59:38Z,0.9070363566279412
2019-10-18T16:00:35Z,0.9309779787436128
2019-10-21T07:32:54Z,0.7337767528370023
2019-10-21T15:11:44Z,0.00488449819386
2019-10-21T18:27:18Z,0.7223512437194586
2019-10-21T20:30:31Z,-0.0008031781762838
2019-10-22T12:30:22Z,0.7329695699736476
2019-10-22T13:03:38Z,0.0731643596664071
2019-10-22T15:15:21Z,0.1882772268727421
2019-10-23T08:15:56Z,-0.0717839933931827
2019-10-23T08:36:58Z,-0.0397900585085153
2019-10-23T11:15:05Z,-0.0858939904719591
2019-10-23T15:27:22Z,0.1173456758260726
2019-10-23T20:03:05Z,0.0361363664269447
2019-10-23T20:25:54Z,-0.0064298957586288
2019-10-23T21:23:25Z,-0.578345462679863
2019-10-23T22:03:09Z,0.0354610085487365
2019-10-24T08:02:56Z,0.690261097624898
2019-10-24T08:25:52Z,-0.0305906496942043
2019-10-24T11:03:11Z,-0.0180737376213073
2019-10-24T11:58:19Z,0.8973151333630085
2019-10-24T12:22:50Z,0.8967550955712795
2019-10-24T12:52:08Z,0.837892472743988
2019-10-24T12:55:10Z,0.6227344200015068
2019-10-24T13:10:13Z,0.8745763935148716
2019-10-24T14:02:57Z,-0.1289493143558502
2019-10-24T14:19:36Z,0.9281298145651816
2019-10-24T14:47:27Z,0.8926380276679993
2019-10-24T15:13:43Z,0.9190158657729626
2019-10-24T15:21:31Z,0.8637562058866024
2019-10-24T15:32:53Z,0.0296040065586566
2019-10-24T15:44:48Z,0.8773511983454227
2019-10-24T18:31:11Z,0.2101005762815475
2019-10-25T15:06:21Z,-0.8949480839073658
2019-10-25T17:03:40Z,0.0285677015781402
2019-10-25T19:13:41Z,-0.0565923228859901
2019-10-26T23:37:45Z,0.9138353448361158
2019-10-28T10:15:23Z,0.8778039962053299
2019-10-28T11:59:56Z,0.9104228746145964
2019-10-28T12:05:02Z,-0.2447116374969482
2019-10-28T12:17:27Z,-0.008006066083908
2019-10-28T14:37:13Z,0.8007754273712635
2019-10-28T14:51:56Z,0.1622259616851806
2019-10-28T15:54:02Z,0.7794293649494648
2019-10-28T16:10:02Z,-0.0493010953068733
2019-10-28T17:32:00Z,0.0279846433550119
2019-10-28T18:55:50Z,0.7971055023372173
2019-10-28T19:36:13Z,-0.7127641718834639
2019-10-29T15:35:54Z,0.0272029619663953
2019-10-29T16:05:26Z,0.8906878735870123
2019-10-31T13:26:42Z,-0.0331927649676799
2019-10-31T19:07:13Z,0.6764532336965203
2019-11-05T11:01:27Z,0.0226220209151506
2019-11-05T11:15:54Z,0.7899888008832932
2019-11-05T11:24:06Z,-0.0152200050652027
2019-11-05T16:25:07Z,0.8802883066236973
2019-11-05T16:59:36Z,0.0419460199773311
2019-11-06T05:41:48Z,-0.1904428489506244
2019-11-07T16:02:31Z,0.0361547637730836
2019-11-07T20:26:30Z,-0.9033899772912264
2019-11-08T16:07:42Z,0.1851835586130619
2019-11-08T17:48:41Z,0.3330581784248352
2019-11-09T21:18:20Z,0.0585141498595476
2019-11-11T12:30:21Z,-0.2585919797420501
2019-11-11T17:57:19Z,-0.8502980675548315
2019-11-11T20:19:22Z,0.207421738654375
2019-11-12T13:50:13Z,0.8853610511869192
2019-11-12T15:11:33Z,0.1276030540466308
2019-11-12T21:11:13Z,-0.2229218035936355
2019-11-13T09:33:01Z,0.0840489584952592
2019-11-13T10:21:25Z,0.0189169012010097
2019-11-13T12:20:48Z,0.113259439356625
2019-11-13T15:06:56Z,0.4496230259537697
2019-11-14T09:39:51Z,0.6186280027031898
2019-11-14T14:23:28Z,0.912917498499155
2019-11-14T15:09:36Z,0.1803470030426979
2019-11-14T18:16:41Z,0.1914464179426431
2019-11-14T23:43:47Z,-0.7495037019252777
2019-11-15T15:11:45Z,0.0089057311415672
2019-11-15T19:25:07Z,0.2950214259326458
2019-11-15T22:01:10Z,0.7141768839210272
2019-11-16T15:05:40Z,-0.0045605562627315
2019-11-18T16:01:06Z,0.1622259616851806
2019-11-18T21:18:23Z,-0.0029507391154766
2019-11-19T15:21:57Z,0.1276030540466308
2019-11-19T15:30:26Z,-0.7980995122343302
2019-11-20T14:10:16Z,-0.9503364395350218
2019-11-20T17:15:08Z,-0.9581176936626434
2019-11-22T04:25:25Z,0.3665547799319029
2019-11-22T18:42:22Z,-0.856085741892457
2019-11-25T15:20:56Z,0.5716476738452911
2019-11-25T19:14:10Z,0.1303623858839273
2019-11-25T20:20:21Z,-0.6750029698014259
2019-11-26T06:45:21Z,0.0238317772746086
2019-11-26T16:03:38Z,0.1276030540466308
2019-11-26T18:32:19Z,0.6220659147948027
2019-11-27T15:14:25Z,0.1919871717691421
2019-12-02T14:20:58Z,0.0346148088574409
2019-12-02T20:21:58Z,0.0073917787522077
2019-12-02T22:06:37Z,-0.8881726134568453
2019-12-03T17:11:58Z,-0.877833591774106
2019-12-03T18:31:02Z,0.0157057046890258
2019-12-04T16:00:12Z,-0.0470031909644603
2019-12-04T17:58:05Z,-0.0058632083237171
2019-12-05T11:17:10Z,0.9311469793319702
2019-12-05T15:00:15Z,-0.9112550485879184
2019-12-05T21:49:28Z,-0.116139143705368
2019-12-09T04:44:19Z,-0.0446970351040363
2019-12-09T15:37:26Z,-0.7920766845345497
2019-12-10T16:53:56Z,-0.7549404948949814
2019-12-10T20:26:53Z,0.7536463658325374
2019-12-11T16:08:04Z,0.0227240659296512
2019-12-12T11:05:10Z,-0.0517573878169059
2019-12-12T13:00:06Z,0.070691280066967
2019-12-12T15:21:05Z,0.1803470030426979
2019-12-13T05:51:15Z,0.1914461236447096
2019-12-13T14:14:00Z,0.8794616926461458
2019-12-13T16:19:27Z,0.1294368132948875
2019-12-15T22:25:59Z,0.9102788902819156
2019-12-16T15:16:26Z,0.1276030540466308
2019-12-17T13:27:30Z,0.7855510078370571
2019-12-17T14:00:12Z,0.8778510987758636
2019-12-17T17:57:43Z,0.8756706463173032
2019-12-18T12:55:24Z,0.9197462592273952
2019-12-18T20:03:57Z,-0.5814423635601997
2019-12-19T04:29:32Z,0.8742652274668217
2019-12-20T16:59:00Z,0.1294368132948875
2019-12-21T16:13:57Z,0.0216287393122911
2019-12-21T16:50:06Z,0.0260624233633279
2019-12-21T19:33:35Z,0.0066773314028978
2019-12-22T15:00:13Z,-0.0528984852135181
2019-12-27T16:27:53Z,0.1294368132948875
2019-12-30T15:00:08Z,0.5729922009631991
2019-12-31T15:15:12Z,0.0359795335680246
2019-12-31T16:07:18Z,0.0753623414784669
2020-01-02T17:40:00Z,-0.0449423491954803
2020-01-02T17:47:09Z,0.1022915840148925
2020-01-02T17:47:33Z,-0.1286452412605285
2020-01-02T21:07:33Z,0.0365349724888801
2020-01-02T21:53:57Z,0.1195344105362892
2020-01-03T12:47:56Z,-0.0341343432664871
2020-01-03T13:47:44Z,0.768525785766542
2020-01-08T14:54:43Z,0.8027626015245914
2020-01-09T13:06:24Z,0.8552908934652805
2020-01-09T13:09:20Z,0.8742509447038174
2020-01-09T15:43:54Z,-0.1289493143558502
2020-01-09T20:03:40Z,0.9283604472875596
2020-01-09T20:15:55Z,0.1803470030426979
2020-01-10T13:14:17Z,0.4229881092905998
2020-01-10T13:37:45Z,-0.1285437494516372
2020-01-10T17:18:02Z,0.1294368132948875
2020-01-10T21:01:53Z,-0.1953523978590965
2020-01-13T13:28:20Z,-0.8763250429183245
2020-01-13T17:58:35Z,0.8976673595607281
2020-01-14T06:58:56Z,-0.9230292020365596
2020-01-14T15:21:44Z,-0.9547601109370588
2020-01-14T15:22:37Z,-0.3174476660788059
2020-01-14T15:39:08Z,0.1921241730451584
2020-01-14T17:28:12Z,-0.033447228372097
2020-01-14T21:45:20Z,0.9035179298371075
2020-01-15T18:14:17Z,0.1919871717691421
2020-01-15T21:08:39Z,-0.01132757589221
2020-01-16T10:13:03Z,0.2090036086738109
2020-01-16T12:57:51Z,0.860898407176137
2020-01-16T15:22:53Z,0.1803470030426979
2020-01-16T18:45:21Z,0.8435689210891724
2020-01-17T05:34:34Z,0.0779849560931325
2020-01-17T09:20:41Z,0.295503918081522
2020-01-17T12:25:52Z,-0.952083514072001
2020-01-17T18:23:17Z,0.1294368132948875
2020-01-17T18:41:55Z,0.0756187140941619
2020-01-17T19:54:22Z,0.0780326724052429
2020-01-18T20:42:29Z,0.0029087848961353
2020-01-18T21:13:48Z,-0.0087894964963197
2020-01-19T19:34:14Z,0.4794045891612768
2020-01-21T10:55:57Z,0.5046058110892773
2020-01-21T13:14:14Z,0.8963425308465958
2020-01-21T15:11:00Z,0.1276030540466308
2020-01-22T09:08:25Z,0.1419670144096017
2020-01-22T11:42:05Z,0.7052635475993156
2020-01-23T09:17:50Z,-0.9142380114644766
2020-01-23T14:11:42Z,0.7696282677352428
2020-01-23T15:00:41Z,0.8688813019543886
2020-01-23T15:02:53Z,0.9351927563548088
2020-01-23T18:55:26Z,-0.2702228128910064
2020-01-23T19:47:03Z,0.2026336174458265
2020-01-25T14:06:26Z,0.0065071787685155
2020-01-26T14:12:27Z,0.013639086857438
2020-01-26T14:55:04Z,0.0070593301206827
2020-01-26T22:46:19Z,0.2648468501865864
2020-01-27T10:28:01Z,-0.8966238237917423
2020-01-27T12:39:00Z,0.0860075131058693
2020-01-27T14:00:07Z,0.0455236351117491
2020-01-27T21:11:28Z,0.4675571769475937
2020-01-28T02:58:15Z,-0.0460238084197044
2020-01-28T04:19:33Z,-0.7586787939071655
2020-01-29T07:50:24Z,0.2257107207551598
2020-01-29T09:06:11Z,-0.0506041385233402
2020-01-29T09:58:35Z,-0.0449946578592062
2020-01-29T11:01:30Z,0.29295389726758
2020-01-29T13:47:49Z,0.0255966074764728
2020-01-29T21:03:12Z,0.1058003008365631
2020-01-29T21:11:59Z,-0.0327739305794239
2020-01-29T21:55:20Z,-0.117532342672348
2020-01-30T05:59:54Z,0.332961936481297
2020-01-30T09:05:18Z,-0.0556759145110845
2020-01-30T11:44:53Z,0.7132694385945797
2020-01-30T11:46:48Z,0.6686797961592674
2020-01-30T11:53:52Z,0.8963454756885767
2020-01-30T12:00:02Z,0.7617768105119467
2020-01-30T12:24:10Z,-0.3564314991235733
2020-01-30T12:40:50Z,0.9078054055571556
2020-01-30T12:45:29Z,-0.0950522422790527
2020-01-30T12:56:11Z,0.7287176512181759
2020-01-30T12:57:06Z,0.7640550974756479
2020-01-30T13:12:34Z,0.8749402966350317
2020-01-30T13:36:10Z,0.9002392068505287
2020-01-30T13:45:58Z,-0.1289493143558502
2020-01-30T13:51:34Z,0.8829899653792381
2020-01-30T15:14:33Z,0.8626813031733036
2020-01-30T15:25:31Z,0.1803470030426979
2020-01-30T15:26:50Z,0.7352088391780853
2020-01-30T16:06:42Z,0.9261021390557288
2020-01-30T16:18:56Z,0.9284227583557368
2020-01-30T16:20:08Z,0.7976347953081131
2020-01-30T16:54:11Z,0.9272508304566144
2020-01-30T17:09:31Z,0.8001932762563229
2020-01-30T17:47:54Z,-0.0042775869369506
2020-01-31T06:40:10Z,-0.0253817662596702
2020-01-31T15:41:49Z,0.616664182394743
2020-01-31T17:05:04Z,0.0531990807503461
2020-01-31T20:45:12Z,0.0044271349906921
2020-02-01T21:06:11Z,-0.0009626615792512
2020-02-03T18:10:08Z,0.0316658206284046
2020-02-03T18:39:33Z,0.6884213276207447
2020-02-03T20:05:10Z,0.1457558562979102
2020-02-04T03:44:05Z,0.280063247308135
2020-02-04T15:18:56Z,0.1276030540466308
2020-02-04T15:54:48Z,0.9002216150984168
2020-02-04T20:27:17Z,0.5236857878044248
2020-02-05T08:09:54Z,0.6066265972331166
2020-02-05T13:35:30Z,0.8382117338478565
2020-02-05T15:16:01Z,0.1919871717691421
2020-02-05T15:33:10Z,0.4259172063320875
2020-02-05T16:25:31Z,-0.1282358299940824
2020-02-05T16:29:38Z,-0.9475322924554348
2020-02-05T16:36:18Z,0.8459096010774374
2020-02-06T05:07:40Z,0.6553639471530914
2020-02-07T11:02:06Z,-0.8712809439748526
2020-02-07T14:05:26Z,-0.9242419507354498
2020-02-10T14:32:54Z,0.0753061473369598
2020-02-10T15:25:08Z,0.1622259616851806
2020-02-10T17:15:01Z,-0.6585856415331364
2020-02-10T17:57:23Z,0.0120054017752408
2020-02-10T18:05:33Z,0.5676887705922127
2020-02-11T04:40:53Z,0.0730163063853979
2020-02-11T06:46:43Z,0.0276597794145345
2020-02-11T10:23:12Z,0.8990812571719289
2020-02-11T15:17:37Z,0.1276030540466308
2020-02-11T15:41:26Z,0.0353803820908069
2020-02-12T06:57:07Z,0.069856084883213
2020-02-12T08:03:57Z,0.0217434875667095
2020-02-12T15:20:27Z,0.0063930638134479
2020-02-12T16:16:28Z,0.0026050135493278
2020-02-12T19:45:31Z,-0.059074766933918
2020-02-13T20:26:33Z,-0.3451972603797912
2020-02-13T22:21:56Z,0.0464488118886947
2020-02-14T14:48:01Z,0.050437050871551
2020-02-14T19:05:50Z,-0.8421593531966209
2020-02-18T15:31:11Z,-0.9569390965625644
2020-02-18T15:45:49Z,0.01801273599267
2020-02-18T22:53:46Z,-0.0132342427968978
2020-02-19T13:22:18Z,-0.9138402920216322
2020-02-19T14:57:47Z,0.1405095672234892
2020-02-20T12:30:10Z,0.0856636650860309
2020-02-20T13:27:13Z,0.1778558362275362
2020-02-21T04:17:05Z,0.7804905651137233
2020-02-21T11:29:41Z,-0.7979348357766867
2020-02-21T15:10:03Z,-0.0223904997110366
2020-02-21T19:14:27Z,0.0803008927032351
2020-02-21T19:30:52Z,-0.0223904997110366
2020-02-24T15:02:25Z,0.3141307383775711
2020-02-26T21:11:01Z,-0.7460435107350349
2020-02-26T21:11:49Z,-0.8859580755233765
2020-02-26T21:12:42Z,0.0573977306485176
2020-02-26T21:13:15Z,-0.958861337043345
2020-02-26T22:02:30Z,0.1918815486133098
2020-02-26T23:03:02Z,-0.5115661770105362
2020-02-27T03:06:12Z,-0.9494047900661826
2020-02-27T09:05:38Z,-0.0483742393553257
2020-02-27T11:36:46Z,-0.945151044987142
2020-02-27T12:13:25Z,-0.0451408475637435
2020-02-27T12:37:13Z,-0.0311488658189773
2020-02-27T12:58:38Z,0.0315980240702629
2020-02-27T14:10:21Z,0.4932812815532088
2020-02-27T14:21:32Z,0.8894905429333448
2020-02-27T16:49:03Z,-0.9450231017544866
2020-02-27T17:24:28Z,-0.1452461779117584
2020-02-27T18:28:23Z,0.0785587392747402
2020-02-28T04:12:02Z,-0.9239145927131176
2020-02-28T09:55:12Z,-0.9328627856448292
2020-02-28T10:00:15Z,0.1240656226873397
2020-02-28T20:10:11Z,0.0933771338313818
2020-03-01T19:25:38Z,0.0019351169466972
2020-03-02T09:51:51Z,0.1905659455806017
2020-03-02T10:14:12Z,-0.6010442599654198
2020-03-02T16:48:55Z,0.1592335803434252
2020-03-02T21:21:18Z,-0.2496452704071998
2020-03-04T17:58:18Z,0.1500881314277649
2020-03-05T14:26:45Z,-0.0803430005908012
2020-03-06T11:36:43Z,-0.2017644792795181
2020-03-06T12:43:59Z,-0.1127425227314233
2020-03-06T12:52:51Z,-0.0276834964752197
2020-03-07T19:19:29Z,0.913142666220665
2020-03-09T05:21:34Z,0.3116152435541153
2020-03-09T05:55:55Z,-0.0935308597981929
2020-03-09T08:36:32Z,-0.9225650765001774
2020-03-09T14:19:27Z,0.8079727739095688
2020-03-09T16:54:07Z,0.2282834695652127
2020-03-10T14:27:34Z,-0.2767409682273865
2020-03-10T14:34:30Z,0.0311776604503393
2020-03-10T19:20:14Z,0.0795778278261423
2020-03-11T07:13:49Z,0.7000595694407821
2020-03-11T07:45:11Z,-0.3934499435126781
2020-03-11T09:16:08Z,0.7972078640013933
2020-03-11T09:42:11Z,-0.0777331963181495
2020-03-11T11:38:12Z,0.17351193446666
2020-03-11T13:58:02Z,0.0712624434381723
2020-03-12T16:40:28Z,0.2053284645080566
2020-03-12T17:19:51Z,0.0690285712480545
2020-03-13T13:54:50Z,0.5191032821312547
2020-03-13T14:12:31Z,0.6989202033728361
2020-03-13T14:27:43Z,0.4768294394016266
2020-03-13T14:34:14Z,0.0050774477422237
2020-03-13T14:40:19Z,0.0068161450326442
2020-03-13T21:05:19Z,-0.4866607040166855
2020-03-13T21:32:21Z,-0.1057927086949348
2020-03-16T18:41:24Z,0.1034208238124847
2020-03-17T05:23:58Z,0.0014981031417846
2020-03-17T15:31:58Z,0.0662897378206253
2020-03-17T18:58:48Z,0.110933406278491
2020-03-18T08:01:59Z,0.7231573457829654
2020-03-18T20:46:45Z,0.1673857718706131
2020-03-19T14:12:22Z,0.1354932729154825
2020-03-20T09:38:22Z,-0.4015408903360367
2020-03-20T17:06:44Z,0.7881554407067597
2020-03-20T19:37:57Z,0.0647413693368434
2020-03-20T20:14:14Z,-0.0303261987864971
2020-03-21T20:11:12Z,0.029036646708846
2020-03-23T07:37:51Z,0.859211528673768
2020-03-23T11:40:29Z,0.0681548863649368
2020-03-23T12:21:01Z,0.0372828897088766
2020-03-23T12:51:24Z,0.8996082125231624
2020-03-24T02:29:35Z,-0.9651673790067434
2020-03-24T11:12:34Z,-0.0944872051477432
2020-03-24T16:50:13Z,-0.1486057862639427
2020-03-25T07:13:52Z,0.0149014424532651
2020-03-25T08:02:14Z,0.1505291648209095
2020-03-25T08:54:12Z,-0.914491635747254
2020-03-25T13:16:12Z,0.3275670073926449
2020-03-25T14:30:01Z,0.1007325649261474
2020-03-25T16:52:57Z,-0.7876863330602646
2020-03-25T17:17:04Z,0.1938622565940022
2020-03-26T13:47:14Z,0.8187349885702133
2020-03-26T15:04:12Z,0.0937900496646761
2020-03-27T02:48:31Z,0.3581415889784693
2020-03-27T06:59:59Z,0.7840432832017541
2020-03-27T10:45:04Z,0.5931726368144155
2020-03-27T13:05:51Z,-0.9170736391097308
2020-03-27T15:48:05Z,-0.9347765017300844
2020-03-29T14:29:06Z,-0.0052074119448661
2020-03-30T06:51:11Z,0.1283805947750806
2020-03-30T15:35:58Z,0.9192203041166068
2020-03-31T09:21:58Z,0.524649903178215
2020-03-31T10:24:24Z,0.8736945651471615
2020-03-31T10:30:11Z,0.0502416789531707
2020-03-31T11:52:40Z,-0.19993656873703
2020-03-31T12:30:50Z,0.0202586892992258
2020-03-31T12:32:27Z,-0.0961587354540824
2020-03-31T13:44:12Z,0.0860836487263441
2020-03-31T17:45:40Z,0.7344268066808581
2020-03-31T18:40:01Z,-0.139081709086895
2020-03-31T19:16:44Z,0.0610600877553224
2020-04-01T08:50:42Z,0.0549559909850358
2020-04-02T10:57:49Z,0.0068221315741539
2020-04-02T15:39:40Z,0.8071316136047244
2020-04-03T11:44:03Z,-0.0519124120473861
2020-04-03T12:17:39Z,0.6286117732524872
2020-04-03T19:35:04Z,0.1283301170915365
2020-04-04T17:54:20Z,-0.0067162904888391
2020-04-06T10:57:33Z,-0.6515211462974548
2020-04-06T13:02:59Z,-0.2058947719633579
2020-04-06T20:14:58Z,-0.2522229347378015
2020-04-07T09:22:45Z,0.0530479736626148
2020-04-07T16:37:07Z,0.0451111532747745
2020-04-07T16:50:37Z,0.7268517278134823
2020-04-07T17:05:08Z,0.5300759319216013
2020-04-08T10:38:53Z,0.9292742842808366
2020-04-08T17:52:58Z,0.3266837662085891
2020-04-08T20:14:45Z,-0.0284260604530572
2020-04-09T10:09:32Z,-0.0630462169647216
2020-04-10T16:15:15Z,0.0699039306491613
2020-04-13T02:58:49Z,0.9336419217288494
2020-04-13T15:30:00Z,-0.8952955277636647
2020-04-13T21:33:08Z,-0.0274793803691864
2020-04-14T18:51:22Z,0.4710877984762192
2020-04-15T14:16:33Z,0.7282849568873644
2020-04-15T14:18:33Z,0.0361744090914726
2020-04-15T14:20:08Z,-0.9559906870126724
2020-04-15T13:59:14Z,0.0491554113104939
2020-04-15T20:35:18Z,-0.0804589837789535
2020-04-15T21:46:24Z,0.0032675936818122
2020-04-16T07:51:15Z,-0.7601538188755512
2020-04-17T03:25:13Z,0.1391769060865044
2020-04-19T16:56:35Z,-0.0068296901881694
2020-04-20T14:35:05Z,0.8286585137248039
2020-04-20T20:02:20Z,0.0941426698118448
2020-04-21T02:53:31Z,-0.0199910327792167
2020-04-21T13:44:14Z,0.8095328863710165
2020-04-21T14:52:10Z,-0.9652360277250408
2020-04-22T04:42:04Z,-0.9411154072731732
2020-04-23T15:19:02Z,0.0633417144417762
2020-04-24T02:19:44Z,0.4338315827772021
2020-04-24T12:17:12Z,-0.2403906285762787
2020-04-24T13:53:59Z,0.1418810971081257
2020-04-27T07:42:30Z,0.1852219868451357
2020-04-27T09:31:50Z,0.2307712165638804
2020-04-27T11:37:56Z,0.018166409805417
2020-04-27T20:05:27Z,0.0276345890015363
2020-04-28T04:17:13Z,0.2287696823477745
2020-04-28T09:41:37Z,0.0156755410134792
2020-04-28T12:41:59Z,0.6252539902925491
2020-04-28T13:17:18Z,0.061781445518136
2020-04-28T15:13:47Z,0.0177784264087677
2020-04-28T19:53:36Z,-0.9297282844781876
2020-04-29T08:01:47Z,0.4545218227431178
2020-04-29T08:09:48Z,-0.0186554566025733
2020-04-29T08:50:47Z,-0.0443627797067165
2020-04-29T10:11:20Z,0.4661301374435425
2020-04-29T13:18:23Z,0.7713177613914013
2020-04-29T14:53:30Z,0.9306941404938698
2020-04-29T15:09:42Z,-0.036228222772479
2020-04-29T20:02:57Z,-0.4729781597852707
2020-04-29T20:04:41Z,0.5111707746982574
2020-04-29T20:08:46Z,0.111976770684123
2020-04-29T20:15:22Z,0.2476335167884826
2020-04-29T21:43:50Z,0.0091223735362291
2020-04-29T21:45:58Z,-0.6151854656636715
2020-04-30T08:59:47Z,-0.0158409364521503
2020-04-30T10:01:56Z,0.8856173194944859
2020-04-30T11:02:20Z,0.5771597921848297
2020-04-30T12:11:53Z,-0.1289493143558502
2020-04-30T12:23:55Z,0.7861251272261143
2020-04-30T12:49:38Z,0.8080264963209629
2020-04-30T13:15:51Z,0.8553317785263062
2020-04-30T13:42:25Z,0.6293756477534771
2020-04-30T13:56:27Z,0.5938460873439908
2020-04-30T14:21:40Z,0.8831060789525509
2020-04-30T14:53:56Z,0.393254138994962
2020-04-30T15:47:40Z,0.8749402966350317
2020-04-30T15:49:21Z,0.9289829507470132
2020-04-30T16:05:55Z,0.1821712506935
2020-04-30T16:30:41Z,0.9308830015361308
2020-04-30T16:30:46Z,0.9285781625658274
2020-04-30T22:11:51Z,0.0243820585310459
2020-05-01T09:27:17Z,-0.4682162255048752
2020-05-01T13:28:38Z,-0.9362683976069092
2020-05-01T20:22:48Z,0.4727700408548116
2020-05-02T13:15:22Z,0.6775549612939358
2020-05-03T12:18:08Z,0.0089931990951299
2020-05-04T09:21:36Z,0.9391778782010078
2020-05-04T19:02:35Z,0.0778674818575382
2020-05-05T01:50:17Z,0.4181751431897282
2020-05-05T09:23:35Z,0.937842508777976
2020-05-05T16:02:35Z,0.7493785992264748
2020-05-05T17:46:36Z,0.0024033263325691
2020-05-06T13:23:32Z,0.8228559046983719
2020-05-06T14:56:13Z,0.8336869040504098
2020-05-06T21:15:43Z,0.2210347540676593
2020-05-07T15:47:03Z,0.0335212098434567
2020-05-07T17:16:38Z,0.0693194726482033
2020-05-07T18:19:18Z,-0.0115342494100332
2020-05-11T09:36:41Z,-0.4537937398999929
2020-05-11T20:54:42Z,0.5165646001696587
2020-05-11T22:10:15Z,0.0580716542899608
2020-05-12T17:49:22Z,0.1480069933459162
2020-05-12T18:24:10Z,-0.9439458921551704
2020-05-14T15:17:53Z,0.036598989740014
2020-05-14T16:22:46Z,0.1986242560669779
2020-05-14T16:33:15Z,0.0907860845327377
2020-05-15T13:01:25Z,0.307075529359281
2020-05-15T13:18:33Z,0.7440565638244152
2020-05-15T18:44:46Z,-0.5793571621179581
2020-05-15T20:14:13Z,0.207705701701343
2020-05-16T13:31:14Z,-0.0651572495698928
2020-05-16T14:15:38Z,0.0889940308406949
2020-05-18T13:01:43Z,0.7727767745964229
2020-05-18T13:46:04Z,0.8637107908725739
2020-05-19T15:11:27Z,0.0871037552133202
2020-05-19T15:12:53Z,0.9059832021594048
2020-05-19T15:59:54Z,0.0900565693154931
2020-05-19T18:31:10Z,0.0426643714308738
2020-05-20T10:53:19Z,0.769677103497088
2020-05-20T13:18:47Z,0.0658884104341268
2020-05-20T20:27:57Z,-0.1574149876832962
2020-05-21T19:02:05Z,0.8595626801252365
2020-05-27T12:50:03Z,0.8050862653180957
2020-05-27T17:41:17Z,0.0066193379461765
2020-05-27T19:30:16Z,0.3727041454985738
2020-05-27T20:09:34Z,6.165914237499237e-05
2020-05-27T20:41:12Z,-0.4777070879936218
2020-05-29T08:11:38Z,0.1415244909003377
2020-05-29T16:23:24Z,0.0778807559981942
2020-05-29T18:09:26Z,-0.0442138649523258
2020-06-01T04:54:02Z,0.79683225043118
2020-06-01T15:04:57Z,-0.197065070271492
2020-06-01T15:30:50Z,-0.0836809426546096
2020-06-02T11:15:16Z,-0.4303018301725387
2020-06-02T16:45:11Z,-0.860030259937048
2020-06-03T18:26:08Z,0.0193173289299011
2020-06-03T19:34:02Z,-0.447810024023056
2020-06-04T14:27:04Z,0.0098387338221073
2020-06-04T17:11:59Z,0.8805314898490906
2020-06-05T07:17:16Z,0.90769477840513
2020-06-05T10:22:33Z,-0.9452120158821344
2020-06-05T16:30:59Z,-0.8187713325023651
2020-06-05T16:36:56Z,-0.7458538338541985
2020-06-05T16:39:46Z,-0.059201493859291
2020-06-05T19:02:33Z,-0.3154142685234546
2020-06-08T20:06:33Z,-0.0738141499459743
2020-06-09T14:31:06Z,0.8602686431258917
2020-06-10T04:52:01Z,0.8221488259732723
2020-06-10T18:39:55Z,0.9378939140588044
2020-06-10T20:30:18Z,0.8541951943188906
2020-06-11T12:45:13Z,-0.4224790260195732
2020-06-11T15:10:26Z,0.2769148908555507
2020-06-11T16:50:18Z,0.0579556301236152
2020-06-12T04:24:55Z,-0.6410508826375008
2020-06-12T12:41:36Z,-0.9513547103852034
2020-06-12T18:35:09Z,0.9307620218023658
2020-06-14T13:05:05Z,0.0014167223125696
2020-06-15T06:01:29Z,-0.7887371852993965
2020-06-15T13:00:18Z,0.0364755671471357
2020-06-15T15:01:06Z,0.0464776623994112
2020-06-15T15:05:44Z,0.1441024150699377
2020-06-15T16:49:12Z,-0.2823981344699859
2020-06-16T13:06:34Z,0.1657192260026931
2020-06-16T19:18:44Z,0.1850897781550884
2020-06-17T09:24:21Z,0.9215218648314476
2020-06-17T21:25:10Z,0.9298729486763476
2020-06-18T09:35:24Z,-0.2333593294024467
2020-06-18T13:53:32Z,-0.036228222772479
2020-06-18T14:04:19Z,0.0270446762442588
2020-06-18T18:19:18Z,-0.629940714687109
2020-06-19T13:22:36Z,-0.9299149541184306
2020-06-19T14:44:00Z,0.3767523635178804
2020-06-19T15:08:25Z,0.1294368132948875
2020-06-22T11:22:28Z,0.015506001189351
2020-06-22T13:02:41Z,0.2060933550819754
2020-06-22T15:41:07Z,-0.1014634650200605
2020-06-22T18:04:28Z,0.151813743636012
2020-06-22T18:34:22Z,0.0783441998064518
2020-06-22T18:35:54Z,0.8337927730754018
2020-06-22T18:36:13Z,0.0613604430109262
2020-06-22T19:34:35Z,0.1026555299758911
2020-06-23T12:10:29Z,-0.7705300562083721
2020-06-23T15:02:43Z,0.1276030540466308
2020-06-24T12:48:49Z,0.2238747887313366
2020-06-24T13:30:47Z,0.665217787027359
2020-06-24T13:58:34Z,0.7424508277326822
2020-06-24T15:22:16Z,-0.9323967918753624
2020-06-25T12:39:06Z,0.064886606298387
2020-06-25T12:45:07Z,0.0488286148756742
2020-06-26T13:03:58Z,-0.9074463983997704
2020-06-29T00:36:05Z,0.9220243077725172
2020-06-29T12:24:10Z,0.2986660972237587
2020-06-29T18:47:57Z,-0.8055016472935677
2020-06-30T00:41:33Z,-0.0261093974113464
2020-06-30T09:33:45Z,-0.9182941084727644
2020-06-30T11:21:13Z,0.728869796730578
2020-06-30T12:35:48Z,0.1047416655346751
2020-06-30T15:14:59Z,-0.8477851431816816
2020-06-30T20:27:31Z,0.0696510281413793
2020-07-01T14:08:01Z,0.1556580159813165
2020-07-01T14:53:44Z,0.1919871717691421
2020-07-02T14:33:41Z,0.1803470030426979
2020-07-02T21:18:01Z,-0.004434660077095
2020-07-06T17:59:37Z,0.1622259616851806
2020-07-06T18:42:41Z,0.1386379925534129
2020-07-06T22:42:44Z,0.9085233006626368
2020-07-07T13:36:21Z,-0.0195374004542827
2020-07-07T14:41:41Z,0.1276030540466308
2020-07-07T16:11:09Z,0.2227419596165418
2020-07-08T09:09:58Z,0.1716150278225541
2020-07-08T09:51:59Z,0.1148839825764298
2020-07-08T12:06:38Z,0.0754730338230729
2020-07-08T17:47:08Z,-0.0086534805595874
2020-07-08T17:59:48Z,-0.0072256959974765
2020-07-08T18:06:55Z,-0.9472173107787968
2020-07-08T18:15:10Z,0.93433709256351
2020-07-08T20:06:43Z,-0.0173274762928485
2020-07-09T07:18:58Z,-0.803768620826304
2020-07-09T10:31:18Z,0.8872494287788868
2020-07-09T12:34:42Z,-0.1289493143558502
2020-07-09T12:39:19Z,0.8518988825380802
2020-07-09T14:31:22Z,0.8669767715036869
2020-07-09T14:40:07Z,0.1803470030426979
2020-07-09T15:34:03Z,0.2278916947543621
2020-07-09T20:28:04Z,-0.8702922593802214
2020-07-10T11:50:54Z,-0.9517194200307132
2020-07-12T14:40:26Z,-0.001348054036498
2020-07-13T11:43:55Z,0.929198855534196
2020-07-14T13:12:05Z,0.0545263290405273
2020-07-14T17:23:47Z,0.7908361339941621
2020-07-15T13:08:52Z,-0.9067819230258464
2020-07-15T15:33:27Z,0.7366520976647735
2020-07-15T20:01:18Z,0.0702194767072796
2020-07-15T21:06:03Z,-0.5717746559530497
2020-07-16T09:57:35Z,0.3229478551074862
2020-07-16T11:04:29Z,0.7030661031603813
2020-07-16T12:19:13Z,0.8846914879977703
2020-07-16T12:20:27Z,-0.1289493143558502
2020-07-16T20:19:24Z,0.1802543206140399
2020-07-17T04:27:03Z,-0.6841036044061184
2020-07-17T12:02:10Z,0.9139432106167078
2020-07-17T12:12:20Z,-0.92958343308419
2020-07-17T14:19:17Z,0.0989358276128768
2020-07-18T19:46:50Z,-0.0044730566442012
2020-07-20T04:26:56Z,-0.5025251004844904
2020-07-20T11:41:45Z,0.8550440296530724
2020-07-20T11:45:06Z,0.0407103523612022
2020-07-20T13:51:11Z,0.5210131965577602
2020-07-20T14:49:26Z,0.9070177916437387
2020-07-20T16:12:51Z,0.4694780707359314
2020-07-20T16:57:54Z,0.9373200442641972
2020-07-20T17:06:17Z,-0.1806278526782989
2020-07-21T22:37:28Z,0.6549728941172361
2020-07-22T02:11:21Z,0.1940684854052961
2020-07-22T08:11:18Z,-0.0519908890128135
2020-07-22T08:51:29Z,-0.0176997929811477
2020-07-22T10:23:49Z,-0.9436028245836496
2020-07-22T11:09:10Z,0.8953171037137508
2020-07-22T11:27:05Z,0.0835726484656333
2020-07-22T11:58:02Z,0.0284787025302648
2020-07-22T12:10:08Z,0.0791500778868794
2020-07-22T13:03:22Z,-0.8723218347877264
2020-07-22T14:03:31Z,-0.036228222772479
2020-07-22T16:33:17Z,0.6463009789586067
2020-07-22T16:45:35Z,-0.0572556927800178
2020-07-22T20:02:42Z,-0.4000317454338074
2020-07-22T20:03:40Z,0.7134193480014801
2020-07-22T20:06:10Z,-0.9582423307001592
2020-07-22T20:06:46Z,-0.0115953031927347
2020-07-22T20:24:46Z,0.9187008924782276
2020-07-22T21:28:12Z,-0.3380626440048218
2020-07-22T21:35:17Z,-0.937316780909896
2020-07-22T22:01:36Z,0.0048354119062423
2020-07-22T22:03:16Z,-0.9492759006097912
2020-07-23T04:41:08Z,-0.9023312833160162
2020-07-23T08:00:04Z,-0.0591670330613851
2020-07-23T08:43:18Z,0.6993020698428154
2020-07-23T08:56:41Z,-0.0201094262301921
2020-07-23T10:20:09Z,0.0923385471105575
2020-07-23T11:19:26Z,-0.0983459018170833
2020-07-23T12:45:13Z,0.0699371118098497
2020-07-23T12:51:00Z,-0.1289493143558502
2020-07-23T13:06:33Z,-0.8237433824688196
2020-07-23T15:45:17Z,0.4646800998598337
2020-07-23T16:11:23Z,0.0154207311570644
2020-07-23T17:10:13Z,0.935199836269021
2020-07-23T21:05:11Z,-0.6589634660631418
2020-07-24T05:12:10Z,-0.0637579578906297
2020-07-24T06:19:33Z,-0.3508522808551788
2020-07-24T08:28:14Z,0.2305097384378314
2020-07-24T15:21:56Z,0.0992405842989683
2020-07-24T16:58:12Z,0.9129782132804394
2020-07-27T12:00:23Z,0.0584272928535938
2020-07-27T13:07:41Z,0.6549716414883733
2020-07-27T17:52:20Z,0.0253775157034397
2020-07-27T20:06:05Z,0.1876764707267284
2020-07-28T14:04:00Z,0.6678789895959198
2020-07-28T18:28:13Z,0.1411733003333211
2020-07-29T11:27:33Z,0.0239962115883827
2020-07-29T15:10:28Z,0.2344584567472338
2020-07-29T16:31:34Z,-0.2926272507756948
2020-07-29T17:09:47Z,0.27162566781044
2020-07-30T08:05:54Z,-0.9377432940527796
2020-07-30T17:02:51Z,-0.3997040037065744
2020-07-30T21:34:58Z,0.8595542199909687
2020-07-31T07:20:56Z,-0.9008016036823392
2020-07-31T13:37:09Z,0.0495298327878117
2020-07-31T15:38:12Z,-0.0572556927800178
2020-07-31T17:44:35Z,0.0713855279609561
2020-07-31T17:57:11Z,-0.1460409201681614
2020-07-31T19:19:01Z,0.8626236729323864
2020-07-31T19:21:01Z,0.0916489530354738
2020-08-01T11:48:55Z,-0.5766460672020912
2020-08-01T13:36:07Z,0.0563001297414302
2020-08-01T13:52:45Z,0.2155573265627026
2020-08-01T23:57:20Z,-0.8944240473210812
2020-08-01T23:59:21Z,0.1050520064309239
2020-08-02T16:07:59Z,-0.0512277856469154
2020-08-02T17:02:28Z,-0.024107739329338
2020-08-03T01:42:56Z,0.0567835327237844
2020-08-03T08:32:45Z,0.0526233240962028
2020-08-03T11:58:50Z,-0.0656193196773529
2020-08-03T13:54:04Z,0.0061476808041334
2020-08-03T13:54:36Z,-0.036228222772479
2020-08-03T14:23:01Z,0.2979021528735757
2020-08-03T14:27:21Z,-0.0297144725918769
2020-08-03T16:00:18Z,0.0004537627100944
2020-08-03T16:30:15Z,0.1964591592550277
2020-08-03T16:53:04Z,0.127820367924869
2020-08-03T17:00:09Z,0.1165207456797361
2020-08-03T17:11:42Z,0.2122086035087704
2020-08-03T17:26:22Z,0.6865453254431486
2020-08-03T17:26:27Z,0.9008098016493022
2020-08-03T18:21:26Z,-0.0068003702908754
2020-08-03T18:41:50Z,0.1622259616851806
2020-08-04T01:38:28Z,0.7148027643561363
2020-08-04T03:01:36Z,-0.9353612065315248
2020-08-04T08:36:09Z,0.1061123833060264
2020-08-04T09:00:52Z,0.6870684092864394
2020-08-04T09:25:04Z,0.1285271719098091
2020-08-04T12:35:10Z,0.6075853044167161
2020-08-04T13:31:12Z,-0.0056015253067016
2020-08-04T13:49:27Z,-0.036228222772479
2020-08-04T14:31:07Z,0.4839010527357459
2020-08-04T14:44:07Z,0.0084224808961153
2020-08-04T14:45:04Z,0.0612738914787769
2020-08-04T16:02:45Z,0.075261564925313
2020-08-04T16:45:08Z,0.0632976293563842
2020-08-04T17:18:11Z,0.4681840054690838
2020-08-04T22:13:32Z,0.0916214538738131
2020-08-05T13:06:04Z,0.472280734218657
2020-08-05T14:16:22Z,0.0729528442025184
2020-08-05T14:31:09Z,0.2506996635347605
2020-08-05T14:49:11Z,0.2468732837587595
2020-08-05T19:32:16Z,-0.0213425010442733
2020-08-06T15:28:17Z,0.2838109703734517
2020-08-06T16:03:28Z,0.0298023652285337
2020-08-06T19:35:08Z,-0.8332149107009172
2020-08-07T01:50:00Z,0.1460153134539723
2020-08-07T02:28:03Z,-0.8426007106900215
2020-08-07T07:17:10Z,-0.9416452189907432
2020-08-07T10:06:33Z,-0.931230092421174
2020-08-07T11:47:00Z,-0.5645021665841341
2020-08-07T11:47:41Z,-0.1023446880280971
2020-08-07T15:32:56Z,0.0059532113373279
2020-08-07T19:46:42Z,0.03918316680938
2020-08-08T17:23:12Z,-0.0014526359736919
2020-08-08T23:06:31Z,0.3513101479038596
2020-08-09T21:39:33Z,-0.0181858427822589
2020-08-10T01:42:15Z,0.0132892373949289
2020-08-10T10:03:49Z,0.0679846554994583
2020-08-10T14:14:29Z,-0.036228222772479
2020-08-10T15:53:45Z,-0.1493289358913898
2020-08-10T16:00:13Z,0.0556917656213045
2020-08-10T16:19:32Z,-0.0543989986181259
2020-08-10T19:19:13Z,0.7405406152829528
2020-08-10T19:43:57Z,-0.2610004283487797
2020-08-11T08:12:59Z,0.0593003900721669
2020-08-11T13:51:54Z,0.1251479350030422
2020-08-11T19:07:48Z,-0.0410215556621551
2020-08-11T20:13:14Z,-0.0581785775721073
2020-08-11T20:13:40Z,0.0800131242722272
2020-08-12T05:16:40Z,-0.894086355343461
2020-08-12T10:55:02Z,0.0440318658947944
2020-08-12T15:38:24Z,0.0761176999658346
2020-08-12T17:58:24Z,-0.9018907509744168
2020-08-13T01:53:35Z,0.0581108592450618
2020-08-13T13:05:33Z,0.0401320606470108
2020-08-13T14:43:39Z,0.5393382646143436
2020-08-13T18:20:29Z,0.1400164803490042
2020-08-13T22:00:27Z,0.5581047600135207
2020-08-14T03:10:17Z,-0.8582024220377207
2020-08-14T14:28:27Z,0.0293492227792739
2020-08-14T18:40:55Z,0.0673292558640241
2020-08-15T17:37:14Z,0.0564919468015432
2020-08-16T19:55:48Z,-0.2522262260317802
2020-08-16T22:34:07Z,-0.0433511137962341
2020-08-17T04:21:30Z,-0.9450401207432152
2020-08-17T19:14:55Z,-0.9183574076741934
2020-08-18T04:36:51Z,0.2026223605498671
2020-08-18T05:23:52Z,0.0104136615991592
2020-08-18T18:58:54Z,0.0780020225793123
2020-08-18T19:08:25Z,0.0396699998527765
2020-08-18T19:44:26Z,0.7948282128199935
2020-08-18T21:17:31Z,0.042990980669856
2020-08-19T14:54:05Z,0.3580299578607082
2020-08-19T16:39:56Z,0.0153398290276527
2020-08-20T06:33:54Z,0.8228138647973537
2020-08-20T18:28:28Z,0.0286304019391536
2020-08-21T15:01:50Z,0.7700505247339606
2020-08-21T18:24:54Z,0.0625464795157313
2020-08-22T16:55:16Z,-0.2215653154999017
2020-08-24T02:22:26Z,-0.2036344036459922
2020-08-24T03:28:06Z,-0.8552572820335627
2020-08-24T09:44:18Z,0.3025891566649079
2020-08-24T15:01:03Z,-0.9165437826886772
2020-08-24T15:21:10Z,0.925037695094943
2020-08-24T18:08:43Z,0.1295256316661834
2020-08-25T05:03:43Z,0.2225173581391573
2020-08-25T06:14:31Z,-0.1791441142559051
2020-08-25T06:50:54Z,0.0211507249623537
2020-08-25T22:10:24Z,-0.0278837941586971
2020-08-26T08:53:25Z,0.8972365101799369
2020-08-26T14:14:59Z,-0.0572556927800178
2020-08-26T15:44:55Z,0.1919871717691421
2020-08-26T18:59:25Z,-0.0900669544935226
2020-08-26T23:23:38Z,0.094536131247878
2020-08-27T05:14:56Z,-0.7607212997972965
2020-08-27T09:42:27Z,-0.8867183774709702
2020-08-27T13:40:47Z,-0.9033326022326946
2020-08-27T13:46:14Z,0.0271908063441514
2020-08-27T14:11:32Z,0.0438068537041544
2020-08-27T14:37:30Z,0.1803470030426979
2020-08-27T15:27:04Z,0.5825362494215369
2020-08-27T16:10:07Z,0.1481855120509863
2020-08-27T16:33:12Z,0.2843048963695764
2020-08-27T19:04:45Z,-0.7389518059790134
2020-08-27T19:36:51Z,0.0092439595609903
2020-08-27T20:30:35Z,-0.0045671723783016
2020-08-28T11:20:00Z,-0.0009209997951984
2020-08-28T13:06:07Z,0.0068734288215637
2020-08-28T15:14:11Z,0.4790868544951081
2020-08-28T16:15:41Z,0.0978042185306549
2020-08-28T18:20:56Z,0.0031377561390399
2020-08-28T20:42:59Z,0.0920030418783426
2020-08-30T15:54:27Z,-0.9287612456828356
2020-08-30T18:32:16Z,-0.1192215830087661
2020-08-31T08:01:49Z,0.2224609274417162
2020-08-31T12:10:32Z,0.1442896574735641
2020-08-31T12:35:34Z,-0.348505325615406
2020-08-31T12:41:09Z,0.027718000113964
2020-08-31T13:42:53Z,0.2433844674378633
2020-08-31T17:11:00Z,0.0161741375923156
2020-08-31T18:47:59Z,-0.003302689641714
2020-08-31T21:13:20Z,0.0384067017585039
2020-08-31T21:35:27Z,0.0678515871986746
2020-09-01T00:44:36Z,0.0454173367470502
2020-09-01T02:50:13Z,0.1479706140235066
2020-09-01T16:26:23Z,-0.0172759294509887
2020-09-01T17:32:25Z,0.1532785007730126
2020-09-01T17:40:06Z,0.5428514331579208
2020-09-01T18:23:59Z,0.087294178083539
2020-09-02T12:55:51Z,0.9045755583792924
2020-09-02T14:37:55Z,0.1919871717691421
2020-09-02T14:41:29Z,-0.0655376818031072
2020-09-02T14:57:21Z,0.9175056833773853
2020-09-02T15:48:20Z,0.0494938343763351
2020-09-02T15:50:27Z,0.0587807344272732
2020-09-02T16:00:56Z,0.1984370043501258
2020-09-02T16:41:45Z,0.9337929971516132
2020-09-03T04:31:11Z,-0.8293560594320297
2020-09-03T13:03:16Z,0.0226960927248001
2020-09-03T13:20:03Z,0.0995741505175829
2020-09-03T14:23:53Z,-0.0448205042630434
2020-09-03T21:00:55Z,-0.9568145163357258
2020-09-04T02:47:22Z,-0.5487526059150696
2020-09-04T07:40:19Z,-0.9371579177677632
2020-09-04T12:45:14Z,0.0181608162820339
2020-09-04T12:59:34Z,0.0699371118098497
2020-09-04T15:38:50Z,-0.3590196762233972
2020-09-04T15:53:50Z,0.883950836956501
2020-09-04T16:20:27Z,0.0157155916094779
2020-09-04T16:37:24Z,-0.084767784923315
2020-09-04T17:56:23Z,0.1069778511300683
2020-09-04T18:39:49Z,0.5733184516429901
2020-09-04T18:51:52Z,0.9026789013296366
2020-09-04T20:30:19Z,-0.9101571924984456
2020-09-07T13:40:22Z,-0.0986320413649082
2020-09-08T08:40:23Z,-0.0089121684432029
2020-09-08T11:22:05Z,0.4756560195237398
2020-09-08T13:39:26Z,0.0761176999658346
2020-09-08T16:13:56Z,0.3111939281225204
2020-09-08T18:21:25Z,-0.0173503831028938
2020-09-09T04:20:39Z,-0.0527274832129478
2020-09-09T12:02:51Z,0.8391533903777599
2020-09-09T19:44:32Z,-0.9541958253830672
2020-09-09T21:14:19Z,-0.8947882577776909
2020-09-10T01:40:54Z,0.0805597566068172
2020-09-10T10:13:07Z,-0.5993737019598484
2020-09-10T14:00:47Z,0.7566935587674379
2020-09-10T15:51:45Z,-0.7964631132781506
2020-09-10T16:06:05Z,-0.5457106605172157
2020-09-10T16:24:09Z,0.0533788697794079
2020-09-10T18:08:46Z,0.2021532598882913
2020-09-10T18:47:05Z,-0.8415632396936417
2020-09-10T18:53:40Z,-0.878918913193047
2020-09-10T18:54:05Z,-0.1128871515393257
2020-09-10T21:40:06Z,0.0156735740602016
2020-09-11T01:22:24Z,0.3135593384504318
2020-09-11T07:02:11Z,0.2019381271675229
2020-09-11T08:52:01Z,-0.8166832998394966
2020-09-11T11:14:53Z,0.0982230426743626
2020-09-11T17:03:42Z,-0.8710574712604284
2020-09-12T19:16:42Z,-0.0034662596881389
2020-09-13T14:29:52Z,0.0729827303439378
2020-09-14T00:03:54Z,0.8634868748486042
2020-09-14T00:05:08Z,0.0144756026566028
2020-09-14T00:19:57Z,0.6878278218209743
2020-09-14T08:30:01Z,-0.5010652765631676
2020-09-14T09:31:36Z,0.6991969607770443
2020-09-14T09:33:31Z,0.0077419560402631
2020-09-14T15:06:01Z,0.5982384495437145
2020-09-14T15:20:28Z,0.9309926992282272
2020-09-14T15:31:20Z,0.8611476086080074
2020-09-14T16:03:07Z,0.0163382068276405
2020-09-14T16:03:54Z,-0.613161064684391
2020-09-14T17:00:11Z,0.9168036486953496
2020-09-14T18:17:09Z,-0.0282766260206699
2020-09-14T18:56:02Z,-0.4049222357571125
2020-09-14T20:38:26Z,0.2442273199558258
2020-09-14T20:41:29Z,0.0767146134749054
2020-09-15T06:13:58Z,-0.8145338762551546
2020-09-15T11:42:03Z,0.0792497582733631
2020-09-15T13:02:32Z,0.1860946286469698
2020-09-15T17:53:57Z,-0.0202545411884784
2020-09-15T20:07:47Z,0.478247806429863
2020-09-15T23:45:11Z,0.3520054761320352
2020-09-16T06:06:02Z,0.0501725180074572
2020-09-16T07:05:54Z,0.4748623967170715
2020-09-16T13:55:33Z,-0.0459920018911361
2020-09-16T14:51:41Z,0.8562913611531258
2020-09-16T17:49:01Z,0.0316709149628877
2020-09-16T19:10:37Z,0.063776952214539
2020-09-16T19:11:28Z,0.0072501711547374
2020-09-16T19:49:03Z,-0.9186577778309584
2020-09-16T22:21:48Z,-0.1016892418265342
2020-09-17T01:49:59Z,-0.1288328059017658
2020-09-17T07:05:19Z,0.1286493586376309
2020-09-17T08:01:55Z,0.8617298034951091
2020-09-17T08:43:04Z,0.0691919019445777
2020-09-17T17:09:02Z,0.0927470251917839
2020-09-17T19:58:06Z,0.1103182276710867
2020-09-18T08:59:30Z,-0.0012344755232334
2020-09-18T11:32:20Z,-0.6234364993870258
2020-09-18T11:33:00Z,-0.4974310584366321
2020-09-18T11:34:39Z,-0.1491534039378166
2020-09-18T11:42:11Z,-0.8248683754354715
2020-09-18T12:15:42Z,0.4410322001203894
2020-09-18T15:03:28Z,0.0184225626289844
2020-09-18T15:09:11Z,-0.3140631727874279
2020-09-19T14:20:22Z,-0.6419900357723236
2020-09-20T04:50:21Z,0.8280681315809488
2020-09-21T12:47:39Z,-0.0446941293776035
2020-09-21T13:03:10Z,0.1404881794005632
2020-09-21T13:31:57Z,0.1226474195718765
2020-09-21T13:50:02Z,0.0792417060583829
2020-09-21T14:21:03Z,-0.9325982332229614
2020-09-21T16:09:15Z,0.2913183867931366
2020-09-21T18:32:45Z,-0.9563323901966214
2020-09-22T12:40:22Z,0.0244188979268074
2020-09-22T14:51:06Z,0.2053999751806259
2020-09-22T16:07:06Z,0.1612348333001136
2020-09-22T19:05:50Z,0.0325126880779862
2020-09-22T19:11:37Z,0.9240399412810802
2020-09-22T20:23:16Z,0.2188560189679265
2020-09-23T03:52:03Z,0.3558895466849208
2020-09-23T19:53:41Z,-0.9445808967575432
2020-09-24T05:57:18Z,-0.8996677082031965
2020-09-24T07:47:54Z,-0.8868031483143568
2020-09-24T17:25:13Z,-0.4997188337147236
2020-09-24T17:40:42Z,0.0854294262826442
2020-09-24T17:43:15Z,0.0422553643584251
2020-09-25T01:35:01Z,0.1989804608747363
2020-09-25T02:23:15Z,0.9103839676827192
2020-09-27T18:46:12Z,-0.2043750509619712
2020-09-27T23:20:03Z,0.0445051696151495
2020-09-28T15:34:21Z,0.9005225151777267
2020-09-29T04:52:51Z,-0.94564510602504
2020-09-29T14:35:29Z,0.0300114452838897
2020-09-29T21:06:19Z,-0.6647001206874847
2020-09-29T21:07:08Z,0.9264818802475928
2020-09-29T21:21:57Z,-0.9545227703638376
2020-09-30T06:23:53Z,-0.9553777696564794
2020-09-30T12:01:21Z,0.0007180869579315
2020-09-30T15:02:14Z,0.5788622461259365
2020-09-30T15:39:13Z,-0.0042635351419448
2020-09-30T19:50:38Z,0.1579344617202878
2020-10-02T02:26:09Z,0.0198155911639332
2020-10-02T05:54:27Z,-0.9273223178461194
2020-10-02T11:16:12Z,0.6859195530414581
2020-10-02T15:30:02Z,0.1660799197852611
2020-10-02T16:56:04Z,0.0164144858717918
2020-10-03T19:35:47Z,0.0111689139157533
2020-10-04T20:30:28Z,0.0252234768122434
2020-10-06T11:04:07Z,0.8799166474491358
2020-10-06T14:31:20Z,-0.7830802425742149
2020-10-07T09:05:07Z,-0.9331978987902404
2020-10-07T09:46:58Z,0.0178942587226629
2020-10-07T12:32:13Z,0.3301645535975694
2020-10-07T15:11:12Z,-0.9106636103242636
2020-10-07T15:19:51Z,0.0434716418385505
2020-10-07T18:09:34Z,0.1654098182916641
2020-10-08T01:42:03Z,0.8183165723457932
2020-10-08T10:21:22Z,0.1348564038053155
2020-10-08T18:02:07Z,0.6938496064394712
2020-10-08T19:46:32Z,0.1037604510784149
2020-10-08T21:26:00Z,0.1406624261289835
2020-10-08T21:50:08Z,-0.6037095990031958
2020-10-09T06:06:53Z,-0.0959987342357635
2020-10-09T08:09:40Z,-0.1203801929950714
2020-10-09T11:42:21Z,-0.0971424989402294
2020-10-09T14:00:51Z,-0.0180163867771625
2020-10-09T19:32:36Z,0.0235296450555324
2020-10-10T15:27:10Z,0.0706527177244424
2020-10-12T14:27:16Z,0.0761176999658346
2020-10-13T04:21:52Z,0.505996429361403
2020-10-13T08:04:23Z,0.7546756160445511
2020-10-13T16:40:25Z,0.9034630432724952
2020-10-13T17:19:34Z,-0.8382312078028917
2020-10-13T20:06:26Z,0.0598250478506088
2020-10-14T07:12:36Z,0.9200656665489078
2020-10-14T10:51:23Z,0.3486892199143767
2020-10-14T12:31:40Z,0.021768370643258
2020-10-14T14:01:08Z,-0.5361676421016455
2020-10-14T19:37:25Z,0.3976783277466893
2020-10-14T21:24:57Z,0.4079315960407257
2020-10-14T21:52:09Z,-0.3549889679998159
2020-10-15T10:07:45Z,0.6976815164089203
2020-10-15T21:31:56Z,0.1822394356131553
2020-10-16T02:06:09Z,-0.0533225536346435
2020-10-16T02:57:28Z,0.1285531483590603
2020-10-19T18:32:03Z,0.7896812283433974
2020-10-20T13:01:18Z,0.8350170999765396
2020-10-20T15:59:50Z,-0.0117519106715917
2020-10-20T16:05:15Z,-0.8901871182024479
2020-10-20T16:25:29Z,0.6840384900569916
2020-10-20T16:40:29Z,0.1080884523689746
2020-10-20T19:58:44Z,0.8976508155465126
2020-10-21T08:43:21Z,0.0498867686837911
2020-10-21T12:08:05Z,0.2990508144721389
2020-10-21T15:27:44Z,-0.9567104540765284
2020-10-22T10:11:13Z,0.8647733125835657
2020-10-22T13:54:18Z,0.0213372223079204
2020-10-22T15:02:14Z,0.8269775221124291
2020-10-23T11:53:41Z,0.0502350823953747
2020-10-23T12:15:21Z,0.1465788260102272
2020-10-23T16:27:21Z,0.8446132633835077
2020-10-23T19:56:30Z,0.0556620080024004
2020-10-25T12:45:42Z,0.0130792055279016
2020-10-25T13:21:18Z,0.0172495283186435
2020-10-26T13:21:21Z,0.3246482014656067
2020-10-26T14:04:12Z,-0.0305961109697818
2020-10-26T14:23:50Z,0.0879440288990736
2020-10-26T16:20:53Z,0.010205503553152
2020-10-26T18:11:24Z,-0.8250054623931646
2020-10-27T08:18:00Z,-0.0480760261416435
2020-10-27T08:45:34Z,-0.0234887972474098
2020-10-27T09:38:51Z,-0.704611599445343
2020-10-27T12:26:24Z,0.0344042759388685
2020-10-27T14:31:38Z,-0.0770120080560445
2020-10-27T14:41:45Z,0.0227546468377113
2020-10-27T17:28:17Z,-0.0115489996969699
2020-10-27T20:05:03Z,0.1065006516873836
2020-10-27T20:34:59Z,0.4701026016846299
2020-10-27T22:18:59Z,0.0672246348112821
2020-10-28T03:24:11Z,-0.3433454800397157
2020-10-28T04:55:55Z,0.5532789593562484
2020-10-28T05:44:32Z,0.5225713737308979
2020-10-28T07:35:25Z,-0.9662196766585112
2020-10-28T08:43:33Z,-0.0159955397248268
2020-10-28T08:53:24Z,0.7733327280730009
2020-10-28T09:02:30Z,0.7555232532322407
2020-10-28T10:02:11Z,-0.9388091061264277
2020-10-28T11:03:14Z,0.0543968435376882
2020-10-28T12:02:01Z,0.7982043921947479
2020-10-28T13:23:20Z,0.8740492351353168
2020-10-28T13:37:25Z,-0.1147931292653083
2020-10-28T16:12:01Z,-0.5398342665284872
2020-10-28T16:54:00Z,0.9263075571507215
2020-10-28T19:24:23Z,0.9049187526106834
2020-10-29T09:06:02Z,0.0399620290845632
2020-10-29T11:45:24Z,0.8386953193694353
2020-10-29T16:00:44Z,0.7329270076006651
2020-10-30T08:11:53Z,0.0547531582415103
2020-10-30T19:55:08Z,-0.7205624729394913
2020-11-02T07:15:43Z,0.0358396638184785
2020-11-02T14:15:37Z,0.8969367640092969
2020-11-02T16:48:10Z,0.1725404784083366
2020-11-03T07:36:02Z,0.0578594654798507
2020-11-03T16:50:16Z,-0.0842580627650022
2020-11-04T14:37:07Z,0.0213372223079204
2020-11-04T16:27:15Z,0.0035080928355455
2020-11-05T07:58:31Z,0.1425035670399665
2020-11-05T10:00:45Z,0.8753168946132064
2020-11-05T10:49:05Z,0.5296279937028885
2020-11-05T11:01:00Z,0.8071997985243797
2020-11-05T14:40:13Z,-0.017758622765541
2020-11-05T15:28:28Z,-0.5068367142230272
2020-11-06T07:56:34Z,0.2643359368667006
2020-11-06T10:29:04Z,0.3319135494530201
2020-11-08T16:44:18Z,0.0088627263903617
2020-11-08T20:09:04Z,-0.5137988328933716
2020-11-08T20:37:09Z,0.3002625433728099
2020-11-09T17:31:43Z,-0.1109368205070495
2020-11-09T17:46:40Z,0.2030543033033609
2020-11-10T11:58:16Z,-0.0199262984097003
2020-11-10T18:36:51Z,-0.7283664979040623
2020-11-10T19:20:24Z,0.134550429880619
2020-11-11T09:50:54Z,0.1106823477894067
2020-11-11T13:27:08Z,0.0362842995673418
2020-11-11T15:08:06Z,0.0699371118098497
2020-11-12T05:55:26Z,0.9040906373411416
2020-11-12T16:05:25Z,0.1528460141271352
2020-11-12T17:38:06Z,-0.8546767123043537
2020-11-12T20:15:56Z,0.5648507224395871
2020-11-13T03:56:13Z,-0.4138013012707233
2020-11-13T08:15:57Z,-0.9613534808158876
2020-11-13T12:22:47Z,0.0797758353874087
2020-11-13T18:09:10Z,0.4513850696384907
2020-11-14T22:15:34Z,0.1021195612847805
2020-11-16T05:00:58Z,0.9272633185610176
2020-11-16T16:28:16Z,0.0052252002060413
2020-11-16T17:12:45Z,0.129510941915214
2020-11-16T17:37:09Z,-0.4483296275138855
2020-11-16T20:19:37Z,0.1502334717661142
2020-11-16T21:30:40Z,0.1199951190501451
2020-11-17T16:51:32Z,0.0978708174079656
2020-11-17T17:52:55Z,-0.8546767123043537
2020-11-17T19:35:06Z,0.1172286318615078
2020-11-17T23:20:39Z,0.8863740782253444
2020-11-18T15:29:27Z,0.5361776603385806
2020-11-18T18:04:52Z,-0.0311973970383405
2020-11-19T05:04:06Z,-0.6406562253832817
2020-11-19T14:47:02Z,-0.368357690051198
2020-11-19T19:02:17Z,-0.4483296275138855
2020-11-20T16:46:22Z,0.2585226846858859
2020-11-20T17:41:55Z,-0.4483296275138855
2020-11-20T21:37:38Z,0.0240699145942926
2020-11-22T16:10:34Z,-0.9626780273392797
2020-11-23T03:02:56Z,0.2237869314849376
2020-11-23T05:27:15Z,0.8879136210307479
2020-11-23T07:44:14Z,0.8881216738373041
2020-11-23T16:11:10Z,0.0524698551744222
2020-11-23T17:36:32Z,-0.8546767123043537
2020-11-24T09:59:38Z,0.350857175886631
2020-11-24T11:18:20Z,0.7157532218843699
2020-11-24T14:51:37Z,-0.5624984111636877
2020-11-24T15:30:47Z,-0.1249894890934228
2020-11-24T17:37:07Z,-0.8546767123043537
2020-11-24T18:35:46Z,0.0496747121214866
2020-11-25T07:50:47Z,0.1185205429792404
2020-11-25T12:34:06Z,0.6406349297612906
2020-11-25T17:40:09Z,0.4328333521261811
2020-11-25T17:45:08Z,-0.8546767123043537
2020-11-25T18:36:21Z,0.0557864736765623
2020-11-27T17:52:41Z,-0.4483296275138855
2020-11-27T17:54:54Z,0.0443083904683589
2020-11-28T19:37:04Z,0.0436178054660558
2020-11-30T17:05:45Z,0.196082018315792
2020-11-30T17:38:54Z,-0.8546767123043537
2020-11-30T17:41:50Z,0.0235296450555324
2020-12-01T06:05:57Z,0.1267483690753579
2020-12-01T16:40:18Z,0.1772954305633902
2020-12-01T17:51:00Z,-0.0103403329849243
2020-12-01T19:28:13Z,-0.8546767123043537
2020-12-02T02:34:48Z,0.7719142846763134
2020-12-02T13:36:59Z,0.6144226500764489
2020-12-02T14:37:02Z,0.0213372223079204
2020-12-02T15:49:10Z,-0.3380777835845947
2020-12-02T15:58:23Z,-0.0057827178388834
2020-12-02T16:22:13Z,0.8864136431366205
2020-12-02T17:41:06Z,-0.8546767123043537
2020-12-02T21:36:25Z,0.0212815254926681
2020-12-03T06:00:17Z,-0.379098005592823
2020-12-03T06:20:04Z,-0.9551695771515368
2020-12-03T11:30:29Z,0.0678662071004509
2020-12-03T14:21:21Z,0.0482607968151569
2020-12-03T16:45:28Z,0.918253792449832
2020-12-03T17:01:21Z,0.033850947394967
2020-12-04T09:58:28Z,0.8914385549724102
2020-12-04T17:33:02Z,0.7567286109551787
2020-12-05T16:40:35Z,-0.3852314762771129
2020-12-06T15:43:49Z,0.9035876654088496
2020-12-07T08:01:35Z,0.0869345096871256
2020-12-07T17:49:59Z,-0.8546767123043537
2020-12-07T18:59:18Z,0.0999100860208273
2020-12-08T06:36:41Z,0.7619695300236344
2020-12-08T14:01:14Z,0.6328153759241104
2020-12-08T16:48:09Z,0.0646960055455565
2020-12-08T18:00:05Z,-0.8546767123043537
2020-12-08T19:41:43Z,0.5308500919491053
2020-12-08T21:35:28Z,-0.9649778688326478
2020-12-09T07:04:25Z,-0.9606179581023752
2020-12-09T08:03:59Z,0.0417388062924146
2020-12-09T09:56:17Z,-0.385975144803524
2020-12-09T17:03:36Z,0.0812902934849262
2020-12-09T19:20:06Z,0.0235296450555324
2020-12-10T11:43:03Z,0.9001239966601133
2020-12-10T12:20:03Z,0.8933759080246091
2020-12-10T14:20:12Z,-0.2886739447712898
2020-12-10T17:14:38Z,-0.5555695630609989
2020-12-10T18:47:54Z,-0.4483296275138855
2020-12-11T08:08:20Z,0.0600637607276439
2020-12-11T15:01:46Z,0.9141821041703224
2020-12-11T17:23:39Z,0.0457669831812381
2020-12-11T17:36:46Z,0.7838789853267372
2020-12-11T17:55:08Z,-0.8546767123043537
2020-12-11T19:33:26Z,0.0523141752928495
2020-12-14T04:35:14Z,0.0252298340201377
2020-12-14T12:11:13Z,-0.0770120080560445
2020-12-14T13:19:09Z,-0.9609654219821095
2020-12-14T15:03:33Z,0.0019243564456701
2020-12-14T17:21:52Z,-0.0065962951630353
2020-12-14T17:32:31Z,0.8267981521785259
2020-12-14T20:06:10Z,0.6531116552650928
2020-12-15T04:08:30Z,-0.7768248002976179
2020-12-15T17:06:40Z,0.8863120786845684
2020-12-15T19:32:48Z,0.0303280092775821
2020-12-15T21:20:11Z,0.666364386677742
2020-12-16T05:39:45Z,0.0411651246249675
2020-12-16T10:49:27Z,-0.9371210774406792
2020-12-16T13:55:53Z,0.5235557500272989
2020-12-16T14:32:06Z,-0.0540978014469146
2020-12-16T17:16:03Z,0.0787627398967742
2020-12-16T17:44:50Z,-0.3000043109059334
2020-12-16T17:47:50Z,-0.8546767123043537
2020-12-16T18:02:14Z,-0.9039911720901728
2020-12-17T11:54:58Z,0.2066434030421078
2020-12-17T17:38:19Z,-0.8546767123043537
2020-12-17T22:26:14Z,0.1424030289053917
2020-12-18T02:13:20Z,-0.9483056776225568
2020-12-18T05:47:01Z,-0.9173574959859252
2020-12-18T12:37:01Z,-0.8572961632162333
2020-12-18T15:36:25Z,-0.9411903060972692
2020-12-18T17:36:47Z,-0.8546767123043537
2020-12-18T20:30:32Z,0.0745261088013649
2020-12-18T21:13:20Z,-0.8886367436498404
2020-12-20T19:30:42Z,-0.0129915513098239
2020-12-20T21:43:38Z,-0.0024021081626415
2020-12-21T09:31:29Z,0.1841381164267659
2020-12-21T12:04:51Z,0.8714675195515156
2020-12-21T13:07:39Z,-0.1186727881431579
2020-12-21T15:07:10Z,-0.5340485516935587
2020-12-21T17:40:38Z,-0.4483296275138855
2020-12-21T21:52:09Z,-0.0142314061522483
2020-12-22T05:15:48Z,-0.04818831756711
2020-12-22T17:44:44Z,-0.4483296275138855
2020-12-23T16:15:07Z,0.0262692710384726
2020-12-23T17:11:06Z,0.0082050133496522
2020-12-23T18:36:52Z,0.1584473233669996
2020-12-24T12:35:43Z,-0.6742810998111963
2020-12-24T14:35:38Z,0.0951001411303877
2020-12-26T18:39:48Z,0.7024221159517765
2020-12-28T15:28:27Z,-0.0019641928374767
2020-12-29T13:52:01Z,0.1498055327683687
2020-12-29T17:59:52Z,-0.4483296275138855
2020-12-29T21:07:24Z,0.1074618548154831
2020-12-30T17:38:16Z,-0.4483296275138855
2020-12-30T17:44:15Z,0.7615462066605687
2020-12-30T22:39:41Z,0.0647253356873989
2020-12-31T19:28:17Z,-0.4031210336834192
2020-12-31T19:44:59Z,0.0320943314582109
2021-01-03T16:06:22Z,0.3759711282327771
2021-01-04T11:02:59Z,-0.3885946273803711
2021-01-04T20:58:21Z,0.0048302914947271
2021-01-04T22:29:47Z,0.7204005029052496
2021-01-05T07:44:50Z,0.0689841136336326
2021-01-05T08:30:12Z,0.0771029461175203
2021-01-05T17:48:18Z,-0.4483296275138855
2021-01-05T20:31:25Z,0.0740485563874244
2021-01-06T17:37:27Z,-0.8546767123043537
2021-01-07T05:19:33Z,-0.870979250408709
2021-01-07T15:32:40Z,0.0213372223079204
2021-01-07T17:36:28Z,-0.8546767123043537
2021-01-07T22:17:18Z,-0.4403136521577835
2021-01-08T12:45:45Z,0.1041026376187801
2021-01-11T12:50:33Z,-0.0251959059387445
2021-01-11T17:42:27Z,-0.4483296275138855
2021-01-11T21:47:22Z,-0.6316690966486931
2021-01-12T16:13:57Z,0.0322185475379228
2021-01-12T16:44:53Z,-0.8514071386307478
2021-01-12T17:24:39Z,-0.8477917797863483
2021-01-12T21:07:46Z,-0.0300372708588838
2021-01-13T14:38:03Z,0.0746534625068306
2021-01-13T17:35:36Z,-0.8546767123043537
2021-01-14T21:23:55Z,0.1350916791707277
2021-01-15T08:59:19Z,0.0533300125971436
2021-01-15T09:24:16Z,0.4927512751892209
2021-01-15T11:05:06Z,-0.0969417653977871
2021-01-15T17:40:39Z,-0.4483296275138855
2021-01-19T14:07:47Z,0.7327789794653654
2021-01-19T14:38:46Z,-0.0015890412032604
2021-01-19T17:12:38Z,-0.084417700767517
2021-01-19T17:26:30Z,0.0130609404295682
2021-01-19T17:39:33Z,-0.4483296275138855
2021-01-19T17:40:44Z,-0.0114943385124206
2021-01-19T22:11:40Z,0.1499157855287194
2021-01-20T14:41:13Z,-0.0572556927800178
2021-01-20T16:18:06Z,-0.1684749983251094
2021-01-20T17:38:45Z,-0.4483296275138855
2021-01-21T18:10:26Z,0.1752744745463132
2021-01-21T20:07:08Z,0.0735265174880623
2021-01-22T11:25:38Z,0.4018078986555338
2021-01-22T14:02:24Z,0.8053964991122484
2021-01-22T15:03:51Z,-0.6218719091266394
2021-01-22T15:36:38Z,-0.0572556927800178
2021-01-22T16:55:47Z,0.2624605791643262
2021-01-22T17:39:49Z,-0.8546767123043537
2021-01-22T20:55:32Z,0.9311616495251656
2021-01-22T21:35:29Z,0.3025546669960022
2021-01-24T15:42:51Z,0.0020748637616634
2021-01-24T19:23:10Z,0.9323079967871308
2021-01-24T20:12:04Z,0.0052728075534105
2021-01-24T22:06:11Z,-0.0129657462239265
2021-01-25T03:03:41Z,-0.944025225006044
2021-01-25T10:53:17Z,-0.9299072539433836
2021-01-25T13:23:04Z,0.0273291431367397
2021-01-25T15:04:53Z,-0.0588420331478118
2021-01-25T16:35:46Z,-0.0168976075947284
2021-01-25T17:13:44Z,-0.4253766983747482
2021-01-25T17:37:08Z,-0.8546767123043537
2021-01-25T20:11:02Z,-0.2692913115024566
2021-01-26T09:05:36Z,-0.0648735985159874
2021-01-26T09:53:18Z,-0.0674586929380893
2021-01-26T11:03:47Z,-0.9338339753448964
2021-01-26T13:34:59Z,0.0314433090388774
2021-01-26T14:52:30Z,0.1364011708647012
2021-01-26T15:10:59Z,0.1276030540466308
2021-01-26T17:02:35Z,0.0641194768249988
2021-01-26T17:07:53Z,0.7445014864206314
2021-01-26T17:11:32Z,0.4502577725797891
2021-01-26T18:43:46Z,-0.8546767123043537
2021-01-26T21:02:32Z,0.0589459240436553
2021-01-26T21:30:09Z,0.842331912368536
2021-01-26T21:47:13Z,0.0573882013559341
2021-01-26T22:09:36Z,-0.4219090119004249
2021-01-27T06:54:51Z,0.9142956887371838
2021-01-27T09:36:51Z,-0.0842665042728185
2021-01-27T10:21:17Z,0.7874231692403555
2021-01-27T11:08:28Z,-0.1416184604167938
2021-01-27T11:42:02Z,0.8883245624601841
2021-01-27T12:02:39Z,-0.0424428880214691
2021-01-27T13:10:15Z,0.8402527458965778
2021-01-27T13:15:10Z,0.2673162072896957
2021-01-27T13:17:22Z,0.1240775967016816
2021-01-27T13:19:05Z,-0.1147931292653083
2021-01-27T13:46:19Z,0.8686685524880886
2021-01-27T14:22:17Z,0.0149634853005409
2021-01-27T14:24:06Z,0.8986840061843395
2021-01-27T15:07:01Z,0.1919871717691421
2021-01-27T15:15:09Z,0.1789041627198457
2021-01-27T17:00:43Z,-0.3645998835563659
2021-01-27T17:21:44Z,0.5814639646559954
2021-01-27T17:25:07Z,0.7052273713052273
2021-01-27T17:26:53Z,0.7554276939481497
2021-01-27T17:29:51Z,0.8939209617674351
2021-01-27T17:32:53Z,0.8590706959366798
2021-01-27T17:37:57Z,0.8237509876489639
2021-01-27T17:41:18Z,-0.4483296275138855
2021-01-27T17:44:45Z,0.5423401882871985
2021-01-27T18:07:00Z,0.0026050135493278
2021-01-27T19:33:45Z,-0.0319399647414684
2021-01-27T20:15:45Z,-0.8996463883668184
2021-01-27T21:12:28Z,0.0796742253005504
2021-01-27T23:49:28Z,0.2448633983731269
2021-01-28T14:05:18Z,0.1356276394799351
2021-01-28T15:39:29Z,0.0761176999658346
2021-01-28T17:15:57Z,-0.1003762707114219
2021-01-28T17:38:06Z,-0.8546767123043537
2021-01-28T18:11:26Z,0.5163858868181705
2021-01-29T18:10:24Z,0.0495271831750869
2021-01-29T22:06:18Z,-0.0055284760892391
2021-01-30T16:47:53Z,0.0100019443780183
2021-01-31T10:24:27Z,0.004520371556282
2021-01-31T12:31:42Z,0.0277814995497465
2021-02-01T13:53:00Z,0.6573914047330618
2021-02-01T17:23:01Z,0.9123599361628294
2021-02-01T18:17:50Z,-0.8546767123043537
2021-02-01T20:07:06Z,0.1268792990595102
2021-02-01T22:05:44Z,0.7631009258329868
2021-02-02T10:28:51Z,-0.0712726563215255
2021-02-02T21:50:26Z,0.9154962468892336
2021-02-03T06:36:30Z,0.0256773885339498
2021-02-03T07:59:57Z,0.9327540462836624
2021-02-03T17:26:45Z,0.1919871717691421
2021-02-03T17:37:42Z,-0.4483296275138855
2021-02-03T18:42:47Z,0.2355877803638577
2021-02-03T19:14:13Z,0.5629027532413602
2021-02-03T19:54:51Z,-0.9638033853843808
2021-02-03T21:37:10Z,-0.1954258773475885
2021-02-04T16:33:10Z,-0.1751043368130922
2021-02-04T17:06:16Z,-0.9562946916557848
2021-02-05T11:20:39Z,0.0678397174924612
2021-02-06T16:28:02Z,0.020133102312684
2021-02-08T21:50:04Z,0.9271425362676382
2021-02-09T05:17:41Z,0.0798331461846828
2021-02-09T10:07:44Z,0.040320761501789
2021-02-09T14:37:13Z,0.9175775777548552
2021-02-09T20:31:22Z,-0.7153933495283127
2021-02-10T15:23:13Z,0.1919871717691421
2021-02-10T17:43:03Z,-0.4483296275138855
2021-02-10T19:53:44Z,-0.0452606584876775
2021-02-11T03:54:58Z,0.0378650985658168
2021-02-11T11:30:25Z,0.9233660968020558
2021-02-11T14:26:47Z,-0.0383243393152952
2021-02-11T17:15:20Z,0.2024020999670028
2021-02-11T18:02:15Z,-0.220176376402378
2021-02-12T11:42:42Z,0.055248805321753
2021-02-12T12:51:07Z,0.063353206962347
2021-02-12T17:30:01Z,0.1523996414616704
2021-02-12T17:56:17Z,-0.9478832567110658
2021-02-13T12:31:34Z,0.0173221919685602
2021-02-14T15:55:10Z,0.7654602555558085
2021-02-16T13:32:46Z,0.8994273226708174
2021-02-16T15:27:54Z,-0.0019641928374767
2021-02-16T15:56:54Z,0.0054607931524515
2021-02-16T17:25:00Z,0.0297338627278804
2021-02-16T21:37:09Z,0.099674891680479
2021-02-17T05:50:59Z,-0.2547141686081886
2021-02-17T12:31:34Z,-0.8380450420081615
2021-02-17T16:14:06Z,-0.943054087460041
2021-02-17T17:19:16Z,-0.9394320473074912
2021-02-17T17:26:04Z,0.2680813111364841
2021-02-17T17:37:18Z,-0.8546767123043537
2021-02-17T19:44:10Z,0.088647972792387
2021-02-17T21:45:08Z,0.0365405064076185
2021-02-17T23:40:16Z,-0.0064268335700035
2021-02-18T11:10:15Z,0.2024028273299336
2021-02-18T18:25:23Z,-0.0057715363800525
2021-02-18T18:28:25Z,0.045073814690113
2021-02-18T22:25:44Z,0.2272090278565883
2021-02-19T10:51:31Z,-0.0008363146334886
2021-02-19T12:27:47Z,-0.4213225990533829
2021-02-19T13:11:25Z,0.1301936563104391
2021-02-19T16:06:13Z,-0.6694273576140404
2021-02-19T16:11:19Z,0.8559288345277309
2021-02-19T16:34:29Z,0.6865095496177673
2021-02-19T17:13:15Z,0.1010758522897958
2021-02-19T18:44:20Z,-0.2686339728534221
2021-02-19T18:45:34Z,0.0975717902183532
2021-02-21T12:13:05Z,-0.0074417069554328
2021-02-22T15:34:21Z,0.196082018315792
2021-02-22T17:38:14Z,-0.8546767123043537
2021-02-23T09:55:18Z,0.1138080060482025
2021-02-23T15:19:29Z,-0.6580051854252815
2021-02-23T17:36:12Z,-0.4483296275138855
2021-02-23T18:25:01Z,-0.0293083861470222
2021-02-23T19:07:39Z,-0.0548272654414176
2021-02-23T19:33:28Z,-0.1929226815700531
2021-02-24T16:16:40Z,0.1780852861702442
2021-02-24T18:38:43Z,0.8939674673601985
2021-02-24T23:50:29Z,0.0576759288087487
2021-02-25T10:40:51Z,0.0957744838669896
2021-02-25T17:45:01Z,-0.4483296275138855
2021-02-26T15:41:03Z,-0.527430459856987
2021-02-26T18:37:40Z,0.0550142228603363
2021-02-27T15:28:10Z,0.0074430331587791
2021-03-01T12:43:50Z,0.0804436830803752
2021-03-01T12:58:08Z,0.0143192615360021
2021-03-01T14:26:09Z,0.4104910083115101
2021-03-01T17:36:56Z,-0.4483296275138855
2021-03-01T18:33:14Z,0.0990446228533983
2021-03-02T17:07:30Z,-0.3507794700562954
2021-03-02T17:47:51Z,-0.8546767123043537
2021-03-02T22:58:59Z,0.063501052558422
2021-03-03T12:47:58Z,-0.6145279910415411
2021-03-03T17:17:27Z,0.0533086033537983
2021-03-03T17:52:11Z,-0.8546767123043537
2021-03-03T20:33:11Z,0.1870632730424404
2021-03-04T04:09:24Z,0.0390944257378578
2021-03-04T07:48:46Z,0.6611379431560636
2021-03-04T14:01:51Z,0.2842600252479315
2021-03-04T15:36:08Z,-0.0572556927800178
2021-03-04T17:48:20Z,-0.8546767123043537
2021-03-05T07:25:52Z,0.3498709332197904
2021-03-05T11:19:21Z,-0.2582819238305092
2021-03-05T13:34:44Z,0.8367796465754509
2021-03-05T16:23:45Z,0.1309502758085727
2021-03-05T17:22:26Z,0.7693895660340786
2021-03-05T18:20:30Z,-0.929253582842648
2021-03-05T18:39:21Z,0.2158214077353477
2021-03-06T16:33:16Z,-0.9213364254683256
2021-03-07T12:19:30Z,0.0199809372425079
2021-03-07T22:46:07Z,0.0190560799092054
2021-03-08T02:30:16Z,-0.0427630953490734
2021-03-08T07:23:46Z,0.2018366111442446
2021-03-08T10:13:04Z,0.2481226027011871
2021-03-08T10:34:13Z,0.661467676050961
2021-03-08T14:08:48Z,0.3996914383023977
2021-03-08T15:18:44Z,-0.2339995689690113
2021-03-08T16:24:21Z,0.0522448122501373
2021-03-09T02:37:56Z,0.2571195811033249
2021-03-09T10:54:54Z,-0.9170577162876724
2021-03-09T15:09:34Z,0.2767295641824603
2021-03-10T07:20:45Z,-0.003720074892044
2021-03-10T08:15:11Z,0.1236480185762047
2021-03-10T14:18:45Z,-0.8848882168531418
2021-03-10T15:00:43Z,0.0633294051513075
2021-03-10T19:53:11Z,-0.1480177976191043
2021-03-11T08:50:46Z,-0.0011507868766784
2021-03-11T17:53:51Z,-0.4483296275138855
2021-03-11T22:39:22Z,-0.001927301287651
2021-03-12T15:30:15Z,-0.0938128866255283
2021-03-12T17:05:27Z,0.0679203569889068
2021-03-12T17:15:15Z,0.9273769110441208
2021-03-12T18:45:06Z,-0.4483296275138855
2021-03-13T16:45:50Z,0.2247930206358432
2021-03-15T08:15:21Z,0.1935050329193473
2021-03-15T12:16:08Z,0.0087434910237789
2021-03-15T15:19:59Z,0.513362467288971
2021-03-15T15:24:18Z,0.5215728022158146
2021-03-15T15:57:11Z,0.2479289653711021
2021-03-15T18:38:55Z,-0.0051028616726398
2021-03-15T19:34:58Z,0.2801786428317427
2021-03-15T19:45:32Z,-0.4496296644210815
2021-03-16T08:25:14Z,-0.0501249134540557
2021-03-16T12:28:25Z,0.9098359243944288
2021-03-16T13:12:55Z,0.0297813788056373
2021-03-16T16:37:25Z,-0.8546767123043537
2021-03-16T16:41:47Z,-0.375415027141571
2021-03-16T16:52:24Z,-0.7628349512815475
2021-03-16T16:58:39Z,-0.9556519957259296
2021-03-16T20:06:15Z,-0.5241038352251053
2021-03-16T20:21:48Z,-0.0964154973626136
2021-03-17T06:37:35Z,-0.0361720938235521
2021-03-17T13:20:49Z,-0.0209550596773624
2021-03-17T20:11:08Z,0.8393568731844425
2021-03-18T08:25:57Z,0.8936857809312642
2021-03-18T08:42:51Z,0.0367817319929599
2021-03-18T16:05:11Z,0.3182574082165956
2021-03-18T17:15:11Z,-0.8546767123043537
2021-03-19T16:16:51Z,0.4114664196968078
2021-03-19T16:53:33Z,0.8028443148359656
2021-03-22T10:19:55Z,-0.0533717311918735
2021-03-22T16:03:04Z,0.877689566463232
2021-03-22T16:47:51Z,-0.4483296275138855
2021-03-23T04:05:23Z,0.0592224290594458
2021-03-23T08:51:31Z,-0.0622449517250061
2021-03-23T10:18:58Z,-0.9464436154812574
2021-03-23T12:01:03Z,0.0207085944712162
2021-03-23T12:43:37Z,0.8429649574682117
2021-03-23T13:30:08Z,-0.0365856010466814
2021-03-23T20:12:58Z,-0.2855322174727916
2021-03-23T21:17:24Z,0.3683972489088774
2021-03-24T05:47:21Z,0.0858029769733548
2021-03-24T09:14:58Z,-0.0250742584466934
2021-03-24T13:04:35Z,0.0228709354996681
2021-03-24T13:08:12Z,-0.0371593236923217
2021-03-24T15:06:59Z,0.2940186457708478
2021-03-24T16:37:09Z,-0.4483296275138855
2021-03-25T16:58:42Z,-0.4483296275138855
2021-03-25T20:40:25Z,-0.0706745684146881
2021-03-26T07:24:16Z,0.7304146811366081
2021-03-26T13:28:23Z,-0.2022524289786815
2021-03-26T16:49:06Z,-0.4483296275138855
2021-03-26T22:32:01Z,0.1139339003711938
2021-03-27T13:56:38Z,0.000976201146841
2021-03-28T14:56:13Z,-0.000702554360032
2021-03-29T13:05:50Z,0.0062251146882772
2021-03-29T13:12:23Z,0.7972240345552564
2021-03-29T15:53:08Z,0.0128190703690052
2021-03-29T18:19:20Z,-0.7694156430661678
2021-03-30T16:03:27Z,-0.9611882735043764
2021-03-30T16:17:53Z,-0.1405974254012107
2021-03-30T16:36:50Z,-0.4483296275138855
2021-03-30T20:23:26Z,-0.6355352476239204
2021-03-31T13:40:35Z,-0.0180163867771625
2021-03-31T16:42:36Z,-0.8546767123043537
2021-03-31T17:02:51Z,-0.710152443498373
2021-03-31T19:02:53Z,0.8844347586855292
2021-03-31T19:03:56Z,0.2714997534640133
2021-03-31T19:13:13Z,0.923084370791912
2021-03-31T19:19:39Z,0.904973341152072
2021-03-31T22:23:06Z,0.0644106287509203
2021-04-01T12:40:22Z,0.0247385147958993
2021-04-01T13:04:06Z,0.0023675207048654
2021-04-01T13:06:53Z,-0.0393775589764118
2021-04-01T14:37:42Z,0.010812310501933
2021-04-01T16:39:27Z,-0.8546767123043537
2021-04-04T11:22:35Z,-0.0066707767546176
2021-04-05T14:13:51Z,-0.0180163867771625
2021-04-05T14:19:05Z,0.1622259616851806
2021-04-05T16:57:27Z,-0.8546767123043537
2021-04-06T06:59:43Z,0.0868300311267376
2021-04-06T13:21:52Z,-0.0375756230205297
2021-04-06T15:46:58Z,0.8908847756683826
2021-04-06T16:39:25Z,-0.4483296275138855
2021-04-06T22:16:57Z,0.0215861741453409
2021-04-07T12:11:20Z,-0.8714096676558256
2021-04-07T12:15:12Z,0.0024310201406478
2021-04-07T14:05:18Z,0.7351696379482746
2021-04-07T19:32:35Z,0.0252338647842407
2021-04-07T20:24:57Z,0.0921949557960033
2021-04-08T05:57:37Z,0.0680220881476998
2021-04-08T11:46:58Z,-0.0111060179769992
2021-04-08T11:51:21Z,-0.9079706417396664
2021-04-08T14:25:19Z,0.0331119988113641
2021-04-08T14:37:44Z,0.0441930014640092
2021-04-08T15:13:18Z,0.1803470030426979
2021-04-08T16:32:32Z,0.2297481205314397
2021-04-08T22:11:00Z,-0.0044371969997882
2021-04-08T22:34:10Z,0.0340832434594631
2021-04-09T07:54:16Z,0.1487894523888826
2021-04-09T08:06:46Z,0.0352026894688606
2021-04-09T12:47:48Z,-0.0359399877488613
2021-04-09T14:22:46Z,0.1294368132948875
2021-04-09T15:56:40Z,-0.0787557289004325
2021-04-09T16:13:57Z,-0.5008288007229567
2021-04-09T16:47:04Z,-0.8546767123043537
2021-04-11T16:04:08Z,0.0469650980085134
2021-04-11T17:12:20Z,0.0605009701102972
2021-04-12T03:29:46Z,0.7086331271566451
2021-04-12T08:57:24Z,-0.0290582850575447
2021-04-12T10:00:16Z,-0.6722039133310318
2021-04-12T11:02:10Z,-0.2447116374969482
2021-04-12T11:51:57Z,-0.348505325615406
2021-04-12T12:32:59Z,0.0713361352682113
2021-04-12T12:34:03Z,0.0342972436919808
2021-04-12T12:37:44Z,0.0058806482702493
2021-04-12T13:02:03Z,0.8984659612178802
2021-04-12T13:18:10Z,-0.0357342902570962
2021-04-12T13:30:42Z,0.0398097783327102
2021-04-12T13:56:00Z,0.0227546468377113
2021-04-12T14:16:17Z,-0.9249501470476388
2021-04-12T14:17:39Z,0.1622259616851806
2021-04-12T14:37:50Z,-0.3726867027580738
2021-04-12T15:13:30Z,-0.2896688356995582
2021-04-12T16:00:14Z,-0.4343182295560837
2021-04-12T16:32:23Z,-0.941880462691188
2021-04-12T16:35:24Z,0.2318720212206244
2021-04-12T16:50:52Z,-0.8546767123043537
2021-04-12T18:29:19Z,-0.1303309686481952
2021-04-12T19:00:54Z,-0.95584880374372
2021-04-13T09:18:31Z,0.1364251114428043
2021-04-13T11:58:38Z,-0.0244473032653331
2021-04-13T13:08:44Z,-0.0377407651394605
2021-04-13T13:12:06Z,0.7944470578804612
2021-04-13T14:07:48Z,0.1276030540466308
2021-04-13T14:29:09Z,0.8162225149571896
2021-04-13T14:58:37Z,0.6445244010537863
2021-04-13T15:10:06Z,0.017096085473895
2021-04-13T19:06:21Z,-0.1448438242077827
2021-04-13T19:50:57Z,0.0477933548390865
2021-04-13T20:07:33Z,0.0059359893202781
2021-04-14T05:14:06Z,0.719487264752388
2021-04-14T16:41:58Z,-0.4483296275138855
2021-04-14T16:56:01Z,0.129324946552515
2021-04-14T20:17:38Z,-0.0964154973626136
2021-04-15T10:26:06Z,0.0194238238036632
2021-04-15T13:00:03Z,0.1624827589839697
2021-04-15T14:10:02Z,0.1803470030426979
2021-04-15T14:25:43Z,0.0221186690032482
2021-04-15T16:03:59Z,-0.4502312988042831
2021-04-15T18:54:14Z,0.0108835101127624
2021-04-15T20:54:42Z,0.1659135036170482
2021-04-16T13:41:57Z,0.0499142128974199
2021-04-16T15:59:03Z,0.0235699787735939
2021-04-16T17:04:21Z,-0.4483296275138855
2021-04-16T17:12:46Z,0.1294368132948875
2021-04-16T19:04:31Z,-0.0238710343837738
2021-04-18T21:58:32Z,0.049883559346199
2021-04-19T02:31:50Z,0.8650833936408162
2021-04-19T12:17:03Z,-0.4857294205576181
2021-04-19T14:20:13Z,0.0134206339716911
2021-04-19T14:30:02Z,0.1622259616851806
2021-04-19T14:50:36Z,0.0441930014640092
2021-04-19T16:44:07Z,-0.8242400251328945
2021-04-20T10:22:08Z,0.0091253612190485
2021-04-20T10:50:19Z,-0.8757593594491482
2021-04-20T16:46:05Z,-0.4483296275138855
2021-04-20T17:15:46Z,-0.6526467483490705
2021-04-20T17:42:12Z,0.1199470171704888
2021-04-20T17:42:34Z,0.024624640122056
2021-04-20T18:12:14Z,0.0651692347601056
2021-04-20T20:06:55Z,0.305866664275527
2021-04-21T04:10:30Z,-0.0169509053230285
2021-04-21T13:01:10Z,0.7104308605194092
2021-04-21T14:16:59Z,0.4872791534289717
2021-04-21T14:24:24Z,-0.6437127646058798
2021-04-21T16:39:12Z,-0.4483296275138855
2021-04-21T16:53:00Z,0.9317956957966088
2021-04-21T18:00:39Z,0.0254089143127203
2021-04-21T20:26:57Z,0.0334653258323669
2021-04-21T20:55:26Z,0.1023656893521547
2021-04-21T20:57:29Z,0.1582802701741457
2021-04-22T05:20:48Z,0.0425241459161043
2021-04-22T09:03:05Z,-0.2745043188333511
2021-04-22T14:19:25Z,0.1803470030426979
2021-04-22T15:20:45Z,0.0832546278834343
2021-04-22T15:28:07Z,-0.9339576065540314
2021-04-22T15:56:57Z,0.3521243147552013
2021-04-22T18:22:41Z,0.1095034154132008
2021-04-23T08:52:12Z,0.0264295535162091
2021-04-23T10:49:55Z,0.6405155304819345
2021-04-23T13:00:09Z,0.2451640972867608
2021-04-23T14:12:18Z,-0.1069288067519664
2021-04-23T14:12:20Z,-0.549404863268137
2021-04-23T14:18:43Z,0.0243487488478422
2021-04-23T16:35:36Z,-0.8546767123043537
2021-04-23T16:42:04Z,0.9284905102103947
2021-04-23T16:44:10Z,0.6471652872860432
2021-04-23T20:34:00Z,0.0402240566909313
2021-04-26T03:24:11Z,0.0206819325685501
2021-04-26T10:55:16Z,0.0190560799092054
2021-04-26T12:29:01Z,0.0303093791007995
2021-04-26T13:04:19Z,0.0984310377389192
2021-04-26T14:18:55Z,0.1622259616851806
2021-04-26T14:30:02Z,-0.0227360762655735
2021-04-26T14:34:34Z,0.4487417861819267
2021-04-26T14:41:06Z,0.173952804878354
2021-04-26T16:51:54Z,-0.8518190123140812
2021-04-26T16:56:12Z,-0.8546767123043537
2021-04-26T18:15:00Z,0.0979556199163198
2021-04-26T18:29:25Z,0.1164823658764362
2021-04-26T18:35:47Z,0.84248973056674
2021-04-26T20:28:30Z,0.5025324039161205
2021-04-27T08:04:55Z,-0.0576984025537967
2021-04-27T10:32:40Z,-0.9317659651860596
2021-04-27T12:21:06Z,0.9214785415679216
2021-04-27T14:45:54Z,0.1182914329692721
2021-04-27T14:57:55Z,0.1847610771656036
2021-04-27T15:37:20Z,-0.0169677603989839
2021-04-27T17:26:15Z,0.6283007878810167
2021-04-27T19:20:16Z,-0.8546767123043537
2021-04-27T20:04:31Z,-0.3839428424835205
2021-04-27T20:07:00Z,0.6328486204147339
2021-04-27T20:20:12Z,-0.0015863962471485
2021-04-27T20:29:02Z,0.9376300536096096
2021-04-27T20:44:46Z,0.0573882013559341
2021-04-27T21:52:49Z,-0.3748714961111545
2021-04-27T21:54:27Z,-0.0157558768987655
2021-04-28T08:37:42Z,-0.0499176681041717
2021-04-28T08:54:26Z,-0.0065266005694866
2021-04-28T10:08:11Z,-0.9075543582439424
2021-04-28T11:01:08Z,0.001256801187992
2021-04-28T11:38:51Z,0.8610511161386967
2021-04-28T11:46:25Z,0.9016218967735768
2021-04-28T12:37:33Z,0.8918442837893963
2021-04-28T13:08:51Z,0.7811162043362856
2021-04-28T13:18:24Z,0.8582055531442165
2021-04-28T13:45:14Z,-0.9589014975354077
2021-04-28T13:51:05Z,-0.0655376818031072
2021-04-28T13:54:36Z,0.0314433090388774
2021-04-28T14:33:00Z,0.0766681395471096
2021-04-28T15:19:17Z,0.8353430107235909
2021-04-28T16:06:35Z,-0.3444746099412441
2021-04-28T16:27:02Z,-0.5819502603262663
2021-04-28T17:30:03Z,-0.8546767123043537
2021-04-28T18:23:39Z,-0.0091466438025236
2021-04-28T19:28:38Z,-0.785726573318243
2021-04-28T19:35:00Z,-0.6839718408882618
2021-04-28T20:22:08Z,-0.936432646587491
2021-04-29T06:06:46Z,-0.6418315954506397
2021-04-29T09:21:31Z,0.1818527057766914
2021-04-29T14:30:21Z,-0.0180163867771625
2021-04-29T15:28:07Z,-0.0104141011834144
2021-04-29T16:40:28Z,-0.8546767123043537
2021-04-30T06:25:45Z,0.9184177964925766
2021-04-30T13:05:45Z,0.6746514029800892
2021-04-30T14:02:05Z,-0.0196019243448972
2021-05-01T15:10:06Z,0.6803853716701269
2021-05-02T11:28:22Z,-0.0002155397087335
2021-05-02T12:32:42Z,0.0171038266271352
2021-05-03T14:34:10Z,0.0211321674287319
2021-05-03T16:13:41Z,0.0701206438243389
2021-05-03T17:31:19Z,-0.8456118553876877
2021-05-03T19:42:47Z,-0.9000804591923952
2021-05-03T21:24:04Z,-0.1461349464952945
2021-05-03T21:58:13Z,0.3811482638120651
2021-05-04T04:32:19Z,-0.3553706370294094
2021-05-04T07:51:32Z,0.0378281250596046
2021-05-04T13:54:54Z,-0.7871102895587683
2021-05-04T15:23:11Z,-0.3242211118340492
2021-05-04T16:41:35Z,-0.8546767123043537
2021-05-04T23:41:39Z,-0.3184078969061374
2021-05-05T03:27:39Z,-0.0449635908007621
2021-05-05T08:20:45Z,0.9282080456614494
2021-05-05T12:45:46Z,0.3289482500404119
2021-05-05T16:36:14Z,-0.8546767123043537
2021-05-05T19:17:12Z,0.0141706373542547
2021-05-05T20:42:53Z,-0.949685862287879
2021-05-06T20:22:04Z,0.0306158922612667
2021-05-07T16:35:54Z,-0.4483296275138855
2021-05-09T19:54:07Z,0.0928003471344709
2021-05-10T16:36:16Z,-0.4483296275138855
2021-05-10T19:12:15Z,0.0623322892934083
2021-05-11T04:10:56Z,0.0230501554906368
2021-05-11T11:35:39Z,0.7217447217553854
2021-05-11T16:36:31Z,-0.8546767123043537
2021-05-11T18:23:05Z,0.3773914445191622
2021-05-11T19:35:00Z,-0.4935354888439178
2021-05-11T20:20:28Z,0.0846236096695065
2021-05-12T12:46:43Z,0.8324571591801941
2021-05-12T16:13:38Z,0.0353715177625417
2021-05-12T16:36:07Z,-0.4483296275138855
2021-05-12T20:22:01Z,0.1138153048232197
2021-05-12T20:46:45Z,-0.9429596001282334
2021-05-13T11:06:00Z,0.3722485955804586
2021-05-13T14:03:08Z,-0.544515673071146
2021-05-13T20:32:12Z,0.0690096570178866
2021-05-14T19:24:39Z,0.1237396039068698
2021-05-15T14:22:37Z,0.0035080835223197
2021-05-17T04:33:54Z,-0.3567994199693203
2021-05-17T15:01:48Z,0.0467650610953569
2021-05-17T17:21:54Z,-0.8546767123043537
2021-05-17T20:29:55Z,-0.1033605225384235
2021-05-17T20:54:51Z,-0.9496253952383996
2021-05-17T23:05:14Z,-0.0116200428456068
2021-05-18T13:39:37Z,-0.0129727125167846
2021-05-18T14:25:30Z,0.6296803243458271
2021-05-18T16:35:31Z,0.0889940308406949
2021-05-18T19:01:53Z,-0.0999957472085952
2021-05-18T21:52:27Z,-0.0249380245804786
2021-05-19T16:41:37Z,-0.2542148847132921
2021-05-19T18:55:40Z,-0.5612934827804565
2021-05-19T20:39:03Z,-0.9529941882938148
2021-05-20T05:21:01Z,-0.0457063466310501
2021-05-20T13:23:46Z,0.894508586730808
2021-05-20T17:39:17Z,-0.1652155201882124
2021-05-20T19:26:41Z,0.8183270250447094
2021-05-20T20:28:51Z,0.9103854428976774
2021-05-21T05:42:56Z,-0.9127914253622292
2021-05-21T16:44:00Z,-0.4483296275138855
2021-05-21T17:00:06Z,-0.7908160202205181
2021-05-22T12:11:10Z,-0.1274482011795044
2021-05-22T13:41:04Z,0.8391536800190806
2021-05-24T06:19:54Z,-0.018982209265232
2021-05-24T12:41:55Z,0.6725372010841966
2021-05-24T15:31:24Z,0.8188779661431909
2021-05-24T16:41:40Z,-0.4483296275138855
2021-05-24T18:07:58Z,0.1551808025687933
2021-05-24T20:58:59Z,0.5722493827342987
2021-05-25T16:51:05Z,0.126306721009314
2021-05-25T17:20:11Z,-0.8546767123043537
2021-05-25T19:14:16Z,0.1034078625962138
2021-05-26T10:34:09Z,-0.8626291127875447
2021-05-26T14:12:49Z,-0.8879376836121082
2021-05-26T18:58:22Z,-0.0157076567411422
2021-05-27T03:23:27Z,0.0855771787464618
2021-05-27T09:24:25Z,-0.0254218205809593
2021-05-27T13:04:14Z,0.0864754598587751
2021-05-27T15:10:13Z,0.0213372223079204
2021-05-27T17:22:40Z,-0.2843851447105407
2021-05-27T17:43:25Z,0.3698658212088048
2021-05-28T10:49:44Z,-0.9051014753058552
2021-05-28T14:00:23Z,0.0962290596216917
2021-05-28T17:14:36Z,0.0580475619062781
2021-05-28T17:23:12Z,0.9205552684143186
2021-05-28T20:21:44Z,0.0390966106206178
2021-05-30T16:31:55Z,-0.8349233847111464
2021-06-01T06:03:49Z,0.0236181877553462
2021-06-01T07:40:35Z,0.3299772869795561
2021-06-01T16:06:41Z,0.0508812703192234
2021-06-01T16:40:30Z,-0.8546767123043537
2021-06-01T20:38:25Z,-0.0019125360995531
2021-06-02T03:30:08Z,0.0045124553143978
2021-06-02T12:22:03Z,0.7639605067670345
2021-06-02T12:39:48Z,0.3622505739331245
2021-06-02T12:40:16Z,0.0167359095066785
2021-06-02T13:06:40Z,0.1479108752682805
2021-06-02T14:09:59Z,-0.5066343490034342
2021-06-02T14:10:50Z,0.2436167551204562
2021-06-02T16:09:18Z,0.0507337171584367
2021-06-02T17:15:52Z,0.2254285793751478
2021-06-02T18:10:14Z,-0.0021024029701948
2021-06-02T21:11:45Z,0.0169023685157299
2021-06-03T15:10:31Z,0.0441930014640092
2021-06-03T18:33:38Z,0.8544642552733421
2021-06-03T18:42:27Z,0.0374347679316997
2021-06-04T12:13:11Z,-0.782609112560749
2021-06-04T17:57:50Z,0.0194600466638803
2021-06-04T19:06:29Z,0.0393812470138073
2021-06-04T20:16:04Z,0.5920601561665535
2021-06-05T17:12:19Z,0.7805837681517005
2021-06-07T12:54:32Z,0.0585620049387216
2021-06-07T16:36:46Z,-0.8546767123043537
2021-06-07T18:02:01Z,0.1910631451755762
2021-06-08T17:25:56Z,0.4868975849822163
2021-06-08T18:05:55Z,0.8313600644469261
2021-06-09T01:22:10Z,0.594250276684761
2021-06-09T13:49:28Z,0.0989698842167854
2021-06-09T14:28:16Z,-0.5764125622808933
2021-06-09T15:21:46Z,-0.9070448568090796
2021-06-09T16:40:39Z,-0.4483296275138855
2021-06-09T17:00:07Z,0.0679361224174499
2021-06-09T18:25:03Z,0.0562317017465829
2021-06-10T11:12:03Z,0.8493281258270144
2021-06-10T15:23:31Z,0.1014055125415325
2021-06-10T16:53:45Z,0.0621640477329492
2021-06-10T17:22:28Z,0.0040050018578767
2021-06-10T20:14:10Z,-0.6520528793334961
2021-06-11T12:58:54Z,0.1222907835617661
2021-06-11T17:09:43Z,-0.480074867606163
2021-06-11T21:24:03Z,0.08919557929039
2021-06-14T12:57:51Z,-0.0945778284221887
2021-06-14T13:21:23Z,0.3460370954126119
2021-06-14T13:50:08Z,-0.2208922244608402
2021-06-14T17:31:00Z,0.0213372223079204
2021-06-14T20:06:06Z,-0.8071972113102674
2021-06-14T20:10:28Z,0.2591211823746562
2021-06-14T20:27:34Z,0.0609129332005977
2021-06-14T22:40:25Z,-0.0701936520636081
2021-06-15T07:31:48Z,0.7875756123103201
2021-06-15T12:13:18Z,-0.2239961959421634
2021-06-15T16:36:46Z,-0.4483296275138855
2021-06-15T19:50:29Z,0.0672412030398845
2021-06-16T16:36:04Z,-0.8546767123043537
2021-06-16T19:58:48Z,0.2902791667729616
2021-06-16T20:35:33Z,0.0133208241313695
2021-06-17T06:09:44Z,-0.0530563089996576
2021-06-17T08:42:58Z,-0.0347300432622432
2021-06-17T10:09:44Z,-0.9214011058211328
2021-06-17T13:07:01Z,0.8852628776803613
2021-06-17T20:11:38Z,0.104320771060884
2021-06-18T07:12:33Z,0.0719172358512878
2021-06-18T16:41:36Z,-0.4483296275138855
2021-06-18T19:07:48Z,0.0220427364110946
2021-06-18T19:30:00Z,0.0550174117088317
2021-06-21T12:16:45Z,0.1582565493881702
2021-06-21T14:11:38Z,-0.2821278236806392
2021-06-21T16:54:15Z,0.1923384750261902
2021-06-21T16:55:18Z,0.1545888250693678
2021-06-21T19:14:39Z,0.107997803017497
2021-06-22T14:14:35Z,0.1276030540466308
2021-06-22T15:18:29Z,0.0213372223079204
2021-06-22T16:39:27Z,-0.4483296275138855
2021-06-22T19:48:45Z,-0.1338057890534401
2021-06-23T02:27:52Z,0.5360206319019198
2021-06-23T04:26:01Z,0.0650778487324714
2021-06-23T11:23:06Z,0.9024507198482752
2021-06-23T11:43:58Z,-0.0056015253067016
2021-06-23T11:46:03Z,0.6327804680913687
2021-06-23T11:47:22Z,-0.1147931292653083
2021-06-23T12:09:57Z,-0.0304466057568788
2021-06-23T13:10:19Z,0.0231311488896608
2021-06-23T14:07:10Z,0.1919871717691421
2021-06-23T14:49:52Z,0.1229485683143138
2021-06-23T15:18:42Z,-0.0572556927800178
2021-06-23T15:47:56Z,0.0979556199163198
2021-06-23T17:58:52Z,0.9368571424856782
2021-06-23T20:12:47Z,0.4674434931948781
2021-06-24T13:06:21Z,0.2146657416597008
2021-06-24T13:30:45Z,0.6464789994060993
2021-06-24T14:42:53Z,-0.0180163867771625
2021-06-24T14:53:10Z,0.644913149997592
2021-06-24T15:00:31Z,0.0665487730875611
2021-06-24T15:05:27Z,-0.0095967259258031
2021-06-24T15:10:43Z,0.1803470030426979
2021-06-24T15:21:22Z,0.1403495650738477
2021-06-24T15:32:11Z,0.1346858134493231
2021-06-24T15:34:31Z,0.936677106656134
2021-06-24T15:39:54Z,0.0576350660994648
2021-06-24T15:39:56Z,0.0819237818941474
2021-06-24T15:45:47Z,0.0312308697029948
2021-06-24T15:47:25Z,0.8759701354429126
2021-06-24T15:56:59Z,0.1780888820067048
2021-06-24T18:35:10Z,0.047448294237256
2021-06-24T19:11:53Z,-0.4483296275138855
2021-06-24T20:21:37Z,0.8735907152295113
2021-06-24T20:30:56Z,0.7326515717431903
2021-06-25T05:31:17Z,0.0962239233776927
2021-06-25T14:46:25Z,-0.8233048431575298
2021-06-25T16:35:38Z,-0.8546767123043537
2021-06-25T19:25:13Z,-0.0148176234215497
2021-06-25T19:48:43Z,0.025127975270152
2021-06-26T20:12:19Z,-0.8887277310714126
2021-06-28T06:21:37Z,0.8096165964379907
2021-06-28T11:45:02Z,0.8355662580579519
2021-06-28T12:13:11Z,0.4425325021147728
2021-06-28T12:49:13Z,-0.1186727881431579
2021-06-28T14:23:32Z,0.1622259616851806
2021-06-28T17:19:50Z,0.0441930014640092
2021-06-28T17:34:09Z,0.1124954363331198
2021-06-28T18:43:16Z,0.922714576125145
2021-06-28T20:16:06Z,0.0381326861679554
2021-06-29T08:25:02Z,-0.9164108345285058
2021-06-29T13:22:00Z,0.4018029593862593
2021-06-29T14:05:50Z,0.1276030540466308
2021-06-29T15:33:44Z,0.0213372223079204
2021-06-29T16:35:47Z,-0.8546767123043537
2021-06-29T19:44:59Z,-0.0188017413020133
2021-06-30T08:18:45Z,0.1177955446764826
2021-06-30T09:09:13Z,-0.0176787488162517
2021-06-30T11:40:55Z,0.0367066618055105
2021-06-30T13:37:32Z,-0.2269936017692089
2021-06-30T14:08:17Z,0.883315697312355
2021-06-30T14:39:07Z,0.307482729665935
2021-06-30T15:46:43Z,0.0213372223079204
2021-06-30T16:43:45Z,-0.4483296275138855
2021-06-30T17:15:27Z,0.1368670612573623
2021-06-30T19:42:54Z,0.2991519421339035
2021-07-01T09:19:41Z,0.0686407247558236
2021-07-01T11:45:42Z,-0.5073134712874889
2021-07-01T13:36:39Z,0.073179755359888
2021-07-01T15:16:42Z,0.1809366419911384
2021-07-01T15:17:26Z,0.8700059605762362
2021-07-01T15:17:43Z,0.1819055005908012
2021-07-01T16:13:49Z,0.0213372223079204
2021-07-01T16:14:38Z,-0.9435833171010016
2021-07-01T17:33:52Z,0.1516022896394133
2021-07-01T18:55:50Z,-0.0770457908511161
2021-07-01T20:09:46Z,0.0153924375772476
2021-07-02T14:17:31Z,-0.788923516869545
2021-07-02T15:12:15Z,0.1294368132948875
2021-07-02T16:21:28Z,-0.0572556927800178
2021-07-02T16:36:15Z,-0.8546767123043537
2021-07-02T18:40:54Z,-0.7805421613156796
2021-07-02T20:07:12Z,0.4574994444847107
2021-07-02T20:19:00Z,0.8008819338865578
2021-07-03T18:33:25Z,0.0163717158138752
2021-07-03T18:40:31Z,-0.0548032280057668
2021-07-06T13:21:13Z,-0.1675792410969734
2021-07-06T14:05:01Z,0.1276030540466308
2021-07-06T15:01:09Z,0.2855724561959505
2021-07-06T16:31:42Z,-0.9155414160341024
2021-07-06T16:36:53Z,-0.9501110045239328
2021-07-06T16:51:43Z,0.852941108867526
2021-07-06T17:12:45Z,-0.4483296275138855
2021-07-06T17:54:48Z,0.2607726082205772
2021-07-06T18:38:12Z,-0.0572556927800178
2021-07-06T19:35:00Z,0.1198401898145675
2021-07-06T20:00:34Z,0.1078249812126159
2021-07-06T20:26:20Z,0.8139717727899551
2021-07-06T20:51:53Z,-0.1172899715602397
2021-07-07T02:16:49Z,0.741268664598465
2021-07-07T03:40:51Z,0.3489523008465767
2021-07-07T05:05:31Z,0.0158329755067825
2021-07-07T08:43:07Z,0.9397055506706238
2021-07-07T13:27:52Z,0.0034517850726842
2021-07-07T14:04:18Z,0.1919871717691421
2021-07-07T14:11:54Z,0.895305572077632
2021-07-07T16:37:20Z,-0.8456118553876877
2021-07-07T17:04:17Z,-0.0572556927800178
2021-07-07T18:16:02Z,0.4632278531789779
2021-07-07T18:47:12Z,-0.728633476421237
2021-07-07T19:46:52Z,0.0339689999818801
2021-07-08T03:01:55Z,0.0715724639594554
2021-07-08T04:59:07Z,-0.8099313657730818
2021-07-08T07:16:18Z,0.1899642646312713
2021-07-08T07:28:13Z,0.0049722231924533
2021-07-08T13:10:27Z,0.5383043652400374
2021-07-08T13:28:02Z,-0.0344436466693878
2021-07-08T14:13:35Z,-0.9557585259899496
2021-07-08T17:26:15Z,-0.0180163867771625
2021-07-08T17:30:58Z,-0.9278077660128474
2021-07-08T19:42:36Z,0.1554698385298252
2021-07-08T21:09:57Z,0.0276022776961326
2021-07-09T10:51:08Z,0.2201889157295227
2021-07-09T14:19:34Z,-0.1011432372033596
2021-07-09T14:29:31Z,-0.0589852929115295
2021-07-09T17:14:40Z,-0.0180163867771625
2021-07-09T17:18:33Z,-0.4483296275138855
2021-07-12T04:56:02Z,0.0929956454783678
2021-07-12T08:44:11Z,-0.0213973298668861
2021-07-12T10:11:17Z,-0.8376992978155613
2021-07-12T16:51:25Z,0.0127866901457309
2021-07-12T17:02:13Z,-0.0572556927800178
2021-07-12T17:04:40Z,-0.4483296275138855
2021-07-12T21:55:33Z,-0.5869290977716446
2021-07-13T13:18:08Z,0.066112769767642
2021-07-13T14:11:55Z,0.5472896844148636
2021-07-13T15:42:13Z,0.1276030540466308
2021-07-13T16:00:44Z,-0.0180163867771625
2021-07-13T16:49:23Z,-0.8546767123043537
2021-07-13T18:01:34Z,0.1736138178966939
2021-07-13T18:14:43Z,0.0329667897894978
2021-07-13T20:08:33Z,-0.0090575292706489
2021-07-13T20:09:16Z,0.0852592438459396
2021-07-13T20:10:21Z,-0.8679978251457214
2021-07-14T12:02:52Z,0.2525536064058542
2021-07-14T13:19:27Z,-0.031107947230339
2021-07-14T14:09:22Z,0.1919871717691421
2021-07-14T14:35:09Z,0.9354241117835044
2021-07-14T15:00:45Z,0.4617437766864896
2021-07-14T16:33:59Z,0.0804831245914101
2021-07-14T17:38:28Z,0.0708350129425525
2021-07-14T17:41:30Z,-0.0180163867771625
2021-07-14T19:37:44Z,0.6504076011478901
2021-07-15T05:52:39Z,0.1141333524137735
2021-07-15T06:50:58Z,0.7062106020748615
2021-07-15T13:19:29Z,-0.0334794484078884
2021-07-15T13:50:17Z,0.0695961713790893
2021-07-15T14:11:18Z,0.8594853095710278
2021-07-15T14:50:37Z,0.1557302707806229
2021-07-15T15:52:40Z,-0.8521704338490963
2021-07-15T16:01:01Z,-0.1450886707752943
2021-07-15T16:14:54Z,0.9102137628942728
2021-07-15T16:17:23Z,0.3056826777756214
2021-07-15T16:35:02Z,0.0213372223079204
2021-07-15T16:41:51Z,-0.4483296275138855
2021-07-16T11:40:42Z,0.7364224791526794
2021-07-16T12:07:18Z,0.2251453027129173
2021-07-16T14:11:34Z,0.8406608141958714
2021-07-16T14:17:34Z,0.1294368132948875
2021-07-16T14:17:51Z,0.4507161602377891
2021-07-16T15:11:24Z,0.0572384446859359
2021-07-16T15:27:21Z,-0.8904563840478659
2021-07-16T16:47:19Z,0.0213372223079204
2021-07-16T17:01:13Z,-0.480074867606163
2021-07-16T17:01:25Z,0.928341913037002
2021-07-16T17:12:13Z,0.7896321788430214
2021-07-16T18:52:02Z,-0.0174157414585351
2021-07-16T19:39:40Z,0.0454998817294836
2021-07-16T20:42:22Z,-0.7188670784235001
2021-07-19T03:10:41Z,0.9323536725714804
2021-07-19T08:59:49Z,-0.8104801252484322
2021-07-19T12:59:10Z,-0.4169073700904846
2021-07-19T14:08:03Z,0.8955277306959033
2021-07-19T14:16:19Z,-0.6221166551113129
2021-07-19T16:42:59Z,-0.4483296275138855
2021-07-19T18:39:42Z,-0.0572556927800178
2021-07-19T20:56:33Z,-0.891827754676342
2021-07-20T14:07:41Z,0.9214101154357196
2021-07-20T18:05:24Z,-0.0572556927800178
2021-07-21T11:05:47Z,0.6377987619489431
2021-07-21T11:22:02Z,0.00815792940557
2021-07-21T12:13:34Z,0.0539434654638171
2021-07-21T12:20:24Z,0.0108716934919357
2021-07-21T12:20:51Z,-0.1147931292653083
2021-07-21T13:05:33Z,0.0078195966780185
2021-07-21T14:03:22Z,0.8590059671550989
2021-07-21T14:08:08Z,0.7257003393024206
2021-07-21T15:02:45Z,0.0193297155201435
2021-07-21T16:45:32Z,-0.0180163867771625
2021-07-21T17:18:46Z,0.0157002490013837
2021-07-21T18:10:35Z,0.0412900308147072
2021-07-21T18:45:17Z,-0.0150425937026739
2021-07-22T08:40:52Z,0.9102183505892754
2021-07-22T10:01:47Z,0.6524462923407555
2021-07-22T10:21:21Z,-0.2070930115878582
2021-07-22T10:22:58Z,0.5183508433401585
2021-07-22T11:45:17Z,-0.1289493143558502
2021-07-22T12:49:11Z,0.9300687629729508
2021-07-22T13:14:29Z,-0.0073418654501438
2021-07-22T13:19:22Z,0.2784826010465622
2021-07-22T13:22:36Z,0.831328421831131
2021-07-22T13:25:34Z,0.6625044196844101
2021-07-22T14:18:04Z,0.8547097742557526
2021-07-22T15:34:52Z,0.0213372223079204
2021-07-22T15:40:43Z,0.1803470030426979
2021-07-22T16:34:32Z,0.0128190703690052
2021-07-22T20:18:39Z,0.6447791233658791
2021-07-22T20:33:44Z,0.1237598108127713
2021-07-23T07:42:24Z,-0.6810634955763817
2021-07-23T10:27:11Z,0.9271190613508224
2021-07-23T12:17:58Z,0.0643536131829023
2021-07-23T12:54:49Z,0.0346444360911846
2021-07-23T13:28:23Z,-0.0294094439595937
2021-07-23T14:15:12Z,-0.5637591183185577
2021-07-23T14:54:50Z,0.8787473402917385
2021-07-23T15:00:13Z,0.1294368132948875
2021-07-23T16:52:00Z,0.0213372223079204
2021-07-23T16:52:32Z,-0.4483296275138855
2021-07-24T14:07:02Z,-0.0390947740525007
2021-07-26T12:00:40Z,0.8374698208644986
2021-07-26T14:11:51Z,0.0374952182173728
2021-07-26T14:54:48Z,0.8401379026472569
2021-07-26T16:03:55Z,-0.0147682465612888
2021-07-26T16:47:35Z,-0.8546767123043537
2021-07-26T17:17:46Z,-0.0572556927800178
2021-07-26T17:30:12Z,0.0522880721837282
2021-07-26T21:11:11Z,0.7805701270699501
2021-07-27T08:03:12Z,-0.0586789418011903
2021-07-27T09:02:46Z,-0.0434667896479368
2021-07-27T14:05:30Z,0.1615008590742945
2021-07-27T14:39:38Z,-0.9519643113017082
2021-07-27T17:17:58Z,-0.0572556927800178
2021-07-27T18:43:43Z,-0.0285067111253738
2021-07-27T20:02:07Z,0.095656119287014
2021-07-27T20:21:09Z,0.9258502181619406
2021-07-27T20:23:22Z,-0.0171250291168689
2021-07-27T20:38:07Z,0.0573882013559341
2021-07-27T21:17:58Z,-0.3748714961111545
2021-07-27T23:33:48Z,-0.0514148883521556
2021-07-28T02:51:26Z,0.0148843545466661
2021-07-28T07:01:19Z,0.9324144683778286
2021-07-28T08:47:50Z,-0.0368939749896526
2021-07-28T08:49:28Z,0.1116082184016704
2021-07-28T10:01:24Z,0.8150777742266655
2021-07-28T11:36:03Z,0.4678196925669908
2021-07-28T11:45:39Z,-0.1147931292653083
2021-07-28T12:26:48Z,0.751378558576107
2021-07-28T13:23:41Z,0.8346814960241318
2021-07-28T13:29:15Z,-0.0308462623506784
2021-07-28T13:35:42Z,-0.9384108064696192
2021-07-28T13:57:22Z,0.9385036109015346
2021-07-28T13:59:44Z,0.9356622323393822
2021-07-28T14:34:44Z,0.0038586221635341
2021-07-28T14:38:58Z,0.1919871717691421
2021-07-28T14:48:04Z,0.8855374790728092
2021-07-28T14:49:38Z,0.7412766702473164
2021-07-28T14:51:30Z,0.7922292426228523
2021-07-28T14:55:10Z,0.8724933862686157
2021-07-28T16:07:44Z,0.711058534681797
2021-07-28T16:08:28Z,0.9310480821877718
2021-07-28T16:40:00Z,0.0213372223079204
2021-07-28T17:02:02Z,0.19125672057271
2021-07-28T19:13:45Z,0.1561487298458814
2021-07-28T22:39:56Z,0.1126493634656071
2021-07-29T08:58:27Z,0.368937287479639
2021-07-29T10:54:01Z,0.8416569046676159
2021-07-29T11:52:48Z,0.0051550343632698
2021-07-29T12:44:23Z,-0.1289493143558502
2021-07-29T16:40:23Z,-0.4605900831520557
2021-07-29T18:17:21Z,0.0213372223079204
2021-07-29T19:17:49Z,0.1072339806705713
2021-07-29T19:42:58Z,0.0979556199163198
2021-07-29T21:21:12Z,0.0326712280511856
2021-07-29T23:10:07Z,-0.0220072343945503
2021-07-30T02:38:25Z,0.0990440715104341
2021-07-30T15:45:05Z,-0.0180163867771625
2021-07-30T16:00:27Z,-0.0048658195883035
2021-07-30T16:37:07Z,-0.8546767123043537
2021-07-30T17:23:22Z,0.07299037091434
2021-07-30T18:16:38Z,-0.6203287616372108
2021-08-01T18:52:03Z,0.0209723059087991
2021-08-02T14:08:43Z,0.7482233121991158
2021-08-02T14:11:20Z,-0.8908108044415712
2021-08-02T14:21:05Z,0.4614793583750725
2021-08-02T17:21:03Z,-0.8546767123043537
2021-08-02T18:51:49Z,-0.0180163867771625
2021-08-02T19:22:26Z,0.6690739169716835
2021-08-03T02:29:45Z,-0.1923828199505806
2021-08-03T14:43:30Z,-0.1331717651337385
2021-08-03T15:34:19Z,0.0162042994052171
2021-08-03T16:20:23Z,-0.0180163867771625
2021-08-03T17:13:33Z,0.4432084467262029
2021-08-03T18:16:59Z,0.0936909615993499
2021-08-03T18:32:02Z,0.0020099245011806
2021-08-04T16:27:08Z,-0.0215150155127048
2021-08-04T22:15:20Z,0.022043440490961
2021-08-04T23:50:20Z,0.1348929470404982
2021-08-05T13:01:57Z,0.2356227017007768
2021-08-05T13:49:09Z,-0.836559921503067
2021-08-05T15:03:54Z,-0.0180163867771625
2021-08-05T19:10:44Z,0.0243928506970405
2021-08-06T14:09:38Z,-0.7074845135211945
2021-08-06T19:10:07Z,-0.9530120398849248
2021-08-07T17:27:38Z,0.0167774800211191
2021-07-29T16:22:20Z,0.0775429997593164
2021-08-09T13:09:00Z,0.013626679778099
2021-08-09T14:35:23Z,-0.0180163867771625
2021-08-09T15:03:06Z,0.0252716988325119
2021-08-09T15:25:42Z,0.1622259616851806
2021-08-10T05:38:45Z,-0.7267338903620839
2021-08-10T08:43:59Z,0.011582113802433
2021-08-10T14:02:35Z,0.1742206029593944
2021-08-10T17:04:47Z,0.0419329078868031
2021-08-10T20:29:57Z,0.6274132281541824
2021-08-11T10:42:57Z,-0.153656892478466
2021-08-10T15:31:41Z,0.9348838264122604
2021-08-11T14:05:05Z,0.0885313376784324
2021-08-11T14:23:08Z,0.0459844823926687
2021-08-11T14:45:37Z,-0.3674432951956987
2021-08-11T16:20:10Z,0.2204949408769607
2021-08-11T17:05:42Z,-0.0572556927800178
2021-08-12T13:56:10Z,0.4915889110416174
2021-08-12T20:04:15Z,-0.8486235439777374
2021-08-13T03:38:16Z,-0.1411332339048385
2021-08-12T21:33:10Z,0.4277950609102845
2021-08-12T17:45:18Z,0.8688577804714441
2021-08-13T12:44:08Z,0.1395338485017419
2021-08-13T15:51:13Z,0.939844710752368
2021-08-13T18:15:07Z,-0.0123129375278949
2021-08-14T13:58:41Z,6.372109055519104e-06
2021-08-16T08:06:56Z,0.2013306263834238
2021-08-16T11:27:45Z,0.93061014264822
2021-08-16T14:12:40Z,0.1622259616851806
2021-08-16T16:27:51Z,-0.0087824054062366
2021-08-16T11:14:26Z,0.0484188236296176
2021-08-16T16:35:34Z,-0.4483296275138855
2021-08-16T14:12:25Z,-0.5598224103450775
2021-08-16T20:40:19Z,0.4732127515599131
2021-08-17T12:42:22Z,0.344319773837924
2021-08-17T14:15:03Z,-0.6950259655714035
2021-08-17T15:44:36Z,-0.449135847389698
2021-08-17T16:43:47Z,-0.8546767123043537
2021-08-17T16:50:26Z,0.0795390773564577
2021-08-18T10:01:31Z,0.8314794655889273
2021-08-18T11:27:26Z,0.4520060569047928
2021-08-18T17:57:41Z,-0.8546767123043537
2021-08-19T09:51:04Z,-0.939990765415132
2021-08-19T16:04:27Z,0.4220886044204235
2021-08-19T17:01:28Z,0.6061218744143844
2021-08-19T18:30:20Z,0.3005036460235715
2021-08-19T18:33:35Z,0.3832414411008358
2021-08-19T18:27:22Z,0.9202357530593872
2021-08-19T19:06:12Z,0.2153301918879151
2021-08-19T20:55:44Z,-0.7259415164589882
2021-08-19T22:00:30Z,0.0051364563405513
2021-08-20T07:38:13Z,0.7345535084605217
2021-08-20T07:49:37Z,-0.6547185685485601
2021-08-20T13:12:57Z,0.0457364842295646
2021-08-20T13:23:48Z,-0.0366883985698223
2021-08-20T13:46:24Z,-0.0171903669834136
2021-08-20T13:52:40Z,0.8833450153470039
2021-08-20T14:03:54Z,0.1294368132948875
2021-08-20T14:07:42Z,0.9066773802042007
2021-08-20T14:21:35Z,-0.8561736550182104
2021-08-20T15:25:15Z,0.5362807065248489
2021-08-19T19:16:59Z,-0.4483296275138855
2021-08-20T16:56:08Z,-0.4483296275138855
2021-08-20T17:35:41Z,0.1058238968253135
2021-08-20T17:37:00Z,0.0979556199163198
2021-08-20T18:26:29Z,0.8922434784471989
2021-08-20T18:34:36Z,0.2478007674217224
2021-08-20T18:49:34Z,0.0448285033926367
2020-10-14T17:20:45Z,0.1693537104874849
2021-08-21T17:58:06Z,-0.0084910597652196
2021-08-21T13:42:25Z,0.0026603024452924
2021-08-21T18:22:51Z,-0.003863550722599
2021-08-21T20:58:08Z,0.0280724223703145
2021-08-23T13:24:17Z,0.1832675319164991
2021-08-23T13:38:32Z,0.6511414218693972
2021-08-23T14:13:21Z,-0.4659217223525047
2021-08-23T14:52:09Z,-0.0196622423827648
2021-08-23T17:00:58Z,-0.073578480631113
2021-08-23T17:11:49Z,-0.4483296275138855
2021-08-23T19:17:45Z,0.8329614661633968
2021-08-23T19:45:12Z,0.5539802992716432
2021-08-24T06:36:37Z,0.0003688782453536
2021-08-24T12:44:00Z,-0.0040315520018339
2021-08-24T14:16:31Z,0.8958496935665607
2021-08-24T17:36:42Z,0.1296801464632153
2021-08-24T19:21:05Z,0.0522892428562045
2021-08-25T06:53:12Z,0.0900281053036451
2021-08-25T10:31:37Z,0.8038595356047153
2021-08-25T10:37:03Z,0.8855086648836732
2021-08-25T13:23:40Z,-0.0366113558411598
2021-08-25T15:42:44Z,0.0435615107417106
2021-08-25T15:54:46Z,0.0285684708505868
2021-08-25T18:47:02Z,0.8917324366047978
2021-08-25T19:45:56Z,-0.6372611373662949
2021-08-26T03:42:48Z,0.3916428284719586
2021-08-26T07:29:20Z,0.4963474869728088
2021-08-26T13:33:29Z,-0.036792192608118
2021-08-26T13:23:31Z,0.617533516138792
2021-08-26T15:56:49Z,-0.0070281624794006
2021-08-26T17:03:54Z,-0.4543171972036361
2021-08-26T18:23:17Z,-0.0690386816859245
2021-08-26T19:50:31Z,0.0016239676624536
2021-08-27T11:12:26Z,-0.836832694709301
2021-08-27T13:21:12Z,-0.0379324089735746
2021-08-27T19:10:16Z,0.3991916049271822
2021-08-27T19:21:46Z,-0.1910518482327461
2021-08-28T19:58:53Z,0.9333473592996596
2021-08-29T19:45:28Z,0.1766231879591941
2021-08-30T03:20:09Z,-0.0656083580106496
2021-08-30T12:30:08Z,-0.9518114123493432
2021-08-30T14:10:54Z,-0.0506888963282108
2021-08-30T14:15:48Z,-0.0046157091856002
2021-08-30T20:12:57Z,0.061183888465166
2021-08-31T12:09:31Z,-0.8726004417985678
2021-08-31T13:30:37Z,0.0295230969786643
2021-08-31T14:10:39Z,0.0314433090388774
2021-08-31T14:21:33Z,0.3627910017967224
2021-08-31T16:49:43Z,0.9374190932139754
2021-08-31T17:25:59Z,-0.015443067997694
2021-08-31T20:00:23Z,0.0182413700968027
2021-08-31T21:52:51Z,0.0195151157677173
2021-09-01T15:36:25Z,0.0070329271256923
2021-09-01T16:47:34Z,-0.8546767123043537
2021-09-01T19:18:46Z,-0.7992463111877441
2021-09-01T20:24:55Z,0.0375814028084278
2021-09-03T12:10:09Z,-0.00574616715312
2021-09-03T14:14:08Z,-0.9332229420542716
2021-09-03T17:03:01Z,0.8417305201292038
2021-09-06T13:30:18Z,0.0608999673277139
2021-09-07T08:50:22Z,-0.1598948612809181
2021-09-07T17:30:17Z,0.5752432644367218
2021-09-07T18:16:15Z,0.0372440256178379
2021-09-08T08:15:39Z,0.0926720816642046
2021-09-07T18:30:18Z,0.0681972419843077
2021-09-08T14:43:34Z,-0.4707252830266952
2021-09-08T18:56:00Z,0.6899407147429883
2021-09-08T20:41:57Z,0.2193767791613936
2021-09-08T20:53:47Z,0.6573444092646241
2021-09-09T05:45:17Z,0.0316699743270874
2021-09-09T10:20:37Z,0.1172926612198352
2021-09-09T14:29:09Z,-0.5612265206873417
2021-09-09T14:42:04Z,0.1186638195067644
2021-09-09T15:03:58Z,0.4066407876089215
2021-09-09T15:04:55Z,0.0450917743146419
2021-09-09T15:26:54Z,-0.0850030612200498
2021-09-09T18:30:05Z,-0.7790859788656235
2021-09-09T19:22:04Z,-0.8902003969997168
2021-09-09T19:58:50Z,0.1005766987800598
2021-09-08T14:47:03Z,0.3886390812695026
2021-09-10T17:39:10Z,-0.8546767123043537
2021-09-13T15:13:36Z,-0.6617215424776077
2021-09-13T16:38:39Z,0.1282545020803809
2021-09-13T16:48:34Z,-0.4483296275138855
2021-09-14T10:44:07Z,0.0406780960038304
2021-09-14T12:12:36Z,0.8165478855371475
2021-09-14T12:45:47Z,-0.0961587354540824
2021-09-14T12:51:29Z,0.909839853644371
2021-09-14T13:55:22Z,-0.0576853584498167
2021-09-14T14:38:21Z,-0.6485555693507195
2021-09-14T15:14:30Z,-0.0169965047389268
2021-09-14T16:36:36Z,-0.4483296275138855
2021-09-14T16:39:53Z,0.0128190703690052
2021-09-14T18:15:19Z,0.2471187245100736
2021-09-14T20:08:41Z,0.0362478420138359
2021-09-15T02:18:10Z,0.3631366491317749
2021-09-15T08:49:45Z,-0.0306578390300273
2021-09-15T10:07:01Z,0.8918756805360317
2021-09-15T11:45:25Z,0.0325877219438552
2021-09-15T13:01:51Z,0.013188000768423
2021-09-15T14:13:48Z,0.1556336600333452
2021-09-15T14:35:46Z,-0.6760406792163849
2021-09-15T14:46:08Z,0.3584585171192884
2021-09-15T15:01:51Z,0.4790068594738841
2021-09-15T15:34:23Z,0.5184769425541162
2021-09-15T16:05:04Z,0.0443549118936061
2021-09-15T16:12:28Z,0.1095596924424171
2021-09-15T19:03:11Z,0.0050001889467239
2021-09-15T19:36:29Z,0.3337638303637504
2021-09-15T21:27:49Z,0.8711073342710733
2021-09-15T21:11:06Z,0.0492142494767904
2021-09-16T10:18:39Z,0.1140457345172762
2021-09-16T12:00:58Z,0.6743758181110024
2021-09-16T13:02:33Z,0.8776275515556335
2021-09-16T13:16:21Z,0.9059137078002096
2021-09-16T13:47:29Z,0.5858335942029953
2021-09-16T14:51:07Z,0.1750020422041416
2021-09-16T15:41:35Z,0.731357186101377
2021-09-16T17:25:12Z,-0.8546767123043537
2021-09-16T19:21:44Z,0.6019429257139564
2021-09-16T19:54:53Z,0.0631369445472955
2021-09-17T10:50:23Z,0.037131474353373
2021-09-17T11:48:11Z,0.0970893744379282
2021-09-17T13:09:47Z,0.8607991319149733
2021-09-17T14:43:19Z,0.0164805874228477
2021-09-17T16:12:25Z,0.0128190703690052
2021-09-17T16:49:43Z,-0.8546767123043537
2021-09-17T19:59:52Z,-0.2831606939435005
2021-09-17T20:05:26Z,-0.0786003805696964
2021-09-17T20:11:05Z,0.0386769361793994
2021-09-18T14:11:00Z,0.0120050925761461
2021-09-18T15:50:48Z,0.2259468547999858
2021-09-18T17:50:52Z,0.6981220906600356
2021-09-20T12:49:44Z,-0.0287214964628219
2021-09-20T15:10:59Z,-0.5778317451477051
2021-09-20T17:50:38Z,-0.04095995798707
2021-09-20T18:01:51Z,-0.8546767123043537
2021-09-21T14:34:53Z,-0.0061601139605045
2021-09-21T18:45:08Z,-0.2745512872934341
2021-09-21T16:45:53Z,-0.3360949028283357
2021-09-22T13:51:05Z,-0.0174058284610509
2021-09-22T14:11:59Z,-0.9221114311367272
2021-09-22T15:09:50Z,0.0396411418914794
2021-09-22T15:10:15Z,0.2534020133316517
2021-09-22T15:18:54Z,0.0909626614302396
2021-09-22T15:30:02Z,0.0559050031006336
2021-09-22T15:30:14Z,0.7375618638470769
2021-09-22T15:37:26Z,0.0763983819633722
2021-09-22T18:06:47Z,0.049765283241868
2021-09-23T05:43:17Z,0.019307991489768
2021-09-23T12:03:33Z,0.4235228421166539
2021-09-23T13:07:44Z,0.7147950250655413
2021-09-23T19:11:30Z,-0.7410824634134769
2021-09-23T19:49:59Z,-0.1293399818241596
2021-09-24T11:11:04Z,0.1600231789052486
2021-09-24T13:38:29Z,-0.9117502914741636
2021-09-24T14:05:17Z,0.0573337776586413
2021-09-25T13:59:31Z,0.0017321724444627
2021-09-25T21:00:25Z,0.9268759610131384
2021-09-26T15:20:37Z,-0.0536091495305299
2021-09-27T08:39:27Z,0.0132116787135601
2021-09-27T12:25:43Z,-0.0633296594023704
2021-09-27T16:57:57Z,-0.04095995798707
2021-09-27T17:01:30Z,-0.8546767123043537
2021-09-27T18:03:36Z,0.3352244505658746
2021-09-27T19:59:38Z,0.012449063360691
2021-09-27T20:26:26Z,0.5621989443898201
2021-09-28T05:42:05Z,-0.1115708351135253
2021-09-28T12:35:03Z,0.3634039340540766
2021-09-28T14:12:24Z,-0.1455835998058319
2021-09-28T16:02:49Z,0.0357628231868147
2021-09-28T16:47:50Z,0.8676557056605816
2021-09-28T17:29:36Z,-0.9528661761432886
2021-09-28T18:01:06Z,-0.4483296275138855
2021-09-28T20:33:36Z,0.0443549118936061
2021-09-28T17:40:00Z,0.0209372006356716
2021-09-28T21:20:55Z,-0.908176850527525
2021-09-29T14:09:34Z,-0.035574123263359
2021-09-29T16:04:04Z,0.6525615751743317
2021-09-29T21:21:19Z,-0.0017837546765804
2021-09-29T22:14:09Z,-0.4094083607196808
2021-09-30T14:11:58Z,-0.4343428462743759
2021-09-30T15:01:34Z,0.6126598855480552
2021-09-30T18:58:20Z,-0.8546767123043537
2021-09-30T21:42:43Z,-0.1081054173409938
2021-10-01T21:53:17Z,0.0176393799483776
2021-10-03T21:38:04Z,-0.7325736153870821
2021-10-04T14:42:07Z,-0.04095995798707
2021-10-04T19:09:22Z,0.0873987404629588
2021-10-04T19:49:51Z,-0.6039931327104568
2021-10-05T14:24:47Z,-0.1438042931258678
2021-10-05T14:31:33Z,-0.101912323385477
2021-10-05T20:11:19Z,-0.0218657366931438
2021-10-06T05:36:27Z,0.0098980218172073
2021-10-06T06:41:18Z,0.7909777536988258
2021-10-06T07:57:59Z,0.5330634526908398
2021-10-06T10:00:05Z,-0.8892562258988619
2021-10-06T13:40:51Z,-0.0400197356939315
2021-10-06T19:05:45Z,0.0793302338570356
2021-10-06T21:03:47Z,0.1371707217767834
2021-10-06T21:52:20Z,0.0792019963264465
2021-10-07T10:12:21Z,-0.9306322783231736
2021-10-07T15:32:21Z,0.8092279904522002
2021-10-05T21:07:36Z,0.0644100811332464
2021-10-07T18:51:09Z,0.0443549118936061
2021-10-07T20:18:01Z,-0.0393824502825737
2021-10-08T13:18:36Z,-0.0373257137835025
2021-10-08T16:40:26Z,0.0239389035850763
2021-10-08T18:02:48Z,0.0472779795527458
2021-10-08T19:50:50Z,0.0402872040867805
2021-10-08T20:22:54Z,0.0817310139536857
2021-10-09T18:18:02Z,0.0312258033081889
2021-10-09T21:31:33Z,-0.9443622417747974
2021-10-10T03:10:13Z,-0.6050650011748075
2021-10-11T12:28:43Z,-0.1116135939955711
2021-10-11T14:24:28Z,-0.9342506397515536
2021-10-11T17:00:44Z,-0.0327183920890092
2021-10-12T10:58:06Z,-0.123743861913681
2021-10-12T15:48:49Z,0.932859668508172
2021-10-12T20:09:34Z,0.0044204108417034
2021-10-13T15:39:24Z,0.143766351044178
2021-10-13T20:50:21Z,0.0239319130778312
2021-10-14T10:25:43Z,0.6637662649154663
2021-10-14T13:40:19Z,-0.8354689292609692
2021-10-14T13:43:12Z,-0.958169236779213
2021-10-14T13:45:48Z,0.8670887351036072
2021-10-14T14:01:47Z,-0.6765787843614817
2021-10-14T14:25:56Z,-0.9618764566257596
2021-10-14T15:36:05Z,-0.7439204305410385
2021-10-14T16:29:47Z,0.0973627204075455
2021-10-14T16:38:47Z,0.6854266580194235
2021-10-14T16:42:12Z,-0.9177851350978016
2021-10-14T16:49:42Z,-0.015146754682064
2021-10-14T20:23:05Z,-0.0026631690561771
2021-10-15T03:59:00Z,0.9232212901115416
2021-10-16T20:44:55Z,0.6784036671742797
2021-10-17T15:25:22Z,0.1503257527947425
2021-10-18T09:33:24Z,-0.0195897556841373
2021-10-18T10:40:43Z,-0.0365444719791412
2021-10-18T14:15:37Z,0.078405100852251
2021-10-18T17:15:10Z,-0.0337657108902931
2021-10-18T17:25:45Z,0.4400262767449021
2021-10-18T20:47:28Z,0.2547401199117303
2021-10-20T02:28:53Z,0.6298263035714626
2021-10-20T07:28:48Z,0.416509784758091
2021-10-20T08:56:51Z,0.0476230755448341
2021-10-20T10:45:08Z,0.9114272799342872
2021-10-20T14:24:52Z,0.2780692875385284
2021-10-20T14:26:26Z,0.5373280979692936
2021-10-20T14:30:39Z,0.897178890183568
2021-10-20T14:51:39Z,0.0200478006154298
2021-10-20T16:57:08Z,0.0509509555995464
2021-10-20T16:58:34Z,-0.0184529740363359
2021-10-21T13:46:34Z,0.5393475266173482
2021-10-21T16:55:06Z,0.0936280265450477
2021-10-21T17:56:29Z,0.0625555962324142
2021-10-21T22:12:01Z,0.2234192155301571
2021-10-22T11:33:24Z,-0.3685445636510849
2021-10-22T12:00:19Z,0.1043004319071769
2021-10-22T20:10:49Z,0.0199703909456729
2021-10-23T13:45:28Z,0.0344510730355978
2021-10-25T08:35:52Z,-0.0013769418001174
2021-10-25T08:44:54Z,0.9030201770365238
2021-10-25T10:06:16Z,0.8695473074913025
2021-10-25T11:20:24Z,-0.1186727881431579
2021-10-25T12:15:43Z,-0.605703067034483
2021-10-25T13:07:45Z,0.0409705955535173
2021-10-25T13:46:59Z,0.0360380411148071
2021-10-25T14:08:26Z,-0.0188446249812841
2021-10-25T15:07:02Z,-0.0763974487781524
2021-10-25T15:10:14Z,0.2800711989402771
2021-10-25T15:22:12Z,0.9263632036745548
2021-10-25T15:31:09Z,-0.925293892621994
2021-10-25T15:52:12Z,-0.461958859115839
2021-10-25T18:45:04Z,-0.0184529740363359
2021-10-25T18:57:48Z,0.0266095828264951
2021-10-25T19:35:41Z,0.0365235097706317
2021-10-26T03:44:35Z,-0.0009260959923267
2021-10-26T08:38:58Z,-0.0561933759599924
2021-10-26T09:17:03Z,-0.0353448316454887
2021-10-26T10:03:22Z,0.6634458899497986
2021-10-26T11:28:50Z,0.013915603980422
2021-10-26T14:03:50Z,-0.0849677734076976
2021-10-26T12:07:53Z,0.7954642903059721
2021-10-26T15:16:45Z,0.1670636320486664
2021-10-26T15:26:14Z,0.0809068633243441
2021-10-26T20:02:23Z,0.6433605253696442
2021-10-26T20:21:24Z,0.9271194227039814
2021-10-26T20:19:53Z,0.3958204472437501
2021-10-26T21:00:14Z,-0.8792315199971199
2021-10-26T22:40:56Z,-0.0099250935018062
2021-10-27T08:11:40Z,-0.0464246794581413
2021-10-27T08:54:25Z,0.6939525716006756
2021-10-27T09:38:34Z,0.1025403942912817
2021-10-27T10:24:01Z,-0.9495085384696722
2021-10-27T10:35:05Z,0.83000123873353
2021-10-27T11:37:36Z,-0.1147931292653083
2021-10-27T12:18:42Z,0.0048892647027969
2021-10-27T12:18:53Z,0.7188666295260191
2021-10-27T12:19:36Z,0.3927174806594848
2021-10-27T12:28:00Z,0.0281483698636293
2021-10-27T12:30:33Z,0.7458991874009371
2021-10-27T12:37:49Z,0.8689243085682392
2021-10-27T13:24:52Z,-0.0287669468671083
2021-10-27T13:42:00Z,0.8636509627103806
2021-10-27T13:57:13Z,0.7714333906769753
2021-10-27T14:00:36Z,0.817350635305047
2021-10-27T14:53:14Z,0.3387066833674907
2021-10-27T15:37:09Z,0.4625992178916931
2021-10-27T15:48:34Z,-0.101844847202301
2021-10-27T16:11:58Z,0.0990480817854404
2021-10-27T16:12:40Z,-0.8315446190536022
2021-10-27T16:13:24Z,0.7534525413066149
2021-10-27T16:22:08Z,0.0089536570012569
2021-10-27T16:30:20Z,0.0128190703690052
2021-10-27T17:40:45Z,0.0693631572648882
2021-10-27T19:45:16Z,-0.015519069507718
2021-10-27T21:27:38Z,0.7611509189009666
2021-10-27T21:46:35Z,0.2727900315076113
2021-10-28T09:09:04Z,0.1973270680755376
2021-10-28T11:53:12Z,0.8811258058995008
2021-10-28T14:55:50Z,0.7227827794849873
2021-10-28T16:14:57Z,0.0441930014640092
2021-10-28T18:44:28Z,-0.0229394100606441
2021-10-28T21:52:23Z,0.3982828389853239
2021-10-29T15:09:53Z,-0.045050099492073
2021-10-29T13:53:37Z,0.0466494709253311
2021-10-29T15:18:34Z,0.8081989446654916
2021-10-29T15:46:39Z,0.0144682005047798
2021-10-29T17:04:09Z,0.026212440803647
2021-10-29T18:26:52Z,-0.934096529148519
2021-10-29T21:57:26Z,0.0195501204580068
2021-10-30T16:07:31Z,-0.0005730912089347
2021-10-31T21:27:25Z,-0.0049068462103605
2021-11-01T10:04:38Z,0.2665631142444908
2021-11-01T10:36:49Z,0.0637780129909515
2021-11-01T12:30:19Z,0.0259563447907567
2021-11-01T13:25:00Z,0.0814034156501293
2021-11-01T12:17:15Z,-0.183044821023941
2021-11-01T15:46:50Z,-0.0279153827577829
2021-11-01T16:06:50Z,0.0509509555995464
2021-11-01T16:32:42Z,-0.0143412314355373
2021-11-01T19:42:53Z,-0.0309882275760173
2021-11-01T20:48:38Z,-0.0380286965519189
2021-11-01T21:10:59Z,-0.0256718583405017
2021-11-02T09:45:25Z,0.3826300017535686
2021-11-02T13:40:33Z,-0.9592395462095736
2021-11-02T14:02:40Z,-0.5313310753554106
2021-11-02T15:05:14Z,0.4233999662101269
2021-11-02T15:06:14Z,0.0208194069564342
2021-11-02T15:20:14Z,-0.8626147350296378
2021-11-02T16:19:53Z,0.0128190703690052
2021-11-02T19:01:50Z,0.147923712618649
2021-11-02T21:56:55Z,0.0233553685247898
2021-11-02T22:03:05Z,0.0871837195008993
2021-11-02T22:20:01Z,-0.0509513691067695
2021-11-03T10:54:55Z,0.840775360353291
2021-11-03T11:54:42Z,-0.055409051477909
2021-11-03T12:30:59Z,-0.0444123968482017
2021-11-03T12:38:14Z,0.347278356552124
2021-11-03T15:08:31Z,-0.0247048810124397
2021-11-03T15:35:10Z,0.0859439801424741
2021-11-03T15:44:06Z,-0.9607983948662876
2021-11-03T18:23:22Z,0.0075298473238945
2021-11-04T06:43:58Z,0.0436539920046925
2021-11-04T11:48:40Z,0.1733165327459573
2021-11-04T14:16:38Z,0.6878974586725235
2021-11-04T14:46:11Z,0.0007717907428741
2021-11-04T15:55:57Z,0.2376268710941076
2021-11-04T16:44:37Z,-0.097509428858757
2021-11-05T11:39:58Z,0.1615705648437142
2021-11-05T20:47:18Z,-0.078854814171791
2021-11-05T20:58:10Z,0.0122700650244951
2021-11-08T05:27:50Z,0.0145202577114105
2021-11-08T10:47:00Z,-0.0235932059586048
2021-11-08T14:21:32Z,0.2194736511446535
2021-11-08T14:41:12Z,0.0364743340760469
2021-11-08T16:21:07Z,0.1301828809082508
2021-11-08T17:33:07Z,0.1061839796602726
2021-11-08T18:09:13Z,0.8304166570305824
2021-11-08T18:12:46Z,0.1582897957414388
2021-11-08T18:19:19Z,-0.0279467292129993
2021-11-08T20:22:01Z,-0.0267902296036481
2021-11-09T06:49:38Z,0.1158226691186428
2021-11-09T14:47:30Z,-0.9080730080604552
2021-11-10T14:57:57Z,0.925535812973976
2021-11-10T15:01:44Z,0.326155636459589
2021-11-10T15:02:12Z,0.0614203549921512
2021-11-10T15:04:18Z,-0.9173825290054084
2021-11-10T15:56:16Z,0.0181745272129774
2021-11-10T17:47:11Z,-0.0008651111274957
2021-11-10T18:36:09Z,-0.7084576040506363
2021-11-10T18:52:13Z,-0.9622619790025057
2021-11-10T20:34:46Z,-0.04095995798707
2021-10-19T18:37:44Z,0.0069559533149003
2021-11-11T05:04:53Z,0.2254516035318374
2021-11-11T12:40:51Z,0.0100480653345584
2021-11-12T10:47:48Z,0.0118960849940776
2021-11-12T12:00:36Z,0.0399375623092055
2021-11-12T12:37:02Z,0.0208883713930845
2021-11-12T12:45:07Z,0.0343269864097237
2021-11-12T18:24:49Z,0.0600880682468414
2021-11-14T17:46:45Z,0.066245543770492
2021-11-15T12:43:51Z,0.7577704172581434
2021-11-15T17:07:34Z,0.1014662776142358
2021-11-15T17:27:33Z,0.0509509555995464
2021-11-15T18:33:37Z,0.0750658782199025
2021-11-15T18:34:50Z,0.0276977606117725
2021-11-16T13:30:14Z,0.8852934129536152
2021-11-16T14:11:28Z,0.1684540975838899
2021-11-16T14:17:00Z,0.8606001697480679
2021-11-16T16:00:37Z,0.1020326521247625
2021-11-16T17:52:38Z,-0.015479477122426
2021-11-16T18:22:46Z,0.0720226932317018
2021-11-16T20:31:18Z,0.3771941531449556
2021-11-16T22:25:14Z,0.004826521500945
2021-11-17T13:26:39Z,0.0018360093235969
2021-11-17T15:24:26Z,0.2009729593992233
2021-11-17T17:02:40Z,0.2091004280373454
2021-11-17T17:54:24Z,-0.0174503736197948
2021-11-17T18:07:15Z,0.11969312466681
2021-11-18T13:42:55Z,0.6174997203052044
2021-11-18T15:52:06Z,0.0095815006643533
2021-11-18T16:06:45Z,-0.8454451207071543
2021-11-18T18:07:58Z,0.894272631034255
2021-11-18T19:19:41Z,0.3069231156259775
2021-11-18T20:33:09Z,-0.836642412468791
2021-11-19T13:12:13Z,-0.6836214140057564
2021-11-19T15:15:10Z,-0.1173898056149482
2021-11-19T14:50:43Z,-0.3893676698207855
2021-11-19T18:18:34Z,0.0243477616459131
2021-11-19T19:31:52Z,0.1067540310323238
2021-11-22T13:47:56Z,0.8275732332840562
2021-11-22T15:32:03Z,0.8899524128064513
2021-11-22T16:17:15Z,0.1152137964963913
2021-11-23T17:43:28Z,-0.8136116340756416
2021-11-24T14:48:47Z,0.0238177310675382
2021-11-24T17:26:32Z,-0.102068331092596
2021-11-24T17:59:03Z,-0.873255742713809
2021-11-25T15:52:32Z,-0.4661967195570469
2021-11-26T14:55:42Z,-0.8530299011617899
2021-11-29T11:21:32Z,0.9277956606820226
2021-11-29T12:53:11Z,0.0003832653164863
2021-11-29T14:18:36Z,0.833829540759325
2021-11-29T19:15:11Z,-0.0329097099602222
2021-12-01T12:12:55Z,0.6493312809616327
2021-12-01T12:16:38Z,-0.9161133235320448
2021-12-01T12:46:43Z,0.4005241710692644
2021-12-01T15:47:55Z,0.2002311768010258
2021-12-01T16:00:52Z,0.0385301578789949
2021-12-01T16:03:04Z,0.1405405029654503
2021-12-01T16:05:51Z,-0.0184529740363359
2021-12-01T17:45:20Z,0.0130710657685995
2021-12-01T18:09:07Z,0.0509509555995464
2021-12-01T23:02:06Z,0.0521965296939015
2021-12-02T14:02:13Z,0.4087688103318214
2021-12-02T17:06:21Z,0.1110034435987472
2021-12-03T16:57:47Z,0.6405755979940295
2021-12-05T14:12:15Z,0.8177196681499481
2021-12-05T22:12:19Z,-0.7075807452201843
2021-12-05T22:45:57Z,-0.0101434960961341
2021-12-06T17:06:28Z,0.0509509555995464
2021-12-06T19:11:24Z,0.9253643210977316
2021-12-07T09:38:17Z,-0.1113043893128633
2021-12-08T12:12:24Z,0.1719976440072059
2021-12-08T14:53:13Z,-0.4747672751545906
2021-12-08T14:54:23Z,0.8626901619136333
2021-12-08T15:05:24Z,-0.0613350756466388
2021-12-08T16:36:45Z,0.7152177803218365
2021-12-08T18:52:17Z,-0.0120305940508842
2021-12-09T12:55:30Z,-0.0576853584498167
2021-12-09T17:00:35Z,0.0159957315772771
2021-12-09T18:15:43Z,0.5143981166183949
2021-12-09T18:48:30Z,-0.8399200793355703
2021-12-10T10:46:32Z,0.7994827833026648
2021-12-10T14:01:05Z,0.0882915090769529
2021-12-10T17:42:56Z,0.7712731994688511
2021-12-10T17:54:01Z,-0.0286890156567096
2021-12-10T18:38:18Z,0.0104983821511268
2021-12-10T18:56:33Z,-0.0110653396695852
2021-12-10T19:05:32Z,-0.9412384778261184
2021-12-12T22:39:49Z,0.0711908228695392
2021-12-13T11:27:25Z,0.9355141818523408
2021-12-13T16:12:03Z,0.1691604731604457
2021-12-13T18:14:45Z,0.7258176505565643
2021-12-13T18:16:26Z,-0.1450709383934736
2021-12-14T11:10:47Z,0.9333339417353272
2021-07-26T14:18:10Z,-0.0558805651962757
2021-09-27T20:33:38Z,-0.3485398329794407
2021-12-14T12:28:07Z,0.0201290547847747
2021-12-14T12:48:11Z,0.0211817789822816
2021-12-13T14:35:19Z,0.5378353456035256
2021-12-14T16:47:45Z,-0.0226752385497093
2021-12-14T18:30:58Z,-0.3018213212490082
2021-12-14T19:39:51Z,-0.006708275526762
2021-12-14T20:46:52Z,0.9060950409621
2021-12-14T23:29:44Z,0.1599171301349997
2021-12-15T11:15:14Z,-0.9642929178662598
2021-12-15T11:38:15Z,0.4315176354721188
2021-12-15T22:18:46Z,-0.0376819968223571
2021-12-15T23:00:47Z,0.2818438792601228
2021-12-16T13:52:19Z,-0.7491967063397169
2021-12-16T18:54:16Z,0.0045095384120941
2021-12-16T19:21:57Z,-0.04095995798707
2021-12-17T01:08:12Z,-0.0080999955534935
2021-12-17T07:57:17Z,-0.8941050609573722
2021-12-17T11:54:18Z,0.1869846936315298
2021-12-17T14:15:35Z,0.2155867191031575
2021-12-16T21:24:07Z,0.020875085145235
2021-12-17T17:22:32Z,0.0509509555995464
2021-12-17T18:04:53Z,-0.0090457126498222
2021-12-20T04:22:24Z,0.0021816305816173
2021-12-20T07:10:06Z,0.8157774340361357
2021-12-18T14:13:44Z,0.0285534393042325
2021-12-20T20:56:27Z,-0.04095995798707
2021-12-20T22:30:23Z,0.0282662808895111
2021-12-21T08:45:22Z,-0.0031980350613594
2021-12-21T13:04:40Z,0.083274845033884
2021-12-21T14:15:55Z,0.0449546016752719
2021-12-21T14:21:28Z,0.8609521146863699
2021-12-21T15:03:30Z,0.2008900977671146
2021-12-21T15:55:44Z,0.0509509555995464
2021-12-21T19:27:49Z,0.2389225279912352
2021-12-21T19:57:49Z,0.8353862361982465
2021-12-22T09:17:03Z,-0.2950120642781257
2021-12-22T10:02:39Z,0.7897997479885817
2021-12-22T11:09:08Z,0.0705814845860004
2021-12-22T14:12:36Z,-0.6508750133216381
2021-12-22T15:07:27Z,-0.5771872065961361
2021-12-22T15:27:35Z,0.0128190703690052
2021-12-22T17:40:56Z,-0.9329132502898574
2021-12-23T11:13:31Z,0.3985046660527587
2021-12-27T04:57:46Z,-0.9351057703606784
2021-12-27T12:45:49Z,0.0346555337309837
2021-12-27T16:47:10Z,0.0266095828264951
2021-12-27T17:43:23Z,0.052553815767169
2021-12-27T17:45:07Z,-0.015146754682064
2021-12-27T18:42:57Z,0.2877168171107769
2021-12-27T19:05:07Z,0.0080932006239891
2021-12-27T20:35:02Z,0.2310406416654586
2021-12-27T20:37:43Z,0.8180422321893275
2021-12-27T21:21:11Z,-0.9230015007779002
2021-12-28T16:32:57Z,-0.7959069311618805
2021-12-29T16:14:11Z,0.0368688767775893
2021-12-29T16:23:11Z,0.0137486718595027
2021-12-29T16:56:15Z,0.0850417483597993
2021-12-29T17:58:20Z,0.0177716724574565
2021-12-29T18:16:50Z,0.052553815767169
2021-12-29T20:16:41Z,0.0304472036659717
2021-12-29T21:12:29Z,0.0753180524334311
2021-12-30T12:05:50Z,0.0211390387266874
2021-12-30T18:07:57Z,0.1246272772550582
2021-12-31T17:26:14Z,0.1541629005223512
2021-12-31T17:43:17Z,-0.0039224773645401
2021-12-31T18:18:10Z,0.0243477616459131
2022-01-01T15:25:38Z,0.0508824158459901
2022-01-01T17:31:24Z,0.017617080360651
2022-01-03T13:49:38Z,0.7575126704759896
2022-01-03T17:36:45Z,-0.0039224773645401
2022-01-02T22:18:59Z,0.0420467723160982
2022-01-04T17:42:32Z,-0.0039224773645401
2022-01-04T19:23:34Z,0.196942051872611
2022-01-04T19:43:15Z,-0.04095995798707
2022-01-04T21:03:28Z,0.0346814487129449
2022-01-04T21:20:05Z,0.2707402035593986
2022-01-04T21:20:11Z,0.7715531820431352
2022-01-04T21:22:44Z,0.4714323123916983
2022-01-04T21:23:11Z,0.4823513878509402
2022-01-04T23:27:36Z,0.0657386155799031
2022-01-05T11:45:43Z,0.5409813709557056
2022-01-05T14:02:32Z,0.0270738564431667
2022-01-05T14:27:39Z,0.0169578902423381
2022-01-05T14:37:11Z,0.0801347605884075
2022-01-05T15:37:27Z,-0.0572389233857393
2022-01-05T17:36:42Z,-0.0039224773645401
2022-01-05T18:01:17Z,0.0337836854159832
2022-01-05T20:50:35Z,-0.04095995798707
2022-01-06T16:32:35Z,0.1061745649203658
2022-01-06T16:47:36Z,0.9166659731417894
2022-01-06T17:36:54Z,-0.0039224773645401
2022-01-06T18:20:57Z,0.1130982087925076
2022-01-08T21:42:09Z,0.0032126568257808
2022-01-08T22:25:29Z,0.7846393771469593
2022-01-09T15:49:21Z,0.9267037007957696
2022-01-10T14:33:39Z,0.0387046709656715
2022-01-10T16:21:06Z,0.0088007487356662
2022-01-10T17:05:44Z,-0.0022088214755058
2022-01-10T21:06:18Z,-0.0036669690161943
2022-01-11T15:20:31Z,0.0230790581554174
2022-01-11T15:54:29Z,0.3517234474420547
2022-01-11T17:35:52Z,0.052553815767169
2022-01-11T18:46:14Z,0.9240359328687192
2022-01-11T20:10:59Z,-0.0026108473539352
2022-01-11T21:06:10Z,-0.0101678892970085
2022-01-12T04:14:59Z,-0.6900669485330582
2022-01-12T14:03:28Z,0.4550193762406707
2022-01-12T15:47:36Z,0.0227695740759372
2022-01-12T16:53:29Z,0.0051393378525972
2022-01-12T17:36:38Z,-0.0039224773645401
2022-01-12T18:54:36Z,0.0243477616459131
2022-01-12T19:44:07Z,-0.0820613466203212
2022-01-13T03:50:13Z,-0.8559751696884632
2022-01-13T17:16:24Z,-0.8041872465983033
2022-01-13T17:40:47Z,0.052553815767169
2022-01-13T20:04:54Z,-0.9568457268178464
2022-01-14T14:16:09Z,-0.1263148412108421
2022-01-14T15:34:20Z,0.0509509555995464
2022-01-14T19:19:01Z,0.052553815767169
2022-01-14T20:33:05Z,0.8988949880003929
2022-01-16T20:20:28Z,-0.9417873453348876
2022-01-17T14:26:30Z,-0.2745517343282699
2022-01-18T13:16:46Z,0.2636232934892177
2022-01-18T13:18:14Z,-0.0078927353024482
2022-01-18T13:18:22Z,0.4351480007171631
2022-01-18T13:27:09Z,0.0400437070056796
2022-01-18T13:30:11Z,0.2557915672659874
2022-01-18T13:33:45Z,0.021388741210103
2022-01-18T13:34:17Z,-0.0289800725877285
2022-01-18T13:35:23Z,0.183946500532329
2022-01-18T13:35:58Z,0.0951764537021517
2022-01-18T13:38:33Z,0.8202189598232508
2022-01-18T13:40:12Z,0.5991258323192596
2022-01-18T13:40:32Z,0.8819207823835313
2022-01-18T13:41:39Z,-0.9564921031706036
2022-01-18T13:44:32Z,-0.4862403776496649
2022-01-18T14:01:58Z,0.0162468012422323
2022-01-18T14:02:21Z,0.0186171904206275
2022-01-18T14:52:00Z,-0.0225521996617317
2022-01-18T14:56:19Z,0.1758441533893346
2022-01-18T15:02:52Z,0.0207900088280439
2022-01-18T15:31:52Z,-0.102068331092596
2022-01-18T16:49:57Z,0.1528685837984085
2022-01-18T17:12:43Z,-0.95452693477273
2022-01-18T17:32:56Z,0.0524996276944875
2022-01-18T17:39:59Z,-0.7906220583245158
2022-01-18T17:40:51Z,-0.8986792545765638
2022-01-18T18:54:04Z,0.0875580608844757
2022-01-18T19:22:24Z,0.2997732050716877
2022-01-18T19:35:32Z,0.4830551333725452
2022-01-18T20:23:01Z,0.052553815767169
2022-01-18T20:46:24Z,-0.9470896515995264
2022-01-18T22:19:01Z,-0.5055343993008137
2022-01-18T22:43:00Z,0.9346421081572772
2022-01-19T10:01:47Z,0.031499970704317
2022-01-19T12:20:05Z,0.0235259206965565
2022-01-19T15:14:38Z,-0.015146754682064
2022-01-19T14:58:15Z,0.931518904864788
2022-01-19T17:38:51Z,-0.0039224773645401
2022-01-19T18:00:08Z,-0.0065749865025281
2022-01-19T18:58:13Z,0.0621693339198827
2022-01-19T20:11:51Z,0.0261220782995224
2022-01-19T21:09:27Z,0.1390417292714119
2022-01-19T21:53:24Z,0.2308151740580797
2022-01-19T23:21:19Z,0.1656944528222084
2022-01-20T14:14:38Z,0.0262857815250754
2022-01-20T14:21:43Z,0.0128591582179069
2022-01-20T15:34:11Z,-0.4613364636898041
2022-01-20T16:31:26Z,0.6106884712353349
2022-01-20T17:55:00Z,-0.9128564968705176
2022-01-20T17:56:09Z,-0.8628782378509641
2022-01-20T17:56:33Z,-0.0655376818031072
2022-01-20T18:19:05Z,0.052553815767169
2022-01-20T18:31:20Z,0.1371299913153052
2022-01-20T20:15:46Z,0.9360982831567526
2022-01-20T21:20:53Z,0.6759829372167587
2022-01-21T14:07:06Z,0.0245145428925752
2022-01-21T16:04:29Z,-0.0858271308243274
2022-01-21T17:35:55Z,-0.0039224773645401
2022-01-21T20:46:31Z,-0.2470353320240974
2022-01-21T21:36:57Z,0.0491991266608238
2022-01-17T19:03:00Z,-0.0241634771227836
2022-01-23T15:50:07Z,0.0369360987097024
2022-01-23T16:18:44Z,0.8937649838626385
2022-01-23T17:02:54Z,0.0079875364899635
2022-01-24T11:46:21Z,0.1223025918006897
2022-01-24T12:06:50Z,0.0146267600357532
2022-01-24T16:05:21Z,0.0266095828264951
2022-01-24T16:36:28Z,-0.934283503331244
2022-01-24T16:44:09Z,0.0104047413915395
2022-01-24T18:16:12Z,0.052553815767169
2022-01-24T15:11:52Z,-0.9635539427399636
2022-01-25T09:03:51Z,-0.0869654305279254
2022-01-25T09:14:19Z,-0.0017203204333782
2022-01-25T10:34:00Z,-0.90507198497653
2022-01-25T12:16:10Z,0.931963862851262
2022-01-25T12:34:28Z,0.2968673035502434
2022-01-25T13:59:52Z,0.0275227632373571
2022-01-25T15:08:01Z,0.402866005897522
2022-01-25T15:40:39Z,-0.001721516251564
2022-01-25T17:00:36Z,-0.9318052157759666
2022-01-25T17:13:11Z,0.008638696745038
2022-01-25T17:42:35Z,0.052553815767169
2022-01-25T18:57:16Z,0.0215861741453409
2022-01-25T20:43:44Z,0.7129129897803068
2022-01-25T21:02:34Z,-0.3635841608047485
2022-01-25T21:03:50Z,0.6520043164491653
2022-01-25T21:05:17Z,0.9408564902842044
2022-01-25T21:22:31Z,-0.0248595476150512
2022-01-25T21:36:15Z,-0.8936844021081924
2022-01-25T22:20:17Z,0.0573882013559341
2022-01-25T22:37:36Z,0.7349889799952507
2022-01-25T23:16:14Z,0.4451710302382707
2022-01-25T23:17:03Z,0.1753016039729118
2022-01-25T23:17:33Z,0.904964294284582
2022-01-25T23:18:52Z,0.9207891542464496
2022-01-25T21:31:14Z,0.9257911220192908
2022-01-25T23:29:13Z,-0.1729619465768337
2022-01-26T02:15:04Z,0.1786140911281108
2022-01-26T03:15:11Z,0.9365033078938724
2022-01-26T09:16:11Z,-0.0105930641293525
2022-01-26T10:16:30Z,0.4574731215834617
2022-01-26T11:23:36Z,0.6636895760893822
2022-01-26T14:06:29Z,-0.1412066221237182
2022-01-26T14:09:17Z,0.3086441271007061
2022-01-26T14:42:47Z,0.8272760771214962
2022-01-26T14:51:03Z,0.0943163447082042
2022-01-26T15:02:51Z,0.2510829865932464
2022-01-26T15:03:12Z,0.8193449936807156
2022-01-26T15:06:07Z,0.5832242630422115
2022-01-26T16:03:11Z,0.7780308518558741
2022-01-26T17:04:42Z,0.0979556199163198
2022-01-26T17:38:12Z,-0.0039224773645401
2022-01-26T18:01:30Z,0.0712126865983009
2022-01-26T18:52:01Z,0.2016168478876352
2022-01-26T19:45:08Z,0.9089265307411551
2022-01-27T13:19:40Z,0.0263706371188163
2022-01-27T13:36:20Z,0.033060286194086
2022-01-27T15:01:51Z,0.0045095384120941
2022-01-27T15:16:58Z,0.8862795382738113
2022-01-27T16:50:12Z,0.0031973756849765
2022-01-27T18:01:15Z,-0.0039224773645401
2022-01-27T18:33:51Z,0.0721814222633838
2022-01-27T20:27:18Z,0.3965538237243891
2022-01-27T20:46:49Z,0.0310963857918977
2022-01-28T17:38:24Z,0.052553815767169
2022-01-28T20:36:37Z,-0.6687266975641251
2022-01-23T16:23:51Z,0.0396709013730287
2022-01-28T22:59:52Z,0.0509509555995464
2022-01-29T21:24:03Z,-0.0065019689500331
2022-01-30T22:26:48Z,-0.2562225311994552
2022-01-31T09:19:58Z,-0.7837002947926521
2022-01-31T15:13:29Z,0.9401751598343252
2022-01-31T20:56:57Z,-0.4028474241495132
2022-01-31T23:40:43Z,0.0950097842141985
2022-02-01T10:16:01Z,-0.0286585018038749
2022-02-01T10:44:01Z,-0.3739197701215744
2022-02-01T12:06:27Z,-0.805034214630723
2022-02-01T18:59:55Z,0.1090089250355959
2022-02-01T20:42:37Z,0.0147565975785255
2022-02-02T10:00:44Z,-0.6015027221292257
2022-02-02T14:03:46Z,0.0486683137714862
2022-02-02T17:44:29Z,0.052553815767169
2022-02-02T20:36:35Z,-0.102068331092596
2022-02-03T00:20:12Z,0.0143881980329751
2022-02-02T11:45:53Z,-0.0118559431284666
2022-02-03T14:23:57Z,0.0018080472946166
2022-02-03T16:46:13Z,-0.4262910671532154
2022-02-03T16:46:38Z,-0.2870777994394302
2022-02-03T17:41:46Z,0.052553815767169
2022-02-03T21:15:52Z,0.0075124204158782
2022-02-04T13:58:39Z,0.6770321168005466
2022-02-04T14:55:57Z,0.9112815428525208
2022-02-04T16:31:47Z,0.7862144224345684
2022-02-04T17:37:38Z,0.0337840132415294
2022-02-04T17:42:35Z,-0.0039224773645401
2022-02-04T20:16:48Z,0.2711560577154159
2022-02-04T21:20:32Z,0.0405780579894781
2022-02-05T16:08:59Z,0.0296222027391195
2022-02-06T16:42:50Z,-0.0023388676345348
2022-02-06T17:03:30Z,0.1216658418998122
2022-02-06T18:15:03Z,0.0262279547750949
2022-02-02T23:19:39Z,0.8663312122225761
2022-02-07T14:48:31Z,0.2706111120060086
2022-02-07T17:41:37Z,-0.0039224773645401
2022-02-07T18:58:33Z,0.3608597032725811
2022-02-08T13:14:02Z,0.918069863691926
2022-02-08T14:32:00Z,0.043779220432043
2022-02-08T15:19:10Z,-0.1144561730325222
2022-02-04T16:07:47Z,0.0098748579621315
2022-02-08T18:50:55Z,0.0165371876209974
2022-02-08T19:40:31Z,0.166424092836678
2022-02-08T20:39:03Z,0.9181550089269876
2022-02-09T12:25:28Z,-0.8174864165484905
2022-02-09T12:28:32Z,0.1506343707442283
2022-02-09T13:40:05Z,0.93013147264719
2022-02-09T14:40:10Z,0.0580157171934843
2022-02-09T15:08:24Z,0.8641342781484127
2022-02-09T17:33:51Z,0.012181406840682
2022-02-09T17:48:15Z,-0.0039224773645401
2022-02-09T21:09:45Z,0.0288929864764213
2022-02-10T13:01:17Z,-0.5442799981683493
2022-02-10T17:46:00Z,-0.0039224773645401
2022-02-11T16:29:24Z,0.9215158810839056
2022-02-11T17:03:14Z,-0.0187627635896205
2022-02-12T16:12:27Z,0.0109077971428632
2022-02-14T15:48:54Z,0.3887815391644835
2022-02-14T17:35:40Z,-0.0039224773645401
2022-02-14T17:49:37Z,0.6098344717174768
2022-02-14T21:05:11Z,0.0855992464348673
2022-02-15T08:14:43Z,0.5068607870489359
2022-02-15T13:12:48Z,0.7550622634589672
2022-02-15T13:14:15Z,0.0917483773082494
2022-02-15T15:59:49Z,0.9341379515826702
2022-02-15T17:01:59Z,0.0229957085102796
2022-02-15T17:37:12Z,-0.0039224773645401
2022-02-15T19:17:17Z,0.0172249265015125
2022-02-15T19:18:05Z,-0.0049369391053915
2022-02-15T20:22:57Z,0.8154971264302731
2022-02-15T21:36:42Z,0.0266095828264951
2022-02-15T22:03:47Z,0.0352796697989106
2022-02-17T16:19:22Z,-0.1810470446944236
2022-02-17T17:10:03Z,0.0338385887444019
2022-02-17T17:36:08Z,-0.0039224773645401
2022-02-17T21:22:44Z,-0.958200726658106
2022-02-18T12:09:10Z,-0.0326881557703018
2022-02-18T12:14:26Z,0.4387362371198833
2022-02-18T12:20:59Z,-0.8703658953309059
2022-02-18T17:03:21Z,0.0623845970258116
2022-02-18T17:35:48Z,-0.0039224773645401
2022-02-19T18:39:29Z,0.8079744912683964
2022-02-21T21:17:32Z,-0.0240921434015035
2022-02-21T22:16:35Z,0.4130840487778187
2022-02-22T14:14:54Z,0.9200518606230615
2022-02-22T15:37:35Z,0.023415233939886
2022-02-22T17:50:05Z,-0.0433418489992618
2022-02-22T18:04:29Z,-0.102068331092596
2022-02-22T22:08:08Z,-0.6139841079711914
2022-02-23T12:45:33Z,-0.4897354617714882
2022-02-23T14:42:16Z,0.0343508841469883
2022-02-23T19:13:42Z,0.1561703905463218
2022-02-23T19:35:38Z,-0.0385873951017856
2022-02-23T20:33:49Z,-0.939346281811595
2022-02-24T16:21:00Z,-0.007197992876172
2022-02-24T16:30:06Z,0.0243477616459131
2022-02-24T16:44:13Z,0.1964121283963322
2022-02-24T17:10:35Z,0.0258578974753618
2022-02-24T17:36:53Z,0.052553815767169
2022-02-24T20:51:35Z,0.1117569152265787
2022-02-25T16:35:47Z,-0.0199987925589084
2022-02-26T19:29:32Z,0.0282342601567506
2022-02-27T17:32:21Z,0.0301704984158277
2022-02-27T21:59:30Z,-0.0099882241338491
2022-02-28T17:03:17Z,0.1991150537505746
2022-02-28T17:35:16Z,-0.6864270847290754
2022-02-28T17:40:57Z,-0.0039224773645401
2022-02-28T18:28:01Z,0.1777554061263799
2022-02-28T18:30:20Z,0.5606635455042124
2022-02-28T19:47:41Z,0.078508511185646
2022-02-28T21:43:11Z,0.2952918242663145
2022-03-01T12:15:31Z,0.782243360299617
2022-03-01T17:38:28Z,-0.0039224773645401
2022-03-02T17:41:13Z,0.052553815767169
2022-03-02T13:52:33Z,0.0588503032922744
2022-03-02T21:31:02Z,-0.8939388347789645
2022-03-03T12:21:06Z,0.0103610698133707
2022-03-03T15:49:46Z,0.0266095828264951
2022-03-03T17:35:54Z,0.052553815767169
2022-03-03T22:27:09Z,0.0198074653744697
2022-03-03T23:00:24Z,-0.7829746622592211
2022-03-04T14:23:22Z,-0.0088318884372711
2022-03-04T20:39:57Z,-0.9453183580189944
2022-03-07T12:15:49Z,0.5007880628108978
2022-03-07T12:38:36Z,0.0532274190336465
2022-03-07T15:32:23Z,0.0301850419491529
2022-03-07T17:19:14Z,-0.9475249899551272
2022-03-07T18:29:51Z,-0.0039224773645401
2022-03-07T20:49:35Z,0.0760875614359974
2022-03-07T21:29:25Z,-0.9134649466723204
2022-03-07T21:39:18Z,0.2460629269480705
2022-03-07T16:08:48Z,-0.938272163271904
2022-03-08T13:08:07Z,0.8383913561701775
2022-03-08T14:41:02Z,-0.0138890631496906
2022-03-08T16:00:14Z,0.9313903730362654
2022-03-08T16:19:45Z,0.0051291473209857
2022-03-08T17:54:25Z,-0.0039224773645401
2022-03-08T20:56:52Z,0.9080317430198191
2022-03-09T11:13:44Z,-0.567239897325635
2022-03-09T12:06:33Z,0.0556023716926574
2022-03-09T15:37:22Z,-0.8957977807149291
2022-03-09T15:41:29Z,0.0799557603895664
2022-03-09T17:41:30Z,0.052553815767169
2022-03-10T02:45:59Z,0.0316926445811986
2022-03-10T16:44:39Z,-0.9402060750871896
2022-03-10T18:03:54Z,0.052553815767169
2022-03-10T20:45:03Z,0.3391312509775162
2022-03-10T21:08:40Z,-0.4955742452293634
2022-03-11T03:30:24Z,0.0048393681645393
2022-03-11T13:00:46Z,0.1460704300552606
2022-03-11T17:35:31Z,-0.0039224773645401
2022-03-11T19:12:11Z,-0.0572389233857393
2022-03-12T16:32:57Z,0.0274589974433183
2022-03-14T12:23:05Z,-0.2507940977811813
2022-03-14T15:24:21Z,0.1353000495582819
2022-03-14T21:39:20Z,-0.102068331092596
2022-03-15T12:03:48Z,0.8955114847049117
2022-03-15T13:01:28Z,0.430940612219274
2022-03-15T13:01:56Z,0.0914910333231091
2022-03-15T13:43:19Z,0.0045095384120941
2022-03-15T15:12:36Z,-0.6970008164644241
2022-03-15T15:33:31Z,0.9096631985157728
2022-03-15T16:46:41Z,0.912122704088688
2022-03-11T18:52:40Z,0.0041241068392992
2022-03-15T16:57:22Z,0.4038094962015748
2022-03-15T17:38:22Z,-0.9373972024768592
2022-03-15T17:39:03Z,-0.0039224773645401
2022-03-15T18:01:26Z,0.3591363914310932
2022-03-15T18:01:32Z,0.04419138841331
2022-03-15T20:12:45Z,-0.7709078192710876
2022-03-15T20:27:07Z,0.7779366504400969
2022-03-16T04:43:59Z,0.1635830411687493
2022-03-16T14:36:57Z,0.140473541803658
2022-03-16T14:38:57Z,-0.1427606344223022
2022-03-16T16:33:31Z,0.781950416509062
2022-03-16T17:22:53Z,-0.5364447962492704
2022-03-16T17:38:59Z,-0.0039224773645401
2022-03-17T10:40:41Z,0.7847593566402793
2022-03-17T13:32:36Z,0.8713959185406566
2022-03-17T15:05:41Z,0.0453140065073967
2022-03-17T17:35:42Z,0.052553815767169
2022-03-17T18:26:29Z,-0.1644226461648941
2022-03-17T20:07:30Z,-0.9235351327806712
2022-03-18T14:12:06Z,0.9285352304577827
2022-03-18T15:39:57Z,0.1248801918700337
2022-03-18T17:53:03Z,-0.0039224773645401
2022-03-19T17:57:52Z,0.0217598248273134
2022-03-20T14:33:47Z,-0.2342945635318756
2022-03-21T06:11:09Z,0.6995521113276482
2022-03-21T11:20:56Z,-0.0030518323183059
2022-03-21T12:05:30Z,0.2574873035773635
2022-03-21T14:12:26Z,-0.102068331092596
2022-03-21T14:41:57Z,-0.8409926183521748
2022-03-21T16:23:43Z,-0.880095949396491
2022-03-21T17:36:49Z,0.052553815767169
2022-03-21T21:06:57Z,0.0681427139788866
2022-03-22T09:50:23Z,-0.8479302413761616
2022-03-22T12:46:11Z,-0.0630837902426719
2022-03-22T14:03:36Z,-0.1074812412261962
2022-03-22T15:18:26Z,-0.1152740083634853
2022-03-22T17:35:55Z,0.0411649961024522
2022-03-22T17:43:01Z,0.052553815767169
2022-03-22T17:43:05Z,0.003975061699748
2022-03-22T19:55:03Z,0.5732948584482074
2022-03-23T02:53:26Z,0.0535812946036458
2022-03-23T11:00:48Z,-0.093422532081604
2022-03-23T12:06:44Z,-0.0214942544698715
2022-03-23T15:20:24Z,-0.7122428193688393
2022-03-23T16:12:21Z,-0.7957553751766682
2022-03-23T17:50:42Z,-0.0039224773645401
2022-03-23T18:09:37Z,0.2269721459597349
2022-03-23T20:00:53Z,0.0138638280332088
2022-03-23T17:29:57Z,0.0865210173651576
2022-03-24T11:52:09Z,-0.0608071647584438
2022-03-24T13:27:17Z,-0.0146425571292638
2022-03-24T17:47:04Z,0.0068257134407758
2022-03-24T17:59:32Z,0.052553815767169
2022-03-25T11:07:33Z,-0.5251304879784584
2022-03-25T14:16:36Z,-0.8456754852086306
2022-03-25T17:35:54Z,-0.0039224773645401
2022-03-25T21:23:10Z,-0.0016979500651359
2022-03-26T20:18:28Z,0.007504953071475
2022-03-27T21:17:50Z,-0.006291339173913
2022-03-28T03:04:39Z,-0.5137602537870407
2022-03-28T10:53:43Z,-0.4917673617601394
2022-03-28T14:09:40Z,-0.0929247662425041
2022-03-28T15:02:00Z,0.0607427600771188
2022-03-28T18:49:16Z,0.1030069673433899
2022-03-29T11:03:51Z,0.1217228705063462
2022-03-29T13:56:08Z,0.1614442039281129
2022-03-29T15:55:31Z,0.0242326911538839
2022-03-29T18:27:54Z,-0.0248991698026657
2022-03-29T18:38:04Z,-0.0039224773645401
2022-03-29T19:03:22Z,0.5158817321062088
2022-03-30T13:27:26Z,-0.9299488626420498
2022-03-30T13:33:19Z,0.0186940003186464
2022-03-30T13:44:35Z,0.0237645711749792
2022-03-30T13:52:03Z,-0.0428718216717243
2022-03-30T14:16:41Z,0.3246541358530521
2022-03-30T15:12:02Z,0.0982416337355971
2022-03-30T15:20:53Z,-0.6782030258327723
2022-03-30T17:30:53Z,0.0561430025845766
2022-03-30T17:50:18Z,0.052553815767169
2022-03-30T20:05:57Z,0.7882179049775004
2022-03-30T20:19:36Z,0.6519936975091696
2022-03-30T20:29:21Z,-0.9299981351941824
2022-03-30T21:14:22Z,0.8234094548970461
2022-03-31T08:48:29Z,-0.0786387957632541
2022-03-31T13:15:55Z,-0.0134508702903985
2022-03-31T15:12:36Z,0.0193107388913631
2022-03-31T15:43:17Z,-0.917795181274414
2022-03-31T17:35:37Z,0.052553815767169
2022-03-31T19:21:45Z,-0.95522721670568
2022-03-31T19:59:02Z,-0.5891079120337963
2022-03-31T19:59:59Z,-0.5587399937212467
2022-04-01T13:21:23Z,0.8002700097858906
2022-04-01T14:11:38Z,-0.6536398380994797
2022-03-31T23:21:27Z,0.0714099919423461
2022-04-01T17:39:14Z,-0.0039224773645401
2022-04-01T18:20:06Z,-0.9306177869439124
2022-04-02T15:53:34Z,0.1076561454683542
2022-04-02T17:20:39Z,0.9343002224341036
2022-04-03T19:53:05Z,-0.0012649782001972
2022-04-04T12:46:46Z,0.2031409684568643
2022-04-04T17:44:38Z,-0.0039224773645401
2022-04-05T13:15:40Z,0.4799490086734295
2022-04-05T14:32:21Z,-0.0572389233857393
2022-04-05T15:45:01Z,0.1118883751332759
2022-04-05T17:53:18Z,0.052553815767169
2022-04-05T18:37:44Z,0.0565802492201328
2022-04-05T21:39:16Z,0.0735318716615438
2022-04-06T11:04:37Z,0.8317891480401158
2022-04-06T13:10:00Z,0.3739663884043693
2022-04-06T13:37:53Z,0.5755121186375618
2022-04-06T17:58:19Z,0.052553815767169
2022-04-06T18:16:35Z,-0.0442106910049915
2022-04-06T20:27:20Z,-0.6499953381717205
2022-04-07T11:23:31Z,0.8927399413660169
2022-04-07T16:22:41Z,0.0440332815051078
2022-04-07T16:58:10Z,0.7420083209872246
2022-04-07T17:57:09Z,-0.0039224773645401
2022-04-07T18:42:22Z,-0.235956385731697
2022-04-08T09:02:05Z,-0.7741040084511042
2022-04-08T12:04:20Z,-0.0131877325475215
2022-04-08T13:20:10Z,0.0919809304177761
2022-04-08T15:35:31Z,0.0812096782028675
2022-04-09T13:40:36Z,0.0895040854811668
2022-04-09T17:24:40Z,0.2523988494649529
2022-04-10T12:13:04Z,0.5020754262804985
2022-04-11T16:07:12Z,-0.045249555259943
2022-04-11T16:09:20Z,-0.0016085226088762
2022-04-11T17:14:15Z,-0.9145931312814356
2022-04-11T17:32:22Z,-0.0226655341684818
2022-04-11T17:47:54Z,0.052553815767169
2022-04-11T19:00:07Z,0.0021652355790138
2022-04-11T21:02:48Z,-0.0087355114519596
2022-04-12T11:45:50Z,0.1709300875663757
2022-04-12T11:49:48Z,0.0837509334087371
2022-04-12T12:08:13Z,-0.0158913061022758
2022-04-12T13:27:00Z,0.0032514594495296
2022-04-12T15:46:48Z,0.9071124522015452
2022-04-12T19:49:36Z,-0.9135702634230256
2022-04-13T09:39:24Z,0.0001817774027585
2022-04-13T11:29:39Z,0.6793450713157654
2022-04-13T15:08:12Z,0.1726736044511199
2022-04-13T15:24:34Z,-0.8574460875242949
2022-04-13T16:15:00Z,-0.6744580455124378
2022-04-13T16:27:42Z,0.0006987713277339
2022-04-13T17:36:09Z,0.052553815767169
2022-04-14T13:07:36Z,0.456605888903141
2022-04-14T13:11:37Z,-0.9589638924226164
2022-04-14T14:42:11Z,0.0243477616459131
2022-04-14T17:37:08Z,0.052553815767169
2022-04-14T17:37:14Z,0.9252874329686164
2022-04-14T19:10:53Z,0.020448138937354
2022-04-14T20:31:41Z,-0.1987148895859718
2022-04-14T23:27:43Z,-0.0034532584249973
2022-04-15T13:59:55Z,-0.2514168284833431
2022-04-15T19:57:59Z,0.0244294498115777
2022-04-18T09:55:49Z,0.0154843889176845
2022-04-18T12:21:49Z,-0.0025334767997264
2022-04-18T12:59:45Z,0.0336428210139274
2022-04-18T16:28:14Z,0.1329072592779994
2022-04-18T17:49:38Z,0.052553815767169
2022-04-14T14:27:22Z,-0.0077893659472465
2022-04-18T20:30:35Z,-0.0014674235135316
2022-04-18T20:51:27Z,0.032281020656228
2022-04-19T11:58:09Z,0.146228939294815
2022-04-19T12:11:12Z,0.6736441678367555
2022-04-19T13:11:31Z,0.0128190703690052
2022-04-19T13:28:23Z,0.0097438693046569
2022-04-19T14:41:16Z,-0.0927682165056467
2022-04-19T15:52:00Z,0.2695328518748283
2022-04-19T17:42:18Z,0.052553815767169
2022-04-19T18:34:59Z,0.0051828250288963
2022-04-20T09:28:59Z,0.3270648187026381
2022-04-20T11:29:29Z,0.107683046720922
2022-04-20T15:28:08Z,0.0433182679116725
2022-04-20T16:51:36Z,-0.0067889485508203
2022-04-20T17:41:07Z,0.052553815767169
2022-04-20T18:32:32Z,0.0604623295366764
2022-04-20T18:52:11Z,-0.8251758143305779
2022-04-21T12:21:05Z,0.3906512707471847
2022-04-21T14:58:11Z,0.6777491737157106
2022-04-21T17:36:50Z,-0.0039224773645401
2022-04-21T18:45:20Z,0.8591762715950608
2022-04-21T19:02:57Z,-0.940540368668735
2022-04-21T19:51:51Z,0.3189807813614607
2022-04-22T12:48:23Z,-0.8394395224750042
2022-04-22T13:25:28Z,0.0127324480563402
2022-04-22T14:03:28Z,0.0243477616459131
2022-04-22T15:58:38Z,-0.6793560516089201
2022-04-22T17:03:49Z,-0.94027716293931
2022-04-22T18:56:20Z,-0.2815500125288963
2022-04-22T21:06:47Z,0.0846651960164308
2022-04-23T15:51:17Z,-0.396930469200015
2022-04-23T18:55:31Z,-0.4208308011293411
2022-04-23T19:39:33Z,0.0237158965319395
2022-04-23T22:12:21Z,-0.0882852859795093
2022-04-24T14:47:36Z,0.011102370917797
2022-04-24T19:54:55Z,0.0191463492810726
2022-04-24T17:43:58Z,0.030536787584424
2022-04-25T07:56:33Z,0.0497401021420955
2022-04-25T12:02:01Z,0.1266605844721198
2022-04-25T12:33:34Z,0.4950082898139953
2022-04-25T12:42:57Z,-0.964397832751274
2022-04-25T13:17:04Z,0.0084641184657812
2022-04-25T17:19:14Z,-0.0024001915007829
2022-04-25T17:42:33Z,-0.2828769460320472
2022-04-25T17:46:06Z,0.052553815767169
2022-04-25T18:53:33Z,0.2790874075144529
2022-04-25T21:59:54Z,-0.0027694702148437
2022-04-25T23:33:03Z,-0.0082900635898113
2022-04-26T01:01:51Z,0.029623745009303
2022-04-26T04:40:54Z,-0.4616931825876236
2022-04-26T08:16:38Z,-0.0101374499499797
2022-04-26T08:34:47Z,-0.0858792494982481
2022-04-26T09:02:26Z,-0.9247126914560796
2022-04-26T09:14:45Z,-0.9047574065625668
2022-04-26T10:13:43Z,0.1344501208513975
2022-04-26T12:02:50Z,-0.2416601479053497
2022-04-26T12:13:50Z,0.0049717482179403
2022-04-26T12:32:14Z,0.575128298252821
2022-04-26T14:03:25Z,0.0531029431149363
2022-04-26T14:36:06Z,-0.6694052126258612
2022-04-26T15:20:43Z,0.0106106139719486
2022-04-26T16:13:17Z,0.7252049148082733
2022-04-26T16:25:08Z,-0.0319447368383407
2022-04-26T16:26:44Z,-0.0043236445635557
2022-04-26T18:01:28Z,0.052553815767169
2022-04-26T18:07:42Z,0.0203549787402153
2022-04-26T18:29:21Z,0.1576088387519121
2022-04-26T19:09:46Z,0.0380265563726425
2022-04-26T19:33:37Z,0.0061839073896408
2022-04-26T20:02:26Z,-0.2365796826779842
2022-04-26T20:09:08Z,0.6507404893636703
2022-04-26T20:09:35Z,0.0223531201481819
2022-04-26T20:24:23Z,-0.0111202709376811
2022-04-26T20:54:22Z,0.8472447916865349
2022-04-26T23:54:34Z,-0.0088331829756498
2022-04-27T01:23:46Z,-0.0562611334025859
2022-04-27T02:08:01Z,-0.8451200053095818
2022-04-27T04:53:15Z,0.0566142704337835
2022-04-27T07:36:12Z,-0.0158881247043609
2022-04-27T09:29:26Z,-0.0089181009680032
2022-04-27T09:33:05Z,-0.7396547570824623
2022-04-27T10:00:56Z,-0.0507968589663505
2022-04-27T10:31:04Z,0.874054554849863
2022-04-27T10:21:30Z,-0.2905123308300972
2022-04-27T08:09:08Z,0.0245203003287315
2022-04-27T11:39:54Z,0.0364342927932739
2022-04-27T11:42:53Z,0.1012591272592544
2022-04-27T11:45:33Z,-0.1147931292653083
2022-04-27T11:46:22Z,0.0307911932468414
2022-04-27T11:53:08Z,-0.3532222211360931
2022-04-27T11:47:23Z,0.3871824592351913
2022-04-27T12:06:24Z,-0.0243792384862899
2022-04-27T12:27:45Z,0.4005429670214653
2022-04-27T13:33:39Z,-0.0042880624532699
2022-04-27T14:17:57Z,0.3097687605768442
2022-04-27T15:38:02Z,-0.102068331092596
2022-04-27T16:09:08Z,-0.3717523068189621
2022-04-27T16:21:29Z,-0.0082207694649696
2022-04-27T17:02:24Z,-0.7224514298141003
2022-04-27T17:47:47Z,-0.0039224773645401
2022-04-27T18:17:31Z,-0.0342186708003282
2022-04-27T18:46:10Z,0.8181692305952311
2022-04-27T20:01:52Z,0.0453438721597194
2022-04-27T20:03:17Z,0.0309827923774719
2022-04-27T20:04:01Z,0.0570699553936719
2022-04-27T20:05:53Z,0.9043955467641354
2022-04-27T22:35:38Z,-0.0346702635288238
2022-04-28T08:17:36Z,0.1070207841694355
2022-04-28T14:33:46Z,0.0223099067807197
2022-04-28T14:45:14Z,-0.0353380423039197
2022-04-28T16:16:25Z,-0.9578177304938436
2022-04-28T16:36:08Z,0.150641506537795
2022-04-28T20:34:15Z,0.0561714749783277
2022-04-28T21:20:06Z,-0.1671816892921924
2022-04-28T22:25:24Z,0.0543278343975544
2022-04-28T23:13:00Z,-0.0068827588111162
2022-04-29T18:05:11Z,-0.0039224773645401
2022-04-29T19:14:51Z,0.2574323713779449
2022-04-29T19:40:03Z,0.8353720400482416
2022-04-29T20:00:11Z,-0.0567887835204601
2022-05-01T19:58:41Z,0.012980418279767
2022-05-02T10:23:08Z,0.9198067020624876
2022-05-02T11:05:29Z,-0.6988934967666864
2022-05-02T12:02:04Z,-0.0195289142429828
2022-05-02T12:20:29Z,0.5991258323192596
2022-05-02T14:34:23Z,0.1911232713609933
2022-05-02T14:45:38Z,-0.0263401586562395
2022-05-02T16:53:04Z,-0.5371439605951309
2022-05-02T17:26:10Z,0.0660489946603775
2022-05-02T17:47:04Z,-0.0039224773645401
2022-05-02T17:54:16Z,0.1649244669824838
2022-05-02T18:04:03Z,0.4839391727000475
2022-05-02T21:26:36Z,-0.0226607918739318
2022-05-03T04:41:15Z,-0.0331383608281612
2022-05-02T04:19:36Z,0.007010992616415
2022-05-03T15:21:19Z,-0.7868394702672958
2022-05-03T16:31:10Z,0.0661439467221498
2022-05-03T17:22:30Z,0.2266458440572023
2022-05-03T17:46:02Z,0.052553815767169
2022-05-04T10:59:28Z,-0.8310199491679668
2022-05-04T14:20:33Z,-0.0572389233857393
2022-05-04T17:37:36Z,0.052553815767169
2022-05-04T19:33:01Z,-0.6782030258327723
2022-05-04T20:04:35Z,0.059422736056149
2022-05-05T04:33:39Z,-0.0296501200646162
2022-05-05T05:22:41Z,-0.9301909673959016
2022-05-05T12:20:50Z,-0.0219202637672424
2022-05-05T13:19:41Z,0.1155064683407545
2022-05-04T19:58:53Z,0.052156614139676
2022-05-05T15:07:50Z,0.1329311318695545
2022-05-05T15:46:38Z,-0.0354107283055782
2022-05-05T17:48:00Z,0.052553815767169
2022-05-05T17:53:16Z,-0.0365328900516033
2022-05-05T17:58:33Z,0.7246507736854255
2022-05-05T18:45:49Z,-0.023183736950159
2022-05-05T19:59:39Z,0.034180000424385
2022-05-06T02:54:54Z,0.0222722887992858
2022-05-06T06:57:42Z,-0.8910103617236018
2022-05-06T10:44:28Z,0.0297121498733758
2022-05-06T15:02:06Z,0.0243477616459131
2022-05-06T17:37:12Z,0.052553815767169
2022-05-06T18:57:15Z,0.8655832763761282
2022-05-07T21:27:19Z,0.1249405732378363
2022-05-07T21:53:49Z,0.0206837151199579
2022-05-07T22:40:53Z,-0.0857486724853515
2022-05-08T15:22:00Z,0.1336891371756792
2022-05-08T15:51:57Z,0.0265102256089448
2022-05-08T20:43:32Z,-0.2215155959129333
2022-05-09T03:48:54Z,0.0747907869517803
2022-05-09T04:34:51Z,-0.0661512706428766
2022-05-09T11:15:53Z,0.1078766249120235
2022-05-09T11:53:11Z,-0.0345154870301485
2022-05-09T15:06:25Z,-0.8997466862201691
2022-05-09T15:44:11Z,0.0202383212745189
2022-05-09T16:09:16Z,0.1937886867672205
2022-05-09T17:38:19Z,-0.0039224773645401
2022-05-09T19:40:43Z,-0.8863413725048304
2022-05-09T19:45:31Z,-0.8732899483293295
2022-05-10T13:15:27Z,-0.0033738519996404
2022-05-10T17:36:01Z,-0.0039224773645401
2022-05-11T03:19:50Z,0.2759807938709855
2022-05-11T13:04:29Z,0.0897247223183512
2022-05-11T13:17:49Z,-0.0308227501809597
2022-05-11T15:06:20Z,0.0062468014657497
2022-05-11T18:31:18Z,-0.4414356797933578
2022-05-11T21:08:02Z,0.3036954151466489
2022-05-12T02:40:36Z,-0.7883142903447151
2022-05-12T15:39:45Z,-0.8678150335326791
2022-05-12T17:05:29Z,-0.660582160577178
2022-05-12T18:04:49Z,-0.0039224773645401
2022-05-13T08:58:24Z,0.8627607598900795
2022-05-13T12:05:34Z,0.7303102882578969
2022-05-13T13:41:49Z,0.8960439302027225
2022-05-13T14:02:23Z,0.0266095828264951
2022-05-13T16:16:03Z,0.1669620815664529
2022-05-13T18:22:26Z,0.0243390798568725
2022-05-16T17:47:48Z,0.052553815767169
2022-05-16T18:20:14Z,0.0087458696216344
2022-05-16T21:09:06Z,0.0495787216350436
2022-05-16T21:10:41Z,-0.8262997046113014
2022-05-17T10:32:38Z,0.0769871259108185
2022-05-17T11:57:34Z,0.7188256597146392
2022-05-17T17:25:10Z,0.0889940308406949
2022-05-17T17:56:39Z,0.052553815767169
2022-05-17T19:38:58Z,0.3259167931973934
2022-05-18T08:46:51Z,0.7412400851026177
2022-05-18T08:47:45Z,0.061005312949419
2022-05-18T08:48:16Z,0.3239968931302428
2022-05-18T11:14:22Z,-0.0454614982008934
2022-05-18T12:22:12Z,-0.0276339258998632
2022-05-18T14:01:39Z,0.3983215522021055
2022-05-18T17:02:45Z,-0.8997466862201691
2022-05-18T19:31:53Z,-0.096827981993556
2022-05-19T03:17:10Z,0.0552696557715535
2022-05-19T08:16:22Z,0.0463428804650902
2022-05-19T11:12:55Z,0.3599923951551318
2022-05-19T15:11:53Z,-0.6199724525213242
2022-05-19T15:17:41Z,0.0854289960116148
2022-05-19T18:14:50Z,-0.0125649608671665
2022-05-19T18:48:01Z,0.052553815767169
2022-05-20T11:40:47Z,-0.114927552640438
2022-05-20T12:25:10Z,-0.025506654754281
2022-05-20T14:50:02Z,-0.9233769485726953
2022-05-20T19:32:07Z,0.0161145702004432
2022-05-20T20:37:49Z,-0.0949697494506836
2022-05-23T08:55:09Z,-0.0187233034521341
2022-05-23T12:10:54Z,-0.0239451192319393
2022-05-23T13:36:15Z,0.0400484204292297
2022-05-23T15:36:15Z,0.0209342613816261
2022-05-23T16:31:26Z,-0.669327475130558
2022-05-23T18:01:48Z,0.0125647746026515
2022-05-23T18:04:27Z,-0.0039224773645401
2022-05-23T18:05:40Z,0.3387066833674907
2022-05-23T19:05:40Z,-0.872407291084528
2022-05-23T21:06:01Z,0.1050710547715425
2022-05-24T01:03:40Z,0.005501402541995
2022-05-24T13:26:34Z,0.2618870250880718
2022-05-24T16:23:14Z,-0.0142265781760215
2022-05-24T18:03:42Z,-0.0039224773645401
2022-05-24T20:59:04Z,0.0245110914111137
2022-05-25T16:51:18Z,0.0789745599031448
2022-05-25T17:02:56Z,-0.9132948126643896
2022-05-25T17:40:06Z,-0.2117484286427498
2022-05-25T18:23:41Z,0.0343150999397039
2022-05-26T11:09:41Z,0.1091833896934986
2022-05-26T12:33:26Z,0.8398174848407507
2022-05-26T14:50:16Z,-0.9182906597852708
2022-05-26T18:11:29Z,-0.0039224773645401
2022-05-26T18:52:18Z,0.3370166979730129
2022-05-27T11:36:25Z,-0.7354850992560387
2022-05-27T12:16:14Z,-0.0242888443171978
2022-05-27T15:36:35Z,-0.0572389233857393
2022-05-27T18:34:21Z,0.052553815767169
2022-05-28T13:46:34Z,0.3162825554609298
2022-05-28T20:33:35Z,0.1216143798083067
2022-05-31T12:10:29Z,-0.0146980248391628
2022-05-31T12:32:27Z,0.0942518850788474
2022-05-31T16:10:42Z,0.05683886539191
2022-05-31T18:44:43Z,0.032713433727622
2022-05-31T19:59:40Z,0.3604487292468548
2022-06-01T15:42:50Z,0.0266095828264951
2022-06-01T17:39:31Z,0.052553815767169
2022-06-01T18:17:51Z,-0.789311096072197
2022-06-02T05:21:15Z,0.0961112063378095
2022-06-02T06:39:02Z,-0.6524142548441887
2022-06-02T11:11:03Z,-0.9165476597845554
2022-06-02T12:01:12Z,-0.0167376138269901
2022-06-02T04:19:03Z,0.0760574275627732
2022-06-02T13:05:03Z,0.8021289110183716
2022-06-02T13:16:48Z,-0.0281854607164859
2022-06-02T13:21:39Z,-0.0334111060947179
2022-06-02T15:47:02Z,-0.0012685358524322
2022-06-02T17:20:04Z,-0.0786925218999385
2022-06-02T19:08:34Z,-0.131134133785963
2022-06-03T13:02:03Z,-0.0306594874709844
2022-06-03T13:17:40Z,0.8462156727910042
2022-06-03T13:42:15Z,0.0119117032736539
2022-06-03T15:47:22Z,-0.4414356797933578
2022-06-03T16:28:50Z,-0.1734778173267841
2022-06-03T17:25:50Z,-0.0342244766652584
2022-06-03T17:48:07Z,0.052553815767169
2022-06-03T19:43:36Z,0.035797256976366
2022-06-03T19:46:46Z,-0.0036551151424646
2022-06-04T21:07:29Z,-0.8586648479104042
2022-06-04T21:24:37Z,0.0795291773974895
2022-06-03T17:39:58Z,0.6259934213012457
2022-06-06T15:55:19Z,0.0863129794597625
2022-06-06T16:31:40Z,0.0509509555995464
2022-06-06T16:57:35Z,0.0663076285272836
2022-06-06T17:36:49Z,0.052553815767169
2022-06-06T19:39:14Z,-0.9641739381477236
2022-06-06T20:04:33Z,0.1402502199634909
2022-06-07T00:25:50Z,-0.0277006514370441
2022-06-07T00:36:02Z,-0.0058926083147525
2022-06-07T14:16:38Z,0.0509509555995464
2022-06-07T14:57:00Z,-0.7098873164504766
2022-06-07T19:27:22Z,0.052553815767169
2022-06-07T20:09:49Z,0.8679437479004264
2022-06-07T20:38:15Z,0.2353459652513265
2022-06-07T23:23:13Z,-0.1693301387131214
2022-06-08T09:58:22Z,-0.9500418803654612
2022-06-08T11:01:53Z,-0.9126346809789538
2022-06-08T12:23:29Z,0.4130853153765201
2022-06-08T13:31:49Z,-0.1372934579849243
2022-06-08T18:57:15Z,0.052553815767169
2022-06-09T11:21:05Z,0.7772853104397655
2022-06-09T11:45:02Z,0.8005262594670057
2022-06-09T11:45:10Z,0.5881677065044641
2022-06-09T11:45:50Z,0.8818905483931303
2022-06-09T13:29:05Z,0.2793675418943167
2022-06-09T17:35:34Z,-0.0039224773645401
2022-06-10T10:57:55Z,-0.0396409444510936
2022-06-10T11:15:00Z,0.0415265262126922
2022-06-10T13:19:59Z,0.0130287744104862
2022-06-10T15:10:10Z,-0.4414356797933578
2022-06-10T17:36:48Z,0.8481084005907178
2022-06-10T17:48:45Z,0.052553815767169
2022-06-11T21:58:11Z,0.0754023175686597
2022-06-13T07:01:42Z,-0.9176458241418004
2022-06-13T13:37:35Z,-0.0196419656276702
2022-06-13T14:08:19Z,-0.1245062127709388
2022-06-13T14:46:47Z,-0.8660854250192642
2022-06-13T15:03:59Z,0.060620728880167
2022-06-13T16:13:02Z,-0.3795000165700912
2022-06-13T16:18:42Z,-0.9278578208759428
2022-06-13T16:19:30Z,-0.0706674419343471
2022-06-13T17:36:42Z,-0.0039224773645401
2022-06-13T18:55:21Z,-0.9658975414931774
2022-06-14T13:30:42Z,0.4720226489007473
2022-06-14T16:11:58Z,-0.924292104318738
2022-06-14T16:32:12Z,0.2545594200491905
2022-06-14T17:22:27Z,0.0541013777256011
2022-06-14T17:35:39Z,-0.0039224773645401
2022-06-14T19:53:19Z,0.4588508550077677
2022-06-15T11:22:23Z,0.0499001294374465
2022-06-15T11:44:14Z,0.0058425031602382
2022-06-15T11:36:35Z,0.014982845634222
2022-06-15T12:17:45Z,-0.0258753951638937
2022-06-15T14:12:33Z,-0.102068331092596
2022-06-15T14:38:40Z,0.0410224851220846
2022-06-15T17:36:12Z,0.052553815767169
2022-06-15T18:48:22Z,-0.7204682901501656
2022-06-15T19:53:59Z,0.0574519112706184
2022-06-16T12:57:01Z,-0.9492257889360188
2022-06-16T14:10:12Z,0.085741645656526
2022-06-16T14:44:52Z,-0.930312336422503
2022-06-16T15:23:04Z,-0.0137401558458805
2022-06-16T17:36:40Z,0.052553815767169
2022-06-16T19:46:41Z,0.7787479907274246
2022-06-17T11:59:11Z,-0.0331947654485702
2022-06-17T13:51:00Z,0.9171691164374352
2022-06-17T16:06:59Z,-0.0756706241518259
2022-06-17T17:36:04Z,0.052553815767169
2022-06-18T19:27:18Z,-0.3720850348472595
2022-06-21T13:34:12Z,0.5859111938625574
2022-06-21T17:46:49Z,-0.0039224773645401
2022-06-17T21:42:12Z,0.1420116331428289
2022-06-22T12:01:10Z,-0.0225533153861761
2022-06-22T12:29:08Z,-0.1049706563353538
2022-06-22T14:58:05Z,-0.6841986738145351
2022-06-22T17:00:21Z,-0.0050008893013
2022-06-22T17:42:32Z,0.052553815767169
2022-06-23T13:03:52Z,0.0253135841339826
2022-06-23T17:45:00Z,0.9329926511272788
2022-06-23T17:48:21Z,0.052553815767169
2022-06-24T09:10:02Z,0.4588069962337613
2022-06-24T13:48:46Z,0.0902257058769464
2022-06-24T13:51:37Z,-0.8756744675338268
2022-06-24T12:25:28Z,0.0111115761101245
2022-06-24T14:28:55Z,0.8687519514933228
2022-06-24T16:05:20Z,0.8651941753923893
2022-06-24T17:42:55Z,0.052553815767169
2022-06-24T20:33:41Z,0.0131574794650077
2022-06-26T21:03:30Z,0.0367302726954221
2022-06-27T16:45:02Z,0.0282091237604618
2022-06-27T20:38:52Z,-0.102068331092596
2022-06-27T22:13:49Z,0.1014718003571033
2022-06-28T06:00:24Z,-0.929754575714469
2022-06-28T09:05:20Z,-0.0612324345856905
2022-06-28T11:17:04Z,0.3140138601884246
2022-06-28T12:26:09Z,-0.0513160210102796
2022-06-28T13:38:27Z,0.5203633466735482
2022-06-28T15:40:00Z,0.0400181729346513
2022-06-28T16:39:51Z,-0.7513587437570095
2022-06-28T17:39:39Z,0.052553815767169
2022-06-28T18:35:26Z,-0.8997466862201691
2022-06-29T11:18:52Z,-0.8525727950036526
2022-06-29T12:32:28Z,0.4964888840913772
2022-06-29T13:59:25Z,0.7068655584007502
2022-06-29T16:10:47Z,-0.0007364265620708
2022-06-29T16:18:40Z,0.9019516939297318
2022-06-29T16:50:45Z,-0.9330931883305312
2022-06-29T17:00:06Z,0.0155584812164306
2022-06-29T17:57:41Z,-0.0039224773645401
2022-06-29T15:58:21Z,0.8185852933675051
2022-06-29T20:39:55Z,-0.0309028215706348
2022-06-30T13:18:21Z,-0.9115360956639053
2022-06-30T15:38:15Z,-0.0773438904434442
2022-06-30T16:39:13Z,-0.9535804390907288
2022-06-30T17:41:26Z,-0.0039224773645401
2022-06-30T18:11:28Z,0.0209342613816261
2022-06-30T19:58:23Z,0.0100505016744136
2022-07-01T00:04:14Z,0.0010937862098217
2022-07-01T13:12:09Z,-0.1062515452504158
2022-07-01T14:45:00Z,0.9336734460666776
2022-07-01T15:01:12Z,0.034753912128508
2022-07-01T15:10:35Z,-0.9589044507592916
2022-07-01T16:25:23Z,0.0764743890613317
2022-07-01T18:05:43Z,-0.8781995102763176
2022-07-01T19:27:38Z,-0.6141374986618757
2022-07-01T19:34:06Z,-0.102068331092596
2022-07-01T19:53:38Z,-0.0307215228676795
2022-07-03T19:45:56Z,0.0282038822770118
2022-07-05T12:14:48Z,-0.1184161864221096
2022-07-05T12:56:37Z,0.6472155265510082
2022-07-05T14:35:36Z,-0.0834589302539825
2022-07-05T15:45:59Z,0.112047417089343
2022-07-05T16:13:16Z,-0.1948849111795425
2022-07-05T18:36:57Z,0.052553815767169
2022-07-06T13:17:10Z,-0.9066841173917056
2022-07-06T14:10:00Z,-0.0811200775206089
2022-07-06T16:35:12Z,0.0243477616459131
2022-07-06T17:31:21Z,0.603749237023294
2022-07-06T19:17:56Z,-0.8976776879280806
2022-07-06T20:19:47Z,0.0968759302049875
2022-07-07T10:53:38Z,8.6270272731781e-05
2022-07-07T11:17:25Z,0.6908190473914146
2022-07-07T11:53:40Z,-0.006349729374051
2022-07-07T11:54:45Z,-0.918548908084631
2022-07-07T12:14:03Z,-0.0084628239274024
2022-07-07T14:07:21Z,-0.0128358490765094
2022-07-07T15:43:47Z,0.1250417111441493
2022-07-08T08:43:36Z,0.002797782421112
2022-07-08T09:25:49Z,-0.9444042518734932
2022-07-08T12:05:43Z,-0.9163319524377584
2022-07-08T13:38:05Z,0.9092629197984934
2022-07-08T17:35:50Z,0.052553815767169
2022-07-09T21:04:01Z,0.0272105932235717
2022-07-10T20:06:47Z,0.0467644985765218
2022-07-11T17:32:24Z,0.0266095828264951
2022-07-11T17:38:37Z,0.052553815767169
2022-07-11T19:37:40Z,-0.473176809027791
2022-07-12T08:49:53Z,-0.9632142893970012
2022-07-12T12:56:55Z,-0.1100856959819793
2022-07-12T16:28:59Z,0.001809874549508
2022-07-12T17:40:28Z,0.052553815767169
2022-07-12T18:20:31Z,0.0669738017022609
2022-07-12T18:56:36Z,-0.6694052126258612
2022-07-12T20:05:55Z,-0.0086814071983098
2022-07-12T20:40:12Z,-0.0299807544797658
2022-07-12T23:25:44Z,-0.0073758456856012
2022-07-12T23:32:10Z,-0.3897089269012213
2022-07-13T15:25:10Z,-0.911246484145522
2022-07-13T17:40:05Z,0.052553815767169
2022-07-13T18:39:27Z,0.0623977817595005
2022-07-13T18:41:54Z,0.0136491153389215
2022-07-13T18:57:31Z,-0.0852789357304573
2022-07-13T18:58:47Z,0.1630410961806774
2022-07-13T19:50:27Z,-0.0290575791150331
2022-07-14T12:03:57Z,0.8003262421116233
2022-07-14T13:32:32Z,-0.9466294427402318
2022-07-14T16:10:12Z,0.0108941681683063
2022-07-14T16:42:40Z,-0.0308303292840719
2022-07-14T17:20:47Z,0.017397079616785
2022-07-14T17:51:21Z,-0.0039224773645401
2022-07-14T20:45:00Z,-0.8587396796792746
2022-07-15T12:59:49Z,0.0252717863768339
2022-07-15T13:52:01Z,-0.5077435150742531
2022-07-15T14:21:50Z,-0.0908724833279848
2022-07-15T14:58:03Z,-0.2238737046718597
2022-07-15T16:32:51Z,0.020875085145235
2022-07-15T15:04:00Z,-0.0035229250788688
2022-07-15T17:53:04Z,-0.0039224773645401
2022-07-15T18:20:05Z,-0.437778202816844
2022-07-16T13:23:02Z,-0.14337601326406
2022-07-17T17:04:56Z,0.0401883292943239
2022-07-18T14:50:12Z,-0.7505108993500471
2022-07-18T16:05:20Z,0.2414395110681653
2022-07-18T16:03:30Z,0.103771761059761
2022-07-18T18:26:44Z,-0.4009720403701067
2022-07-18T18:38:50Z,-0.3676771931350231
2022-07-18T22:45:57Z,-0.0070469118654727
2022-07-19T11:34:24Z,-0.0469373539090156
2022-07-19T11:39:15Z,-0.0033676624298095
2022-07-19T13:57:13Z,-0.010538637638092
2022-07-19T14:12:26Z,0.0455364231020212
2022-07-19T14:13:58Z,-0.3121698722243309
2022-07-19T14:39:03Z,-0.942378575913608
2022-07-19T16:06:51Z,-0.3598079606890678
2022-07-19T16:21:09Z,0.0371080264449119
2022-07-19T16:39:59Z,0.0548580717295408
2022-07-19T17:40:39Z,-0.0039224773645401
2022-07-19T19:05:13Z,0.0495289359241724
2022-07-19T21:15:22Z,0.8305678153410554
2022-07-20T10:47:29Z,-0.941829445771873
2022-07-20T12:16:47Z,0.2664833860471844
2022-07-20T13:06:25Z,0.0177843030542135
2022-07-20T16:09:16Z,0.0509509555995464
2022-07-20T19:19:26Z,-0.0287863854318857
2022-07-19T20:30:49Z,0.8571434319019318
2022-07-20T21:38:16Z,0.0150652471929788
2022-07-21T09:47:20Z,-0.7281858054921031
2022-07-21T11:34:52Z,-0.0304691344499588
2022-07-21T11:41:27Z,0.0399573668837547
2022-07-21T11:52:20Z,0.7757525071501732
2022-07-21T12:24:56Z,0.0339079983532428
2022-07-21T14:53:53Z,-0.2096749171614647
2022-07-21T15:41:49Z,-0.0297845024615526
2022-07-21T16:05:27Z,0.8482760470360518
2022-07-21T17:10:05Z,-0.4006175883114338
2022-07-21T17:43:30Z,-0.0039224773645401
2022-07-22T04:54:40Z,-0.9570995951071382
2022-07-22T10:57:43Z,-0.8295454122126102
2022-07-22T12:10:16Z,-0.0334920957684516
2022-07-22T13:26:42Z,-0.3895525932312011
2022-07-22T15:00:32Z,-0.6760745234787464
2022-07-22T16:42:08Z,-0.0284033603966236
2022-07-22T17:47:24Z,0.052553815767169
2022-07-22T17:58:27Z,-0.9424009397625924
2022-07-22T19:42:57Z,0.406097263097763
2022-07-23T12:58:03Z,0.029095945879817
2022-07-23T15:56:21Z,0.1521740807220339
2022-07-23T18:20:03Z,0.0286606084555387
2022-07-23T20:00:00Z,0.0386566966772079
2022-07-24T17:03:23Z,-0.0521942749619483
2022-07-24T17:14:48Z,-0.7993037290871143
2022-07-24T20:37:05Z,0.8427185378968716
2022-07-24T22:26:46Z,0.0227693803608417
2022-07-25T12:03:24Z,0.0982546508312225
2022-07-25T12:31:27Z,0.0207651853561401
2022-07-25T14:35:41Z,-0.0767290629446506
2022-07-25T15:08:22Z,0.0979556199163198
2022-07-25T16:02:28Z,0.7311482718214393
2022-07-25T15:53:20Z,-0.0777523517608642
2022-07-25T17:37:36Z,-0.0039224773645401
2022-07-25T18:29:56Z,0.7730359733104706
2022-07-25T19:39:39Z,-0.5416270270943642
2022-07-25T21:15:22Z,-0.0265123695135116
2022-07-25T22:33:17Z,0.0124876834452152
2022-07-26T03:54:53Z,-0.1689923610538244
2022-07-26T09:54:35Z,-0.9073836533352732
2022-07-26T10:12:45Z,-0.089340278878808
2022-07-26T11:03:20Z,0.0739442557096481
2022-07-26T11:51:28Z,0.2854028046131134
2022-07-26T12:12:42Z,-0.0763750690966844
2022-07-26T08:46:35Z,0.0167953725904226
2022-07-26T12:16:15Z,-0.0928372964262962
2022-07-26T13:06:22Z,-0.3459669351577759
2022-07-26T14:37:05Z,-0.3507214747369289
2022-07-26T17:28:34Z,-0.0125518441200256
2022-07-26T17:43:10Z,-0.0275980345904827
2022-07-26T17:44:39Z,-0.0104232244193553
2022-07-26T18:13:20Z,-0.033621784299612
2022-07-26T18:26:32Z,0.170905128121376
2022-07-26T19:30:51Z,-0.004544198513031
2022-07-26T19:51:57Z,-0.8080972656607628
2022-07-26T20:01:26Z,-0.1531375497579574
2022-07-26T20:02:40Z,-0.3226594924926758
2022-07-26T20:24:37Z,-0.9545610481873156
2022-07-27T01:14:22Z,0.0664438717067241
2022-07-27T08:02:08Z,0.0223462898284196
2022-07-27T09:16:49Z,-0.9425532529130578
2022-07-27T09:25:20Z,0.0553529746830463
2022-07-27T10:07:07Z,-0.0990764200687408
2022-07-27T10:34:56Z,-0.9060541540384291
2022-07-27T10:37:42Z,0.0558882802724838
2022-07-27T10:39:58Z,0.8944333232939243
2022-07-27T10:52:57Z,-0.0504670143127441
2022-07-27T11:08:47Z,0.1174745038151741
2022-07-27T11:12:24Z,-0.0930436253547668
2022-07-27T11:14:31Z,0.0079859048128128
2022-07-27T11:29:48Z,0.8989957831799984
2022-07-27T11:45:50Z,0.0275420099496841
2022-07-27T12:02:39Z,-0.0720296502113342
2022-07-27T12:21:56Z,0.2134373486042022
2022-07-27T12:31:07Z,-0.9074297528713942
2022-07-27T12:30:00Z,0.0400661965832114
2022-07-27T12:51:02Z,-0.4436293691396713
2022-07-27T13:01:22Z,0.305520704947412
2022-07-27T13:01:33Z,0.309488020837307
2022-07-27T11:37:59Z,0.6461383402347565
2022-07-27T14:45:23Z,0.5298752784729004
2022-07-27T16:07:04Z,0.1159696653485298
2022-07-27T16:20:02Z,-0.0677576959133148
2022-07-27T16:32:17Z,0.1024308111518621
2022-07-27T16:06:39Z,-0.0062249768525362
2022-07-27T17:14:30Z,0.5898906383663416
2022-07-27T17:38:12Z,-0.0039224773645401
2022-07-27T17:46:50Z,-0.0666800141334533
2022-07-27T18:04:59Z,0.7044049007818103
2022-07-27T18:12:35Z,0.7881100550293922
2022-07-27T18:34:30Z,-0.7593926321715117
2020-10-09T12:25:13Z,-0.1283894926309585
2022-07-27T21:34:34Z,-0.0297206938266754
2022-07-27T21:48:19Z,0.1867936663329601
2022-07-28T00:22:44Z,-0.4224023129791021
2022-07-28T00:27:37Z,-0.0061005689203739
2022-07-28T04:38:54Z,0.0654584318399429
2022-07-28T08:22:20Z,-0.284209743142128
2022-07-28T08:51:32Z,0.0050495788455009
2022-07-28T09:24:49Z,0.9030857179313898
2022-07-28T10:31:45Z,0.6040040776133537
2022-07-28T11:19:14Z,-0.732208602130413
2022-07-28T11:58:04Z,-0.3727988786995411
2022-07-28T12:32:13Z,-0.0154458843171596
2022-07-28T13:21:23Z,0.1003409354016184
2022-07-28T17:05:09Z,-0.0064242631196975
2022-07-28T17:37:56Z,0.052553815767169
2022-07-28T19:13:44Z,-0.031732004135847
2022-07-28T20:38:06Z,-0.1923807580024004
2022-07-29T09:11:57Z,-0.3126216679811477
2022-07-29T11:43:25Z,0.8598293382674456
2022-07-29T12:12:35Z,0.1507775569334626
2022-07-29T13:57:50Z,-0.6303669288754463
2022-07-29T16:23:57Z,0.0289392080157995
2022-07-29T16:24:36Z,-0.0083042606711387
2022-07-29T17:19:11Z,-0.3038543220609426
2022-07-29T17:38:46Z,-0.0039224773645401
2022-07-29T16:10:31Z,-0.0243958048522472
2022-07-29T20:28:25Z,-0.029113320633769
2022-07-29T20:37:09Z,0.0660539325326681
2022-07-30T20:04:25Z,0.0933699384331703
2022-07-31T15:30:48Z,0.0731941256672144
2022-07-31T20:56:13Z,0.1154131069779396
2022-08-01T11:37:28Z,0.0367608070373535
2022-08-01T12:19:24Z,-0.0494408644735813
2022-08-01T12:45:00Z,-0.2189886718988418
2022-08-01T15:08:27Z,0.0186832156032323
2022-08-01T15:12:35Z,0.0266095828264951
2022-08-01T17:36:43Z,0.052553815767169
2022-08-01T18:04:35Z,0.5162350228056312
2022-08-01T20:31:30Z,-0.360127480700612
2022-08-02T18:19:35Z,-0.0039224773645401
2022-08-02T19:09:21Z,0.0285405777394771
2022-08-03T12:05:41Z,-0.1932087689638137
2022-08-03T12:26:48Z,0.0198421850800514
2022-08-03T16:06:13Z,0.0266095828264951
2022-08-03T17:47:07Z,-0.0039224773645401
2022-08-03T17:57:59Z,-0.921743655577302
2022-08-03T17:48:38Z,0.6883911192417145
2022-08-04T12:32:00Z,0.042297713458538
2022-08-04T17:17:10Z,0.1210672259330749
2022-08-04T18:00:29Z,0.052553815767169
2022-08-05T10:17:21Z,-0.8998975493013859
2022-08-05T12:30:24Z,0.0942683685570955
2022-08-05T13:42:00Z,-0.0537044517695903
2022-08-06T20:36:25Z,0.2291461387649178
2022-08-07T14:54:46Z,0.7176631018519402
2022-08-08T10:18:01Z,-0.5688148178160191
2022-08-08T12:42:50Z,0.4545765146613121
2022-08-08T14:14:23Z,0.0266095828264951
2022-08-08T14:38:02Z,-0.0604161582887172
2022-08-09T03:20:56Z,-0.8301100227981806
2022-08-09T11:17:42Z,-0.574960233643651
2022-08-09T15:58:00Z,0.7052202075719833
2022-08-09T17:38:45Z,0.052553815767169
2022-08-09T18:29:40Z,0.0298288762569427
2022-08-10T11:04:26Z,0.3463971316814422
2022-08-10T12:17:56Z,-0.0869362279772758
2022-08-10T13:29:16Z,0.3341910792514682
2022-08-10T14:14:00Z,0.7461930140852928
2022-08-10T15:17:41Z,-0.015146754682064
2022-08-10T17:54:33Z,0.052553815767169
2022-08-10T17:55:28Z,0.9245442990213631
2022-08-10T20:53:14Z,-0.9589868485927582
2022-08-10T20:55:51Z,0.7352575045078993
2022-08-11T11:52:57Z,0.3917950419709086
2022-08-11T12:02:30Z,-0.9514970360323788
2022-08-12T10:54:59Z,0.1621065475046634
2022-08-12T12:17:34Z,0.0441930014640092
2022-08-11T21:31:01Z,0.0018735490739345
2022-08-12T14:14:51Z,-0.4359486792236566
2022-08-12T16:04:39Z,-0.8368052095174789
2022-08-12T17:55:25Z,-0.0039224773645401
2022-08-13T11:57:27Z,0.8139587678015232
2022-08-13T18:34:53Z,-0.2356249988079071
2022-08-13T21:23:52Z,0.5236021019518375
2022-08-15T08:25:49Z,0.7983565200120211
2022-08-15T11:54:34Z,0.687087170779705
2022-08-15T12:30:21Z,0.1554997321218252
2022-08-15T15:36:27Z,0.0209342613816261
2022-08-15T16:05:34Z,0.6310865804553032
2022-08-15T18:19:13Z,0.7812402248382568
2022-08-15T18:24:48Z,-0.0039224773645401
2022-08-15T19:10:44Z,0.0742272119969129
2022-08-15T20:59:28Z,0.032563928514719
2022-08-15T21:15:18Z,-0.1246352680027484
2022-08-16T10:43:40Z,0.1823068968951702
2022-08-16T11:51:17Z,0.0856553185731172
2022-08-16T12:17:21Z,-0.3831110224127769
2022-08-16T13:59:53Z,0.1259095147252082
2022-08-16T14:51:14Z,0.1684351582080125
2022-08-16T15:38:11Z,0.926388755440712
2022-08-16T18:04:22Z,0.052553815767169
2022-08-17T12:57:20Z,0.0720335580408573
2022-08-17T14:46:06Z,-0.4791540782898664
2022-08-17T14:50:00Z,0.9201103085651994
2022-08-17T17:36:15Z,-0.0039224773645401
2022-08-18T12:04:41Z,0.0906594973057508
2022-08-18T14:39:59Z,0.843024899251759
2022-08-18T15:52:18Z,0.841924648731947
2022-08-18T16:23:27Z,0.0509509555995464
2022-08-18T17:52:24Z,0.052553815767169
2022-08-18T19:23:31Z,0.1225547725334763
2022-08-18T19:50:51Z,-0.7912793252617121
2022-08-19T13:23:32Z,0.2919526547193527
2022-08-19T13:07:31Z,0.0319807603955268
2022-08-19T17:02:37Z,0.9090049099177122
2022-08-19T17:08:19Z,0.0027366839349269
2022-08-20T15:41:31Z,-0.0197719894349575
2022-08-20T19:39:18Z,0.1179440766572952
2022-08-20T21:37:28Z,0.121011147275567
2022-08-21T14:11:10Z,-0.0461467131972312
2022-08-22T07:32:07Z,-0.2862119674682617
2022-08-22T17:38:24Z,-0.0039224773645401
2022-08-22T18:45:09Z,0.0502965040504932
2022-08-23T08:49:50Z,-0.7190118208527565
2022-08-23T08:51:35Z,0.6715143527835608
2022-08-23T10:11:03Z,-0.5891591534018517
2022-08-23T13:02:53Z,0.0232610180974006
2022-08-23T14:35:39Z,0.0266095828264951
2022-08-23T15:29:42Z,-0.1198228783905506
2022-08-23T17:19:00Z,0.9287999402731656
2022-08-23T17:27:33Z,0.093862104229629
2022-08-23T17:48:31Z,0.052553815767169
2022-08-24T04:54:10Z,0.0765216993167996
2022-08-24T14:41:36Z,-0.953488833270967
2022-08-24T14:59:09Z,0.290012015029788
2022-08-24T15:47:02Z,-0.6251192260533571
2022-08-24T16:32:21Z,-0.933376194909215
2022-08-24T17:46:07Z,-0.0039224773645401
2022-08-24T18:22:00Z,0.0305308252573013
2022-08-25T11:52:41Z,0.8931153994053602
2022-08-25T12:27:09Z,0.3330086469650268
2022-08-26T11:43:52Z,-0.1642706841230392
2022-08-26T13:01:04Z,-0.01826161891222
2022-08-26T14:57:11Z,0.0509509555995464
2022-08-26T15:26:50Z,-0.9318052157759666
2022-08-26T15:40:00Z,0.0246504340320825
2022-08-28T13:11:24Z,0.720241816714406
2022-08-29T06:55:11Z,0.0122979842126369
2022-08-29T09:12:02Z,-0.7300851978361607
2022-08-29T14:29:00Z,0.037408398464322
2022-08-29T15:08:16Z,0.011648766696453
2022-08-29T15:43:17Z,0.0124651286751031
2022-08-29T16:13:07Z,-0.3626175671815872
2022-08-29T17:37:53Z,-0.0039224773645401
2022-08-29T16:13:08Z,-0.0428045913577079
2022-08-29T22:32:12Z,0.0148521922528743
2022-08-30T08:39:47Z,0.2401145584881305
2022-08-30T10:20:33Z,-0.5491776764392853
2022-08-30T11:36:01Z,-0.8553319107741117
2022-08-30T12:23:53Z,0.0855626938864588
2022-08-30T16:54:45Z,0.0243477616459131
2022-08-30T18:59:02Z,0.1036930494010448
2022-08-30T20:20:19Z,0.1948195276781916
2022-08-30T21:33:13Z,0.3870266238227486
2022-08-31T07:55:48Z,-0.8798556551337242
2022-08-31T09:08:35Z,0.1580094750970602
2022-08-31T10:44:53Z,-0.9235662166029216
2022-08-31T12:26:32Z,-0.1881661340594291
2022-08-31T22:37:15Z,0.0443235151469707
2022-09-01T03:54:54Z,-0.6315371748059988
2022-09-01T11:27:50Z,-0.4185778722167015
2022-09-01T11:55:49Z,0.2113699056208133
2022-09-01T12:22:11Z,-0.8961157780140638
2022-09-01T14:46:00Z,0.4445943459868431
2022-09-01T17:36:17Z,0.052553815767169
2022-09-01T18:30:16Z,0.8677667500451207
2022-09-02T16:17:49Z,0.0783737013116478
2022-09-02T16:32:35Z,-0.1275570522993803
2022-09-02T18:47:44Z,0.052553815767169
2022-09-02T20:50:19Z,-0.0295638181269168
2022-09-03T21:09:21Z,0.0271271169185638
2022-09-04T19:18:23Z,-0.6863311398774385
2022-06-05T14:06:46Z,0.0076790805906057
2022-09-06T11:34:22Z,-0.0417028218507766
2022-09-06T11:57:15Z,-0.8337201569229364
2022-09-06T17:38:16Z,0.052553815767169
2022-09-06T18:05:33Z,0.0509509555995464
2022-09-07T09:14:19Z,0.0903790155425667
2022-09-07T09:22:17Z,0.2198536489158868
2022-09-07T11:38:08Z,0.4960305839776993
2022-09-07T12:02:41Z,-0.7886747047305107
2022-09-07T12:17:19Z,-0.4404648169875145
2022-09-07T12:54:25Z,0.0217358451336622
2022-09-07T14:10:41Z,-0.0150858704000711
2022-09-07T17:58:29Z,-0.0039224773645401
2022-09-07T20:05:00Z,0.0804821215569973
2022-09-08T07:55:44Z,-0.1162053272128105
2022-09-08T09:24:16Z,0.2321359030902385
2022-09-08T10:17:34Z,-0.8693997152149677
2022-09-08T11:51:14Z,-0.7226021662354469
2022-09-08T17:59:37Z,0.052553815767169
2022-09-09T09:05:19Z,0.4017934538424015
2022-09-09T10:13:42Z,-0.0376779027283191
2022-09-09T11:13:56Z,-0.008248932659626
2022-09-09T12:21:47Z,-0.9030579533427954
2022-09-09T14:22:40Z,0.0092620998620986
2022-09-09T17:37:07Z,-0.0039224773645401
2022-09-10T18:44:32Z,-0.0370887164026498
2022-09-10T20:16:40Z,0.0728217251598835
2022-09-10T21:18:54Z,0.1402725512161851
2022-09-11T13:16:16Z,-0.0201667658984661
2022-09-11T16:01:11Z,-0.315686285495758
2022-09-10T18:35:38Z,-0.6432529762387276
2022-09-12T10:44:16Z,0.9058189019560814
2022-09-12T11:00:27Z,0.6696888795122504
2022-09-12T14:48:20Z,0.0509509555995464
2022-09-12T14:54:39Z,-0.7044370602816343
2022-09-12T15:48:51Z,0.4490879578515887
2022-09-12T17:56:48Z,-0.0039224773645401
2022-09-13T14:17:16Z,-0.8754308242350817
2022-09-13T14:59:30Z,-0.660582160577178
2022-09-13T15:25:03Z,0.0266095828264951
2022-09-13T16:00:21Z,-0.4253718294203281
2022-09-13T16:32:58Z,-0.4001754019409418
2022-09-13T17:36:10Z,-0.0039224773645401
2022-09-14T07:58:11Z,0.0624254569411277
2022-09-14T09:04:00Z,-0.1364153027534485
2022-09-14T09:26:23Z,-0.6812116988003254
2022-09-14T09:54:12Z,-0.583176989108324
2022-09-14T12:27:54Z,0.6989640695974231
2022-09-14T13:56:10Z,-0.0171604380011558
2022-09-14T17:35:17Z,-0.048011764883995
2022-09-14T17:44:45Z,-0.0039224773645401
2022-09-14T20:03:36Z,0.2892702147364616
2022-09-14T21:47:43Z,0.0597137026488781
2022-09-14T21:15:11Z,-0.1200650781393051
2022-09-15T12:34:55Z,0.414282314479351
2022-09-15T14:58:56Z,0.059736093506217
2022-09-15T17:49:59Z,-0.0582048296928405
2022-09-15T21:06:22Z,-0.0308257918804883
2022-09-16T11:19:27Z,0.0478138737380504
2022-09-16T11:34:56Z,-0.3462816253304481
2022-09-16T12:30:03Z,0.176314203068614
2022-09-16T14:49:05Z,-0.8084722924977541
2022-09-16T15:13:52Z,0.0240198485553264
2022-09-16T19:57:44Z,-0.0279104970395565
2022-09-18T18:36:13Z,-0.5606709420681
2022-09-18T20:33:31Z,0.7616552319377661
2022-09-19T11:18:07Z,-0.2513640001416206
2022-09-19T17:06:42Z,-0.095095258206129
2022-09-19T17:38:42Z,0.052553815767169
2022-09-19T17:41:43Z,-0.1137575469911098
2022-09-19T17:58:31Z,-0.0263447668403387
2022-09-20T12:05:25Z,-0.5296036526560783
2022-09-20T13:01:55Z,0.4073841571807861
2022-09-20T17:37:30Z,-0.0039224773645401
2022-09-20T18:23:33Z,-0.2762872874736786
2022-09-20T20:25:56Z,-0.0296649318188428
2022-09-21T11:00:34Z,0.5479826936498284
2022-09-21T11:09:25Z,0.1190596520900726
2022-09-21T12:13:18Z,0.3745231442153454
2022-09-21T12:15:00Z,-0.8941463120281696
2022-09-21T14:29:57Z,0.489289958961308
2022-09-21T15:23:45Z,0.0046421941369771
2022-09-21T17:36:21Z,-0.0039224773645401
2022-09-21T18:41:36Z,0.8934147767722607
2022-09-21T19:50:03Z,-0.0287115760147571
2022-09-22T08:54:46Z,-0.0446355044841766
2022-09-22T11:56:45Z,-0.4847331941127777
2022-09-22T12:04:13Z,-0.8686597365885973
2022-09-22T12:12:06Z,-0.6305883303284645
2022-09-22T12:22:16Z,-0.9429340241476892
2022-09-22T12:19:40Z,-0.7873792350292206
2022-09-22T13:08:08Z,0.9231392992660404
2022-09-22T13:13:00Z,0.9128879001364112
2022-09-22T13:46:01Z,0.5475161969661713
2022-09-22T13:46:06Z,0.336845951154828
2022-09-22T14:10:44Z,0.7674988768994808
2022-09-22T14:41:28Z,-0.4193795043975115
2022-09-22T15:03:09Z,-0.8019283935427666
2022-09-22T15:07:58Z,0.0981092965230345
2022-09-22T16:19:32Z,-0.0150425937026739
2022-09-22T17:42:29Z,-0.0039224773645401
2022-09-22T18:17:21Z,-0.9226896399632096
2019-10-28T23:02:24Z,0.5277949683368206
2022-09-22T19:09:38Z,0.0310754962265491
2022-09-22T20:05:12Z,-0.1891886591911316
2022-09-23T14:15:16Z,-0.102068331092596
2022-09-23T17:41:14Z,0.5664206892251968
2022-09-23T17:45:28Z,-0.0039224773645401
2022-09-24T21:08:43Z,-0.0331607237458229
2022-09-26T08:15:27Z,-0.7544398084282875
2022-09-26T13:10:00Z,0.7788810320198536
2022-09-26T20:13:12Z,-0.0262089166790246
2022-09-27T13:53:15Z,0.0512945465743541
2022-09-27T13:59:32Z,0.0074724368751049
2022-09-27T14:20:00Z,0.5407159235328436
2022-09-27T17:38:35Z,-0.0039224773645401
2022-09-28T08:44:21Z,-0.9147327672690152
2022-09-28T09:47:00Z,0.0290601309388875
2022-09-28T11:54:58Z,-0.3258021771907806
2022-09-28T14:03:11Z,0.5858914665877819
2022-09-28T14:50:31Z,-0.0572389233857393
2022-09-28T17:47:19Z,0.052553815767169
2022-09-29T08:33:57Z,-0.857156228274107
2022-09-29T08:59:00Z,-0.3895463570952415
2022-09-29T15:21:07Z,-0.04095995798707
2022-09-29T17:32:01Z,-0.9226896399632096
2022-09-29T17:41:09Z,-0.0039224773645401
2022-09-30T01:18:16Z,0.8183340430259705
2022-09-30T04:20:17Z,-0.9373709317296745
2022-09-30T14:27:13Z,-0.867653077468276
2022-09-30T17:36:01Z,0.052553815767169
2022-09-30T18:45:17Z,0.9241593359038234
2022-09-30T20:07:45Z,0.0270254500210285
2022-09-30T20:16:26Z,0.1001349603757262
2022-09-30T15:36:05Z,0.0479974150657653
2022-10-01T18:32:55Z,-0.8221173286437988
2022-10-01T19:40:06Z,-0.0061603337526321
2022-10-02T21:11:21Z,0.0150344632565975
2022-10-03T09:12:50Z,0.8153049843385816
2022-10-03T14:06:00Z,0.4019668009132147
2022-10-03T14:20:07Z,-0.1351494044065475
2022-10-03T14:22:37Z,0.0179338157176971
2022-10-03T15:31:52Z,0.0209342613816261
2022-10-03T17:36:05Z,-0.0039224773645401
2022-10-03T18:34:39Z,-0.5010339487344027
2022-10-03T18:48:51Z,-0.3831343539059162
2022-10-03T17:38:15Z,0.0089880488812923
2022-10-04T08:26:20Z,0.4416167866438627
2022-10-04T11:01:48Z,-0.7957698423415422
2022-10-04T13:00:20Z,-0.3389343023300171
2022-10-04T15:26:37Z,0.0314717171713709
2022-10-04T17:36:37Z,0.052553815767169
2022-10-04T17:51:48Z,-0.0915652401745319
2022-10-04T18:29:11Z,0.010911040008068
2022-10-04T22:48:09Z,0.911750290542841
2022-10-05T14:51:19Z,0.8799058371223509
2022-10-05T15:36:56Z,-0.8374185375869274
2022-10-05T17:12:53Z,0.0117298699915409
2022-10-05T17:55:22Z,-0.0039224773645401
2022-10-06T08:14:29Z,-0.0397920906543731
2022-10-06T08:57:33Z,0.0157451480627059
2022-10-06T11:31:49Z,0.2784941587597132
2022-10-06T13:02:47Z,0.8459329782053828
2022-10-06T13:14:59Z,-0.6436198800802231
2022-10-06T18:04:36Z,0.0035131946206092
2022-10-07T09:26:41Z,-0.9043805599212646
2022-10-07T09:52:03Z,-0.8379234792664647
2022-10-07T11:25:50Z,-0.0604502484202384
2022-10-07T13:36:15Z,-0.7952414527535439
2022-10-07T15:18:22Z,-0.9090724121779205
2022-10-07T16:28:41Z,-0.0354107283055782
2022-10-07T17:37:09Z,-0.0039224773645401
2022-10-08T12:49:53Z,0.0329712182283401
2022-10-08T15:42:57Z,-0.0338315516710281
2022-10-10T04:09:17Z,0.0177250243723392
2022-10-10T07:36:37Z,-0.414165124297142
2022-10-10T09:18:56Z,0.2269566655158996
2022-10-10T09:28:51Z,-0.7194956727325916
2022-10-10T11:49:15Z,-0.9354255497455596
2022-10-10T12:34:39Z,0.1476851617917418
2022-10-10T15:36:07Z,-0.9516799142584204
2022-10-10T16:29:53Z,-0.9278578208759428
2022-10-10T17:01:49Z,0.0509509555995464
2022-10-10T17:36:40Z,0.052553815767169
2022-10-10T18:18:00Z,0.4560470907017588
2022-10-11T12:12:41Z,0.4982327139005065
2022-10-11T16:47:32Z,-0.924292104318738
2022-10-11T17:35:55Z,0.2025831155478954
2022-10-11T17:44:42Z,0.052553815767169
2022-10-11T19:10:27Z,0.8391475947573781
2022-10-11T20:17:08Z,-0.0152005981653928
2022-10-12T00:54:40Z,0.5253817616030574
2022-10-12T10:07:11Z,0.054510242305696
2022-10-12T11:44:03Z,-0.1331338286399841
2022-10-12T11:58:14Z,-0.806369312107563
2022-10-12T12:23:05Z,-0.7655455693602562
2022-10-12T13:20:28Z,0.4170375801622867
2022-10-12T13:24:48Z,-0.7345604486763477
2022-10-12T13:34:49Z,-0.9266400802880526
2022-10-12T14:29:00Z,0.904096022248268
2022-10-12T16:37:09Z,0.9198652831837536
2022-10-12T16:40:53Z,0.6152337873354554
2022-10-12T17:03:24Z,0.7738964981399477
2022-10-12T17:32:06Z,-0.9246267415583134
2022-10-12T17:44:55Z,0.052553815767169
2022-10-12T18:54:59Z,0.1005923170596361
2022-10-12T19:04:50Z,0.3062931736931205
2022-10-12T20:15:36Z,0.0441930014640092
2022-10-13T00:53:06Z,0.1485950788483023
2022-10-13T05:13:12Z,0.3479788489639759
2022-10-13T10:50:33Z,0.3037809147499501
2022-10-13T13:05:50Z,-0.0033738519996404
2022-10-13T14:05:57Z,0.0266095828264951
2022-10-13T14:07:25Z,-0.6383026819676161
2022-10-13T14:52:13Z,-0.0801943019032478
2022-10-13T15:57:17Z,0.0873205410316586
2022-10-13T18:59:23Z,-0.0039224773645401
2022-10-13T20:00:05Z,0.0873293988406658
2022-10-13T22:45:03Z,0.0136101767420768
2022-10-14T07:44:12Z,-0.8739874735474586
2022-10-14T10:21:00Z,0.9073137193918228
2022-10-14T11:45:22Z,0.0568172335624694
2022-10-14T12:18:31Z,-0.9244141802191734
2022-10-14T12:58:03Z,-0.9513509087264538
2022-10-14T13:02:04Z,0.4968626350164413
2022-10-14T14:26:45Z,0.0242134984582662
2022-10-14T17:43:05Z,0.052553815767169
2022-10-14T18:37:15Z,-0.0354107283055782
2022-10-14T19:13:25Z,0.4650520086288452
2022-10-17T09:18:57Z,-0.4185109883546829
2022-10-17T11:11:05Z,-0.0319896191358566
2022-10-17T12:12:46Z,0.8324668826535344
2022-10-17T12:40:51Z,-0.1232423186302185
2022-10-17T15:31:03Z,-0.4466142784804106
2022-10-17T17:43:03Z,-0.0039224773645401
2022-10-17T01:24:11Z,0.2520793378353119
2022-10-17T19:25:44Z,0.9383670222014188
2022-10-18T06:19:33Z,0.612272260710597
2022-10-18T09:27:32Z,-0.7578281573951244
2022-10-18T09:30:53Z,-0.7771443277597427
2022-10-18T11:17:54Z,0.103311002254486
2022-10-18T11:40:04Z,-0.9549900852143764
2022-10-18T12:20:49Z,-0.0255963057279586
2022-10-18T12:30:22Z,-0.4141888990998268
2022-10-18T12:32:05Z,-0.9007911719381808
2022-10-18T14:18:16Z,-0.9450260642915964
2022-10-18T17:18:28Z,-0.1279407460242509
2022-10-18T17:37:51Z,-0.0039224773645401
2022-10-18T18:32:42Z,-0.0572389233857393
2022-10-18T20:14:59Z,0.0132523402571678
2022-10-18T21:16:46Z,0.0065624434500932
2022-10-19T11:17:14Z,0.0668996199965477
2022-10-19T11:53:02Z,-0.0920339524745941
2022-10-19T12:56:14Z,0.6880688648670912
2022-10-19T13:35:16Z,-0.4634230136871338
2022-10-19T15:41:16Z,0.0570976734161376
2022-10-19T17:01:53Z,-0.9509340999647976
2022-10-19T17:36:40Z,0.052553815767169
2022-10-20T05:40:28Z,-0.8908754289150238
2022-10-20T08:24:50Z,0.6333737224340439
2022-10-20T09:42:15Z,0.0587998032569885
2022-10-20T11:00:15Z,0.0879585593938827
2022-10-20T11:26:04Z,0.0774330683052539
2022-10-20T11:49:27Z,0.0752997547388076
2022-10-20T12:45:10Z,0.5880220681428909
2022-10-20T13:14:46Z,0.0259865019470453
2022-10-20T13:49:13Z,0.9110839758068324
2022-10-20T16:06:39Z,0.1232186499983072
2022-10-20T16:37:38Z,-0.6005608048290014
2022-10-20T17:41:21Z,-0.0039224773645401
2022-10-20T20:49:42Z,0.8478425173088908
2022-10-21T01:59:24Z,0.3958433466032147
2022-10-21T07:20:46Z,-0.8995228465646505
2022-10-21T09:07:31Z,0.0655730664730072
2022-10-21T14:15:22Z,0.0509509555995464
2022-10-21T17:55:54Z,0.052553815767169
2022-10-21T20:07:50Z,-0.0278953146189451
2022-10-23T14:06:45Z,-0.0560828372836113
2022-10-23T17:56:50Z,0.0063012782484292
2022-10-24T10:14:30Z,-0.3764826506376266
2022-10-24T10:27:40Z,0.9273758567869664
2022-10-24T10:42:24Z,-0.9622981520369648
2022-10-24T12:11:44Z,-0.6888203471899033
2022-10-24T14:08:56Z,-0.0815489124506712
2022-10-22T13:07:39Z,0.0017721615731716
2022-10-24T17:36:12Z,0.052553815767169
2022-10-24T20:09:51Z,-0.0057310108095407
2022-10-24T20:22:23Z,-0.0277252569794654
2022-10-25T07:51:40Z,0.0632332470268011
2022-10-25T08:06:07Z,-0.1010668873786926
2022-10-25T09:23:56Z,-0.0118821002542972
2022-10-25T09:30:38Z,-0.6873432137072086
2022-10-25T10:02:39Z,-0.9384528696537018
2022-10-25T10:14:56Z,0.1422630548477172
2022-10-25T08:39:48Z,-0.0780619829893112
2022-10-25T10:57:27Z,-0.3705607801675796
2022-10-25T12:39:26Z,0.453312799334526
2022-10-25T11:55:46Z,0.09108651522547
2022-10-25T15:32:18Z,0.6572823897004128
2022-10-25T15:49:48Z,0.0044717583805322
2022-10-25T16:28:20Z,0.0231169611215591
2022-10-25T14:23:33Z,0.0158404689282178
2022-10-25T19:14:31Z,0.0004245545715093
2022-10-25T18:16:58Z,-0.4858147967606783
2022-10-25T20:01:46Z,-0.2622381597757339
2022-10-25T20:04:48Z,0.5254411548376083
2022-10-25T20:15:04Z,-0.0301717035472393
2022-10-25T20:22:23Z,-0.5325706601142883
2022-10-25T20:30:29Z,-0.9673213884234428
2022-10-26T01:28:00Z,-0.9093353021889924
2022-10-26T04:32:44Z,-0.915558853186667
2022-10-26T07:32:16Z,-0.3935328125953674
2022-10-26T08:38:03Z,0.0359818488359451
2022-10-26T08:43:21Z,0.023725152015686
2022-10-26T08:51:29Z,-0.1059332937002182
2022-10-26T09:19:59Z,-0.8832267494872212
2022-10-26T10:18:20Z,-0.7289550583809614
2022-10-26T10:25:08Z,0.8865091316401958
2022-10-26T10:57:02Z,-0.0097124874591827
2022-10-26T10:58:40Z,-0.0048418641090393
2022-10-26T11:00:16Z,-0.0916788876056671
2022-10-26T11:01:03Z,-0.5137372761964798
2022-10-26T11:08:36Z,-0.9388378066942096
2022-10-26T11:11:59Z,-0.0012007653713226
2022-10-26T11:13:49Z,0.0081405639648437
2022-10-26T11:15:47Z,-0.1771527826786041
2022-10-26T11:18:38Z,-0.439692273736
2022-10-26T11:20:37Z,0.0687607377767562
2022-10-26T11:22:28Z,-0.9528350178152324
2022-10-26T11:50:33Z,-0.3957823514938354
2022-10-26T11:52:34Z,0.15106001496315
2022-10-26T12:06:42Z,0.062286227941513
2022-10-26T12:16:58Z,-0.0200821626931428
2022-10-26T12:37:13Z,-0.4318791627883911
2022-10-26T12:48:54Z,-0.8854285841807723
2022-10-26T12:50:18Z,-0.1035618782043457
2022-10-26T12:57:42Z,-0.4393505938351154
2022-10-26T12:58:57Z,-0.3155698180198669
2022-10-26T13:15:30Z,-0.5967530980706215
2022-10-26T13:26:07Z,0.1988379955291748
2022-10-26T13:28:41Z,-0.2724329531192779
2022-10-26T13:51:27Z,0.0481506418436765
2022-10-26T13:51:54Z,-0.4858147967606783
2022-10-26T13:56:06Z,0.6582251191139221
2022-10-26T15:58:57Z,0.6584784761071205
2022-10-26T16:20:13Z,-0.0722842700779438
2022-10-26T16:35:08Z,-0.8134979493916035
2022-10-26T17:05:23Z,0.1478503532707691
2022-10-26T17:22:37Z,-0.8586236573755741
2022-10-26T17:42:14Z,-0.0039224773645401
2022-10-26T18:03:07Z,-0.3667206615209579
2022-10-26T18:09:07Z,0.0050341505557298
2022-10-26T18:22:36Z,-0.0189124420285224
2022-10-26T18:58:01Z,-0.9578712098300456
2022-10-26T21:23:33Z,-0.0302493534982204
2022-10-26T21:58:36Z,-0.7396844401955605
2022-10-27T01:15:46Z,0.0244484301656484
2022-10-27T04:55:56Z,-0.8542730370536447
2022-10-27T06:18:14Z,-0.7738252580165863
2022-10-27T06:39:21Z,0.0558887831866741
2022-10-27T07:35:00Z,-0.0088510327041149
2022-10-27T09:19:05Z,-0.5345651023089886
2022-10-27T09:39:53Z,-0.0024966597557067
2022-10-27T09:41:26Z,0.0720607312396168
2022-10-27T11:09:52Z,-0.4396884888410568
2022-10-27T11:15:11Z,0.0698308199644088
2022-10-27T15:01:59Z,0.0111842788755893
2022-10-27T15:07:39Z,-0.102068331092596
2022-10-27T16:11:32Z,0.7841504737734795
2022-10-27T17:49:43Z,0.052553815767169
2022-10-27T18:24:22Z,0.8455196656286716
2022-10-27T18:50:59Z,-0.0330484043806791
2022-10-27T21:52:15Z,-0.4921972006559372
2022-10-28T08:26:08Z,-0.0337007232010364
2022-10-28T10:09:35Z,0.1272096205502748
2022-10-28T12:25:59Z,0.0086632445454597
2022-10-28T18:00:53Z,0.052553815767169
2022-10-28T20:18:12Z,-0.0296767558902502
2022-10-29T17:09:11Z,0.131937688216567
2022-10-29T19:18:08Z,0.0405719224363565
2022-10-29T20:03:20Z,-0.0626669935882091
2022-10-30T14:36:43Z,-0.662607941776514
2022-10-26T11:11:09Z,0.4071588069200516
2022-10-27T10:53:00Z,-0.2774289399385452
2022-10-31T08:34:05Z,0.0134081989526748
2022-10-31T11:24:44Z,-0.9075070582330228
2022-10-31T11:56:58Z,0.0792580423876643
2022-10-31T12:43:27Z,0.9077974166721106
2022-11-01T11:21:46Z,0.1116635203361511
2022-11-01T12:09:54Z,0.881032757461071
2022-11-01T17:36:04Z,0.0591146508231759
2022-11-01T17:54:30Z,0.052553815767169
2022-11-01T19:10:00Z,-0.4858147967606783
2022-11-02T04:19:25Z,-0.1908868104219436
2022-11-02T10:29:56Z,0.14603341370821
2022-11-02T14:06:35Z,-0.4485465046018362
2022-11-02T14:53:58Z,0.0979556199163198
2022-11-02T16:08:30Z,0.5474824588745832
2022-11-02T17:00:22Z,-0.0161370392888784
2022-11-02T18:06:51Z,0.0128190703690052
2022-11-02T19:14:57Z,0.0441930014640092
2022-11-02T19:41:46Z,-0.4858147967606783
2022-11-02T23:00:49Z,0.0597678311169147
2022-11-03T11:17:39Z,-0.8161794729530811
2022-11-03T12:10:17Z,0.0471893949434161
2022-11-03T13:01:36Z,0.1122137457132339
2022-11-03T20:02:40Z,0.1602332107722759
2022-11-04T09:49:17Z,-0.7617168612778187
2022-11-04T12:14:34Z,0.927383804693818
2022-11-04T16:24:18Z,0.0284055434167385
2022-11-04T16:57:37Z,-0.9156848918646574
2022-11-04T18:16:37Z,0.052553815767169
2022-11-04T20:05:59Z,-0.0310977436602115
2022-11-04T20:11:45Z,-0.4117318727076053
2022-11-06T21:51:32Z,-0.9298616033047438
2022-11-07T10:52:56Z,-0.888756338506937
2022-11-07T13:05:35Z,0.0205081738531589
2022-11-07T17:42:50Z,0.052553815767169
2022-11-07T18:06:39Z,-0.0287057980895042
2022-11-07T21:42:28Z,0.0982364490628242
2022-11-08T07:37:36Z,-0.0190796554088592
2022-11-08T08:44:47Z,0.1033466905355453
2022-11-08T16:32:38Z,-0.9462651861831546
2022-11-08T17:16:51Z,0.8378512999042869
2022-11-08T17:52:02Z,0.052553815767169
2022-11-08T19:37:59Z,-0.204083077609539
2022-11-09T06:05:19Z,0.6424383912235498
2022-11-09T08:16:40Z,-0.0324726998805999
2022-11-09T08:52:09Z,-0.5599286407232285
2022-11-09T12:18:26Z,0.7985682971775532
2022-11-09T13:31:03Z,-0.903026083484292
2022-11-09T13:51:25Z,-0.8426650194451213
2022-11-09T14:11:54Z,0.0874660089612007
2022-11-09T15:26:30Z,0.0092326235026121
2022-11-09T17:20:35Z,0.4184501767158508
2022-11-09T18:43:40Z,0.052553815767169
2022-11-10T12:54:43Z,0.3133329451084137
2022-11-10T14:31:22Z,-0.4858147967606783
2022-11-10T16:49:29Z,0.2318630218505859
2022-11-10T18:05:32Z,-0.0039224773645401
2022-11-10T18:05:51Z,0.0415676515549421
2022-11-11T05:53:52Z,0.0977283874526619
2022-11-11T07:27:47Z,0.4990805760025978
2022-11-11T10:10:24Z,-0.3614024519920349
2022-11-11T11:32:22Z,-0.1693394482135772
2022-11-11T12:48:41Z,0.0516514591872692
2022-11-11T12:54:04Z,0.4525090008974075
2022-11-11T16:09:15Z,-0.25911745429039
2022-11-11T17:43:11Z,-0.8978430097922683
2022-11-11T17:46:49Z,0.93165217153728
2022-11-11T19:01:51Z,-0.3127549327909946
2022-11-11T19:58:50Z,0.052553815767169
2022-11-11T20:54:10Z,0.086774418130517
2022-11-12T14:32:18Z,0.0479912310838699
2022-11-14T01:24:40Z,-0.1689745634794235
2022-11-14T15:22:27Z,0.5030779372900724
2022-11-14T16:00:53Z,0.3478660555556416
2022-11-14T17:40:17Z,-0.0039224773645401
2022-11-14T20:21:20Z,0.0179991479963064
2022-11-14T20:25:07Z,-0.1014634650200605
2022-11-14T21:45:54Z,-0.0212004352360963
2022-11-15T08:03:34Z,0.1814639326184988
2022-11-15T09:35:13Z,-0.8875456880778074
2022-11-15T14:25:40Z,0.0702450545504689
2022-11-15T17:38:27Z,-0.0039224773645401
2022-11-15T18:05:06Z,-0.0527678169310092
2022-11-15T20:10:52Z,-0.2307158708572387
2022-11-15T21:22:47Z,-0.8351955935359001
2022-11-16T10:48:45Z,-0.5827839523553848
2022-11-16T13:14:47Z,-0.0704627744853496
2022-11-16T14:06:53Z,0.763536686077714
2022-11-16T16:58:01Z,0.8237663572654128
2022-11-16T17:00:03Z,0.248001498170197
2022-11-16T19:20:15Z,0.052553815767169
2022-11-17T13:15:30Z,-0.9567031189799308
2022-11-17T13:30:11Z,0.0240704864263534
2022-11-17T13:30:46Z,0.4082129644230008
2022-11-17T13:54:41Z,-0.6461115460842848
2022-11-17T14:59:57Z,0.0367037216201424
2022-11-17T17:55:02Z,0.052553815767169
2022-11-17T18:47:10Z,-0.6228484027087688
2022-11-17T19:27:46Z,0.0713626695796847
2022-11-16T18:25:05Z,0.0193362403661012
2022-11-17T22:03:45Z,-0.9250778583809732
2022-11-18T13:48:50Z,-0.8847375884652138
2022-11-18T18:18:13Z,0.052553815767169
2022-11-21T13:40:46Z,-0.688667232170701
2022-11-21T15:00:55Z,0.0206369049847126
2022-11-21T15:45:42Z,-0.0003389045596122
2022-11-21T17:44:45Z,-0.9603360621258616
2022-11-21T17:49:46Z,-0.0168104674667119
2022-11-22T15:11:47Z,0.6959519889205694
2022-11-22T16:19:26Z,-0.1784297674894333
2022-11-22T16:20:09Z,-0.0947261862456798
2022-11-22T18:17:54Z,0.052553815767169
2022-11-23T11:28:30Z,0.5268425112590194
2022-11-23T12:32:40Z,0.0162527598440647
2022-11-23T14:23:13Z,-0.0061921663582324
2022-11-23T17:01:54Z,0.5545877013355494
2022-11-23T17:43:24Z,0.052553815767169
2022-11-25T10:31:22Z,-0.9552344987168908
2022-11-25T10:54:52Z,0.2002090215682983
2022-11-25T12:12:26Z,-0.9465189557522536
2022-11-25T13:57:51Z,-0.9215686656534672
2022-11-28T15:23:32Z,-0.0142650716006755
2022-11-28T16:55:33Z,0.2746882680803537
2022-11-28T17:30:57Z,0.0156468972563743
2022-11-28T17:41:27Z,-0.0039224773645401
2022-11-28T19:19:51Z,0.915445800870657
2022-11-28T20:29:24Z,0.0705218408256769
2022-11-29T07:59:49Z,-0.7574713975191116
2022-11-29T18:06:30Z,0.052553815767169
2022-11-29T19:48:07Z,-0.9096881253644824
2022-11-30T17:05:55Z,-0.1014634650200605
2022-11-30T21:09:50Z,-0.9252708004787564
2022-12-01T18:34:39Z,0.052553815767169
2022-12-01T19:14:43Z,0.9338157530874014
2022-12-01T20:27:34Z,-0.0081484019756317
2022-12-01T21:22:24Z,-0.3278304263949394
2022-12-01T19:33:06Z,0.0077938809990882
2022-12-02T15:24:59Z,-0.5481103248894215
2022-12-02T17:49:05Z,-0.0039224773645401
2022-12-02T20:45:45Z,0.4107532221823931
2022-12-02T21:15:34Z,-0.9593838071450592
2022-12-03T19:46:24Z,0.3108420427888632
2022-12-05T11:42:59Z,0.1968110799789428
2022-12-05T13:19:51Z,-0.0227325391024351
2022-12-05T14:40:00Z,-0.8945112284272909
2022-12-05T14:44:37Z,-0.9442378552630544
2022-12-05T17:50:26Z,0.052553815767169
2022-12-05T17:45:30Z,0.0082496870309114
2022-12-05T20:05:55Z,0.7664520777761936
2022-12-06T11:25:31Z,0.1316696796566248
2022-12-06T12:51:41Z,-0.7596442624926567
2022-12-06T13:08:52Z,0.1709696389734745
2022-12-06T13:25:16Z,0.0120074953883886
2022-12-06T14:04:51Z,0.5513660833239555
2022-12-06T11:22:35Z,0.8630348891019821
2022-12-06T18:07:16Z,0.0250555276870727
2022-12-06T18:42:01Z,-0.0039224773645401
2022-12-06T20:27:05Z,0.0509509555995464
2022-12-06T20:29:36Z,0.0074724368751049
2022-12-06T23:09:47Z,0.0345043968409299
2022-12-07T05:59:29Z,0.3770256079733372
2022-12-07T13:07:13Z,0.0201397463679313
2022-12-07T14:01:47Z,-0.4463037028908729
2022-12-07T15:30:36Z,0.0599872209131717
2022-12-07T18:47:04Z,0.052553815767169
2022-12-07T18:32:33Z,0.9430589713156224
2022-12-07T22:11:32Z,0.1308248937129974
2022-12-08T12:49:38Z,0.9146121460944414
2022-12-08T13:38:18Z,-0.4952356219291687
2022-12-08T17:36:11Z,-0.0039224773645401
2022-12-08T17:42:07Z,0.0125590376555919
2022-12-08T18:32:46Z,0.6551199778914452
2022-12-08T18:42:31Z,0.8007766976952553
2022-12-08T18:55:38Z,-0.7040949203073978
2022-12-08T19:08:18Z,-0.6147154159843922
2022-12-08T19:42:27Z,0.8474261527881026
2022-12-08T19:52:08Z,-0.047046173363924
2022-12-08T21:30:04Z,-0.037023963406682
2022-12-08T22:20:29Z,-0.6421191412955523
2022-12-09T01:42:33Z,-0.7415208145976067
2022-12-09T12:29:28Z,-0.8596662320196629
2022-12-09T13:19:49Z,-0.1556553840637207
2022-12-09T15:34:13Z,0.1059162616729736
2022-12-09T17:44:14Z,0.052553815767169
2022-12-09T18:12:50Z,-0.0324788596481084
2022-12-09T21:49:33Z,-0.4316599946469068
2022-12-12T08:44:20Z,0.2182281063869595
2022-12-12T10:39:23Z,-0.2370577156543731
2022-12-12T11:01:31Z,0.6317838802933693
2022-12-12T11:32:11Z,0.5901914378628135
2022-12-12T12:56:47Z,0.3227538941428065
2022-12-12T12:51:24Z,0.016476072371006
2022-12-12T13:09:42Z,0.0441314615309238
2022-12-12T14:02:53Z,0.0276802591979503
2022-12-12T17:24:13Z,-0.9414100963622332
2022-12-12T19:21:37Z,0.4005576744675636
2022-12-12T20:04:08Z,0.8966515436768532
2022-12-12T20:22:10Z,0.1649812450632453
2022-12-12T20:27:34Z,0.0206152256578207
2022-12-12T21:10:55Z,-0.0320513732731342
2022-12-08T18:56:36Z,-0.94945246912539
2022-12-12T23:32:35Z,0.1215971000492572
2022-12-13T13:11:32Z,0.8285122737288475
2022-12-13T13:27:27Z,-0.0124863609671592
2022-12-13T13:40:25Z,0.0994778405874967
2022-12-13T16:12:39Z,0.3305641151964664
2022-12-13T16:37:32Z,0.0308538731187582
2022-12-13T18:30:34Z,0.426143679767847
2022-12-13T21:08:57Z,-0.0011155381798744
2022-12-14T13:07:42Z,0.2558006504550576
2022-12-14T11:56:44Z,-0.8571152631193399
2022-12-14T13:37:47Z,-0.1591988950967788
2022-12-14T15:19:16Z,0.7398157753050327
2022-12-14T15:25:36Z,0.0244140699505805
2022-12-14T18:01:57Z,0.0243477616459131
2022-12-14T19:23:01Z,0.052553815767169
2022-12-15T07:11:15Z,0.1205446496605873
2022-12-15T11:00:41Z,-0.3982999511063099
2022-12-15T12:18:29Z,0.1366342743858695
2022-12-15T12:57:19Z,0.212761259637773
2022-12-15T13:32:29Z,-0.2355760224163532
2022-12-15T15:05:21Z,0.0325504653155803
2022-12-15T17:40:17Z,-0.0039224773645401
2022-12-15T19:38:41Z,0.6154405791312456
2022-12-15T20:59:19Z,-0.04095995798707
2022-12-16T01:16:29Z,0.0295418761670589
2022-12-16T12:24:37Z,-0.340505376458168
2022-12-16T13:24:42Z,0.0832794625312089
2022-12-16T17:10:31Z,0.0461038649082183
2022-12-16T17:37:51Z,0.052553815767169
2022-12-16T17:50:00Z,0.1293733511120081
2022-12-17T16:46:18Z,-0.3411321938037872
2022-12-19T10:32:39Z,-0.9511103574186563
2022-12-19T15:44:40Z,0.0172618981450796
2022-12-19T15:43:28Z,0.8701355010271072
2022-12-19T17:39:26Z,0.052553815767169
2022-12-19T21:59:24Z,-0.031618108972907
2022-12-20T10:43:22Z,-0.7660977244377136
2022-12-20T12:12:57Z,-0.4955823309719562
2022-12-20T17:27:38Z,0.0340208895504474
2022-12-20T19:04:18Z,0.052553815767169
2022-12-20T21:44:36Z,-0.0329866185784339
2022-12-21T13:25:07Z,-0.9201133456081152
2022-12-21T13:34:58Z,-0.4558893553912639
2022-12-21T17:31:05Z,-0.0341941192746162
2022-12-21T19:11:25Z,-0.0039224773645401
2022-12-21T20:09:48Z,-0.905546259135008
2022-12-22T14:41:20Z,-0.0229443814605474
2022-12-22T15:53:47Z,0.0203112512826919
2022-12-22T16:16:37Z,-0.7897508526220918
2022-12-22T17:42:44Z,-0.1177516244351863
2022-12-22T18:00:43Z,-0.0039224773645401
2022-12-22T19:20:19Z,-0.8920125849545002
2022-12-22T19:29:33Z,-0.660582160577178
2022-12-21T06:37:49Z,0.1538075236603617
2022-12-23T12:59:53Z,-0.8147333692759275
2022-12-23T13:58:18Z,-0.0606249086558818
2022-12-23T15:00:39Z,0.0374326677992939
2022-12-23T16:07:34Z,-0.743333488702774
2022-12-23T18:36:10Z,0.052553815767169
2022-12-24T13:41:08Z,0.0325030572712421
2022-12-25T15:57:43Z,0.0336541011929512
2022-12-27T16:31:04Z,0.0829517999663949
2022-12-27T21:21:01Z,0.0494515616446733
2022-12-29T10:53:37Z,-0.8879611678421497
2022-12-29T11:30:05Z,0.7945120558142662
2022-12-29T12:11:03Z,-0.1360891945660114
2022-12-29T17:59:37Z,-0.0045466385781764
2022-12-29T18:06:28Z,0.0509509555995464
2022-12-29T19:56:47Z,0.9148615086451172
2022-12-30T16:05:36Z,0.0785326901823282
2022-12-30T18:45:56Z,0.0436475565657019
2023-01-03T10:46:13Z,-0.95999363809824
2023-01-03T14:14:58Z,0.168386872857809
2023-01-03T17:44:51Z,-0.0039224773645401
2023-01-03T18:53:15Z,0.0528101399540901
2023-01-03T20:35:56Z,-0.0340105332434177
2023-01-03T20:38:45Z,-0.1489193588495254
2023-01-04T11:20:54Z,0.1202438473701477
2023-01-04T11:22:12Z,0.0789399743080139
2023-01-04T12:12:00Z,0.4642514223232865
2023-01-04T12:29:56Z,-0.0187548547983169
2023-01-04T12:45:55Z,-0.6679426766932011
2023-01-04T11:06:34Z,-0.9586183084174992
2023-01-04T13:31:23Z,-0.7525633275508881
2023-01-04T13:56:18Z,0.2201757640577852
2023-01-04T14:53:55Z,-0.9466661717742682
2023-01-04T15:01:17Z,-0.5057317689061165
2023-01-04T16:35:28Z,-0.6755975857377052
2023-01-04T17:35:46Z,-0.0039224773645401
2023-01-04T20:15:43Z,-0.034705376252532
2023-01-05T00:49:54Z,0.0088911280035972
2023-01-04T05:18:27Z,-0.1851067692041397
2023-01-05T05:19:43Z,0.2090410962700843
2023-01-05T09:50:45Z,0.3239748273044824
2023-01-05T12:00:15Z,0.0979556199163198
2023-01-05T13:40:29Z,0.883850964717567
2023-01-05T15:01:20Z,-0.4849606566131115
2023-01-05T17:52:56Z,-0.0039224773645401
2023-01-05T18:37:27Z,0.6347958818078041
2023-01-05T18:49:02Z,0.0064066182821989
2023-01-05T19:00:54Z,-0.9193852562457324
2023-01-05T19:28:53Z,0.2900567501783371
2023-01-05T21:22:16Z,-0.037307845428586
2023-01-06T16:16:59Z,-0.0142650716006755
2023-01-06T16:24:23Z,0.1766900904476642
2023-01-06T17:36:39Z,-0.0039224773645401
2023-01-06T17:21:49Z,-0.3461778908967972
2023-01-06T19:38:30Z,0.0902009597048163
2023-01-06T20:31:39Z,0.1084214644506573
2023-01-06T21:44:34Z,-0.0330648254603147
2023-01-07T20:34:16Z,-0.675458861514926
2023-01-09T10:54:19Z,0.1695915255695581
2023-01-09T11:23:05Z,0.0061298161745071
2023-01-09T11:43:25Z,-0.891812801361084
2023-01-09T13:23:34Z,-0.0237782746553421
2023-01-09T13:44:27Z,0.2382624428719282
2023-01-09T13:48:34Z,0.0074724368751049
2023-01-09T14:17:59Z,0.0414471384137868
2023-01-09T15:00:37Z,0.0225330628454685
2023-01-09T16:02:47Z,0.0421237191185355
2023-01-09T17:08:13Z,0.0247616451233625
2023-01-09T18:25:23Z,0.7558009335771203
2023-01-09T21:26:43Z,-0.0332554746419191
2023-01-09T21:34:33Z,0.020092474296689
2023-01-10T06:34:37Z,0.140643922612071
2023-01-10T09:18:28Z,0.0189003925770521
2023-01-10T12:01:24Z,0.0533974468708038
2023-01-10T13:17:16Z,-0.0717937983572483
2023-01-10T13:48:10Z,0.0319615192711353
2023-01-10T16:03:43Z,0.1160926464945077
2023-01-10T17:38:27Z,-0.9272420965135098
2023-01-10T18:47:06Z,0.0857632085680961
2023-01-10T20:12:29Z,-0.0704203154891729
2023-01-10T21:11:45Z,-0.009970799088478
2023-01-10T22:04:35Z,-0.034595662727952
2023-01-11T10:36:52Z,-0.8471770584583282
2023-01-11T13:15:48Z,0.6368766650557518
2023-01-11T15:20:35Z,-0.4499020278453827
2023-01-11T18:41:24Z,-0.8965928871184587
2023-01-11T20:27:41Z,-0.0364390630275011
2023-01-11T19:43:29Z,-0.9529461804777384
2023-01-11T23:40:29Z,0.0108929518610239
2023-01-12T14:02:34Z,0.902659890241921
2023-01-12T14:02:59Z,0.2206550166010856
2023-01-12T15:48:39Z,0.8729268610477448
2023-01-12T16:08:02Z,-0.2898236252367496
2023-01-12T20:05:42Z,-0.6759888771921396
2023-01-12T20:53:23Z,-0.0375708770006895
2023-01-13T10:52:58Z,-0.037985622882843
2023-01-13T12:45:45Z,-0.8834099508821964
2023-01-13T12:52:55Z,-0.9303431380540133
2023-01-13T13:31:05Z,-0.899484334513545
2023-01-13T15:46:54Z,0.122214806266129
2023-01-13T17:31:51Z,0.0263318754732608
2023-01-13T18:42:44Z,0.7647508578374982
2023-01-13T18:49:19Z,0.0233170054852962
2023-01-14T19:14:26Z,0.135309848934412
2023-01-16T15:59:29Z,0.0074419546872377
2023-01-16T16:30:58Z,-0.3053585290908813
2023-01-17T10:06:59Z,0.9167926460504532
2023-01-17T10:15:13Z,-0.0286426544189453
2023-01-17T11:25:31Z,0.8211148967966437
2023-01-17T12:53:09Z,-0.223894614726305
2023-01-17T14:12:23Z,0.033891512081027
2023-01-17T15:01:25Z,-0.5233341120183468
2023-01-17T15:25:14Z,-0.3646025955677032
2023-01-17T18:04:40Z,0.5197114069014788
2023-01-17T18:44:02Z,-0.9426386067643762
2023-01-17T19:51:38Z,-0.0039224773645401
2023-01-17T20:41:26Z,-0.0346215981990098
2023-01-17T21:48:29Z,-0.9477697713300586
2023-01-17T22:09:42Z,-0.9292991543188692
2023-01-18T09:55:42Z,-0.2833308354020118
2023-01-18T14:18:37Z,-0.9646200300194324
2023-01-18T16:19:16Z,-0.7048534601926804
2023-01-18T17:00:54Z,0.1045609340071678
2023-01-18T13:43:39Z,-0.9494481422007084
2023-01-18T20:44:34Z,-0.9036759361624718
2023-01-18T20:52:04Z,-0.0353817399591207
2023-01-18T01:09:17Z,-0.9499369580298662
2023-01-19T04:43:47Z,-0.7377661168575287
2023-01-19T08:04:51Z,-0.866315983235836
2023-01-19T11:03:31Z,-0.8749200627207756
2023-01-19T11:35:31Z,-0.0186746604740619
2023-01-19T11:50:04Z,-0.8112909169867635
2023-01-19T12:42:09Z,-0.4832048565149307
2023-01-19T13:04:40Z,-0.0458861887454986
2023-01-19T13:30:28Z,-0.9055982446298004
2023-01-19T14:00:57Z,-0.1121843457221984
2023-01-19T14:34:54Z,-0.4478710349649191
2023-01-19T15:10:08Z,-0.2828431539237499
2023-01-19T15:36:23Z,0.398219883441925
2023-01-19T19:26:22Z,0.0081359799951314
2023-01-20T01:28:36Z,-0.8564997706562281
2023-01-19T12:25:00Z,0.3566709905862808
2023-01-20T11:46:34Z,-0.5171884596347809
2023-01-20T12:24:52Z,-0.9597910083830355
2023-01-20T12:26:56Z,-0.0250156968832016
2023-01-19T12:45:05Z,-0.8686623871326447
2023-01-20T14:38:08Z,0.7874584197998047
2023-01-20T15:39:38Z,-0.9264568723738194
2023-01-20T15:43:12Z,0.0012408234179019
2023-01-20T16:26:54Z,-0.9270670879632236
2023-01-20T18:48:45Z,-0.0327472165226936
2023-01-20T19:10:10Z,0.052553815767169
2023-01-20T20:27:49Z,0.0075341239571571
2023-01-20T21:02:01Z,0.1710042804479599
2023-01-21T21:25:24Z,-0.042800560593605
2023-01-22T21:30:43Z,0.0809945091605186
2023-01-23T10:05:46Z,0.3138856012374162
2023-01-23T11:27:15Z,0.5015395432710648
2023-01-23T12:21:54Z,-0.3338121473789215
2023-01-23T12:57:44Z,-0.4232505857944488
2023-01-23T13:09:45Z,0.0093325413763523
2023-01-23T14:00:42Z,0.0166966281831264
2023-01-23T14:05:59Z,0.9200417064130306
2023-01-23T15:25:54Z,0.1034873891621828
2023-01-23T15:51:01Z,0.0066117048263549
2023-01-23T16:49:29Z,0.7173044653609395
2023-01-23T17:01:12Z,-0.0211777538061141
2023-01-23T17:16:29Z,0.065331919118762
2023-01-23T19:19:22Z,0.0077774729579687
2023-01-23T19:23:42Z,-0.3560545556247234
2023-01-23T19:31:07Z,-0.1037594340741634
2023-01-23T18:27:26Z,0.0256354976445436
2023-01-24T08:23:00Z,0.0245966762304306
2023-01-24T09:53:57Z,-0.1012711487710475
2023-01-24T11:32:09Z,-0.9560827426612376
2023-01-24T12:21:40Z,-0.8057362250983715
2023-01-24T12:49:41Z,-0.444273293018341
2023-01-24T11:01:41Z,0.026083605363965
2023-01-24T11:42:34Z,-0.0113682299852371
2023-01-24T09:02:30Z,0.0076245404779911
2023-01-24T14:18:51Z,-0.3735410682857036
2023-01-24T17:22:31Z,0.0286364778876304
2023-01-24T17:10:24Z,0.1220387313514947
2023-01-24T18:49:06Z,-0.0039224773645401
2023-01-24T20:10:32Z,-0.0102134775370359
2023-01-24T21:02:54Z,-0.1841834485530853
2023-01-24T21:03:21Z,-0.1285174340009689
2023-01-24T21:04:20Z,0.9303720444440842
2023-01-24T21:08:17Z,-0.2379309386014938
2023-01-24T21:13:40Z,-0.9613364511169492
2023-01-24T21:28:35Z,0.3149340227246284
2023-01-24T21:54:56Z,0.0258373450487852
2023-01-24T22:16:23Z,-0.3954771943390369
2023-01-25T00:54:22Z,0.0224082469940185
2023-01-25T09:05:17Z,0.0278400797396898
2023-01-25T10:08:51Z,-0.9599998020567
2023-01-25T10:15:23Z,0.1272502476349473
2023-01-25T10:32:22Z,-0.7789150252938271
2023-01-25T10:49:06Z,-0.9423328228294848
2023-01-25T10:51:21Z,0.5297792591154575
2023-01-25T11:00:20Z,0.0041777156293392
2023-01-25T11:20:28Z,-0.4418069422245025
2023-01-25T11:25:07Z,0.7278799936175346
2023-01-25T11:27:17Z,-0.059674322605133
2023-01-25T11:29:28Z,-0.306902065873146
2023-01-25T11:29:35Z,-0.9592043329030276
2023-01-25T11:20:39Z,-0.95737748965621
2023-01-25T12:03:24Z,-0.9474578453227878
2023-01-25T12:12:40Z,-0.8511158190667629
2023-01-25T12:14:55Z,-0.0145559906959533
2023-01-25T12:37:13Z,0.0060420408844947
2023-01-25T12:27:10Z,-0.9314180882647634
2023-01-25T13:28:41Z,0.0090260505676269
2023-01-25T13:30:24Z,0.068964198231697
2023-01-25T13:32:23Z,-0.0718649923801422
2023-01-25T14:38:01Z,0.0789266331121325
2023-01-25T14:46:13Z,0.2055009305477142
2023-01-25T14:37:23Z,0.0208332538604736
2023-01-25T15:00:46Z,0.020448138937354
2023-01-25T15:01:15Z,-0.5033592078834772
2023-01-25T16:01:11Z,0.8484349404461682
2023-01-25T16:56:13Z,-0.9524490050971508
2023-01-25T16:56:14Z,0.0102991573512554
2023-01-25T17:32:15Z,0.5713408309966326
2023-01-25T18:17:51Z,-0.957527570426464
2023-01-25T18:28:23Z,0.052553815767169
2023-01-25T18:48:07Z,-0.9428057130426168
2023-01-25T19:02:09Z,-0.248063888400793
2023-01-25T20:58:11Z,-0.542962584644556
2023-01-26T00:50:03Z,0.0092516466975212
2023-01-26T08:26:47Z,0.695075124502182
2023-01-26T10:25:09Z,-0.775487594306469
2023-01-26T10:26:19Z,-0.9373694118112326
2023-01-26T11:33:28Z,0.6356021463871002
2023-01-26T11:59:43Z,-0.4591822773218155
2023-01-26T12:00:25Z,0.0538569316267967
2023-01-26T16:34:54Z,-0.96126454975456
2023-01-26T17:26:26Z,0.0093445815145969
2023-01-26T17:45:06Z,0.0433115512132644
2023-01-26T18:46:47Z,-0.0039224773645401
2023-01-26T06:56:56Z,0.0001622010022401
2023-01-26T19:34:20Z,-0.934976420365274
2023-01-26T20:37:31Z,-0.0009743869304656
2023-01-27T16:23:05Z,0.0151017718017101
2023-01-27T20:11:32Z,-0.9024544646963476
2023-01-27T21:00:07Z,0.0187960043549537
2023-01-27T21:13:38Z,0.2535937670618295
2023-01-29T22:32:46Z,0.0858497973531484
2023-01-29T13:56:29Z,0.0229132883250713
2023-01-29T22:25:32Z,0.2171395942568779
2023-01-30T03:07:53Z,0.0864678341895341
2023-01-30T11:05:52Z,-0.9036940615624188
2023-01-30T15:01:42Z,0.252164326608181
2023-01-30T18:31:32Z,-0.9532511876896024
2023-01-30T18:27:54Z,-0.0630912128835916
2023-01-31T13:00:54Z,-0.9466432258486748
2023-01-31T13:41:22Z,0.7086566877551377
2023-01-31T13:43:46Z,-0.263666033744812
2023-01-31T16:02:25Z,0.0760359531268477
2023-01-31T16:36:00Z,-0.9255565740168096
2023-01-31T18:07:08Z,-0.1069574877619743
2023-01-31T20:15:19Z,-0.7020854260772467
2023-02-01T00:29:43Z,0.022607497870922
2023-02-01T06:42:12Z,0.7614384442567825
2023-02-01T10:32:46Z,-0.6508675590157509
2023-02-01T12:57:16Z,0.7895345836877823
2023-02-01T15:40:05Z,0.0574104310944676
2023-02-01T18:11:48Z,0.0453988527879118
2023-02-01T18:20:03Z,-0.0039224773645401
2023-02-01T19:03:21Z,0.0299785006791353
2023-02-02T11:23:35Z,-0.2338724732398986
2023-02-02T13:40:14Z,-0.7273002043366432
2023-02-02T13:44:28Z,0.4066317807883024
2023-02-02T13:46:48Z,-0.4423026740550995
2023-02-02T14:25:40Z,-0.5992456655949354
2023-02-02T17:57:16Z,-0.037272123619914
2023-02-02T21:18:24Z,0.0488797724246978
2023-02-03T11:25:51Z,0.5996580198407173
2023-02-03T12:31:56Z,0.0715348068624734
2023-02-03T14:06:34Z,-0.1282359100878238
2023-02-03T21:46:33Z,-0.6852956935763359
2023-02-05T13:58:22Z,0.0029669739305973
2023-02-06T11:02:00Z,-0.8091413900256157
2023-02-06T13:19:21Z,0.9079659013077616
2023-02-06T13:35:45Z,0.1421814262866974
2023-02-06T13:42:16Z,0.1104142349213361
2023-02-06T15:30:08Z,-0.9346464965492488
2023-02-06T15:41:07Z,0.0676644444465637
2023-02-06T15:54:17Z,-0.4470614716410637
2023-02-06T17:10:28Z,0.5164873488247395
2023-02-06T18:49:58Z,-0.9078983943909408
2023-02-06T19:33:26Z,0.0698220748454332
2023-02-06T19:40:03Z,0.1083184881135821
2023-02-06T21:39:54Z,-0.0310918539762496
2023-02-06T22:54:22Z,0.0727949887514114
2023-02-07T06:44:40Z,0.0334157645702362
2023-02-07T07:27:20Z,-0.9449806455522776
2023-02-07T09:55:07Z,0.9156839130446316
2023-02-07T10:30:29Z,0.3516140133142471
2023-02-07T12:28:17Z,0.2676030900329351
2023-02-07T11:51:02Z,-0.941705534234643
2023-02-07T14:14:20Z,-0.0108882114291191
2023-02-07T14:41:53Z,-0.0521312002092599
2023-02-07T14:48:32Z,0.908252011053264
2023-02-06T20:15:17Z,-0.0129506569355726
2023-02-07T16:27:48Z,-0.0252056065946817
2023-02-07T16:34:31Z,0.0058147255331277
2023-02-07T18:11:47Z,0.7212355034425855
2023-02-07T18:12:41Z,0.1199034666642546
2023-02-07T18:17:36Z,0.5644021546468139
2023-02-07T16:16:27Z,-0.1083541214466095
2023-02-07T18:30:05Z,0.049961244687438
2023-02-07T19:00:02Z,0.3355065695941448
2023-02-07T20:44:05Z,0.2876104274764657
2023-02-07T21:22:03Z,0.1627395190298557
2023-02-07T22:19:24Z,0.1359352525323629
2023-02-07T22:24:42Z,0.010318050161004
2023-02-07T22:30:54Z,0.0272435452789068
2023-02-07T22:38:50Z,0.0877419020980596
2023-02-07T22:39:21Z,0.789831668138504
2023-02-08T00:50:53Z,0.767651554197073
2023-02-08T05:58:47Z,0.3706167126074433
2023-02-08T08:02:31Z,0.0171929523348808
2023-02-08T09:40:59Z,0.750358160585165
2023-02-08T10:23:35Z,0.1032814010977745
2023-02-08T10:51:49Z,-0.2034117430448532
2023-02-08T11:10:37Z,0.2002699756994843
2023-02-08T11:31:22Z,0.0654511768370866
2023-02-08T11:38:03Z,0.8281690999865532
2023-02-08T11:43:44Z,0.4425325021147728
2023-02-08T11:58:26Z,0.8052744548767805
2023-02-08T11:39:26Z,-0.9295998383313416
2023-02-08T12:30:40Z,0.8902578689157963
2023-02-08T12:46:01Z,0.2430809689685702
2023-02-08T12:05:28Z,0.0268171727657318
2023-02-08T13:08:42Z,0.8482679054141045
2023-02-08T13:26:22Z,0.2462969780899584
2023-02-08T13:41:51Z,0.9139266405254602
2023-02-08T13:57:41Z,0.7252287697046995
2023-02-08T14:18:19Z,-0.0063280425965785
2023-02-08T15:02:39Z,0.7668488565832376
2023-02-08T15:25:18Z,-0.4908427521586418
2023-02-08T16:15:07Z,0.1103368755429983
2023-02-08T16:56:17Z,-0.0156181436032056
2023-02-08T19:58:07Z,0.0748536586761474
2023-02-08T20:01:31Z,-0.9237889759242536
2023-02-08T20:25:54Z,0.9285348420962692
2023-02-09T00:16:39Z,0.0014045014977455
2023-02-09T07:17:03Z,-0.1683447565883398
2023-02-09T12:39:28Z,0.0199544969946146
2023-02-09T14:01:04Z,0.0205430146306753
2023-02-09T14:06:37Z,0.8730682651512325
2023-02-09T17:09:32Z,-0.1919160336256027
2023-02-09T17:15:56Z,0.2456615502014756
2023-02-10T05:07:45Z,0.00392746925354
2023-02-10T08:35:58Z,0.1932768765836954
2023-02-10T10:22:02Z,-0.9295344213023782
2023-02-10T12:13:42Z,0.2049647448584437
2023-02-10T13:34:50Z,0.6678416505455971
2023-02-10T14:09:40Z,-0.7269082441926003
2023-02-10T15:00:56Z,0.0197607390582561
2023-02-10T16:41:43Z,0.0108394417911767
2023-02-10T21:01:27Z,-0.9188666976988316
2023-02-11T19:48:27Z,0.2639303300529718
2023-02-11T22:01:43Z,0.0522203668951988
2023-02-12T14:07:33Z,0.0303460732102394
2023-02-12T17:40:22Z,-0.9322961512953044
2023-02-13T13:01:44Z,0.0254105292260646
2023-02-13T15:28:02Z,-0.17457115650177
2023-02-13T15:29:03Z,-0.0366548299789428
2023-02-13T16:42:01Z,0.4032592866569757
2023-02-13T16:43:49Z,0.2821178920567035
2023-02-13T16:44:07Z,0.3805886004120111
2023-02-13T16:52:36Z,0.0121286325156688
2023-02-13T17:24:09Z,-0.1597003787755966
2023-02-13T17:36:38Z,-0.0039224773645401
2023-02-13T17:58:46Z,-0.953513616696
2023-02-13T20:34:03Z,-0.9473553150892258
2023-02-13T21:59:42Z,0.1062106536701321
2023-02-14T00:29:51Z,0.510697023011744
2023-02-14T10:32:34Z,0.1088346540927887
2023-02-14T12:35:35Z,-0.9571371134370564
2023-02-14T12:41:03Z,-0.0190957244485616
2023-02-14T13:19:12Z,-0.5267710871994495
2023-02-14T14:42:21Z,-0.4778658356517553
2023-02-14T18:05:15Z,0.8181771282106638
2023-02-14T18:59:46Z,-0.2707850001752376
2023-02-14T22:38:07Z,-0.0335125811398029
2023-02-15T10:58:18Z,0.1937229093164205
2023-02-15T13:16:24Z,-0.7896386366337538
2023-02-15T15:05:05Z,0.0248381346464157
2023-02-15T15:52:08Z,0.2432298129424452
2023-02-15T16:11:52Z,-0.1496955007314682
2023-02-15T22:00:44Z,-0.0335541013628244
2023-02-16T03:29:14Z,-0.7325296103954315
2023-02-16T11:18:44Z,0.5281131118535995
2023-02-16T11:40:30Z,-0.0025226473808288
2023-02-16T11:45:44Z,-0.5637559778988361
2023-02-16T13:01:17Z,-0.0164406094700098
2023-02-16T13:03:09Z,-0.9239662978798152
2023-02-16T12:20:52Z,0.0976661574095487
2023-02-16T18:41:12Z,0.1226780917495489
2023-02-16T21:36:25Z,-0.0356735251843929
2023-02-17T06:31:25Z,0.4929098468273878
2023-02-17T10:51:30Z,-0.8869180893525481
2023-02-17T11:11:41Z,0.0186351686716079
2023-02-17T13:16:30Z,-0.1377790756523609
2023-02-17T13:52:56Z,0.0097871106117963
2023-02-17T15:51:44Z,0.0787154696881771
2023-02-17T16:14:54Z,0.1244697133079171
2023-02-17T17:58:57Z,-0.0323669370263814
2023-02-17T19:52:05Z,0.0458965674042701
2023-02-18T16:46:54Z,-0.0487657450139522
2023-02-18T20:48:27Z,-0.0892254076898098
2023-02-18T21:22:07Z,0.0822414699941873
2023-02-18T21:52:29Z,0.2228894736617803
2023-02-18T22:19:38Z,-0.1183553654700517
2023-02-20T15:41:27Z,-0.8371166028082371
2023-02-20T18:11:51Z,-0.0634082928299903
2023-02-21T10:29:51Z,-0.9154195711016656
2023-02-21T12:58:02Z,-0.0104247853159904
2023-02-21T14:13:57Z,-0.1747026871889829
2023-02-21T17:09:57Z,0.840286185964942
2023-02-21T17:34:47Z,0.0360549632459878
2023-02-21T17:36:53Z,-0.0039224773645401
2023-02-21T17:49:30Z,0.261289332062006
2023-02-21T17:52:55Z,0.5230804020538926
2023-02-21T18:00:56Z,0.6943661887198687
2023-02-21T18:12:47Z,0.0005525760352611
2023-02-21T17:57:50Z,0.8624893538653851
2023-02-21T18:32:27Z,0.8435032488778234
2023-02-21T18:36:09Z,0.8260606052353978
2023-02-21T21:29:42Z,0.1388031914830207
2023-02-22T05:10:13Z,0.9102033339440824
2023-02-22T12:59:06Z,-0.9313998585566878
2023-02-22T14:01:49Z,-0.0823432933539152
2023-02-22T14:29:59Z,0.6331182699650526
2023-02-22T16:56:35Z,0.1773167997598648
2023-02-22T18:00:26Z,0.0020908769220113
2023-02-22T18:22:42Z,0.4163402020931244
2023-02-22T18:56:07Z,-0.950059661641717
2023-02-22T18:14:19Z,0.0172472242265939
2023-02-22T21:25:16Z,-0.8891393067315221
2023-02-23T09:56:31Z,0.915041928179562
2023-02-23T11:17:15Z,0.0744407204911112
2023-02-23T16:09:41Z,-0.006683126091957
2023-02-23T16:33:53Z,-0.9556347914040088
2023-02-23T16:08:55Z,-0.5213641729205847
2023-02-23T22:22:53Z,-0.0356893148273229
2023-02-24T10:41:33Z,-0.856341939419508
2023-02-24T11:16:32Z,0.7167614176869392
2023-02-24T14:03:45Z,-0.9299552403390408
2023-02-24T14:34:08Z,0.8881801627576351
2023-02-24T16:00:46Z,0.0979556199163198
2023-02-24T18:14:30Z,-0.3695404231548309
2023-02-24T20:21:11Z,-0.0312373340129852
2023-02-24T21:20:11Z,-0.0072063449770212
2023-02-25T21:51:50Z,0.0835924539715051
2023-02-27T03:51:18Z,0.0262362994253635
2023-02-27T07:35:17Z,0.7961667012423277
2023-02-27T08:16:22Z,0.2661214657127857
2023-02-27T11:00:58Z,0.9265136271715164
2023-02-27T12:56:46Z,0.159326747059822
2023-02-27T15:19:42Z,-0.0509617030620574
2023-02-27T15:30:38Z,0.020448138937354
2023-02-27T16:40:00Z,0.0060120876878499
2023-02-27T17:51:04Z,0.0472661843523383
2023-02-27T18:13:35Z,0.4093980230391025
2023-02-27T13:10:22Z,0.0364253735169768
2023-02-28T06:20:08Z,0.0264582708477973
2023-02-28T08:53:03Z,0.0244910456240177
2023-02-28T13:34:39Z,0.323000363074243
2023-02-16T17:07:12Z,0.0817415434867143
2023-02-28T19:14:40Z,-0.0500509105622768
2023-03-01T08:11:10Z,0.0392594281584024
2023-03-01T10:27:21Z,-0.9245282635092736
2023-03-01T11:36:03Z,0.1031357310712337
2023-03-01T12:09:59Z,0.0813967734575271
2023-03-01T13:34:22Z,-0.9459447916597128
2023-03-01T14:05:47Z,0.0118778478354215
2023-03-01T16:38:14Z,0.059202080592513
2023-03-01T18:30:59Z,0.052553815767169
2023-03-01T19:31:37Z,-0.0312253292649984
2023-03-01T20:45:15Z,0.0760005693882703
2023-03-02T09:02:49Z,0.2989210588857531
2023-03-02T10:21:12Z,0.8259588554501534
2023-03-02T13:51:44Z,-0.2738761007785797
2023-03-02T14:12:22Z,0.922123390249908
2023-03-02T15:48:32Z,0.0612562596797943
2023-03-02T16:44:50Z,0.006162617355585
2023-03-02T16:54:27Z,-0.0795917361974716
2023-03-02T18:30:53Z,-0.7449209205806255
2023-03-02T18:53:41Z,-0.8387274108827114
2023-03-02T19:21:40Z,0.4628653703257441
2023-03-02T23:07:50Z,0.022060414776206
2023-03-03T10:15:21Z,-0.4952539056539535
2023-03-03T18:31:25Z,0.052553815767169
2023-03-03T21:31:47Z,-0.8848001901060343
2023-03-04T20:01:41Z,0.1199297923594713
2023-03-03T18:21:12Z,-0.3908484317362308
2023-03-04T20:51:19Z,-0.4339058101177215
2023-03-06T05:56:57Z,-0.3847106546163559
2023-03-06T08:35:04Z,0.2883877009153366
2023-03-06T13:16:31Z,0.7592757241800427
2023-03-06T18:38:05Z,-0.0039224773645401
2023-03-06T19:32:32Z,0.2645547222346067
2023-03-06T22:10:10Z,-0.0291756708174943
2023-03-07T07:03:01Z,0.1106729563325643
2023-03-07T10:29:31Z,-0.3773699104785919
2023-03-07T13:02:02Z,-0.1014634650200605
2023-03-07T14:01:50Z,0.2987226163968444
2023-03-07T16:17:07Z,0.0317212715744972
2023-03-07T18:01:34Z,0.052553815767169
2023-03-07T19:52:44Z,-0.484491953626275
2023-03-08T00:38:44Z,-0.944290317595005
2023-03-08T14:14:17Z,0.7186526693403721
2023-03-08T16:56:05Z,0.6173702087253332
2023-03-08T16:57:26Z,0.7054294738918543
2023-03-08T17:55:56Z,-0.9204754531383514
2023-03-09T05:55:57Z,-0.8912126515060663
2023-03-09T10:48:45Z,-0.1962697990238666
2023-03-09T14:14:44Z,-0.0728777833282947
2023-03-09T19:07:08Z,0.3547108136117458
2023-03-09T19:45:31Z,-0.9414440514519812
2023-03-10T16:00:35Z,-0.0033738519996404
2023-03-10T16:05:55Z,0.1289996523410082
2023-03-10T16:16:19Z,-0.2113799564540386
2023-03-10T19:07:11Z,-0.9062484316527843
2023-03-13T12:54:15Z,0.7962833005003631
2023-03-13T15:51:16Z,0.0607618475332856
2023-03-13T17:35:31Z,-0.0039224773645401
2023-03-13T06:31:07Z,0.0188441388309001
2023-03-14T13:05:45Z,0.7859832504764199
2023-03-14T14:31:11Z,-0.1593241430819034
2023-03-14T15:48:42Z,0.5514753684401512
2023-03-14T16:23:02Z,0.2935155071318149
2023-03-14T17:21:12Z,-0.0680502876639366
2023-03-14T04:54:05Z,-0.8372233426198363
2023-03-14T17:28:09Z,0.6556541733443737
2023-03-14T17:35:31Z,0.052553815767169
2023-03-14T21:31:41Z,-0.2992067784070968
2023-03-15T01:20:17Z,0.0263240002095699
2023-03-15T11:22:36Z,0.068750811740756
2023-03-15T12:59:34Z,0.0442312993109226
2023-03-15T13:07:49Z,0.6109915673732758
2023-03-15T17:35:16Z,-0.0039224773645401
2023-03-15T18:13:03Z,-0.9593779146671296
2023-03-15T19:00:41Z,0.0240198485553264
2023-03-15T20:34:11Z,0.3568621650338173
2023-03-15T20:48:10Z,0.3250413294881582
2023-03-09T15:10:02Z,0.132127346470952
2023-03-14T14:40:18Z,0.2592978700995445
2023-03-15T21:39:03Z,-0.0316916666924953
2023-03-15T22:02:07Z,-0.8670446984469891
2023-03-16T03:38:49Z,0.0698306448757648
2023-03-16T07:39:45Z,-0.9263106463477015
2023-03-16T09:53:46Z,-0.921807922422886
2023-03-16T10:01:05Z,-0.0376558415591716
2023-03-16T13:55:49Z,-0.6105634495615959
2023-03-16T14:00:43Z,0.0509509555995464
2023-03-16T14:05:10Z,-0.3556278720498085
2023-03-16T14:22:46Z,0.1485585384070873
2023-03-16T15:01:18Z,0.0611304594203829
2023-03-16T15:23:19Z,-0.8334100749343634
2023-03-16T17:06:42Z,-0.4858147967606783
2023-03-16T17:35:16Z,0.052553815767169
2023-03-16T18:07:41Z,-0.0330465417355299
2023-03-16T19:14:18Z,0.8650096375495195
2023-03-13T12:41:43Z,0.0517220478504896
2023-03-16T19:45:42Z,0.0179991479963064
2023-03-16T21:19:41Z,-0.0341126285493373
2023-03-16T22:03:57Z,0.1249011093750596
2023-03-17T02:34:14Z,0.2062435895204544
2023-03-17T10:47:04Z,0.8983325203880668
2023-03-17T13:00:34Z,-0.7766067609190941
2023-03-17T13:07:38Z,0.7320143841207027
2023-03-17T14:22:41Z,0.0451523959636688
2023-03-17T17:01:29Z,0.0056868847459554
2023-03-17T17:37:01Z,0.77051258739084
2023-03-17T17:35:40Z,0.0568127203732728
2023-03-17T17:07:00Z,-0.7944365553557873
2023-03-18T16:06:37Z,0.0357744991779327
2023-03-18T17:38:22Z,0.3147273454815149
2023-03-19T17:08:55Z,-0.2699882462620735
2023-03-19T20:21:29Z,-0.7618524767458439
2023-03-19T20:47:28Z,-0.928038315847516
2023-03-20T04:33:52Z,0.0318706128746271
2023-03-20T05:50:58Z,0.070874024182558
2023-03-20T08:41:17Z,-0.2729808092117309
2023-03-20T10:51:33Z,0.9291785825043916
2023-03-20T12:17:41Z,0.2996956761926412
2023-03-20T14:01:22Z,0.0509509555995464
2023-03-20T15:54:41Z,0.0057377144694328
2023-03-20T16:29:00Z,0.8766156584024429
2023-03-20T19:48:21Z,-0.7750079976394773
2023-03-20T20:20:02Z,-0.0292484108358621
2023-03-20T21:44:16Z,0.0579698188230395
2023-03-21T08:55:13Z,0.1302342358976602
2023-03-21T11:45:12Z,-0.7968550762161613
2023-03-21T13:06:11Z,0.3617329653352499
2023-03-21T13:08:14Z,0.1589829241856932
2023-03-21T14:47:44Z,0.7952881827950478
2023-03-21T15:24:15Z,-0.0885108038783073
2023-03-21T15:35:41Z,0.6099781543016434
2023-03-21T17:22:44Z,0.0839964933693409
2023-03-21T17:35:16Z,0.052553815767169
2023-03-21T20:48:49Z,-0.031097350642085
2023-03-21T21:45:03Z,0.0780132114887237
2023-03-21T22:29:57Z,0.0583180384710431
2023-03-22T11:08:37Z,0.0245058834552764
2023-03-22T12:20:41Z,-0.8736147871240973
2023-03-22T12:47:20Z,-0.0358422100543975
2023-03-22T13:08:51Z,0.2303636483848095
2023-03-22T16:30:10Z,-0.0020878836512565
2023-03-22T16:46:15Z,0.0068721026182174
2023-03-22T17:35:14Z,-0.0039224773645401
2023-03-22T19:09:50Z,0.0401397049427032
2023-03-22T20:58:08Z,-0.0329651422798633
2023-03-23T02:58:04Z,0.8928944282233715
2023-03-23T06:18:43Z,0.0413413327187299
2023-03-23T11:34:04Z,-0.0365921035408973
2023-03-23T14:44:08Z,-0.4149946421384811
2023-03-23T17:02:39Z,0.6898608207702637
2023-03-23T17:35:14Z,-0.0039224773645401
2023-03-23T19:41:25Z,0.4259044080972671
2023-03-23T20:44:54Z,-0.0346164759248495
2023-03-23T21:43:12Z,-0.0342048294842243
2023-03-23T22:26:26Z,-0.7149292808026075
2023-03-24T08:43:26Z,0.106199124827981
2023-03-24T09:45:29Z,0.6840237975120544
2023-03-24T12:06:53Z,0.8540933728218079
2023-03-24T12:49:20Z,0.8640291672199965
2023-03-24T13:03:32Z,0.5714959613978863
2023-03-24T13:27:52Z,0.9201199021190404
2023-03-24T13:32:51Z,0.6421831771731377
2023-03-24T13:44:48Z,-0.6443798001855612
2023-03-24T15:30:49Z,0.0243477616459131
2023-03-24T16:13:54Z,-0.0793512016534805
2023-03-24T16:14:43Z,-0.9591581299901007
2023-03-24T16:15:16Z,-0.8287485968321562
2023-03-24T16:15:37Z,0.1157832816243171
2023-03-24T16:37:12Z,0.269153218716383
2023-03-24T17:35:15Z,0.052553815767169
2023-03-24T17:54:39Z,-0.824939738959074
2023-03-25T12:28:13Z,-0.1810397394001484
2023-03-25T13:14:36Z,0.2932762056589126
2023-03-25T15:25:10Z,0.3870093282312155
2023-03-25T16:40:16Z,0.0307187121361494
2023-03-25T17:26:55Z,0.0704217236489057
2023-03-26T20:50:11Z,-0.6533635426312685
2023-03-27T05:23:22Z,-0.9542793491855264
2023-03-27T05:29:08Z,-0.8399764262139797
2023-03-27T08:22:59Z,-0.7282933834940195
2023-03-27T10:05:57Z,0.4732569903135299
2023-03-27T11:31:16Z,-0.806286996230483
2023-03-27T13:01:56Z,-0.0770120080560445
2023-03-27T15:00:42Z,-0.2237536311149597
2023-03-27T16:01:37Z,0.9196806401014328
2023-03-27T16:22:32Z,-0.8171356171369553
2023-03-27T17:35:15Z,0.052553815767169
2023-03-27T17:48:47Z,0.0139528643339872
2023-03-27T19:55:54Z,-0.0301372352987527
2023-03-28T03:59:28Z,0.8999522514641285
2023-03-28T09:09:37Z,-0.0183781199157238
2023-03-28T09:14:18Z,-0.3436173889786005
2023-03-28T09:40:39Z,0.0363419502973556
2023-03-28T10:05:51Z,0.4320801049470901
2023-03-28T10:50:34Z,0.4539158977568149
2023-03-28T11:08:16Z,0.8700443729758263
2023-03-28T12:44:42Z,0.0049270763993263
2023-03-28T13:00:32Z,-0.7080053798854351
2023-03-28T14:45:22Z,0.8966062180697918
2023-03-28T14:54:51Z,0.3641857011243701
2023-03-28T15:07:33Z,0.6386871300637722
2023-03-28T15:31:58Z,0.2260100711137056
2023-03-28T16:22:08Z,0.0145580265671014
2023-03-28T17:21:57Z,-0.5269024949520826
2023-03-28T17:30:46Z,-0.1271908730268478
2023-03-28T17:35:20Z,-0.0039224773645401
2023-03-28T19:09:03Z,-0.031129527837038
2023-03-28T19:28:25Z,-0.836415970697999
2023-03-28T19:44:14Z,-0.8559165578335524
2023-03-28T23:55:34Z,0.0183259919285774
2023-03-28T21:46:41Z,0.1182941291481256
2023-03-29T10:28:33Z,0.2327757179737091
2023-03-29T11:30:28Z,0.5723396893590689
2023-03-29T13:00:48Z,0.8970961142331362
2023-03-29T13:49:15Z,-0.3804101273417473
2023-03-29T17:03:37Z,0.0140259116888046
2023-03-29T17:35:14Z,-0.0039224773645401
2023-03-29T18:00:00Z,-0.2026706933975219
2023-03-29T18:50:10Z,-0.9508296540006996
2023-03-29T19:08:21Z,0.7298073228448629
2023-03-28T11:08:42Z,0.3887609727680683
2023-03-30T04:36:53Z,-0.9155755508691072
2023-03-30T07:36:47Z,0.0070185884833335
2023-03-30T08:50:01Z,0.0974962078034877
2023-03-30T11:38:16Z,-0.8548058457672596
2023-03-30T11:50:18Z,0.0289555396884679
2023-03-30T12:53:47Z,0.1101756449788808
2023-03-30T13:49:33Z,0.9208382312208414
2023-03-30T17:35:14Z,0.052553815767169
2023-03-30T17:45:25Z,-0.250665683299303
2023-03-30T20:03:21Z,0.3085623979568481
2023-03-30T21:14:04Z,-0.0331862773746252
2023-03-31T04:45:52Z,0.2487136274576187
2023-03-31T08:19:30Z,-0.0137161314487457
2023-03-31T10:26:46Z,-0.2882033064961433
2023-03-31T15:08:22Z,0.0130019281059503
2023-03-31T17:17:47Z,-0.9375530136749148
2023-03-31T16:50:15Z,-0.0371554195880889
2023-03-31T20:00:32Z,0.020448138937354
2023-04-01T14:49:25Z,0.9191520139575003
2023-04-03T11:20:40Z,0.8378869853913784
2023-04-03T12:40:30Z,0.0014993920922279
2023-04-03T12:54:47Z,-0.9263037191703916
2023-04-03T13:00:39Z,0.0181083418428897
2023-04-03T13:46:29Z,-0.0142650716006755
2023-04-03T15:10:58Z,-0.9586236737668514
2023-04-03T15:50:15Z,0.8906477000564337
2023-04-03T16:12:41Z,-0.0310991443693637
2023-04-03T16:25:48Z,0.8644701624289155
2023-04-03T17:04:47Z,0.9146034810692072
2023-04-03T17:35:13Z,0.052553815767169
2023-04-03T18:14:06Z,-0.9467172110453248
2023-04-03T18:14:43Z,0.0088259652256965
2023-04-04T11:19:28Z,-0.9401913518086076
2023-04-04T11:57:43Z,0.0643672421574592
2023-04-04T17:35:13Z,-0.0039224773645401
2023-04-04T18:14:36Z,0.1650217128917575
2023-04-04T18:31:25Z,0.0153573174029588
2023-04-04T19:01:50Z,0.1044457945972681
2023-04-04T20:46:01Z,-0.0328943654894828
2023-04-05T08:44:57Z,-0.2862258665263653
2023-04-05T11:00:22Z,0.6318480856716633
2023-04-05T12:04:24Z,0.1540147410705685
2023-04-05T12:24:54Z,-0.542327918112278
2023-04-05T13:27:19Z,-0.0229774303734302
2023-04-05T13:39:45Z,0.2077003791928291
2023-04-04T20:29:30Z,0.6064265221357346
2023-04-05T14:50:26Z,0.9016719292849302
2023-04-05T17:35:14Z,-0.0039224773645401
2023-04-05T18:31:39Z,-0.2387289833277464
2023-04-05T19:10:00Z,0.9376982925459744
2023-04-05T20:15:21Z,0.938574199564755
2023-04-05T20:26:00Z,-0.0336630102246999
2023-04-06T06:47:04Z,-0.0728827193379402
2023-04-06T07:17:06Z,0.129048066213727
2023-04-06T11:28:17Z,0.924525598064065
2023-04-06T11:45:18Z,0.8115730918943882
2023-04-06T11:53:51Z,-0.011317104101181
2023-04-06T13:05:53Z,0.6558300741016865
2023-04-06T13:49:12Z,-0.6359274387359619
2023-04-06T14:00:44Z,0.0627228878438472
2023-04-05T23:49:44Z,0.0431558024138212
2023-04-06T14:59:03Z,-0.1495634205639362
2023-04-06T15:51:25Z,0.1504839202389121
2023-04-06T16:01:55Z,0.2836054675281048
2023-04-06T17:35:15Z,0.052553815767169
2023-04-06T18:06:38Z,0.8742108326405287
2023-04-06T18:51:48Z,0.897316281683743
2023-04-06T18:59:32Z,0.8119301972910762
2023-04-06T19:08:52Z,0.6445367401465774
2023-04-06T19:34:18Z,-0.1729825139045715
2023-04-06T19:41:33Z,-0.0349810123443603
2023-04-06T20:53:26Z,0.0152208711951971
2023-04-07T16:09:21Z,-0.6172748152166605
2023-04-07T17:35:14Z,0.052553815767169
2023-04-07T19:52:59Z,-0.9405233897268772
2023-04-08T02:37:56Z,0.0321937203407287
2023-04-08T14:14:12Z,-0.9063235726207496
2023-04-08T14:27:12Z,0.12014901638031
2023-04-08T14:48:34Z,0.0387735851109027
2023-04-10T05:09:27Z,0.0987918367609381
2023-04-10T09:16:03Z,0.0298117250204086
2023-04-10T09:53:56Z,0.0109594166278839
2023-04-10T12:04:14Z,0.2596266362816095
2023-04-10T12:38:16Z,0.0713098412379622
2023-04-10T17:35:17Z,-0.0039224773645401
2023-04-10T18:59:35Z,-0.236994806677103
2023-04-10T21:18:36Z,-0.0310216154903173
2023-04-11T11:56:44Z,-0.9657856822013856
2023-04-11T12:34:26Z,0.8353809509426355
2023-04-11T13:00:27Z,-0.0910450890660286
2023-04-11T13:04:14Z,0.2396994922310114
2023-04-11T13:05:21Z,0.4113102471455931
2023-04-11T13:06:32Z,0.0631664358079433
2023-04-11T13:07:22Z,0.7627886622212827
2023-04-11T14:39:50Z,-0.874633795581758
2023-04-11T14:55:51Z,0.0823131753131747
2023-04-11T15:57:58Z,0.004882127046585
2023-04-11T17:06:10Z,0.3873688578605652
2023-04-11T17:35:14Z,0.052553815767169
2023-04-11T17:59:03Z,0.1509646326303482
2023-04-11T19:39:06Z,0.9157069073989988
2023-04-11T20:58:16Z,-0.0339198783040046
2023-04-11T22:05:14Z,0.0357106439769268
2023-04-12T09:34:30Z,-0.578913003206253
2023-04-12T10:52:59Z,0.0716471672058105
2023-04-12T11:22:40Z,0.8819466307759285
2023-04-12T12:06:29Z,0.0078423358500003
2023-04-12T13:19:05Z,0.7986842207610607
2023-04-12T13:37:32Z,-0.9593171318992972
2023-04-12T13:46:29Z,0.0243477616459131
2023-04-12T14:20:08Z,-0.3863473944365978
2023-04-12T16:05:57Z,-0.8770245388150215
2023-04-12T17:22:02Z,-0.4865798503160476
2023-04-12T17:35:14Z,-0.0039224773645401
2023-04-12T17:45:53Z,0.0088084358721971
2023-04-12T19:15:45Z,0.0958206225186586
2023-04-12T19:33:37Z,0.0418395567685365
2023-04-13T11:00:31Z,0.1394549701362848
2023-04-13T11:24:59Z,-0.8827034961432219
2023-04-13T11:28:40Z,-0.8969752676784992
2023-04-13T11:59:16Z,0.0025270469486713
2023-04-13T12:18:39Z,-0.0164993200451135
2023-04-13T12:24:26Z,-0.6057585589587688
2023-04-13T13:08:07Z,0.028130043298006
2023-04-13T16:38:26Z,-0.7481811344623566
2023-04-13T20:48:18Z,-0.0363557916134595
2023-04-14T11:20:07Z,-0.8316323794424534
2023-04-14T11:28:23Z,0.6740480829030275
2023-04-14T11:43:08Z,0.8491746727377176
2023-04-14T12:04:51Z,-0.0143436565995216
2023-04-14T17:35:14Z,-0.0039224773645401
2023-04-14T18:48:11Z,0.8971828143112361
2023-04-14T20:22:51Z,-0.0324057266116142
2023-04-15T12:44:39Z,-0.0580346137285232
2023-04-16T16:03:23Z,-0.0029283240437507
2023-04-17T07:51:23Z,0.0832116287201643
2023-04-17T09:50:20Z,-0.8354667983949184
2023-04-17T10:32:01Z,0.8698075041174889
2023-04-17T10:15:09Z,-0.0240370146930217
2023-04-17T12:26:36Z,-0.9547669282183052
2023-04-17T14:31:02Z,0.8145969151519239
2023-04-17T14:32:28Z,0.0741707310080528
2023-04-17T14:34:20Z,0.3822305202484131
2023-04-17T15:02:32Z,0.9275600695982577
2023-04-17T15:23:05Z,-0.3076294213533401
2023-04-17T15:52:32Z,0.0047833286225795
2023-04-17T15:59:57Z,-0.6893197316676378
2023-04-17T16:42:57Z,0.1424163887277245
2023-04-17T16:43:06Z,0.9287697598338128
2023-04-17T17:04:00Z,-0.8109635151922703
2023-04-17T17:35:16Z,0.052553815767169
2023-04-17T18:19:41Z,0.9213231997564436
2023-04-17T20:15:14Z,-0.031702822074294
2023-04-17T20:30:27Z,0.020875085145235
2023-04-18T05:24:45Z,-0.0046880207955837
2023-04-18T09:52:28Z,0.0857565999031066
2023-04-18T10:06:27Z,0.1186257302761077
2023-04-18T11:12:15Z,0.5902023073285818
2023-04-18T12:44:26Z,0.0066238790750503
2023-04-18T13:04:23Z,0.1111555825918912
2023-04-18T13:22:27Z,0.7617569207213819
2023-04-18T13:57:54Z,-0.7362036965787411
2023-04-18T14:31:37Z,0.0243477616459131
2023-04-18T15:06:26Z,0.044976383447647
2023-04-18T15:31:12Z,-0.0346255749464035
2023-04-18T15:44:03Z,0.8836042955517769
2023-04-18T16:00:03Z,0.0150829795747995
2023-04-18T17:02:14Z,0.7280126512050629
2023-04-18T17:35:15Z,0.052553815767169
2023-04-18T17:53:48Z,0.8018668573349714
2023-04-18T18:43:48Z,-0.8675497695803642
2023-04-18T19:45:20Z,0.1103510232642293
2023-04-18T19:52:14Z,-0.0329103711992502
2023-04-18T20:00:22Z,0.0635166428983211
2023-04-18T21:25:45Z,0.4487371370196342
2023-04-18T21:46:55Z,-0.0327199958264827
2023-04-19T01:12:29Z,0.9264893922954798
2023-04-19T10:16:19Z,0.7387294098734856
2023-04-19T11:37:54Z,-0.7174424603581429
2023-04-19T12:42:51Z,0.0476878592744469
2023-04-19T14:35:03Z,0.541261320002377
2023-04-19T15:12:11Z,-0.9507535547018052
2023-04-19T14:53:00Z,0.1436675153672695
2023-04-19T16:13:03Z,0.0942310886457562
2023-04-19T16:34:42Z,0.8978180214762688
2023-04-19T17:35:16Z,0.052553815767169
2023-04-19T21:01:29Z,0.6413146341219544
2023-04-19T21:10:15Z,-0.033558340743184
2023-04-19T13:54:27Z,0.0494475457817316
2023-04-20T04:43:37Z,-0.8245616145431995
2023-04-20T09:07:14Z,0.0580258592963218
2023-04-20T10:42:42Z,-0.9050582069903612
2023-04-20T11:22:23Z,0.0892771054059267
2023-04-20T12:41:26Z,0.029285529628396
2023-04-20T15:04:56Z,0.279339681379497
2023-04-20T16:27:09Z,0.5879949182271957
2023-04-20T17:35:18Z,-0.0039224773645401
2023-04-15T14:53:46Z,0.1693410007283091
2023-04-20T21:23:57Z,-0.0347992628812789
2023-04-20T21:27:22Z,-0.5387524217367172
2023-04-21T08:46:34Z,-0.0842159800231456
2023-04-21T11:32:42Z,0.539122462272644
2023-04-21T13:21:11Z,0.0367191340774297
2023-04-21T13:21:13Z,0.0367191340774297
2023-04-21T14:20:47Z,0.8714977838099003
2023-04-21T17:27:30Z,0.302750545553863
2023-04-21T19:18:28Z,-0.0770120080560445
2023-04-21T20:00:05Z,-0.7943038009107113
2023-04-23T13:33:25Z,0.0262409597635269
2023-04-23T20:59:38Z,0.0292267110198736
2023-04-24T09:00:11Z,0.6020317962393165
2023-04-24T09:44:41Z,0.1049999892711639
2023-04-24T10:38:15Z,0.8335914388298988
2023-04-24T10:41:19Z,-0.5260990262031555
2023-04-24T12:50:01Z,0.0064010955393314
2023-04-24T13:04:14Z,0.0213717110455036
2023-04-24T13:10:47Z,-0.8069960158318281
2023-04-24T14:01:07Z,0.0509509555995464
2023-04-24T14:01:42Z,-0.0305961109697818
2023-04-24T14:48:30Z,0.5069495653733611
2023-04-24T15:00:36Z,-0.4525402374565601
2023-04-24T15:57:24Z,0.0078602395951747
2023-04-24T16:28:00Z,-0.9528485871851444
2023-04-24T16:57:47Z,-0.1074291095137596
2023-04-24T17:35:15Z,0.052553815767169
2023-04-24T18:18:20Z,-0.9440740179270506
2023-04-24T18:45:32Z,0.1018484439700841
2023-04-24T19:01:50Z,0.0128190703690052
2023-04-24T19:38:40Z,0.032602235674858
2023-04-24T21:06:20Z,-0.0303292870521545
2023-04-24T21:40:31Z,0.1802620068192482
2023-04-24T23:44:31Z,-0.9336486291140318
2023-04-25T01:07:18Z,0.005643980577588
2023-04-25T04:29:10Z,-0.9078668737784028
2023-04-25T06:37:42Z,-0.9148084335029124
2023-04-25T08:18:29Z,-0.0118821002542972
2023-04-25T08:59:00Z,-0.0036707259714603
2023-04-25T09:05:33Z,0.555900439620018
2023-04-25T09:31:35Z,0.4058792442083359
2023-04-25T08:41:33Z,-0.1231701076030731
2023-04-25T12:45:20Z,0.6477832905948162
2023-04-25T16:04:40Z,-0.9495888147503138
2023-04-25T16:20:59Z,0.0108325872570276
2023-04-25T16:50:11Z,-0.9115608893334866
2023-04-25T18:28:00Z,-0.5205520987510681
2023-04-25T19:14:56Z,-0.0105046350508928
2023-04-25T19:15:43Z,-0.0491573810577392
2023-04-25T19:34:36Z,0.0061563588678836
2023-04-25T20:02:30Z,0.4453102648258209
2023-04-25T20:14:31Z,0.4270877800881862
2023-04-25T20:15:46Z,0.8822532538324594
2023-04-25T21:41:14Z,-0.0316157862544059
2023-04-25T21:50:16Z,0.8700403906404972
2023-04-25T21:52:31Z,0.2091396958567202
2023-04-25T22:25:00Z,0.8519683685153723
2023-04-25T22:27:54Z,0.1114846896380186
2023-04-25T22:57:32Z,0.3470745384693146
2023-04-26T01:21:38Z,0.0266971252858638
2023-04-26T03:10:23Z,-0.611327514052391
2023-04-26T05:34:30Z,-0.9495267467573284
2023-04-26T06:09:19Z,0.7907898873090744
2023-04-26T05:51:22Z,0.0992556745186448
2023-04-26T08:15:17Z,0.0195393022149801
2023-04-26T09:14:44Z,0.000536922365427
2023-04-26T09:43:35Z,0.5347899552434683
2023-04-26T09:43:55Z,-0.9053165316581726
2023-04-26T10:16:43Z,0.8572412114590406
2023-04-26T10:25:04Z,0.8358795866370201
2023-04-26T10:26:46Z,0.874054554849863
2023-04-26T10:28:43Z,0.7922292426228523
2023-04-26T10:29:45Z,0.6470150593668222
2023-04-26T10:34:59Z,0.875697523355484
2023-04-26T10:35:04Z,0.7564156223088503
2023-04-26T10:35:49Z,0.8625081870704889
2023-04-26T10:40:36Z,0.8475804142653942
2023-04-26T10:41:02Z,0.9225862063467504
2023-04-26T10:43:20Z,0.9119452852755784
2023-04-26T10:41:55Z,0.9154996536672116
2023-04-26T11:03:53Z,-0.6386202480643988
2023-04-26T11:05:09Z,-0.2193977460265159
2023-04-26T11:05:42Z,0.8786755502223969
2023-04-26T11:06:04Z,0.622206799685955
2023-04-26T11:06:07Z,-0.9376416113227606
2023-04-26T11:07:22Z,0.7549881469458342
2023-04-26T11:08:46Z,0.125398457981646
2023-04-26T11:11:57Z,-0.5914314985275269
2023-04-26T11:17:07Z,0.6054746210575104
2023-04-26T11:23:37Z,0.0945460796356201
2023-04-26T11:31:04Z,0.7847610712051392
2023-04-26T11:36:52Z,0.8256507366895676
2023-04-26T11:39:55Z,0.7670560367405415
2023-04-26T11:57:15Z,-0.9312538048252464
2023-04-26T12:08:26Z,0.9024507198482752
2023-04-26T12:35:54Z,0.8250521523877978
2023-04-26T12:37:39Z,-0.8578696949407458
2023-04-26T12:41:08Z,0.2812214083969593
2023-04-26T12:42:29Z,-0.1082076281309127
2023-04-26T12:55:02Z,-0.0161310248076915
2023-04-26T13:45:30Z,0.8451144658029079
2023-04-26T13:51:19Z,0.6167435236275196
2023-04-26T13:59:36Z,0.8272610642015934
2023-04-26T14:05:09Z,0.8972577266395092
2023-04-26T14:30:03Z,-0.0006248131394386
2023-04-26T14:45:56Z,0.6628181226551533
2023-04-26T14:47:30Z,0.0699371118098497
2023-04-26T15:00:26Z,-0.4697990920394659
2023-04-26T15:12:52Z,0.5620478475466371
2023-04-26T15:16:47Z,0.8813608251512051
2023-04-26T15:22:09Z,0.7572625391185284
2023-04-26T17:26:53Z,0.0243045687675476
2023-04-26T17:35:15Z,-0.0039224773645401
2023-04-26T17:38:08Z,-0.5321329608559608
2023-04-26T18:03:00Z,0.001507818698883
2023-04-26T18:12:50Z,0.0342171043157577
2023-04-26T18:26:20Z,0.0052411258220672
2023-04-26T18:55:03Z,-0.3084870874881744
2023-04-26T19:27:35Z,0.9239790737628936
2023-04-26T20:58:12Z,-0.968194310553372
2023-04-26T21:18:35Z,-0.0335623510181903
2023-04-27T05:47:01Z,-0.4468193352222442
2023-04-26T07:58:46Z,-0.9119441201910377
2023-04-27T06:46:12Z,-0.8799466826021671
2023-04-27T09:51:00Z,-0.867989357560873
2023-04-27T10:54:52Z,-0.0451521445065736
2023-04-27T12:29:53Z,0.2977591641247272
2023-04-27T12:33:49Z,0.2830714304000139
2023-04-27T12:33:59Z,0.2884393441490829
2023-04-27T13:11:14Z,0.0174688436090946
2023-04-27T13:46:25Z,-0.1401383019983768
2023-04-27T15:17:10Z,-0.4858147967606783
2023-04-27T15:36:52Z,-0.9525195062160492
2023-04-27T16:55:11Z,0.0124850906431674
2023-04-27T17:35:14Z,-0.0039224773645401
2023-04-27T17:56:00Z,0.6320881396532059
2023-04-27T19:37:51Z,0.8740656021982431
2023-03-23T19:28:41Z,0.6400556843727827
2023-04-27T20:04:24Z,0.1187482886016368
2023-04-28T09:50:07Z,0.8788416720926762
2023-04-28T11:20:10Z,0.8912565521895885
2023-04-28T12:20:10Z,0.7481251955032349
2023-04-28T13:16:53Z,0.7350558284670115
2023-04-28T14:06:14Z,0.0780848860740661
2023-04-28T14:06:25Z,-0.6188448369503021
2023-04-28T14:07:59Z,-0.8591135889291763
2023-04-28T15:03:19Z,0.665134072303772
2023-04-28T15:26:29Z,-0.2334992252290249
2023-04-28T16:23:06Z,0.2575444672256708
2023-04-28T16:23:47Z,0.1380926705896854
2023-04-28T16:54:26Z,-0.6190801858901978
2023-04-28T16:59:45Z,0.9117142986506224
2023-04-26T15:22:08Z,-0.9445142019540071
2023-04-28T17:28:36Z,0.0307540874928236
2023-04-28T17:35:16Z,0.052553815767169
2023-04-28T18:36:55Z,-0.1075923591852188
2023-04-29T18:38:32Z,0.8679003622382879
2023-04-29T20:30:09Z,0.0330697353929281
2023-04-30T14:30:57Z,-0.0684649497270584
2023-04-30T14:36:18Z,0.8950369916856289
2023-05-01T07:13:35Z,-0.4347416274249553
2023-05-01T12:37:14Z,0.0233363285660743
2023-05-01T14:01:28Z,0.0509509555995464
2023-05-01T14:39:38Z,-0.1315252110362053
2023-05-01T16:01:32Z,0.7611110266298056
2023-05-01T16:02:25Z,0.7549833944067359
2023-05-01T17:35:16Z,-0.0039224773645401
2023-05-01T17:50:07Z,-0.9548842655494808
2023-05-01T21:43:13Z,0.0506894271820783
2023-05-01T22:13:00Z,0.8955366723239422
2023-05-01T23:15:09Z,0.0321937203407287
2023-05-02T05:25:07Z,-0.6822825698181987
2023-05-02T05:58:23Z,-0.6224072631448507
2023-05-02T06:21:22Z,0.7194864749908447
2023-05-02T08:19:53Z,-0.5638377331197262
2023-05-02T09:03:31Z,0.2129760533571243
2023-05-02T12:31:13Z,-0.6536125112324953
2023-05-02T13:14:10Z,0.1508841570466756
2023-05-02T13:16:08Z,0.4304757714271545
2023-05-02T13:24:03Z,-0.9566118121147156
2023-05-02T17:35:18Z,-0.0039224773645401
2023-05-02T18:47:48Z,0.0254345722496509
2023-05-02T19:36:45Z,0.0316012110561132
2023-05-02T22:37:31Z,0.0004034116864204
2023-05-03T08:43:43Z,-0.0037651732563972
2023-05-03T12:25:29Z,-0.0127807930111885
2023-05-03T13:08:51Z,0.032023137435317
2023-05-03T14:10:28Z,-0.8974050767719746
2023-05-03T17:13:29Z,-0.764192495495081
2023-05-03T17:26:12Z,0.1040524747222662
2023-05-03T17:28:17Z,0.095609376206994
2023-05-03T17:35:16Z,-0.0039224773645401
2023-05-03T18:29:02Z,0.0022456347942352
2023-05-03T19:46:05Z,0.9258925542235374
2023-05-03T22:07:29Z,0.0018014088273048
2023-05-04T09:54:27Z,-0.0661956425756216
2023-05-04T10:08:18Z,-0.8577359244227409
2023-05-04T12:23:31Z,0.1207937961444258
2023-05-04T14:54:59Z,0.0331056043505668
2023-05-04T14:55:23Z,-0.9469355856999756
2023-05-04T17:14:01Z,0.1294187884777784
2023-05-04T17:19:55Z,0.2024141359142959
2023-05-04T17:35:15Z,0.052553815767169
2023-05-04T18:03:06Z,0.0671437717974186
2023-05-04T19:00:23Z,0.013501351699233
2023-05-05T07:31:05Z,0.1137383515015244
2023-05-05T04:53:26Z,-0.0320610180497169
2023-05-05T09:22:11Z,-0.2080307342112064
2023-05-05T10:43:21Z,-0.428824694827199
2023-05-05T10:59:47Z,-0.592225631698966
2023-05-05T14:01:16Z,0.0243477616459131
2023-05-05T15:15:00Z,-0.2879293132573366
2023-05-05T15:45:58Z,-0.1724862102419138
2023-05-05T17:35:14Z,0.052553815767169
2023-05-05T19:34:06Z,-0.9267417341470718
2023-05-06T08:37:44Z,0.0406718179583549
2023-05-06T12:56:20Z,0.1509359227493405
2023-05-06T12:02:28Z,-0.0638456530869007
2023-05-06T18:37:21Z,0.0484306253492832
2023-05-07T23:01:37Z,0.8717787237837911
2023-05-08T14:11:05Z,0.0270195454359054
2023-05-08T15:39:13Z,0.2709615156054497
2023-05-08T15:42:37Z,-0.5010339487344027
2023-05-08T15:45:49Z,-0.790468592196703
2023-05-08T16:21:44Z,-0.5939349997788668
2023-05-08T17:12:09Z,-0.2823853176087141
2023-05-08T19:00:42Z,-0.1231422573328018
2023-05-08T20:45:37Z,-0.0192707628011703
2023-05-09T06:07:40Z,0.6697777174413204
2023-05-09T10:25:52Z,-0.0889791846275329
2023-05-09T11:48:35Z,-0.8566050697118044
2023-05-09T12:17:19Z,0.0008817315101623
2023-05-09T12:48:29Z,0.1264503207057714
2023-05-09T12:55:57Z,-0.9633117020130156
2023-05-09T13:04:04Z,0.7531752320937812
2023-05-09T13:28:08Z,0.1977744130417704
2023-05-09T13:46:59Z,0.0509509555995464
2023-05-09T13:53:29Z,0.1354784779250621
2023-05-09T14:36:27Z,-0.797966506332159
2023-05-09T16:42:39Z,-0.0507989786565303
2023-05-09T17:35:01Z,-0.2739955503493547
2023-05-09T17:35:15Z,-0.0039224773645401
2023-05-09T17:38:15Z,0.2889478076249361
2023-05-09T17:51:04Z,0.3757596742361784
2023-05-09T18:57:01Z,-0.3037116415798664
2023-05-09T19:00:52Z,-0.1830700207501649
2023-05-09T19:03:35Z,-0.6782030258327723
2023-05-10T04:17:53Z,-0.6906911879777908
2023-05-10T03:29:31Z,-0.8604771979153156
2023-05-09T20:57:00Z,-0.4517267271876335
2023-05-10T13:00:26Z,0.4435158902779221
2023-05-10T13:20:11Z,0.0722111947834491
2023-05-10T14:48:41Z,-0.0146585777401924
2023-05-10T15:15:39Z,-0.3962171450257301
2023-05-10T16:26:31Z,0.0570720173418521
2023-05-10T17:11:53Z,0.0134312026202678
2023-05-10T17:35:15Z,-0.0039224773645401
2023-05-10T17:40:31Z,0.0631826631724834
2023-05-10T17:47:03Z,0.0500688049942255
2023-05-10T18:26:47Z,0.1773793455213308
2023-05-10T18:33:43Z,0.1678917901590466
2023-05-10T18:58:44Z,-0.9267417341470718
2023-05-10T20:01:37Z,0.0575030334293842
2023-05-11T05:38:42Z,-0.9503291929140688
2023-05-11T12:12:55Z,0.9099492356181144
2023-05-11T12:44:18Z,0.0018285363912582
2023-05-11T13:30:37Z,0.8903768341988325
2023-05-11T14:02:05Z,0.0128190703690052
2023-05-11T15:53:51Z,-0.0894045010209083
2023-05-11T17:04:03Z,-0.4858147967606783
2023-05-11T17:35:15Z,0.052553815767169
2023-05-11T18:58:58Z,0.7925756853073835
2023-05-12T09:57:02Z,0.0055647455155849
2023-05-12T11:27:50Z,0.1835693744942546
2023-05-12T12:23:25Z,0.8508154479786754
2023-05-11T21:03:08Z,0.9263574872165918
2023-05-12T16:16:43Z,0.1139639690518379
2023-05-12T16:32:47Z,0.0430601276457309
2023-05-12T17:03:03Z,0.1225316142663359
2023-05-12T17:35:16Z,-0.0039224773645401
2023-05-12T18:14:48Z,0.2576936986297369
2023-05-13T06:58:35Z,0.5777538157999516
2023-05-13T17:28:01Z,0.0260159950703382
2023-05-14T19:07:37Z,0.4828934129327535
2023-05-15T12:16:25Z,0.7286896319128573
2023-05-15T12:17:04Z,0.7762237880378962
2023-05-15T12:17:07Z,0.7316463999450207
2023-05-15T13:09:25Z,0.8830353319644928
2023-05-15T13:16:04Z,-0.0033738519996404
2023-05-15T13:23:34Z,-0.9015339333564044
2023-05-15T14:31:11Z,0.4297735411673784
2023-05-15T14:32:19Z,0.6410694923251867
2023-05-15T14:31:48Z,0.2631330005824566
2023-05-15T14:59:06Z,0.0231663361191749
2023-05-15T15:01:38Z,0.4553883885964751
2023-05-15T15:36:55Z,0.1936675990000367
2023-05-15T15:53:24Z,0.8471377370879054
2023-05-15T15:59:56Z,0.2377945883199572
2023-05-15T16:02:01Z,0.0509509555995464
2023-05-15T16:46:47Z,-0.8633911274373531
2023-05-15T17:35:16Z,0.052553815767169
2023-05-15T18:58:59Z,-0.9579987535253168
2023-05-15T19:22:51Z,0.0288282167166471
2023-05-15T20:13:00Z,0.0321647226810455
2023-05-15T21:06:54Z,0.0441482122987508
2023-05-16T10:05:31Z,0.0641036108136177
2023-05-16T10:17:02Z,0.8352538952603936
2023-05-16T12:11:32Z,0.112457275390625
2023-05-16T12:38:20Z,-0.8739987974986434
2023-05-16T14:30:58Z,0.0075694434344768
2023-05-16T14:38:44Z,0.1880176896229386
2023-05-16T14:48:25Z,0.000197310000658
2023-05-16T14:58:05Z,-0.1223400793969631
2023-05-16T14:58:12Z,0.8135439208708704
2023-05-16T15:03:13Z,0.1331852003931999
2023-05-16T16:25:58Z,0.6133948732167482
2023-05-16T17:02:05Z,-0.6104441862553358
2023-05-16T17:34:37Z,0.0070743970572948
2023-05-16T17:35:16Z,0.052553815767169
2023-05-16T20:12:51Z,0.8516773977316916
2023-05-16T23:00:16Z,0.2237643469125032
2023-05-17T04:23:40Z,0.6995841702446342
2023-05-17T07:09:15Z,-0.431771021336317
2023-05-17T09:00:16Z,-0.38373439386487
2023-05-17T09:44:48Z,-0.8629937656223774
2023-05-17T14:06:06Z,0.8194586038589478
2023-05-17T15:48:03Z,0.3771887635812163
2023-05-17T17:35:17Z,0.052553815767169
2023-05-17T18:56:02Z,0.0117272827774286
2023-05-17T18:59:51Z,0.1613376699388027
2023-05-18T05:13:18Z,-0.405168104916811
2023-05-18T12:30:47Z,-0.0226787440478801
2023-05-18T13:15:10Z,0.0239238124340772
2023-05-18T07:44:21Z,0.9023154526948928
2023-05-18T16:07:18Z,0.8778658136725426
2023-05-18T16:51:45Z,0.146676504984498
2023-05-18T16:58:28Z,-0.0042665340006351
2023-05-18T17:35:17Z,0.052553815767169
2023-05-18T18:33:00Z,0.0377123951911926
2023-05-18T21:23:15Z,-0.8151437193155289
2023-05-19T03:32:04Z,-0.0632621049880981
2023-05-19T07:31:44Z,-0.4789369627833366
2023-05-19T08:04:15Z,-0.7027153242379427
2023-05-19T10:13:57Z,0.0362381758168339
2023-05-19T12:18:17Z,0.6597620900720358
2023-05-19T12:56:29Z,-0.8037134408950806
2023-05-19T12:58:31Z,-0.0030757598578929
2023-05-19T13:34:28Z,0.0361715592443943
2023-05-19T13:40:03Z,-0.6770553328096867
2023-05-19T13:46:08Z,-0.0484580099582672
2023-05-19T14:01:49Z,-0.1417389418929815
2023-05-19T15:05:36Z,-0.0024254545569419
2023-05-19T16:34:00Z,0.6387383034452796
2023-05-19T17:00:06Z,-0.0213354658335447
2023-05-21T13:57:33Z,-0.5104661583900452
2023-05-22T11:52:04Z,-0.1020534448325634
2023-05-22T12:55:38Z,-0.2544728852808475
2023-05-22T13:47:49Z,-0.0011231433600187
2023-05-22T14:30:01Z,0.0326908454298973
2023-05-22T14:54:26Z,-0.8648339360952377
2023-05-22T16:03:03Z,0.5477822534739971
2023-05-22T17:32:56Z,0.7853157287463546
2023-05-22T17:35:18Z,-0.0039224773645401
2023-05-22T18:00:39Z,0.0223488714545965
2023-05-22T18:54:13Z,0.8564991876482964
2023-05-22T19:49:09Z,0.0682938722893595
2023-05-23T07:11:01Z,0.176279217004776
2023-05-23T04:26:28Z,-0.0604667328298091
2023-05-23T09:42:37Z,-0.8973757475614548
2023-05-23T09:46:28Z,0.5354132056236267
2023-05-23T11:26:12Z,0.7656527920626104
2023-05-23T11:49:22Z,0.009461048990488
2023-05-23T14:01:28Z,-0.1404709853231907
2023-05-23T14:13:27Z,0.0233586095273494
2023-05-23T15:02:09Z,0.2845764644443989
2023-05-23T15:02:42Z,0.5589986424893141
2023-05-23T17:01:44Z,0.5718898484483361
2023-05-23T19:01:05Z,0.8166656289249659
2023-05-23T19:26:44Z,-0.2823365554213524
2023-05-23T21:31:13Z,0.0955008296296
2023-05-24T01:48:56Z,0.9107524463906884
2023-05-24T04:38:20Z,0.0989756239578127
2023-05-24T07:04:20Z,-0.8994622807949781
2023-05-24T09:23:48Z,0.185304133221507
2023-05-24T11:07:48Z,0.54243965446949
2023-05-24T11:31:29Z,0.761497013270855
2023-05-24T12:14:21Z,0.9229982625693084
2023-05-24T12:39:43Z,-0.0336782298982143
2023-05-24T13:36:09Z,0.0012290850281715
2023-05-24T13:37:02Z,-0.074764996767044
2023-05-24T15:01:03Z,0.2916283011436462
2023-05-24T15:20:09Z,0.8386218538507819
2023-05-24T16:16:30Z,-0.5464629679918289
2023-05-24T16:18:50Z,-0.9400797998532652
2023-05-24T18:05:53Z,-0.4755627661943435
2023-05-24T19:41:00Z,-0.9267417341470718
2023-05-24T19:44:20Z,-0.8248068373650312
2023-05-24T19:46:36Z,-0.4782878570258617
2023-05-24T19:47:54Z,0.0077656954526901
2023-05-24T20:12:07Z,0.9330187197774648
2023-05-25T11:51:46Z,-0.5740006938576698
2023-05-25T14:43:34Z,0.1326045580208301
2023-05-25T14:45:23Z,-0.0553983300924301
2023-05-25T14:46:31Z,-0.8962846398353577
2023-05-25T14:12:40Z,0.0052833128720521
2023-05-25T16:51:23Z,-0.7127792835235596
2023-05-25T17:18:08Z,-0.4858147967606783
2023-05-25T17:35:17Z,0.052553815767169
2023-05-25T18:51:32Z,0.5255546756088734
2023-05-26T05:46:37Z,0.0591958705335855
2023-05-26T08:22:37Z,-0.1698828563094139
2023-05-26T09:38:29Z,-0.5604260861873627
2023-05-25T21:18:09Z,-0.9337742794305086
2023-05-26T11:49:54Z,0.2812010813504457
2023-05-26T12:20:59Z,-0.8153167981654406
2023-05-26T14:22:34Z,0.1789996428415179
2023-05-25T11:21:18Z,0.8831347394734621
2023-05-26T15:29:42Z,0.1723331119865179
2023-05-26T15:44:48Z,0.0204336158931255
2023-05-26T15:58:03Z,0.9154494376853108
2023-05-26T16:07:59Z,0.6992631247267127
2023-05-26T19:24:33Z,0.052283190190792
2023-05-26T19:48:49Z,0.1250246362760663
2023-05-27T04:27:52Z,-0.0529276952147483
2023-05-27T07:44:26Z,0.0796649977564811
2023-05-27T16:41:38Z,0.0153663028031587
2023-05-27T18:18:04Z,0.6455158772878349
2023-05-27T23:23:33Z,-0.9229357242584229
2023-05-29T17:35:16Z,0.052553815767169
2023-05-30T04:17:54Z,-0.0831388067454099
2023-05-30T07:45:36Z,0.2055303007364273
2023-05-30T07:52:01Z,-0.9276452297344804
2023-05-30T09:21:03Z,0.7740269675850868
2023-05-30T11:48:50Z,0.897178890183568
2023-05-30T13:01:19Z,0.8898058403283358
2023-05-30T13:05:35Z,0.8527446500957012
2023-05-30T13:27:59Z,-0.0037507191300392
2023-05-30T13:35:09Z,0.4897958692163229
2023-05-30T13:36:26Z,0.36937758885324
2023-05-30T13:56:54Z,-0.0115112960338592
2023-05-30T13:35:52Z,0.2729768753051758
2023-05-30T14:08:02Z,0.7308461293578148
2023-05-30T15:22:59Z,-0.458592876791954
2023-05-30T16:15:13Z,0.0651490222662687
2023-05-30T16:57:02Z,-0.4316206406801939
2023-05-30T17:00:20Z,0.0570699553936719
2023-05-30T10:56:33Z,-0.8950650580227375
2023-05-30T17:35:18Z,-0.0039224773645401
2023-05-30T18:20:11Z,0.0422368440777063
2023-05-30T19:31:25Z,-0.2357878033071756
2023-05-31T06:15:09Z,-0.5837504733353853
2023-05-31T08:05:32Z,0.7361564785242081
2023-05-31T09:48:27Z,-0.785654105246067
2023-05-31T10:34:06Z,0.8650496937334538
2023-05-31T11:41:21Z,-0.944628550671041
2023-05-31T12:03:32Z,0.8610102571547031
2023-05-31T12:21:45Z,0.5465307608246803
2023-05-31T12:51:12Z,0.0043201334774494
2023-05-31T13:56:12Z,-0.6360767856240273
2023-05-31T13:46:29Z,0.0694115441292524
2023-05-31T14:38:57Z,0.8203051425516605
2023-05-31T15:23:05Z,0.0002730414271354
2023-05-31T17:35:20Z,-0.0039224773645401
2023-05-31T18:43:26Z,0.9284326191991568
2023-05-31T19:26:05Z,0.0327755808830261
2023-05-31T21:43:59Z,0.0818404825404286
2023-06-01T09:42:49Z,-0.9492105282843112
2023-06-01T12:18:46Z,-0.0198903121054172
2023-06-01T13:07:50Z,-0.7676625158637762
2023-06-01T16:05:02Z,0.874172069132328
2023-06-01T17:31:06Z,-0.6957756131887436
2023-06-01T17:39:31Z,0.8998858593404293
2023-06-01T17:50:35Z,0.6536614652723074
2023-06-01T19:10:50Z,-0.1929062716662883
2023-06-01T22:53:28Z,-0.2500379830598831
2023-06-02T09:21:10Z,0.0799295827746391
2023-06-02T12:25:46Z,0.6531759900972247
2023-06-02T13:03:37Z,0.1158786490559578
2023-06-02T13:24:53Z,0.9059166386723518
2023-06-02T13:34:25Z,0.0050023756921291
2023-06-02T15:56:22Z,0.0453634783625602
2023-06-02T16:18:35Z,0.8266961574554443
2023-06-02T17:35:17Z,0.052553815767169
2023-06-02T18:26:47Z,0.027587529271841
2023-06-02T20:09:26Z,0.0108954906463623
2023-06-03T14:46:33Z,0.1099232472479343
2023-06-03T17:53:49Z,-0.9513512346893548
2023-06-03T19:31:44Z,0.0173703841865062
2023-06-03T22:18:20Z,0.0249834116548299
2023-06-05T04:35:27Z,-0.0745098777115345
2023-06-05T06:35:27Z,0.1885222792625427
2023-06-05T11:08:03Z,-0.7876317333430052
2023-06-05T11:33:25Z,0.1934935599565506
2023-06-05T12:09:54Z,0.3649731883779168
2023-06-05T13:46:57Z,0.0179991479963064
2023-06-05T13:46:10Z,0.0069913379848003
2023-06-05T15:58:08Z,-0.7964463764801621
2023-06-05T16:06:44Z,-0.4329479485750198
2023-06-05T17:35:19Z,-0.0039224773645401
2023-06-05T18:57:53Z,0.1418728474527597
2023-06-05T20:19:52Z,-0.708748210221529
2023-06-05T21:42:42Z,-0.9003360755741596
2023-06-06T10:58:33Z,0.5672715911641717
2023-06-06T11:25:43Z,0.0358250569552183
2023-06-06T12:58:33Z,-0.0099248867481946
2023-06-06T13:07:07Z,0.0509582981467247
2023-06-06T13:10:10Z,-0.8254111297428608
2023-06-06T13:46:22Z,0.0509509555995464
2023-06-06T13:50:21Z,0.0047917291522026
2023-06-06T14:32:48Z,0.0661747800186276
2023-06-06T15:07:19Z,0.878697982057929
2023-06-06T15:21:10Z,0.0960173308849334
2023-06-06T16:55:15Z,0.8827860709279776
2023-06-06T17:35:08Z,0.8532528318464756
2023-06-06T19:00:34Z,0.0157016795128583
2023-06-06T19:02:08Z,0.2010010154917836
2023-06-06T19:57:27Z,0.865691558457911
2023-06-07T12:05:04Z,-0.436159998178482
2023-06-07T12:49:31Z,0.619034081697464
2023-06-07T13:07:22Z,0.5947799431160092
2023-06-07T13:16:18Z,0.0111284032464027
2023-06-07T13:26:44Z,-0.848061939701438
2023-06-07T13:28:53Z,-0.0634107030928134
2023-06-07T13:27:15Z,0.0020446479320526
2023-06-07T13:42:00Z,0.0965808890759944
2023-06-07T14:02:29Z,-0.0178769081830978
2023-06-07T14:45:37Z,0.1399000929668545
2023-06-07T15:30:15Z,-0.3682681173086166
2023-06-07T16:29:34Z,0.922220205888152
2023-06-07T11:34:28Z,-0.8323717191815376
2023-06-07T17:28:46Z,0.0534710343927145
2023-06-07T17:35:19Z,-0.0039224773645401
2023-06-07T18:40:41Z,0.1217272505164146
2023-06-07T18:48:31Z,0.8650741861201823
2023-06-07T19:23:44Z,0.0811944436281919
2023-06-08T05:57:19Z,0.7724737613461912
2023-06-07T21:14:20Z,-0.1937136631458997
2023-06-08T09:35:01Z,-0.6991893649101257
2023-06-08T11:15:37Z,0.0690425289794802
2023-06-08T11:23:14Z,0.5990346614271402
2023-06-08T12:03:47Z,-0.9242105456069112
2023-06-08T12:39:37Z,0.2079274170100689
2023-06-08T12:41:05Z,0.112800158560276
2023-06-08T13:39:52Z,0.2644861489534378
2023-06-08T14:06:57Z,0.0060404352843761
2023-06-08T14:16:34Z,0.26511110085994
2023-06-08T21:04:28Z,0.0200553238391876
2023-06-09T10:34:08Z,-0.8910533264279366
2023-06-09T13:49:00Z,0.8897308595478535
2023-06-09T14:11:37Z,-0.0423705168068409
2023-06-09T14:18:03Z,-0.0151703469455242
2023-06-09T15:51:21Z,-0.6612718664109707
2023-06-09T15:29:11Z,-0.6068384200334549
2023-06-09T17:35:20Z,-0.0039224773645401
2023-06-09T17:41:03Z,-0.9543259209021926
2023-06-09T17:50:39Z,0.0319430101662874
2023-06-09T20:50:46Z,0.1812415150925517
2023-06-10T17:02:59Z,-0.8361435141414404
2023-06-11T19:52:52Z,0.7993229404091835
2023-06-12T07:12:53Z,-0.4959734827280044
2023-06-12T08:53:02Z,0.0518159074708819
2023-06-12T09:04:22Z,-0.0071405619382858
2023-06-12T10:17:12Z,-0.9342912305146456
2023-06-12T13:00:07Z,0.0673153549432754
2023-06-12T13:24:50Z,-0.0049434602260589
2023-06-12T15:42:21Z,0.7297203349880874
2023-06-12T16:18:05Z,-0.6352642215788364
2023-06-12T16:57:29Z,0.7412810437381268
2023-06-12T17:35:21Z,0.052553815767169
2023-06-12T18:16:04Z,-0.0095274709165096
2023-06-12T18:36:42Z,0.9033961556851864
2023-06-12T20:57:08Z,0.479282159358263
2023-06-13T02:33:09Z,-0.1727379932999611
2023-06-13T09:34:38Z,-0.3356449641287327
2023-06-13T12:24:01Z,-0.7870933972299099
2023-06-13T14:02:10Z,-0.3577228039503097
2023-06-13T17:07:42Z,0.8993793511763215
2023-06-13T17:08:17Z,0.8813687535002828
2023-06-13T17:35:25Z,0.052553815767169
2023-06-13T18:37:22Z,-0.0479680150747299
2023-06-13T21:27:28Z,0.5749106658622622
2023-06-14T01:00:30Z,-0.3939039539545774
2023-06-14T10:45:27Z,0.6367375012487173
2023-06-14T13:28:43Z,0.0311426036059856
2023-06-14T13:34:57Z,0.0433193761855363
2023-06-14T14:05:41Z,0.003251826390624
2023-06-14T14:26:21Z,0.0740085411816835
2023-06-14T14:28:24Z,0.0901080891489982
2023-06-14T15:40:42Z,-0.1766502186655998
2023-06-14T16:47:12Z,-0.0547599121928215
2023-06-14T17:35:21Z,-0.0039224773645401
2023-06-14T19:13:21Z,0.3700390066951513
2023-06-14T20:21:42Z,0.8630488533526659
2023-06-15T01:21:31Z,-0.1873792856931686
2023-06-15T02:50:37Z,0.0724764764308929
2023-06-15T09:58:55Z,-0.6585115790367126
2023-06-15T11:56:52Z,-0.0219525415450334
2023-06-15T12:09:32Z,0.8600108679383993
2023-06-15T13:06:50Z,0.7958007492125034
2023-06-15T14:05:24Z,0.0049457792192697
2023-06-15T15:47:20Z,-0.0073362253606319
2023-06-15T16:21:32Z,0.1122393822297453
2023-06-15T17:13:58Z,0.8200971577316523
2023-06-15T17:35:23Z,-0.0039224773645401
2023-06-15T18:06:09Z,-0.007476557046175
2023-06-15T18:23:22Z,-0.5319529175758362
2023-06-15T19:00:36Z,0.0056868847459554
2023-06-15T19:01:52Z,0.8556668255478144
2023-06-15T19:40:07Z,0.0332589372992515
2023-06-16T08:56:20Z,0.00739118270576
2023-06-16T10:08:38Z,0.5493854284286499
2023-06-16T10:41:11Z,0.7040470512583852
2023-06-16T11:25:15Z,0.0404221378266811
2023-06-16T12:33:21Z,0.8684828039258718
2023-06-16T12:40:17Z,0.8707214249297976
2023-06-16T13:14:22Z,-0.9069154374301434
2023-06-16T12:08:31Z,0.0482603255659341
2023-06-16T12:42:38Z,0.889421608299017
2023-06-16T14:27:54Z,-0.00079345703125
2023-06-16T14:44:08Z,0.8144687851890922
2023-06-16T17:35:32Z,-0.0039224773645401
2023-06-16T17:40:10Z,0.0448443684726953
2023-06-16T18:20:37Z,0.2745073642581701
2023-06-16T19:57:40Z,0.1993996705859899
2023-06-17T02:42:10Z,0.0050074309110641
2023-06-17T13:52:41Z,-0.8299345374107361
2023-06-17T19:11:25Z,0.0107010751962661
2023-06-19T12:19:50Z,-0.3240752220153808
2023-06-20T04:36:25Z,-0.0414048880338668
2023-06-20T09:55:33Z,-0.0218620002269744
2023-06-20T13:36:55Z,0.070017660036683
2023-06-20T13:43:20Z,0.7258979566395283
2023-06-20T14:27:18Z,0.0022950954735279
2023-06-20T16:16:10Z,0.0243477616459131
2023-06-20T16:20:57Z,0.0976111032068729
2023-06-20T16:47:37Z,0.3728159642778337
2023-06-20T17:39:05Z,-0.0039224773645401
2023-06-20T18:40:48Z,-0.4858147967606783
2023-06-20T20:42:18Z,0.0468725562095642
2023-06-20T21:23:01Z,-0.2104542516171932
2023-06-21T10:11:05Z,-0.9156748205423356
2023-06-21T10:44:52Z,0.1767327208071947
2023-06-21T11:37:23Z,0.7739915503188968
2023-06-21T12:25:30Z,0.1246471349149942
2023-06-21T12:29:17Z,0.2289202967658639
2023-06-21T12:35:15Z,0.6733413301408291
2023-06-21T13:07:44Z,0.7507665017619729
2023-06-21T13:11:36Z,0.1173428539186716
2023-06-21T14:51:45Z,0.9083328265696764
2023-06-21T14:50:59Z,0.0057588946074247
2023-06-21T15:51:04Z,-0.5154004525393248
2023-06-21T17:04:19Z,0.0945843756198883
2023-06-21T17:38:55Z,0.052553815767169
2023-06-21T18:30:01Z,-0.0703229941427707
2023-06-21T19:14:31Z,0.1844665193930268
2023-06-21T20:05:19Z,0.912976574152708
2023-06-21T21:28:23Z,0.3286389671266079
2023-06-21T21:52:56Z,0.0436952635645866
2023-06-22T07:56:24Z,0.0633273087441921
2023-06-22T08:01:30Z,-0.0078349579125642
2023-06-22T09:59:02Z,-0.948502247221768
2023-06-22T12:06:51Z,0.7635875446721911
2023-06-22T12:31:55Z,0.0469228513538837
2023-06-22T13:20:06Z,0.004154248163104
2023-06-22T15:55:03Z,0.1665406506508588
2023-06-22T16:08:53Z,-0.0056443400681018
2023-06-22T19:21:13Z,-0.0214021541178226
2023-06-22T20:25:31Z,0.4442765656858682
2023-06-22T21:34:25Z,-0.7932825833559036
2023-06-23T08:31:26Z,-0.8617095854133368
2023-06-23T14:04:45Z,-0.0018407274037599
2023-06-23T14:20:22Z,-0.3895788788795471
2023-06-23T14:43:29Z,-0.7535379156470299
2023-06-23T15:28:45Z,0.0023160111159086
2023-06-23T17:39:13Z,0.052553815767169
2023-06-23T18:01:25Z,-0.6530708819627762
2023-06-23T20:18:35Z,-0.7941800467669964
2023-06-24T20:21:30Z,0.4953707903623581
2023-06-25T20:28:23Z,-0.7335614450275898
2023-06-26T09:27:32Z,0.6589384227991104
2023-06-26T11:15:50Z,-0.6638829223811626
2023-06-26T12:59:57Z,0.906285485252738
2023-06-26T13:04:23Z,0.854578385129571
2023-06-26T12:55:21Z,0.0368009433150291
2023-06-26T14:11:55Z,0.01010038331151
2023-06-26T14:59:54Z,-0.4786838497966528
2023-06-21T18:37:24Z,-0.6404186561703682
2023-06-26T16:55:52Z,-0.0403316915035247
2023-06-26T16:57:23Z,0.167060817591846
2023-06-26T17:34:45Z,0.0830073971301317
2023-06-26T17:38:49Z,-0.0039224773645401
2023-06-26T19:43:56Z,0.2190687581896782
2023-06-26T19:52:58Z,-0.1834959350526332
2023-06-27T01:04:07Z,-0.6586745865643024
2023-06-27T09:10:57Z,0.2171985441818833
2023-06-27T09:19:38Z,0.6641425425186753
2023-06-27T12:14:22Z,0.5801829271949828
2023-06-27T12:30:00Z,-0.197243645787239
2023-06-27T12:58:18Z,-0.6447682622820139
2023-06-27T13:33:16Z,0.1594397025182843
2023-06-27T13:48:29Z,-0.0135729759931564
2023-06-27T14:02:33Z,0.0031364448368549
2023-06-27T14:46:57Z,0.0243477616459131
2023-06-27T15:17:03Z,0.0221359655261039
2023-06-27T17:39:13Z,0.052553815767169
2023-06-27T18:40:49Z,0.4298843583092093
2023-06-27T19:54:21Z,0.2559667313471436
2023-06-27T20:54:54Z,-0.0406243093311786
2023-06-28T03:28:54Z,0.0640875473618507
2023-06-28T09:17:42Z,0.0511558027938008
2023-06-28T11:06:53Z,0.0533426627516746
2023-06-28T12:05:47Z,-0.5865289978682995
2023-06-28T12:06:41Z,-0.9221741752699018
2023-06-28T12:09:21Z,0.4492028802633285
2023-06-28T12:55:05Z,-0.5709157586097717
2023-06-28T13:38:56Z,-0.7366969026625156
2023-06-28T13:59:41Z,-0.4483291804790497
2023-06-28T15:12:14Z,0.0984816402196884
2023-06-28T15:31:30Z,0.5796529343351722
2023-06-28T16:43:32Z,0.0301995873451232
2023-06-28T17:38:43Z,-0.0039224773645401
2023-06-28T18:38:28Z,-0.8771709576249123
2023-06-28T19:19:53Z,0.7298606717959046
2023-06-28T19:26:49Z,-0.8854672610759735
2023-06-28T19:52:27Z,-0.927602658048272
2023-06-28T20:20:09Z,-0.0086241140961647
2023-06-28T23:41:47Z,-0.0478428788483142
2023-06-29T04:21:22Z,-0.162697248160839
2023-06-29T09:26:25Z,-0.1468096673488617
2023-06-29T09:36:49Z,-0.8457593526691198
2023-06-29T11:37:15Z,0.0754091870039701
2023-06-29T11:20:02Z,0.0299251340329647
2023-06-29T12:14:10Z,0.9090117188170552
2023-06-29T12:34:11Z,0.1989990747533738
2023-06-29T13:36:17Z,0.0659345090389251
2023-06-29T14:48:43Z,0.0051765665411949
2023-06-29T15:05:40Z,0.1172913759946823
2023-06-29T15:25:25Z,0.2402276340872049
2023-06-29T16:26:25Z,0.9289864283055068
2023-06-29T17:19:46Z,-0.2514261454343796
2023-06-29T17:38:58Z,0.052553815767169
2023-06-29T18:23:46Z,0.0439943522214889
2023-06-29T18:40:40Z,-0.8675471339374781
2023-06-29T19:18:30Z,-0.9522726656869054
2023-06-29T20:41:02Z,0.130419629625976
2023-06-30T01:58:51Z,0.9373834896832705
2023-06-30T02:18:33Z,-0.5076167937368155
2023-06-30T09:59:27Z,0.5792419007048011
2023-06-30T11:40:48Z,0.076788849197328
2023-06-30T12:51:09Z,0.8489717049524188
2023-06-30T13:32:44Z,-0.000729763880372
2023-06-30T14:18:21Z,-0.1681471113115549
2023-06-30T14:30:51Z,0.0165785253047943
2023-06-30T14:32:23Z,-0.0252956598997116
2023-06-30T13:47:24Z,0.5982144698500633
2023-06-30T16:06:42Z,-0.1534538678824901
2023-06-30T17:26:09Z,-0.8467323817312717
2023-06-30T17:39:02Z,0.052553815767169
2023-06-30T17:51:33Z,0.6976186726242304
2023-06-30T18:08:50Z,-0.9136104639619588
2023-06-30T20:01:29Z,0.5178468078374863
2023-07-01T12:56:45Z,-0.0046313293278217
2023-07-01T15:02:38Z,0.4732756316661834
2023-07-01T16:18:17Z,0.1864997986704111
2023-07-01T19:10:26Z,0.0070723053067922
2023-07-03T13:24:55Z,0.5774971870705485
2023-07-03T13:55:15Z,-0.8878462351858616
2023-07-03T14:14:59Z,-0.0006206631660461
2023-07-03T14:57:44Z,0.3144116178154945
2023-07-03T15:24:04Z,-0.5101522263139486
2023-07-03T15:28:29Z,0.0628444943577051
2023-07-03T16:58:47Z,-0.5355596225708723
2023-07-03T17:39:07Z,-0.0039224773645401
2023-07-04T05:39:07Z,-0.9416021509096026
2023-07-04T06:03:55Z,0.5336482394486666
2023-07-04T09:11:51Z,-0.6844402514398098
2023-07-04T15:08:26Z,-0.134096322581172
2023-07-04T17:39:09Z,0.052553815767169
2023-07-05T03:47:42Z,-0.0631180647760629
2023-07-05T09:45:30Z,0.4840205954387784
2023-07-05T11:12:08Z,-0.1043805629014968
2023-07-05T13:35:37Z,-0.4684457257390022
2023-07-05T13:55:27Z,0.1421630466356873
2023-07-05T14:58:36Z,0.1195189906284213
2023-07-05T15:17:07Z,0.0243477616459131
2023-07-05T15:25:07Z,0.0546313701197505
2023-07-05T18:00:37Z,0.0056868847459554
2023-07-05T18:20:36Z,0.144935168325901
2023-07-05T18:54:41Z,-0.2529056165367365
2023-07-05T22:16:41Z,0.1408787695690989
2023-07-06T04:33:50Z,-0.960136879235506
2023-07-06T11:52:24Z,0.682216752320528
2023-07-06T12:55:50Z,0.9325731517747043
2023-07-06T13:56:26Z,0.79182193800807
2023-07-06T14:35:17Z,-0.0266259517520666
2023-07-06T14:46:27Z,-0.4453146904706955
2023-07-06T16:05:17Z,0.2682055160403251
2023-07-06T17:30:12Z,0.930570164695382
2023-07-06T17:39:13Z,0.052553815767169
2023-07-07T04:00:41Z,-0.6783991102129221
2023-07-07T09:34:24Z,-0.0401109717786312
2023-07-07T10:38:46Z,-0.5149739868938923
2023-07-07T12:49:25Z,-0.9598124166950583
2023-07-07T14:06:59Z,0.0026996657252311
2023-07-07T17:39:13Z,0.052553815767169
2023-07-07T18:44:55Z,0.0614890167489647
2023-07-07T19:52:50Z,-0.9254270046949388
2023-07-08T12:58:56Z,0.0517380805686116
2023-07-09T21:34:41Z,-0.4114761762320995
2023-07-10T09:37:03Z,-0.8693160265684128
2023-07-10T13:49:07Z,0.0456094816327095
2023-07-10T14:16:07Z,0.0662826346233487
2023-07-10T15:20:58Z,0.5937445433810353
2023-07-10T15:25:05Z,-0.0007292870432138
2023-07-10T15:29:47Z,-0.9136948231607676
2023-07-10T17:23:38Z,-0.4653166532516479
2023-07-10T17:39:06Z,-0.0039224773645401
2023-07-10T18:29:34Z,-0.4858147967606783
2023-07-10T19:01:53Z,-0.0185557603836059
2023-07-10T19:06:09Z,0.9307165024802088
2023-07-10T19:19:16Z,0.7875152677297592
2023-07-10T20:15:39Z,0.2323380187153816
2023-07-11T06:36:17Z,-0.9622373646125196
2023-07-11T13:01:58Z,0.9215689469128848
2023-07-11T13:27:20Z,0.0963720940053463
2023-07-11T13:51:04Z,0.2640021592378616
2023-07-11T13:56:22Z,-0.0029370207339525
2023-07-11T15:02:40Z,-0.6250925585627556
2023-07-11T15:05:02Z,0.74693913012743
2023-07-11T15:19:07Z,0.8780829785391688
2023-07-11T15:42:24Z,0.0990565046668052
2023-07-11T15:44:00Z,0.46841000020504
2023-07-11T16:56:52Z,-0.2609405349940061
2023-07-11T17:00:10Z,-0.4701066333800554
2023-07-11T17:06:57Z,0.029409259557724
2023-07-11T17:06:09Z,0.6263412237167358
2023-07-11T17:14:59Z,-0.8286371529102325
2023-07-11T17:38:21Z,-0.0039224773645401
2023-07-11T17:50:38Z,0.7829126492142677
2023-07-11T18:34:56Z,-0.0064848605543375
2023-07-11T19:24:40Z,0.6584576666355133
2023-07-11T19:26:17Z,-0.0038238391280174
2023-07-11T20:51:01Z,-0.2088002860546112
2023-07-11T21:02:55Z,0.9156891582533716
2023-07-11T21:01:30Z,0.9406544677913188
2023-07-11T21:08:26Z,0.023522175848484
2023-07-12T01:54:12Z,-0.1116640381515026
2023-07-12T03:36:16Z,0.3440930731594562
2023-07-12T07:40:23Z,0.2518303217366338
2023-07-12T08:05:05Z,0.0341958794742822
2023-07-12T11:53:44Z,-0.0693767443299293
2023-07-12T12:17:59Z,-0.4684457257390022
2023-07-12T11:55:21Z,-0.4449958205223083
2023-07-12T12:59:20Z,-0.8164130039513111
2023-07-12T12:52:01Z,-0.303256094455719
2023-07-12T13:04:30Z,-0.5493963118642569
2023-07-12T13:10:24Z,0.7289007157087326
2023-07-12T13:48:25Z,0.1508465409278869
2023-07-12T14:00:08Z,-0.0006605423986911
2023-07-12T14:01:44Z,-0.1970426477491855
2023-07-12T14:12:32Z,0.2433801386505365
2023-07-12T17:39:24Z,0.052553815767169
2023-07-12T17:47:43Z,-0.9494061646983027
2023-07-12T17:49:32Z,-0.088441401720047
2023-07-12T18:40:46Z,-0.0034616515040397
2023-07-12T18:44:28Z,-0.2555800527334213
2023-07-12T18:56:58Z,-0.8672581547871232
2023-07-12T20:13:07Z,-0.9423500169068576
2023-07-12T20:42:43Z,0.2823453536257148
2023-07-12T21:54:55Z,0.01236167922616
2023-07-13T00:33:13Z,0.1167986690998077
2023-07-13T02:45:58Z,-0.567513071000576
2023-07-13T05:27:11Z,-0.9522203942760824
2023-07-13T09:33:26Z,-0.1864078342914581
2023-07-13T10:00:18Z,-0.9050441347062588
2023-07-13T10:49:52Z,-0.4485163483768701
2023-07-13T10:54:48Z,-0.5624895989894867
2023-07-13T11:14:04Z,-0.5275335162878036
2023-07-13T12:04:45Z,0.8077170550823212
2023-07-13T13:36:34Z,-0.96422160230577
2023-07-13T13:37:52Z,-0.6908714808523655
2023-07-13T14:10:11Z,0.0841740947216749
2023-07-13T14:19:48Z,0.3055151402950287
2023-07-13T14:29:45Z,-0.0085593797266483
2023-07-13T15:40:18Z,-0.7970593683421612
2023-07-13T16:37:50Z,-0.466107577085495
2023-07-13T16:43:47Z,0.343513086438179
2023-07-13T17:20:10Z,-0.7626243736594915
2023-07-13T17:38:53Z,-0.0039224773645401
2023-07-13T19:22:09Z,0.4034876376390457
2023-07-13T19:54:53Z,0.0368316508829593
2023-07-13T20:30:37Z,-0.6887911446392536
2023-07-14T09:17:46Z,-0.1578902676701545
2023-07-14T09:33:12Z,0.8298612181097269
2023-07-14T12:02:55Z,0.0047886632382869
2023-07-14T11:41:37Z,-0.5166496206074953
2023-07-14T13:54:38Z,-0.1835682317614555
2023-07-14T14:09:14Z,0.0672947596758604
2023-07-14T15:02:14Z,-0.4479034952819347
2023-07-14T16:53:15Z,0.5948467031121254
2023-07-14T17:38:58Z,0.052553815767169
2023-07-14T17:43:34Z,-0.4858147967606783
2023-07-14T18:22:28Z,-0.9245712086558342
2023-07-14T19:50:57Z,-0.8239776492118835
2023-07-15T14:21:43Z,-0.9000869244337082
2023-07-17T01:07:43Z,0.1465150862932205
2023-07-17T12:33:28Z,0.4883857015520334
2023-07-17T13:53:39Z,-0.0148149617016315
2023-07-17T14:13:53Z,-0.7567583508789539
2023-07-17T15:06:55Z,0.3881812635809183
2023-07-17T15:21:22Z,-0.4423455372452736
2023-07-17T15:36:51Z,-0.939331998117268
2023-07-17T16:32:07Z,0.7783757289871573
2023-07-17T16:43:44Z,-0.8286253232508898
2023-07-17T17:41:45Z,0.4773384761065244
2023-07-17T17:34:20Z,-0.6783943809568882
2023-07-17T17:42:39Z,-0.3694885782897472
2023-07-17T19:37:03Z,0.0447648242115974
2023-07-17T21:47:50Z,-0.2088363207876682
2023-07-18T04:28:22Z,0.5781018501147628
2023-07-18T08:35:11Z,0.9060113299638032
2023-07-18T11:00:19Z,0.0325632821768522
2023-07-18T11:37:18Z,0.0061491690576076
2023-07-17T18:03:39Z,0.7606808189302683
2023-07-18T11:55:35Z,-0.4286655560135841
2023-07-18T12:10:03Z,0.8668407672084868
2023-07-18T12:26:13Z,-0.0170605778694152
2023-07-18T12:41:17Z,-0.2814082056283951
2023-07-18T13:02:56Z,0.6712240017950535
2023-07-18T13:46:34Z,0.0486542638391256
2023-07-18T15:32:47Z,-0.3072822391986847
2023-07-18T15:33:50Z,0.5842791981995106
2023-07-18T15:53:01Z,0.1459655249491334
2023-07-18T15:53:52Z,0.1213269364088773
2023-07-18T15:54:09Z,0.0378897748887538
2023-07-18T16:15:46Z,0.3726090677082538
2023-07-18T16:48:55Z,-0.4684457257390022
2023-07-18T17:16:32Z,0.8135293480008841
2023-07-18T17:23:08Z,0.0324617028236389
2023-07-18T17:23:44Z,0.0440896637737751
2023-07-18T17:35:19Z,0.052553815767169
2023-07-18T17:49:44Z,-0.5710091274231672
2023-07-18T18:27:12Z,0.086864854209125
2023-07-18T18:32:23Z,0.8373171482235193
2023-07-18T19:58:26Z,0.0193984024226665
2023-07-19T00:26:34Z,0.6648445073515177
2023-07-19T01:43:01Z,-0.0460071451961994
2023-07-19T04:08:09Z,0.1920763384550809
2023-07-19T08:34:20Z,-0.111124150454998
2023-07-19T09:13:49Z,-0.8008850775659084
2023-07-19T11:16:54Z,-0.0078776851296424
2023-07-19T11:38:23Z,0.8688355442136526
2023-07-19T12:01:06Z,0.9238757956773044
2023-07-19T12:11:13Z,-0.9086102545261384
2023-07-19T12:29:46Z,0.8684891946613789
2023-07-19T12:36:38Z,-0.4356721062213182
2023-07-19T12:37:35Z,-0.1103404983878135
2023-07-19T12:40:22Z,-0.0459647178649902
2023-07-19T13:06:49Z,0.4237658893689513
2023-07-19T13:39:25Z,0.8519384749233723
2023-07-19T13:40:36Z,0.7448965162038803
2023-07-19T13:44:59Z,-0.7582035791128874
2023-07-19T13:51:09Z,0.9028943367302418
2023-07-19T14:01:06Z,0.7774973753839731
2023-07-19T14:09:58Z,-0.6968376338481903
2023-07-19T14:11:00Z,0.0044889021664857
2023-07-19T14:29:33Z,0.8991025798022747
2023-07-19T14:42:34Z,0.0120170973241329
2023-07-19T14:50:08Z,0.8715329328551888
2023-07-19T15:20:47Z,-0.5706941224634647
2023-07-19T16:06:45Z,0.3365949401631951
2023-07-19T16:32:21Z,-0.3307517878711223
2023-07-19T17:17:47Z,0.0950229465961456
2023-07-19T17:35:17Z,0.052553815767169
2023-07-19T17:40:03Z,0.9167862590402364
2023-07-19T17:53:47Z,-0.5403813570737839
2023-07-19T18:12:35Z,-0.6468925196677446
2023-07-19T20:30:48Z,-0.3259009569883346
2023-07-19T19:46:01Z,-0.5285016112029552
2023-07-20T09:02:21Z,-0.9520106725394726
2023-07-20T09:42:43Z,0.1184088354930281
2023-07-20T09:43:36Z,-0.4148855209350586
2023-07-20T10:54:30Z,0.7426222339272499
2023-07-20T12:49:24Z,0.7912480453960598
2023-07-20T13:15:25Z,0.9391265949234366
2023-07-20T13:19:52Z,-0.0372900441288948
2023-07-20T14:09:03Z,-0.0013062581419944
2023-07-20T14:41:06Z,0.7188666295260191
2023-07-20T15:02:48Z,0.5252044275403023
2023-07-20T15:02:03Z,0.7858745083212852
2023-07-20T15:58:33Z,0.619080200791359
2023-07-20T17:35:17Z,-0.0039224773645401
2023-07-20T17:35:47Z,0.3275589300319552
2023-07-20T17:55:26Z,-0.1598204970359802
2023-07-20T18:27:09Z,-0.0956315919756889
2023-07-20T18:22:24Z,0.8005221839994192
2023-07-20T20:40:41Z,0.158814288675785
2023-07-20T20:57:51Z,0.2396250423043966
2023-07-21T02:26:06Z,-0.0585624873638153
2023-07-21T12:01:49Z,0.8750406038016081
2023-07-21T13:27:11Z,-0.5008148439228535
2023-07-21T13:37:13Z,-0.9361647311598064
2023-07-21T14:10:30Z,-0.0003624837845563
2023-07-21T14:25:31Z,-0.8371026199311018
2023-07-21T14:29:26Z,-0.4621174335479736
2023-07-21T15:31:10Z,0.8321763528510928
2023-07-21T16:15:34Z,-0.3901386223733425
2023-07-21T17:23:32Z,0.0896256957203149
2023-07-21T17:25:22Z,0.2569803986698389
2023-07-21T20:31:25Z,0.8575595803558826
2023-07-21T20:12:15Z,0.6684516817331314
2023-07-21T20:29:27Z,0.2257382646203041
2023-07-22T01:51:06Z,0.0652022119611501
2023-07-22T05:38:25Z,-0.0431142002344131
2023-07-22T09:13:07Z,-0.2349211312830448
2023-07-24T12:14:20Z,0.854817483574152
2023-07-24T12:20:26Z,0.7458991874009371
2023-07-24T11:46:40Z,-0.5101522263139486
2023-07-24T12:59:39Z,0.7826139559037983
2023-07-24T14:02:49Z,0.1208990514278411
2023-07-24T14:20:20Z,0.0940197752788662
2023-07-24T14:24:57Z,0.0047603882849216
2023-07-24T15:06:27Z,0.0355877503752708
2023-07-24T16:25:07Z,0.8004525401629508
2023-07-24T17:35:19Z,0.052553815767169
2023-07-24T17:53:44Z,-0.366769265383482
2023-07-24T18:07:24Z,0.7719168700277805
2023-07-24T18:07:41Z,-0.823415283113718
2023-07-24T19:37:52Z,0.1165683958679437
2023-07-24T22:38:39Z,0.1151130013167858
2023-07-24T23:00:55Z,0.0130673237144947
2023-07-25T05:38:23Z,0.7148292884230614
2023-07-25T09:16:02Z,0.363431304693222
2023-07-25T09:16:48Z,-0.7326862514019012
2023-07-25T09:48:16Z,0.1461350917816162
2023-07-25T12:08:48Z,0.7619184525683522
2023-07-25T13:45:12Z,-0.8914810214191675
2023-07-25T13:50:59Z,-0.0015533808618783
2023-07-25T13:55:21Z,0.5539287254214287
2023-07-25T09:00:38Z,-0.0808610655367374
2023-07-25T13:43:44Z,-0.447094663977623
2023-07-25T14:20:57Z,0.2556643560528755
2023-07-25T14:26:24Z,0.3676085351034999
2023-07-25T14:58:58Z,0.0195239298045635
2023-07-25T15:11:07Z,0.9264818541705608
2023-07-25T15:14:03Z,0.888372452929616
2023-07-25T15:16:43Z,0.0859798425808548
2023-07-25T16:19:46Z,-0.4858147967606783
2023-07-25T16:44:26Z,0.0631186282262206
2023-07-25T11:40:53Z,0.0229669958353042
2023-07-25T17:19:03Z,0.9224926792085172
2023-07-25T17:35:18Z,-0.0039224773645401
2023-07-25T19:15:11Z,-0.0097219143062829
2023-07-25T19:04:51Z,0.296276961453259
2023-07-25T19:45:39Z,0.2240731259807944
2023-07-25T19:55:28Z,0.8794151991605759
2023-07-25T20:03:59Z,0.4426537305116653
2023-07-25T20:04:44Z,0.9289155341684818
2023-07-25T20:05:48Z,-0.9658436495810748
2023-07-25T20:21:37Z,0.9317257162183524
2023-07-26T01:59:07Z,0.049713734537363
2023-07-26T08:11:50Z,-0.111124150454998
2023-07-26T09:48:05Z,-0.8864927664399147
2023-07-26T11:19:45Z,-0.2706516981124878
2023-07-26T12:00:44Z,0.896114606410265
2023-07-26T12:09:19Z,0.1329383086413145
2023-07-26T12:46:40Z,0.8862060979008675
2023-07-26T13:01:45Z,0.2552869785577059
2023-07-26T13:29:47Z,0.5274116955697536
2023-07-26T13:39:40Z,-0.0011179130524396
2023-07-26T14:07:25Z,-0.0121573507785797
2023-07-26T14:10:07Z,0.8852059915661812
2023-07-26T14:45:36Z,-0.5495356526225805
2023-07-26T14:54:48Z,0.6838855538517237
2023-07-26T15:08:11Z,-0.1212862804532051
2023-07-26T10:47:50Z,-0.9417387610301376
2023-07-26T16:10:19Z,-0.6244811229407787
2023-07-26T16:25:30Z,0.3206428289413452
2023-07-26T16:35:03Z,-0.4280904121696949
2023-07-26T16:59:58Z,-0.0444516818970441
2023-07-26T17:05:00Z,0.0504076080396771
2023-07-26T17:35:17Z,-0.0039224773645401
2023-07-26T17:57:17Z,-0.8015651777386665
2023-07-26T18:39:18Z,0.0171140860766172
2023-07-26T19:55:59Z,0.1058453610166907
2023-07-26T21:16:25Z,-0.9600206101313232
2023-07-27T04:18:16Z,0.0970521429553628
2023-07-27T08:06:38Z,0.2809892073273659
2023-07-27T08:57:21Z,-0.6983377039432526
2023-07-27T09:47:06Z,-0.9435170283541084
2023-07-27T09:55:36Z,0.1871931552886963
2023-07-27T11:15:51Z,0.6733978781849146
2023-07-27T12:00:04Z,-0.0113894678652286
2023-07-26T18:54:19Z,0.4266988895833492
2023-07-27T12:58:44Z,0.1519430335611105
2023-07-27T13:17:35Z,0.4015827290713787
2023-07-27T13:36:10Z,-0.9515200927853584
2023-07-27T13:38:43Z,-0.5039970055222511
2023-07-27T13:59:44Z,-0.0018681157380342
2023-07-27T14:09:12Z,0.8299557138234377
2023-07-27T15:22:36Z,0.2339397026225924
2023-07-27T17:05:13Z,0.023091671988368
2023-07-27T17:12:39Z,0.8154547098092735
2023-07-27T17:15:31Z,-0.120657131075859
2023-07-27T17:35:19Z,0.052553815767169
2023-07-27T17:38:51Z,-0.9468927681446077
2023-07-27T15:39:05Z,0.0014072377234697
2023-07-27T20:25:06Z,-0.0156587921082973
2023-07-28T09:55:52Z,0.2234823405742645
2023-07-28T11:42:39Z,0.6763408873230219
2023-07-28T11:43:24Z,-0.6125295162200928
2023-07-28T11:48:14Z,-0.9190020821988584
2023-07-28T12:32:53Z,-0.8815138693898916
2023-07-28T14:13:57Z,0.0003424379974603
2023-07-26T15:02:19Z,0.0042397305369377
2023-07-28T14:55:29Z,-0.8799049146473408
2023-07-26T05:54:12Z,0.913065517321229
2023-07-28T15:38:51Z,-0.939549695700407
2023-07-28T17:19:44Z,-0.5632819794118404
2023-07-28T17:37:40Z,-0.5663617681711912
2023-07-28T17:51:53Z,-0.1242315769195556
2023-07-28T20:06:47Z,0.1925374343991279
2023-07-29T03:38:14Z,-0.9467500345781446
2023-07-29T15:43:27Z,-0.0979960784316062
2023-07-31T12:05:26Z,0.7447272716090083
2023-07-31T13:11:30Z,0.2358044693246483
2023-07-31T11:01:03Z,0.0140821449458599
2023-07-31T14:01:29Z,-0.5603439472615719
2023-07-31T14:23:03Z,0.0041369572281837
2023-07-31T15:32:24Z,-0.3200701959431171
2023-07-31T15:44:03Z,0.2283585779368877
2023-07-31T15:48:55Z,0.0077042877674102
2023-07-31T16:09:36Z,0.4934291411191225
2023-07-31T16:14:33Z,0.6056960364803672
2023-07-31T16:55:29Z,-0.1610680148005485
2023-07-31T17:35:31Z,-0.0039224773645401
2023-07-31T17:35:28Z,0.7576242387294769
2023-07-31T15:01:10Z,-0.8155002072453499
2023-07-31T18:56:47Z,0.05806390568614
2023-08-01T11:26:43Z,-0.4478917047381401
2023-08-01T13:19:00Z,0.086556501686573
2023-07-31T22:36:20Z,0.0138224586844444
2023-08-01T13:55:40Z,0.0025653038173913
2023-08-01T14:00:28Z,-0.4496067073196172
2023-08-01T17:01:54Z,0.6589770689606667
2023-08-01T17:35:20Z,0.052553815767169
2023-08-01T18:11:05Z,-0.0129482373595237
2023-08-01T18:56:02Z,0.0977919707074761
2023-08-01T19:08:53Z,0.5884499065577984
2023-08-01T22:02:00Z,0.0931132473051548
2023-08-02T12:38:08Z,-0.488931892439723
2023-08-02T15:26:39Z,0.0044056568294763
2023-08-02T15:28:32Z,-0.4695190228521824
2023-08-02T15:50:01Z,-0.9117685295641422
2023-08-02T15:46:51Z,-0.019117534160614
2023-08-02T16:10:29Z,0.9290405241772532
2023-08-02T16:18:51Z,0.7646409440785646
2023-08-02T16:43:13Z,0.1202354375272989
2023-08-02T16:46:30Z,-0.4858147967606783
2023-08-02T17:47:24Z,-0.0249679330736398
2023-08-02T17:57:27Z,-0.0194493122398853
2023-08-02T20:55:24Z,-0.9351730942726136
2023-08-02T22:06:36Z,0.7032730504870415
2023-08-03T03:42:26Z,-0.595427967607975
2023-08-03T08:36:08Z,0.1885478794574737
2023-08-03T09:52:08Z,-0.5526672005653381
2023-08-03T12:13:10Z,-0.022670729085803
2023-08-03T13:29:21Z,0.0059930104762315
2023-08-03T13:36:08Z,-0.4298596363514662
2023-08-03T14:13:58Z,-0.9158666338771582
2023-08-03T15:18:28Z,0.2927278578281402
2023-08-03T16:58:43Z,0.3399919485673308
2023-08-03T17:35:17Z,-0.0039224773645401
2023-08-03T18:47:29Z,0.0248376000672578
2023-08-03T19:33:05Z,0.0785806216299533
2023-08-04T09:41:28Z,-0.6704591736197472
2023-08-04T09:42:44Z,0.2266100021079182
2023-08-04T12:10:36Z,-0.6791728995740414
2023-08-04T12:20:58Z,-0.7906317971646786
2023-08-04T13:26:36Z,-0.0074543859809637
2023-08-04T15:10:58Z,-0.9293022453784944
2023-08-04T17:15:51Z,-0.5298172123730183
2023-08-04T18:52:24Z,0.0302349589765071
2023-08-04T19:08:05Z,0.0268796607851982
2023-08-04T21:04:14Z,0.0284936055541038
2023-08-05T10:20:32Z,-0.7128371819853783
2023-08-06T16:00:13Z,-0.017245190218091
2023-08-07T02:13:09Z,-0.7307864855974913
2023-08-07T07:34:15Z,0.0341774709522724
2023-08-07T12:41:54Z,-0.5101522263139486
2023-08-07T13:42:06Z,-0.0084506850689649
2023-08-07T14:23:00Z,0.1238827127963304
2023-08-07T16:19:02Z,-0.0430811718106269
2023-08-07T16:41:17Z,-0.4267269745469093
2023-08-07T16:49:27Z,0.1882292069494724
2023-08-07T17:35:22Z,0.052553815767169
2023-08-07T17:55:53Z,0.2805219516158104
2023-08-07T18:10:37Z,-0.5749239008873701
2023-08-07T21:34:21Z,0.1328839994966983
2023-08-07T21:55:25Z,0.0333459507673978
2023-08-08T07:41:33Z,0.3023154651746154
2023-08-08T13:00:22Z,-0.0033738519996404
2023-08-08T13:44:58Z,-0.4478917047381401
2023-08-08T14:03:21Z,2.4428591132164e-05
2023-08-08T17:22:51Z,-0.0579263865947723
2023-08-08T17:35:22Z,-0.0039224773645401
2023-08-08T17:58:25Z,-0.9351640585809946
2023-08-08T18:34:18Z,-0.2437842544168234
2023-08-08T20:19:02Z,0.3294441448524594
2023-08-08T20:53:55Z,-0.4869246110320091
2023-08-08T21:51:35Z,0.1510009951889515
2023-08-09T06:21:28Z,0.7687076977454126
2023-08-09T09:41:19Z,0.1044747829437255
2023-08-09T10:41:39Z,0.821197603829205
2023-08-09T11:56:28Z,0.0949069233611226
2023-08-09T12:29:04Z,0.0031309872865676
2023-08-09T14:29:55Z,-0.7934129294008017
2023-08-09T14:31:52Z,-0.0081457588821649
2023-07-26T10:40:59Z,-0.9549344331026076
2023-07-26T08:16:48Z,0.0109572056680917
2023-07-25T09:08:58Z,0.0027917325496673
2023-07-25T07:39:50Z,0.0710089541971683
2023-08-09T15:31:20Z,-0.8675787150859833
2023-08-09T16:52:16Z,0.0482263565063476
2023-08-09T17:35:19Z,0.052553815767169
2023-08-09T18:33:41Z,-0.1166996955871582
2023-08-09T19:43:16Z,0.5480997711420059
2023-08-09T20:08:26Z,0.3867177041247487
2023-08-10T12:43:04Z,0.2961327247321605
2023-08-10T12:46:04Z,0.182401979342103
2023-08-10T13:00:11Z,-0.6907144486904144
2023-08-10T14:06:46Z,-0.0025905799120664
2023-08-10T14:55:39Z,0.8587453961372375
2023-08-10T15:35:42Z,-0.493668669834733
2023-08-07T15:08:17Z,-0.2963045537471771
2023-08-10T16:47:18Z,0.1237121159210801
2023-08-10T17:35:18Z,-0.0039224773645401
2023-08-11T09:40:07Z,-0.1282142400741577
2023-08-11T11:37:17Z,0.0751703530550003
2023-08-11T12:43:48Z,-0.9060692749917508
2023-08-11T13:53:28Z,0.2374536115676164
2023-08-11T14:36:21Z,0.3321488061919808
2023-08-11T14:51:34Z,0.2588757332414388
2023-08-11T15:55:36Z,-0.9533987920731306
2023-08-11T16:47:04Z,-0.5846128761768341
2023-08-11T16:11:50Z,-0.0026414021849632
2023-08-11T17:35:18Z,0.052553815767169
2023-08-11T18:30:56Z,0.7963050808757544
2023-08-11T18:56:19Z,-0.0899126529693603
2023-08-13T01:01:12Z,0.0366729274392128
2023-08-14T06:15:03Z,-0.1449806056916713
2023-08-14T12:29:17Z,-0.5603439472615719
2023-08-14T13:26:35Z,0.7330070026218891
2023-08-14T14:12:09Z,0.0017413403838872
2023-08-14T14:27:08Z,-0.5101522263139486
2023-08-14T16:08:03Z,-0.1003720164299011
2023-08-14T17:35:18Z,0.052553815767169
2023-08-14T18:08:09Z,0.0567270386964082
2023-08-14T18:55:14Z,0.0207556430250406
2023-08-14T19:58:55Z,-0.567953534424305
2023-08-14T20:31:49Z,0.7332398500293493
2023-08-14T20:35:10Z,0.6344171687960625
2023-08-14T20:43:50Z,0.024253224954009
2023-08-15T13:58:14Z,0.0005405656993389
2023-08-15T15:19:45Z,-0.6476360484957695
2023-08-15T16:31:08Z,0.2683496130630374
2023-08-15T18:29:25Z,0.926370345056057
2023-08-16T10:49:59Z,-0.0017141662538051
2023-08-16T12:46:38Z,0.0325938370078802
2023-08-16T13:46:37Z,-0.4695190228521824
2023-08-16T14:01:08Z,-0.1318579018115997
2023-08-16T14:28:06Z,0.0008889865130186
2023-08-16T14:56:20Z,-0.8302773758769035
2023-08-16T17:07:07Z,0.0756624564528465
2023-08-16T17:19:34Z,-0.8044782057404518
2023-08-16T17:23:35Z,-0.0400803089141845
2023-08-16T18:32:39Z,0.0007992722094058
2023-08-16T20:25:29Z,0.013978399336338
2023-08-17T11:32:02Z,0.537636037915945
2023-08-17T12:03:01Z,0.8619789783842862
2023-08-17T13:38:06Z,0.0523679852485656
2023-08-17T13:59:00Z,-0.0025306958705186
2023-08-17T14:33:44Z,-0.9080903446301818
2023-08-17T14:37:15Z,0.9233552729710937
2023-08-17T15:24:37Z,0.0268599353730678
2023-08-17T17:35:18Z,0.052553815767169
2023-08-17T18:17:28Z,0.9070481192320584
2023-08-17T22:43:38Z,0.0099899470806121
2023-08-18T02:32:06Z,-0.5533610749989748
2023-08-18T06:37:41Z,-0.2511895410716533
2023-08-18T09:25:32Z,-0.062923077493906
2023-08-18T11:38:55Z,0.6423766911029816
2023-08-18T13:46:06Z,0.0014979988336563
2023-08-18T14:20:51Z,0.7166232597082853
2023-08-18T14:52:13Z,0.2011386901140213
2023-08-18T18:13:10Z,0.0494111375883221
2023-08-18T18:16:42Z,0.1283735036849975
2023-08-20T17:00:09Z,-0.0710461437702179
2023-08-20T23:01:12Z,-0.0367251895368099
2023-08-21T13:46:40Z,0.0243477616459131
2023-08-21T13:46:12Z,0.0047064200043678
2023-08-21T13:56:43Z,-0.0516553372144699
2023-08-21T14:28:40Z,0.0113306399434804
2023-08-21T16:04:11Z,-0.4317074678838253
2023-08-21T17:00:18Z,-0.0261261723935604
2023-08-21T17:20:44Z,-0.0007839426398277
2023-08-21T17:35:18Z,0.052553815767169
2023-08-21T17:53:10Z,0.0389166548848152
2023-08-21T18:22:02Z,-0.3002964667975902
2023-08-21T19:00:31Z,0.8237224109470844
2023-08-21T22:43:12Z,0.9244782477617264
2023-08-22T06:27:53Z,0.0668180547654628
2023-08-22T08:52:48Z,0.7315408512949944
2023-08-22T12:09:01Z,-0.61648378521204
2023-08-22T13:01:28Z,0.9163131657987832
2023-08-22T13:35:45Z,-0.0017289258539676
2023-08-22T13:45:18Z,0.2424706611782312
2023-08-22T14:51:47Z,-0.55665073543787
2023-08-22T15:09:30Z,0.9157395660877228
2023-08-22T16:02:37Z,-0.0096913464367389
2023-08-22T16:20:03Z,-0.0957224667072296
2023-08-22T16:58:52Z,0.0721849929541349
2023-08-22T17:08:20Z,0.1711185723543167
2023-08-22T17:35:15Z,-0.0039224773645401
2023-08-22T21:21:01Z,-0.1655661612749099
2023-08-22T13:42:47Z,0.064569640904665
2023-08-23T12:14:26Z,0.0799260847270488
2023-08-23T13:30:49Z,-0.3071151524782181
2023-08-23T13:53:59Z,-0.0025656539946794
2023-08-23T14:22:59Z,0.1494543626904487
2023-08-23T15:46:28Z,0.0341562125831842
2023-08-23T16:39:49Z,-0.4695190228521824
2023-08-23T17:35:15Z,0.052553815767169
2023-08-23T19:10:37Z,0.3386787362396717
2023-08-23T22:59:06Z,0.2918394431471824
2023-08-23T23:49:33Z,-0.4858147967606783
2023-08-23T08:54:21Z,0.1906837867572903
2023-08-24T09:23:01Z,-0.3921349253505468
2023-08-24T11:18:19Z,0.9023081623017788
2023-08-24T13:06:57Z,0.3658744916319847
2023-08-24T13:33:23Z,-0.0180521886795759
2023-08-24T14:02:52Z,-0.0013230722397565
2023-08-24T17:32:51Z,0.089956734329462
2023-08-24T17:35:15Z,-0.0039224773645401
2023-08-24T17:58:31Z,0.2442615088075399
2023-08-24T19:32:10Z,0.2137805894017219
2023-08-24T20:31:57Z,0.6250929981470108
2023-08-25T11:08:25Z,0.0411528535187244
2023-08-25T13:19:51Z,-0.4014006704092026
2023-08-25T13:28:28Z,-0.0573074780404567
2023-08-25T13:44:38Z,0.6919070333242416
2023-08-25T13:52:47Z,-0.0006972197443246
2023-08-24T21:11:30Z,-0.0456087589263916
2023-08-25T14:35:53Z,-0.5501164644956589
2023-08-25T14:47:58Z,-0.0192578341811895
2023-08-25T16:02:41Z,0.6719319685362279
2023-08-25T17:35:19Z,-0.0039224773645401
2023-08-25T17:47:46Z,0.8679865915328264
2023-08-25T18:57:00Z,0.3612763620913028
2023-08-25T20:35:04Z,0.0323780234903097
2023-08-25T20:54:11Z,0.0579855069518089
2023-08-26T13:43:21Z,0.6097058653831482
2023-08-26T16:28:47Z,-0.4905093014240265
2023-08-27T14:00:11Z,0.0351433046162128
2023-08-28T01:54:06Z,-0.5401321426033974
2023-08-28T11:54:01Z,0.0322177950292825
2023-08-28T13:40:54Z,0.0126529410481452
2023-08-28T14:16:25Z,0.033945009112358
2023-08-28T14:44:28Z,0.0001464504748582
2023-08-28T17:23:57Z,0.8900050446391106
2023-08-28T20:57:00Z,0.0419155675917863
2023-08-28T21:45:41Z,0.0561616364866495
2023-08-28T22:10:41Z,0.0819836016744375
2023-08-29T08:58:19Z,-0.6896278858184814
2023-08-29T09:38:12Z,-0.0026924014091491
2023-08-29T05:34:19Z,-0.025557242333889
2023-08-29T13:11:34Z,0.1236908938735723
2023-08-29T13:17:51Z,0.2456076983362436
2023-08-29T13:58:49Z,0.2637137770652771
2023-08-29T14:06:02Z,0.1622549956664443
2023-08-29T14:23:08Z,0.0010144058614969
2023-08-29T15:06:20Z,0.8403314668685198
2023-08-29T15:32:34Z,-0.4716768879443407
2023-08-29T13:21:49Z,0.8333142008632421
2023-08-29T15:46:43Z,0.3336969995871186
2023-08-29T16:17:12Z,0.8361618407070637
2023-08-29T16:26:52Z,-0.9238093048334122
2023-08-29T17:35:18Z,-0.0039224773645401
2023-08-29T19:20:30Z,-0.5843853242695332
2023-08-29T19:21:31Z,0.1170561946928501
2023-08-29T19:21:57Z,-0.9030456151813268
2023-08-29T19:29:14Z,0.5612996257841587
2023-08-29T19:32:09Z,0.6230844780802727
2022-08-30T18:55:00Z,0.0398913510143756
2023-08-30T13:35:47Z,0.7733257189393044
2023-08-30T13:59:25Z,-0.0193051397800445
2023-08-30T14:09:29Z,-0.0148979146033525
2023-08-30T14:21:06Z,-0.8002176210284233
2023-08-30T15:05:37Z,0.0106909684836864
2023-08-30T17:00:41Z,-0.5067691635340452
2023-08-30T18:59:01Z,-0.0355404615402221
2023-08-31T05:26:26Z,0.0453558266162872
2023-08-31T08:34:02Z,0.1743378052487969
2023-08-31T11:44:00Z,0.0631829407066106
2023-08-31T12:34:04Z,0.919552837498486
2023-08-31T12:39:37Z,-0.936535071581602
2023-08-31T13:06:19Z,0.5117066595703363
2023-08-31T13:57:47Z,-0.2050194442272186
2023-08-31T13:56:09Z,0.0045248102396726
2023-08-31T14:34:51Z,-0.0008330196142196
2023-08-31T14:49:39Z,0.9117564205080272
2023-08-31T17:35:16Z,-0.0039224773645401
2023-08-31T21:12:07Z,-0.5274960398674011
2023-08-31T21:54:20Z,0.0650509353727102
2023-09-01T12:32:17Z,-0.2374533470720052
2023-09-01T14:04:39Z,0.0437332466244697
2023-09-01T14:05:01Z,0.5499785095453262
2023-09-01T15:00:32Z,0.0072078816592693
2023-09-01T15:33:12Z,0.0251244660466909
2023-09-01T17:35:16Z,0.052553815767169
2023-09-01T18:38:52Z,0.003689207136631
2023-09-01T19:39:58Z,-0.9534101607277988
2023-09-02T03:58:22Z,0.0789543269202113
2023-09-03T13:01:09Z,0.090273255482316
2023-09-04T02:34:11Z,-0.681244432926178
2023-09-04T14:00:45Z,0.0206369049847126
2023-09-04T20:17:06Z,-0.8603421859443188
2023-09-05T04:40:52Z,-0.0574492141604423
2023-09-05T13:40:24Z,0.0058445520699024
2023-09-05T15:10:23Z,0.3762061148881912
2023-09-05T16:10:44Z,-0.4112442918121815
2023-09-05T16:56:32Z,0.3220940176397562
2023-09-05T17:13:42Z,0.0343937166035175
2023-09-05T17:35:17Z,0.052553815767169
2023-09-05T18:26:55Z,0.9351664101704956
2023-09-05T20:18:43Z,0.9218052420765162
2023-09-06T09:40:34Z,0.0680555440485477
2023-09-06T11:44:16Z,0.0950668975710868
2023-09-06T11:39:24Z,-0.2947591878473758
2023-09-06T13:59:24Z,0.0335058607161045
2023-09-06T14:11:51Z,0.8294301517307758
2023-09-06T14:27:52Z,0.1947735752910375
2023-09-06T14:45:26Z,0.2416668683290481
2023-09-06T14:56:57Z,0.0063272099941968
2023-09-06T16:29:56Z,0.8371232473291457
2023-09-06T17:11:47Z,-0.4858147967606783
2023-09-06T17:35:17Z,-0.0039224773645401
2023-09-06T17:50:56Z,-0.0507834516465663
2023-09-06T20:44:56Z,-0.90300446562469
2023-09-07T02:13:01Z,0.0395319573581218
2023-09-07T03:39:35Z,-0.109838381409645
2023-09-07T09:53:26Z,0.2050245134159922
2023-09-07T09:53:28Z,-0.3995544202625751
2023-09-07T13:00:46Z,0.1688864640891552
2023-09-07T13:36:47Z,-0.94435740634799
2023-09-07T14:13:38Z,0.0003477148711681
2023-09-07T14:18:39Z,0.935388408601284
2023-09-07T14:20:52Z,0.8609494548290968
2023-09-07T14:51:31Z,0.0066324323415756
2023-09-07T15:23:29Z,-0.4096759706735611
2023-09-07T16:43:54Z,0.1675621941685676
2023-09-07T17:21:02Z,0.7524995002895594
2023-09-07T17:35:15Z,-0.0039224773645401
2023-09-07T18:39:54Z,-0.9643454691395164
2023-09-07T19:16:42Z,0.0384332537651062
2023-09-07T19:36:22Z,0.892277529463172
2023-09-07T20:21:05Z,0.5613061366602778
2023-09-08T03:54:28Z,0.3922871360555291
2023-09-08T08:30:52Z,0.8540655579417944
2023-09-08T08:17:25Z,-0.9603028129786252
2023-09-08T09:21:42Z,0.008349597454071
2023-09-08T11:50:16Z,0.2975185606628656
2023-09-08T14:10:50Z,0.0051408968865871
2023-09-08T14:22:58Z,-0.0014809034764766
2023-09-08T14:25:18Z,-0.7471973299980164
2023-09-08T14:32:16Z,-0.1331999525427818
2023-09-08T17:05:02Z,0.0321594532579183
2023-09-08T17:35:17Z,0.052553815767169
2023-09-08T19:17:31Z,0.0776232481002807
2023-09-08T20:49:31Z,-0.2921665534377098
2023-09-09T09:15:49Z,-0.0150252804160118
2023-09-09T09:22:48Z,0.6872617658227682
2023-09-10T15:00:00Z,0.0744834542274475
2023-09-10T21:04:34Z,0.4002380669116974
2023-09-10T21:14:24Z,0.5846913820132613
2023-09-11T07:39:54Z,0.0557108558714389
2023-09-11T13:42:06Z,0.7503890581429005
2023-09-11T14:08:03Z,-0.9494815170764924
2023-09-11T15:05:58Z,0.0043183825910091
2023-09-11T16:09:07Z,0.7293056370690465
2023-09-11T17:01:26Z,0.9268711283802986
2023-09-11T17:35:17Z,-0.0039224773645401
2023-09-11T19:43:50Z,-0.0372575968503952
2023-09-11T22:36:29Z,0.6620780946686864
2023-09-11T23:09:27Z,0.0376044325530529
2023-09-12T08:51:40Z,0.1332289045676589
2023-09-12T10:38:13Z,0.080875726416707
2023-09-12T10:47:49Z,-0.4528709985315799
2023-09-12T11:28:59Z,0.0058916918933391
2023-09-12T11:36:06Z,0.3798067318275571
2023-09-12T11:57:02Z,-0.502770658582449
2023-09-12T12:37:04Z,0.7058136705309153
2023-09-12T13:17:01Z,-0.1582615673542022
2023-09-12T13:36:46Z,0.0046953242272138
2023-09-12T14:54:46Z,-0.4496067073196172
2023-09-12T15:28:26Z,-0.0512168146669864
2023-09-12T15:31:01Z,0.1438532629981637
2023-09-12T16:10:09Z,-0.8131121024489403
2023-09-12T16:10:44Z,0.1997605133801698
2023-09-12T17:35:19Z,-0.0039224773645401
2023-09-12T18:47:08Z,0.1407326571643352
2023-09-12T22:38:14Z,-0.1797310151159763
2023-09-13T07:52:49Z,0.1698567420244217
2023-09-13T09:44:47Z,-0.7877511791884899
2023-09-13T14:12:59Z,-0.9499594951048492
2023-09-13T14:22:55Z,0.0047334395349025
2023-09-13T14:33:34Z,0.8747036252170801
2023-09-13T15:09:52Z,0.0492469239979982
2023-09-13T16:02:43Z,-0.5415874980390072
2023-09-13T16:11:24Z,-0.0624443478882312
2023-09-13T16:32:40Z,0.1727754333987832
2023-09-13T16:35:59Z,0.104441275820136
2023-09-13T16:46:00Z,0.0283687375485897
2023-09-13T16:46:29Z,-0.6648554801940918
2023-09-13T16:54:11Z,-0.0007667765021324
2023-09-13T17:04:54Z,0.8841331331059337
2023-09-13T17:10:37Z,0.0255000814795494
2023-09-13T17:35:18Z,-0.0039224773645401
2023-09-13T17:43:23Z,0.9000556003302336
2023-09-13T18:55:08Z,0.0394254140555858
2023-09-13T18:26:42Z,0.1350497221574187
2023-09-14T11:56:17Z,0.9157214788720012
2023-09-14T09:18:54Z,-0.4306503608822822
2023-09-14T13:14:05Z,-0.952279875986278
2023-09-14T13:40:51Z,0.0011960342526435
2023-09-14T13:56:41Z,-0.4131576307117939
2023-09-14T15:21:39Z,0.2135396059602499
2023-09-14T15:24:20Z,0.9003757461905479
2023-09-14T15:22:20Z,0.427654430270195
2023-09-14T15:47:02Z,-0.4418338239192962
2023-09-14T16:42:24Z,-0.6721787638962269
2023-09-14T17:35:17Z,-0.0039224773645401
2023-09-14T19:21:58Z,-0.0153832621872425
2023-09-14T20:01:01Z,0.9067244371399285
2023-09-14T23:58:02Z,0.0351255573332309
2023-09-15T08:37:31Z,0.0250707492232322
2023-09-15T09:34:36Z,0.1731219980865717
2023-09-15T11:51:12Z,0.7841754853725433
2023-09-15T12:14:55Z,-0.7534796223044395
2023-09-15T13:54:12Z,0.0010306555777788
2023-09-15T15:00:44Z,-0.42112473025918
2023-09-15T15:06:39Z,-0.532037578523159
2023-09-15T17:35:17Z,-0.0039224773645401
2023-09-15T18:28:06Z,0.8185407593846321
2023-09-17T13:01:11Z,0.0462519284337759
2023-09-18T07:48:32Z,0.8783989027142525
2023-09-18T10:09:10Z,0.4955035410821438
2023-09-18T13:45:19Z,0.1569330655038356
2023-09-18T14:12:59Z,0.9108137711882592
2023-09-18T14:21:17Z,0.0042651165276765
2023-09-18T14:29:16Z,-0.0565198846161365
2023-09-18T16:52:20Z,0.8662101114168763
2023-09-18T17:12:36Z,-0.6456830203533173
2023-09-18T17:35:16Z,0.052553815767169
2023-09-18T18:38:35Z,0.1604006085544824
2023-09-18T18:43:11Z,-0.0264174081385135
2023-09-19T09:28:05Z,-0.218235807493329
2023-09-19T12:45:01Z,-0.906639696098864
2023-09-19T13:04:55Z,0.7917650355957448
2023-09-19T13:05:42Z,0.0392872095108032
2023-09-19T13:39:14Z,0.336011266335845
2023-09-19T13:46:33Z,-0.9096574084833264
2023-09-19T13:49:57Z,0.0065477602183818
2023-09-19T14:01:51Z,-0.0423774197697639
2023-09-19T14:52:28Z,0.5723674725741148
2023-09-19T15:55:20Z,-0.2263116836547851
2023-09-19T16:27:33Z,0.0868239905685186
2023-09-19T16:38:48Z,0.8746154801920056
2023-09-19T17:35:16Z,0.052553815767169
2023-09-20T06:51:57Z,0.8523593954741955
2023-09-20T11:24:10Z,0.0006953421980142
2023-09-20T11:25:04Z,0.1077080313116312
2023-09-20T11:47:58Z,0.8536193855106831
2023-09-20T12:15:26Z,-0.0107663869857788
2023-09-20T13:04:44Z,-0.9457954419776796
2023-09-20T14:35:50Z,-0.4695190228521824
2023-09-20T14:52:13Z,-0.0093945525586605
2023-09-20T15:03:53Z,0.0287326499819755
2023-09-20T16:51:31Z,0.0561495590955019
2023-09-20T17:47:15Z,0.9131063241511584
2023-09-20T18:07:06Z,0.0456197317689657
2023-09-20T18:43:23Z,0.0662416238337755
2023-09-20T20:25:50Z,-0.8241726383566856
2023-09-20T21:18:27Z,0.0381242390722036
2023-09-20T22:30:14Z,0.0351139139384031
2023-09-21T02:47:52Z,-0.913710568100214
2023-09-21T06:27:41Z,0.0205696709454059
2023-09-21T11:20:22Z,-0.7335724271833897
2023-09-21T11:42:35Z,-0.8816948942840099
2023-09-21T13:04:37Z,0.1882440922781825
2023-09-21T13:37:15Z,-0.0054339133203029
2023-09-21T13:43:25Z,-0.4383169859647751
2023-09-21T13:49:42Z,-0.922051465138793
2023-09-21T14:22:36Z,0.2486508935689926
2023-09-21T14:21:36Z,-0.0035244598984718
2023-09-21T15:17:02Z,0.1519010365009308
2023-09-21T17:35:17Z,0.052553815767169
2023-09-21T18:49:34Z,0.0832711849361658
2023-09-21T18:59:42Z,0.9334856038913132
2023-09-21T19:29:25Z,0.8757850332185626
2023-09-21T19:36:58Z,0.6824394483119249
2023-09-21T19:41:48Z,-0.5689084231853485
2023-09-21T21:42:26Z,0.0096898768097162
2023-09-22T14:10:03Z,-0.9520386541262268
2023-09-22T14:13:27Z,0.0575837716460228
2023-09-22T14:27:20Z,-0.776848591864109
2023-09-22T14:27:04Z,0.0047104675322771
2023-09-22T14:46:19Z,0.7776332125067711
2023-09-22T14:45:49Z,-0.9391335286200048
2023-09-22T16:02:17Z,-0.2186744138598442
2023-09-22T16:04:53Z,-0.1615037098526954
2023-09-22T17:09:12Z,0.0298304744064807
2023-09-22T17:23:08Z,-0.7748140655457973
2023-09-22T17:35:15Z,0.052553815767169
2023-09-22T18:04:36Z,-0.5586194861680269
2023-09-22T19:09:34Z,0.3468514196574688
2023-09-24T14:02:10Z,0.0440366752445697
2023-09-24T15:42:20Z,-0.6705641001462936
2023-09-24T19:10:44Z,-0.9496338125318288
2023-09-25T10:57:49Z,0.4705207943916321
2023-09-25T11:52:57Z,-0.292854368686676
2023-09-25T11:47:57Z,0.8814451741054654
2023-09-25T12:03:25Z,0.0489972531795501
2023-09-25T13:16:02Z,-0.0229894947260618
2023-09-25T14:26:02Z,0.0520816147327423
2023-09-25T14:29:49Z,0.0023805107921361
2023-09-25T15:00:36Z,-0.4187812972813844
2023-09-25T15:00:11Z,0.091738449409604
2023-09-25T15:24:53Z,-0.3909640461206436
2023-09-25T16:33:07Z,0.7581965452991426
2023-09-25T17:26:25Z,-0.7556561827659607
2023-09-25T17:35:20Z,-0.0039224773645401
2023-09-25T13:10:00Z,0.3340778900310397
2023-09-25T18:17:30Z,-0.7604445414617658
2023-09-25T20:22:22Z,0.3186542242765426
2023-09-26T02:03:35Z,0.532942283898592
2023-09-26T07:43:29Z,0.2139006853103637
2023-09-26T10:08:12Z,0.8207052391953766
2023-09-26T11:40:49Z,0.0835826974362135
2023-09-26T14:07:07Z,0.9003531718626618
2023-09-26T14:08:41Z,0.1171085443347692
2023-09-26T14:48:59Z,0.017866875976324
2023-09-26T14:55:40Z,0.7999331210739911
2023-09-26T14:56:23Z,0.1356712915003299
2023-09-26T15:05:32Z,0.0020105335861444
2023-09-26T15:14:43Z,0.1380231473594904
2023-09-26T15:21:48Z,0.1981109045445919
2023-09-26T15:48:46Z,0.8317360170185566
2023-09-26T16:22:47Z,0.6352763865143061
2023-09-26T17:26:40Z,0.170130118727684
2023-09-26T17:35:17Z,0.052553815767169
2023-09-26T19:41:41Z,-0.4858147967606783
2023-09-26T20:51:04Z,0.2046601269394159
2023-09-26T20:50:11Z,0.8445292459800839
2023-09-26T22:21:33Z,-0.0793462805449962
2023-09-26T23:42:21Z,0.887677762657404
2023-09-27T08:04:07Z,-0.7297710850834846
2023-09-27T09:56:33Z,0.1265507442876696
2023-09-27T11:04:26Z,0.1260246764868497
2023-09-27T09:29:13Z,0.2106736525893211
2023-09-27T13:02:09Z,0.127782336436212
2023-09-27T13:05:27Z,0.6061292933300138
2023-09-27T13:06:46Z,-0.6200108621269464
2023-09-27T13:20:51Z,0.2695390917360782
2023-09-27T13:22:54Z,-0.0858443044126033
2023-09-27T13:37:41Z,-0.5549410451203585
2023-09-27T14:24:42Z,-0.1262027472257614
2023-09-27T14:44:14Z,0.8858100175857544
2023-09-27T14:55:52Z,0.0033532753586769
2023-09-27T15:46:43Z,0.7791924932971597
2023-09-27T17:05:02Z,-0.9257004875689744
2023-09-27T17:35:17Z,0.052553815767169
2023-09-27T17:48:54Z,0.1355553464964032
2023-09-27T17:55:39Z,0.0724240615963935
2023-09-27T18:58:05Z,0.9036337127909064
2023-09-28T02:53:17Z,0.0302881151437759
2023-09-28T03:52:39Z,-0.9560560006648302
2023-09-28T08:49:57Z,0.1759690251201391
2023-09-28T10:59:43Z,0.3453369718044996
2023-09-28T12:22:59Z,0.0164767168462276
2023-09-28T14:56:42Z,-0.9631602303124964
2023-09-28T14:55:07Z,0.0106238815933465
2023-09-28T15:01:34Z,0.2494176952168345
2023-09-28T15:25:27Z,0.0982198864221572
2023-09-28T17:35:15Z,0.052553815767169
2023-09-28T19:17:15Z,0.4190176101401448
2023-09-28T20:22:56Z,0.2786497771739959
2023-09-28T21:09:24Z,0.0515368478372693
2023-09-28T21:16:07Z,0.0995265319943428
2023-09-28T21:29:17Z,-0.4934835005551576
2023-09-28T22:33:11Z,0.0413499232381582
2023-09-28T23:07:26Z,0.0724511370062828
2023-09-29T02:05:01Z,0.0671817194670438
2023-09-29T05:57:00Z,-0.0828071609139442
2023-09-29T08:54:05Z,-0.7094151228666306
2023-09-29T12:02:43Z,-0.0079616084694862
2023-09-29T14:16:34Z,0.0243477616459131
2023-09-29T14:25:22Z,0.7140361964702606
2023-09-29T14:35:13Z,0.0019575860351324
2023-06-02T12:22:43Z,-0.0205528400838375
2023-09-29T17:35:17Z,0.052553815767169
2023-09-30T16:44:07Z,0.6688116127625108
2023-10-02T02:07:41Z,-0.0322656277567148
2023-10-02T06:35:53Z,-0.0054654590785503
2023-10-02T11:11:03Z,0.1758601665496826
2023-10-02T14:50:06Z,0.0052564106881618
2023-10-02T15:05:33Z,-0.1616988964378833
2023-10-02T16:11:00Z,0.9339896747842432
2023-10-02T18:30:29Z,-0.9310805220156908
2023-10-03T02:05:54Z,0.0479065030813217
2023-10-03T08:20:27Z,0.9324534758925438
2023-10-03T11:11:17Z,0.3074004976078868
2023-10-03T11:44:38Z,-0.2530111074447632
2023-10-03T11:52:30Z,-0.9373676190152764
2023-10-03T13:13:56Z,0.8447932973504066
2023-10-03T13:23:57Z,0.1208373587578535
2023-10-03T13:25:23Z,-0.0145113281905651
2023-10-03T13:38:03Z,-0.4496067073196172
2023-10-03T14:11:20Z,-0.9054073533043264
2023-10-03T14:26:44Z,-0.0077840592712163
2023-10-03T14:59:42Z,-0.1453524380922317
2023-10-03T16:09:37Z,0.9077042415738106
2023-10-03T16:48:55Z,-0.838252542540431
2023-10-03T16:56:57Z,-0.3734950739890337
2023-10-03T17:35:17Z,0.052553815767169
2023-10-03T18:29:45Z,-0.927092078141868
2023-10-03T20:52:23Z,-0.7476998828351498
2023-10-03T21:25:14Z,-0.0434470809996128
2023-10-04T10:57:01Z,-0.8134085666388273
2023-10-04T11:25:33Z,0.5013121012598276
2023-10-04T12:17:46Z,0.1605113241821527
2023-10-04T13:15:14Z,-0.4695190228521824
2023-10-04T16:28:13Z,-0.0423963367938995
2023-10-04T17:22:15Z,0.1313896588981151
2023-10-04T17:35:18Z,0.052553815767169
2023-10-04T15:23:38Z,0.0040360745042562
2023-10-04T17:53:08Z,0.8616784438490868
2023-10-03T19:06:42Z,-0.9582157572731376
2023-10-04T18:21:10Z,0.0937320813536644
2023-10-05T08:27:04Z,0.7456786930561066
2023-10-05T08:53:50Z,0.0357903046533465
2023-10-05T09:14:01Z,-0.0345235206186771
2023-10-05T10:49:17Z,0.1029300577938556
2023-10-05T13:40:25Z,0.4494145661592483
2023-10-05T14:01:04Z,-0.8829340711236
2023-10-05T14:57:12Z,-0.1172189284116029
2023-10-05T15:15:32Z,-0.9529969785362482
2023-10-05T15:24:14Z,-0.0004600919783115
2023-10-05T15:37:11Z,-0.0343573801219463
2023-10-05T17:32:10Z,0.3551100790500641
2023-10-05T17:32:36Z,-0.7402919828891754
2023-10-05T19:37:51Z,0.1971041858196258
2023-10-06T03:13:55Z,0.254953034222126
2023-10-06T10:07:35Z,-0.5537908729165792
2023-10-06T12:35:38Z,0.1827454194426536
2023-10-06T14:05:25Z,-0.9016117220744492
2023-10-06T14:28:51Z,0.0011740624904632
2023-10-06T14:45:46Z,-0.1027523875236511
2023-10-06T16:42:30Z,-0.6104441862553358
2023-10-06T17:35:18Z,0.052553815767169
2023-10-06T18:12:36Z,-0.939700061455369
2023-10-06T20:09:44Z,0.4878619387745857
2023-10-07T21:10:03Z,-0.6954843886196613
2023-10-08T13:07:14Z,-0.0416986104100942
2023-10-09T01:44:43Z,0.1091343443840742
2023-10-09T03:27:00Z,0.9321542670950294
2023-10-09T09:13:02Z,0.1617294745519757
2023-10-09T11:52:15Z,0.026441628113389
2023-10-09T14:53:29Z,-0.0016784351319074
2023-10-09T15:24:14Z,0.450387392193079
2023-10-09T15:32:59Z,0.1638635471463203
2023-10-09T11:38:22Z,-0.8581058103591204
2023-10-09T17:11:30Z,-0.8624230679124594
2023-10-09T17:35:17Z,0.052553815767169
2023-10-09T17:53:01Z,0.9243004396557808
2023-10-09T18:10:04Z,-0.8680099677294493
2023-10-09T20:55:44Z,0.1328630028292536
2023-10-09T22:01:53Z,0.5680091958492994
2023-10-10T05:43:03Z,0.0071622878313064
2023-10-10T07:14:14Z,-0.8260850831866264
2023-10-10T12:29:31Z,-0.758289273828268
2023-10-10T12:49:58Z,0.1081447275355458
2023-10-10T12:50:43Z,0.9060206785798072
2023-10-10T15:02:23Z,0.1035945191979408
2023-10-10T15:27:53Z,0.000525938346982
2023-10-10T16:46:38Z,0.0589765664190053
2023-10-10T17:35:16Z,-0.0039224773645401
2023-10-10T18:01:48Z,0.9251477690413594
2023-10-10T19:09:45Z,0.3831372605636716
2023-10-10T19:39:04Z,-0.01479222625494
2023-10-09T21:40:18Z,-0.422597125172615
2023-10-10T21:10:53Z,0.0364759862422943
2023-10-11T02:10:45Z,-0.953929539769888
2023-10-11T07:33:22Z,0.0908241383731365
2023-10-11T08:04:16Z,0.0571036804467439
2023-10-11T11:56:12Z,0.0343368761241436
2023-10-11T14:46:36Z,-0.6009734869003296
2023-10-11T14:57:27Z,0.0046067833900451
2023-10-11T15:40:08Z,0.5997878760099411
2023-10-11T16:27:00Z,0.0401549031957984
2023-10-11T17:17:15Z,-0.9046208607032896
2023-10-11T17:35:19Z,0.052553815767169
2023-10-11T18:23:26Z,0.028690431267023
2023-10-11T19:54:58Z,0.7347497409209609
2023-10-11T20:21:37Z,-0.3444869369268417
2023-10-11T20:22:26Z,-0.138922169804573
2023-10-11T20:22:45Z,-0.3963073026388883
2023-10-11T20:29:29Z,-0.9362531704828144
2023-10-12T02:09:00Z,-0.9499062839895488
2023-10-12T02:16:55Z,-0.0113755911588668
2023-10-12T07:54:04Z,-0.4146730452775955
2023-10-12T11:44:19Z,0.6966341333463788
2023-10-12T13:28:51Z,-0.0240442771464586
2023-10-12T13:49:12Z,0.7047231076285243
2023-10-12T15:13:07Z,0.0602063201367855
2023-10-12T15:16:11Z,0.0044225584715604
2023-10-12T15:27:30Z,-0.5778848454356194
2023-10-12T16:55:51Z,-0.5004979632794857
2023-10-12T17:31:57Z,-0.5039970055222511
2023-10-12T17:37:12Z,0.052553815767169
2023-10-12T20:57:30Z,0.026858203113079
2023-10-13T07:16:05Z,0.1148718558251857
2023-10-13T11:43:59Z,0.0411328487098217
2023-10-13T12:04:34Z,0.2942445985972881
2023-10-13T12:06:39Z,0.0996302487328648
2023-10-13T12:10:47Z,0.7309456206858158
2023-10-13T12:13:41Z,0.7881110738962889
2023-10-13T12:35:41Z,0.9044664818793536
2023-10-13T12:39:45Z,-0.2536356635391712
2023-10-13T13:11:37Z,-0.0252285692840814
2023-10-13T13:40:10Z,0.6992401834577322
2023-10-13T13:48:10Z,0.1912452597171068
2023-10-13T14:09:44Z,0.449781060218811
2023-10-13T14:15:39Z,-0.221782399341464
2023-10-13T14:26:15Z,0.0042259935289621
2023-10-13T14:30:30Z,-0.6436018198728561
2023-10-13T16:10:23Z,-0.4297089483588934
2023-10-13T16:12:04Z,0.075882657431066
2023-10-13T17:35:17Z,-0.0039224773645401
2023-10-13T17:53:30Z,-0.8965353928506374
2023-10-13T18:16:25Z,0.0637760199606418
2023-10-13T19:11:15Z,0.9181173481047152
2023-10-13T20:18:37Z,0.1233155336230993
2023-10-13T20:33:31Z,-0.4598480835556984
2023-10-14T08:42:10Z,-0.881531348451972
2023-10-15T11:06:14Z,0.005631860345602
2023-10-16T08:24:14Z,-0.111124150454998
2023-10-16T11:30:24Z,0.5633517540991306
2023-10-16T13:46:38Z,-0.1888403706252575
2023-10-16T13:27:19Z,0.0026532523334026
2023-10-16T14:40:11Z,0.0004429500550031
2023-10-16T14:46:10Z,0.5666053034365177
2023-10-16T14:58:43Z,-0.957929321564734
2023-10-16T15:03:54Z,0.0200687497854232
2023-10-16T15:15:30Z,-0.9463070202618836
2023-10-16T15:50:20Z,-0.6183553021401167
2023-10-16T17:05:22Z,0.1128861997276544
2023-10-16T17:12:28Z,-0.9504194278270006
2023-10-16T17:35:15Z,0.052553815767169
2023-10-16T19:10:22Z,-0.0001866780221462
2023-10-16T20:12:22Z,0.0849167145788669
2023-10-16T20:21:39Z,0.0068628918379545
2023-10-16T21:12:59Z,0.8752462975680828
2023-10-16T21:46:44Z,0.3483244376257062
2023-10-17T11:45:46Z,0.4849490718916058
2023-10-17T12:15:02Z,0.5185449309647083
2023-10-17T12:18:50Z,0.9234997481107712
2023-10-17T14:26:10Z,0.0032916478812694
2023-10-17T14:42:31Z,0.868421696126461
2023-10-17T15:00:34Z,0.6705047963187099
2023-10-17T15:00:55Z,-0.4501794949173927
2023-10-17T15:51:13Z,0.9045995473861694
2023-10-17T16:55:45Z,0.6838689744472504
2023-10-17T17:35:14Z,0.052553815767169
2023-10-17T19:22:46Z,0.0173899959772825
2023-10-17T20:20:26Z,0.9091113973408936
2023-10-17T20:33:17Z,0.3313878076151013
2023-10-17T21:06:30Z,0.7626721747219563
2023-10-18T04:54:42Z,0.1408906560391187
2023-10-18T06:09:15Z,0.0247144438326358
2023-10-18T08:00:03Z,-0.0054657310247421
2023-10-18T10:45:13Z,-0.0067513063549995
2023-10-18T12:17:11Z,-0.025710605084896
2023-10-18T14:18:54Z,0.0038391444832086
2023-10-18T15:07:23Z,-0.9617120828479528
2023-10-18T16:55:36Z,0.3315391112118959
2023-10-18T17:04:42Z,0.8363869450986385
2023-10-18T17:09:12Z,-0.7320885062217712
2023-10-18T17:35:15Z,-0.0039224773645401
2023-10-18T18:07:48Z,-0.2347258497029543
2023-10-19T13:24:18Z,-0.9003733340650797
2023-10-19T14:45:45Z,0.0059743393212556
2023-10-19T15:04:07Z,-0.341332895681262
2023-10-19T15:08:51Z,0.0240824781358242
2023-10-19T15:32:59Z,0.4588605836033821
2023-10-19T15:29:06Z,-0.9362639151513577
2023-10-19T16:01:40Z,0.7419445142149925
2023-10-19T16:16:34Z,0.9297318980097772
2023-10-19T17:13:30Z,-0.6842673122882843
2023-10-19T17:35:15Z,-0.0039224773645401
2023-10-19T18:36:34Z,0.2558218538761139
2023-10-19T18:58:06Z,0.8744501490145922
2023-10-19T20:50:26Z,0.0491744764149189
2023-10-20T04:31:47Z,0.1735804490745067
2023-10-20T13:46:42Z,-0.2343223877251148
2023-10-20T14:48:53Z,0.0030324440449476
2023-10-20T14:55:55Z,0.4977791998535394
2023-10-20T15:36:33Z,0.2553285611793399
2023-10-20T17:00:14Z,-0.0198450423777103
2023-10-20T17:14:28Z,0.7492861524224281
2023-10-20T18:10:40Z,0.00801258161664
2023-10-20T18:38:18Z,0.8155105225741863
2023-10-20T20:08:03Z,-0.9394254591315984
2023-10-21T01:09:20Z,-0.7837073504924774
2023-10-21T13:29:24Z,0.1360601857304573
2023-10-22T12:00:11Z,0.0720079904422164
2023-10-23T07:15:17Z,0.6394302546977997
2023-10-23T12:37:39Z,0.0075569842010736
2023-10-23T13:19:20Z,-0.0242498647421598
2023-10-23T13:31:24Z,0.2047065943479538
2023-10-23T15:19:41Z,0.064550332725048
2023-10-23T16:02:32Z,0.0262612868100404
2023-10-23T16:17:24Z,0.8732791300863028
2023-10-23T16:51:23Z,0.2177331177517771
2023-10-23T17:20:37Z,-0.9253760362043976
2023-10-23T17:35:17Z,-0.0039224773645401
2023-10-23T17:47:11Z,0.0753733366727829
2023-10-23T17:57:04Z,-0.6552251987159252
2023-10-23T19:09:22Z,0.7963821031153202
2023-10-23T20:33:21Z,0.7245419602841139
2023-10-24T05:49:17Z,0.1116758100688457
2023-10-24T07:28:20Z,0.0368167608976364
2023-10-24T08:25:10Z,0.0027917325496673
2023-10-24T08:26:46Z,0.5147178918123245
2023-10-24T10:16:20Z,-0.6123548708856106
2023-10-24T10:27:22Z,-0.8917872086167336
2023-10-24T10:27:58Z,0.1385532915592193
2023-10-24T12:23:25Z,-0.9625258506275712
2023-10-24T13:57:23Z,-0.0099310725927352
2023-10-24T15:13:59Z,-0.2245887070894241
2023-10-24T16:43:03Z,-0.4496067073196172
2023-10-24T17:02:49Z,0.6815058924257755
2023-10-24T17:24:09Z,-0.0777888372540474
2023-10-24T17:35:15Z,-0.0039224773645401
2023-10-24T09:13:04Z,-0.0885927528142929
2023-10-24T19:00:39Z,0.7516047051176429
2023-10-24T19:15:48Z,-0.0261029172688722
2023-10-23T08:21:35Z,-0.1577279195189476
2023-10-24T20:01:41Z,0.2062886338680982
2023-10-24T20:02:53Z,0.9190960042178632
2023-10-24T20:03:42Z,-0.3540415316820144
2023-10-24T20:03:54Z,0.0978098157793283
2023-10-24T20:05:14Z,0.2047423664480447
2023-10-24T20:16:22Z,0.9082394065335392
2023-10-24T20:20:33Z,0.1531938556581735
2023-10-24T20:22:47Z,0.3663820773363113
2023-10-24T20:19:35Z,0.9090269841253756
2023-10-24T22:16:08Z,0.191783064045012
2023-10-24T22:17:39Z,-0.5674741864204407
2023-10-24T22:19:08Z,0.7932068314403296
2023-10-24T22:20:41Z,-0.1335604637861251
2023-10-24T22:21:47Z,-0.8494345191866159
2023-10-25T01:30:10Z,-0.1179452110081911
2023-10-25T07:00:57Z,-0.7143289037048817
2023-10-25T07:35:56Z,0.0423174062743783
2023-10-25T07:39:24Z,0.0157474055886268
2023-10-25T08:11:23Z,0.213284202851355
2023-10-25T08:21:35Z,0.741664744913578
2023-10-25T11:41:16Z,0.0337218027561903
2023-10-25T12:03:08Z,0.0340827666223049
2023-10-25T12:10:51Z,0.0082012526690959
2023-10-25T12:15:10Z,0.0731707885861396
2023-10-25T12:44:05Z,0.0125748664140701
2023-10-25T12:58:14Z,0.3493863195180893
2023-10-25T13:09:25Z,-0.0234792176634073
2023-10-25T13:35:31Z,0.7260539587587118
2023-10-25T13:43:12Z,-0.5632819794118404
2023-10-25T13:57:04Z,-0.9481545109301804
2023-10-25T14:11:50Z,-0.4383169859647751
2023-10-25T14:12:52Z,0.0753237083554267
2023-10-25T14:28:46Z,0.0077490806579589
2023-10-25T14:34:59Z,0.0007645711302757
2023-10-25T14:42:49Z,0.0610386198386549
2023-10-25T14:53:39Z,0.0184971019625663
2023-10-25T15:29:23Z,0.8921778369694948
2023-10-25T16:02:48Z,-0.4695190228521824
2023-10-25T16:05:45Z,0.0939121916890144
2023-10-25T16:12:03Z,0.0095774196088314
2023-10-25T16:24:18Z,-0.8399941539391875
2023-10-25T16:35:03Z,-0.776848591864109
2023-10-25T16:46:39Z,0.9108637310564518
2023-10-25T17:18:22Z,0.2748694866895675
2023-10-25T17:26:12Z,-0.8722508195787668
2023-10-25T17:35:13Z,0.052553815767169
2023-10-25T17:49:43Z,-0.7787267882376909
2023-10-25T18:14:10Z,0.6712424978613853
2023-10-25T22:40:18Z,0.0656797755509615
2023-10-26T08:28:51Z,0.2875231560319662
2023-10-26T09:34:04Z,0.0057372096925973
2023-10-26T11:03:33Z,0.6404514871537685
2023-10-26T13:00:10Z,0.4292128346860409
2023-10-26T13:00:34Z,0.0805986812338233
2023-10-26T13:01:18Z,0.0155547950416803
2023-10-26T13:50:16Z,0.7260539587587118
2023-10-26T14:54:12Z,-0.660582160577178
2023-10-26T14:57:45Z,0.0053053982555866
2023-10-26T15:24:22Z,0.6919286176562309
2023-10-26T15:20:10Z,-0.9263712037354708
2023-10-26T15:32:28Z,-0.9120947178453208
2023-10-26T16:18:52Z,-0.5039970055222511
2023-10-26T17:35:16Z,-0.0039224773645401
2023-10-26T17:54:44Z,-0.9262176668271422
2023-10-26T19:30:00Z,0.1884501678869128
2023-10-26T20:44:32Z,0.9219552827998996
2023-10-26T21:24:17Z,0.0879198350012302
2023-10-26T08:16:51Z,-0.9083579368889332
2023-10-27T08:58:46Z,0.2012276891618967
2023-10-27T11:58:30Z,0.4590643281117081
2023-10-27T12:04:42Z,0.1228134557604789
2023-10-27T13:13:08Z,-0.0246546473354101
2023-10-27T13:34:21Z,0.5942613258957863
2023-10-27T14:33:31Z,0.0047278217971324
2023-10-27T15:04:13Z,0.0288286712020635
2023-10-27T15:58:09Z,-0.7906481772661209
2023-10-27T17:00:05Z,-0.0436560120433568
2023-10-27T17:08:21Z,0.8227782510221004
2023-10-27T17:35:13Z,-0.0039224773645401
2023-10-27T19:30:29Z,-0.032118272036314
2023-10-27T16:07:23Z,0.0562389194965362
2023-10-27T21:14:48Z,0.9313633358106016
2023-10-28T03:16:25Z,0.0485811661928892
2023-10-28T21:12:08Z,0.3410727977752685
2023-10-29T13:44:13Z,0.0995422452688217
2023-10-29T18:11:55Z,0.0367066618055105
2023-10-29T18:18:28Z,0.9259092416614294
2023-10-30T08:24:29Z,-0.02118531614542
2023-10-30T08:34:34Z,-0.0580762811005115
2023-10-30T11:39:06Z,0.714793149381876
2023-10-30T12:54:01Z,0.00102443061769
2023-10-30T13:23:30Z,-0.5101522263139486
2023-10-29T13:53:30Z,0.050953734666109
2023-10-30T07:40:15Z,0.8232080265879631
2023-10-30T15:15:06Z,0.1909184604883194
2023-10-30T16:08:56Z,-0.0039963703602552
2023-10-30T16:16:01Z,0.5410216925665736
2023-10-30T17:09:05Z,-0.8771098675206304
2023-10-30T17:35:13Z,-0.0039224773645401
2023-10-30T17:27:39Z,0.4941102769225836
2023-10-30T17:54:49Z,0.9259237721562386
2023-10-30T18:29:36Z,-0.9150419626384974
2023-10-30T18:52:54Z,0.105434987694025
2023-10-30T19:19:30Z,0.9193890951573848
2023-10-30T17:25:06Z,0.2569134915247559
2023-10-30T21:30:02Z,-0.4475956410169601
2023-10-30T21:46:00Z,0.9295068122446536
2023-10-30T22:00:20Z,0.0668635834008455
2023-10-31T04:41:27Z,0.010566484183073
2023-10-31T09:08:53Z,0.1806539474055171
2023-10-31T10:51:22Z,0.0021721199154853
2023-10-31T14:26:25Z,-0.0016162041574716
2023-10-31T16:01:23Z,-0.6006840653717518
2023-10-31T16:29:24Z,0.2065209960564971
2023-10-31T17:35:13Z,-0.0039224773645401
2023-11-01T07:31:16Z,-0.028036393225193
2023-11-01T12:12:59Z,0.2832025457173586
2023-11-01T13:31:20Z,-0.4695190228521824
2023-11-01T14:40:47Z,0.0036124065518379
2023-11-01T16:05:44Z,0.8667861064895988
2023-11-01T16:13:28Z,0.7941155433654785
2023-11-01T17:00:58Z,-0.0254402626305818
2023-11-01T17:49:02Z,0.8909569540992379
2023-11-01T18:40:39Z,0.2331305164843797
2023-11-01T20:01:53Z,0.0328667741268873
2023-11-02T01:12:48Z,0.5039022425189614
2023-11-02T04:12:00Z,-0.4576126113533973
2023-11-02T05:20:06Z,0.7881445679813623
2023-11-02T11:25:54Z,0.9057423900812864
2023-11-02T12:33:58Z,0.0213666502386331
2023-11-02T12:41:12Z,0.0736429700627923
2023-11-02T14:41:18Z,0.0003652535378932
2023-11-02T15:35:33Z,0.0111288800835609
2023-11-02T17:35:13Z,-0.0039224773645401
2023-11-03T12:32:59Z,0.1306313723325729
2023-11-03T13:41:10Z,-0.004465090110898
2023-11-03T15:28:26Z,-0.6803937703371048
2023-11-03T15:31:59Z,0.0067222658544778
2023-11-03T17:35:13Z,0.052553815767169
2023-11-03T18:15:25Z,-0.9435688266530632
2023-11-03T20:03:05Z,0.0187877789139747
2023-11-04T12:57:10Z,0.2999783167615533
2023-11-06T02:02:43Z,0.0548993460834026
2023-11-06T09:26:05Z,0.1671927887946367
2023-11-06T11:33:24Z,0.6140999095514417
2023-11-06T12:07:21Z,-0.6587879005819559
2023-11-06T12:23:28Z,0.1121814572252333
2023-11-06T14:09:25Z,0.4673519050702452
2023-11-06T15:03:23Z,0.2157027572393417
2023-11-06T15:28:54Z,0.0048482175916433
2023-11-06T17:28:02Z,0.0775828482583165
2023-11-06T17:33:40Z,0.9139260407537222
2023-11-06T17:35:13Z,0.052553815767169
2023-11-06T18:09:34Z,0.0474806213751435
2023-11-06T18:16:32Z,0.0401404136791825
2023-11-06T18:39:00Z,0.8925361763685942
2023-11-06T22:46:42Z,-0.888034607283771
2023-11-07T00:19:19Z,-0.1881521046161651
2023-11-07T03:25:47Z,0.1578447027131915
2023-11-07T06:22:48Z,0.7171522788703442
2023-11-07T08:59:46Z,-0.5709751397371292
2023-11-07T09:05:22Z,-0.176337007433176
2023-11-07T11:20:09Z,0.0180078763514757
2023-11-07T11:58:09Z,0.9134577186778188
2023-11-07T12:37:15Z,-0.3434980809688568
2023-11-07T13:13:05Z,0.0448858076706528
2023-11-07T13:47:54Z,0.3391800578683615
2023-11-07T14:01:56Z,0.6501750173047185
2023-11-07T15:23:45Z,0.3855632394552231
2023-11-07T15:40:30Z,0.0059956181794404
2023-11-07T16:42:44Z,-0.6131260991096497
2023-11-07T17:35:19Z,-0.0039224773645401
2023-11-07T19:55:21Z,-0.7426806092262268
2023-11-06T23:43:26Z,0.0860117748379707
2023-11-08T03:01:29Z,0.4485634732991457
2023-11-08T08:35:06Z,-0.0727013424038887
2023-11-08T11:39:09Z,0.1424745544791221
2023-11-08T12:52:37Z,-0.6937081087380648
2023-11-08T14:01:49Z,0.8855008594691753
2023-11-08T14:04:18Z,-0.4666908923536539
2023-11-08T14:18:16Z,0.5711117181926966
2023-11-08T15:01:44Z,-0.005228966474533
2023-11-08T15:07:16Z,0.8332338780164719
2023-11-08T15:14:19Z,0.0062219593673944
2023-11-08T17:35:20Z,0.052553815767169
2023-11-09T11:21:45Z,0.0736108282580971
2023-11-09T11:23:33Z,-0.5920641496777534
2023-11-09T12:37:05Z,0.8877864805981517
2023-11-09T13:26:16Z,0.8950776038691401
2023-11-09T14:23:11Z,-0.2117629628628492
2023-11-09T15:28:00Z,0.7517125532031059
2023-11-09T15:37:36Z,0.0037649944424629
2023-11-09T21:00:56Z,0.0227158442139625
2023-11-10T04:50:03Z,-0.9377225078642368
2023-11-10T09:32:09Z,0.5051961112767458
2023-11-10T12:41:22Z,-0.4618010018020868
2023-11-10T17:27:43Z,-0.0005509238690137
2023-11-10T17:35:14Z,-0.0039224773645401
2023-11-10T17:45:21Z,0.0315748378634452
2023-11-10T17:57:12Z,-0.5517424568533897
2023-11-10T18:50:33Z,-0.5936675816774368
2023-11-10T18:57:23Z,-0.0841274484992027
2023-11-10T19:02:58Z,-0.0906166136264801
2023-11-10T19:39:38Z,0.7219233307987452
2023-11-10T19:54:32Z,0.93209667224437
2023-11-10T19:55:45Z,0.9359222250059248
2023-11-10T20:16:09Z,-0.5120898485183716
2023-11-10T21:23:26Z,0.26345095038414
2023-11-10T21:27:46Z,-0.897345669567585
2023-11-11T04:06:40Z,0.3995982855558395
2023-11-11T13:57:50Z,0.2588921571150422
2023-11-12T16:00:16Z,0.0716107357293367
2023-11-12T16:00:30Z,0.0683273086324334
2023-11-13T07:33:22Z,0.2871120255440473
2023-11-13T13:44:16Z,-0.3526915982365608
2023-11-13T14:49:44Z,0.0003533847630023
2023-11-13T15:06:40Z,-0.4350093230605125
2023-11-13T15:31:33Z,0.3872127830982208
2023-11-13T17:06:45Z,0.5521666128188372
2023-11-13T17:35:20Z,0.052553815767169
2023-11-13T18:19:44Z,-0.8597539775073528
2023-11-13T19:21:33Z,0.4893536940217018
2023-11-13T20:47:08Z,0.7146597430109978
2023-11-14T03:19:14Z,0.893786609172821
2023-11-14T13:31:00Z,0.8688355442136526
2023-11-14T13:50:06Z,0.9208279866725206
2023-11-14T14:00:19Z,0.0056868847459554
2023-11-14T14:17:14Z,-0.0243568830192089
2023-11-14T15:50:35Z,0.0003025606274604
2023-11-14T16:26:46Z,0.8302690424025059
2023-11-14T16:41:08Z,0.128329336643219
2023-11-14T17:12:14Z,0.8499206374399364
2023-11-14T17:35:19Z,-0.0039224773645401
2023-11-14T21:29:40Z,0.0332157388329505
2023-11-14T21:45:02Z,-0.0084487050771713
2023-11-14T22:37:13Z,0.0379864536225795
2023-11-15T08:56:23Z,0.5918090473860502
2023-11-15T09:05:39Z,0.1045948909595608
2023-11-15T13:02:50Z,-0.0225688237696886
2023-11-15T14:52:50Z,-0.5317037776112556
2023-11-15T15:37:34Z,-0.3299305140972137
2023-11-15T15:53:37Z,0.0002945084124803
2023-11-15T16:05:04Z,0.5965204788371921
2023-11-15T17:03:28Z,0.0756898699328303
2023-11-15T17:04:59Z,0.4118491504341364
2023-11-15T17:06:48Z,0.144968120381236
2023-11-15T17:32:16Z,0.1461774157360196
2023-11-15T17:34:42Z,-0.5091071128845215
2023-11-15T17:35:14Z,-0.0039224773645401
2023-11-15T17:45:19Z,0.0395941063761711
2023-11-15T17:57:09Z,0.0076596643775701
2023-11-15T19:51:32Z,0.1874284781515598
2023-11-15T20:02:16Z,0.0244091190397739
2023-11-15T20:12:10Z,0.9144624713808298
2023-11-15T21:27:37Z,0.0672356076538562
2023-11-15T21:35:51Z,0.1628958210349083
2023-11-15T23:18:15Z,0.018947722390294
2023-11-16T01:28:44Z,0.7451547905802727
2023-11-16T06:04:50Z,-0.7279161103069782
2023-11-16T10:09:06Z,0.0714277699589729
2023-11-16T10:32:22Z,-0.5039970055222511
2023-11-16T11:12:43Z,0.607235737144947
2023-11-16T13:26:53Z,0.0294161066412925
2023-11-16T13:59:44Z,0.9241040050983428
2023-11-16T14:16:24Z,0.796790714841336
2023-11-16T14:22:01Z,0.8837456405162811
2023-11-16T15:03:15Z,-0.503925297409296
2023-11-16T15:19:14Z,0.0006596781313419
2023-11-16T17:35:17Z,0.052553815767169
2023-11-16T17:37:10Z,0.0105169601738452
2023-11-16T17:46:21Z,0.9336384553462268
2023-11-16T20:51:16Z,0.1049677934497594
2023-11-17T11:20:11Z,0.3151332666166127
2023-11-17T13:48:43Z,-0.7992061423137784
2023-11-17T14:12:46Z,-0.0242408346384763
2023-11-17T14:30:48Z,-0.0221250969916582
2023-11-17T14:39:31Z,-0.742983840405941
2023-11-17T17:17:55Z,0.9334102440625428
2023-11-17T17:23:49Z,0.0758339762687683
2023-11-17T17:30:16Z,-0.5187264606356621
2023-11-17T17:35:17Z,-0.0039224773645401
2023-11-17T17:50:50Z,-0.9422589540481568
2023-11-15T07:47:43Z,0.0413432735949754
2023-11-17T20:34:28Z,-0.618882505223155
2023-11-17T21:09:05Z,0.0150435157120227
2023-11-17T21:28:53Z,-0.0061358287930488
2023-11-17T21:48:57Z,0.0572890480980277
2023-11-17T21:12:01Z,-0.8512134309858084
2023-11-18T00:22:17Z,-0.0807906109839677
2023-11-18T06:00:23Z,-0.6015417296439409
2023-11-18T09:38:07Z,-0.8771542217582464
2023-11-18T17:22:16Z,0.1119518224149942
2023-11-18T18:00:55Z,-0.7099903412163258
2023-11-19T15:41:15Z,0.4378542453050613
2023-11-19T20:19:45Z,0.0512202782556414
2023-11-19T23:57:17Z,0.0137274879962205
2023-11-20T00:10:59Z,0.1736328024417162
2023-11-20T01:06:44Z,-0.5328804478049278
2023-11-20T01:30:24Z,-0.0340264663100242
2023-11-20T03:26:36Z,-0.6338682677596807
2023-11-20T07:58:44Z,-0.8855585046112537
2023-11-20T08:16:47Z,-0.1046131253242492
2023-11-20T09:58:34Z,0.8728930912911892
2023-11-20T07:15:13Z,-0.0565970391035079
2023-11-20T10:00:50Z,0.2480530738830566
2023-11-20T10:35:42Z,0.1995038799941539
2023-11-20T12:25:27Z,0.6637397855520248
2023-11-20T12:30:16Z,0.0425065401941537
2023-11-20T13:46:56Z,-0.2205629646778106
2023-11-20T13:48:31Z,-0.3293802291154861
2023-11-20T14:05:38Z,0.4459463208913803
2023-11-20T14:07:12Z,-0.6183553021401167
2023-11-20T14:30:57Z,-0.0239097047597169
2023-11-20T14:46:45Z,0.8504430390894413
2023-11-20T15:37:00Z,0.0014560036361217
2023-11-20T15:38:21Z,0.0267592426389455
2023-11-20T11:25:41Z,0.9033788703382016
2023-11-20T15:56:38Z,-0.5297020748257637
2023-11-20T16:50:23Z,-0.767325147986412
2023-11-20T17:35:14Z,0.052553815767169
2023-11-20T17:43:19Z,0.2762481784448027
2023-11-20T17:56:10Z,0.4777334406971931
2023-11-20T18:06:29Z,-0.2079647537320852
2023-11-20T18:15:04Z,-0.1863439604640007
2023-11-20T19:02:55Z,0.1341653801500797
2023-11-20T19:05:40Z,-0.0138503536581993
2023-11-20T19:11:40Z,-0.4560109693557024
2023-11-20T19:45:48Z,0.8699520407244563
2023-11-20T20:19:34Z,-0.0981605108827352
2023-11-20T20:40:52Z,0.7934850603342056
2023-11-20T20:45:04Z,0.1282061366364359
2023-11-20T21:14:26Z,0.4508942244574427
2023-11-20T21:26:19Z,-0.8873917236924171
2023-11-20T22:09:05Z,0.8352596163749695
2023-11-20T22:40:44Z,-0.798675399273634
2023-11-20T23:04:45Z,0.5715375328436494
2023-11-20T23:05:29Z,0.0360376331955194
2023-11-21T01:27:54Z,-0.7244214992970228
2023-11-21T01:41:56Z,0.0384965687990188
2023-11-21T02:11:53Z,0.1735741794109344
2023-11-21T10:15:14Z,0.7818454578518867
2023-11-21T10:23:43Z,-0.650748148560524
2023-11-21T11:00:22Z,0.4145422298461199
2023-11-21T13:54:59Z,0.1412853468209505
2023-11-21T14:06:47Z,0.4396272702142596
2023-11-21T14:12:22Z,-0.0231703333556652
2023-11-21T14:17:07Z,0.1156692262738943
2023-11-21T14:54:35Z,0.0936693623661995
2023-11-21T15:26:36Z,0.3776218220591545
2023-11-21T16:03:05Z,0.0303264167159795
2023-11-21T15:58:23Z,0.0031840801239013
2023-11-21T17:00:55Z,0.9290605634450912
2023-11-21T17:13:08Z,0.2738256677985191
2023-11-21T17:35:12Z,-0.0039224773645401
2023-11-21T17:48:33Z,0.1046985546126961
2023-11-21T17:55:27Z,-0.8723183106631041
2023-11-21T19:39:28Z,0.7525763567537069
2023-11-21T19:49:02Z,-0.0845600813627243
2023-11-21T20:09:45Z,0.1727408207952976
2023-11-21T20:13:41Z,0.0360797066241502
2023-11-21T20:14:36Z,-0.0231104753911495
2023-11-21T21:02:44Z,0.1121410299092531
2023-11-21T21:57:52Z,0.0096169710159301
2023-11-22T02:49:11Z,-0.796775259077549
2023-11-22T03:49:08Z,-0.933388575911522
2023-11-22T05:49:15Z,0.8752020783722401
2023-11-22T06:16:51Z,0.0380137655884027
2023-11-22T07:31:10Z,0.0578564070165157
2023-11-22T08:10:46Z,0.1729239821434021
2023-11-22T09:39:48Z,0.0305722523480653
2023-11-22T10:37:15Z,-0.6364520881325006
2023-11-22T11:07:12Z,0.0271056294441223
2023-11-22T12:30:24Z,0.1072865035384893
2023-11-22T14:07:47Z,-0.0244714524596929
2023-11-22T14:36:19Z,0.9357685437425972
2023-11-22T15:11:56Z,-0.3293802291154861
2023-11-22T14:11:34Z,0.0055877715349197
2023-11-22T16:15:53Z,0.5412538852542639
2023-11-22T16:38:27Z,0.0010772105306386
2023-11-22T17:24:58Z,0.9249268900603056
2023-11-22T17:35:12Z,0.052553815767169
2023-11-22T18:34:20Z,-0.5868912003934383
2023-11-22T19:30:19Z,0.052418477833271
2023-11-22T19:31:39Z,-0.1022411882877349
2023-11-22T20:37:09Z,-0.9403426321223378
2023-11-22T21:02:57Z,0.4186280043795705
2023-11-22T22:01:15Z,0.2978221233934164
2023-11-22T22:21:13Z,0.8433610405772924
2023-11-23T00:24:52Z,-0.0561272837221622
2023-11-23T04:09:26Z,-0.0989580731838941
2023-11-23T11:36:16Z,-0.9576506307348608
2023-11-23T15:46:50Z,-0.7917136773467064
2023-11-23T17:35:13Z,-0.0039224773645401
2023-11-24T09:21:59Z,0.3075408674776554
2023-11-24T14:31:07Z,0.0222233980894088
2023-11-24T14:50:08Z,0.9134949408471584
2023-11-24T15:37:39Z,-0.776848591864109
2023-11-24T15:38:23Z,-0.1850679665803909
2023-11-24T15:34:52Z,0.8825118355453014
2023-11-24T17:35:14Z,0.052553815767169
2023-11-24T18:33:03Z,0.0312135051935911
2023-11-24T19:27:17Z,-0.0322558600455522
2023-11-24T19:42:24Z,0.7189600467681885
2023-11-24T20:37:03Z,0.1892140423879027
2023-11-25T03:18:11Z,0.1907535465434193
2023-11-25T07:40:29Z,-0.6262429803609848
2023-11-25T16:51:37Z,-0.9615973308682442
2023-11-25T18:34:18Z,0.1181776355952024
2023-11-26T21:18:44Z,0.0461395066231489
2023-11-27T08:08:53Z,0.2025105431675911
2023-11-27T15:45:41Z,0.0003466755151748
2023-11-27T16:20:25Z,-0.5681971460580826
2023-11-27T17:35:14Z,-0.0039224773645401
2023-11-27T17:39:00Z,0.0692428518086671
2023-11-27T18:08:19Z,-0.8326037526130676
2023-11-27T18:23:08Z,0.1484371740370988
2023-11-28T04:04:51Z,0.0052342340350151
2023-11-28T05:47:23Z,-0.0219817869365215
2023-11-28T07:48:20Z,0.0946655794978141
2023-11-28T09:08:58Z,0.0175006445497274
2023-11-28T10:10:08Z,0.8391539035364985
2023-11-28T11:44:18Z,0.0557900797575712
2023-11-28T13:25:27Z,0.2748950291424989
2023-11-28T13:50:43Z,0.4113433100283146
2023-11-28T14:07:46Z,0.1025911001488566
2023-11-28T13:14:07Z,0.5069743022322655
2023-11-28T15:31:06Z,0.0014720875769853
2023-11-28T15:58:04Z,0.0741554275155067
2023-11-28T17:22:49Z,-0.6700733453035355
2023-11-28T17:35:12Z,-0.0039224773645401
2023-11-28T17:58:03Z,-0.9060549028217793
2023-11-28T19:54:12Z,-0.9420046843588352
2023-11-29T02:11:09Z,0.0227768383920192
2023-11-29T10:01:05Z,0.2855629790574312
2023-11-29T10:28:41Z,-0.4439632389694452
2023-11-29T14:15:00Z,-0.0246035754680633
2023-11-29T15:23:01Z,0.0291856862604618
2023-11-29T15:29:03Z,0.000370766967535
2023-11-29T15:31:42Z,-0.4236526880413294
2023-11-29T16:05:24Z,0.0608261842280626
2023-11-29T16:30:10Z,-0.0207057725638151
2023-11-29T16:46:45Z,-0.1472366377711296
2023-11-29T17:09:45Z,0.8092796579003334
2023-11-29T17:35:14Z,0.052553815767169
2023-11-29T18:19:54Z,0.8890395276248455
2023-05-17T17:34:28Z,0.0506487693637609
2023-11-29T22:50:06Z,0.3465429130010307
2023-11-30T03:01:08Z,0.1262225173413753
2023-11-30T08:29:41Z,0.240053778514266
2023-11-30T11:05:56Z,-0.0614692568778991
2023-11-29T21:57:18Z,0.0184923689812421
2023-11-30T12:46:28Z,0.0264900997281074
2023-11-30T13:06:05Z,0.0693143233656883
2023-11-30T14:16:27Z,0.0396273806691169
2023-11-30T14:48:01Z,-0.9423043532297016
2023-11-30T15:21:42Z,-0.7376771531999111
2023-11-30T15:39:22Z,0.0020489674061536
2023-11-30T17:11:48Z,-0.8444188507273793
2023-11-30T18:14:42Z,-0.9470631266012788
2023-11-30T18:17:20Z,-0.5039970055222511
2023-11-30T20:26:52Z,0.0285097993910312
2023-11-30T21:22:28Z,0.4339780900627374
2023-11-30T21:30:39Z,0.0537528470158577
2023-11-30T22:33:15Z,0.0150719694793224
2023-12-01T11:22:08Z,-0.4246910959482193
2023-12-01T12:33:09Z,0.6290512336418033
2023-12-01T12:39:30Z,0.2519428413361311
2023-12-01T13:25:38Z,-0.9155118688941002
2023-12-01T15:35:52Z,0.0020357184112071
2023-12-01T16:14:38Z,0.7595494315028191
2023-12-01T16:17:02Z,-0.0422643721103668
2023-12-01T16:37:06Z,0.4020997770130634
2023-12-01T17:35:14Z,-0.0039224773645401
2023-12-01T19:11:29Z,-0.2521660923957824
2023-12-01T20:55:57Z,0.0630440115928649
2023-12-01T21:16:13Z,0.078222420066595
2023-12-02T02:27:00Z,0.0323166213929653
2023-12-02T14:26:42Z,-0.049265794456005
2023-12-03T17:09:15Z,0.1909518698230385
2023-12-04T06:28:34Z,0.2026920188218355
2023-12-04T06:46:50Z,-0.0487907007336616
2023-12-04T06:50:22Z,0.8082741126418114
2023-12-04T07:15:35Z,0.1358662229031324
2023-12-04T09:04:12Z,0.7756006019189954
2023-12-04T11:34:27Z,0.8862598892301321
2023-12-04T12:43:57Z,-0.5205052513629198
2023-12-04T13:12:23Z,-0.8645970374345779
2023-12-04T13:49:13Z,0.0718656107783317
2023-12-04T14:49:35Z,-0.8676671059802175
2023-12-04T14:59:35Z,0.8663664953783154
2023-12-04T15:18:30Z,0.0012503489851951
2023-12-04T15:25:50Z,0.9319613110274076
2023-12-04T17:35:12Z,-0.0039224773645401
2023-12-04T18:00:35Z,-0.7514391466975212
2023-12-04T18:51:16Z,-0.029643066227436
2023-12-04T19:45:42Z,0.3012143392115831
2023-12-04T21:39:39Z,0.7997416686266661
2023-12-04T22:23:36Z,0.1191378012299537
2023-12-05T09:49:06Z,0.4176463335752487
2023-12-05T10:54:08Z,0.5906312773004174
2023-12-05T12:24:16Z,0.0182545688003301
2023-12-05T15:02:02Z,0.0537867341190576
2023-12-05T15:22:16Z,0.0012384783476591
2023-12-05T16:01:22Z,0.5282835382968187
2023-12-05T16:19:27Z,-0.9323988826945424
2023-12-05T17:28:06Z,0.378793085925281
2023-12-05T17:35:13Z,-0.0039224773645401
2023-12-05T19:55:03Z,0.0822186544537544
2023-12-05T20:13:48Z,0.0086675249040126
2023-12-06T03:14:47Z,-0.5136921890079975
2023-12-06T08:00:47Z,0.5201860722154379
2023-12-06T03:40:30Z,0.0800951085984706
2023-12-06T13:22:59Z,0.9244705401360988
2023-12-06T15:16:22Z,-0.0142650716006755
2023-12-06T15:19:09Z,0.001188825815916
2023-12-06T16:00:53Z,0.0300018563866615
2023-12-06T16:08:22Z,0.4258999228477478
2023-12-06T16:37:06Z,-0.1846767291426658
2023-12-06T17:10:31Z,0.0387981794774532
2023-12-06T20:06:35Z,0.0694705843925476
2023-12-06T21:11:41Z,0.0285514369606971
2023-12-06T22:10:26Z,0.0667223799973726
2023-12-07T07:51:35Z,0.2565100975334644
2023-12-07T11:07:03Z,0.4649580810219049
2023-12-07T11:34:30Z,0.2113348646089434
2023-12-07T12:42:09Z,0.6090274974703789
2023-12-07T13:31:15Z,-0.3456187844276428
2023-12-07T13:41:19Z,0.0295572616159915
2023-12-07T14:09:21Z,0.0546329095959663
2023-12-07T14:17:36Z,0.2834445796906948
2023-12-07T15:24:41Z,0.0938300602138042
2023-12-07T15:45:54Z,-0.00098074413836
2023-12-07T16:57:36Z,-0.9585507540032268
2023-12-07T17:12:22Z,-0.391971904784441
2023-12-07T17:35:17Z,0.052553815767169
2023-12-07T17:40:34Z,0.6438943538814783
2023-12-07T18:00:00Z,-0.5296163316816092
2023-12-07T18:16:29Z,-0.5039970055222511
2023-12-07T18:08:33Z,0.0328992288559675
2023-12-07T19:05:28Z,-0.4078634977340698
2023-12-07T19:20:38Z,0.5786287635564804
2023-12-07T21:56:50Z,0.92211670614779
2023-12-08T03:39:51Z,-0.0119365081191062
2023-12-08T08:45:53Z,0.8440855629742146
2023-12-08T10:12:00Z,0.0714912507683038
2023-12-08T10:31:01Z,0.2362712323665619
2023-12-08T10:39:17Z,0.0259516015648841
2023-12-08T10:56:34Z,0.6982794962823391
2023-12-08T11:37:49Z,0.0862792888656258
2023-12-08T12:37:02Z,0.066576849669218
2023-12-08T12:53:59Z,-0.201663076877594
2023-12-08T13:18:39Z,0.1331894025206565
2023-12-08T14:15:23Z,0.014855857938528
2023-12-08T14:15:42Z,-0.4324155822396278
2023-12-08T14:42:52Z,0.0971681680530309
2023-12-08T17:35:12Z,0.052553815767169
2023-12-08T22:09:36Z,0.1600774936378002
2023-12-09T12:23:56Z,0.0367270354181528
2023-12-10T23:01:08Z,0.5710872560739517
2023-12-11T06:30:29Z,-0.6107019670307636
2023-12-11T11:55:01Z,0.1837758887559175
2023-12-11T13:50:20Z,0.2897012121975422
2023-12-11T14:12:17Z,0.7594669051468372
2023-12-11T15:27:12Z,-0.0019730646163225
2023-12-11T15:37:47Z,0.3075802717357874
2023-12-11T16:58:04Z,-0.907010137103498
2023-12-11T17:21:27Z,-0.1932721845805645
2023-12-11T17:25:26Z,-0.6638689897954464
2023-12-11T17:35:13Z,0.052553815767169
2023-12-11T18:37:35Z,-0.8388729449361563
2023-12-11T19:23:47Z,0.3924707500264048
2023-12-11T19:38:12Z,0.1062485324218869
2023-12-11T22:06:00Z,0.1285800971090793
2023-12-12T02:20:39Z,-0.585943229496479
2023-12-12T06:30:47Z,0.1659481162205338
2023-12-12T11:00:15Z,0.0182328298687934
2023-12-12T11:27:02Z,0.8140498059801757
2023-12-12T12:03:46Z,-0.0230622123926877
2023-12-12T13:31:13Z,-0.4496067073196172
2023-12-12T13:56:35Z,-0.5673644356429577
2023-12-12T16:33:11Z,-0.5925324112176895
2023-12-12T17:16:43Z,0.2262908667325973
2023-12-12T17:33:58Z,0.0377957858145237
2023-12-12T17:35:28Z,0.052553815767169
2023-12-12T18:36:16Z,0.1076563280075788
2023-12-12T18:58:34Z,0.2411308903247118
2023-12-12T19:28:45Z,0.1514979368075728
2023-12-13T11:24:39Z,0.04001310095191
2023-12-13T13:41:41Z,-0.6295388136059046
2023-12-13T14:03:25Z,0.3241610378026962
2023-12-13T14:28:55Z,-0.4542884901165962
2023-12-13T15:22:53Z,0.0003629643470048
2023-12-13T15:50:55Z,-0.7642956897616386
2023-12-13T17:03:08Z,-0.0675865709781646
2023-12-13T17:05:57Z,-0.934175841510296
2023-12-13T17:35:47Z,0.052553815767169
2023-12-13T18:10:17Z,0.5520433057099581
2023-12-13T18:54:48Z,0.3039107527583837
2023-12-13T21:11:42Z,-0.4796059131622314
2023-12-13T21:24:11Z,0.3943600514903664
2023-12-13T21:48:23Z,-0.9430107828229666
2023-12-14T08:10:22Z,0.0070142894983291
2023-12-14T10:03:37Z,0.135341708548367
2023-12-14T14:30:11Z,0.8245107610709965
2023-12-14T14:38:02Z,0.4533501649275422
2023-12-14T15:20:11Z,-0.0332193113863468
2023-12-14T15:29:46Z,-0.6139937900006771
2023-12-14T15:30:28Z,-0.0005245842039585
2023-12-14T15:58:07Z,-0.5827626474201679
2023-12-14T17:36:00Z,-0.0039224773645401
2023-12-14T19:15:36Z,-0.5004979632794857
2023-12-14T19:40:52Z,0.0605642339214682
2023-12-15T03:29:16Z,0.0686959251761436
2023-12-15T12:06:14Z,-0.5398360323160887
2023-12-15T13:09:45Z,-0.8953539682552218
2023-12-15T13:37:09Z,-0.5663617681711912
2023-12-15T14:04:46Z,-0.8306604884564877
2023-12-15T14:13:37Z,-0.0245342385023832
2023-12-15T14:33:37Z,0.7570594698190689
2023-12-15T15:19:04Z,-0.001377772539854
2023-12-15T15:27:50Z,-0.5961591228842735
2023-12-15T16:09:31Z,0.8479961799457669
2023-12-15T17:35:32Z,0.052553815767169
2023-12-15T20:24:39Z,-0.170006513595581
2023-12-16T03:42:17Z,-0.9426165213808416
2023-12-16T05:10:56Z,-0.4978109151124954
2023-12-16T15:00:15Z,0.9225870370864868
2023-12-17T12:02:46Z,0.0648326240479946
2023-12-18T08:04:01Z,0.4462280375882983
2023-12-18T12:44:28Z,-0.8937047887593508
2023-12-18T15:16:42Z,-0.0008282866328954
2023-12-18T15:40:25Z,-0.9009291492402554
2023-12-18T15:54:20Z,-0.0429464876651763
2023-12-18T16:50:41Z,-0.0555759258568286
2023-12-18T17:35:25Z,0.052553815767169
2023-12-18T22:32:47Z,0.3322989791631698
2023-12-18T22:48:54Z,0.0105664934962987
2023-12-19T02:57:59Z,-0.9191534724086524
2023-12-18T12:53:56Z,0.0841179806739091
2023-12-19T08:53:37Z,-0.3339774925261736
2023-12-19T11:02:05Z,-0.0721821300685405
2023-12-19T13:22:20Z,0.372119465842843
2023-12-19T14:01:35Z,0.8672712352126837
2023-12-19T14:34:49Z,0.8380331005901098
2023-12-19T15:23:35Z,0.4942138493061065
2023-12-19T16:18:26Z,0.0212740637362003
2023-12-19T16:51:48Z,0.803330197930336
2023-12-19T18:08:54Z,-0.1199972461909055
2023-12-19T18:55:17Z,-0.1054655611515045
2023-12-19T21:23:10Z,-0.9393972577527164
2023-12-19T21:55:28Z,0.136906343512237
2023-12-20T08:58:08Z,0.0285755116492509
2023-12-20T12:57:51Z,0.2127653714269399
2023-12-20T14:28:09Z,-0.1166320145130157
2023-12-20T15:22:13Z,-0.0013728011399507
2023-12-20T15:49:06Z,0.0892658084630966
2023-12-20T17:35:35Z,0.052553815767169
2023-12-20T17:36:23Z,-0.0737919472157955
2023-12-21T00:10:12Z,0.1310957763344049
2023-12-21T02:06:05Z,0.0087415277957916
2023-12-21T02:20:36Z,-0.717827320098877
2023-12-21T10:19:18Z,0.1471660565584898
2023-12-21T10:49:14Z,-0.718150295317173
2023-12-21T10:53:47Z,0.1278308723121881
2023-12-21T12:08:10Z,0.9064087849110364
2023-12-21T14:03:07Z,0.0407172013074159
2023-12-21T14:40:42Z,-0.6903699934482574
2023-12-21T15:00:48Z,0.7608389370143414
2023-12-21T15:02:05Z,0.050566928461194
2023-12-21T15:58:34Z,-0.806181788444519
2023-12-21T16:18:05Z,0.0010684803128242
2023-12-21T17:35:30Z,0.052553815767169
2023-12-21T19:23:22Z,-0.9272833820432425
2023-12-21T22:10:28Z,-0.0124167501926422
2023-12-22T00:27:06Z,0.0071684755384922
2023-12-22T10:32:47Z,-0.9282707050442696
2023-12-22T10:37:35Z,0.5226464457809925
2023-12-22T11:04:08Z,-0.0795527473092079
2023-12-22T12:19:02Z,0.5419621681794524
2023-12-22T13:30:36Z,0.0435902755707502
2023-12-22T13:48:02Z,0.1202609352767467
2023-12-22T15:10:22Z,-0.0007607247680425
2023-12-22T17:17:19Z,0.7684922954067588
2023-12-22T17:35:15Z,-0.0039224773645401
2023-12-22T19:04:15Z,0.0674943113699555
2023-12-22T21:21:17Z,0.3535139122977853
2023-12-23T02:06:10Z,0.669859223999083
2023-12-23T05:10:02Z,0.1612073630094528
2023-12-23T17:48:36Z,0.0629784353077411
2023-12-24T14:00:10Z,0.0869581196457147
2023-12-25T17:35:13Z,0.052553815767169
2023-12-26T07:11:40Z,0.0057550445199012
2023-12-26T08:43:23Z,0.7119457367807627
2023-12-26T14:18:05Z,-0.02409029006958
2023-12-26T15:15:16Z,-0.0470790639519691
2023-12-26T15:45:31Z,0.0015387777239084
2023-12-26T16:32:53Z,0.1406447729095816
2023-12-26T17:29:17Z,0.8786415457725525
2023-12-26T17:35:15Z,-0.0039224773645401
2023-12-26T21:05:50Z,-0.9437785604968668
2023-12-27T06:38:11Z,0.6405100859701633
2023-12-27T09:01:49Z,0.2121259877458214
2023-12-27T10:09:13Z,-0.2651664987206459
2023-12-27T13:19:56Z,-0.38268150575459
2023-12-27T14:04:07Z,-0.9043937083333732
2023-12-27T14:18:09Z,-0.9293273463845252
2023-12-27T15:41:39Z,0.0002196300774812
2023-12-27T16:37:05Z,0.8383052982389927
2023-12-27T17:29:11Z,0.0752024874091148
2023-12-27T17:35:15Z,-0.0039224773645401
2023-12-27T18:01:08Z,-0.0144586339592933
2023-12-28T02:41:10Z,0.0149356983602046
2023-12-28T06:58:50Z,0.7845833078026772
2023-12-28T10:55:58Z,0.0286058997735381
2023-12-28T11:47:07Z,-0.8718498069792986
2023-12-28T12:28:24Z,-0.1359515637159347
2023-12-28T12:32:22Z,0.8965466618537903
2023-12-28T13:29:16Z,0.0282712075859308
2023-12-28T13:35:57Z,0.0250925756990909
2023-12-28T14:04:07Z,0.0008992105722427
2023-12-28T15:51:32Z,0.0021730959415435
2023-12-28T16:37:43Z,0.1848886897787451
2023-12-28T17:07:47Z,0.8574089431203902
2023-12-28T17:35:14Z,-0.0039224773645401
2023-12-28T19:09:49Z,0.0093518011271953
2023-12-28T23:40:35Z,0.1274416800588369
2023-12-29T09:11:30Z,0.0216866210103034
2023-12-29T13:34:30Z,0.0171309038996696
2023-12-29T14:05:28Z,-0.6259399019181728
2023-12-29T16:19:21Z,0.1076164320111274
2023-12-29T15:21:05Z,0.0013277269899845
2023-12-29T17:35:14Z,-0.0039224773645401
2023-12-29T19:12:04Z,-0.9142812117934228
2023-12-29T21:01:08Z,0.7925001829862595
2023-12-29T11:02:01Z,0.0732809342443943
2023-12-30T17:23:40Z,0.0456786733120679
2024-01-01T14:31:10Z,0.0207900088280439
2024-01-01T16:00:50Z,0.1201139250770211
2024-01-02T02:00:46Z,0.9282959904521704
2024-01-02T07:26:35Z,0.1134760752320289
2024-01-02T09:58:05Z,-0.0073433443903923
2024-01-02T10:57:40Z,0.0374340955168008
2024-01-02T15:01:02Z,0.6489964202046394
2024-01-02T15:15:37Z,-0.0002529677003622
2024-01-02T15:32:40Z,0.7012804541736841
2024-01-02T15:36:36Z,0.1855951212346553
2024-01-02T16:06:19Z,0.0428697206079959
2024-01-02T17:02:45Z,-0.5547362677752972
2024-01-02T17:35:18Z,-0.0039224773645401
2024-01-02T20:51:02Z,0.0571937710046768
2024-01-02T21:34:29Z,-0.7014911100268364
2024-01-03T01:57:46Z,-0.1100655347108841
2024-01-03T09:51:22Z,-0.8607919570058584
2024-01-03T13:06:24Z,0.49376130849123
2024-01-03T14:21:57Z,-0.3891741633415222
2024-01-03T14:50:34Z,-0.9068764885887504
2024-01-03T15:39:20Z,-0.0003125127404928
2024-01-03T16:14:33Z,0.064600383862853
2024-01-03T16:29:44Z,0.0333469603210687
2024-01-03T17:20:16Z,0.5705158542841673
2024-01-03T17:35:14Z,0.052553815767169
2024-01-03T19:16:44Z,0.0764469597488641
2024-01-03T19:42:54Z,0.5607281466946006
2024-01-04T09:43:25Z,0.2309640310704708
2024-01-04T13:14:09Z,0.0121591426432132
2024-01-04T14:45:10Z,-0.0006033144891262
2024-01-04T16:07:59Z,-0.4372364580631256
2024-01-04T17:29:01Z,0.7979891113936901
2024-01-04T17:35:13Z,0.052553815767169
2024-01-04T18:23:05Z,0.0560495825484395
2024-01-04T20:15:55Z,-0.6388625726103783
2024-01-04T22:06:32Z,-0.9611926032230258
2024-01-05T02:07:36Z,0.9173939041793346
2024-01-05T09:24:25Z,-0.366331048309803
2024-01-05T08:30:03Z,0.8140688221901655
2024-01-05T11:17:27Z,0.0530501557514071
2024-01-05T12:10:04Z,0.0742971794679761
2024-01-05T13:57:40Z,-0.043443638831377
2024-01-05T15:46:54Z,-0.0004522260278463
2024-01-05T17:59:09Z,-0.561247743666172
2024-01-05T18:14:27Z,0.0301450937986373
2024-01-05T20:39:16Z,-0.0855483710765838
2024-01-07T11:01:10Z,-0.7020262610167265
2024-01-07T20:20:15Z,-0.8292654640972614
2024-01-08T09:22:56Z,0.9177108369767666
2024-01-08T11:33:48Z,0.0374340955168008
2024-01-08T14:27:12Z,0.9021540116518736
2024-01-08T15:05:05Z,0.7903105150908232
2024-01-08T15:06:47Z,0.0871058898046612
2024-01-08T15:39:16Z,-0.0006493665277957
2024-01-08T15:38:39Z,0.6045387871563435
2024-01-08T17:35:19Z,-0.0039224773645401
2024-01-08T18:01:03Z,-0.0557575337588787
2024-01-09T02:19:53Z,-0.4170730784535408
2024-01-09T06:39:43Z,0.726642869412899
2024-01-09T08:23:40Z,0.1552132042124867
2024-01-09T10:40:42Z,0.3242349484935403
2024-01-09T13:35:10Z,-0.0173817593604326
2024-01-09T14:14:38Z,0.0220132190734148
2024-01-09T15:58:43Z,-0.7470639571547508
2024-01-09T16:10:42Z,-0.0016530305147171
2024-01-09T16:16:44Z,0.1111286282539367
2024-01-09T16:28:17Z,0.7027259990572929
2024-01-09T16:46:17Z,0.8906546831130981
2024-01-09T17:12:42Z,-0.5641332715749741
2024-01-09T17:35:19Z,-0.0039224773645401
2024-01-09T17:48:37Z,0.563848165795207
2024-01-10T03:32:17Z,-0.73064886033535
2024-01-10T03:32:19Z,-0.7640576772391796
2024-01-09T09:53:28Z,0.1056945817545056
2024-01-10T08:18:43Z,0.4186913482844829
2024-01-10T09:47:07Z,0.7144117197021842
2024-01-10T12:40:48Z,0.0773675525560975
2024-01-10T15:01:25Z,0.0471145920455455
2024-01-10T15:45:11Z,-0.137711014598608
2024-01-10T16:03:50Z,-0.0017381608486175
2024-01-10T17:34:37Z,0.0922190826386213
2024-01-10T17:35:14Z,0.052553815767169
2024-01-10T20:46:37Z,-0.660582160577178
2024-01-11T00:06:59Z,-0.2348989658057689
2024-01-11T02:09:10Z,0.3214776711538434
2024-01-11T06:58:04Z,-0.9554019281640648
2024-01-11T07:28:16Z,-0.9419084303081036
2024-01-10T11:56:15Z,0.4934397032484412
2024-01-11T08:01:21Z,-0.7292634146288037
2024-01-11T12:17:51Z,-0.9356558378785848
2024-01-11T14:48:39Z,-0.2435417771339416
2024-01-11T14:56:56Z,-0.0023503601551055
2024-01-11T12:27:15Z,-0.0492220036685466
2024-01-11T15:35:54Z,0.5957117937505245
2024-01-11T15:54:28Z,0.4306490588933229
2024-01-11T16:01:30Z,0.3609342183917761
2024-01-11T17:35:14Z,-0.0039224773645401
2024-01-11T19:10:46Z,-0.7785855736583471
2024-01-11T20:18:26Z,0.926290350034833
2024-01-11T20:21:52Z,0.0305763911455869
2024-01-11T20:25:35Z,-0.0720462575554847
2024-01-11T21:42:46Z,-0.6590417250990868
2024-01-12T01:21:52Z,-0.0938033238053321
2024-01-12T05:58:51Z,0.1090349853038787
2024-01-12T10:48:43Z,0.0319813303649425
2024-01-12T12:44:51Z,-0.1229215189814567
2024-01-12T12:59:56Z,-0.941853585653007
2024-01-12T15:22:33Z,-0.0019703935831785
2024-01-12T19:52:04Z,0.049422338604927
2024-01-12T21:35:56Z,-0.9057515170425176
2024-01-13T09:55:23Z,0.0551913511008024
2024-01-13T15:03:28Z,0.0214638095349073
2024-01-15T06:22:55Z,-0.9585922947153448
2024-01-15T14:00:44Z,0.032648766413331
2024-01-15T21:28:38Z,0.2323077926412224
2024-01-15T21:45:50Z,0.238609435968101
2024-01-16T03:43:38Z,0.3182208845391869
2024-01-16T06:13:06Z,0.0203440859913826
2024-01-16T06:35:18Z,0.7388425245881081
2024-01-16T07:08:41Z,0.8751973249018192
2024-01-16T08:01:30Z,0.8073686407878995
2024-01-16T13:08:13Z,0.1836683424189686
2024-01-16T13:25:02Z,-0.2187278568744659
2024-01-16T14:15:56Z,-0.0262200757861137
2024-01-16T14:33:32Z,0.2697388269007206
2024-01-16T14:41:07Z,0.8887002989649773
2024-01-16T15:55:07Z,0.1902150800451636
2024-01-16T15:56:54Z,0.0750297615304589
2024-01-16T16:10:04Z,0.0557876583188772
2024-01-16T16:17:05Z,-0.0228841826319694
2024-01-16T17:07:56Z,0.1622685492038726
2024-01-17T01:27:42Z,-0.1593773663043975
2024-01-17T05:56:08Z,0.1302942056208849
2024-01-17T14:07:38Z,0.323487407527864
2024-01-17T14:15:23Z,0.0074724368751049
2024-01-17T14:21:11Z,0.9330104775726796
2024-01-17T14:52:26Z,-0.8792335744947195
2024-01-17T14:56:21Z,-0.4977793544530868
2024-01-17T15:51:58Z,0.2179674729704857
2024-01-17T15:54:14Z,0.0906481053680181
2024-01-17T17:35:14Z,-0.0039224773645401
2024-01-17T19:55:45Z,-0.8642444107681513
2024-01-17T20:18:02Z,0.3625626396387815
2024-01-17T22:52:09Z,-0.0511716231703758
2024-01-18T02:43:38Z,0.0352280512452125
2024-01-18T07:38:57Z,-0.670437328517437
2024-01-18T10:48:32Z,0.8097148574888706
2024-01-18T13:25:11Z,-0.9442477039992808
2024-01-18T13:42:56Z,0.0250110812485218
2024-01-18T14:31:56Z,0.0416223080828785
2024-01-18T14:44:18Z,0.7288763970136642
2024-01-18T14:49:39Z,0.881864819675684
2024-01-18T16:00:40Z,0.1668409071862697
2024-01-18T16:30:45Z,0.03049479983747
2024-01-18T17:35:10Z,0.052553815767169
2024-01-18T18:19:54Z,0.0971421925351023
2024-01-18T19:37:34Z,0.875094132963568
2024-01-18T20:08:18Z,0.8375493437051773
2024-01-19T04:50:43Z,0.1921660155057907
2024-01-19T08:26:43Z,0.3536178031936288
2024-01-19T14:12:22Z,-0.0249359905719757
2024-01-19T17:13:24Z,0.4437973983585834
2024-01-19T17:35:15Z,-0.0039224773645401
2024-01-19T18:24:40Z,0.0401157699525356
2024-01-19T19:12:15Z,0.8822285644710064
2024-01-19T19:22:18Z,0.0349806938320398
2024-01-19T20:24:38Z,-0.8621786469593644
2024-01-19T21:03:57Z,-0.4744514673948288
2024-01-19T22:00:58Z,-0.4113361649215221
2024-01-20T02:02:51Z,-0.9390089204534888
2024-01-20T18:51:05Z,0.1420345334336161
2024-01-21T09:51:13Z,0.0641780449077487
2024-01-22T02:45:04Z,0.79157555103302
2024-01-22T10:54:35Z,0.0827929740771651
2024-01-22T13:35:56Z,-0.0802790597081184
2024-01-22T14:14:17Z,-0.0263406801968812
2024-01-22T16:56:38Z,0.8020608630031347
2024-01-22T17:35:15Z,0.052553815767169
2024-01-22T18:59:05Z,0.0334586035460233
2024-01-22T20:05:16Z,0.0415596906095743
2024-01-22T23:37:48Z,-0.0124796144664287
2024-01-23T03:02:12Z,-0.286642724648118
2024-01-23T04:19:53Z,0.365732479840517
2024-01-23T08:03:02Z,-0.7924366518855095
2024-01-23T13:54:17Z,0.4576803054660558
2024-01-23T16:30:41Z,0.0223099067807197
2024-01-23T18:00:39Z,-0.0498550105839967
2024-01-23T18:35:22Z,0.0230976305902004
2024-01-23T20:00:42Z,-0.0195130296051502
2024-01-23T21:10:39Z,0.1300593074411153
2024-01-23T21:25:50Z,-0.067077849060297
2024-01-23T22:06:56Z,0.8416218585334718
2024-01-24T00:09:52Z,0.1554785370826721
2024-01-24T03:45:10Z,-0.184784896671772
2024-01-23T07:08:26Z,-0.5250821374356747
2024-01-19T11:57:48Z,-0.5982691198587418
2024-01-24T09:31:16Z,0.2404133705422282
2024-01-24T13:05:39Z,0.000499153509736
2024-01-24T14:37:40Z,0.008230110630393
2024-01-24T17:35:13Z,0.052553815767169
2024-01-24T17:55:20Z,0.8575357869267464
2024-01-24T19:07:58Z,0.5501052811741829
2024-01-24T19:15:25Z,0.0397685151547193
2024-01-24T19:38:31Z,-0.1833022125065326
2024-01-24T21:10:52Z,-0.9094563638791442
2024-01-24T21:33:45Z,0.6759971622377634
2024-01-24T21:55:42Z,-0.9593129344284534
2024-01-25T05:16:08Z,-0.0190561078488826
2024-01-25T07:30:24Z,-0.8962151380255818
2024-01-25T10:17:09Z,-0.1229215189814567
2024-01-25T11:41:38Z,0.6170369163155556
2024-01-25T14:55:31Z,-0.6250950712710619
2024-01-25T15:18:17Z,-0.952053521759808
2024-01-25T15:41:56Z,-0.9046471556648612
2024-01-25T17:06:13Z,-0.3657454252243042
2024-01-25T17:35:14Z,0.052553815767169
2024-01-25T17:25:01Z,0.0572553854435682
2024-01-25T18:38:50Z,0.2989491112530231
2024-01-25T18:41:40Z,0.1846376899629831
2024-01-25T18:42:29Z,-0.8376391604542732
2024-01-25T19:08:00Z,-0.5603845547884703
2024-01-25T19:17:33Z,-0.2908926643431186
2024-01-25T21:15:17Z,0.1481250450015068
2024-01-25T21:16:59Z,0.8847178816795349
2024-01-26T06:11:24Z,-0.4615941420197487
2024-01-26T09:56:39Z,0.7694418393075466
2024-01-26T12:21:07Z,0.8673785775899887
2024-01-26T12:59:51Z,0.8623535633087158
2024-01-26T15:00:45Z,0.1256279107183218
2024-01-26T15:16:17Z,-0.0015328880399465
2024-01-26T15:30:42Z,0.0430569993332028
2024-01-26T16:26:26Z,-0.4790593925863504
2024-01-26T17:35:14Z,0.052553815767169
2024-01-26T17:52:23Z,-0.9302759487181902
2024-01-26T19:10:02Z,0.6012484133243561
2024-01-26T21:23:32Z,0.0060441941022872
2024-01-27T10:26:18Z,-0.0032965540885925
2024-01-28T12:27:57Z,0.0067277308553457
2024-01-29T01:31:46Z,-0.932146180421114
2024-01-29T03:45:08Z,-0.5367667227983475
2024-01-29T10:51:00Z,0.0560761541128158
2024-01-29T12:10:06Z,0.1401849631220102
2024-01-29T12:23:09Z,-0.0134658813476562
2024-01-29T12:54:37Z,0.8081052880734205
2024-01-29T13:10:08Z,0.4608833529055118
2024-01-29T14:02:53Z,0.8932476975023746
2024-01-29T14:21:47Z,-0.0269233025610446
2024-01-29T15:23:08Z,-0.2782369330525398
2024-01-29T15:46:15Z,0.0979390712454915
2024-01-29T16:00:20Z,0.0570294596254825
2024-01-29T15:59:35Z,-0.0015682019293308
2024-01-29T16:49:25Z,0.849708054214716
2024-01-29T17:22:20Z,-0.8179437573999166
2024-01-29T17:35:16Z,-0.0039224773645401
2024-01-29T18:57:41Z,-0.1548841074109077
2024-01-29T20:57:20Z,-0.0374932698905468
2024-01-29T22:39:31Z,-0.0093169137835502
2024-01-30T01:37:40Z,-0.9201261280104518
2024-01-30T02:38:12Z,-0.95417276956141
2024-01-30T01:58:29Z,-0.0252101048827171
2024-01-30T07:00:22Z,-0.9515113085508348
2024-01-30T07:55:30Z,0.0164033342152833
2024-01-30T08:03:45Z,0.7876613885164261
2024-01-30T08:07:37Z,0.9316902365535498
2024-01-30T10:08:33Z,-0.0802242793142795
2024-01-30T10:36:48Z,0.6103950766846538
2024-01-30T12:25:51Z,-0.9487063577398658
2024-01-30T14:04:27Z,-0.9228918477892876
2024-01-30T14:03:00Z,0.0546188643202185
2024-01-30T14:37:36Z,-0.0260095912963151
2024-01-30T14:45:11Z,0.250531941652298
2024-01-30T15:09:36Z,0.5659458935260773
2024-01-30T16:02:54Z,-0.0012386087328195
2024-01-30T16:18:34Z,0.0835736347362399
2024-01-30T17:35:15Z,0.052553815767169
2024-01-30T17:43:45Z,0.5879495311528444
2024-01-30T18:11:45Z,0.2515184283256531
2024-01-30T18:31:53Z,-0.5680742710828781
2024-01-30T18:36:22Z,0.8856308050453663
2024-01-30T20:06:29Z,0.1804946670308709
2024-01-30T21:03:25Z,0.3105761408805847
2024-01-30T21:05:15Z,0.1834594346582889
2024-01-30T21:18:56Z,0.2574979718774557
2024-01-30T22:07:06Z,-0.0916239377111196
2024-01-30T22:34:24Z,0.7194962752982974
2024-01-31T00:44:03Z,-0.620313061401248
2024-01-31T03:30:58Z,-0.7553415261209011
2024-01-31T02:44:00Z,-0.010644432157278
2024-01-31T05:22:00Z,0.7851934898644686
2024-01-31T05:59:20Z,0.1426901249215006
2024-01-31T07:38:30Z,-0.73690190538764
2024-01-31T08:56:23Z,0.0306675061583518
2024-01-31T09:12:03Z,0.0032645165920257
2024-01-31T09:48:15Z,-0.0273277405649423
2024-01-31T10:03:23Z,0.7617923961952329
2024-01-31T10:11:42Z,-0.0966325476765632
2024-01-31T10:52:38Z,0.848845774307847
2024-01-31T11:22:42Z,0.8803852163255215
2024-01-31T11:34:52Z,0.8617572002112865
2024-01-31T12:22:27Z,0.0264468267560005
2024-01-31T12:31:07Z,0.0862886607646942
2024-01-31T12:36:51Z,0.8787971548736095
2024-01-31T12:46:52Z,-0.8673574030399323
2024-01-31T13:13:45Z,0.8708811993710697
2024-01-31T13:20:27Z,-0.7963812313973904
2024-01-31T14:01:51Z,-0.6694052126258612
2024-01-31T14:19:46Z,-0.0252147782593965
2024-01-31T14:31:23Z,0.8716089241206646
2024-01-31T15:47:32Z,-0.9090827153995632
2024-01-31T16:24:06Z,0.0001045558601617
2024-01-31T16:43:26Z,0.8986047841608524
2024-01-31T17:00:07Z,-0.4280028790235519
2024-01-31T17:10:18Z,0.8851111782714725
2024-01-31T17:10:10Z,-0.941728588193655
2024-01-31T17:17:42Z,0.845647469162941
2024-01-31T17:45:01Z,-0.9202119139954448
2024-01-31T19:40:10Z,-0.9609971269965172
2024-02-01T01:03:16Z,-0.092569462954998
2024-02-01T06:01:17Z,0.6352366283535957
2024-02-01T09:07:56Z,0.0395957455039024
2024-02-01T09:40:18Z,-0.9473074954003096
2024-02-01T10:19:24Z,0.7940017469227314
2024-02-01T11:24:18Z,-0.7452094778418541
2024-02-01T12:27:35Z,0.8310532495379448
2024-02-01T14:26:28Z,-0.024868844076991
2024-02-01T16:07:23Z,-0.0115927252918481
2024-02-01T16:25:58Z,0.0007424857467412
2024-02-01T16:41:48Z,0.8703353628516197
2024-02-01T17:35:18Z,-0.0039224773645401
2024-02-01T18:07:26Z,-0.5761442556977272
2024-02-01T19:23:44Z,0.7809685152024031
2024-02-01T20:13:35Z,-0.0356911793351173
2024-02-01T21:16:48Z,0.1406256295740604
2024-02-02T01:08:07Z,0.1519431676715612
2024-02-02T05:36:22Z,0.0366742052137851
2024-02-02T10:43:26Z,0.9106190679594874
2024-02-02T11:01:22Z,-0.93743700068444
2024-02-02T11:55:54Z,0.0936640501022338
2024-02-01T22:18:56Z,-0.9317665621638298
2024-02-02T13:50:43Z,0.2820530775934458
2024-02-02T13:58:26Z,0.8453889060765505
2024-02-02T14:15:51Z,-0.0255023352801799
2024-02-02T14:48:32Z,0.3497803891077637
2024-02-02T14:36:55Z,-0.4621174335479736
2024-02-02T15:40:54Z,-0.0001363977789878
2024-02-02T17:32:40Z,-0.9254429265856744
2024-02-02T18:17:58Z,0.8294759765267372
2024-02-02T19:38:00Z,0.7961684027686715
2024-02-02T21:07:05Z,-0.833427008241415
2024-02-03T09:02:10Z,0.58544478751719
2024-02-03T13:37:30Z,0.1009908355772495
2024-02-03T14:00:32Z,0.0464785117655992
2024-02-03T20:25:55Z,0.0577073637396097
2024-02-05T03:45:41Z,0.0743267005309462
2024-02-05T12:26:58Z,-0.1479079946875572
2024-02-05T15:08:51Z,0.8531408356502652
2024-02-05T14:44:34Z,0.8833194775506854
2024-02-05T15:45:27Z,-0.0005126595497131
2024-02-05T16:00:12Z,0.1420744508504867
2024-02-05T16:58:56Z,-0.593815840780735
2024-02-05T17:35:15Z,-0.0039224773645401
2024-02-05T21:13:32Z,-0.7390606198459864
2024-02-05T22:24:51Z,0.0253512524068355
2024-02-05T23:13:08Z,0.1309463931247592
2024-02-06T08:31:21Z,-0.695340059697628
2024-02-06T12:06:05Z,0.8787087444216013
2024-02-06T13:16:22Z,0.8021493451669812
2024-02-06T16:31:35Z,0.6397507339715958
2024-02-06T16:42:17Z,-0.0001542065292596
2024-02-06T17:35:14Z,-0.0039224773645401
2024-02-06T18:15:50Z,0.2936510685831308
2024-02-06T19:11:23Z,0.8502955520525575
2024-02-07T12:49:03Z,-0.8110984852537513
2024-02-07T14:13:03Z,0.0091055706143379
2024-02-07T14:17:36Z,-0.938194090500474
2024-02-07T14:48:46Z,-0.949547491967678
2024-02-07T15:49:32Z,-0.001088073477149
2024-02-07T16:42:39Z,0.7010482400655746
2024-02-07T17:21:04Z,0.906451528891921
2024-02-07T17:43:17Z,0.9035197142511606
2024-02-07T17:46:47Z,0.3971359580755234
2024-02-07T18:08:45Z,-0.0769756697118282
2024-02-07T18:40:42Z,-0.3024465106427669
2024-02-07T22:23:23Z,-0.3973162434995174
2024-02-07T22:41:07Z,0.0493698436766862
2024-02-08T02:45:02Z,0.7468874007463455
2024-02-08T06:14:49Z,0.1291499845683574
2024-02-08T12:57:19Z,0.3891904968768358
2024-02-08T13:05:25Z,0.0192791875451803
2024-02-08T13:15:58Z,0.1122072953730821
2024-02-08T14:28:01Z,-0.0374984554946422
2024-02-08T14:59:49Z,-0.9573583118617536
2024-02-08T15:16:30Z,0.0211818516254425
2024-02-08T16:29:48Z,0.068122467957437
2024-02-08T15:11:33Z,-0.0004605893045663
2024-02-08T17:35:16Z,0.052553815767169
2024-02-08T17:50:28Z,-0.9383183950558304
2024-02-08T18:00:08Z,-0.0385108292102813
2024-02-08T19:41:09Z,-0.6068813912570477
2024-02-08T21:33:09Z,-0.2823355197906494
2024-02-08T22:38:21Z,-0.919207364320755
2024-02-09T02:34:01Z,0.3220221698284149
2024-02-09T11:00:37Z,-0.4010843299329281
2024-02-09T12:36:24Z,0.2012678738683462
2024-02-09T12:38:00Z,0.0788712874054908
2024-02-09T13:59:33Z,0.5272168470546603
2024-02-09T15:08:43Z,0.7419615834951401
2024-02-09T15:13:56Z,-0.0014421436935663
2024-02-09T16:41:12Z,-0.4621174335479736
2024-02-09T16:41:39Z,-0.0233647562563419
2024-02-09T16:50:44Z,-0.4165575616061687
2024-02-09T17:35:25Z,0.052553815767169
2024-02-09T18:44:10Z,0.6080833235755563
2024-02-09T19:51:32Z,0.0664864517748355
2024-02-09T21:08:19Z,-0.7834983766078949
2024-02-09T22:14:14Z,-0.9493092261254787
2024-02-10T03:59:07Z,-0.0516328439116478
2024-02-10T13:39:10Z,0.0447220727801322
2024-02-11T05:41:56Z,0.0836258232593536
2024-02-11T15:13:02Z,0.002420013770461
2024-02-11T15:40:45Z,0.0273011550307273
2024-02-11T18:55:00Z,0.3472743034362793
2024-02-12T07:01:05Z,-0.9275992326438428
2024-02-12T14:47:12Z,0.0509509555995464
2024-02-12T14:53:19Z,0.0150994192808866
2024-02-12T15:38:07Z,-0.0015850737690925
2024-02-12T16:37:03Z,0.0199176110327243
2024-02-12T17:08:16Z,0.7016419842839241
2024-02-12T17:14:05Z,0.0347430519759655
2024-02-12T18:40:48Z,-0.0483667384833097
2024-02-12T18:54:56Z,0.1385673731565475
2024-02-12T19:45:30Z,-0.900635838508606
2024-02-13T12:27:34Z,-0.0297203436493873
2024-02-13T13:08:05Z,0.2233378645032644
2024-02-13T13:42:32Z,-0.1131185851991176
2024-02-13T14:26:44Z,-0.001422930508852
2024-02-13T14:30:16Z,-0.8964412696659565
2024-02-13T14:30:19Z,-0.9188343742862344
2024-02-13T15:45:55Z,0.4086769595742225
2024-02-13T16:05:47Z,0.6678204154595733
2024-02-13T16:06:20Z,0.8330915812402964
2024-02-13T17:35:20Z,0.052553815767169
2024-02-13T19:28:15Z,0.0812127813696861
2024-02-13T20:58:49Z,-0.915576407685876
2024-02-13T22:42:08Z,-0.0123377069830894
2024-02-14T12:52:03Z,-0.9376992043107748
2024-02-14T15:22:10Z,-0.0007834117859601
2024-02-14T16:03:37Z,-0.0318700522184371
2024-02-14T16:18:56Z,0.0494390502572059
2024-02-14T18:18:52Z,-0.3100407123565674
2024-02-14T19:06:47Z,0.9423375483602284
2024-02-14T20:00:34Z,0.1478017047047615
2024-02-15T03:39:35Z,-0.8965230230242014
2024-02-15T04:20:07Z,0.023039873689413
2024-02-15T05:07:09Z,0.7816679561510682
2024-02-15T09:20:17Z,0.5345008401200175
2024-02-15T14:31:52Z,0.012500911951065
2024-02-15T14:48:08Z,-0.9502988243475556
2024-02-15T15:32:40Z,0.934132669121027
2024-02-15T15:53:38Z,-0.0017253682017326
2024-02-15T16:07:42Z,0.9289800534024836
2024-02-15T16:22:17Z,0.8498283345252275
2024-02-15T17:19:30Z,0.0332056637853384
2024-02-15T17:26:11Z,0.142076613381505
2024-02-15T17:35:20Z,-0.0039224773645401
2024-02-15T18:20:28Z,0.1751198610290885
2024-02-15T18:21:35Z,0.2354334248229861
2024-02-15T18:39:03Z,0.7934258887544274
2024-02-15T20:14:36Z,0.2935922527685761
2024-02-15T20:18:54Z,0.0267228484153747
2024-02-15T20:56:07Z,0.6846823375672102
2024-02-15T21:07:14Z,0.2799252215772867
2024-02-15T21:53:18Z,0.8914259243756533
2024-02-15T22:19:34Z,-0.7426317147910595
2024-02-16T09:41:26Z,-0.8558340184390545
2024-02-16T11:22:48Z,0.6936421655118465
2024-02-16T12:26:54Z,0.8022989183664322
2024-02-16T15:37:24Z,-0.0010737292468547
2024-02-16T16:05:55Z,-0.8394098542630672
2024-02-16T16:32:55Z,0.0082742609083652
2024-02-16T16:47:09Z,-0.4621174335479736
2024-02-16T17:27:59Z,0.5307351592928171
2024-02-15T20:09:22Z,0.8064589705318213
2024-02-16T18:37:41Z,-0.9293391853570938
2024-02-16T19:21:17Z,0.0234974771738052
2024-02-16T20:18:36Z,-0.920929699204862
2024-02-16T21:29:26Z,0.0774336755275726
2024-02-16T22:13:20Z,0.1467309994623065
2024-02-17T03:53:53Z,0.077839738689363
2024-02-17T07:54:12Z,0.1860466226935386
2024-02-17T21:14:12Z,-0.4690479189157486
2024-02-18T08:08:58Z,0.0356069169938564
2024-02-16T14:28:49Z,-0.2138341329991817
2024-02-19T16:00:12Z,0.1668409071862697
2024-02-19T17:35:19Z,-0.0039224773645401
2024-02-19T21:23:36Z,-0.0636028759181499
2024-02-20T06:39:15Z,0.7139570713043213
2024-02-20T12:01:56Z,-0.68954898416996
2024-02-20T12:24:20Z,-0.6729503311216831
2024-02-20T12:53:04Z,-0.2467172369360923
2024-02-20T13:13:35Z,0.9377269558608532
2024-02-20T13:30:25Z,-0.9376045167446136
2024-02-20T14:02:07Z,0.8484439505264163
2024-02-20T15:04:15Z,-0.0015713330358266
2024-02-20T16:03:52Z,0.4422994358465075
2024-02-20T16:35:29Z,-0.0420937240123748
2024-02-20T17:35:10Z,0.052553815767169
2024-02-20T19:28:23Z,0.0367437377572059
2024-02-20T23:01:11Z,0.90133648365736
2024-02-20T23:07:33Z,0.881217323243618
2024-02-21T12:28:39Z,-0.4680289700627327
2024-02-21T13:17:07Z,-0.1293454580008983
2024-02-21T14:23:05Z,-0.6279331017285585
2024-02-21T15:08:13Z,-0.0006274804472923
2024-02-21T15:23:20Z,0.0004310626536607
2024-02-21T17:02:56Z,0.0622105002403259
2024-02-21T17:35:15Z,0.052553815767169
2024-02-21T18:24:40Z,0.0933619067072868
2024-02-21T18:31:30Z,0.6622377680614591
2024-02-21T19:20:28Z,0.1069955714046955
2024-02-21T22:38:56Z,0.0242964662611484
2024-02-22T02:30:12Z,0.6142692249268293
2024-02-22T11:33:06Z,-0.9039022848010064
2024-02-22T13:15:55Z,-0.0015574004501104
2024-02-22T13:39:52Z,0.8942383415997028
2024-02-22T14:28:38Z,-0.4436130560934543
2024-02-22T17:03:27Z,-0.6341519374400377
2024-02-22T17:22:12Z,-0.0132502689957618
2024-02-22T17:42:04Z,-0.1083560585975647
2024-02-22T18:58:01Z,0.3507283702492714
2024-02-22T19:37:00Z,0.9258204083889724
2024-02-22T21:43:31Z,0.892710454761982
2024-02-22T21:43:16Z,0.5751563161611557
2024-02-23T07:11:36Z,0.8706912640482187
2024-02-23T14:00:42Z,0.1303454348817467
2024-02-23T14:24:38Z,0.8467667084187269
2024-02-23T16:20:55Z,-0.0018128342926502
2024-02-23T16:35:55Z,0.2139997109770774
2024-02-23T17:35:15Z,0.052553815767169
2024-02-23T18:36:15Z,-0.3668996691703796
2024-02-24T07:35:57Z,0.4508391730487346
2024-02-24T08:25:42Z,-0.4850967861711979
2024-02-26T01:31:00Z,-0.705359073355794
2024-02-26T02:17:34Z,0.4053695537149906
2024-02-26T11:41:38Z,-0.1740454956889152
2024-02-26T14:15:44Z,-0.0251276120543479
2024-02-26T15:11:01Z,-0.0008567553013563
2024-02-26T16:31:45Z,0.3369564646854996
2024-02-26T16:56:59Z,0.0251919459551572
2024-02-26T16:56:15Z,-0.9396075922995806
2024-02-26T17:21:14Z,0.0620994959026575
2024-02-26T17:35:15Z,0.052553815767169
2024-02-26T19:44:43Z,-0.7831816524267197
2024-02-26T20:16:46Z,-0.908222995698452
2024-02-27T01:56:24Z,0.0429588984698057
2024-02-27T14:03:37Z,0.8446506690233946
2024-02-27T15:19:36Z,-0.0022284761071205
2024-02-26T18:42:13Z,0.7524420693516731
2024-02-27T16:33:17Z,-0.753065250813961
2024-02-27T17:30:25Z,-0.9552550921216608
2024-02-27T17:40:44Z,-0.957927125506103
2024-02-27T18:27:09Z,0.9091075491160154
2024-02-27T19:36:29Z,-0.9586965227499604
2024-02-27T21:05:28Z,-0.8374783303588629
2024-02-27T23:41:12Z,-0.0114072561264038
2024-02-28T08:51:15Z,-0.3970472514629364
2024-02-28T12:54:28Z,0.2854923084378242
2024-02-28T13:53:22Z,0.8293219935148954
2024-02-28T15:38:43Z,-0.000286815688014
2024-02-28T15:52:56Z,0.6932840645313263
2024-02-28T16:05:02Z,0.0548111665993928
2024-02-28T17:19:37Z,-0.0052690804004669
2024-02-28T18:28:36Z,-0.9348301868885756
2024-02-28T18:37:22Z,0.642668941989541
2024-02-28T19:15:25Z,-0.3169920071959495
2024-02-29T01:38:47Z,0.0933348573744297
2024-02-29T07:25:10Z,0.7853502687066793
2024-02-29T10:20:34Z,0.7035385239869356
2024-02-29T12:59:34Z,0.89209536742419
2024-02-29T14:03:34Z,-0.9435642305761576
2024-02-29T14:07:52Z,-0.9103510398417712
2024-02-29T15:20:03Z,-0.0010732877999544
2024-02-29T16:47:53Z,-0.096248373389244
2024-02-29T16:46:26Z,0.4513485208153724
2024-02-29T17:06:38Z,0.6451555006206036
2024-02-29T17:45:27Z,0.8426992911845446
2024-02-29T18:36:24Z,0.8059389758855104
2024-03-01T09:05:33Z,0.1892382055521011
2024-03-01T10:59:54Z,0.1687644403427839
2024-03-01T11:19:01Z,0.256593438796699
2024-03-01T12:26:22Z,0.7508162809535861
2024-03-01T10:27:29Z,-0.8945017047226429
2024-03-01T14:24:48Z,0.7666352689266205
2024-03-01T15:13:02Z,-0.0009686965495347
2024-03-01T16:01:28Z,0.8310552900657058
2024-03-01T16:22:39Z,-0.4368961006402969
2024-03-01T17:19:43Z,0.8438219726085663
2024-03-01T17:34:02Z,-0.8453073613345623
2024-03-01T20:06:29Z,-0.0116241239011287
2024-03-01T21:27:59Z,-0.4107497539371252
2024-03-01T21:35:22Z,0.6588365435600281
2024-03-02T09:54:44Z,0.1231726557016372
2024-03-03T04:50:58Z,-0.0811631977558136
2024-03-03T19:57:14Z,0.9161373041570188
2023-12-13T17:28:46Z,0.0205342117697
2024-03-04T07:05:54Z,0.5910464376211166
2024-03-04T09:17:17Z,-0.8510131491348147
2024-03-04T14:31:18Z,0.0290525080636143
2024-03-04T15:21:12Z,-0.9040649868547916
2024-03-04T16:00:12Z,0.4251770600676536
2024-03-04T16:19:21Z,-0.0014117993414402
2024-03-04T16:45:40Z,0.8480202294886112
2024-03-04T17:27:20Z,-0.3689696043729782
2024-03-04T17:35:13Z,0.052553815767169
2024-03-05T11:19:59Z,0.1733194282278418
2024-03-05T13:24:00Z,0.8843629490584135
2024-03-05T13:24:57Z,0.1309022018685937
2024-03-05T15:18:44Z,-0.0013676472008228
2024-03-05T16:12:30Z,-0.0022987835109233
2024-03-05T16:14:19Z,0.7869436293840408
2024-03-05T16:16:57Z,0.345403216779232
2024-03-05T17:02:54Z,-0.56932682543993
2024-03-05T21:08:46Z,0.6810949062928557
2024-03-05T21:39:00Z,0.0325867589563131
2024-03-05T21:45:52Z,0.8108250126242638
2024-03-06T07:28:17Z,0.0066144075244665
2024-03-06T09:19:24Z,-0.5365055501461029
2024-03-06T10:35:29Z,-0.0070177279412746
2024-03-06T12:37:09Z,0.0147498790174722
2024-03-06T13:25:34Z,-0.3358373939990997
2024-03-06T14:38:38Z,0.1090460941195488
2024-03-05T22:11:16Z,0.0240490660071373
2024-03-06T17:03:36Z,0.2434385512024164
2024-03-06T17:35:12Z,0.052553815767169
2024-03-06T17:52:55Z,-0.7391597460955381
2024-03-06T18:20:03Z,0.9176218342036008
2024-03-07T02:31:31Z,-0.9394664354622364
2024-03-07T10:25:26Z,0.5589779065921903
2024-03-07T11:03:41Z,0.886792566627264
2024-03-07T12:27:16Z,-0.9083729311823844
2024-03-07T13:57:54Z,-0.0642221942543983
2024-03-07T15:10:59Z,0.8903651870787144
2024-03-07T16:57:17Z,0.05134236253798
2024-03-07T17:59:31Z,-0.0311598256230354
2024-03-07T18:20:54Z,0.0426707658916711
2024-03-07T19:44:44Z,0.6088885087519884
2024-03-08T05:22:53Z,0.0444503892213106
2024-03-08T13:06:40Z,-0.1664938889443874
2024-03-08T14:24:09Z,-0.0820729713886976
2024-03-08T15:12:42Z,-0.0011188760399818
2024-03-08T15:16:44Z,-0.761559221893549
2024-03-08T15:17:51Z,0.8609138764441013
2024-03-08T15:47:21Z,0.0313511043787002
2024-03-08T21:08:00Z,-0.0206678360700607
2024-03-08T21:19:21Z,0.5471107661724091
2024-03-09T09:05:47Z,-0.9304263703525066
2024-03-09T10:30:22Z,-0.9073596997186542
2024-03-10T11:39:31Z,-0.0206763036549091
2024-03-11T01:11:14Z,-0.9319893112406136
2024-03-11T14:59:56Z,0.1745367869734764
2024-03-11T15:36:10Z,-0.0023388117551803
2024-03-11T15:51:12Z,-0.0004757456481456
2024-03-11T17:06:15Z,0.1693095192313194
2024-03-11T18:42:08Z,0.0925132557749748
2024-03-12T03:01:33Z,-0.8685701414942741
2024-03-12T03:23:16Z,0.0406015366315841
2024-03-12T04:56:04Z,-0.7532983124256134
2024-03-12T09:10:39Z,0.345745287835598
2024-03-12T14:03:37Z,0.1547723151743412
2024-03-12T15:00:04Z,-0.8333980403840542
2024-03-12T15:16:44Z,-0.0021767821162939
2024-03-12T16:34:53Z,0.1177963772788643
2024-03-12T17:03:39Z,0.4113866090774536
2024-03-12T17:35:16Z,0.052553815767169
2024-03-12T18:07:58Z,0.1977239102125167
2024-03-12T17:07:42Z,-0.1003995686769485
2024-03-12T19:04:55Z,-0.6515632420778275
2024-03-13T01:42:53Z,0.9113476350903512
2024-03-13T11:03:15Z,0.0334804449230432
2024-03-13T11:14:54Z,-0.8038788978010416
2024-03-13T12:35:15Z,0.5998070556670427
2024-03-13T14:30:26Z,-0.002076094970107
2024-03-13T15:21:49Z,-0.2480277717113495
2024-03-13T15:34:42Z,-0.6957572791725397
2024-03-13T15:39:22Z,-0.0342578813433647
2024-03-13T15:44:23Z,0.1013087704777717
2024-03-14T08:09:07Z,0.9184492696076632
2024-03-14T08:41:36Z,-0.3204892948269844
2024-03-14T10:53:13Z,-0.5466009248048067
2024-03-14T11:15:31Z,0.9002333795651793
2024-03-14T13:11:23Z,0.0078303217887878
2024-03-14T14:11:02Z,-0.0055325701832771
2024-03-14T15:23:10Z,-0.0014227367937564
2024-03-14T16:30:50Z,0.9303001211956144
2024-03-14T16:47:11Z,-0.9549851957708596
2024-03-14T17:35:18Z,0.052553815767169
2024-03-14T18:33:20Z,0.7574787139892578
2024-03-14T20:02:55Z,-0.9569464409723878
2024-03-15T04:49:28Z,-0.2813355252146721
2024-03-15T10:18:52Z,0.1370725054293871
2024-03-15T11:47:00Z,0.1325074322521686
2024-03-15T12:44:56Z,0.9009677125141023
2024-03-15T13:20:21Z,-0.0247720517218112
2024-03-15T13:33:13Z,0.0105320159345865
2024-03-15T14:45:58Z,-0.0026930291205644
2024-03-15T05:20:12Z,-0.9237420428544284
2024-03-15T15:22:28Z,0.0953241810202598
2024-03-15T17:35:18Z,-0.0039224773645401
2024-03-15T18:06:45Z,-0.7572168558835983
2024-03-15T18:21:34Z,0.8557782769203186
2024-03-15T19:32:22Z,0.0904646608978509
2024-03-15T20:39:37Z,-0.0689464434981346
2024-03-16T12:54:11Z,-0.0040362775325775
2024-03-17T07:15:58Z,-0.0472792908549308
2024-03-18T01:59:24Z,0.1649733567610383
2024-03-18T07:38:51Z,0.1261038044467568
2024-03-18T07:49:38Z,0.3059650044888258
2024-03-18T12:12:39Z,0.1668603718280792
2024-03-18T14:31:17Z,-0.0025772787630558
2024-03-18T15:50:16Z,0.033534076064825
2024-03-18T16:00:12Z,0.1509072994813323
2024-03-18T16:56:03Z,0.36443090159446
2024-03-18T17:27:22Z,0.6205095201730728
2024-03-18T20:31:26Z,0.2175888149067759
2024-03-18T21:16:16Z,0.8998623602092266
2024-03-18T23:11:52Z,0.8949789386242628
2024-03-19T01:38:39Z,0.8100559157319367
2024-03-19T03:10:52Z,0.8040475863963366
2024-03-19T09:08:04Z,-0.0225457847118377
2024-03-19T09:33:51Z,-0.0872343070805072
2024-03-19T12:09:40Z,0.8132737167179585
2024-03-19T14:30:22Z,-0.0022493638098239
2024-03-19T16:11:04Z,0.0398176787421107
2024-03-19T16:11:51Z,0.0796235725283622
2024-03-19T16:23:26Z,-0.4124955907464027
2024-03-19T17:17:13Z,0.876074617728591
2024-03-19T17:35:12Z,0.052553815767169
2024-03-19T18:11:51Z,0.606253270059824
2024-03-19T18:21:51Z,0.1078963596373796
2024-03-19T19:26:23Z,0.7359207794070244
2024-03-19T20:07:32Z,0.0032435916364192
2024-03-20T00:22:59Z,0.0904401717707514
2024-03-20T02:52:11Z,0.9312158757820724
2024-03-20T05:21:32Z,0.044258052483201
2024-03-20T14:01:12Z,0.016582578420639
2024-03-20T14:29:18Z,-0.0021202005445957
2024-03-20T15:32:02Z,-0.3335372190922498
2024-03-20T17:35:13Z,-0.0039224773645401
2024-03-20T17:54:32Z,0.1204476617276668
2024-03-20T19:00:33Z,-0.9615763649344444
2024-03-21T04:56:32Z,-0.9279301827773452
2024-03-21T09:16:14Z,0.6523834699764848
2024-03-21T09:32:55Z,-0.0635808743536472
2024-03-21T11:12:49Z,-0.9401141945272684
2024-03-21T12:14:53Z,0.0008655115962028
2024-03-21T13:56:08Z,0.0734195513650775
2024-03-21T14:26:27Z,-0.0003167875111103
2024-03-21T16:18:45Z,0.138755870051682
2024-03-21T16:43:01Z,0.1415157448500394
2024-03-21T17:35:13Z,-0.0039224773645401
2024-03-21T17:37:45Z,0.246609466150403
2024-03-21T18:02:13Z,0.7831202037632465
2024-03-21T20:44:26Z,0.0091231763362884
2024-03-22T01:49:35Z,-0.9220031853765248
2024-03-22T02:36:53Z,0.0444993712007999
2024-03-22T12:38:09Z,-0.3703761696815491
2024-03-22T14:26:08Z,-0.3996488153934479
2024-03-22T14:35:34Z,-0.0019149519503116
2024-03-22T16:08:11Z,0.8829636387526989
2024-03-22T16:15:18Z,0.5518124839290977
2024-03-22T17:29:00Z,0.864374091848731
2024-03-22T17:35:13Z,0.052553815767169
2024-03-22T17:36:57Z,0.090324766933918
2024-03-24T06:58:25Z,0.033248234540224
2024-03-25T12:08:49Z,-0.9058278249576688
2024-03-25T14:27:31Z,0.4113541841506958
2024-03-25T15:48:07Z,-0.0195130296051502
2024-03-25T15:55:17Z,-0.6680372059345245
2024-03-25T15:58:45Z,-0.0015430431813001
2024-03-25T17:45:51Z,0.21736915782094
2024-03-25T19:29:20Z,0.1154821654781699
2024-03-25T20:16:42Z,0.2480394495651126
2024-03-25T23:27:27Z,0.0673064785078167
2024-03-26T01:21:51Z,0.0684657040983438
2024-03-26T07:39:36Z,-0.8951201103627682
2024-03-26T09:26:42Z,0.8916964940726757
2024-03-26T10:33:35Z,0.8945908360183239
2024-03-26T12:24:53Z,-0.9371989965438844
2024-03-26T12:30:05Z,-0.0534376874566078
2024-03-26T13:01:12Z,0.4894510144367814
2024-03-26T14:15:24Z,-0.0013726856559515
2024-03-26T16:03:04Z,0.7994444179348648
2024-03-26T16:20:16Z,0.1496450379490852
2024-03-26T20:59:39Z,0.3250985704362392
2024-03-26T21:01:19Z,0.6194039974361658
2024-03-26T20:56:30Z,-0.96104078553617
2024-03-26T21:43:41Z,-0.926173308864236
2024-03-27T11:17:38Z,0.6133130332455039
2024-03-27T13:04:29Z,0.7254745233803988
2024-03-27T14:00:19Z,0.9339326713234186
2024-03-27T14:36:24Z,-0.0026997439563274
2024-03-27T14:46:04Z,0.0022878386080265
2024-03-27T15:19:56Z,0.0858007008209824
2024-03-27T15:45:43Z,0.0508800446987152
2024-03-27T16:43:40Z,0.2668451583012938
2024-03-27T18:07:16Z,-0.2573025301098823
2024-03-28T12:48:26Z,0.7122651180252433
2024-03-28T14:17:05Z,-0.0009922105818986
2024-03-28T15:54:58Z,-0.8698897548019886
2024-03-28T17:00:36Z,-0.955656983423978
2024-03-28T17:35:15Z,0.052553815767169
2024-03-28T20:38:27Z,-0.088186077773571
2024-03-29T08:39:48Z,-0.905696427449584
2024-03-30T03:15:53Z,-0.6720090620219707
2024-03-30T07:30:49Z,0.2178787887096405
2024-03-31T05:16:44Z,0.2303222436457872
2024-04-01T08:07:42Z,-0.7193983141332865
2024-04-01T08:33:46Z,0.1249126782640814
2024-04-01T10:17:31Z,-0.0724243223667144
2024-04-01T10:23:20Z,0.0489358063787221
2024-04-01T13:50:19Z,-0.9524641372263432
2024-04-01T14:42:12Z,0.5417061801999807
2024-04-01T14:56:37Z,-0.1924362778663635
2024-04-01T15:00:11Z,0.1903787543997168
2024-03-28T12:35:33Z,0.913398259319365
2024-04-01T16:32:33Z,0.0042434781789779
2024-04-01T17:13:13Z,0.0771601852029562
2024-04-01T18:24:05Z,0.1658085267990827
2024-04-01T19:53:22Z,0.2442775210365653
2024-04-01T22:45:41Z,0.0108237881213426
2024-04-02T10:10:32Z,0.8627350134775043
2024-04-02T12:06:24Z,0.4712835270911455
2024-04-02T13:23:24Z,0.5483495742082596
2024-04-02T14:06:51Z,-0.8683506585657597
2024-04-02T14:22:36Z,-0.0016278587281703
2024-04-02T14:27:27Z,0.5182189652696252
2024-04-02T14:57:21Z,-0.3990899920463562
2024-04-02T16:19:22Z,0.1278767455369234
2024-04-02T17:35:12Z,-0.0039224773645401
2024-04-02T17:55:46Z,0.7377670742571354
2024-04-02T18:44:47Z,0.8177792318165302
2024-04-02T19:12:01Z,0.8430812619626522
2024-04-03T06:03:00Z,-0.4164694584906101
2024-04-03T11:45:31Z,0.140959714539349
2024-04-03T15:51:01Z,-0.0016618035733699
2024-04-03T15:53:40Z,0.0651706457138061
2024-04-03T17:05:58Z,0.0900088045746088
2024-04-03T17:35:13Z,0.052553815767169
2024-04-03T20:37:29Z,-0.762749845162034
2024-04-03T20:59:13Z,0.0499636158347129
2024-04-03T21:17:23Z,0.0226390995085239
2024-04-04T02:36:23Z,-0.9259443860501052
2024-04-04T10:45:39Z,-0.9306765906512736
2024-04-04T13:06:40Z,0.90392410941422
2024-04-04T13:25:04Z,-0.603411715477705
2024-04-04T15:48:29Z,0.4457495808601379
2024-04-04T17:08:25Z,-0.6996765211224556
2024-04-04T17:35:24Z,-0.0017905496060848
2024-04-05T03:36:31Z,-0.8987840209156275
2024-04-05T11:03:26Z,-0.9183977972716092
2024-04-05T13:01:14Z,0.8052201271057129
2024-04-05T13:04:00Z,0.1303736194968223
2024-04-05T16:09:43Z,-0.4836310613900423
2024-04-05T18:09:35Z,-0.0017579849809408
2024-04-05T18:26:32Z,-0.0108946375548839
2024-04-05T19:09:35Z,0.224216260947287
2024-04-07T06:07:14Z,-0.7592159286141396
2024-04-07T06:28:06Z,0.0935305133461952
2024-04-08T06:01:10Z,0.7663553762249649
2024-04-08T07:33:41Z,-0.934145575389266
2024-04-08T14:00:56Z,0.0153531208634376
2024-04-08T14:39:04Z,0.2685352899134159
2024-04-08T15:39:58Z,-0.0013811159878969
2024-04-08T16:00:57Z,0.1483148364350199
2024-04-08T16:12:29Z,0.4854962648823857
2024-04-08T20:22:14Z,0.778304954059422
2024-04-09T09:20:53Z,0.1678492873907089
2024-04-09T09:43:54Z,0.5981734786182642
2024-04-09T10:08:17Z,-0.1133452951908111
2024-04-09T12:51:24Z,0.78640300873667
2024-04-09T13:54:59Z,0.3006996773183346
2024-04-09T14:17:25Z,-0.0024238172918558
2024-04-09T17:35:14Z,-0.0039224773645401
2024-04-09T18:07:08Z,0.6847836188971996
2024-04-09T19:36:47Z,0.2054041577503085
2024-04-09T21:33:45Z,-0.7047107219696045
2024-04-10T06:40:45Z,0.9016524869948626
2024-04-10T06:51:02Z,0.7693411577492952
2024-04-10T08:13:01Z,-0.8719346765428782
2024-04-10T08:36:42Z,0.892894808202982
2024-04-10T09:24:58Z,0.8791004978120327
2024-04-10T09:58:20Z,-0.9575159782543778
2024-04-10T11:23:11Z,0.904550164937973
2024-04-10T11:32:10Z,0.891777346841991
2024-04-10T12:34:53Z,-0.5783783942461014
2024-04-10T12:12:43Z,0.0728310607373714
2024-04-10T15:11:25Z,-0.0024252943694591
2024-04-10T15:16:35Z,0.0094472952187061
2024-04-10T15:36:37Z,-0.3738820254802704
2024-04-10T16:08:00Z,0.1516556954011321
2024-04-10T17:00:52Z,-0.4379715994000435
2024-04-10T17:35:13Z,0.052553815767169
2024-04-10T18:50:33Z,0.8031284771859646
2024-04-10T19:02:17Z,-0.4775477163493633
2024-04-10T20:28:25Z,0.1439227638766169
2024-04-11T10:13:53Z,0.6716055124998093
2024-04-11T11:22:14Z,0.8425199426710606
2024-04-11T14:18:41Z,-0.0028391368687152
2024-04-11T15:02:57Z,0.2802513614296913
2024-04-11T09:14:00Z,-0.0014565736055374
2024-04-11T16:57:56Z,0.1189840156584978
2024-04-11T17:35:14Z,-0.0039224773645401
2024-04-11T18:13:47Z,0.8866673465818167
2024-04-11T18:24:28Z,0.1018327493220567
2024-04-11T20:19:24Z,0.1865439713001251
2024-04-11T22:22:34Z,0.0751990256831049
2024-04-12T01:15:26Z,-0.7680870927870274
2024-04-12T11:31:10Z,0.4687485378235578
2024-04-12T11:55:33Z,0.871375385671854
2024-04-12T12:49:51Z,0.1989068128168583
2024-04-12T15:01:37Z,-0.8178987018764019
2024-04-12T15:07:33Z,0.094106251373887
2024-04-12T15:11:49Z,-0.0026560053229331
2024-04-12T16:18:43Z,0.3344211149960756
2024-04-12T16:22:53Z,0.6796497385948896
2024-04-12T17:35:13Z,0.052553815767169
2024-04-12T17:51:34Z,0.934416564181447
2024-04-12T19:27:41Z,-0.0361222065985202
2024-04-14T05:57:12Z,0.0521839912980794
2024-04-15T11:21:52Z,0.3300685584545135
2024-04-15T12:41:52Z,-0.0560097694396972
2024-04-15T13:04:48Z,0.9152061343193054
2024-04-15T13:41:25Z,0.3933531194925308
2024-04-15T14:08:25Z,0.0663654636591672
2024-04-15T14:23:48Z,-0.0025119911879301
2024-04-15T15:00:19Z,0.0879396423697471
2024-04-15T15:51:39Z,0.7949139578267932
2024-04-15T16:08:17Z,-0.9631367679685354
2024-04-15T17:30:34Z,-0.244182500988245
2024-04-15T17:38:27Z,0.8156906589865685
2024-04-15T20:46:12Z,0.0430734120309352
2024-04-15T21:54:07Z,0.7147390879690647
2024-04-16T04:04:39Z,-0.7865404691547155
2024-04-16T07:11:35Z,0.8378981361165643
2024-04-16T09:51:58Z,0.5446198200806975
2024-04-16T14:23:16Z,-0.0021136291325092
2024-04-16T15:30:07Z,0.040046639740467
2024-04-16T17:35:14Z,-0.0039224773645401
2024-04-16T17:56:44Z,-0.9315132824704052
2024-04-16T18:56:55Z,-0.2103245258331298
2024-04-17T12:16:29Z,0.8577874321490526
2024-04-17T13:01:15Z,-0.0194772649556398
2024-04-17T14:52:55Z,0.7645696625113487
2024-04-17T15:19:23Z,0.0587880611419677
2024-04-17T15:55:21Z,-0.0027457028627395
2024-04-17T16:05:42Z,-0.5203594788908958
2024-04-17T16:18:57Z,-0.428327489644289
2024-04-17T16:25:34Z,0.0534701887518167
2024-04-17T18:37:15Z,0.9028964694589376
2024-04-17T19:06:48Z,0.0682417219504714
2024-04-18T02:01:13Z,-0.6214956343173981
2024-04-18T06:23:30Z,-0.93472218234092
2024-04-18T13:52:50Z,0.278776129707694
2024-04-18T14:48:22Z,-0.0031420812010765
2024-04-18T15:06:39Z,-0.0305691957473754
2024-04-18T15:08:33Z,0.9143539555370808
2024-04-18T15:39:11Z,-0.4526019021868706
2024-04-18T18:56:32Z,0.9367258828133344
2024-04-19T05:27:52Z,0.6649943329393864
2024-04-19T10:28:26Z,0.1525085372850299
2024-04-19T11:07:40Z,0.5369741208851337
2024-04-19T11:30:31Z,0.5034018820151687
2024-04-19T14:37:03Z,-0.0026381630450487
2024-04-19T15:23:43Z,0.0883338451385498
2024-04-19T17:35:13Z,0.052553815767169
2024-04-19T20:32:06Z,0.4785870593041181
2024-04-20T12:50:07Z,-0.2912432141602039
2024-04-20T16:00:15Z,0.0004335045814514
2024-04-21T21:45:15Z,0.932366818189621
2024-04-22T08:41:24Z,0.8810711726546288
2024-04-22T11:52:33Z,0.90136793628335
2024-04-22T12:44:44Z,0.8090862408280373
2024-04-22T14:13:41Z,-0.0023057535290718
2024-04-22T14:15:57Z,-0.5225961543619633
2024-04-22T14:20:15Z,0.1971288667991757
2024-04-22T15:52:55Z,0.2682639015838504
2024-04-22T16:44:00Z,0.0787182506173849
2024-04-22T17:01:51Z,0.6185154356062412
2024-04-22T17:35:11Z,-0.0039224773645401
2024-04-22T10:44:48Z,-0.7898481413722038
2024-04-22T17:40:12Z,-0.0015916172415018
2024-04-22T17:40:35Z,0.9232351556420326
2024-04-22T18:16:36Z,-0.5553943775594234
2024-04-22T20:04:11Z,0.0491552874445915
2024-04-22T20:28:31Z,-0.7613910809159279
2024-04-22T22:02:08Z,0.9095788570120932
2024-04-23T03:17:24Z,0.5328088523820043
2024-04-23T10:07:10Z,0.290643248707056
2024-04-23T13:31:10Z,0.766361003741622
2024-04-23T14:17:47Z,-0.002736859023571
2024-04-23T14:32:14Z,-0.9083873834460974
2024-04-23T15:25:23Z,0.9322159476578236
2024-04-23T17:35:14Z,-0.0039224773645401
2024-04-23T17:36:42Z,0.1799057042226195
2024-04-24T06:45:56Z,0.0446752794086933
2024-04-24T08:40:42Z,-0.029435746371746
2024-04-24T12:48:27Z,0.5568689405918121
2024-04-24T12:56:01Z,0.0027409978210926
2024-04-24T13:15:06Z,-0.0247179567813873
2024-04-24T13:34:05Z,-0.2868280857801437
2024-04-24T14:33:54Z,-0.0021715108305215
2024-04-24T15:27:37Z,0.2899262085556984
2024-04-24T17:35:12Z,-0.0039224773645401
2024-04-24T19:19:53Z,0.0487882858142256
2024-04-24T20:23:09Z,0.347591683268547
2024-04-25T03:29:02Z,-0.1812342926859855
2024-04-25T10:17:18Z,-0.9463363997638226
2024-04-25T10:49:08Z,0.8795615397393703
2024-04-25T12:46:05Z,0.8725209683179855
2024-04-25T13:18:35Z,-0.0246945973485708
2024-04-25T13:27:39Z,-0.6139937900006771
2024-04-25T13:37:03Z,-0.0772342514246702
2024-04-25T14:20:08Z,-0.0018378794193267
2024-04-25T14:51:25Z,-0.2606013193726539
2024-04-25T15:20:47Z,0.1794824246317148
2024-04-25T15:35:13Z,-0.950626416131854
2024-04-25T17:15:32Z,0.2600340722128749
2024-04-25T17:30:32Z,-0.916686723008752
2024-04-25T17:35:12Z,0.052553815767169
2024-04-25T20:02:27Z,0.3399771451950073
2024-04-25T20:05:36Z,0.9407914709299804
2024-04-25T20:15:28Z,0.4051585830748081
2024-04-25T21:31:15Z,-0.4024731367826462
2024-04-25T21:41:08Z,0.9128156248480082
2024-04-25T22:03:53Z,-0.9530418030917645
2024-04-25T22:41:32Z,0.3454293087124824
2024-04-26T02:35:16Z,-0.0129244327545166
2024-04-26T03:55:58Z,0.8331532403826714
2024-04-26T04:33:04Z,0.4948634561151266
2024-04-26T06:59:18Z,0.0113222748041152
2024-04-26T09:21:06Z,0.9243834335356952
2024-04-26T09:37:51Z,0.5775747150182724
2024-04-26T10:02:10Z,0.6820207461714745
2024-04-26T10:04:47Z,0.6663992693647742
2024-04-26T10:12:25Z,-0.5803786721080542
2024-04-26T10:26:09Z,0.8451632168143988
2024-04-26T10:48:12Z,-0.1091064661741256
2024-04-26T11:11:38Z,0.8733780048787594
2024-04-26T11:14:24Z,0.465829249471426
2024-04-26T11:41:54Z,0.0917270183563232
2024-04-26T11:41:59Z,-0.9362298380583524
2024-04-26T11:47:50Z,0.5977133307605982
2024-04-26T12:07:55Z,0.0157660283148288
2024-04-26T12:36:14Z,-0.3767575323581695
2024-04-26T13:07:43Z,-0.4379715994000435
2024-04-26T13:16:58Z,-0.9519361560232936
2024-04-26T13:21:40Z,-0.0247262176126241
2024-04-26T13:31:16Z,-0.0087694786489009
2024-04-26T14:06:12Z,0.9176507322117686
2024-04-26T14:09:09Z,0.9098080694675446
2024-04-26T14:22:11Z,0.2617874965071678
2024-04-26T14:25:22Z,-0.0016283970326185
2024-04-26T13:02:28Z,0.0180539805442094
2024-04-26T14:22:44Z,-0.93718434125185
2024-04-26T15:17:25Z,0.7541736848652363
2024-04-26T16:29:35Z,0.8777219280600548
2024-04-26T17:05:04Z,-0.5599465426057577
2024-04-26T17:14:52Z,-0.697584418579936
2024-04-26T17:27:37Z,0.3056015353649854
2024-04-26T17:38:12Z,0.6562988460063934
2024-04-26T17:40:23Z,0.9170874077826738
2024-04-26T17:45:42Z,-0.4664129987359047
2024-04-26T18:26:00Z,0.8814383763819933
2024-04-26T18:50:02Z,0.4077326655387878
2024-04-26T19:36:37Z,0.867243405431509
2024-04-26T19:37:00Z,0.8869053609669209
2024-04-26T20:41:37Z,-0.2140754368156194
2024-04-26T20:28:50Z,0.1804307401180267
2024-04-27T02:13:07Z,0.0680059036239981
2024-04-27T05:54:52Z,-0.0034796670079231
2024-04-27T18:03:22Z,0.2274109683930874
2024-04-21T15:01:43Z,0.0237648729234933
2024-04-28T21:53:45Z,0.0218632631003856
2024-04-29T06:58:07Z,0.8204888105392456
2024-04-29T12:12:18Z,0.1687487745657563
2024-04-29T12:28:35Z,0.2401960287243127
2024-04-29T12:45:01Z,0.3701021349988878
2024-04-29T13:45:06Z,0.0568889528512954
2024-04-29T14:09:48Z,0.6743419654667377
2024-04-29T13:51:04Z,0.8937147967517376
2024-04-29T14:15:17Z,-0.0017983186990022
2024-04-29T15:00:17Z,0.0422523710876703
2024-04-29T15:00:46Z,0.9219317678362132
2024-04-29T15:07:58Z,0.4042953206226229
2024-04-29T16:28:25Z,0.5115873403847218
2024-04-29T17:44:26Z,0.7846418963745236
2024-04-29T18:25:13Z,0.1874180603772401
2024-04-29T18:28:40Z,-0.4944527707993984
2024-04-29T20:56:51Z,-0.2447685357183218
2024-04-29T22:41:30Z,0.0104196611791849
2024-04-30T06:14:58Z,0.8124156035482883
2024-04-30T10:38:22Z,-0.0756535530090332
2024-04-30T12:56:34Z,-0.9515899107791485
2024-04-30T13:28:11Z,0.0897646667435765
2024-04-30T14:19:47Z,-0.0013518724590539
2024-04-30T15:19:41Z,0.2488989662379026
2024-04-30T20:55:49Z,0.0127452109009027
2024-04-30T21:12:24Z,0.0114152785390615
2024-05-01T09:08:40Z,0.0613682065159082
2024-05-01T10:34:46Z,0.8937899116426706
2024-05-01T11:06:22Z,-0.9210479017347096
2024-05-01T13:03:29Z,0.8365535568445921
2024-05-01T14:23:03Z,0.0003325007855892
2024-05-01T14:57:45Z,0.0102424900978803
2024-05-01T15:04:09Z,-0.8054209183901548
2024-05-01T15:49:15Z,0.0309571381658315
2024-05-01T17:03:29Z,0.8838583678007126
2024-05-01T17:50:16Z,0.8661534143611789
2024-05-01T18:16:13Z,0.0766892302781343
2024-05-02T07:00:38Z,0.8085992755368352
2024-05-01T05:18:09Z,0.583208367228508
2024-05-02T13:12:06Z,-0.9557469133287668
2024-05-02T14:20:23Z,0.0010671988129615
2024-05-02T15:41:04Z,0.0238182786852121
2024-05-02T16:50:02Z,0.0734024345874786
2024-05-02T17:35:13Z,0.052553815767169
2024-05-02T18:43:03Z,-0.0630824491381645
2024-05-03T05:50:55Z,0.5879083126783371
2024-05-03T09:23:31Z,-0.6520648747682571
2024-05-03T09:58:02Z,0.2578143514692783
2024-05-03T10:44:46Z,0.1199980089440941
2024-05-03T12:18:38Z,0.0377037897706031
2024-05-03T14:12:26Z,0.004617242142558
2024-05-03T14:58:59Z,-0.2679632902145386
2024-05-03T15:43:05Z,0.0102487280964851
2024-05-03T17:09:29Z,-0.1581659242510795
2024-05-03T20:34:34Z,0.1247763102874159
2024-05-06T02:41:58Z,0.0213018935173749
2024-05-06T11:17:51Z,0.6939297053031623
2024-05-06T14:17:33Z,0.0115424897521734
2024-05-06T14:22:44Z,0.004025550559163
2024-05-06T14:23:46Z,0.1873466908000409
2024-05-06T17:06:09Z,0.0132550615817308
2024-05-06T18:34:49Z,0.1561438729986548
2024-05-07T03:15:52Z,0.6309877149760723
2024-05-07T05:22:25Z,0.9191988883540034
2024-05-07T06:16:10Z,0.3394838394597173
2024-05-07T08:14:54Z,-0.9106919709593058
2024-05-07T10:55:16Z,0.6018568333238363
2024-05-07T11:11:54Z,0.7492776019498706
2024-05-07T13:01:00Z,-0.8542994186282158
2024-05-07T13:24:30Z,0.9210710674524308
2024-05-07T13:27:25Z,-0.0422915443778038
2024-05-07T14:17:32Z,0.003530129790306
2024-05-07T14:32:00Z,-0.8919741697609425
2024-05-07T15:43:17Z,0.1560564432293176
2024-05-07T17:31:32Z,0.0158977881073951
2024-05-07T17:35:12Z,-0.0039224773645401
2024-05-07T17:36:01Z,0.0303853377699852
2024-05-07T18:36:05Z,0.310654723085463
2024-05-07T18:49:48Z,-0.3200007304549217
2024-05-07T20:23:27Z,-0.9138384331017732
2024-05-07T20:44:30Z,-0.920076610520482
2024-05-07T21:53:39Z,0.0440200511366128
2024-05-08T08:06:58Z,0.1894187862053513
2024-05-08T10:01:26Z,-0.9546004496514796
2024-05-08T10:44:26Z,0.060009803622961
2024-05-08T12:08:11Z,0.0773450173437595
2024-05-08T12:35:16Z,-0.6569359116256237
2024-05-08T13:47:34Z,0.1375071080401539
2024-05-08T14:30:13Z,0.056130763143301
2024-05-08T14:30:21Z,-0.9069168390706182
2024-05-08T15:02:51Z,0.0040648188441991
2024-05-08T15:13:10Z,0.1873930217698216
2024-05-08T18:24:17Z,-0.6479333695024252
2024-05-08T18:26:47Z,0.9272195044904948
2024-05-08T19:38:11Z,0.137847650796175
2024-05-09T01:40:15Z,0.3091137539595365
2024-05-09T05:54:45Z,0.919829312711954
2024-05-09T10:37:25Z,-0.4006818979978561
2024-05-09T12:27:38Z,0.849709240719676
2024-05-09T12:51:40Z,0.2016973886638879
2024-05-09T13:21:22Z,-0.9384071296080948
2024-05-09T13:27:31Z,0.0062344595789909
2024-05-09T13:42:16Z,0.9317871546372772
2024-05-09T13:51:35Z,0.3409876534715295
2024-05-09T14:01:23Z,0.1221843557432293
2024-05-09T14:20:52Z,0.0031765010207891
2024-05-09T14:41:54Z,-0.903583150357008
2024-05-09T16:11:44Z,0.5163014521822333
2024-05-09T17:35:12Z,0.052553815767169
2024-05-09T18:21:25Z,-0.1109504103660583
2024-05-09T18:22:12Z,-0.0140416249632835
2024-05-09T18:52:02Z,-0.0662333592772483
2024-05-09T21:59:18Z,-0.8551129372790456
2024-05-09T22:40:07Z,0.0261773373931646
2024-05-10T01:51:32Z,0.1278927223756909
2024-05-10T06:16:38Z,-0.8671891130506992
2024-05-10T09:55:00Z,-0.1282491460442543
2024-05-10T14:51:47Z,0.0027530677616596
2024-05-10T15:50:46Z,-0.3357140123844147
2024-05-10T17:49:37Z,0.0526795731857419
2024-05-10T17:53:12Z,0.0331625677645206
2024-05-10T18:12:18Z,0.0566932819783687
2024-05-10T18:49:35Z,0.0592642165720462
2024-05-10T20:07:54Z,-0.9238081444054842
2024-05-10T20:27:45Z,0.4125558864325285
2024-05-11T01:17:14Z,0.530015479773283
2024-05-11T01:56:17Z,0.3700629090890288
2024-05-11T03:08:33Z,-0.2051004879176616
2024-05-11T13:52:12Z,-0.3023254685103893
2024-05-12T15:04:26Z,0.0206837151199579
2024-05-12T20:24:36Z,-0.0216344259679317
2024-05-13T07:30:23Z,0.9317779559642076
2024-05-13T10:34:48Z,0.9182428056374192
2024-05-13T12:11:26Z,-0.7871236652135849
2024-05-13T12:28:42Z,0.8852211581543088
2024-05-13T12:55:00Z,0.8956884620711207
2024-05-13T14:12:53Z,-0.9219280108809472
2024-05-13T14:53:40Z,0.0027873087674379
2024-05-13T15:00:15Z,0.1420744508504867
2024-05-13T15:01:42Z,0.0614443402737379
2024-05-13T15:14:05Z,-0.1035709828138351
2024-05-13T15:22:15Z,-0.001927675679326
2024-05-13T15:34:59Z,0.0904568266123533
2024-05-13T16:09:09Z,-0.8664551116526127
2024-05-13T17:03:39Z,0.4989977646619081
2024-05-13T17:09:43Z,0.6338317878544331
2024-05-13T17:12:41Z,0.0856834780424833
2024-05-13T17:35:11Z,0.052553815767169
2024-05-13T17:38:04Z,0.0843337979167699
2024-05-13T20:40:05Z,0.0741687174886465
2024-05-13T22:21:21Z,0.0586797166615724
2024-05-14T03:33:42Z,-0.2188029512763023
2024-05-14T08:04:44Z,0.4692550860345363
2024-05-14T08:54:08Z,0.085634134709835
2024-05-14T10:21:09Z,0.0718196155503392
2024-05-14T12:19:14Z,0.1559098111465573
2024-05-14T12:37:50Z,0.0063948407769203
2024-05-14T14:16:21Z,0.0034432578831911
2024-05-14T15:55:16Z,0.1728078313171863
2024-05-14T17:11:31Z,0.2229575105011463
2024-05-14T17:24:00Z,0.692268218845129
2024-05-14T17:26:28Z,0.1287391697987914
2024-05-14T17:29:07Z,0.0476966286078095
2024-05-14T17:43:00Z,0.1006568726152181
2024-05-14T17:43:44Z,0.1853533089160919
2024-05-14T18:28:39Z,-0.6853746697306633
2024-05-15T09:11:46Z,0.2709590829908848
2024-05-15T09:50:07Z,-0.2734314147382974
2024-05-15T12:32:55Z,-0.7041642442345619
2024-05-15T13:05:16Z,-0.916030403226614
2024-05-15T13:53:16Z,-0.2921618912369013
2024-05-15T16:16:47Z,0.6466982588171959
2024-05-15T18:25:25Z,0.8006231244653463
2024-05-15T20:42:56Z,0.0388015229254961
2024-05-15T21:11:49Z,0.0809574155136942
2024-05-16T04:55:15Z,-0.8935545161366463
2024-05-16T12:27:39Z,0.9263925105333328
2024-05-16T12:51:32Z,0.1904373792931437
2024-05-16T13:25:51Z,0.8605596385896206
2024-05-16T14:18:09Z,0.0031035486608743
2024-05-16T14:57:18Z,-0.2938353046774864
2024-05-16T15:34:34Z,-0.7655652984976768
2024-05-16T17:20:48Z,0.0111310370266437
2024-05-16T17:35:11Z,-0.0039224773645401
2024-05-16T17:42:50Z,0.0418625902384519
2024-05-16T17:47:29Z,0.7467702850699425
2024-05-16T18:34:26Z,0.6974199488759041
2024-05-16T20:37:15Z,0.7200157949700952
2024-05-16T20:51:05Z,-0.441839249804616
2024-05-17T02:22:15Z,-0.1261432096362114
2024-05-17T11:03:59Z,-0.0692217163741588
2024-05-17T11:28:19Z,0.7228749115020037
2024-05-17T12:44:30Z,-0.743562325835228
2024-05-17T10:05:31Z,0.3664233405143022
2024-05-17T13:19:40Z,0.5175662478432059
2024-05-17T14:25:59Z,0.0025112237781286
2024-05-17T14:40:37Z,0.2006687428802251
2024-05-17T14:54:46Z,-0.4452725909650326
2024-05-17T15:08:17Z,-0.8384549468755722
2024-05-17T14:51:08Z,0.5955073889344931
2024-05-17T15:39:58Z,0.6477730255573988
2024-05-17T15:45:21Z,0.893659483641386
2024-05-17T16:11:46Z,0.009810758754611
2024-05-17T16:30:03Z,0.2508166078478098
2024-05-17T16:53:13Z,-0.4621174335479736
2024-05-17T17:47:09Z,0.8552291616797447
2024-05-17T18:25:40Z,0.8589028567075729
2024-05-17T18:55:22Z,0.0384751614183187
2024-05-17T18:59:24Z,-0.0524215474724769
2024-05-18T04:52:21Z,-0.9011813458055258
2024-05-18T06:43:04Z,0.0528487395495176
2024-05-18T20:23:42Z,0.697654664516449
2024-05-19T10:30:15Z,0.2368541695177555
2024-05-20T07:35:39Z,0.1051300717517733
2024-05-20T11:31:41Z,-0.0215183235704898
2024-05-20T13:25:02Z,0.0644896542653441
2024-05-20T13:45:26Z,-0.4983081668615341
2024-05-20T14:11:52Z,0.2275124257430434
2024-05-20T15:00:10Z,-0.1037602350115776
2024-05-20T15:42:12Z,0.5642039906233549
2024-05-20T16:03:40Z,0.1689174752682447
2024-05-20T16:58:59Z,0.2830794909968972
2024-05-20T17:07:59Z,0.2303537651896476
2024-05-20T17:10:02Z,0.2734736567363143
2024-05-20T19:52:01Z,-0.478086955845356
2024-05-21T02:10:35Z,0.0954852402210235
2024-05-21T06:06:34Z,0.8524646759033203
2024-05-21T08:47:50Z,0.7882969486527145
2024-05-21T10:08:17Z,0.8449834482744336
2024-05-21T12:24:53Z,0.894213829189539
2024-05-21T12:39:30Z,-0.0439279526472091
2024-05-21T13:09:03Z,-0.3234211206436157
2024-05-21T13:23:58Z,-0.1121710464358329
2024-05-21T13:44:14Z,0.9336685705929996
2024-05-21T14:00:21Z,0.2390559376217425
2024-05-21T14:21:42Z,0.0061177387833595
2024-05-21T14:34:21Z,0.1470861081033945
2024-05-21T15:05:21Z,-0.0328539796173572
2024-05-21T15:11:56Z,0.9318589214235544
2024-05-21T15:32:18Z,0.1979475729167461
2024-05-21T16:41:37Z,0.0196116371080279
2024-05-21T16:44:48Z,0.6694690641015768
2024-05-21T17:35:11Z,-0.0039224773645401
2024-05-21T17:37:13Z,0.8362875459715724
2024-05-21T17:56:29Z,0.7219046652317047
2024-05-21T18:42:05Z,0.5355208553373814
2024-05-21T18:59:38Z,0.1429577087983489
2024-05-21T19:19:42Z,-0.8283122181892395
2024-05-21T19:44:53Z,0.0613868413493037
2024-05-21T20:45:42Z,0.11621511913836
2024-05-17T19:04:34Z,-0.4341020733118057
2024-05-21T21:12:22Z,0.3324289163574576
2024-05-22T02:13:23Z,0.020328652113676
2024-05-22T03:01:34Z,-0.013249896466732
2024-05-21T20:13:53Z,-0.5342939123511314
2024-05-22T09:21:35Z,0.7113523236475885
2024-05-22T09:59:48Z,0.6891750898212194
2024-05-22T14:05:10Z,0.3194006755948066
2024-05-22T14:09:05Z,0.0636782646179199
2024-05-22T14:31:43Z,0.0502019990235567
2024-05-22T14:37:35Z,0.2620733845978975
2024-05-22T14:16:58Z,0.055287666618824
2024-05-22T15:03:19Z,0.8964086808264256
2024-05-22T15:12:15Z,0.0033432245254516
2024-05-22T15:19:58Z,0.1550716124475002
2024-05-22T15:31:24Z,0.1798252016305923
2024-05-22T16:07:22Z,-0.5709486305713654
2024-05-22T16:23:01Z,-0.4379715994000435
2024-05-22T16:56:45Z,0.7449718117713928
2024-05-22T18:39:29Z,-0.0499336700886487
2024-05-22T20:36:30Z,-0.0049902535974979
2024-05-22T20:38:15Z,0.8670612592250109
2024-05-22T19:43:18Z,0.8166953390464187
2024-05-23T04:04:53Z,0.3250071667134762
2024-05-23T05:22:29Z,0.3790315603837371
2024-05-23T07:23:19Z,0.3401906639337539
2024-05-23T07:37:56Z,-0.0203495621681213
2024-05-23T11:29:09Z,-0.6424898114055395
2024-05-23T11:14:19Z,0.7874481454491615
2024-05-23T14:52:37Z,0.0031534135341644
2024-05-23T15:37:39Z,-0.4816659651696682
2024-05-23T16:13:46Z,0.1000813283026218
2024-05-23T16:26:28Z,-0.7866677846759558
2024-05-23T17:25:07Z,-0.8307481165975332
2024-05-23T17:35:10Z,0.052553815767169
2024-05-23T18:13:09Z,0.8247159849852324
2024-05-23T19:08:26Z,-0.5341082140803337
2024-05-24T01:34:16Z,-0.9075704514980316
2024-05-24T11:31:03Z,0.3222186751663685
2024-05-24T11:35:43Z,-0.4222511276602745
2024-05-24T12:52:04Z,0.9345905240625144
2024-05-24T14:21:30Z,0.1043048407882452
2024-05-24T14:25:14Z,0.9133951412513852
2024-05-24T14:26:04Z,-0.9483443787321448
2024-05-24T14:28:53Z,0.0042030923068523
2024-05-24T14:40:29Z,-0.785626508295536
2024-05-24T16:19:57Z,0.3701147995889187
2024-05-24T17:35:14Z,0.052553815767169
2024-05-24T17:37:11Z,0.1346823377534747
2024-05-24T16:55:21Z,0.0019026882946491
2024-05-25T03:21:04Z,0.785555187612772
2024-05-26T12:00:14Z,0.8691822588443756
2024-05-27T13:18:58Z,0.597776610404253
2024-05-27T15:00:21Z,0.4251770600676536
2024-05-27T17:35:14Z,0.052553815767169
2024-05-28T11:52:47Z,-0.0308507494628429
2024-05-28T12:48:28Z,0.1783537454903125
2024-05-28T13:05:08Z,0.1875592246651649
2024-05-28T13:12:47Z,0.7852604007348418
2024-05-28T14:17:42Z,-0.024952420964837
2024-05-28T15:00:42Z,0.0051186513155698
2024-05-28T16:02:26Z,0.857352850958705
2024-05-28T16:25:42Z,-0.43421770632267
2024-05-28T17:30:34Z,0.1416922770440578
2024-05-28T17:35:11Z,-0.0039224773645401
2024-05-28T18:27:42Z,0.157906336709857
2024-05-28T18:37:18Z,0.0532182101160287
2024-05-28T21:53:30Z,0.3628659788519144
2024-05-29T09:44:22Z,0.7951966151595116
2024-05-29T10:41:18Z,0.8179915398359299
2024-05-29T12:04:17Z,0.0346869565546512
2024-05-29T13:14:27Z,0.0586710516363382
2024-05-29T14:26:31Z,0.0044400449842214
2024-05-29T14:42:49Z,-0.9237769618630408
2024-05-29T14:47:44Z,0.1007007006555795
2024-05-29T15:20:55Z,0.2491250988095998
2024-05-29T16:51:56Z,0.7271184762939811
2024-05-29T17:07:10Z,0.7899430766701698
2024-05-29T17:15:41Z,0.1086920052766799
2024-05-29T18:02:21Z,0.0419512521475553
2024-05-29T18:22:23Z,0.3674667589366436
2024-05-29T20:12:30Z,-0.069875281304121
2024-05-30T08:23:14Z,0.8145199082791805
2024-05-30T12:05:55Z,0.304436344653368
2024-05-30T13:07:08Z,0.2161991009488701
2024-05-30T13:10:46Z,0.0419425070285797
2024-05-30T14:17:56Z,0.2795489858835935
2024-05-30T14:34:32Z,0.0038620419800281
2024-05-30T12:10:14Z,0.2423600163310766
2024-05-30T14:57:00Z,-0.9647847758606076
2024-05-30T15:38:59Z,0.833669051527977
2024-05-30T16:52:43Z,-0.8071044124662876
2024-05-30T17:09:06Z,-0.7569473497569561
2024-05-30T18:24:00Z,-0.5100580379366875
2024-05-30T19:20:12Z,0.7880119122564793
2024-05-30T19:56:31Z,0.9013550616800784
2024-05-30T19:58:37Z,-0.9607618246227504
2024-05-31T06:18:45Z,0.0661456584930419
2024-05-31T06:55:46Z,0.7937567243352532
2024-05-28T18:34:43Z,0.8357968237251043
2024-05-31T10:21:33Z,0.0276927389204502
2024-05-31T12:22:58Z,-0.9338491773232818
2024-05-31T14:10:41Z,0.9188817925751208
2024-05-31T14:11:56Z,0.8245565462857485
2024-05-31T14:29:27Z,-0.4556623790413141
2024-05-31T14:33:04Z,0.3284899592399597
2024-05-31T14:41:28Z,0.0060452502220869
2024-05-31T18:41:16Z,-0.126768909394741
2024-05-31T20:21:23Z,-0.7156935594975948
2024-06-02T22:50:18Z,-0.014610655605793
2024-05-26T20:49:37Z,-0.0210072696208953
2024-06-03T10:55:54Z,0.0814855825155973
2024-06-03T12:26:41Z,-0.940162554383278
2024-06-03T13:57:21Z,0.549994264729321
2024-06-03T16:43:58Z,-0.9026987999677658
2024-06-03T17:35:11Z,0.052553815767169
2024-06-03T19:52:40Z,-0.9096418768167496
2024-06-03T19:54:48Z,-0.8661018908023834
2024-06-04T04:10:54Z,-0.957535951398313
2024-06-04T06:29:38Z,0.8361894311383367
2024-06-04T09:09:01Z,-0.9585590763017536
2024-06-04T10:00:05Z,-0.8931850139051676
2024-06-04T10:34:37Z,0.4740214198827743
2024-06-04T11:39:26Z,0.1911493921652436
2024-06-04T12:26:20Z,0.7187021467834711
2024-06-04T12:32:09Z,-0.3808580357581377
2024-06-04T12:20:42Z,0.625549134798348
2024-06-04T14:01:23Z,-0.5753877572715282
2024-06-04T14:02:01Z,0.8127149865031242
2024-06-04T14:26:36Z,0.0032552760094404
2024-06-04T16:11:39Z,0.7765740752220154
2024-06-04T17:35:12Z,0.052553815767169
2024-06-04T19:53:46Z,0.1181269474327564
2024-06-04T20:01:00Z,-0.8333754166960716
2024-06-04T23:16:09Z,0.3423983277752995
2024-06-05T10:39:43Z,0.0975851584225893
2024-06-05T14:23:29Z,0.0031241867691278
2024-06-05T15:54:15Z,0.0566331595182418
2024-06-05T17:33:18Z,0.5266068000346422
2024-06-05T17:35:11Z,-0.0039224773645401
2024-06-05T18:55:01Z,0.2254345174878835
2024-06-05T20:18:04Z,0.8756747879087925
2024-06-05T20:38:07Z,0.6389006450772285
2024-06-06T06:46:05Z,-0.5424135476350784
2024-06-06T10:25:22Z,-0.3418697603046894
2024-06-06T13:14:26Z,0.119503229856491
2024-06-06T13:16:45Z,-0.0237640775740146
2024-06-06T13:46:30Z,-0.6343981623649597
2024-06-06T13:53:08Z,0.0511668771505355
2024-06-06T14:14:32Z,-0.4965950716286897
2024-06-06T14:10:40Z,0.0034406278282403
2024-06-06T14:51:48Z,0.820468065328896
2024-06-06T15:43:36Z,-0.1616615056991577
2024-06-06T18:08:53Z,-0.7083037365227938
2024-06-07T11:51:44Z,-0.4294120799750089
2024-06-07T12:03:19Z,0.8543822579085827
2024-06-07T12:26:25Z,0.0195100344717502
2024-06-07T12:56:21Z,0.1305146999657154
2024-06-07T14:45:42Z,0.0028424561023712
2024-06-07T16:46:06Z,0.0958047555759549
2024-06-07T16:49:03Z,-0.8446843940764666
2024-06-07T17:35:11Z,-0.0039224773645401
2024-06-07T18:26:03Z,0.9031608691439033
2024-06-08T05:47:18Z,-0.7614210098981857
2024-06-10T01:38:06Z,0.8665339015424252
2024-06-10T03:29:06Z,0.9276149310171604
2024-06-10T09:15:51Z,0.3920968258753419
2024-06-10T10:28:37Z,0.0478512234985828
2024-06-10T12:39:32Z,-0.9552202383056284
2024-06-10T14:11:22Z,0.7331149252131581
2024-06-10T14:20:14Z,0.0021203849464654
2024-06-10T14:44:24Z,0.4320962131023407
2024-06-10T15:00:16Z,0.0538273025304079
2024-06-10T15:27:56Z,-0.219729334115982
2024-06-10T16:06:42Z,0.0094027668237686
2024-06-10T16:46:22Z,-0.8338845688849688
2024-06-10T17:17:30Z,0.0127073600888252
2024-06-10T17:35:12Z,0.052553815767169
2024-06-10T17:40:20Z,0.6289260666817427
2024-06-10T18:01:17Z,0.3920993078500032
2024-06-10T18:20:21Z,-0.7214730754494667
2024-06-10T18:38:39Z,0.6315357573330402
2024-06-10T18:39:00Z,0.0467687156051397
2024-06-10T20:21:47Z,-0.9500259589403868
2024-06-11T02:18:56Z,0.682681992650032
2024-06-11T05:29:54Z,0.1682387543842196
2024-06-11T13:49:50Z,0.4507563402876258
2024-06-11T15:36:23Z,0.1084764748811721
2024-06-11T16:50:32Z,-0.716658815741539
2024-06-11T17:07:03Z,0.2212360007688403
2024-06-11T17:35:12Z,0.052553815767169
2024-06-11T18:04:45Z,0.488745629787445
2024-06-11T18:18:20Z,0.5601351652294397
2024-06-11T18:19:59Z,0.6905383318662643
2024-06-11T18:42:47Z,0.1832076711580157
2024-06-11T19:53:26Z,0.0646556476131081
2024-06-11T20:03:15Z,0.853494671639055
2024-06-11T20:29:18Z,-0.3537560477852821
2024-06-11T20:52:57Z,0.4994230037555098
2024-06-11T20:54:13Z,-0.3806081116199493
2024-06-12T01:46:09Z,-0.9081200631335378
2024-06-12T05:19:41Z,0.0420957216992974
2024-06-12T11:46:22Z,0.3783010467886925
2024-06-12T11:59:40Z,-0.9235995095223188
2024-06-12T12:08:08Z,0.8127558808773756
2024-06-12T12:17:24Z,0.8461578311398625
2024-06-12T12:44:39Z,-0.3814415782690048
2024-06-12T13:15:19Z,0.2055447632446885
2024-06-12T14:00:31Z,0.2647172603756189
2024-06-12T14:20:10Z,0.415800716727972
2024-06-12T14:22:48Z,0.0420957216992974
2024-06-12T14:23:58Z,0.0021314043551683
2024-06-12T15:18:45Z,0.2357046687975525
2024-06-12T15:18:42Z,-0.8129743076860905
2024-06-12T17:11:41Z,0.6693490445613861
2024-06-12T17:26:37Z,-0.4039917699992656
2024-06-12T17:35:11Z,-0.0039224773645401
2024-06-12T17:39:01Z,0.8651737943291664
2024-06-12T18:38:28Z,0.9016724713146688
2024-06-12T18:42:54Z,-0.9531310852617024
2024-06-12T19:02:33Z,-0.9615632342174648
2024-06-13T12:36:28Z,0.0255135018378496
2024-06-13T13:17:51Z,-0.0240868516266345
2024-06-13T13:35:40Z,-0.917861346155405
2024-06-13T14:18:07Z,0.0022781174629926
2024-06-13T14:59:43Z,0.0693625146523118
2024-06-13T15:31:17Z,0.6833119839429855
2024-06-13T17:21:42Z,0.8638414097949862
2024-06-13T17:50:04Z,-0.9618023619987072
2024-06-13T18:14:09Z,0.0787496203556656
2024-06-13T19:17:34Z,-0.0020610839128494
2024-06-13T20:04:41Z,0.8044731244444847
2024-06-13T20:16:23Z,-0.2752799540758133
2024-06-14T13:01:20Z,0.1870239814743399
2024-06-14T14:43:17Z,0.0030512362718582
2024-06-14T15:06:05Z,-0.7526427209377289
2024-06-14T17:35:14Z,0.052553815767169
2024-06-14T18:48:13Z,0.9177287817001344
2024-06-14T19:36:07Z,-0.4660200048238039
2024-06-14T19:59:34Z,-0.8643612042069435
2024-06-14T20:06:26Z,0.8504470027983189
2024-06-16T17:45:08Z,0.0676237512379884
2024-06-16T22:41:59Z,-0.0202776752412319
2024-06-17T01:47:36Z,0.918672613799572
2024-06-17T02:14:28Z,0.5244279336184263
2024-06-17T09:27:09Z,0.9116805512458086
2024-06-17T10:37:50Z,0.0763546079397201
2024-06-17T12:00:19Z,0.8684836961328983
2024-06-17T10:17:00Z,-0.9581024218350648
2024-06-17T14:16:19Z,0.0018515270203351
2024-06-17T14:46:06Z,0.2074716472998261
2024-06-17T15:50:48Z,0.004604110494256
2024-06-17T16:51:44Z,0.8885241858661175
2024-06-17T16:52:19Z,-0.3418809175491333
2024-06-17T16:53:19Z,0.8322323858737946
2024-06-17T17:44:15Z,-0.9007126865908504
2024-06-17T18:03:24Z,0.060993742197752
2024-06-18T12:41:05Z,-0.8869865797460079
2024-06-18T12:43:08Z,0.208834420889616
2024-06-18T13:16:53Z,0.6018014829605818
2024-06-18T15:06:01Z,0.1444723531603813
2024-06-18T17:25:12Z,0.0312745664268732
2024-06-18T17:35:10Z,-0.0039224773645401
2024-06-18T17:35:41Z,0.1175865111872553
2024-06-18T15:44:51Z,0.9188810270279646
2024-06-18T18:10:11Z,0.6924062641337514
2024-06-18T18:24:57Z,-0.8659536745399237
2024-06-18T20:51:20Z,0.0305037479847669
2024-06-19T00:53:19Z,0.9281793422996998
2024-06-20T08:38:17Z,0.0454654321074485
2024-06-20T10:10:52Z,-0.5039970055222511
2024-06-20T11:29:03Z,-0.5716652534902096
2024-06-20T11:36:05Z,0.826727569103241
2024-06-20T12:16:18Z,0.8831550180912018
2024-06-20T14:16:03Z,0.0021335985511541
2024-06-20T15:04:14Z,-0.729801781475544
2024-06-20T15:07:12Z,-0.913366373628378
2024-06-20T16:21:57Z,0.7737388722598553
2024-06-20T16:44:58Z,0.0313516184687614
2024-06-20T16:55:05Z,0.7217596801929176
2024-06-20T17:35:11Z,-0.0039224773645401
2024-06-20T18:38:30Z,0.401532607153058
2024-06-20T20:11:03Z,0.5488570183515549
2024-06-20T20:22:31Z,0.8247549794614315
2024-06-21T09:58:20Z,-0.4621174335479736
2024-06-21T10:21:47Z,-0.3899137377738952
2024-06-21T13:57:29Z,0.3129618540406227
2024-06-21T14:29:36Z,0.7834019102156162
2024-06-21T14:39:00Z,-0.7142307348549366
2024-06-21T14:50:31Z,0.0050888992846012
2024-06-21T15:02:59Z,0.3031929614953697
2024-06-21T16:22:03Z,-0.953561894595623
2024-06-21T17:13:21Z,-0.9174309186637402
2024-06-21T17:30:08Z,0.132215853780508
2024-06-21T17:35:12Z,-0.0039224773645401
2024-06-21T19:57:57Z,-0.2979002892971039
2024-06-21T20:06:46Z,-0.2864496111869812
2024-06-22T16:55:28Z,0.0534187667071819
2024-06-23T12:06:11Z,0.0549028441309928
2024-06-23T15:50:53Z,-0.020358882844448
2024-06-24T02:47:27Z,-0.6711119562387466
2024-06-24T10:20:53Z,-0.9485631873831152
2024-06-24T11:53:58Z,0.5953012183308601
2024-06-24T14:20:30Z,-0.9321530191227794
2024-06-24T14:35:51Z,0.0339953918009996
2024-06-24T15:00:12Z,0.2138618323951959
2024-06-24T15:19:02Z,-0.9325195513665676
2024-06-24T15:59:45Z,-0.1314431019127369
2024-06-24T16:19:35Z,0.5116221457719803
2024-06-24T17:35:12Z,-0.0039224773645401
2024-06-24T17:52:09Z,0.4167949110269546
2024-06-24T17:59:47Z,0.863342734053731
2024-06-24T18:37:06Z,0.2897098930552602
2024-06-24T20:23:31Z,-0.0356996953487396
2024-06-25T01:58:27Z,-0.2126687727868557
2024-06-25T11:35:39Z,0.6531017548404634
2024-06-25T11:55:12Z,-0.5821810849010944
2024-06-25T12:01:17Z,0.19015634059906
2024-06-25T13:36:48Z,-0.9445000747218728
2024-06-25T14:40:30Z,-0.8300655782222748
2024-06-25T15:32:45Z,-0.0044268704950809
2024-06-25T15:30:57Z,0.0028317347168922
2024-06-25T16:03:38Z,0.4572491180151701
2024-06-25T16:32:37Z,0.1378031270578503
2024-06-25T16:50:29Z,-0.4684419073164463
2024-06-25T17:56:54Z,-0.0018807016313076
2024-06-25T18:35:33Z,-0.8417816162109375
2024-06-25T19:25:10Z,0.052862549200654
2024-06-25T19:54:49Z,-0.8214202746748924
2024-06-25T20:53:43Z,0.5045995116233826
2024-06-26T03:45:07Z,0.7606480494141579
2024-06-26T04:08:09Z,-0.9264242025092244
2024-06-26T08:00:50Z,0.9296848457306623
2024-06-26T09:48:23Z,0.9176456173881888
2024-06-26T11:39:35Z,-0.9382905093953012
2024-06-26T13:17:58Z,-0.8121502287685871
2024-06-26T13:33:06Z,0.875393770635128
2024-06-26T13:50:48Z,0.9114970583468676
2024-06-26T17:06:30Z,0.6693418808281422
2024-06-26T17:51:42Z,0.4210063144564628
2024-06-26T19:35:02Z,0.1401758939027786
2024-06-27T13:03:31Z,-0.5876550637185574
2024-06-27T13:08:42Z,0.0944567583501339
2024-06-27T14:24:55Z,0.0628276970237493
2024-06-27T14:26:37Z,0.1455419659614563
2024-06-27T15:02:37Z,-0.5597837343811989
2024-06-27T17:11:17Z,-0.7318328730762005
2024-06-27T17:32:35Z,0.8154214285314083
2024-06-27T18:54:29Z,-0.0466857533901929
2024-06-27T18:54:39Z,-0.6623469963669777
2024-06-27T19:29:51Z,-0.8764793798327446
2024-06-27T21:24:47Z,-0.3449718244373798
2024-06-27T21:25:50Z,-0.4759206045418978
2024-06-28T14:01:52Z,0.0227158442139625
2024-06-28T14:02:15Z,0.0115424897521734
2024-06-28T14:14:45Z,0.00439921207726
2024-06-28T14:35:31Z,-0.0709185600280761
2024-06-28T14:50:05Z,0.1542892577126622
2024-06-28T15:08:46Z,0.0314601808786392
2024-06-28T17:35:13Z,-0.0039224773645401
2024-06-29T09:17:34Z,-0.8637741450220346
2024-06-29T13:40:50Z,0.0109051372855901
2024-06-30T19:17:37Z,-0.0234995447099208
2024-07-01T12:11:16Z,-0.4682762790471315
2024-07-01T13:27:04Z,0.7455524848774076
2024-07-01T14:24:18Z,-0.7803341671824455
2024-07-01T14:29:41Z,0.0037680398672819
2024-07-01T14:36:28Z,0.9033663310110568
2024-07-01T16:32:53Z,0.9265650492161512
2024-07-01T20:00:59Z,0.6189004126936197
2024-07-01T22:38:43Z,-0.7002890557050705
2024-07-02T01:39:54Z,0.3106936458498239
2024-07-01T14:34:20Z,-0.918595215305686
2024-07-02T03:53:32Z,0.1744970306754112
2024-07-02T03:54:46Z,0.021780926734209
2024-07-01T10:23:37Z,-0.0630692988634109
2024-07-02T06:30:11Z,-0.5721163898706436
2024-07-02T14:02:07Z,0.2558956844732165
2024-07-02T14:30:49Z,0.002790693193674
2024-07-02T16:18:52Z,-0.7719933539628983
2024-07-02T17:35:13Z,-0.0039224773645401
2024-07-02T17:46:04Z,0.0532485367730259
2024-07-02T18:03:23Z,0.5274260845035315
2024-07-02T18:06:24Z,0.0181877184659242
2024-07-02T18:59:35Z,0.0433140434324741
2024-07-02T19:16:19Z,0.2809779159724712
2024-07-02T20:15:43Z,0.8543978035449982
2024-07-02T20:14:53Z,0.0360698886215686
2024-07-02T20:51:15Z,0.0579931512475013
2024-07-03T03:47:57Z,-0.2495280764997005
2024-07-03T05:22:13Z,0.4282625121995806
2024-07-03T11:41:11Z,0.4192194044589996
2024-07-03T01:58:15Z,0.3631193339824676
2024-07-04T08:46:48Z,-0.9508158983662724
2024-07-04T13:00:00Z,0.0373447742313146
2024-07-04T19:00:26Z,0.0613256581127643
2024-07-05T13:25:32Z,0.0553576722741127
2024-07-05T14:23:52Z,0.0025744531303644
2024-07-05T16:15:55Z,-0.6132157370448112
2024-07-05T17:35:12Z,-0.0039224773645401
2024-07-05T18:51:44Z,0.245444948785007
2024-07-05T20:06:45Z,0.0181644354015588
2024-07-06T13:35:57Z,-0.0981107093393802
2024-07-07T11:29:14Z,0.0761966500431299
2024-07-07T16:10:10Z,0.0441681332886219
2024-07-07T23:40:06Z,-0.021061934530735
2024-07-08T02:17:04Z,0.1502494104206562
2024-07-08T09:52:10Z,0.0210594441741704
2024-07-08T11:44:30Z,0.6913801953196526
2024-07-08T12:54:44Z,0.0736716482788324
2024-07-08T13:02:57Z,-0.0878940038383007
2024-07-08T14:19:13Z,0.0032321773469448
2024-07-08T14:36:05Z,0.0083912536501884
2024-07-08T15:00:12Z,0.4251770600676536
2024-07-08T15:54:52Z,-0.500663548707962
2024-07-08T16:25:12Z,0.0141089260578155
2024-07-08T16:27:46Z,0.1034110616892576
2024-07-08T17:26:05Z,0.0651751542463898
2024-07-08T18:50:11Z,0.1505598574876785
2024-07-08T20:10:10Z,-0.0270961076021194
2024-07-09T12:13:34Z,0.9092137552797794
2024-07-09T12:26:49Z,0.5190074499696493
2024-07-09T14:20:33Z,0.0024456325918436
2024-07-09T14:38:31Z,0.0984836257994175
2024-07-09T16:43:04Z,0.2444141879677772
2024-07-09T17:27:54Z,0.2698727147653699
2024-07-09T17:35:11Z,-0.0039224773645401
2024-07-09T17:42:07Z,-0.9217435251921416
2024-07-09T18:02:47Z,0.0941205220296979
2024-07-09T17:57:21Z,0.6111233262345195
2024-07-09T19:39:45Z,0.7863395977765322
2024-07-10T08:00:50Z,0.8629262559115887
2024-07-10T08:25:55Z,0.179877171292901
2024-07-10T14:23:58Z,0.7917135339230299
2024-07-10T14:26:47Z,-0.8563108947128057
2024-07-10T14:35:54Z,0.0020364392548799
2024-07-10T14:55:43Z,-0.370799072086811
2024-07-10T15:31:20Z,0.2791591733694076
2024-07-10T15:47:27Z,0.1582989506423473
2024-07-10T16:14:16Z,-0.4751947969198227
2024-07-10T17:35:13Z,-0.0039224773645401
2024-07-10T18:54:25Z,0.0113333910703659
2024-07-10T19:08:47Z,0.0757128344848752
2024-07-10T20:32:04Z,-0.9525432251393796
2024-07-11T04:34:00Z,0.8127719722688198
2024-07-11T07:00:11Z,0.1415477562695741
2024-07-11T12:22:35Z,0.1938522504642605
2024-07-11T14:18:02Z,0.001462573185563
2024-07-11T15:04:38Z,-0.9270977806299924
2024-07-11T15:21:00Z,0.3082034401595592
2024-07-11T15:22:28Z,0.1062829829752445
2024-07-11T16:14:09Z,-0.3418915793299675
2024-07-11T17:35:12Z,-0.0039224773645401
2024-07-11T19:50:01Z,0.1474493891000747
2024-07-11T21:10:49Z,0.8268213961273432
2024-07-12T01:45:40Z,0.1071981946006417
2024-07-12T03:44:02Z,0.1694332361221313
2024-07-12T06:04:17Z,0.7122085066512227
2024-07-12T11:31:27Z,0.8922953717410564
2024-07-12T12:00:28Z,0.6050231102854013
2024-07-12T17:30:30Z,0.0486766081303358
2024-07-12T17:58:07Z,-0.0571008399128913
2024-07-12T18:00:41Z,0.0096682384610176
2024-07-12T19:39:49Z,0.0018346756696701
2024-07-12T20:33:07Z,-0.5317045599222183
2024-07-13T05:53:49Z,0.8420114321634173
2024-07-14T10:19:12Z,0.1911277547478675
2024-07-14T11:24:17Z,-0.6833488121628761
2024-07-14T13:19:12Z,0.0034493505954742
2024-07-14T16:36:40Z,-0.0162403099238872
2024-07-15T02:57:30Z,0.7389060575515032
2024-07-15T13:47:23Z,0.1172590218484401
2024-07-15T15:10:39Z,-0.0109705626964569
2024-07-15T15:55:29Z,0.4025297304615378
2024-07-15T17:35:13Z,0.052553815767169
2024-07-15T17:48:14Z,-0.0631589852273464
2024-07-15T18:50:22Z,0.5890733283013105
2024-07-16T10:22:51Z,-0.90122558362782
2024-07-16T11:45:57Z,0.8615922182798386
2024-07-16T12:05:43Z,0.018881618976593
2024-07-16T13:30:00Z,-0.6694052126258612
2024-07-16T13:39:15Z,0.8991353553719819
2024-07-16T14:04:57Z,-0.0511853694915771
2024-07-16T14:58:22Z,-0.9102068338543176
2024-07-16T15:16:45Z,0.0023946911096572
2024-07-16T17:35:12Z,0.052553815767169
2024-07-16T21:05:15Z,0.0270588733255863
2024-07-17T10:01:03Z,0.1696223579347133
2024-07-17T12:41:07Z,0.495171264745295
2024-07-17T13:05:04Z,-0.1248139701783657
2024-07-17T13:30:14Z,0.8957009743899107
2024-07-17T13:45:16Z,-0.3562892451882362
2024-07-17T14:18:52Z,0.0015595331788063
2024-07-17T14:43:51Z,0.2541510201990604
2024-07-17T16:02:14Z,0.1656266311183571
2024-07-17T17:22:31Z,0.4383128210902214
2024-07-17T17:35:12Z,-0.0039224773645401
2024-07-17T18:04:04Z,0.927429908886552
2024-07-17T20:43:59Z,0.0206533074378967
2024-07-18T05:02:49Z,0.0349790081381797
2024-07-18T05:56:25Z,0.7099265614524484
2024-07-18T10:40:48Z,0.5316240824759007
2024-07-18T12:36:46Z,0.0154578275978565
2024-07-18T14:10:00Z,0.1297678789123892
2024-07-18T14:17:01Z,0.0018085595220327
2024-07-18T14:36:06Z,0.0848801992833614
2024-07-18T15:33:28Z,-0.5176543481647968
2024-07-18T16:01:03Z,0.924055613577366
2024-07-18T16:22:18Z,0.051227681338787
2024-07-18T16:28:13Z,-0.2667430117726326
2024-07-18T17:35:13Z,-0.0039224773645401
2024-07-18T18:12:56Z,0.6995473774150014
2024-07-18T18:20:13Z,0.0938902646303176
2024-07-18T19:22:55Z,0.1463740952312946
2024-07-19T07:22:54Z,-0.8526664562523365
2024-07-19T08:42:11Z,-0.8303568866103888
2024-07-19T09:31:19Z,0.629551500082016
2024-07-19T09:36:37Z,-0.9474913887679576
2024-07-19T10:25:41Z,-0.0827402006834745
2024-07-19T10:42:10Z,0.764098983258009
2024-07-19T08:23:52Z,-0.2444770708680153
2024-07-19T11:01:27Z,-0.8824043720960617
2024-07-19T11:21:21Z,-0.2716403603553772
2024-07-19T11:44:05Z,0.0870885457843542
2024-07-19T12:43:26Z,-0.9041653145104648
2024-07-19T13:16:24Z,-0.6770800296217203
2024-07-19T13:22:34Z,-0.015196643769741
2024-07-19T14:28:35Z,-0.0026000421494245
2024-07-19T14:31:35Z,-0.9582226779311896
2024-07-19T14:57:34Z,0.8620713986456394
2024-07-19T15:04:31Z,-0.1307235807180404
2024-07-19T15:33:35Z,-0.8430232964456081
2024-07-19T16:33:58Z,-0.9001298388466239
2024-07-19T17:00:15Z,0.9234682451933622
2024-07-19T17:12:25Z,-0.500371266156435
2024-07-19T17:21:41Z,-0.0061024241149425
2024-07-19T17:33:38Z,-0.1739070117473602
2024-07-19T19:37:59Z,-0.5167651958763599
2024-07-19T20:17:00Z,-0.7218649936839938
2024-07-19T20:36:34Z,-0.902151308953762
2024-07-19T12:02:20Z,-0.9128546668216586
2024-07-20T06:13:12Z,-0.8567788619548082
2024-07-20T06:18:14Z,-0.9322459120303392
2024-07-20T07:05:23Z,-0.4621913060545921
2024-07-20T13:10:23Z,0.7424903735518456
2024-07-20T13:34:24Z,-0.5292720291763544
2024-07-20T15:55:31Z,-0.9411898357793688
2024-07-21T08:03:14Z,0.1341841304674744
2024-07-21T15:24:00Z,-0.9001582209020853
2024-07-21T17:49:59Z,-0.0197645388543605
2024-07-22T01:34:17Z,-0.9568715896457434
2024-07-22T02:22:25Z,-0.9246043935418128
2024-07-22T07:22:13Z,0.0206190012395381
2024-07-22T08:42:32Z,-0.926910356618464
2024-07-22T10:45:50Z,0.2725175283849239
2024-07-22T11:12:39Z,-0.9510976010933518
2024-07-22T14:39:14Z,-0.0289182402193546
2024-07-22T14:51:07Z,-0.9552443074062468
2024-07-22T15:00:12Z,0.1903787543997168
2024-07-22T15:10:27Z,-0.8457603231072426
2024-07-22T15:59:18Z,0.2629910707473755
2024-07-22T16:12:57Z,-0.893728569149971
2024-07-22T17:02:39Z,-0.0030702464282512
2024-07-22T18:08:12Z,-0.0932139232754707
2024-07-22T19:56:22Z,-0.0187265165150165
2024-07-22T21:42:41Z,-0.8006102982908487
2024-07-23T03:00:57Z,-0.7966138366609812
2024-07-23T07:16:34Z,0.9122273474931716
2024-07-23T09:12:53Z,0.4707134515047073
2024-07-23T11:42:24Z,-0.9222002867609262
2024-07-23T13:45:44Z,0.1820069998502731
2024-07-23T14:21:13Z,0.0017671380192041
2024-07-23T13:59:29Z,0.0238068178296089
2024-07-23T18:34:50Z,-0.8991071600466967
2024-07-23T19:19:53Z,-0.9158300086855888
2024-07-23T21:14:17Z,0.3234440684318542
2024-07-23T22:35:53Z,0.0807694029062986
2024-07-24T04:33:32Z,0.8425602735951543
2024-07-24T12:12:48Z,0.6591201443225145
2024-07-24T12:28:36Z,-0.8365902900695801
2024-07-24T13:22:21Z,-0.1283897273242473
2024-07-24T13:47:32Z,0.0391433779150247
2024-07-24T14:54:12Z,0.0028258543461561
2024-07-24T15:18:27Z,0.1213347911834716
2024-07-24T15:40:32Z,0.8406318137422204
2024-07-24T16:05:32Z,0.2701665703207254
2024-07-24T16:40:39Z,0.141699232161045
2024-07-24T17:13:30Z,-0.8910487992689013
2024-07-24T17:35:12Z,0.052553815767169
2024-07-24T17:37:38Z,-0.6662019807845354
2024-07-24T18:05:01Z,0.0903337802737951
2024-07-24T18:15:35Z,0.0925021599978208
2024-07-24T20:12:11Z,-0.9189748680219054
2024-07-24T20:25:16Z,-0.0236720703542232
2024-07-25T05:11:49Z,-0.9590089796110988
2024-07-25T13:49:12Z,0.0637760050594806
2024-07-25T14:15:43Z,0.0024649333208799
2024-07-25T14:21:42Z,0.0242857448756694
2024-07-25T14:47:26Z,-0.4218882396817207
2024-07-25T14:58:06Z,0.8859887318685651
2024-07-25T15:12:33Z,0.4454761296510696
2024-07-25T17:35:13Z,-0.0039224773645401
2024-07-25T18:12:25Z,0.1588288219645619
2024-07-25T19:20:53Z,-0.231483731418848
2024-07-25T20:58:49Z,0.1903761671856045
2024-07-25T20:15:14Z,0.756679910235107
2024-07-26T03:09:42Z,0.2247945722192526
2024-07-26T08:06:03Z,-0.9543571220710874
2024-07-26T08:50:17Z,-0.5513082146644592
2024-07-26T11:39:44Z,0.8600950688123703
2024-07-26T12:20:38Z,0.4594578593969345
2024-07-26T12:57:56Z,0.3069198727607727
2024-07-26T13:02:53Z,0.8539743651635945
2024-07-26T13:28:31Z,0.4028739798814058
2024-07-26T14:46:13Z,-0.6185120958834887
2024-07-26T15:19:11Z,0.0036516766995191
2024-07-26T15:30:49Z,-0.0334984138607978
2024-07-26T16:09:45Z,-0.4658002555370331
2024-07-26T16:33:38Z,0.0433026254177093
2024-07-26T19:27:08Z,-0.1086775735020637
2024-07-28T19:39:55Z,-0.0225069224834442
2024-07-29T02:30:41Z,0.0421988144516944
2024-07-29T04:46:57Z,0.2622895650565624
2024-07-29T10:25:11Z,0.2100756876170635
2024-07-29T11:43:26Z,0.9222434852272272
2024-07-29T14:23:52Z,0.0031757019460201
2024-07-29T16:34:26Z,-0.657517533749342
2024-07-29T16:59:23Z,0.9011407420039176
2024-07-29T17:15:51Z,0.276872843503952
2024-07-29T17:35:11Z,0.052553815767169
2024-07-29T19:03:57Z,0.13810595870018
2024-07-29T19:47:59Z,-0.079271525144577
2024-07-29T21:05:19Z,-0.4655749425292015
2024-07-29T22:04:51Z,0.6787440404295921
2024-07-30T02:22:21Z,0.8507166765630245
2024-07-30T03:22:00Z,-0.0214284881949424
2024-07-30T03:27:37Z,-0.0037012789398431
2024-07-30T04:26:50Z,-0.13439816609025
2024-07-30T05:24:26Z,0.099649797193706
2024-07-30T05:31:57Z,0.099649797193706
2024-07-30T07:30:13Z,0.007330048829317
2024-07-30T07:32:09Z,0.6005414426326752
2024-07-30T07:45:44Z,0.9089900329709052
2024-07-30T10:15:00Z,-0.0688370410352945
2024-07-30T11:27:49Z,0.8517565652728081
2024-07-30T12:12:13Z,0.0252573434263467
2024-07-30T12:25:43Z,-0.9206117019057274
2024-07-30T12:50:29Z,-0.5239147432148457
2024-07-30T13:12:34Z,-0.9355956800282
2024-07-30T13:15:43Z,0.8428274616599083
2024-07-30T13:22:04Z,-0.0157452523708343
2024-07-30T14:43:54Z,-0.5710091274231672
2024-07-30T15:02:26Z,-0.955059570260346
2024-07-30T15:16:42Z,-0.4908054918050766
2024-07-30T16:01:24Z,0.0031192135065793
2024-07-30T16:32:49Z,-0.0020482279360294
2024-07-30T17:00:14Z,-0.9509211480617524
2024-07-30T17:35:12Z,-0.0039224773645401
2024-07-30T18:03:12Z,-0.7702371096238494
2024-07-30T18:05:46Z,-0.9348170794546604
2024-07-30T18:16:39Z,-0.9393634162843228
2024-07-30T18:25:15Z,-0.9366741618141532
2024-07-30T18:31:15Z,-0.0408198870718479
2024-07-30T18:34:14Z,0.1466994835063815
2024-07-30T17:42:51Z,-0.9355373457074164
2024-07-30T18:52:23Z,0.7057426571846008
2024-07-30T20:02:22Z,0.3669342696666717
2024-07-30T20:04:43Z,0.9404952935874462
2024-07-30T20:24:27Z,0.9317849203944206
2024-07-30T23:54:13Z,0.3854836924001574
2024-07-30T23:55:35Z,0.1935886219143867
2024-07-31T01:56:07Z,-0.029869794845581
2024-07-31T02:24:27Z,-0.0150350630283355
2024-07-31T02:55:40Z,0.7940719071775675
2024-07-31T03:01:45Z,-0.797108132392168
2024-07-31T03:39:49Z,0.9006833480671048
2024-07-31T03:40:36Z,0.5786873549222946
2024-07-31T04:50:33Z,0.8831418445333838
2024-07-31T04:56:15Z,0.7597287995740771
2024-07-31T06:37:25Z,0.0195393022149801
2024-07-31T06:50:09Z,-0.9508046163246036
2024-07-31T08:39:00Z,-0.1627308875322342
2024-07-31T08:43:09Z,0.070960471406579
2024-07-31T08:52:38Z,0.451756140217185
2024-07-31T09:10:54Z,-0.0550909675657749
2024-07-31T09:44:47Z,0.7247043647803366
2024-07-31T11:43:10Z,0.0706038475036621
2024-07-31T12:01:46Z,0.8081396222114563
2024-07-31T12:28:01Z,0.6291882246732712
2024-07-31T13:07:15Z,0.1859792321920395
2024-07-31T13:18:14Z,-0.0160510595887899
2024-07-31T13:23:59Z,-0.6116116158664227
2024-07-31T13:51:29Z,-0.9269640445709229
2024-07-31T14:15:58Z,0.0047631952911615
2024-07-31T14:42:15Z,-0.785626508295536
2024-07-31T15:38:54Z,-0.8260666020214558
2024-07-31T15:48:54Z,-0.0195204019546508
2024-07-31T16:04:37Z,0.0005861558020114
2024-07-31T16:22:25Z,-0.1369635164737701
2024-07-31T16:46:37Z,-0.1456141769886016
2024-07-31T16:56:57Z,0.9180166199803352
2024-07-31T17:00:26Z,0.0104370303452014
2024-07-31T17:08:59Z,-0.8682290352880955
2024-07-31T17:23:22Z,-0.0883284211158752
2024-07-31T17:36:30Z,0.0162554085254669
2024-07-31T19:02:17Z,0.8961777687072754
2024-07-31T19:19:14Z,-0.271609241142869
2024-07-31T20:11:16Z,-0.9475907534360886
2024-07-31T20:38:06Z,0.7434261441230774
2024-08-01T05:05:49Z,0.1995858596637845
2024-08-01T07:34:57Z,0.9081791853532196
2024-08-01T09:13:02Z,-0.3711469769477844
2024-07-31T11:55:46Z,0.8639207780361176
2024-08-01T14:16:13Z,0.0040850080549716
2024-08-01T15:02:15Z,0.6922303438186646
2024-08-01T15:22:44Z,-0.7749710008502007
2024-08-01T15:58:14Z,0.8024893784895539
2024-08-01T19:36:40Z,-0.8309673368930817
2024-08-01T20:36:35Z,0.0133688524365425
2024-08-01T22:55:33Z,0.013028809800744
2024-08-02T09:05:15Z,-0.9603956816717982
2024-08-02T09:25:04Z,-0.9528641421347857
2024-08-02T12:21:56Z,-0.5429604947566986
2024-08-02T12:47:10Z,-0.275692880153656
2024-08-02T14:30:48Z,0.0034923981875181
2024-08-02T14:38:17Z,-0.8117971420288086
2024-08-02T17:00:26Z,-0.0222480557858943
2024-08-02T18:20:48Z,-0.0069137811660766
2024-08-02T19:31:58Z,0.0286808777600526
2024-08-02T20:09:25Z,-0.8117234520614147
2024-08-02T20:55:18Z,0.0040745884180068
2024-08-03T12:57:34Z,0.0138241127133369
2024-08-03T19:45:11Z,-0.6744878403842449
2024-08-04T13:26:27Z,-0.175725657492876
2024-08-04T16:30:36Z,0.0318592116236686
2024-08-05T03:43:02Z,-0.8921092245727777
2024-08-05T04:08:31Z,-0.8978403629735112
2024-08-05T11:27:23Z,-0.935387933626771
2024-08-05T10:50:52Z,-0.9546441603451968
2024-08-05T11:40:13Z,-0.9436448104679585
2024-08-05T14:13:55Z,0.0033509563654661
2024-08-05T14:11:45Z,-0.9634220404550432
2024-08-05T15:00:11Z,0.1509072994813323
2024-08-05T15:49:19Z,0.7419631304219365
2024-08-05T17:35:11Z,0.052553815767169
2024-08-05T18:53:36Z,-0.5023216791450977
2024-08-05T19:00:26Z,0.1885505961254239
2024-08-05T19:34:28Z,-0.794590350240469
2024-08-06T02:41:01Z,-0.2546001840382814
2024-08-06T12:27:01Z,-0.1376166939735412
2024-08-06T13:27:28Z,-0.6647476647049189
2024-08-06T13:31:51Z,0.1701997644267976
2024-08-06T15:46:41Z,0.0040231775492429
2024-08-06T16:02:33Z,-0.941950778476894
2024-08-06T16:10:55Z,-0.1022782027721405
2024-08-06T16:47:53Z,-0.2104517072439193
2024-08-06T17:25:24Z,-0.1829822957515716
2024-08-06T17:35:25Z,0.1368024861440062
2024-08-06T17:50:02Z,0.6288028042763472
2024-08-07T01:31:24Z,-0.953229115344584
2024-08-07T01:41:28Z,-0.0400584675371646
2024-08-07T02:56:28Z,-0.4230837058275938
2024-08-07T11:06:10Z,0.5116273695603013
2024-08-07T13:01:14Z,0.9119830252602696
2024-08-07T14:47:01Z,0.2585503160953522
2024-08-07T17:00:37Z,-0.5075413398444653
2024-08-07T17:35:12Z,-0.0039224773645401
2024-08-07T19:51:11Z,-0.3074980638921261
2024-08-07T20:15:32Z,0.007502632215619
2024-08-08T08:00:36Z,-0.0357872545719146
2024-08-08T08:26:06Z,-0.8754520881921053
2024-08-08T09:59:15Z,-0.942699803970754
2024-08-08T10:59:51Z,0.8703056182712317
2024-08-08T12:00:45Z,0.163436759263277
2024-08-08T12:05:53Z,0.7441329695284367
2024-08-08T12:24:54Z,-0.542327918112278
2024-08-08T13:36:53Z,0.4162545278668403
2024-08-08T13:37:20Z,-0.5237356685101986
2024-08-08T13:37:28Z,-0.9330425318330526
2024-08-08T13:37:43Z,-0.6359105706214905
2024-08-08T14:28:05Z,0.0032580588012933
2024-08-08T14:14:05Z,-0.8592639658600092
2024-08-08T15:38:53Z,0.2815071046352386
2024-08-08T16:25:02Z,-0.9303171336650848
2024-08-08T17:35:12Z,0.052553815767169
2024-08-08T18:06:11Z,-0.3935349285602569
2024-08-08T18:49:47Z,0.1460598036646843
2024-08-08T19:05:55Z,-0.955793040804565
2024-08-08T19:15:24Z,-0.9039530195295812
2024-08-08T19:59:04Z,-0.0166206136345863
2024-08-09T02:20:57Z,-0.8069584220647812
2024-08-09T10:03:25Z,0.6115903109312057
2024-08-09T10:16:39Z,-0.85913903452456
2024-08-09T10:45:19Z,-0.8453708495944738
2024-08-09T12:33:41Z,-0.4556623790413141
2024-08-09T14:03:02Z,0.0380785539746284
2024-08-09T14:50:29Z,0.0036005098372697
2024-08-09T16:01:29Z,-0.6760189980268478
2024-08-09T17:13:36Z,-0.8695169612765312
2024-08-09T17:35:14Z,0.052553815767169
2024-08-09T18:53:46Z,0.1045452207326889
2024-08-10T13:00:24Z,-0.1652528345584869
2024-08-11T15:07:41Z,0.0495569445192813
2024-08-11T17:00:19Z,-0.8632038459181786
2024-08-12T01:46:12Z,-0.3485070765018463
2024-08-12T13:00:50Z,0.1236143941059708
2024-08-12T13:03:42Z,0.1248541884124279
2024-08-12T13:10:42Z,0.3090502358973026
2024-08-12T14:05:11Z,0.906490694731474
2024-08-12T14:27:11Z,-0.0238334685564041
2024-08-12T17:35:12Z,0.052553815767169
2024-08-12T17:48:04Z,0.113958865404129
2024-08-12T17:48:06Z,0.1595230484381318
2024-08-13T12:45:56Z,-0.0317738726735115
2024-08-13T14:22:11Z,0.0026599857956171
2024-08-13T15:09:13Z,-0.7964164353907108
2024-08-13T17:35:12Z,-0.0039224773645401
2024-08-13T19:28:47Z,0.8896939819678664
2024-08-14T12:56:52Z,0.8932386208325624
2024-08-14T13:00:43Z,-0.9470343291759492
2024-08-14T13:16:22Z,0.7845442886464298
2024-08-14T14:21:36Z,0.2175086438655853
2024-08-14T14:31:34Z,0.0037706531584262
2024-08-14T17:35:17Z,-0.0039224773645401
2024-08-15T14:00:38Z,0.0128036774694919
2024-08-15T15:04:19Z,0.1303627723827958
2024-08-15T15:07:42Z,0.0028432123363018
2024-08-15T18:38:50Z,0.0155150834470987
2024-08-15T19:32:10Z,0.4726788103580475
2024-08-15T20:58:20Z,0.1736277658492326
2024-08-16T13:47:54Z,0.0022878386080265
2024-08-16T17:14:25Z,-0.3088296819478273
2024-08-16T17:35:15Z,-0.0039224773645401
2024-08-16T18:04:03Z,-0.7953319624066353
2024-08-16T19:50:50Z,-0.4445244781672954
2024-08-17T13:00:24Z,0.0384726766496896
2024-08-17T16:00:26Z,0.1110854092985391
2024-08-19T15:00:11Z,0.3974363785237074
2024-08-19T15:17:00Z,-0.6735313683748245
2024-08-19T15:45:50Z,0.0977584403008222
2024-08-19T16:22:02Z,0.1505201831459999
2024-08-19T17:29:47Z,-0.4541729092597961
2024-08-19T17:35:12Z,-0.0039224773645401
2024-08-20T13:14:56Z,-0.6724041868001223
2024-08-20T15:34:08Z,0.7209317684173584
2024-08-20T16:31:30Z,-0.5199818853288889
2024-08-20T16:50:59Z,0.1315343333408236
2024-08-20T16:52:17Z,0.0447409693151712
2024-08-20T17:09:03Z,0.0520155020058155
2024-08-20T17:35:11Z,0.052553815767169
2024-08-20T18:10:17Z,0.6465771291404963
2024-08-21T14:17:44Z,0.0109653249382972
2024-08-21T15:46:52Z,-0.7096419930458069
2024-08-21T17:00:05Z,0.0380775779485702
2024-08-21T17:35:11Z,-0.0039224773645401
2024-08-21T18:04:05Z,-0.2741513960063457
2024-08-21T19:42:57Z,-0.1241808608174324
2024-08-21T20:14:11Z,-0.9518868625164032
2024-08-22T07:15:10Z,0.0741257965564727
2024-08-22T13:46:39Z,0.0064381062984466
2024-08-22T15:07:42Z,-0.8741003908216953
2024-08-22T17:35:10Z,0.052553815767169
2024-08-22T17:40:37Z,0.2799764545634389
2024-08-22T20:41:15Z,-0.9523022938519716
2024-08-23T06:38:25Z,0.401638600975275
2024-08-23T09:20:09Z,0.1774353617802262
2024-08-23T11:34:07Z,-0.4222511276602745
2024-08-23T12:25:55Z,-0.4122909158468246
2024-08-23T15:03:41Z,-0.0235654264688491
2024-08-23T15:16:51Z,0.1531050112098455
2024-08-23T17:35:15Z,0.052553815767169
2024-08-23T18:59:28Z,0.0039656460285186
2024-08-24T07:03:12Z,0.723699301481247
2024-08-24T15:00:18Z,0.1104219555854797
2024-08-24T17:15:28Z,-0.9124709144234656
2024-08-26T10:17:19Z,0.02083695307374
2024-08-26T12:17:52Z,0.928046366199851
2024-08-26T16:04:48Z,-0.8795349560678005
2024-08-26T17:36:33Z,-0.1373314186930656
2024-08-26T20:32:00Z,-0.6234843283891678
2024-08-27T11:33:27Z,0.5075611229985952
2024-08-27T13:01:08Z,-0.0093129593878984
2024-08-27T13:27:07Z,0.8698766203597188
2024-08-27T16:45:50Z,0.5214148014783859
2024-08-27T17:35:13Z,0.052553815767169
2024-08-27T17:45:10Z,0.7794785220175982
2024-08-28T09:38:10Z,0.672117231413722
2024-08-28T10:07:05Z,0.9201371241360904
2024-08-28T12:34:20Z,-0.7935815155506134
2024-08-28T14:06:18Z,0.0136749632656574
2024-08-28T14:51:51Z,0.0176757276058197
2024-08-28T16:35:11Z,0.2451687431894242
2024-08-28T18:41:24Z,-0.9126374972984196
2024-08-28T19:29:18Z,0.0137757696211338
2024-08-28T19:30:24Z,0.7756963316351175
2024-08-28T22:13:53Z,0.8657590709626675
2024-08-29T14:46:51Z,-0.0080040581524372
2024-08-29T17:35:14Z,-0.0039224773645401
2024-08-29T17:44:45Z,0.6034250967204571
2024-08-29T17:45:50Z,0.7993868384510279
2024-08-29T16:53:14Z,0.3143317587673664
2024-08-29T19:01:21Z,0.1360133001580834
2024-08-29T19:10:08Z,0.8270453829318285
2024-08-30T09:51:06Z,0.0211908258497715
2024-08-30T13:59:57Z,0.0867654168978333
2024-08-30T14:14:29Z,0.919008431956172
2024-08-30T16:05:49Z,-0.8217394389212132
2024-08-30T17:35:11Z,-0.0039224773645401
2024-08-30T18:19:49Z,0.0748755112290382
2024-08-30T19:38:15Z,-0.0953102279454469
2024-08-31T08:42:18Z,0.3288049539551139
2024-09-02T13:07:21Z,0.4652195889502764
2024-09-02T15:00:13Z,0.4251770600676536
2024-09-02T20:31:36Z,0.0611499333754181
2024-09-03T10:43:32Z,0.6631541475653648
2024-09-03T13:27:59Z,-0.6112113017588854
2024-09-03T13:33:30Z,-0.95460319891572
2024-09-03T15:41:33Z,-0.0052335876971483
2024-09-03T16:26:57Z,-0.393450990319252
2024-09-03T17:35:12Z,0.052553815767169
2024-09-04T06:29:37Z,0.2303031217306852
2024-09-04T13:10:02Z,-0.4510597586631775
2024-09-04T15:48:04Z,-0.4941557347774505
2024-09-04T16:35:53Z,0.8798736520111561
2024-09-04T17:03:09Z,-0.8375527895987034
2024-09-04T17:17:00Z,-0.8245516372844577
2024-09-04T19:53:13Z,-0.8922396078705788
2024-09-04T22:26:24Z,0.0288295857608318
2024-09-05T02:09:13Z,-0.5785632580518723
2024-09-05T04:54:15Z,-0.908225627616048
2024-09-05T14:02:55Z,0.1162246223539114
2024-09-05T14:16:14Z,0.0161010455340147
2024-09-05T16:24:25Z,-0.1817163974046707
2024-09-05T17:35:13Z,0.052553815767169
2024-09-05T18:56:39Z,-0.9091379893943669
2024-09-05T19:02:19Z,-0.877650922164321
2024-09-05T19:37:11Z,0.2389620672911405
2024-09-05T20:02:33Z,-0.6139937900006771
2024-09-05T20:56:58Z,0.7671253876760602
2024-09-06T12:17:26Z,-0.0037559606134891
2024-09-06T15:54:37Z,-0.898790268227458
2024-09-06T18:28:40Z,-0.947730022482574
2024-09-06T20:40:00Z,-0.9480884559452534
2024-09-08T13:08:28Z,-0.002238992601633
2024-09-08T15:34:36Z,-0.9315027222037316
2024-09-08T15:47:17Z,0.2572746220976114
2024-09-09T08:24:24Z,-0.9023932535201312
2024-09-09T11:47:00Z,-0.0187891069799661
2024-09-09T18:57:09Z,0.2710095942020416
2024-09-10T08:56:22Z,0.616416784003377
2024-09-10T12:16:56Z,-0.0184136629104614
2024-09-10T13:05:25Z,0.8417765512131155
2024-09-10T13:20:49Z,0.8849818306043744
2024-09-10T14:03:41Z,0.0341507336124777
2024-09-10T14:54:35Z,0.9331102669239044
2024-09-10T15:01:15Z,-0.4112265184521675
2024-09-10T16:02:50Z,0.9306190852075816
2024-09-10T17:12:03Z,-0.9265713207423688
2024-09-10T18:31:05Z,0.9271721104159952
2024-09-10T18:46:51Z,0.372646679636091
2024-09-10T19:31:28Z,0.0406378675252199
2024-09-11T07:05:38Z,-0.926036385819316
2024-09-11T12:54:29Z,0.8281043861061335
2024-09-11T13:01:44Z,0.3525139256380498
2024-09-11T14:35:10Z,-0.886846762150526
2024-09-11T14:37:38Z,0.0166356526315212
2024-09-11T17:35:12Z,-0.0039224773645401
2024-09-11T19:52:46Z,0.1658889818936586
2024-09-11T23:07:08Z,0.0445638615638017
2024-09-12T03:33:06Z,0.796928197145462
2024-09-12T07:34:37Z,0.8110362272709608
2024-09-12T11:49:26Z,0.8135030493140221
2024-09-12T07:45:48Z,0.3272586762905121
2024-09-12T13:58:45Z,0.1298701670020818
2024-09-12T14:08:21Z,0.7994134351611137
2024-09-12T14:14:14Z,0.5815970525145531
2024-09-12T14:39:31Z,0.0592893660068511
2024-09-12T14:45:32Z,-0.9515581503510476
2024-09-12T15:01:51Z,0.4226456582546234
2024-09-12T15:36:44Z,0.0044387094676494
2024-09-12T17:12:45Z,0.0638248315081
2024-09-12T17:35:12Z,0.052553815767169
2024-09-12T17:54:31Z,0.0895443120971322
2024-09-12T17:59:06Z,-0.0215377174317836
2024-09-12T18:07:52Z,0.8270283043384552
2024-09-12T18:11:29Z,0.1521009486168623
2024-09-12T18:34:11Z,0.2487146090716123
2024-09-12T18:39:20Z,0.098203444853425
2024-09-12T19:00:51Z,-0.0403349455446004
2024-09-12T20:33:44Z,-0.938446119427681
2024-09-12T11:30:52Z,-0.9490339057520032
2024-09-13T12:02:37Z,0.4008751912042498
2024-09-13T12:23:21Z,0.2938852738589048
2024-09-13T14:42:54Z,0.0544874304905533
2024-09-13T15:29:44Z,0.6390388756990433
2024-09-13T16:10:29Z,-0.8617579899728298
2024-09-13T17:35:27Z,-0.0039224773645401
2024-09-13T18:08:41Z,-0.959145654924214
2024-09-14T07:17:44Z,0.0744906514883041
2024-09-15T20:03:36Z,-0.7875622995197773
2024-09-16T06:24:59Z,0.8881875462830067
2024-09-16T11:48:13Z,-0.9099882785230876
2024-09-16T15:00:12Z,0.1201139250770211
2024-09-16T15:05:49Z,0.2808023393154144
2024-09-16T18:43:19Z,0.8376238001510501
2024-09-16T20:14:30Z,0.2959079230204224
2024-09-16T21:46:42Z,0.8271567737683654
2024-09-16T21:58:41Z,0.5241308650001884
2024-09-16T21:59:57Z,0.8983924351632595
2024-09-17T01:44:56Z,0.923723142594099
2024-09-17T02:50:27Z,-0.0099311210215091
2024-09-17T06:15:36Z,0.0158549174666404
2024-09-17T11:02:12Z,0.640605391934514
2024-09-17T12:52:25Z,0.2583087049424648
2024-09-17T13:26:00Z,-0.3231256231665611
2024-09-17T13:27:46Z,-0.0239507853984832
2024-09-17T14:02:25Z,0.576010525226593
2024-09-17T14:27:48Z,-0.0857646614313125
2024-09-17T15:00:06Z,0.6768957749009132
2024-09-17T17:01:30Z,0.6153183951973915
2024-09-17T17:44:20Z,-0.0567118152976036
2024-09-17T18:18:15Z,0.2835804177448153
2024-09-17T19:56:06Z,-0.8898522183299065
2024-09-17T20:08:03Z,0.124193025752902
2024-09-17T20:25:59Z,0.8695319164544344
2024-09-17T21:08:42Z,0.6863114610314369
2024-09-18T02:41:18Z,-0.7835237197577953
2024-09-18T04:50:52Z,0.6571655664592981
2024-09-18T10:05:55Z,-0.4868812300264835
2024-09-18T15:17:17Z,0.2558956844732165
2024-09-18T17:18:02Z,0.6515418142080307
2024-09-18T18:14:54Z,0.8452211352996528
2024-09-18T19:49:47Z,0.8113806564360857
2024-09-19T01:38:39Z,-0.5348824374377728
2024-09-19T04:30:12Z,-0.2417685072869062
2024-09-19T08:25:59Z,-0.3812029659748077
2024-09-19T12:12:49Z,0.7150733396410942
2024-09-19T12:37:21Z,0.2553737200796604
2024-09-19T13:07:24Z,-0.4078331477940082
2024-09-19T14:33:33Z,0.5666174329817295
2024-09-19T15:13:00Z,-0.1124328598380088
2024-09-19T17:35:21Z,0.1667724065482616
2024-09-19T17:35:23Z,-0.0039224773645401
2024-09-19T21:51:59Z,0.2037417348474264
2024-09-20T10:09:35Z,-0.3342031575739383
2024-09-20T13:07:40Z,0.5874284915626049
2024-09-20T13:48:39Z,0.0706873461604118
2024-09-20T14:21:29Z,-0.9117462374269962
2024-09-20T14:28:58Z,0.1750652529299259
2024-09-20T14:30:02Z,0.8560150163248181
2024-09-20T15:38:07Z,-0.4921044465154409
2024-09-20T17:35:22Z,-0.0039224773645401
2024-09-20T17:59:28Z,0.0311149917542934
2024-09-20T18:39:39Z,-0.321851197630167
2024-09-20T18:51:42Z,0.6353816539049149
2024-09-20T19:06:47Z,-0.5809747353196144
2024-09-21T15:45:20Z,0.0495911464095115
2024-09-22T12:00:25Z,0.1847267160192132
2024-09-22T16:15:21Z,0.2532988041639328
2024-09-22T20:43:18Z,0.0379887595772743
2024-09-23T03:04:18Z,0.427193971350789
2024-09-23T11:21:11Z,0.8192293727770448
2024-09-23T11:59:56Z,-0.8355957716703415
2024-09-23T12:26:17Z,0.0161750819534063
2024-09-23T12:30:37Z,-0.1678980886936187
2024-09-23T12:58:00Z,0.2212312128394842
2024-09-23T13:07:19Z,-0.3874387573450804
2024-09-23T13:27:38Z,-0.719447985291481
2024-09-23T14:34:30Z,0.0987582029774785
2024-09-23T14:59:47Z,0.8177098333835602
2024-09-23T16:42:27Z,0.7778018033131957
2024-09-23T17:10:21Z,-0.9572177259251476
2024-09-23T19:18:54Z,0.0915995920076966
2024-09-23T19:51:28Z,0.0722178779542446
2024-09-24T04:04:46Z,0.4309409782290458
2024-09-24T13:55:32Z,0.3999733421951532
2024-09-24T14:35:20Z,0.250794131308794
2024-09-24T15:40:33Z,0.5053467303514481
2024-09-24T16:14:53Z,0.4302400080487132
2024-09-24T17:35:12Z,0.052553815767169
2024-09-24T18:03:32Z,0.7635763166472316
2024-09-24T18:40:19Z,0.7383580207824707
2024-09-24T22:59:07Z,0.508164718747139
2024-09-25T01:34:11Z,-0.8460267335176468
2024-09-25T10:41:54Z,0.899309990927577
2024-09-25T13:00:48Z,0.0481130797415971
2024-09-25T13:29:30Z,-0.8739767000079155
2024-09-25T16:03:55Z,0.08334422390908
2024-09-25T16:23:29Z,0.734737791121006
2024-09-25T17:24:02Z,0.1335529126226902
2024-09-25T17:35:12Z,-0.0039224773645401
2024-09-25T17:44:00Z,0.0903338100761175
2024-09-25T18:10:50Z,0.5130981169641018
2024-09-25T18:25:10Z,-0.7733937576413155
2024-09-25T19:40:09Z,-0.3361493926495313
2024-09-25T20:14:02Z,0.0109424572438001
2024-09-26T02:21:32Z,0.1641732053831219
2024-09-26T11:19:08Z,0.5666974056512117
2024-09-26T14:46:54Z,0.7071732571348548
2024-09-26T16:01:19Z,0.0216352753341197
2024-09-26T16:17:37Z,0.793429534882307
2024-09-26T17:31:22Z,0.5122820716351271
2024-09-26T17:35:19Z,0.052553815767169
2024-09-26T17:37:37Z,0.7926851511001587
2024-09-26T17:53:00Z,-0.8428410105407238
2024-09-26T18:19:13Z,0.7586126010864973
2024-09-26T19:15:38Z,-0.017762379720807
2024-09-27T03:04:20Z,0.916033111512661
2024-09-27T13:23:31Z,0.6246362747624516
2024-09-27T14:23:55Z,0.4509235769510269
2024-09-27T14:48:18Z,0.0030078385025262
2024-09-27T15:30:03Z,-0.7052590399980545
2024-09-27T16:07:35Z,-0.0196873098611831
2024-09-27T16:25:04Z,0.1154346838593483
2024-09-27T17:29:59Z,-0.9544164733961223
2024-09-27T17:35:12Z,0.6595472488552332
2024-09-27T19:01:30Z,0.0482789501547813
2024-09-27T19:45:37Z,-0.4453710243105888
2024-09-27T19:54:32Z,0.0111536346375942
2024-09-28T05:48:46Z,0.529260789975524
2024-09-28T06:52:17Z,-0.0823749452829361
2024-09-28T12:42:48Z,0.0574701093137264
2024-09-29T11:00:21Z,-0.2182390205562114
2024-09-29T13:01:23Z,0.0302186086773872
2024-09-29T14:00:50Z,0.109880544245243
2024-09-30T13:22:40Z,-0.6077498476952314
2024-09-30T14:35:42Z,0.0037270635366439
2024-09-30T15:00:12Z,0.3974363785237074
2024-09-30T15:26:58Z,0.5103635638952255
2024-09-30T17:35:11Z,0.052553815767169
2024-09-30T17:39:00Z,-0.899379875510931
2024-09-30T17:51:32Z,-0.013609156012535
2024-09-30T19:41:15Z,0.3573766015470028
2024-10-01T03:16:10Z,0.6070203129202127
2024-10-01T11:19:26Z,0.9132969076745212
2024-10-01T11:43:31Z,0.5455876141786575
2024-10-01T12:55:03Z,0.4078024560585618
2024-10-01T13:46:45Z,0.1512353019788861
2024-10-01T14:06:07Z,0.4013665243983269
2024-10-01T14:58:51Z,0.0044413227587938
2024-10-01T16:57:04Z,0.11801777780056
2024-10-01T17:16:24Z,0.1935104904696345
2024-10-01T18:11:05Z,0.7224178537726402
2024-10-01T19:33:56Z,0.8956650365144014
2024-10-02T04:47:21Z,0.9155410025268792
2024-10-02T09:11:08Z,-0.6433506738394499
2024-10-02T12:03:22Z,0.9014580557122828
2024-10-02T12:30:45Z,0.5910631716251373
2024-10-02T15:10:46Z,0.003518434241414
2024-10-02T15:18:42Z,0.9016915410757064
2024-10-02T15:46:40Z,0.7737857699394226
2024-10-02T15:48:50Z,0.5320509225130081
2024-10-02T16:17:06Z,0.0567078292369842
2024-10-02T16:38:06Z,0.3325830735266208
2024-10-02T17:30:03Z,0.032299805432558
2024-10-02T17:35:12Z,0.052553815767169
2024-10-02T19:01:59Z,0.0837150793522596
2024-10-02T19:27:48Z,0.8552521839737892
2024-10-03T02:06:46Z,0.4164091208949685
2024-10-03T08:13:06Z,0.3255796059966087
2024-10-03T12:31:55Z,0.8822695696726441
2024-10-03T14:05:29Z,0.0296053998172283
2024-10-03T14:18:16Z,0.8736466867849231
2024-10-03T14:52:53Z,0.003518434241414
2024-10-03T15:21:29Z,0.0742970593273639
2024-10-03T17:12:30Z,0.1791053311899304
2024-10-03T17:15:02Z,-0.9211807996034622
2024-10-03T15:39:18Z,-0.9511749679222704
2024-10-03T17:35:14Z,-0.0039224773645401
2024-10-03T20:27:24Z,0.0370136275887489
2024-10-03T21:36:02Z,-0.2535312250256538
2024-10-04T02:11:16Z,0.9317914741113782
2024-10-04T14:03:04Z,-0.0282713994383811
2024-10-04T14:52:54Z,0.0038080643862485
2024-10-04T15:59:06Z,0.1449573552235961
2024-10-04T16:05:54Z,-0.7252968233078718
2024-10-04T16:43:16Z,0.0931377029046416
2024-10-04T17:35:10Z,-0.0039224773645401
2024-10-05T17:45:29Z,-0.5997611917555332
2024-10-06T12:00:20Z,-0.949974013492465
2024-10-07T03:17:27Z,-0.8838333711028099
2024-10-07T04:03:37Z,-0.9656411558389664
2024-10-07T11:07:42Z,0.7837743717245758
2024-10-07T13:26:28Z,-0.0236299391835927
2024-10-07T13:34:27Z,0.9272270407527684
2024-10-07T14:16:06Z,0.0036987718194723
2024-10-07T14:46:42Z,0.3476756177842617
2024-10-07T15:20:51Z,-0.8004030920565128
2024-10-07T17:44:43Z,0.0585846807807683
2024-10-08T12:38:43Z,0.8976428834721446
2024-10-08T13:16:55Z,-0.0241490174084901
2024-10-08T13:49:13Z,0.1647774241864681
2024-10-08T14:00:20Z,0.0209342613816261
2024-10-08T14:38:43Z,0.0039386339485645
2024-10-08T15:16:50Z,-0.94606770016253
2024-10-08T15:26:30Z,0.7258044136688113
2024-10-08T15:35:31Z,0.0794854452833533
2024-10-08T16:13:16Z,-0.0343674272298812
2024-10-08T16:31:05Z,-0.0195130296051502
2024-10-08T17:35:12Z,0.052553815767169
2024-10-08T17:52:30Z,-0.1551994234323501
2024-10-08T18:17:46Z,-0.7684289366006851
2024-10-08T20:42:53Z,-0.5217260085046291
2024-10-09T09:18:04Z,0.2299763346090912
2024-10-09T10:01:54Z,0.9308481104671956
2024-10-09T13:14:05Z,-0.0242051351815462
2024-10-09T13:24:23Z,0.8743846835568547
2024-10-09T14:37:30Z,0.0036941226571798
2024-10-09T15:33:54Z,0.0288952849805355
2024-10-09T16:25:48Z,0.7867691572755575
2024-10-09T17:35:12Z,0.052553815767169
2024-10-10T06:24:22Z,0.0203874334692955
2024-10-10T09:43:09Z,-0.0438370555639267
2024-10-10T10:54:14Z,0.0564995929598808
2024-10-10T11:21:11Z,0.1360044479370117
2024-10-10T12:35:23Z,-0.001643281430006
2024-10-10T14:25:16Z,0.0033357199281454
2024-10-10T15:01:56Z,0.8593162139877677
2024-10-10T16:12:02Z,-0.6721544861793518
2024-10-10T16:23:11Z,0.02871935069561
2024-10-10T17:35:17Z,-0.0039224773645401
2024-10-10T17:38:08Z,0.9252643659710884
2024-10-10T18:00:23Z,0.3885631430894136
2024-10-10T20:56:41Z,0.9250753670930862
2024-10-11T15:27:17Z,0.0849964413791894
2024-10-11T16:12:44Z,0.2094851294532418
2024-10-11T12:47:35Z,0.9370201528072356
2024-10-11T18:06:26Z,0.8500195373781025
2024-10-11T18:53:46Z,0.2106056977063417
2024-10-12T17:30:42Z,-0.0147315934300422
2024-10-13T13:00:51Z,0.0414455663412809
2024-10-14T14:32:58Z,0.7689317408949137
2024-10-14T14:44:22Z,0.0039312150329351
2024-10-14T14:55:54Z,0.8083908911794424
2024-10-14T15:00:12Z,0.0538273025304079
2024-10-14T15:34:11Z,0.1711196005344391
2024-10-14T17:24:55Z,0.2233685636892914
2024-10-14T17:35:13Z,-0.0039224773645401
2024-10-14T19:13:58Z,0.0373204220086336
2024-10-15T01:45:19Z,-0.2743985094130039
2024-10-07T16:08:48Z,0.4812069376930594
2024-10-15T15:07:08Z,0.7596611902117729
2024-10-15T15:33:24Z,0.002883493900299
2024-10-15T16:21:42Z,-0.4597885981202125
2024-10-15T18:34:26Z,-0.8410527184605598
2024-10-15T19:09:44Z,0.6546815689653158
2024-10-16T01:44:15Z,0.9043206796050072
2024-10-16T06:33:26Z,0.814485187176615
2024-10-16T06:58:51Z,0.8347739614546299
2024-10-16T13:46:30Z,0.4116462599486112
2024-10-16T13:52:37Z,0.922082394361496
2024-10-16T14:25:11Z,0.0035395361483097
2024-10-16T17:35:12Z,-0.0039224773645401
2024-10-16T18:21:10Z,-0.0023202747106552
2024-10-16T19:58:09Z,-0.0103618167340755
2024-10-17T13:02:07Z,-0.9246530849486588
2024-10-17T14:19:10Z,0.0027212165296077
2024-10-17T15:49:47Z,-0.317005306482315
2024-10-17T16:05:23Z,0.5134521368891001
2024-10-17T16:59:40Z,0.1648584101349115
2024-10-17T17:35:13Z,0.052553815767169
2024-10-17T17:55:23Z,-0.513978511095047
2024-10-17T17:55:53Z,0.7001880337484181
2024-10-17T18:35:58Z,0.2644734755158424
2024-10-17T19:50:23Z,0.0255183894187212
2024-10-18T09:07:19Z,0.0797324776649475
2024-10-18T09:22:55Z,0.8912140130996704
2024-10-18T11:34:20Z,0.8978740330785513
2024-10-18T12:01:38Z,0.0545354261994361
2024-10-18T16:43:51Z,-0.0137727037072181
2024-10-18T17:00:57Z,-0.0792948752641677
2024-10-18T16:31:58Z,0.3720890134572983
2024-10-18T17:31:35Z,0.0028033051639795
2024-10-18T17:35:16Z,-0.0039224773645401
2024-10-18T19:08:07Z,0.0212322678416967
2024-10-18T19:12:52Z,-0.7494452148675919
2024-10-18T19:28:43Z,0.223495677113533
2024-10-20T05:50:32Z,0.1350966468453407
2024-10-20T17:45:54Z,-0.575598631054163
2024-10-20T19:48:19Z,-0.0262212753295898
2024-10-20T20:00:55Z,-0.0335381124168634
2024-10-21T04:59:48Z,0.89993457775563
2024-10-21T13:13:22Z,0.1483709989115595
2024-10-21T13:45:35Z,0.1586630195379257
2024-10-21T14:59:50Z,-0.9480572696775198
2024-10-21T17:35:12Z,0.052553815767169
2024-10-21T18:01:21Z,-0.1463106721639633
2024-10-21T18:19:52Z,0.5779422037303448
2024-10-22T02:50:50Z,0.5807832544669509
2024-10-22T04:42:20Z,0.1340953223407268
2024-10-22T06:07:38Z,-0.0041763223707675
2024-10-22T07:54:21Z,-0.9150415658950806
2024-10-22T13:21:11Z,0.5949510624632239
2024-10-22T13:35:51Z,-0.0244484767317771
2024-10-22T13:46:29Z,-0.1803164016455412
2024-10-22T15:08:13Z,0.0036561004817485
2024-10-22T15:21:49Z,0.0741387940943241
2024-10-22T17:32:03Z,0.9131091330200434
2024-10-22T17:35:13Z,-0.0039224773645401
2024-10-22T18:20:48Z,0.0531276185065507
2024-10-22T19:50:54Z,-0.0705740749835968
2024-10-23T12:39:02Z,0.0721355807036161
2024-10-23T13:29:25Z,-0.0952749699354171
2024-10-23T13:35:26Z,-0.0241948273032903
2024-10-23T14:39:06Z,0.0030161458998918
2024-10-23T14:52:36Z,0.2679187282919884
2024-10-23T15:39:48Z,-0.34011035785079
2024-10-23T16:01:02Z,-0.489774901419878
2024-10-23T16:16:30Z,0.0401531755924224
2024-10-23T16:29:13Z,0.2157133482396602
2024-10-23T16:41:03Z,-0.577570952475071
2024-10-23T17:08:11Z,-0.2485864832997322
2024-10-23T17:07:53Z,0.0666912533342838
2024-10-23T17:35:13Z,-0.0039224773645401
2024-10-23T20:53:35Z,0.8517016926780343
2024-10-24T12:35:16Z,0.8338853567838669
2024-10-24T16:21:00Z,0.9116931855678558
2024-10-24T18:53:25Z,0.1889738142490387
2024-10-25T04:11:49Z,0.0752489864826202
2024-10-25T07:21:53Z,-0.9312945362180473
2024-10-25T08:33:34Z,-0.9422654611989856
2024-10-25T10:30:40Z,0.6813602894544601
2024-10-25T11:51:19Z,-0.0166654288768768
2024-10-25T14:01:44Z,0.648902541026473
2024-10-25T16:54:06Z,-0.010394312441349
2024-10-25T17:19:53Z,-0.2299114316701889
2024-10-25T18:04:36Z,0.0670190565288066
2024-10-25T18:23:27Z,0.7827443331480026
2024-10-25T18:28:58Z,0.0132932309061288
2024-10-25T19:19:22Z,0.0557834412902593
2024-10-25T20:10:47Z,-0.0128703340888023
2024-10-25T20:40:37Z,0.0586722493171691
2024-10-25T22:42:02Z,0.1834069704636931
2024-10-26T05:06:56Z,0.1759976912289858
2024-10-27T04:36:02Z,-0.957647024653852
2024-10-27T13:30:43Z,-0.8758546933531761
2024-10-28T02:03:59Z,0.7156239561736584
2024-10-28T08:56:01Z,0.8151834784075618
2024-10-28T08:56:16Z,0.1530895987525582
2024-10-28T11:30:48Z,-0.6990507543087006
2024-10-28T15:00:13Z,0.3974363785237074
2024-10-28T15:02:41Z,0.2495482265949249
2024-10-28T15:10:17Z,-0.5176574885845184
2024-10-28T15:17:18Z,0.004873264580965
2024-10-28T17:07:56Z,0.5898233503103256
2024-10-28T17:35:11Z,-0.0039224773645401
2024-10-28T17:37:11Z,0.15344431810081
2024-10-28T17:57:54Z,0.004604110494256
2024-10-28T20:26:08Z,0.0146700330078601
2024-10-29T07:49:59Z,-0.8938532704487443
2024-10-29T08:59:20Z,0.0835156608372926
2024-10-29T12:17:51Z,0.8976535629481077
2024-10-29T12:32:19Z,0.0857172310352325
2024-10-29T11:42:50Z,-0.8715939857065678
2024-10-29T15:04:06Z,0.0041215121746063
2024-10-29T15:15:22Z,0.2784345699474215
2024-10-29T15:47:22Z,-0.2040482759475708
2024-10-29T16:15:07Z,0.7625515079125762
2024-10-29T16:42:37Z,0.1206850698217749
2024-10-29T16:43:42Z,-0.9320983784273268
2024-10-29T16:50:08Z,0.4356403853744268
2024-10-29T17:53:42Z,-0.9482925459742546
2024-10-29T18:44:53Z,0.1564514171332121
2024-10-29T18:51:44Z,0.0118364263325929
2024-10-29T18:59:30Z,0.1399587457999587
2024-10-30T02:41:34Z,-0.0086323991417884
2024-10-30T06:03:17Z,0.0126013271510601
2024-10-30T08:55:51Z,-0.0331429317593574
2024-10-30T06:11:24Z,-0.5634525567293167
2024-10-30T11:08:49Z,0.9072061292827128
2024-10-30T13:34:15Z,-0.024094259366393
2024-10-30T15:38:25Z,0.8157689794898033
2024-10-30T16:45:42Z,-0.0002131201326847
2024-10-30T17:35:16Z,0.052553815767169
2024-10-30T17:35:06Z,-0.8671405334025621
2024-10-16T18:17:12Z,-0.0341318286955356
2024-10-30T19:25:31Z,-0.362161636352539
2024-10-30T19:27:15Z,0.0041492916643619
2024-10-30T20:03:20Z,0.4166931509971618
2024-10-30T20:21:56Z,0.0725279059261083
2024-10-31T02:31:28Z,-0.0135021191090345
2024-10-31T01:52:58Z,0.6136108636856079
2024-10-31T03:28:07Z,0.8913699006661773
2024-10-31T05:36:41Z,0.9160339189693332
2024-10-31T09:00:59Z,0.8799872873350978
2024-10-31T10:11:36Z,0.0065135098993778
2024-10-31T10:22:08Z,-0.94693835824728
2024-10-31T11:19:54Z,0.7641016095876694
2024-10-31T11:21:53Z,-0.0306905675679445
2024-10-31T11:27:57Z,-0.8860566467046738
2024-10-31T12:38:32Z,0.8860928355716169
2024-10-31T13:16:49Z,-0.0235122963786125
2024-10-31T13:37:51Z,-0.9544425085186958
2024-10-31T13:56:54Z,-0.959150657057762
2024-10-31T14:34:53Z,-0.0037934333086013
2024-10-31T14:56:56Z,0.9069563522934914
2024-10-31T15:41:10Z,-0.1607663631439209
2024-10-31T16:08:17Z,-0.0117254368960857
2024-10-31T16:13:54Z,0.9124427493661642
2024-10-31T16:30:05Z,0.0897194519639015
2024-10-31T16:37:35Z,-0.94945209287107
2024-10-31T16:41:14Z,0.7842779355123639
2024-10-31T16:56:38Z,-0.5041591301560402
2024-10-31T17:19:49Z,-0.8311437945812941
2024-10-31T17:20:21Z,0.0178312044590711
2024-10-31T17:35:11Z,0.052553815767169
2024-10-31T18:52:37Z,0.4407684057950973
2024-10-31T19:40:32Z,0.0931241959333419
2024-10-31T20:34:34Z,0.7316132038831711
2024-11-01T07:07:01Z,-0.9043663162738084
2024-11-01T13:06:33Z,-0.8070712983608246
2024-11-01T13:19:15Z,-0.0231074597686529
2024-11-01T13:37:19Z,0.2121147084981203
2024-11-01T18:35:42Z,0.2255331864580512
2024-11-01T19:28:47Z,-0.8998615676537156
2024-11-04T08:52:54Z,0.9311057217419147
2024-11-04T12:49:37Z,0.6157171726226807
2024-11-04T13:11:10Z,0.1946794688701629
2024-11-04T14:37:45Z,0.0048136562108993
2024-11-04T16:05:09Z,0.0171946976333856
2024-11-04T16:56:43Z,0.0274707172065973
2024-11-04T17:35:12Z,-0.0039224773645401
2024-11-04T22:01:22Z,0.9034150931984186
2024-10-31T14:05:55Z,0.0823739822953939
2024-11-05T02:15:35Z,-0.7885934822261333
2024-11-05T06:03:33Z,0.0876091001555323
2024-11-05T11:20:22Z,-0.9275308344513178
2024-11-05T14:29:04Z,0.3957891357131302
2024-11-05T15:24:52Z,0.0046466998755931
2024-11-05T16:11:24Z,0.8995913006365299
2024-11-05T16:33:01Z,0.0281997919082641
2024-11-05T16:47:14Z,-0.785626508295536
2024-11-05T16:54:00Z,-0.3715251237154007
2024-11-05T17:31:39Z,0.0596995772793889
2024-11-05T20:00:29Z,0.0056868847459554
2024-11-05T20:31:30Z,0.2672433573752641
2024-11-06T08:53:04Z,0.9300244599580764
2024-11-06T14:08:22Z,0.1398523701354861
2024-11-06T17:13:15Z,-0.0550238117575645
2024-11-06T18:38:22Z,0.8087648535147309
2024-11-06T18:34:59Z,-0.007106963545084
2024-11-06T20:23:06Z,0.5706181852146983
2024-11-06T21:31:44Z,0.1997593697160482
2024-11-07T05:20:19Z,0.0749649703502655
2024-11-07T08:08:56Z,0.0174914747476577
2024-11-07T12:26:40Z,0.1846021665260195
2024-11-07T13:45:41Z,0.906899208202958
2024-11-07T14:05:12Z,0.0684707462787628
2024-11-07T14:10:52Z,0.0044598765671253
2024-11-07T17:01:17Z,0.0567078292369842
2024-11-07T17:35:16Z,0.052553815767169
2024-11-07T18:30:16Z,0.4490283280611038
2024-11-07T21:51:15Z,0.8313480578362942
2024-11-08T06:24:04Z,0.0343743888661265
2024-11-08T10:37:24Z,-0.6650412045419216
2024-11-08T17:35:22Z,-0.0039224773645401
2024-11-08T18:05:38Z,-0.0900494903326034
2024-11-08T20:57:06Z,-0.0319262444972991
2024-11-09T15:37:30Z,0.9333803467452526
2024-11-10T17:47:21Z,0.0908308792859315
2024-11-11T04:24:12Z,0.6572253950871527
2024-11-11T14:47:45Z,0.0032702758908271
2024-11-11T15:00:23Z,0.1509072994813323
2024-11-11T16:03:57Z,0.3675064779818058
2024-11-11T16:46:49Z,0.2915013134479522
2024-11-11T16:46:54Z,0.68690574914217
2024-11-12T05:09:01Z,-0.0015108585357666
2024-11-12T13:50:26Z,0.8669347427785397
2024-11-12T15:00:22Z,0.0538273025304079
2024-11-12T15:55:22Z,0.0036838855594396
2024-11-12T16:12:55Z,0.4637923575937748
2024-11-12T17:14:15Z,0.3840853124856949
2024-11-12T17:18:10Z,0.0091299619525671
2024-11-12T17:35:12Z,-0.0039224773645401
2024-11-12T17:35:28Z,0.028418468311429
2024-11-12T17:49:18Z,0.0975969135761261
2024-11-12T18:01:08Z,0.0089330747723579
2024-11-12T19:00:52Z,0.81824398227036
2024-11-12T20:37:05Z,0.0859551224857568
2024-11-12T21:50:22Z,0.2732326630502939
2024-11-13T01:20:27Z,0.0890790857374668
2024-11-13T13:46:45Z,-0.0016048457473516
2024-11-13T14:07:17Z,0.4133289307355881
2024-11-13T15:00:47Z,0.4251770600676536
2024-11-13T17:11:23Z,-0.0117254368960857
2024-11-13T17:38:04Z,0.2384290974587202
2024-11-13T17:43:23Z,0.1823373734951019
2024-11-13T19:29:57Z,0.153036686591804
2024-11-13T19:36:43Z,0.0392571259289979
2024-11-14T00:36:35Z,0.0356209725141525
2024-11-14T03:23:50Z,-0.949712279252708
2024-11-14T09:29:18Z,0.0390274263918399
2024-11-14T13:01:44Z,0.1971842404454946
2024-11-14T13:08:02Z,0.6956231384538114
2024-11-14T13:32:32Z,0.8870457918383181
2024-11-14T13:33:48Z,0.8254810189828277
2024-11-14T14:10:39Z,-0.8307940363883972
2024-11-14T15:00:21Z,0.1420744508504867
2024-11-14T16:17:22Z,-0.3215961381793022
2024-11-14T17:32:59Z,-0.9406367111951112
2024-11-14T17:51:10Z,-0.0321619734168052
2024-11-14T17:56:50Z,-0.9584080958738924
2024-11-14T19:07:37Z,0.013038445264101
2024-11-14T19:59:46Z,-0.8327933326363564
2024-11-14T21:26:49Z,-0.8037002980709076
2024-11-14T22:17:25Z,-0.90517988614738
2024-11-14T22:18:35Z,0.012625902891159
2024-11-14T23:35:50Z,0.038108829408884
2024-11-15T05:05:17Z,0.0395904378965497
2024-11-15T07:04:06Z,-0.9223693031817676
2024-11-15T09:18:22Z,0.5320878960192204
2024-11-15T13:59:24Z,-0.918135531246662
2024-11-15T14:58:35Z,0.003872063010931
2024-11-15T15:00:39Z,0.4251770600676536
2024-11-15T16:43:24Z,-0.917645813897252
2024-11-15T17:15:52Z,-0.7045056782662868
2024-11-15T17:55:50Z,-0.6162606161087751
2024-11-15T18:40:26Z,0.2245223773643374
2024-11-15T19:52:45Z,0.0607225187122821
2024-11-16T02:46:09Z,0.6095025315880775
2024-11-16T16:23:06Z,0.1466015977784991
2024-11-18T01:59:40Z,-0.3311246410012245
2024-11-18T08:07:06Z,-0.8331217467784882
2024-11-18T10:00:19Z,-0.9155976735055448
2024-11-18T15:00:20Z,0.1201139250770211
2024-11-18T17:07:59Z,0.5193107789382339
2024-11-18T17:35:12Z,0.052553815767169
2024-11-18T17:49:30Z,0.0286162793636322
2024-11-18T19:26:17Z,0.1163908075541257
2024-11-18T19:27:54Z,0.0034234058111906
2020-04-30T15:47:08Z,0.9160287035629152
2019-09-17T17:26:14Z,0.9115254180505872
2024-11-19T04:53:27Z,0.0627401713281869
2024-11-19T08:31:29Z,-0.6114507019519806
2024-11-19T08:32:15Z,-0.5855470262467861
2024-11-19T10:00:32Z,-0.5498573109507561
2024-11-19T12:14:52Z,0.7932158168405294
2024-11-19T13:12:19Z,0.8922121715731919
2024-11-19T13:33:06Z,0.9164847992360592
2024-11-19T13:35:44Z,0.9129110798239708
2024-11-19T13:36:37Z,0.9031576346606016
2024-11-19T13:37:53Z,0.2883770614862442
2024-11-19T14:02:09Z,0.4347866326570511
2024-11-19T14:03:30Z,0.0269237849861383
2024-11-19T14:18:07Z,0.0041089635342359
2024-11-19T15:01:30Z,0.2138618323951959
2024-11-19T16:24:58Z,0.2920680604875088
2024-11-19T17:15:24Z,-0.5822572316974401
2024-11-19T17:37:25Z,0.8690582606941462
2024-11-19T17:38:41Z,0.310070151463151
2024-11-19T17:46:29Z,0.6658934522420168
2024-11-19T17:54:10Z,0.2461100341752171
2024-11-19T18:01:02Z,0.7649592175148427
2024-11-19T18:05:20Z,0.830979005433619
2024-11-19T18:07:50Z,-0.0751945525407791
2024-11-19T18:11:06Z,0.8252762109041214
2024-11-19T18:33:15Z,0.5188704589381814
2024-11-19T19:24:58Z,0.2855043951421976
2024-11-19T21:09:10Z,-0.7168021500110626
2024-11-19T22:18:34Z,0.1471209647133946
2024-11-20T02:25:52Z,-0.6004409082233906
2024-11-20T02:51:32Z,0.084224029444158
2024-11-20T03:28:06Z,0.1967351138591766
2024-11-20T06:39:04Z,0.4139649225398898
2024-11-20T09:48:06Z,0.0893300119787454
2024-11-20T10:25:23Z,-0.0342719256877899
2024-11-20T12:00:48Z,0.0267797484993934
2024-11-20T13:49:29Z,0.25287108682096
2024-11-20T15:00:20Z,0.1420744508504867
2024-11-20T15:18:23Z,-0.0282713994383811
2024-11-20T15:47:13Z,0.2222886113449931
2024-11-20T16:28:36Z,0.404225149191916
2024-11-20T18:27:58Z,0.911872025579214
2024-11-20T22:08:35Z,-0.7886319682002068
2024-11-21T08:52:00Z,0.1580431777983904
2024-11-21T15:00:20Z,0.1420744508504867
2024-11-21T16:17:17Z,0.0064922086894512
2024-11-21T16:24:16Z,0.7479837695136666
2024-11-21T17:06:08Z,0.0121452193707227
2024-11-21T17:45:48Z,0.0182953290641307
2024-11-21T19:29:51Z,0.2134299091994762
2024-11-21T20:55:20Z,0.0343343876302242
2024-11-22T02:26:34Z,-0.6991624683141708
2024-11-22T03:37:15Z,0.5206030383706093
2024-11-22T12:30:37Z,0.0844805939123034
2024-11-22T13:24:35Z,0.6684337928891182
2024-11-21T21:15:46Z,-0.8490369766950607
2024-11-22T14:48:43Z,0.0043982993811368
2024-11-22T15:00:21Z,0.0538273025304079
2024-11-22T15:48:33Z,0.5540218893438578
2024-11-22T17:31:16Z,0.0596871376037597
2024-11-22T18:56:34Z,0.2331419810652732
2024-11-22T19:20:55Z,0.7754693329334259
2024-11-24T13:30:40Z,-0.3511140719056129
2024-11-24T15:20:17Z,0.0259926691651344
2024-11-25T04:07:07Z,0.0552320666611194
2024-11-25T10:53:41Z,0.5520617505535483
2024-11-25T12:05:21Z,0.7962265433743596
2024-11-25T12:20:14Z,0.5767678553238511
2024-11-25T13:01:04Z,0.6607009842991829
2024-11-25T15:00:21Z,0.0879396423697471
2024-11-25T15:05:14Z,0.9144869316369296
2024-11-25T15:33:56Z,-0.9029699768871068
2024-11-25T17:06:23Z,0.0049147699028253
2024-11-25T17:18:57Z,0.0280718132853508
2024-11-25T17:35:10Z,0.052553815767169
2024-11-26T01:39:21Z,0.9162607099860908
2024-11-26T14:34:50Z,-0.9464739579707384
2024-11-26T15:00:20Z,0.1903787543997168
2024-11-26T15:37:41Z,0.3949396219104528
2024-11-26T19:21:07Z,-0.1183751970529556
2024-11-26T23:28:22Z,0.7511689141392708
2024-11-27T03:19:23Z,-0.6446848884224892
2024-11-27T08:13:34Z,-0.0446318201720714
2024-11-27T15:00:20Z,-0.0035816617310047
2024-11-27T15:28:44Z,-0.8713105525821447
2024-11-27T17:10:40Z,0.0013795532286167
2024-11-27T17:35:11Z,-0.0039224773645401
2024-11-27T18:21:11Z,-0.4877261519432068
2024-11-27T18:25:14Z,0.0041323937475681
2024-11-27T18:28:19Z,-0.196437656879425
2024-11-27T19:07:02Z,0.1177968103438615
2024-11-27T21:05:44Z,-0.0149481073021888
2024-11-27T21:21:17Z,0.3524557249620557
2024-11-28T01:57:46Z,0.6602032827213407
2024-11-28T05:44:13Z,0.2297628056257963
2024-11-28T06:06:37Z,-0.0204800516366958
2024-11-28T07:10:08Z,-0.8984443144872785
2024-11-28T11:22:24Z,0.8517708014696836
2024-11-28T15:00:19Z,0.1918208384886384
2024-11-28T16:39:09Z,0.0745906624943018
2024-11-28T17:35:12Z,-0.0039224773645401
2024-11-29T06:48:31Z,0.066557003185153
2024-11-29T10:32:46Z,0.8760085180401802
2024-11-29T15:00:24Z,0.1420744508504867
2024-11-29T16:04:24Z,-0.927498135715723
2024-11-29T20:15:39Z,0.0216352753341197
2024-11-30T21:00:36Z,0.0639143697917461
2024-12-01T13:44:19Z,0.2705265376716852
2024-12-01T20:45:40Z,-0.8735914807766676
2024-12-02T03:35:09Z,0.3397021982818842
2024-12-02T04:43:47Z,0.8480780236423016
2024-12-02T05:36:12Z,0.920292797498405
2024-12-02T15:00:21Z,0.1918208384886384
2024-12-02T15:22:08Z,0.8977770116180182
2024-12-02T17:35:12Z,-0.0039224773645401
2024-12-02T15:51:53Z,-0.890421237796545
2024-12-03T05:18:23Z,0.0545698888599872
2024-12-03T07:00:34Z,-0.0187020637094974
2024-12-03T12:30:11Z,0.1301199626177549
2024-12-03T13:37:29Z,0.3825529152527451
2024-12-03T15:00:20Z,0.0538273025304079
2024-12-03T15:31:39Z,0.0509509555995464
2024-12-03T16:16:56Z,-0.3815751075744629
2024-12-03T17:30:16Z,0.7268151119351387
2024-12-03T19:32:14Z,0.0387142021209001
2024-12-04T00:01:34Z,-0.5258558019995689
2024-12-04T15:00:25Z,0.0538273025304079
2024-12-04T17:12:44Z,0.0822774162515997
2024-12-04T17:26:35Z,0.0143731888383626
2024-12-04T17:35:21Z,-0.0039224773645401
2024-12-04T19:02:37Z,0.8199661169201136
2024-12-04T20:12:43Z,0.586925532668829
2024-12-05T12:43:13Z,0.8561170110478997
2024-12-05T14:17:40Z,0.0225239936262369
2024-12-05T15:00:19Z,0.1668409071862697
2024-12-05T17:08:48Z,0.0950220981612801
2024-12-05T17:35:11Z,0.052553815767169
2024-12-05T21:48:56Z,0.7305687693879008
2024-12-05T21:53:58Z,-0.0122888125479221
2024-12-06T08:22:37Z,0.8870759541168809
2024-12-06T09:49:07Z,-0.8210808001458645
2024-12-06T14:45:27Z,0.9229438286274672
2024-12-06T15:00:22Z,0.2138618323951959
2024-12-06T15:01:15Z,0.1172590218484401
2024-12-07T15:00:19Z,0.1983593013137579
2024-12-07T18:34:42Z,0.8239985862746835
2024-12-08T14:00:41Z,0.8992405943572521
2024-12-08T14:45:15Z,0.189122088253498
2024-12-09T05:17:06Z,-0.1551978997886181
2024-12-09T06:10:17Z,-0.19994543120265
2024-12-09T08:32:03Z,0.9288739887997508
2024-12-09T15:01:14Z,0.1079213470220565
2024-12-09T15:29:58Z,0.0094043686985969
2024-12-09T17:35:12Z,-0.0039224773645401
2024-12-09T17:56:33Z,-0.9030678179115056
2024-12-09T18:28:03Z,0.058573112823069
2024-12-09T18:49:59Z,0.0520970961079001
2024-12-09T19:10:54Z,0.1122374273836612
2024-12-09T20:00:26Z,0.6412546755746007
2024-12-10T08:32:23Z,0.4993403870612383
2024-12-10T14:50:00Z,-0.4593380689620971
2024-12-10T15:00:20Z,0.1079213470220565
2024-12-10T15:32:37Z,0.7327234158292413
2024-12-10T17:04:36Z,0.2426922768354416
2024-12-10T18:40:06Z,0.9239124013110996
2024-12-10T18:41:41Z,-0.5879334155470133
2024-12-10T18:52:21Z,0.1953187831677496
2024-12-11T01:45:59Z,-0.0508904606103897
2024-12-11T02:17:06Z,0.0098984781652688
2024-12-11T08:12:30Z,0.8859832994639874
2024-12-11T12:38:44Z,0.8308339007198811
2024-12-11T15:00:19Z,0.2138618323951959
2024-12-11T17:35:12Z,0.052553815767169
2024-12-11T19:55:22Z,0.7330640777945518
2024-12-11T20:42:46Z,0.0111993066966533
2024-12-11T20:50:50Z,0.7036296483129263
2024-12-11T21:05:18Z,-0.8860910031944513
2024-12-12T05:14:45Z,0.5874367319047451
2024-12-12T05:41:38Z,0.0926157422363758
2024-12-12T08:22:33Z,-0.030789703130722
2024-12-12T09:59:48Z,0.0565763693302869
2024-12-12T10:25:46Z,0.6965225460007787
2024-12-12T14:21:27Z,0.8495393451303244
2024-12-12T14:50:26Z,-0.1969601046293974
2024-12-12T15:00:22Z,0.0422523710876703
2024-12-03T18:49:08Z,0.7524025589227676
2024-12-12T16:17:39Z,0.0290310978889465
2024-12-12T16:19:00Z,0.003292242065072
2024-12-12T17:17:48Z,-0.0188947990536689
2024-12-12T17:35:16Z,-0.0039224773645401
2024-12-12T18:08:55Z,0.7947424994781613
2024-12-12T18:45:18Z,0.9125301148742436
2024-12-13T12:23:31Z,0.850559264421463
2024-12-13T15:00:19Z,0.0879396423697471
2024-12-13T17:05:50Z,0.1712126536294818
2024-12-13T19:13:14Z,0.0030009821057319
2024-12-13T21:42:03Z,-0.699687646701932
2024-12-13T21:47:00Z,-0.3300881683826446
2024-12-15T12:00:23Z,-0.3773916065692901
2024-12-15T13:00:17Z,0.0279829427599906
2024-12-15T15:15:16Z,-0.103831049054861
2024-12-16T15:00:21Z,0.1918208384886384
2024-12-16T15:01:15Z,0.0032943170517683
2024-12-16T17:09:25Z,0.3583914469927549
2024-12-16T17:16:47Z,0.9180460087954998
2024-12-16T18:52:42Z,0.8616843083873391
2024-12-16T19:30:30Z,0.0179991479963064
2024-12-16T22:00:39Z,0.8877756372094154
2024-12-17T03:31:13Z,0.739330193027854
2024-12-17T08:41:34Z,-0.4726907461881637
2024-12-17T15:00:22Z,-0.0035816617310047
2024-12-17T15:01:12Z,0.003086756914854
2024-12-17T17:58:10Z,-0.7706120386719704
2024-12-18T06:42:20Z,0.8497631773352623
2024-12-18T08:25:57Z,0.5450210310518742
2024-12-18T09:20:56Z,0.5705196559429169
2024-12-18T09:53:29Z,0.092099298723042
2024-12-18T12:44:26Z,0.8638977454975247
2024-12-18T15:00:22Z,0.1918208384886384
2024-12-18T16:06:14Z,0.5699727684259415
2024-12-18T17:16:40Z,0.449103569611907
2024-12-18T17:18:03Z,0.1199841760098934
2024-12-18T18:10:32Z,0.0483616683632135
2024-12-18T20:27:06Z,-5.422905087471008e-05
2024-12-18T21:00:50Z,0.0893776137381792
2024-12-19T07:20:07Z,0.0524144107475876
2024-12-19T09:30:15Z,0.9055464770644904
2024-12-19T13:32:28Z,0.0066288225352764
2024-12-19T15:00:22Z,0.1420744508504867
2024-12-19T17:35:11Z,0.052553815767169
2024-12-20T06:44:07Z,-0.1179952584207058
2024-12-20T13:43:02Z,0.0225239936262369
2024-12-20T15:00:19Z,0.2138618323951959
2024-12-20T17:35:11Z,-0.0039224773645401
2024-12-20T18:37:42Z,0.1249893754720687
2024-12-20T20:16:21Z,0.4343412313610315
2024-12-21T04:30:40Z,0.3364461362361908
2024-12-22T13:00:41Z,-0.0277244336903095
2024-12-22T16:00:19Z,0.3181485757231712
2024-12-22T19:00:45Z,0.070660219527781
2024-12-23T01:52:37Z,0.7223972277715802
2024-12-23T07:16:49Z,0.9201191198080778
2024-12-23T08:35:09Z,0.8422942813485861
2024-12-23T09:22:29Z,0.4202112779021263
2024-12-23T13:08:42Z,0.7520684525370598
2024-12-23T13:17:28Z,0.6362176956608891
2024-12-23T13:29:21Z,0.7345498409122229
2024-12-23T15:00:21Z,0.0300018563866615
2024-12-23T15:31:56Z,0.0914502330124378
2024-12-23T16:00:02Z,0.0205422788858413
2024-12-23T16:30:51Z,0.0567078292369842
2024-12-23T18:51:27Z,0.5979897510260344
2024-12-23T20:32:22Z,0.0688855750486254
2024-12-24T01:53:23Z,0.5213202144950628
2024-12-24T02:19:54Z,0.9043557019904256
2024-12-24T04:16:47Z,0.2120129168033599
2024-12-24T12:41:22Z,0.0066432282328605
2024-12-24T13:56:42Z,0.0255135018378496
2024-12-24T15:00:21Z,0.0422523710876703
2024-12-24T16:36:26Z,0.0666015045717358
2024-12-24T20:15:13Z,0.0223099067807197
2024-12-25T12:00:20Z,0.0866255881264805
2024-12-25T14:00:48Z,0.6010373141616583
2024-12-25T15:00:21Z,0.0422523710876703
2024-12-26T11:17:05Z,0.6505941711366177
2024-12-26T15:00:20Z,0.1668409071862697
2024-12-26T15:11:06Z,-0.9093819223344326
2024-12-26T17:35:11Z,0.052553815767169
2024-12-26T19:26:42Z,-0.9637180669233204
2024-12-26T20:45:24Z,0.0022878386080265
2024-12-27T08:11:39Z,-0.9495222577825188
2024-12-27T12:48:04Z,-0.9529941529035568
2024-12-27T15:00:19Z,0.1918208384886384
2024-12-27T17:35:11Z,-0.0039224773645401
2024-12-27T19:02:12Z,0.1013484001159668
2024-12-27T20:18:08Z,-0.1003623604774475
2024-12-28T02:53:59Z,0.6002352014183998
2024-12-28T20:45:15Z,0.5333964861929417
2024-12-29T13:00:42Z,0.0129387509077787
2024-12-30T07:21:51Z,0.4558680122718215
2024-12-30T07:33:53Z,-0.3325736932456493
2024-12-30T13:25:38Z,-0.9359483532607556
2024-12-30T15:00:24Z,0.1201139250770211
2024-12-30T17:27:26Z,-0.6960799805819988
2024-12-30T22:02:01Z,0.0039637833833694
2024-12-31T02:43:45Z,-0.133929394185543
2024-12-31T14:45:22Z,0.0109653249382972
2024-12-31T15:00:21Z,0.0300018563866615
2024-12-31T16:51:58Z,0.0001030713319778
2024-12-31T17:41:50Z,-0.877454960718751
2024-12-31T18:46:27Z,0.0016527660191059
