created_at,sent_score
2018-01-05T14:04:03Z,0.4501614198088646
2018-01-05T14:04:28Z,0.870584043674171
2018-01-05T14:04:57Z,0.8114872300066054
2018-01-05T14:09:46Z,0.0303520541638135
2018-01-05T16:58:42Z,-0.0230266936123371
2018-01-09T15:35:04Z,-0.0634009763598442
2018-01-11T18:27:04Z,0.0197886545211076
2018-01-11T22:14:45Z,0.1606509750708937
2018-01-16T14:00:48Z,0.4551818380132317
2018-01-16T22:30:03Z,0.0375669002532959
2018-01-18T13:08:43Z,0.180582458153367
2018-01-18T14:00:33Z,0.0337524963542819
2018-01-23T16:20:04Z,-0.0085325986146926
2018-01-29T14:55:25Z,-0.2851477786898613
2018-01-29T15:34:53Z,0.4524452500045299
2018-01-29T16:01:28Z,-0.0228022523224353
2018-01-29T19:45:04Z,0.0768847167491912
2018-01-30T16:01:24Z,0.8460460999049246
2018-01-31T17:16:15Z,-0.2216102443635463
2018-01-31T17:33:54Z,-0.0013128966093063
2018-02-01T14:24:24Z,0.0621792785823345
2018-02-01T15:32:16Z,-0.0725640580058097
2018-02-01T19:07:53Z,-0.3124926388263702
2018-02-02T09:10:17Z,-0.1054698377847671
2018-02-02T09:35:07Z,-0.0536167584359645
2018-02-02T13:00:47Z,-0.3960366249084472
2018-02-02T13:08:11Z,-0.7690504938364029
2018-02-02T13:19:25Z,0.0854404885321855
2018-02-05T20:52:39Z,0.0711673814803361
2018-02-06T12:31:46Z,-0.7808039989322424
2018-02-06T14:39:33Z,0.6672382038086653
2018-02-06T14:52:23Z,-0.6142929252237082
2018-02-06T19:29:44Z,0.8789638765156269
2018-02-08T14:02:58Z,0.8101218305528164
2018-02-08T22:14:44Z,0.0245333686470985
2018-02-09T16:36:36Z,0.0250490717589855
2018-02-12T13:56:59Z,0.0395801756531
2018-02-14T15:31:58Z,0.0006964467465877
2018-02-25T22:55:31Z,-0.9231987213715912
2018-02-26T15:30:37Z,-0.8454138562083244
2018-02-27T16:02:04Z,0.0922805210575461
2018-02-27T18:23:34Z,-0.5248108506202698
2018-02-28T13:03:04Z,0.2981457971036434
2018-03-01T14:16:16Z,0.2274194341152906
2018-03-01T19:45:18Z,-0.6952802371233702
2018-03-05T19:17:41Z,-0.947813875041902
2018-03-07T13:01:03Z,0.9089984577149152
2018-03-07T13:01:21Z,0.9302269332110882
2018-03-07T13:01:51Z,0.2947018947452307
2018-03-07T13:03:15Z,0.856924173887819
2018-03-07T13:03:44Z,0.932360291481018
2018-03-07T13:04:28Z,0.9363823048770428
2018-03-07T13:04:55Z,0.9284948138520122
2018-03-07T13:05:18Z,0.8563027293421328
2018-03-07T14:16:04Z,0.0072663072496652
2018-03-09T15:16:49Z,0.8676776625216007
2018-03-11T19:44:29Z,-0.4813057407736778
2018-03-13T13:27:07Z,-0.4246757999062538
2018-03-15T08:10:05Z,0.9241567235440016
2018-03-15T11:27:04Z,0.1647071167826652
2018-03-15T13:36:44Z,-0.5921642035245895
2018-03-15T13:47:52Z,0.2439707815647125
2018-03-18T14:23:41Z,-0.7532491646707058
2018-03-18T19:00:41Z,0.004910010844469
2018-03-20T13:01:09Z,0.0749299395829439
2018-03-20T13:38:26Z,0.1431849719956517
2018-03-23T13:24:11Z,0.0229907780885696
2018-04-02T13:56:39Z,-0.0152784176170825
2018-04-02T18:58:48Z,-0.9295570831745864
2018-04-02T20:02:18Z,0.0649055261164903
2018-04-03T15:39:18Z,0.6428909143432975
2018-04-04T10:17:07Z,0.0303061753511428
2018-04-10T11:28:24Z,0.162034310400486
2018-04-11T12:59:43Z,0.0401937589049339
2018-04-11T17:33:07Z,0.3531079590320587
2018-04-12T08:08:56Z,0.9269607197493316
2018-04-16T17:09:30Z,-0.0649794097989797
2018-04-19T14:55:05Z,-0.1031034104526043
2018-04-23T11:42:33Z,0.1979852616786956
2018-04-23T13:24:51Z,-0.6026351768523455
2018-04-23T14:22:37Z,-0.6667398475110531
2018-04-23T14:44:32Z,-0.0035176426172256
2018-04-23T15:58:48Z,-0.0895458403974771
2018-04-23T17:04:29Z,-0.132898423820734
2018-04-23T19:44:57Z,-0.0505719259381294
2018-04-24T13:52:33Z,0.9174701124429704
2018-04-25T17:30:57Z,0.747345931828022
2018-04-26T16:18:47Z,-0.3906657136976719
2018-04-27T08:36:43Z,-0.1102965604513883
2018-04-27T09:05:50Z,-0.0398228503763675
2018-04-27T12:01:19Z,-0.6497229635715485
2018-04-27T14:40:48Z,0.2097281627357006
2018-04-30T07:54:38Z,0.0659097339957952
2018-04-30T21:14:16Z,0.0069860238581895
2018-05-01T12:43:56Z,-0.0015039481222629
2018-05-01T19:47:58Z,0.6180473593994975
2018-05-06T18:23:03Z,-0.0082253776490688
2018-05-09T11:12:54Z,0.015263607725501
2018-05-10T14:17:13Z,0.5712670907378197
2018-05-13T14:18:34Z,0.0098454803228378
2018-05-16T14:12:49Z,0.876411797478795
2018-05-17T18:48:16Z,0.7729806378483772
2018-05-19T21:21:26Z,0.2511274442076683
2018-05-24T17:34:22Z,0.8859271360561252
2018-05-24T17:35:40Z,0.0935587380081415
2018-05-25T18:52:13Z,-0.1251611243933439
2018-05-30T13:00:44Z,0.8853918686509132
2018-05-30T13:31:29Z,-0.5521773546934128
2018-05-30T17:25:47Z,0.0213753767311573
2018-05-31T22:11:49Z,0.1200950294733047
2018-06-06T07:59:04Z,0.2081055184826254
2018-06-07T13:30:26Z,0.1275821793824434
2018-06-08T12:23:13Z,0.1025076434016227
2018-06-08T12:58:44Z,-0.5535793956369162
2018-06-08T20:02:38Z,-0.2674263976514339
2018-06-12T13:03:11Z,0.2461923453956842
2018-06-12T13:04:37Z,0.4600025787949562
2018-06-14T13:18:51Z,-0.561596455052495
2018-06-18T14:17:33Z,-0.8281098529696465
2018-06-19T15:06:25Z,0.2377618439495563
2018-06-19T15:57:23Z,-0.055850813165307
2018-06-21T13:00:01Z,0.0221685506403446
2018-06-22T13:46:50Z,-0.8474483601748943
2018-06-25T16:01:00Z,0.9207843132317066
2018-06-26T11:21:56Z,0.7788477744907141
2018-06-26T13:58:26Z,0.8158277440816164
2018-06-26T15:35:18Z,-0.8972126711159945
2018-06-26T16:33:58Z,-0.007364060729742
2018-06-27T14:12:23Z,0.0435293447226285
2018-06-27T15:15:50Z,0.7508141472935677
2018-06-27T18:53:32Z,0.6434885375201702
2018-06-29T13:55:21Z,0.171850174665451
2018-07-02T08:34:22Z,0.0869867410510778
2018-07-09T07:48:54Z,0.1139452140778303
2018-07-09T14:40:07Z,0.3058756217360496
2018-07-09T21:11:53Z,0.0571659486740827
2018-07-10T16:27:13Z,-0.0269788317382335
2018-07-10T20:46:33Z,0.0616098996251821
2018-07-11T12:11:45Z,0.8816664181649685
2018-07-16T13:02:20Z,0.0368933752179145
2018-07-17T14:41:13Z,-0.4287647493183613
2018-07-19T14:46:30Z,-0.2582470662891865
2018-07-20T14:40:58Z,0.0024272501468658
2018-07-23T12:10:23Z,0.8912143521010876
2018-07-23T16:41:50Z,0.3515053614974022
2018-07-23T19:01:15Z,-0.9278975538909436
2018-07-24T15:12:39Z,0.1902985908091068
2018-07-24T18:21:58Z,-0.2649177424609661
2018-07-26T14:01:25Z,0.8100053807720542
2018-07-26T14:42:09Z,0.7861161306500435
2018-07-26T18:29:59Z,-0.3460297286510467
2018-07-27T08:11:30Z,-0.1143211368471384
2018-07-27T08:56:27Z,-0.0333574321120977
2018-07-27T12:01:58Z,-0.0487361848354339
2018-07-27T12:02:29Z,0.6577951908111572
2018-07-27T14:01:04Z,0.9079556185752152
2018-08-03T16:45:10Z,-0.9302478348836304
2018-08-07T13:12:58Z,-0.0314224883913993
2018-08-07T20:10:20Z,-0.8894378207623959
2018-08-09T13:55:25Z,-0.0156914889812469
2018-08-09T21:03:54Z,0.0907173883169889
2018-08-10T11:58:47Z,-0.0305265355855226
2018-08-19T16:07:46Z,0.0037549305707216
2018-08-24T10:28:24Z,-0.9369551781564952
2018-08-30T12:58:20Z,0.0186209231615066
2018-08-30T13:01:41Z,0.2522814273834228
2018-08-30T13:02:20Z,0.6310163270682096
2018-08-30T13:02:36Z,0.9218830894678832
2018-09-04T18:51:56Z,-0.946605609729886
2018-09-06T08:29:58Z,0.8658943409100175
2018-09-07T12:06:55Z,0.2957982551306486
2018-09-11T13:19:11Z,0.1172231249511241
2018-09-11T21:26:51Z,-0.4693806171417236
2018-09-20T17:41:08Z,0.0130873769521713
2018-09-26T13:01:51Z,0.7304892865940928
2018-09-28T15:41:08Z,0.8843693770468235
2018-10-02T16:56:24Z,0.0979354353621602
2018-10-04T15:14:56Z,0.6582248592749238
2018-10-05T11:48:15Z,-0.0335512179881334
2018-10-05T16:40:49Z,0.027363421395421
2018-10-09T15:48:55Z,-0.0384312309324741
2018-10-09T18:43:54Z,0.606565248221159
2018-10-12T18:05:47Z,-0.9589802473783492
2018-10-19T07:55:30Z,0.6143366973847151
2018-10-23T08:16:54Z,0.0784976575523614
2018-10-23T12:48:31Z,0.0285216439515352
2018-10-24T17:17:11Z,-0.8818165585398674
2018-10-24T18:28:39Z,-0.9130324190482496
2018-10-29T14:39:14Z,0.0084917433559894
2018-10-29T14:50:46Z,-0.9564124774187804
2018-10-29T17:10:24Z,0.1238404419273138
2018-10-30T16:10:42Z,-0.0213373228907585
2018-10-31T13:39:57Z,-0.8643800318241119
2018-10-31T16:01:15Z,0.4845999674871564
2018-11-01T17:11:09Z,-0.9185411520302296
2018-11-02T10:12:32Z,-0.0504962652921676
2018-11-02T10:12:49Z,-0.0874251332134008
2018-11-02T13:41:39Z,0.9102890864014626
2018-11-02T14:08:29Z,0.820511095225811
2018-11-04T18:58:47Z,0.0208153519779443
2018-11-05T15:09:51Z,0.747440293431282
2018-11-06T15:06:23Z,0.1136354729533195
2018-11-06T15:50:09Z,-0.0645780526101589
2018-11-06T19:25:25Z,-0.8268211930990219
2018-11-08T15:59:27Z,-0.0129609927535057
2018-11-08T16:02:28Z,-0.4527829103171825
2018-11-09T14:36:16Z,-0.0376954264938831
2018-11-17T21:27:52Z,0.0128780100494623
2018-11-18T12:19:12Z,0.91116495244205
2018-11-19T13:45:09Z,-0.0907170474529266
2018-11-20T12:29:11Z,-0.91886137239635
2018-11-20T15:40:10Z,-0.7209903225302696
2018-11-26T15:10:16Z,0.8755213394761086
2018-11-30T19:00:32Z,-0.9346840223297476
2018-12-03T13:04:26Z,0.8772339476272464
2018-12-04T10:56:36Z,0.0366577049717307
2018-12-07T13:21:45Z,0.0971891609951853
2018-12-11T16:33:26Z,-0.9547621915116906
2018-12-16T19:03:02Z,0.0124753583222627
2018-12-18T18:12:28Z,0.2622415814548731
2018-12-19T14:48:26Z,0.0550156980752944
2018-12-19T18:14:01Z,0.786604680120945
2018-12-20T15:49:47Z,-0.1999287828803062
2018-12-26T09:07:07Z,0.0925506241619587
2018-12-27T13:57:24Z,0.0193935111165046
2018-12-28T12:19:34Z,-0.7209556959569454
2018-12-28T18:51:31Z,-0.357055015861988
2019-01-04T16:30:08Z,-0.016601774841547
2019-01-06T14:06:19Z,0.0018195770680904
2019-01-16T12:49:00Z,0.0141736529767513
2019-01-16T15:01:08Z,0.0345373749732971
2019-01-23T08:51:37Z,0.6550814746879041
2019-01-29T18:01:40Z,0.2356081586331129
2019-01-30T13:01:58Z,0.4884559186175465
2019-01-30T13:38:42Z,0.0186259662732481
2019-01-31T08:42:34Z,0.93434433080256
2019-01-31T14:22:35Z,0.0276067033410072
2019-01-31T18:37:06Z,-0.0658668503165245
2019-02-01T09:04:33Z,-0.0597413480281829
2019-02-01T09:46:39Z,-0.0513859931379556
2019-02-01T12:06:58Z,0.7705513499677181
2019-02-01T12:08:29Z,0.0010025631636381
2019-02-01T13:01:14Z,-0.2083779573440551
2019-02-01T13:23:09Z,-0.9023341666907072
2019-02-01T13:33:59Z,-0.1089526489377021
2019-02-01T15:18:52Z,0.8313265442848206
2019-02-01T15:27:52Z,0.8834492489695549
2019-02-01T17:11:25Z,0.3697902858257293
2019-02-01T19:33:32Z,-0.946124128997326
2019-02-01T22:50:08Z,-0.8960325736552477
2019-02-04T14:48:08Z,0.0318090729415416
2019-02-04T15:11:13Z,0.0515132434666156
2019-02-04T16:22:54Z,0.9254691461101174
2019-02-04T16:43:36Z,-0.7900255490094423
2019-02-04T16:49:58Z,-0.0299311056733131
2019-02-06T13:01:34Z,0.8062980538234115
2019-02-07T19:34:05Z,-0.7422710005193949
2019-02-08T20:12:01Z,-0.9385165963321924
2019-02-11T18:30:26Z,0.0654123518615961
2019-02-14T11:49:08Z,0.814381942152977
2019-02-14T14:09:14Z,-0.6113724447786808
2019-02-22T14:15:48Z,0.7852434692904353
2019-02-25T17:36:50Z,0.094405498355627
2019-02-26T20:06:39Z,0.0584528315812349
2019-02-27T17:29:35Z,0.116359643638134
2019-03-01T15:01:34Z,0.9266180451959372
2019-03-03T15:53:50Z,0.1222595795989036
2019-03-05T14:01:19Z,0.9190192483365536
2019-03-06T12:16:53Z,0.9264761479571462
2019-03-06T12:27:41Z,0.4022306250408292
2019-03-06T12:42:31Z,0.8418821692466736
2019-03-07T15:37:39Z,0.5064131170511246
2019-03-07T18:40:56Z,0.9044280480593444
2019-03-08T11:53:37Z,-0.7986665032804012
2019-03-08T14:04:01Z,-0.5331611651927233
2019-03-11T14:06:25Z,-0.8591829985380173
2019-03-13T20:24:10Z,0.3701357701793313
2019-03-18T11:59:44Z,-0.8659794107079506
2019-03-20T13:00:40Z,-0.0027380995452404
2019-03-21T15:50:05Z,0.0892565455287695
2019-03-26T19:53:47Z,0.0558255035430192
2019-04-01T10:44:49Z,0.2937766062095761
2019-04-01T13:02:08Z,-0.4213063102215528
2019-04-01T17:52:17Z,0.0261291824281215
2019-04-02T09:42:02Z,0.8085514055565
2019-04-02T10:29:40Z,0.370269987732172
2019-04-03T12:31:07Z,-0.5193581432104111
2019-04-03T13:52:40Z,0.8123589158058167
2019-04-04T14:09:25Z,0.837328820489347
2019-04-05T15:22:12Z,0.83439317997545
2019-04-08T13:39:29Z,0.0634262803941965
2019-04-08T14:00:26Z,-0.5386793818324804
2019-04-09T12:34:47Z,0.0127612650394439
2019-04-12T13:34:56Z,0.1058831363916397
2019-04-12T14:16:26Z,0.0373917799443006
2019-04-15T15:12:22Z,0.3327036574482918
2019-04-15T15:50:40Z,0.7439706115983427
2019-04-16T19:41:15Z,0.9101857664063572
2019-04-17T19:31:51Z,-0.9654771853238344
2019-04-18T20:00:49Z,0.1456886529922485
2019-04-22T12:02:08Z,0.9049033727496862
2019-04-22T13:57:29Z,0.7381894588470459
2019-04-24T14:02:06Z,0.9343760386109352
2019-04-24T15:18:31Z,0.7378285527229309
2019-04-24T21:01:25Z,0.0486526722088456
2019-04-24T21:02:03Z,0.9071859261021018
2019-04-26T08:02:26Z,-0.0631254017353057
2019-04-26T08:31:41Z,-0.0237354449927806
2019-04-26T12:01:06Z,-0.2423719763755798
2019-04-26T13:56:56Z,0.9408799903467298
2019-04-26T14:01:22Z,0.7823662459850311
2019-04-30T16:18:16Z,-0.5340705066919327
2019-05-02T11:46:06Z,-0.0019129812717437
2019-05-02T17:53:38Z,0.425273047760129
2019-05-03T13:59:52Z,0.4484809003770351
2019-05-03T18:01:49Z,0.5737331686541438
2019-05-07T12:58:14Z,0.8399243503808975
2019-05-07T12:58:48Z,0.395902618765831
2019-05-07T21:52:36Z,0.9179156646132468
2019-05-08T12:06:29Z,0.7777605755254626
2019-05-13T11:51:41Z,-0.2346514593809843
2019-05-13T13:18:44Z,-0.4749587681144476
2019-05-16T13:40:15Z,0.2361786365509033
2019-05-22T11:29:34Z,0.0231318399310112
2019-05-26T14:01:05Z,0.9067927934229374
2019-05-28T16:45:37Z,-0.1540689878165722
2019-05-29T16:47:52Z,0.9289188468828796
2019-05-29T16:48:07Z,0.8527410784736276
2019-05-29T16:48:31Z,0.8354486655443907
2019-06-07T14:29:11Z,-0.0841649174690246
2019-06-12T11:28:17Z,0.0571573954075574
2019-06-12T15:31:40Z,0.0755836591124534
2019-06-12T16:58:47Z,0.846629623323679
2019-06-13T14:06:01Z,0.753385379910469
2019-06-19T12:55:59Z,0.0464397650212049
2019-06-27T10:13:16Z,-0.7169079333543777
2019-06-27T10:46:39Z,0.5707095321267843
2019-07-01T11:58:22Z,0.129804790019989
2019-07-02T20:20:02Z,0.0523620396852493
2019-07-09T14:42:28Z,0.9073168504983188
2019-07-10T15:54:06Z,-0.9560846835374832
2019-07-10T21:46:06Z,-0.7423585578799248
2019-07-11T22:52:00Z,-0.8602237068116665
2019-07-12T13:07:13Z,0.2731842398643493
2019-07-16T17:23:26Z,0.0328275803476572
2019-07-18T11:08:36Z,-0.4635761082172394
2019-07-18T13:04:24Z,0.8451660517603159
2019-07-18T13:18:31Z,-0.5349658355116844
2019-07-18T13:54:36Z,-0.1289493143558502
2019-07-24T13:05:02Z,0.2238866761326789
2019-07-29T13:41:45Z,0.2149235885590315
2019-07-29T22:38:32Z,0.0208434201776981
2019-07-30T13:08:40Z,0.4075310193002224
2019-07-31T16:05:40Z,-0.806884391233325
2019-07-31T16:13:46Z,-0.3931372743099928
2019-07-31T18:10:34Z,-0.9432175317779184
2019-07-31T18:27:05Z,0.8759685344994068
2019-07-31T19:12:40Z,-0.9456135053187608
2019-08-01T15:14:14Z,-0.904314871877432
2019-08-01T18:21:41Z,-0.290948923677206
2019-08-01T20:32:12Z,0.0089179463684558
2019-08-02T08:01:32Z,-0.0586721003055572
2019-08-02T08:43:30Z,-0.025773599743843
2019-08-02T11:31:06Z,-0.4060834050178528
2019-08-02T11:40:35Z,0.8901000060141087
2019-08-02T14:25:29Z,-0.9349672421813012
2019-08-02T16:27:21Z,-0.9380470383912324
2019-08-02T16:29:45Z,0.8131343498826027
2019-08-02T18:44:12Z,0.9117029886692762
2019-08-05T19:31:12Z,-0.7247582841664553
2019-08-06T11:35:32Z,0.1150473952293396
2019-08-08T12:56:15Z,0.5722081260755658
2019-08-08T16:11:19Z,-0.2565803527832031
2019-08-15T12:57:36Z,0.0298625081777572
2019-08-16T11:52:20Z,-0.0160377323627471
2019-08-19T12:40:47Z,0.4118316695094108
2019-08-19T19:30:05Z,0.4995872704312205
2019-08-21T11:06:32Z,0.4700699802488088
2019-08-21T13:50:54Z,-0.520435556769371
2019-08-21T14:40:47Z,0.5789913451299071
2019-08-22T14:14:48Z,0.7484409073367715
2019-08-23T12:21:22Z,0.1326447576284408
2019-08-26T12:54:59Z,0.0007610321044921
2019-08-26T14:32:05Z,-0.899728050455451
2019-08-27T19:52:49Z,-0.9436191711574792
2019-09-03T13:59:17Z,0.5535402894020081
2019-09-04T12:57:15Z,0.8919673431664705
2019-09-05T15:25:38Z,0.4002594472840428
2019-09-06T11:36:26Z,-0.0624409914016723
2019-09-09T15:10:38Z,-0.073165925219655
2019-09-10T08:57:17Z,0.5714791975915432
2019-09-11T12:41:31Z,0.0322763472795486
2019-09-16T12:01:38Z,0.1509617697447538
2019-09-16T12:21:17Z,-0.3642129004001617
2019-09-17T13:27:20Z,-0.943374328315258
2019-09-19T12:08:54Z,-0.9309701099991798
2019-09-19T21:37:21Z,0.2067720741033554
2019-09-20T08:33:38Z,0.0592546183615922
2019-09-23T15:07:36Z,-0.9149396065622568
2019-09-26T16:48:25Z,0.3482069689780473
2019-10-02T12:48:36Z,0.0322763472795486
2019-10-02T16:11:01Z,-0.9166206382215024
2019-10-02T17:37:34Z,-0.826845683157444
2019-10-04T13:20:06Z,0.2848429977893829
2019-10-04T16:01:06Z,-0.7663284502923489
2019-10-07T13:18:54Z,-0.2007498443126678
2019-10-07T18:57:12Z,-0.4056768380105495
2019-10-08T10:20:27Z,0.2320918710902333
2019-10-11T12:36:20Z,0.0677076503634452
2019-10-24T18:54:05Z,-0.4798382967710495
2019-10-24T19:23:51Z,-0.6046457700431347
2019-10-26T18:51:41Z,0.0015964116901159
2019-10-31T13:31:46Z,-0.7209556959569454
2019-11-01T10:50:34Z,-0.0561216361820697
2019-11-01T11:06:20Z,-0.0518853217363357
2019-11-01T11:30:42Z,0.3916215002536773
2019-11-01T11:39:22Z,0.1565758064389228
2019-11-01T12:15:33Z,0.0341217070817947
2019-11-01T14:58:02Z,0.4733751434832811
2019-11-01T19:52:54Z,0.0692166555672884
2019-11-04T14:00:03Z,0.4724455997347832
2019-11-04T19:36:50Z,0.8088394105434418
2019-11-06T13:11:50Z,0.7878816584125161
2019-11-12T13:17:50Z,-0.4829606711864471
2019-11-25T19:38:44Z,0.0050331633538007
2019-12-06T19:30:53Z,0.1507092006504535
2019-12-10T15:24:04Z,-0.1097461730241775
2019-12-10T18:51:41Z,0.0287414509803056
2019-12-10T21:03:09Z,-0.1009437441825866
2019-12-12T16:52:50Z,0.8391933301463723
2019-12-20T16:20:48Z,0.002449307590723
2019-12-22T15:00:13Z,-0.0528984852135181
2019-12-22T18:10:34Z,0.1031191423535347
2019-12-31T13:25:35Z,0.6521186046302319
2020-01-02T14:26:31Z,0.0323273856192827
2020-01-02T21:53:57Z,0.1195344105362892
2020-01-03T12:50:13Z,0.0115342438220977
2020-01-03T13:04:37Z,-0.4584098979830742
2020-01-03T16:22:04Z,0.915716745890677
2020-01-03T18:51:23Z,-0.0480161160230636
2020-01-05T15:30:29Z,-0.9190580248832704
2020-01-06T16:10:52Z,0.0862161479890346
2020-01-09T14:14:26Z,0.8281513154506683
2020-01-14T14:39:59Z,-0.235555961728096
2020-01-16T13:43:21Z,0.2282770276069641
2020-01-17T20:22:26Z,0.0593270752578973
2020-01-23T12:26:15Z,-0.9401641637086868
2020-01-27T13:02:03Z,0.6872709542512894
2020-01-27T15:42:56Z,-0.9278578208759428
2020-01-27T16:16:21Z,0.4535081014037132
2020-01-29T15:52:29Z,-0.9246267415583134
2020-01-30T15:54:19Z,-0.9226896399632096
2020-01-30T19:08:39Z,-0.0646524801850318
2020-01-31T09:05:06Z,-0.0444803182035684
2020-01-31T09:46:58Z,-0.0518711600452661
2020-01-31T11:29:21Z,-0.9471713369712234
2020-01-31T12:30:31Z,-0.9662708435207604
2020-01-31T13:42:30Z,0.1878261975944042
2020-01-31T16:00:53Z,-0.9156848918646574
2020-01-31T16:09:11Z,-0.4126131683588028
2020-02-03T10:38:51Z,-0.3686105161905288
2020-02-03T13:17:33Z,-0.0792003273963928
2020-02-03T14:55:02Z,-0.5591006893664598
2020-02-03T15:45:46Z,-0.6922092474997044
2020-02-03T16:32:48Z,-0.0461683608591556
2020-02-03T16:53:07Z,-0.9278578208759428
2020-02-04T16:00:26Z,0.7610109811648726
2020-02-11T14:26:10Z,0.1855560764670372
2020-02-12T13:09:12Z,-0.8400357058271766
2020-02-13T14:38:39Z,-0.0128799527883529
2020-02-13T18:45:41Z,-0.0205099266022443
2020-02-14T16:57:44Z,-0.0143839754164218
2020-02-21T15:56:53Z,-0.9156848918646574
2020-02-25T15:22:15Z,-0.924292104318738
2020-02-27T15:23:15Z,-0.9226896399632096
2020-02-28T15:16:30Z,-0.9156848918646574
2020-02-28T17:43:46Z,0.3205400146543979
2020-03-02T16:09:46Z,0.4251657426357269
2020-03-04T12:55:56Z,-0.0077865496277809
2020-03-04T13:50:37Z,-0.1668551713228225
2020-03-05T12:38:23Z,0.253750579431653
2020-03-06T13:02:03Z,0.0115342438220977
2020-03-06T13:29:51Z,-0.1917971521615982
2020-03-06T16:22:40Z,-0.9156848918646574
2020-03-06T16:32:04Z,0.1834271401166916
2020-03-06T20:11:37Z,0.6721322033554316
2020-03-09T11:35:38Z,-0.7137295678257942
2020-03-09T12:03:45Z,0.029222946614027
2020-03-09T15:22:29Z,-0.036228222772479
2020-03-09T19:41:02Z,-0.3021318465471267
2020-03-10T05:19:31Z,-0.7815740928053856
2020-03-10T09:57:35Z,0.0810980256646871
2020-03-10T15:10:07Z,0.010564187541604
2020-03-10T16:20:16Z,-0.0099457465112209
2020-03-11T14:40:33Z,0.0045601427555084
2020-03-12T16:10:12Z,-0.9226896399632096
2020-03-13T14:22:49Z,-0.0758565887808799
2020-03-13T15:13:18Z,-0.9156848918646574
2020-03-16T11:31:14Z,0.0091126859188079
2020-03-16T12:14:45Z,-0.1186727881431579
2020-03-16T13:38:59Z,-0.0360749661922454
2020-03-16T15:06:33Z,0.3462414145469665
2020-03-16T15:51:23Z,-0.9278578208759428
2020-03-16T19:48:33Z,-0.1554209552705288
2020-03-17T12:44:52Z,0.3644770532846451
2020-03-17T15:40:12Z,-0.9388425759971142
2020-03-18T15:26:35Z,-0.1630719825625419
2020-03-20T14:26:29Z,0.5199942961335182
2020-03-21T20:58:22Z,0.0893280273303389
2020-03-23T14:34:27Z,-0.9278578208759428
2020-03-24T16:25:16Z,0.345503787510097
2020-03-27T19:10:12Z,-0.0093030929565429
2020-03-30T13:38:02Z,0.9352226592600346
2020-04-02T10:57:49Z,0.0068221315741539
2020-04-02T18:42:05Z,0.1943620117381215
2020-04-03T15:33:07Z,0.5021343901753426
2020-04-03T18:21:21Z,-0.0099457465112209
2020-04-03T21:09:28Z,0.0275902319699525
2020-04-07T11:03:17Z,0.9046869967132808
2020-04-07T11:23:40Z,-0.9611431434750556
2020-04-07T11:28:48Z,-0.9612695816904306
2020-04-07T12:50:04Z,-0.9565618401393294
2020-04-07T13:00:08Z,0.9061385951936244
2020-04-07T16:28:26Z,-0.8805114887654781
2020-04-07T16:45:00Z,0.0776175856590271
2020-04-07T18:25:06Z,0.0188197009265422
2020-04-08T13:37:16Z,-0.0181863456964492
2020-04-08T16:25:18Z,0.0579538382589817
2020-04-09T11:27:18Z,0.7553149089217186
2020-04-09T13:07:27Z,0.3900124859064817
2020-04-09T20:35:37Z,-0.9328147117048502
2020-04-10T12:40:19Z,0.0175934825092554
2020-04-13T14:10:05Z,-0.6014912761747837
2020-04-15T13:12:56Z,0.8949062703177333
2020-04-15T13:59:14Z,0.0491554113104939
2020-04-17T13:29:23Z,-0.9460384920239449
2020-04-17T14:26:44Z,0.0128040332347154
2020-04-20T12:51:40Z,0.2087337523698806
2020-04-20T18:00:53Z,-0.2238750457763672
2020-04-20T18:38:01Z,-0.6853392124176025
2020-04-20T19:34:57Z,0.0096135661005973
2020-04-21T02:00:32Z,0.0579932909458875
2020-04-22T12:51:40Z,-0.0300270952284336
2020-04-22T13:20:27Z,0.2249000603333115
2020-04-22T13:52:37Z,0.8922036066651344
2020-04-23T12:42:26Z,0.0598962362855672
2020-04-24T12:01:51Z,0.5973912263289094
2020-04-27T12:33:17Z,-0.8155099973082542
2020-04-27T19:15:28Z,-0.0761432610452175
2020-04-28T15:13:47Z,0.0177784264087677
2020-04-30T18:15:17Z,0.6204266585409641
2020-04-30T18:30:55Z,-0.5430836286395788
2020-05-01T08:40:14Z,-0.0328342653810977
2020-05-01T08:59:06Z,-0.0308401361107826
2020-05-01T09:55:01Z,-0.901401061564684
2020-05-01T11:37:26Z,-0.9657752756029367
2020-05-01T11:48:08Z,-0.369267076253891
2020-05-02T19:45:15Z,-0.0042338036000728
2020-05-04T11:42:25Z,-0.8940940070897341
2020-05-04T12:43:00Z,0.7076610065996647
2020-05-04T13:52:50Z,0.8666413724422455
2020-05-05T14:35:16Z,0.7023329176008701
2020-05-06T15:17:33Z,0.0635450407862663
2020-05-07T16:44:36Z,0.4199966788291931
2020-05-08T16:03:42Z,0.149218488484621
2020-05-08T19:37:19Z,0.0003670863807201
2020-05-09T19:06:29Z,0.0042875185608863
2020-05-12T17:49:22Z,0.1480069933459162
2020-05-13T12:02:50Z,0.2798343738541007
2020-05-15T16:42:18Z,-0.5628803204745054
2020-05-21T16:20:48Z,0.0283370204269886
2020-05-28T15:50:54Z,0.2971888184547424
2020-06-02T11:08:53Z,0.7497828481718898
2020-06-04T16:53:56Z,-0.9203847348690032
2020-06-05T14:15:06Z,-0.036228222772479
2020-06-05T17:48:24Z,-0.0421650446951389
2020-06-08T13:47:06Z,-0.036228222772479
2020-06-08T15:59:08Z,-0.8573070093989372
2020-06-08T16:30:29Z,-0.0421650446951389
2020-06-09T14:08:00Z,-0.036228222772479
2020-06-09T16:14:26Z,-0.0421650446951389
2020-06-10T14:22:11Z,-0.036228222772479
2020-06-10T16:12:25Z,-0.0421650446951389
2020-06-10T17:39:29Z,-0.7035384476184845
2020-06-11T14:03:33Z,-0.036228222772479
2020-06-15T16:49:12Z,-0.2823981344699859
2020-06-16T12:27:54Z,0.0525810243561863
2020-06-17T13:55:59Z,-0.036228222772479
2020-06-19T12:15:25Z,0.1287297867238521
2020-06-25T11:51:37Z,-0.9291692161932588
2020-06-26T17:54:49Z,-0.88643828779459
2020-06-26T18:50:44Z,-0.9570380877703428
2020-06-29T07:39:31Z,-0.7141462806612253
2020-07-02T11:11:40Z,0.2471741195768118
2020-07-09T17:27:33Z,0.8247938603162766
2020-07-13T18:12:17Z,-0.6829682886600494
2020-07-13T21:05:52Z,0.1028410717844963
2020-07-21T05:59:57Z,0.1660281829535961
2020-07-24T09:30:44Z,0.4096036618575454
2020-07-24T14:45:22Z,0.632707491517067
2020-07-25T14:41:59Z,0.0712152849882841
2020-07-27T07:57:25Z,-0.0630881264805793
2020-07-30T14:22:46Z,-0.9113558065146208
2020-07-30T17:58:16Z,-0.3131297677755356
2020-07-31T08:15:29Z,-0.0443768370896577
2020-07-31T11:40:29Z,0.1727481186389923
2020-07-31T11:41:28Z,0.923487544991076
2020-07-31T12:44:24Z,-0.0082122273743152
2020-07-31T13:49:02Z,-0.036228222772479
2020-08-02T16:07:59Z,-0.0512277856469154
2020-08-03T11:13:37Z,0.8162394165992737
2020-08-03T13:26:58Z,0.8336068522185087
2020-08-03T17:23:00Z,-0.0384566020220518
2020-08-04T13:35:30Z,0.0265497360378503
2020-08-05T14:48:56Z,-0.1473402343690395
2020-08-08T17:23:12Z,-0.0014526359736919
2020-08-11T14:44:43Z,-0.0075087845325469
2020-08-11T15:19:36Z,0.8780063074082136
2020-08-13T14:27:33Z,-0.3683059141039848
2020-08-14T14:36:31Z,-0.7098546829074621
2020-08-18T14:45:08Z,0.1132248789072036
2020-08-21T10:56:00Z,-0.9511882420629264
2020-08-21T12:18:56Z,0.8070423929020762
2020-08-25T04:17:38Z,-0.7608019597828388
2020-08-25T12:19:47Z,0.4176535457372665
2020-08-25T13:22:00Z,0.084024092182517
2020-08-25T15:24:46Z,-0.792054389603436
2020-08-25T19:02:55Z,-0.8869983479380608
2020-08-26T15:04:37Z,-0.9348328839987516
2020-08-27T13:04:38Z,-0.0248061567544937
2020-09-01T14:32:36Z,-0.9611688647419214
2020-09-02T14:57:21Z,0.9175056833773853
2020-09-08T09:12:52Z,-0.9603652926161884
2020-09-09T15:15:08Z,-0.9554390758275986
2020-09-09T20:29:29Z,0.8985938057303429
2020-09-10T10:08:35Z,0.8182191783562303
2020-09-10T11:30:10Z,-0.0445881057530641
2020-09-10T13:31:35Z,-0.5017417594790459
2020-09-10T14:01:00Z,0.019228970631957
2020-09-10T16:26:24Z,0.0764316748827695
2020-09-12T18:11:36Z,0.0069279037415981
2020-09-21T14:19:39Z,0.019228970631957
2020-09-24T09:49:17Z,0.4655330069363117
2020-09-24T14:36:42Z,-0.4973673075437546
2020-09-24T20:18:34Z,0.0235348027199506
2020-09-25T14:35:42Z,0.1063003540039062
2020-10-01T09:39:59Z,0.9280865816399456
2020-10-02T06:26:13Z,-0.9616105873137712
2020-10-03T18:02:34Z,0.0217397324740886
2020-10-05T14:40:32Z,0.0099947024136781
2020-10-05T15:00:24Z,-0.9497146951034664
2020-10-06T04:21:32Z,-0.6692903786897659
2020-10-08T15:12:42Z,0.8504664953798056
2020-10-08T22:26:17Z,-0.8359887488186359
2020-10-09T13:45:06Z,-0.8123242780566216
2020-10-13T10:05:59Z,0.7761189676821232
2020-10-13T12:28:22Z,-0.0961587354540824
2020-10-13T13:38:33Z,-0.513578811660409
2020-10-18T16:45:37Z,-0.3345252387225628
2020-10-19T12:13:33Z,0.3462414145469665
2020-10-20T14:50:16Z,0.0643083434551954
2020-10-22T11:54:04Z,-0.9529364611953496
2020-10-23T19:56:30Z,0.0556620080024004
2020-10-26T15:19:59Z,0.0207365993410348
2020-10-27T19:08:21Z,0.092798963189125
2020-10-29T15:18:40Z,-0.958543132059276
2020-10-29T16:35:45Z,-0.0646979864686727
2020-10-29T22:42:37Z,-0.0033476017415523
2020-10-30T08:07:36Z,-0.0435157530009746
2020-10-30T08:53:26Z,-0.0152220465242862
2020-10-30T10:05:06Z,-0.9563500247895718
2020-10-30T11:31:19Z,0.689887672662735
2020-10-30T11:46:37Z,-0.0168071128427982
2020-10-30T11:55:56Z,-0.9397371672093868
2020-10-30T12:01:31Z,0.0265497360378503
2020-10-30T12:42:28Z,-0.9363197684288024
2020-10-30T13:53:35Z,0.7533710300922394
2020-10-30T13:57:25Z,-0.8461932800710201
2020-10-31T03:08:00Z,-0.0173489786684513
2020-11-02T13:40:07Z,0.8908144794404507
2020-11-02T14:43:07Z,0.0942925997078418
2020-11-02T15:26:10Z,-0.0907066464424133
2020-11-05T17:30:22Z,0.0818977355957031
2020-11-10T15:56:21Z,0.0203351899981498
2020-11-11T15:06:05Z,0.0505696246400475
2020-11-11T17:50:41Z,-0.8788812085986137
2020-11-16T18:11:38Z,0.0093896631151437
2020-11-18T21:25:46Z,0.0654560960829258
2020-11-19T21:00:12Z,-0.075333684682846
2020-11-25T12:39:49Z,-0.8929396755993366
2020-11-25T17:47:39Z,0.0148109905421733
2020-11-30T21:47:49Z,0.113342497497797
2020-12-01T05:36:02Z,0.9202234465628862
2020-12-02T12:22:03Z,0.0083723254501819
2020-12-02T18:11:14Z,-0.9521565847098828
2020-12-03T18:06:55Z,0.2451532483100891
2020-12-07T13:03:44Z,0.8011606824584305
2020-12-07T17:04:41Z,0.7019700855016708
2020-12-07T19:08:37Z,-0.9062786335125566
2020-12-09T18:09:28Z,0.2453661728650331
2020-12-11T12:04:54Z,0.4824874782934785
2020-12-11T12:11:27Z,-0.0445881057530641
2020-12-14T17:42:26Z,-0.8006255999207497
2020-12-15T12:36:50Z,0.1489426493644714
2020-12-15T14:42:06Z,-0.5213408637791872
2020-12-15T15:55:33Z,0.0567421894520521
2020-12-15T17:38:25Z,0.6181788723915815
2020-12-15T17:38:48Z,0.1809892915189266
2020-12-15T17:41:27Z,0.129670649766922
2020-12-16T12:55:06Z,0.0835965694859623
2020-12-16T15:27:09Z,0.8928933329880238
2020-12-16T16:25:03Z,-0.5569231156259775
2020-12-17T14:59:32Z,0.0452531948685646
2020-12-17T21:45:37Z,-0.9533602856099606
2020-12-17T21:55:57Z,-0.9151929607614876
2020-12-18T18:31:47Z,0.6939173005521297
2020-12-19T17:46:42Z,0.0130651667714118
2020-12-21T21:49:01Z,-0.198772482573986
2020-12-22T13:30:07Z,-0.7209556959569454
2020-12-22T18:42:41Z,-0.8643681816756725
2021-01-05T17:47:58Z,-0.7346949875354767
2021-01-05T20:07:27Z,0.2214236296713352
2021-01-06T15:10:49Z,-0.0153795015066862
2021-01-07T19:46:05Z,0.2296115476638078
2021-01-10T15:41:08Z,-0.0011774934828281
2021-01-11T12:12:52Z,0.8576155751943588
2021-01-11T13:29:39Z,-0.1186727881431579
2021-01-11T14:44:45Z,-0.0630881264805793
2021-01-11T15:06:07Z,-0.6200648155063391
2021-01-11T16:27:08Z,0.006538413465023
2021-01-11T18:07:07Z,0.910587638616562
2021-01-12T17:40:24Z,-0.0532770827412605
2021-01-13T10:12:25Z,0.8637340292334557
2021-01-13T13:18:46Z,-0.1147931292653083
2021-01-13T15:05:51Z,-0.5849950332194567
2021-01-13T16:53:02Z,0.0233075506985187
2021-01-14T15:41:54Z,0.7503978833556175
2021-01-15T13:24:21Z,-0.9257817026227712
2021-01-15T13:25:04Z,-0.0824363082647323
2021-01-15T15:17:54Z,-0.8989890310913324
2021-01-15T16:46:37Z,-0.860249993391335
2021-01-15T17:04:11Z,0.8491272814571857
2021-01-17T16:37:41Z,0.017831826582551
2021-01-21T17:43:57Z,-0.9561026114970446
2021-01-22T15:39:05Z,0.0643083434551954
2021-01-23T18:11:47Z,0.0039035901427268
2021-01-27T15:16:22Z,0.0848323861137032
2021-01-27T15:39:22Z,-0.0279870256781578
2021-01-27T17:05:28Z,0.3034631069749594
2021-01-31T21:03:43Z,-0.0010412894189357
2021-02-01T16:37:43Z,-0.1941960118710994
2021-02-01T17:21:33Z,-0.0145194660872221
2021-02-01T17:26:16Z,0.0157829690724611
2021-02-01T22:04:48Z,0.4689010102301836
2021-02-02T09:00:52Z,-0.0580663979053497
2021-02-02T12:30:43Z,-0.2419966161251068
2021-02-02T12:53:08Z,0.0165316462516784
2021-02-02T15:25:43Z,0.0373587403446435
2021-02-02T15:37:56Z,-0.933470729738474
2021-02-02T16:51:27Z,0.624818510375917
2021-02-02T17:47:44Z,0.2335126716643571
2021-02-02T21:14:50Z,0.6938375532627106
2021-02-03T13:53:58Z,0.0265497360378503
2021-02-04T16:31:21Z,0.0002524331212043
2021-02-05T10:24:18Z,0.0043261293321847
2021-02-08T10:50:13Z,0.4304109066724777
2021-02-08T15:12:31Z,-0.5794129017740488
2021-02-08T17:27:37Z,0.0501535627990961
2021-02-15T13:55:14Z,0.0601186119019985
2021-02-16T12:32:46Z,0.712836004793644
2021-02-16T12:45:49Z,-0.0961587354540824
2021-02-16T17:17:27Z,0.8607919961214066
2021-02-18T14:54:25Z,0.019228970631957
2021-02-19T14:12:38Z,-0.104141853749752
2021-02-20T13:38:54Z,0.0180750973522663
2021-02-21T19:19:38Z,-0.9349919110536576
2021-02-22T14:41:24Z,0.0643083434551954
2021-02-22T17:15:00Z,0.0065293386578559
2021-02-24T12:04:47Z,0.293311950750649
2021-02-26T13:44:00Z,0.6611907407641411
2021-03-01T13:19:22Z,0.6584799662232399
2021-03-01T16:17:45Z,0.1622259616851806
2021-03-03T12:56:28Z,0.7783704698085785
2021-03-03T12:58:07Z,0.6270105689764023
2021-03-03T12:59:07Z,0.7777828350663185
2021-03-03T16:34:01Z,0.6421185852959752
2021-03-03T18:00:24Z,-0.0141238551586866
2021-03-03T19:15:34Z,0.9187351129949092
2021-03-04T13:47:10Z,0.8851340375840664
2021-03-04T16:03:04Z,0.1803470030426979
2021-03-04T17:49:06Z,-0.1487564072012901
2021-03-04T18:06:38Z,-0.8889484517276287
2021-03-05T11:19:48Z,0.1627736315131187
2021-03-05T15:29:16Z,-0.5349020604044199
2021-03-05T16:57:57Z,0.1294368132948875
2021-03-06T18:14:15Z,0.1326601766049862
2021-03-08T13:54:33Z,-0.0354714803397655
2021-03-08T16:11:17Z,-0.0293107405304908
2021-03-08T16:29:49Z,0.7297990322113037
2021-03-10T17:16:04Z,0.8570359423756599
2021-03-11T15:19:13Z,0.8816943727433681
2021-03-11T15:24:59Z,0.1803470030426979
2021-03-21T15:18:04Z,0.006100608035922
2021-03-25T13:45:23Z,0.0259626302868127
2021-04-05T13:59:17Z,-0.4486732818186283
2021-04-05T14:15:19Z,-0.0384566020220518
2021-04-06T14:57:14Z,-0.317910835146904
2021-04-09T17:10:12Z,0.0211485400795936
2021-04-12T10:46:47Z,0.0496571585536003
2021-04-12T14:04:15Z,-0.5445260219275951
2021-04-13T15:55:09Z,0.9188585598021746
2021-04-14T10:57:43Z,0.1979852616786956
2021-04-14T11:24:44Z,0.0265497360378503
2021-04-14T17:20:26Z,-0.5691204238682985
2021-04-18T16:22:14Z,-0.00019415281713
2021-04-26T15:25:17Z,0.2719328701496124
2021-04-27T12:28:44Z,0.9336828254163264
2021-04-27T12:45:41Z,0.9290147554129362
2021-04-29T15:06:47Z,-0.1946993842720985
2021-04-29T21:43:23Z,-0.0041555557399988
2021-04-30T08:11:54Z,-0.0552122183144092
2021-04-30T08:50:33Z,-0.0292809829115867
2021-04-30T10:11:19Z,-0.8051763102412224
2021-04-30T11:30:09Z,0.4897820353507995
2021-04-30T12:01:28Z,-0.0121518895030021
2021-04-30T16:36:55Z,0.028329761698842
2021-05-03T13:34:48Z,0.028329761698842
2021-05-03T14:05:00Z,-0.0630881264805793
2021-05-03T14:09:29Z,0.6649768836796284
2021-05-05T15:08:53Z,0.0172064360231161
2021-05-05T16:05:13Z,0.5040818825364113
2021-05-10T15:26:09Z,0.1622259616851806
2021-05-10T16:06:45Z,0.4061621632426977
2021-05-11T13:22:17Z,0.0647656973451376
2021-05-12T15:48:07Z,0.0643083434551954
2021-05-14T14:21:39Z,-0.1708413213491439
2021-05-17T15:44:20Z,-0.1914895921945572
2021-05-18T14:25:30Z,0.6296803243458271
2021-05-19T17:24:53Z,0.0110263377428054
2021-05-24T14:21:45Z,0.0087149459868669
2021-05-24T16:29:21Z,-0.9005226846784353
2021-05-25T14:26:05Z,0.1635870384052395
2021-05-25T17:20:17Z,-0.1087280847132206
2021-05-26T17:16:14Z,-0.3463065028190613
2021-05-26T17:20:37Z,-0.9415158098563552
2021-05-26T21:21:40Z,0.1953828427940607
2021-05-27T15:40:37Z,-0.28145881742239
2021-05-30T16:40:33Z,0.0211987514048814
2021-06-01T21:45:55Z,0.9138902127742768
2021-06-02T19:38:11Z,0.8372158333659172
2021-06-02T20:03:37Z,0.0320053584873676
2021-06-09T12:29:17Z,0.4070570990443229
2021-06-09T13:52:15Z,-0.0283801406621933
2021-06-09T14:46:41Z,-0.0384566020220518
2021-06-10T14:17:06Z,0.019228970631957
2021-06-11T13:04:00Z,0.0393326953053474
2021-06-14T13:48:59Z,0.0358234345912933
2021-06-14T16:35:18Z,0.0034781266003847
2021-06-15T13:08:07Z,0.629374023526907
2021-06-15T17:53:42Z,0.0176898073405027
2021-06-15T20:14:00Z,-0.937249687500298
2021-06-16T13:31:38Z,0.0180580560117959
2021-06-16T17:31:57Z,0.0151639580726623
2021-06-17T14:23:01Z,0.019228970631957
2021-06-17T20:59:48Z,0.015627384185791
2021-06-22T15:10:22Z,0.0971910580992698
2021-06-22T16:29:14Z,-0.9375399351119996
2021-06-22T19:09:18Z,-0.0475757662206888
2021-06-24T14:47:58Z,0.0643083434551954
2021-06-25T14:17:38Z,0.1294368132948875
2021-06-29T16:30:21Z,0.9344878625124692
2021-06-30T11:03:02Z,0.8855964951217175
2021-06-30T12:01:52Z,0.0622715540230274
2021-06-30T16:48:05Z,0.028329761698842
2021-06-30T17:57:13Z,0.0397889241576194
2021-06-30T20:13:00Z,0.6301084607839584
2021-07-01T15:49:36Z,-0.0279386863112449
2021-07-01T16:40:27Z,0.0643083434551954
2021-07-02T18:46:45Z,0.0643083434551954
2021-07-04T17:54:38Z,0.0105243679136037
2021-07-07T17:26:23Z,0.0643083434551954
2021-07-12T11:23:54Z,0.7714402033016086
2021-07-12T13:34:20Z,0.012099552899599
2021-07-12T14:03:00Z,-0.5317739453166723
2021-07-12T15:10:54Z,0.0425918120890855
2021-07-12T17:29:36Z,0.019228970631957
2021-07-13T05:53:50Z,0.0442579817026853
2021-07-13T16:48:00Z,0.0643083434551954
2021-07-14T18:23:59Z,0.019228970631957
2021-07-19T18:56:58Z,0.019228970631957
2021-07-20T18:25:01Z,0.019228970631957
2021-07-21T16:46:52Z,0.6850985982455313
2021-07-22T10:56:08Z,0.4149571862071752
2021-07-22T13:06:00Z,0.0407571326941251
2021-07-22T15:55:19Z,-0.0384566020220518
2021-07-25T22:31:38Z,0.0251340344548225
2021-07-26T15:20:27Z,-0.8768373914062977
2021-07-27T23:33:48Z,-0.0514148883521556
2021-07-28T10:57:54Z,0.033426821231842
2021-07-29T14:40:18Z,-0.235821321606636
2021-07-29T18:30:47Z,0.0201599560678005
2021-07-29T19:34:58Z,0.019228970631957
2021-07-30T08:13:32Z,-0.0534040108323097
2021-07-30T08:44:14Z,-0.0336322113871574
2021-07-30T10:03:29Z,-0.9454529620707036
2021-07-30T11:30:38Z,0.6381069123744965
2021-07-30T11:51:08Z,-0.0738261565566062
2021-07-30T13:50:55Z,0.9380548456683756
2021-07-30T15:39:20Z,-0.0384566020220518
2021-08-02T12:03:04Z,-0.2484945356845855
2021-08-02T18:29:50Z,0.2122594751417637
2021-08-03T15:23:26Z,-0.3448884785175323
2021-08-03T16:22:18Z,-0.0384566020220518
2021-08-05T15:58:28Z,-0.9193722996860744
2021-08-06T14:04:38Z,0.019228970631957
2021-08-08T14:32:08Z,0.9252645652741194
2021-08-09T15:45:28Z,0.019228970631957
2021-08-10T17:36:56Z,0.1655772943049669
2021-08-18T14:46:46Z,0.8303532670252025
2021-08-19T15:21:30Z,0.019228970631957
2021-08-20T14:59:09Z,-0.0889932103455066
2021-08-23T16:09:53Z,0.0989616587758064
2021-08-23T16:39:26Z,0.0853295251727104
2021-08-25T11:57:45Z,0.4382048398256302
2021-08-27T16:55:13Z,0.0127144269645214
2021-08-30T15:28:32Z,-0.8069716431200504
2021-08-30T15:51:38Z,0.71700096456334
2021-08-31T15:25:09Z,-0.6443669702857733
2021-09-02T19:01:50Z,0.6290796315297484
2021-09-03T16:19:55Z,-0.8749596467241645
2021-09-09T17:52:37Z,-0.1848767772316932
2021-09-13T12:31:53Z,0.8895868482068181
2021-09-13T16:34:20Z,0.0793905537575483
2021-09-13T17:00:23Z,-0.6681120917201042
2021-09-13T17:51:54Z,0.0127144269645214
2021-09-15T20:27:04Z,0.0239406544715166
2021-09-16T15:00:53Z,-0.0649580247700214
2021-09-17T20:18:53Z,-0.0032494515180587
2021-09-19T19:10:14Z,-0.0250930078327655
2021-09-20T22:04:06Z,-0.6770945712924004
2021-09-23T19:29:12Z,0.1088551580905914
2021-09-24T14:31:48Z,0.3418061584234237
2021-09-27T17:01:36Z,-0.7432231456041336
2021-09-27T19:31:41Z,0.7628112882375717
2021-09-27T20:17:21Z,0.0299506653100252
2021-09-28T14:08:12Z,-0.0845910012722015
2021-10-01T17:44:57Z,0.0127144269645214
2021-10-04T18:13:09Z,-0.1087280847132206
2021-10-04T18:46:11Z,0.9248930998146534
2021-10-07T12:27:55Z,0.8873475678265095
2021-10-07T18:51:15Z,0.033405652269721
2021-10-08T17:56:23Z,0.0127144269645214
2021-10-11T11:33:39Z,0.5703249522484839
2021-10-11T14:24:28Z,-0.9342506397515536
2021-10-11T15:00:49Z,-0.875400960445404
2021-10-12T14:25:15Z,-0.0181963220238685
2021-10-13T17:18:30Z,0.0268694870173931
2021-10-19T16:06:10Z,0.0292679592967033
2021-10-20T14:24:00Z,-0.5658352747559547
2021-10-20T14:24:29Z,-0.9560577236115932
2021-10-20T17:23:50Z,-0.9214160814881324
2021-10-22T20:56:46Z,0.0270440597087144
2020-11-03T17:11:07Z,0.0819299612194299
2021-10-26T06:50:07Z,0.7822851771488786
2021-10-26T16:38:21Z,0.0196654107421636
2021-10-26T17:47:52Z,-0.4053399041295051
2021-10-28T15:09:30Z,0.0179170053452253
2021-10-28T15:36:31Z,-0.1986448243260383
2021-10-29T07:41:28Z,-0.0554761812090873
2021-10-29T10:00:42Z,-0.9436340536922216
2021-10-29T08:54:37Z,-0.0456653498113155
2021-10-29T11:31:33Z,-0.5482627749443054
2021-10-29T17:05:06Z,-0.1805143654346466
2021-11-01T11:06:06Z,0.8983956053853035
2021-11-01T14:16:56Z,0.0128323026001453
2021-11-02T11:51:43Z,0.1215872466564178
2021-11-02T12:01:48Z,0.930398853495717
2021-11-02T13:32:04Z,0.1112315580248832
2021-11-02T14:02:40Z,-0.5313310753554106
2021-11-03T16:27:47Z,-0.1087189391255378
2021-11-05T12:32:26Z,-0.0287687629461288
2021-11-08T15:02:48Z,0.104640114121139
2021-11-15T21:22:02Z,0.927825621329248
2021-11-18T18:07:58Z,0.894272631034255
2021-11-19T17:16:45Z,-0.0821625404059887
2021-11-24T17:25:21Z,0.0196654107421636
2021-11-29T10:15:26Z,0.2502309996634722
2021-11-29T14:33:11Z,0.5783103480935097
2021-12-01T12:21:57Z,0.4177314806729555
2021-12-01T12:23:07Z,0.9347033128142356
2021-12-01T12:25:18Z,0.7695961594581604
2021-12-01T15:22:37Z,-0.0049975551664829
2021-12-01T17:03:09Z,0.1547268778085708
2021-12-01T20:00:03Z,0.2236497979611158
2021-12-02T16:51:30Z,0.0196654107421636
2021-12-02T18:44:20Z,0.7896481826901436
2021-12-07T16:13:35Z,0.0056404005736112
2021-12-08T12:23:49Z,0.8889477290213108
2021-12-08T18:28:10Z,0.0595758520066738
2021-12-08T19:02:51Z,0.6948584523051977
2021-12-13T09:47:25Z,0.058813196606934
2021-12-13T20:02:43Z,0.0292679592967033
2021-10-04T13:57:58Z,0.0557802049443125
2021-12-20T17:12:51Z,0.5819500144571066
2021-12-23T16:05:23Z,-0.9534965148195624
2021-12-29T16:32:10Z,0.0292679592967033
2021-12-30T17:13:03Z,0.712333956733346
2021-12-30T18:42:34Z,-0.056285485625267
2021-12-30T21:28:37Z,-0.0646188408136367
2021-12-31T19:23:35Z,0.0355242732912302
2022-01-01T19:19:57Z,0.0160402841866016
2022-01-05T11:48:41Z,0.0799017883837223
2022-01-06T13:58:17Z,0.021900400519371
2022-01-06T15:06:36Z,-0.4942475333809852
2022-01-06T21:01:50Z,-0.0179264321923255
2022-01-10T14:19:00Z,0.0290111415088176
2022-01-10T16:11:13Z,-0.293815366923809
2022-01-11T12:02:47Z,0.0365807879716157
2022-01-11T18:00:26Z,0.0005151480436325
2022-01-11T18:31:06Z,-0.0010091178119182
2022-01-11T18:50:08Z,-0.1771961264312267
2022-01-11T20:57:21Z,0.0794600024819374
2022-01-12T12:35:14Z,-0.0258018095046281
2022-01-13T15:37:57Z,0.9270576667040586
2022-01-14T14:16:09Z,-0.1263148412108421
2022-01-19T11:21:17Z,0.89508899115026
2022-01-19T12:27:37Z,-0.1147931292653083
2022-01-19T15:02:34Z,-0.5071266088634729
2022-01-20T19:01:46Z,0.0355242732912302
2022-01-26T16:50:49Z,0.0196654107421636
2022-01-27T14:48:40Z,-0.0445881057530641
2022-01-28T19:01:54Z,-0.005349364131689
2022-01-31T15:29:44Z,0.0250231921672821
2022-01-31T17:01:15Z,-0.4051156491041183
2022-01-31T17:01:51Z,0.9254364781081676
2022-01-31T19:28:06Z,-0.0489100217819213
2022-02-01T08:46:21Z,-0.0250163525342941
2022-02-01T10:16:39Z,-0.9332529846578836
2022-02-01T12:17:35Z,-0.9261653795838356
2022-02-01T12:23:42Z,-0.0829220116138458
2022-02-01T12:32:16Z,-0.0039514005184173
2022-02-01T12:34:02Z,0.226115433499217
2022-02-01T15:10:18Z,0.9285114500671624
2022-02-01T17:47:13Z,0.602628068998456
2022-02-01T17:50:49Z,-0.4645177274942398
2022-02-01T18:15:13Z,-0.8425975125283003
2022-02-01T19:05:50Z,0.0103949196636676
2022-02-02T16:10:33Z,0.2761010210961103
2022-02-02T17:08:27Z,-0.0252875406295061
2022-02-02T17:29:50Z,0.0228067189455032
2022-02-02T18:26:00Z,0.0292679592967033
2022-02-07T16:44:26Z,-0.0156548116356134
2022-02-08T14:12:08Z,0.0886628534644842
2022-02-09T11:49:28Z,0.8837073091417551
2022-02-14T16:12:45Z,-0.0567344278097152
2022-02-15T13:20:02Z,0.7296075113117695
2022-02-16T20:19:09Z,0.0355242732912302
2022-02-17T15:14:48Z,0.9158215513452888
2022-02-22T13:10:45Z,0.1769121028482914
2022-02-22T16:45:05Z,-0.0444381013512611
2022-02-22T17:09:35Z,0.0355242732912302
2022-02-24T16:52:08Z,0.3799208365380764
2022-02-24T18:31:05Z,0.0355242732912302
2022-02-24T21:58:46Z,-0.0319879204034805
2022-02-25T22:25:06Z,-0.0472311004996299
2022-02-28T22:41:22Z,-0.1854036450386047
2022-03-02T11:33:58Z,0.1224308013916015
2022-03-02T14:57:59Z,0.9220116985961796
2022-03-02T16:08:55Z,0.8862164681777358
2022-03-02T18:29:50Z,0.1895849658176303
2022-03-02T21:31:02Z,-0.8939388347789645
2022-03-03T14:07:07Z,0.769309900701046
2022-03-03T14:45:50Z,-0.8505364712327719
2022-03-03T15:23:31Z,0.82148177921772
2022-03-03T16:16:32Z,0.0246345214545726
2022-03-03T17:05:40Z,-0.0203677471727132
2022-03-04T20:05:00Z,0.0292679592967033
2022-03-07T11:36:31Z,0.4505811482667923
2022-03-07T13:13:05Z,0.294896250590682
2022-03-07T14:52:16Z,0.8279430512338877
2022-03-07T17:42:47Z,-0.0045109782367944
2022-03-07T18:29:58Z,0.0654686745256185
2022-03-08T16:03:35Z,-0.9135871399194002
2022-03-08T16:55:21Z,-0.0029937773942947
2022-03-08T17:54:42Z,0.0654686745256185
2022-03-08T16:22:21Z,0.6454528421163559
2022-03-09T14:25:11Z,-0.0034480690956115
2022-03-09T18:15:22Z,-0.0011562630534172
2022-03-09T19:53:48Z,-0.0864523593336343
2022-03-09T20:39:11Z,-0.9455446321517228
2022-03-09T20:51:45Z,-0.5200593825429678
2022-03-09T21:25:28Z,-0.2904150784015655
2022-03-09T22:45:10Z,0.2080396646633744
2022-03-10T01:37:30Z,-0.0119277369230985
2022-03-10T17:19:19Z,0.6046228110790253
2022-03-10T21:08:40Z,-0.4955742452293634
2022-03-11T12:34:38Z,0.8871940653771162
2022-03-11T21:24:49Z,-0.046133317053318
2022-03-12T19:39:07Z,-0.0210733823478221
2022-03-14T16:39:38Z,0.0196654107421636
2022-03-15T20:45:17Z,0.0190214775502681
2022-03-16T14:59:56Z,0.0322745833545923
2022-03-16T17:57:04Z,0.0392006933689117
2022-03-17T15:20:47Z,0.0428983885794878
2022-03-17T19:25:29Z,-0.4145454913377762
2022-03-21T14:41:11Z,0.0195682663470506
2022-03-22T17:43:05Z,0.003975061699748
2022-03-22T19:51:10Z,-0.0062826164066791
2022-03-24T16:34:19Z,0.0196654107421636
2022-03-24T19:46:18Z,-0.0505825579166412
2022-03-24T20:31:10Z,0.1366446446627378
2022-03-24T21:32:02Z,0.1372746992856264
2022-03-25T15:46:15Z,0.1546113630756735
2022-03-26T20:18:28Z,0.007504953071475
2022-03-27T21:47:53Z,0.0311818085610866
2022-03-29T09:47:47Z,0.2221885658800602
2022-03-31T16:03:10Z,-0.0156548116356134
2022-04-01T16:06:58Z,-0.0029191076755523
2022-04-04T11:38:45Z,-0.8189692832529545
2022-04-04T11:44:28Z,-0.5031937062740326
2022-04-04T11:45:56Z,-0.7686477527022362
2022-04-04T11:56:29Z,-0.0143244452774524
2022-04-04T12:31:22Z,0.5688057038933039
2022-04-05T18:16:52Z,0.8167499117553234
2022-04-08T15:02:17Z,-0.0489100217819213
2022-04-11T22:06:28Z,-0.0616350956261158
2022-04-12T19:35:57Z,-0.0156548116356134
2022-04-13T23:50:58Z,0.8978605438023806
2022-04-14T14:01:20Z,0.1375442771241068
2022-04-19T21:12:39Z,0.0371701586991548
2022-04-20T15:33:00Z,-0.0569041781127452
2022-04-21T08:55:07Z,0.9172466676682234
2022-04-21T10:26:39Z,0.0003939755260944
2022-04-21T12:45:43Z,-0.1289493143558502
2022-04-21T13:30:27Z,0.028329761698842
2022-04-21T14:04:21Z,-0.4356600418686867
2022-04-21T15:19:45Z,-0.0449101030826568
2022-04-21T16:08:00Z,-0.0778302475810051
2022-04-22T13:32:51Z,0.8634811453521252
2022-04-23T19:39:33Z,0.0237158965319395
2022-04-25T15:06:25Z,0.0355242732912302
2022-04-25T15:15:30Z,-0.0693634375929832
2022-04-26T12:31:32Z,0.8566800430417061
2022-04-26T20:18:16Z,0.9217671686783432
2022-04-27T10:21:06Z,0.0711998092010617
2022-04-27T12:06:24Z,-0.0243792384862899
2022-04-27T17:34:19Z,0.91430888697505
2022-04-28T14:06:27Z,-0.334555022418499
2022-04-28T16:08:37Z,0.0665029976516962
2022-04-28T16:16:25Z,-0.9578177304938436
2022-04-28T17:48:35Z,-0.9351630294695495
2022-04-28T18:21:24Z,0.0292679592967033
2022-04-29T08:33:27Z,-0.0172180868685245
2022-04-29T08:36:12Z,-0.08671260997653
2022-04-29T09:49:12Z,-0.9078208841383456
2022-04-29T10:30:34Z,0.0040494054555892
2022-04-29T10:33:25Z,0.1284530777484178
2022-04-29T10:55:07Z,-0.8783849403262138
2022-04-29T11:05:49Z,-0.0101520046591758
2022-04-29T11:52:57Z,-0.0222505815327167
2022-04-29T13:46:43Z,0.1204957515001297
2022-04-29T14:03:15Z,0.0702336728572845
2022-05-02T11:35:28Z,0.8806047402322292
2022-05-02T13:18:14Z,0.6276841461658478
2022-05-02T15:29:10Z,0.0196654107421636
2022-05-03T13:46:44Z,0.0853065280243754
2022-05-03T15:24:12Z,0.0067415088415145
2022-05-04T18:13:22Z,-0.6825189590454102
2022-05-05T12:04:01Z,0.8585766488686204
2022-05-06T13:25:23Z,0.3496066071093082
2022-05-06T18:25:11Z,-0.0624370593577623
2022-05-09T14:13:46Z,0.0714386794716119
2022-05-09T14:39:55Z,0.6364727430045605
2022-05-09T20:43:16Z,0.0425918120890855
2022-05-10T15:03:40Z,-0.0542571917176246
2022-05-10T17:58:23Z,0.0561672151088714
2022-05-16T11:25:14Z,0.0683301463723182
2022-05-17T18:04:19Z,0.0292679592967033
2022-05-18T11:47:40Z,0.0337335988879203
2022-05-18T19:21:49Z,-0.5613223388791084
2022-05-19T08:37:54Z,0.159346280619502
2022-05-19T11:59:34Z,-0.7562817428261042
2022-05-19T12:36:19Z,0.764145016670227
2022-05-19T19:10:16Z,0.0482001295313239
2022-05-24T14:03:40Z,-0.6704531982541084
2022-05-24T17:59:46Z,0.0460306666791439
2022-05-25T13:56:51Z,0.0260869339108467
2022-05-26T11:38:42Z,0.4225820312276482
2022-05-27T16:55:11Z,-0.0489100217819213
2022-05-27T18:34:52Z,0.0654686745256185
2022-05-31T11:16:41Z,0.8885988052934408
2022-05-31T13:27:25Z,-0.0036666244268417
2022-05-31T18:27:17Z,-0.0011747442185878
2022-05-31T21:36:43Z,0.028329761698842
2022-06-01T11:44:01Z,0.8885988052934408
2022-06-01T17:39:48Z,0.0654686745256185
2022-06-02T15:53:15Z,0.0196654107421636
2022-06-03T19:36:56Z,0.0355242732912302
2022-06-04T20:10:38Z,0.0140250157564878
2022-06-06T12:29:52Z,0.8744724988937378
2022-06-06T14:11:02Z,0.4869652688503265
2022-06-07T10:44:24Z,0.7186698913574219
2022-06-07T12:23:12Z,-0.0961587354540824
2022-06-07T13:08:00Z,0.914630075916648
2022-06-07T14:14:58Z,-0.4225705191493034
2022-06-07T14:58:51Z,0.2125045303255319
2022-06-07T16:50:52Z,0.0196654107421636
2022-06-07T17:47:50Z,-0.0009689573198556
2022-06-07T19:27:36Z,-0.0011747442185878
2022-06-07T21:49:28Z,0.1777789834886789
2022-06-08T11:07:36Z,0.7285363860428333
2022-06-08T12:22:56Z,0.853656604886055
2022-06-08T13:17:00Z,0.0163658950477838
2022-06-08T17:28:18Z,-0.0322252046316862
2022-06-10T19:40:41Z,-0.0004199594259262
2022-06-12T23:22:14Z,0.0244350358843803
2022-06-13T17:40:50Z,-0.0002801660448312
2022-06-14T16:20:24Z,-0.0156548116356134
2022-06-15T11:23:45Z,-0.4735601767897606
2022-06-15T12:17:45Z,-0.0258753951638937
2022-06-15T17:20:25Z,-0.0101312100887298
2022-06-15T18:47:15Z,0.0330546349287033
2022-06-16T18:30:10Z,-0.0018622912466526
2022-06-16T20:08:17Z,-0.0314269661903381
2022-06-20T14:11:00Z,-0.2312180250883102
2022-06-20T15:47:55Z,-0.008545346558094
2022-06-21T09:02:29Z,0.913815464824438
2022-06-21T09:37:39Z,0.7712734267115593
2022-06-21T11:40:59Z,-0.0961587354540824
2022-06-21T12:51:57Z,0.0361598879098892
2022-06-21T14:05:18Z,-0.4523717556148767
2022-06-21T14:05:26Z,0.0425918120890855
2022-06-21T15:46:49Z,0.8735641604289412
2022-06-21T18:55:42Z,-0.1736474446952343
2022-06-22T15:45:55Z,-0.2320485562086105
2022-06-22T17:46:22Z,0.0372407529503107
2022-06-22T18:27:51Z,-0.1020432189106941
2022-06-23T19:45:33Z,-0.0053206961601972
2022-06-25T20:32:11Z,-0.0325777903199195
2022-06-27T12:19:18Z,0.1982366880401969
2022-06-28T16:07:49Z,-0.0028859749436378
2022-06-28T20:40:50Z,0.1063197515904903
2022-06-29T08:10:52Z,-0.0778023600578308
2022-06-29T12:12:04Z,-0.8363255495205522
2022-07-01T11:36:02Z,-0.8842761879786849
2022-07-01T14:33:45Z,-0.0432312414050102
2022-07-02T14:07:10Z,-0.0226229950785636
2022-07-05T14:34:08Z,-0.9448776310309768
2022-07-05T16:44:32Z,-0.0451094321906566
2022-07-05T18:15:20Z,-0.9110411060974002
2022-07-05T20:38:22Z,-0.055299736559391
2022-07-06T14:52:00Z,-0.2562149241566658
2022-07-06T14:18:34Z,-0.0502612739801406
2022-07-07T15:59:48Z,0.7606441825628281
2022-07-12T16:17:03Z,-0.0489100217819213
2022-07-18T13:28:07Z,0.0003939755260944
2022-07-18T14:16:37Z,0.0355242732912302
2022-07-18T18:10:39Z,-0.0011747442185878
2022-07-19T13:06:24Z,-0.1058697402477264
2022-07-19T13:46:35Z,0.2535652481019497
2022-07-19T14:04:47Z,-0.4306571222841739
2022-07-19T14:06:03Z,0.0310707688331604
2022-07-19T14:08:20Z,-0.0253007467836141
2022-07-19T15:57:28Z,-0.2296502888202667
2022-07-19T19:40:00Z,-0.0489100217819213
2022-07-20T11:53:44Z,0.8374100122600794
2022-07-21T13:18:46Z,-0.9113637655973434
2022-07-21T16:27:11Z,0.0656088795512914
2022-07-21T19:01:35Z,0.8214717116206884
2022-07-22T15:13:24Z,0.0821162723004818
2022-07-22T15:52:54Z,0.8026463007554412
2022-07-24T20:37:05Z,0.8427185378968716
2022-07-26T18:52:40Z,-0.0128630027174949
2022-07-26T18:58:07Z,0.3771367147564888
2022-07-26T19:33:01Z,-0.0489100217819213
2022-07-27T12:04:22Z,0.4316286984831095
2022-07-27T17:00:23Z,-0.0268492922186851
2022-07-27T17:14:59Z,-0.0723340921103954
2022-07-27T17:34:15Z,-0.051545325666666
2022-07-28T10:56:02Z,0.0242125410586595
2022-07-28T12:05:27Z,-0.0084106530994176
2022-07-28T15:53:41Z,-0.334555022418499
2022-07-29T08:23:32Z,0.0226336903870105
2022-07-29T08:44:24Z,0.0514517892152071
2022-07-29T09:31:21Z,-0.0908920764923095
2022-07-29T10:19:56Z,0.920451832935214
2022-07-29T10:30:22Z,-0.5792003124952316
2022-07-29T10:52:26Z,-0.0319096148014068
2022-07-29T12:53:51Z,0.0362872928380966
2022-07-29T12:55:42Z,-0.0255613476037979
2022-07-29T13:52:51Z,0.913222773000598
2022-07-29T14:13:25Z,0.5317413071170449
2022-07-29T14:29:26Z,-0.7616786323487759
2022-07-31T17:57:38Z,0.1400513723492622
2022-08-01T10:17:51Z,-0.906607821583748
2022-08-01T13:05:29Z,0.0100501887500286
2022-08-01T14:34:28Z,0.6054985448718071
2022-08-01T14:41:55Z,0.047266311943531
2022-08-01T19:06:12Z,0.0986937787383794
2022-08-02T07:39:23Z,-0.8910318575799465
2022-08-02T16:21:42Z,-0.0156548116356134
2022-08-05T10:24:32Z,0.8525772467255592
2022-08-08T14:44:50Z,0.9187143556773664
2022-08-09T10:24:55Z,0.0019447244703769
2022-08-10T20:48:00Z,-0.0489100217819213
2022-08-11T15:02:32Z,0.4068375527858734
2022-08-11T15:07:47Z,0.028329761698842
2022-08-11T17:49:42Z,0.0654686745256185
2022-08-15T14:05:51Z,-0.0083026327192783
2022-08-15T20:20:51Z,0.9082910213619472
2022-08-17T15:16:41Z,0.0292679592967033
2022-08-17T17:00:12Z,-0.0181083176285028
2022-08-17T17:37:01Z,0.3736436907202005
2022-08-18T12:10:43Z,-0.0276056118309497
2022-08-18T14:21:13Z,0.0374573729932308
2022-08-18T17:00:04Z,-0.0154720786958932
2022-08-19T12:01:01Z,0.0308558214455842
2022-08-19T14:37:59Z,0.1065770611166954
2022-08-19T21:03:16Z,-0.0479940809309482
2022-08-22T14:07:13Z,0.1228056158870458
2022-08-22T15:53:46Z,0.751323152333498
2022-08-22T20:35:31Z,0.0196654107421636
2022-08-24T16:40:38Z,-0.0263259410858154
2022-08-24T17:45:49Z,0.065609086304903
2022-08-26T17:00:14Z,-0.0246010702103376
2022-08-26T18:09:40Z,0.0432408973574638
2022-08-29T12:30:51Z,-0.0239173416048288
2022-08-29T13:09:04Z,0.8744724988937378
2022-08-29T16:24:18Z,-0.0300995148718357
2022-08-29T17:01:36Z,-0.0163301117718219
2022-08-29T17:12:43Z,-0.0189837794750928
2022-08-29T18:10:00Z,0.0425918120890855
2022-08-29T18:17:44Z,0.2805450335144996
2022-08-29T20:52:05Z,0.0906796529889106
2022-08-30T11:55:47Z,-0.8742320677265525
2022-08-30T12:32:25Z,-0.0425646677613258
2022-08-30T12:36:02Z,0.4035454783588648
2022-08-30T17:42:39Z,-0.0011747442185878
2022-08-30T16:46:22Z,0.1065066382288932
2022-08-31T21:19:11Z,0.0333467442542314
2022-09-01T11:08:27Z,-0.0060185566544532
2022-09-01T12:22:11Z,-0.8961157780140638
2022-09-01T14:45:12Z,0.0355242732912302
2022-09-01T20:21:11Z,0.0150650031864643
2022-09-06T11:47:52Z,0.8660287670791149
2022-09-06T12:57:48Z,-0.0247148852795362
2022-09-06T15:36:07Z,0.0292679592967033
2022-09-09T16:05:07Z,-0.0156548116356134
2022-09-12T11:51:58Z,0.2990893721580505
2022-09-13T13:44:35Z,-0.7354126805439591
2022-09-15T15:26:40Z,0.0292679592967033
2022-09-19T15:14:21Z,0.0292679592967033
2022-09-20T09:01:37Z,0.8256540261209011
2022-09-20T11:33:19Z,0.1918024905025959
2022-09-20T11:35:34Z,-0.1808940544724464
2022-09-20T12:21:53Z,-0.5682913549244404
2022-09-20T15:17:26Z,0.9086100328713655
2022-09-21T11:48:21Z,-0.9428347926586866
2022-09-21T15:23:06Z,-0.3946215361356735
2022-09-22T13:23:27Z,-0.933381729759276
2022-09-23T15:15:12Z,0.0072690248489379
2022-09-24T21:08:43Z,-0.0331607237458229
2022-09-27T15:18:15Z,0.7914276020601392
2022-09-27T19:24:59Z,-0.048319075256586
2022-09-28T19:40:25Z,0.5451292116194963
2022-09-29T12:16:39Z,-0.0179868899285793
2022-09-30T10:31:15Z,-0.0729548148810863
2022-09-30T21:17:23Z,-0.0259035341441631
2022-10-03T12:49:52Z,0.015602670609951
2022-10-03T12:50:33Z,0.0627461783587932
2022-10-03T14:35:55Z,-0.0489100217819213
2022-10-03T15:25:24Z,-0.939845634624362
2022-10-04T16:26:38Z,-0.9461433989927172
2022-10-05T17:45:01Z,-0.0327626839280128
2022-10-05T17:55:51Z,0.0654686745256185
2022-10-05T18:25:59Z,-0.5276783797889948
2022-10-05T18:38:39Z,0.92836931720376
2022-10-06T17:39:09Z,-0.0011747442185878
2022-10-06T17:54:52Z,0.501415153965354
2022-10-06T19:35:12Z,-0.0330631732940673
2022-10-07T11:36:56Z,0.8869516886770725
2022-10-07T13:27:42Z,-0.0246091913431882
2022-10-07T17:37:28Z,-0.0011747442185878
2022-10-08T17:52:51Z,-0.2186262495815754
2022-10-10T15:02:29Z,0.0292679592967033
2022-10-10T17:15:50Z,0.0060646664351224
2022-10-10T17:36:51Z,-0.0011747442185878
2022-10-10T19:17:44Z,-0.9441103218123316
2022-10-11T11:33:42Z,0.1293355412781238
2022-10-12T16:07:38Z,0.0038971602916717
2022-10-12T19:37:02Z,0.1677622273564338
2022-10-12T19:39:40Z,0.8484798343852162
2022-10-13T19:09:31Z,0.0355242732912302
2022-10-15T16:24:22Z,-0.956322164274752
2022-10-17T17:05:27Z,-0.7929868586361408
2022-10-18T07:45:26Z,-0.1336717680096626
2022-10-18T10:06:23Z,0.069416475482285
2022-10-18T10:16:56Z,-0.1007667928934097
2022-10-18T12:30:22Z,-0.4141888990998268
2022-10-18T12:44:04Z,0.8652947023510933
2022-10-18T16:36:22Z,-0.2505996339023113
2022-10-19T13:59:24Z,0.864199485629797
2022-10-19T20:54:28Z,0.0233776737004518
2022-10-20T14:42:02Z,0.0355242732912302
2022-10-20T16:04:21Z,0.0981217604130506
2022-10-21T20:15:48Z,-0.9532764628529548
2022-10-22T17:26:42Z,0.0783018823713064
2022-06-13T23:01:04Z,0.0323146190494298
2022-10-25T14:47:38Z,0.0292679592967033
2022-10-25T19:50:33Z,0.0965924365445971
2022-10-27T13:02:40Z,0.0365753900259733
2022-10-27T14:52:59Z,-0.334555022418499
2022-10-27T14:54:04Z,-0.0348889157176017
2022-10-27T15:01:59Z,0.0111842788755893
2022-10-27T18:50:59Z,-0.0330484043806791
2022-10-28T06:59:02Z,-0.0945924874395132
2022-10-28T08:16:25Z,0.0305487364530563
2022-10-28T08:41:07Z,-0.0884454157203435
2022-10-28T09:28:47Z,-0.9283029455691576
2022-10-28T10:06:06Z,0.4623051732778549
2022-10-28T10:31:00Z,0.7701125741004944
2022-10-28T10:52:31Z,-0.0168071128427982
2022-10-28T11:12:29Z,-0.8751700948923826
2022-10-28T11:50:46Z,-0.1201816797256469
2022-10-28T10:27:13Z,-0.5021263360977173
2022-10-28T11:41:33Z,0.9029888212680816
2022-10-28T10:30:15Z,-0.1177772283554077
2022-10-28T12:12:10Z,-0.000118538737297
2022-10-28T12:25:59Z,0.0086632445454597
2022-10-28T12:42:50Z,-0.9508313778787852
2022-10-28T12:51:03Z,-0.8626015074551105
2022-10-28T12:58:15Z,0.0130091607570648
2022-10-28T13:12:34Z,0.0254681259393692
2022-10-28T13:13:23Z,-0.2313412427902221
2022-10-28T13:14:55Z,0.0303694643080234
2022-10-28T13:22:34Z,0.3777589872479439
2022-10-28T14:30:59Z,-0.7382261715829372
2022-10-28T15:57:24Z,-0.8714404404163361
2022-10-28T17:08:17Z,0.124772809445858
2022-10-28T20:18:12Z,-0.0296767558902502
2022-10-29T20:36:36Z,0.0950824627652764
2022-10-31T14:27:15Z,0.0292679592967033
2022-10-31T15:02:06Z,0.122299775481224
2022-10-31T20:22:28Z,-0.0292241647839546
2022-10-31T20:38:40Z,-0.945068622007966
2022-11-01T07:22:36Z,-0.9379428764805198
2022-11-01T11:02:27Z,0.0684967190027237
2022-11-01T14:09:42Z,0.3196687400341034
2022-11-01T20:03:44Z,-0.0179264321923255
2022-11-02T12:23:42Z,-0.0253197159618139
2022-11-04T09:31:53Z,-0.0309393648058176
2022-11-08T15:41:46Z,0.0196654107421636
2022-11-08T17:17:48Z,-0.8203784013167024
2022-11-08T17:23:43Z,0.028146868571639
2022-11-11T11:54:01Z,0.8758027646690607
2022-11-11T13:02:05Z,-0.0123066715896129
2022-11-11T19:58:16Z,-0.0011747442185878
2022-11-11T20:54:03Z,0.0946478545665741
2022-11-11T22:34:30Z,0.903277024626732
2022-11-14T15:24:59Z,-0.3509980887174606
2022-11-15T17:16:30Z,0.0265497360378503
2022-11-16T19:23:27Z,-0.1936488449573516
2022-11-17T14:40:18Z,0.1274615926668048
2022-11-17T19:24:00Z,0.0104243177920579
2022-11-18T13:50:45Z,0.0798547947779297
2022-11-18T15:59:54Z,-0.1772986203432083
2022-11-18T17:16:48Z,-0.5161304771900177
2022-11-18T20:44:03Z,-0.783424835652113
2022-11-20T19:31:36Z,0.0835986919701099
2022-11-21T15:28:07Z,-0.7747747823596001
2022-11-21T19:20:24Z,-0.1038218885660171
2022-11-21T19:26:10Z,-0.0306394025683403
2022-11-21T19:32:40Z,-0.9330276558175684
2022-11-26T20:20:53Z,0.7692396817728877
2022-11-28T10:55:58Z,-0.8887541927397251
2022-11-28T11:29:38Z,-0.1157406792044639
2022-11-28T16:46:27Z,-0.946622520685196
2022-11-28T20:17:17Z,0.7714375946670771
2022-11-28T20:36:25Z,-0.9455444207414984
2022-11-28T20:44:24Z,0.0062738098204135
2022-11-29T12:16:47Z,-0.1983407735824585
2022-11-30T17:55:00Z,0.7324013505131006
2022-12-02T15:43:31Z,0.0196654107421636
2022-12-02T17:48:45Z,-0.0011747442185878
2022-12-03T14:50:19Z,0.0269205123186111
2022-12-03T16:59:59Z,-0.2620625868439674
2022-12-05T18:24:59Z,0.2703963592648506
2022-12-04T15:53:29Z,0.0635150074958801
2022-12-05T20:22:10Z,0.0089590661227703
2022-12-05T19:27:42Z,0.0999378059059381
2022-12-07T21:54:11Z,-0.9419190241023898
2022-12-08T11:32:49Z,0.9354367479681968
2022-12-08T11:33:25Z,0.9198365081101656
2022-12-08T14:47:35Z,0.927447946742177
2022-12-08T14:55:09Z,0.8992050439119339
2022-12-08T15:18:57Z,-0.0346283763647079
2022-12-08T18:09:11Z,-0.0624550282955169
2022-12-12T13:02:18Z,0.0789196817204356
2022-12-12T13:23:06Z,-0.1187249645590782
2022-12-13T19:08:57Z,-0.0624550282955169
2022-12-14T13:20:52Z,0.3070224840193987
2022-12-14T21:09:18Z,0.0229197684675455
2022-12-15T09:45:34Z,0.8790091816335917
2022-12-19T12:15:03Z,0.198018193244934
2022-12-20T10:13:25Z,0.0433169743046164
2022-12-23T17:57:06Z,0.077033469453454
2022-12-24T13:41:08Z,0.0325030572712421
2022-12-27T13:24:58Z,-0.0537162721157074
2022-12-27T13:26:01Z,-0.8645905973389745
2022-12-27T15:05:27Z,0.0230324789881706
2022-12-27T17:34:35Z,-0.0624550282955169
2022-12-28T16:03:37Z,-0.7256521470844746
2022-12-29T11:13:29Z,-0.621115654706955
2022-12-29T12:14:43Z,-0.9167406260967256
2022-12-29T12:59:45Z,0.1018513049930334
2022-12-29T16:52:31Z,0.6946403831243515
2022-12-29T17:34:49Z,0.0303694643080234
2022-12-29T19:02:53Z,-0.6583463028073311
2023-01-02T02:21:26Z,-0.8175118751823902
2023-01-03T12:29:59Z,0.8899685889482498
2023-01-03T14:25:41Z,0.0041071847081184
2023-01-03T18:53:15Z,0.0528101399540901
2023-01-03T20:41:55Z,0.0196654107421636
2023-01-03T21:00:32Z,-0.0179264321923255
2023-01-03T21:44:25Z,-0.2401163466274738
2023-01-04T17:25:58Z,0.182006400078535
2023-01-05T21:39:38Z,0.1996867954730987
2023-01-09T17:03:15Z,-0.0624550282955169
2023-01-10T13:37:37Z,0.8877483382821083
2023-01-12T16:02:38Z,0.0292679592967033
2023-01-13T16:30:05Z,0.210724732838571
2023-01-16T14:48:05Z,-0.0561112910509109
2023-01-18T14:04:22Z,-0.3193451836705208
2023-01-18T15:00:59Z,-0.5452399048954248
2023-01-20T10:45:08Z,0.0003939755260944
2023-01-20T19:09:44Z,0.0654686745256185
2023-01-22T13:35:41Z,0.6735395574942231
2023-01-24T17:02:26Z,0.1150666121393442
2023-01-26T18:47:18Z,0.0654686745256185
2023-01-27T19:55:50Z,-0.1432174816727638
2023-01-27T21:00:07Z,0.0187960043549537
2023-01-29T22:25:32Z,0.2171395942568779
2023-01-30T14:01:24Z,-0.1986448243260383
2023-01-31T09:54:13Z,-0.0749329924583435
2023-01-31T10:55:33Z,-0.8239087592810392
2023-01-31T11:31:59Z,0.4172899276018142
2023-01-31T12:57:34Z,-0.926263015717268
2023-01-31T14:00:21Z,0.6612365311011672
2023-01-31T11:37:36Z,-0.7296871468424797
2023-01-31T14:13:54Z,0.122145164757967
2023-01-31T16:00:37Z,-0.3705789837986231
2023-01-31T22:06:51Z,0.0145914200693368
2023-02-01T11:56:12Z,0.3796764761209488
2023-02-01T13:05:18Z,0.7782356590032578
2023-02-01T14:12:33Z,0.8959165494889021
2023-02-01T14:50:49Z,0.7011493118479848
2023-02-01T21:00:37Z,-0.0204655360430479
2023-02-02T14:17:10Z,0.7426660470664501
2023-02-02T14:29:30Z,0.6757801864296198
2023-02-07T10:37:51Z,0.9132964052259922
2023-02-07T15:49:47Z,-0.4204415678977966
2023-02-07T17:05:53Z,0.0740567846223712
2023-02-07T17:25:39Z,-0.0025040283799171
2023-02-07T17:18:42Z,0.1485286960378289
2023-02-09T16:02:27Z,-0.8603091910481453
2023-02-10T11:57:12Z,-0.7006146162748337
2023-02-10T17:25:00Z,0.0148923657834529
2023-02-13T17:15:13Z,-0.6033539324998856
2023-02-15T19:48:58Z,0.798068221192807
2023-02-22T18:17:58Z,0.2245079893618822
2023-02-27T19:01:06Z,0.0106143876910209
2023-02-28T06:04:27Z,0.7856121314689517
2023-02-28T17:16:52Z,0.0505272299051284
2023-03-01T13:54:55Z,0.2224935498088598
2023-03-03T13:05:11Z,0.8807927165180445
2023-03-03T19:01:08Z,-0.0114143025130033
2023-03-06T18:37:31Z,-0.0011747442185878
2023-03-06T20:52:26Z,0.1925187157467007
2023-03-07T14:27:06Z,-0.898869663476944
2023-03-08T18:30:43Z,0.0037994086742401
2023-03-08T20:01:52Z,-0.9354195538908244
2023-03-08T13:35:00Z,0.2241639634594321
2023-03-10T15:01:33Z,0.0414475072175264
2023-03-10T15:15:59Z,-0.0624550282955169
2023-03-10T17:41:58Z,0.6989085599780083
2023-03-13T14:15:46Z,0.0292679592967033
2023-03-15T16:15:50Z,-0.1779955364763736
2023-03-15T18:31:55Z,0.0308822244405746
2023-03-16T10:05:00Z,0.914166446775198
2023-03-20T21:04:54Z,0.590713694691658
2023-03-21T14:17:24Z,-0.0882151648402214
2023-03-21T10:47:17Z,0.1529531478881836
2023-03-23T13:38:23Z,0.9164520520716906
2023-03-24T15:31:02Z,-0.1024791933596134
2023-03-28T19:53:01Z,-0.0626486837863922
2023-03-29T12:58:16Z,0.1137547306716442
2023-03-29T16:50:14Z,-0.9343485096469522
2023-03-29T20:45:35Z,0.0196654107421636
2023-03-30T05:05:53Z,0.0551868341863155
2023-03-31T19:11:03Z,0.0131116509437561
2023-04-02T16:30:24Z,-0.1796843558549881
2023-04-03T09:19:41Z,0.8763645850121975
2023-04-03T12:37:21Z,0.0274695921689271
2023-04-03T12:50:03Z,-0.1640915274620056
2023-04-03T16:12:41Z,-0.0310991443693637
2023-04-03T17:29:00Z,-0.7954373881220818
2023-04-03T20:02:11Z,0.5899509191513062
2023-04-04T14:21:22Z,0.9031699653714896
2023-04-04T14:36:47Z,0.29357201885432
2023-04-04T21:24:25Z,-0.9511038009077312
2023-04-04T21:25:10Z,0.2276976108551025
2023-04-04T21:25:52Z,-0.6767363995313644
2023-04-04T21:26:33Z,-0.9469026755541564
2023-04-05T09:31:39Z,-0.9379335986450316
2023-04-05T13:19:12Z,-0.8941446533426642
2023-04-05T13:39:45Z,0.2077003791928291
2023-04-05T14:31:34Z,0.0196654107421636
2023-04-07T13:00:21Z,0.7190247373655438
2023-04-07T18:49:37Z,0.5236488562077284
2023-04-07T20:32:36Z,0.4231429044157266
2023-04-10T12:26:38Z,0.162758894264698
2023-04-10T13:01:57Z,0.0748736355453729
2023-04-10T13:18:07Z,0.2450594883412122
2023-04-10T12:34:12Z,-0.0138901025056838
2023-04-10T14:29:37Z,0.8885163627564907
2023-04-10T16:42:04Z,-0.8724078880622983
2023-04-10T16:44:02Z,-0.9470683056861162
2023-04-11T13:52:13Z,0.8011893071234226
2023-04-11T18:25:42Z,0.0599183179438114
2023-04-12T15:16:09Z,0.0414475072175264
2023-04-13T11:15:00Z,-0.7007854506373405
2023-04-13T12:59:03Z,0.6709155980497599
2023-04-13T15:00:36Z,-0.4382247347384691
2023-04-13T20:00:22Z,-0.0179264321923255
2023-04-14T17:40:06Z,-0.02036471106112
2023-04-15T13:47:19Z,0.0323146190494298
2023-04-17T15:31:19Z,-0.1118599772453308
2023-04-19T08:49:16Z,0.8280066661536694
2023-04-19T13:22:31Z,0.8776129744946957
2023-04-19T15:00:46Z,-0.4503503423184156
2023-04-19T14:53:00Z,0.1436675153672695
2023-04-19T17:42:00Z,-0.8108734712004662
2023-04-20T11:15:51Z,0.0247623696923255
2023-04-21T12:59:53Z,0.0246968250721693
2023-04-21T19:01:51Z,0.7429028376936913
2023-04-24T17:01:22Z,-0.1746218204498291
2023-04-24T17:56:33Z,-0.924977719783783
2023-04-24T18:02:04Z,-0.4667310789227485
2023-04-25T16:45:36Z,-0.1471995413303375
2023-04-26T13:03:06Z,0.036185260862112
2023-04-26T17:02:00Z,0.001637015491724
2023-04-27T14:00:41Z,-0.235821321606636
2023-04-27T12:06:19Z,0.1761005306616425
2023-04-27T17:02:02Z,0.0919688027352094
2023-04-27T19:26:27Z,0.8710277378559113
2023-04-27T19:28:44Z,-0.006137466058135
2023-04-28T06:44:04Z,-0.0239826738834381
2023-04-28T08:06:41Z,0.040097739547491
2023-04-28T10:32:11Z,0.5552292913198471
2023-04-28T11:39:58Z,-0.0310803651809692
2023-04-28T11:40:51Z,0.9340052176266908
2023-04-28T12:24:43Z,-0.087708530947566
2023-04-28T12:59:19Z,0.7705355361104012
2023-04-28T13:07:25Z,-0.481875792145729
2023-04-28T13:17:41Z,0.8864326719194651
2023-04-28T14:06:25Z,-0.6188448369503021
2023-04-28T14:37:07Z,-0.8866973500698805
2023-04-28T15:17:10Z,0.0872230753302574
2023-04-28T17:41:00Z,0.454070121049881
2023-04-28T16:07:27Z,0.807575061917305
2023-05-01T08:52:53Z,-0.2725099325180053
2023-05-01T10:07:45Z,0.6628824025392532
2023-05-01T11:51:46Z,0.881262781098485
2023-05-01T13:11:47Z,0.8057761527597904
2023-05-01T14:35:23Z,-0.9184679547324776
2023-05-01T13:36:59Z,0.1000305116176605
2023-05-01T15:00:42Z,-0.3790649082511663
2023-05-01T16:01:21Z,0.0414475072175264
2023-05-01T16:40:27Z,0.0201602652668952
2023-05-01T21:08:30Z,-0.020409096032381
2023-05-01T22:13:00Z,0.8955366723239422
2023-05-02T11:00:20Z,-0.9529580222442746
2023-05-02T18:03:00Z,-0.2770371232181787
2023-05-02T18:47:48Z,0.0254345722496509
2023-05-03T15:01:18Z,-0.9622175749391316
2023-05-03T17:00:22Z,-0.0142123810946941
2023-05-05T17:20:46Z,0.9369521364569664
2023-05-05T19:00:43Z,-0.0624550282955169
2023-05-08T16:21:44Z,-0.5939349997788668
2023-05-08T18:51:10Z,-0.2770371232181787
2023-05-08T20:45:37Z,-0.0192707628011703
2023-05-09T16:42:39Z,-0.0507989786565303
2023-05-10T18:33:43Z,0.1678917901590466
2023-05-11T14:16:11Z,0.0414475072175264
2023-05-12T12:14:38Z,0.9047339539974928
2023-05-12T20:06:47Z,-0.8897911608219147
2023-05-15T13:18:11Z,-0.3429258465766907
2023-05-16T15:01:22Z,0.0196654107421636
2023-05-16T18:53:30Z,0.4971713945269584
2023-05-17T12:20:26Z,0.1779142171144485
2023-05-17T19:45:20Z,0.8718006573617458
2023-05-18T13:31:07Z,0.8758569713681936
2023-05-18T19:42:06Z,-0.2242853343486786
2023-05-19T11:09:43Z,-0.1484138220548629
2023-05-19T20:01:52Z,-0.0114143025130033
2023-05-21T23:43:51Z,0.6313649918884039
2023-05-22T12:04:19Z,0.324994814582169
2023-05-22T14:02:00Z,0.0541815944015979
2023-05-22T14:20:44Z,-0.7967109698802233
2023-05-22T17:01:34Z,-0.0624550282955169
2023-05-23T07:11:01Z,0.176279217004776
2023-05-23T16:01:29Z,-0.0829420126974582
2023-05-25T14:39:14Z,0.0282344464212656
2023-05-26T14:14:06Z,0.5464537581428885
2023-05-26T15:51:36Z,0.1946317851543426
2023-05-30T15:00:58Z,0.0414475072175264
2023-05-30T18:20:11Z,0.0422368440777063
2023-06-01T09:41:58Z,-0.7680636458098888
2023-06-01T12:02:07Z,0.8245243085548282
2023-06-01T12:28:09Z,0.0517095997929573
2023-06-01T15:00:58Z,-0.4133571479469538
2023-06-01T16:55:39Z,-0.2178416848182678
2023-06-02T12:50:03Z,0.8041844004765153
2023-06-02T13:31:57Z,0.0595171265304088
2023-06-05T13:25:16Z,0.8000389635562897
2023-06-06T15:01:35Z,-0.1969275921583175
2023-06-07T18:47:30Z,-0.0624550282955169
2023-06-08T15:35:52Z,-0.6337319649755955
2023-06-08T19:25:13Z,0.3526812037453055
2023-06-12T16:45:25Z,0.0157628934830427
2023-06-13T15:11:07Z,-0.2961453534662723
2023-06-13T16:40:16Z,0.198018193244934
2023-06-13T17:00:29Z,0.0425918120890855
2023-06-21T13:32:08Z,0.4338052570819855
2023-06-21T15:05:07Z,-0.0709786005318164
2023-06-21T18:02:11Z,-0.8802094999700785
2023-06-26T17:29:53Z,-0.2961453534662723
2023-06-27T15:32:19Z,0.0292679592967033
2023-06-29T08:56:21Z,0.8382532615214586
2023-06-29T11:53:50Z,0.8824330605566502
2023-06-29T13:36:17Z,0.0659342780709266
2023-06-30T14:48:18Z,-0.8558474257588387
2023-06-30T17:51:33Z,0.6976186726242304
2023-06-30T17:52:11Z,0.9122725147753954
2023-07-03T09:16:25Z,-0.9288231832906604
2023-07-03T16:03:45Z,0.0414475072175264
2023-07-05T20:30:53Z,-0.8087968453764915
2023-07-06T13:03:42Z,-0.962423611432314
2023-07-06T13:06:06Z,-0.2166432924568653
2023-07-06T13:34:00Z,-0.9051142986863852
2023-07-06T15:00:35Z,-0.0300995148718357
2023-07-07T09:59:58Z,-0.7601572144776583
2023-07-07T15:01:35Z,-0.4251468628644943
2023-07-07T15:50:28Z,0.0292679592967033
2023-07-12T17:49:32Z,-0.088441401720047
2023-07-13T12:04:18Z,0.7465930636972189
2023-07-13T13:33:58Z,0.9033262394368649
2023-07-13T14:10:11Z,0.0841741235926747
2023-07-13T14:19:48Z,0.3055151402950287
2023-07-13T15:10:08Z,0.0069341659545898
2023-07-13T17:28:36Z,0.8020116146653891
2023-07-14T18:17:35Z,0.0292679592967033
2023-07-14T18:31:28Z,0.1462487517856061
2023-07-18T13:30:17Z,-0.0346283763647079
2023-07-18T14:12:34Z,-0.1191478073596954
2023-07-19T14:15:59Z,0.0585434883832931
2023-07-19T15:01:35Z,0.0414475072175264
2023-07-20T13:27:48Z,0.3507399763911962
2023-07-20T14:53:33Z,-0.1592864226549863
2023-07-21T20:12:15Z,0.6684516817331314
2023-07-24T16:16:36Z,-0.0356234908103942
2023-07-24T19:00:52Z,-0.0114143025130033
2023-07-25T16:16:12Z,0.0292679592967033
2023-07-26T14:38:54Z,0.8953708074986935
2023-07-27T14:01:00Z,0.0250231921672821
2023-07-28T07:04:04Z,-0.8433970771729946
2023-07-28T10:09:48Z,-0.0923847667872905
2023-07-28T10:32:23Z,0.617763489484787
2023-07-28T11:44:09Z,0.9074813136830926
2023-07-28T12:53:32Z,-0.96229312941432
2023-07-28T13:12:02Z,0.8899370646104217
2023-07-28T13:19:34Z,0.3864272367209196
2023-07-28T14:24:31Z,-0.000215359032154
2023-07-28T17:48:32Z,-0.1582080125808715
2023-07-28T20:21:52Z,0.8606216944754124
2023-07-31T14:16:17Z,0.0292679592967033
2023-07-31T17:47:55Z,0.2558316402137279
2023-08-01T18:31:18Z,0.0292679592967033
2023-08-02T17:50:39Z,0.0691359229385852
2023-08-03T11:30:45Z,0.0207330584526062
2023-08-03T19:15:23Z,0.0037994086742401
2023-08-04T11:36:40Z,0.0351302325725555
2023-08-07T17:30:32Z,0.0292679592967033
2023-07-28T16:08:19Z,0.2805071175098419
2023-07-28T08:12:13Z,0.0264457762241363
2023-08-09T18:33:41Z,-0.1166996955871582
2023-08-11T14:46:05Z,-0.1921362280845642
2023-08-11T14:54:57Z,-0.0192578341811895
2023-08-14T16:59:45Z,-0.0211034230887889
2023-08-14T20:14:37Z,0.2705646455287933
2023-08-15T14:48:01Z,0.2600343860685825
2023-08-15T12:27:07Z,0.8998892456293106
2023-08-16T11:25:35Z,0.7685377076268196
2023-08-16T20:00:53Z,0.028329761698842
2023-08-17T13:45:06Z,0.7607250493019819
2023-08-17T15:16:59Z,0.0196654107421636
2023-08-17T17:41:50Z,0.0578622668981552
2023-08-17T17:54:21Z,-0.2037526369094848
2023-08-18T13:18:37Z,0.8679722137749195
2023-08-21T17:00:18Z,-0.0261261723935604
2023-08-21T17:53:10Z,0.0389166548848152
2023-08-21T19:08:51Z,0.1646052338182926
2023-08-22T09:50:05Z,-0.8764312788844109
2023-08-22T20:16:25Z,0.0196654107421636
2023-08-22T13:42:47Z,0.064569640904665
2023-08-24T19:00:32Z,-0.0346283763647079
2023-08-25T17:46:04Z,0.0292679592967033
2023-08-28T12:03:40Z,0.1130126034840941
2023-08-28T20:20:37Z,0.1321162488311529
2023-08-29T11:48:50Z,0.1286519994027912
2023-08-29T14:54:51Z,-0.5355618167668581
2023-08-29T17:35:22Z,0.0654686745256185
2023-08-30T15:30:51Z,-0.3337477371096611
2023-08-31T09:22:57Z,0.1964217983186245
2023-08-31T15:00:30Z,-0.4636091608554125
2023-09-01T16:09:17Z,0.170524732209742
2023-09-03T05:00:35Z,0.1257818918675184
2023-09-05T14:50:51Z,-0.8456292152404785
2023-09-05T16:15:05Z,0.132680214010179
2023-09-06T19:31:46Z,-0.2602640464901924
2023-09-08T20:48:52Z,0.4396018497645855
2023-09-11T17:15:28Z,-0.0346283763647079
2023-09-12T15:52:26Z,0.0745223611593246
2023-09-12T18:52:41Z,-0.0261151194572448
2023-09-13T02:02:35Z,0.7572846636176109
2023-09-13T15:54:16Z,0.1355684548616409
2023-09-14T11:29:14Z,0.2770653795450926
2023-09-14T13:56:41Z,-0.4131576307117939
2023-09-14T16:17:12Z,0.1922293342649936
2023-09-15T14:07:23Z,-0.0017991065979003
2023-09-16T19:58:46Z,0.1778681837022304
2023-09-16T16:35:16Z,-0.9342143815010786
2023-09-18T14:46:34Z,0.7604528125375509
2023-09-18T14:58:27Z,-0.8736924473196268
2023-09-18T16:10:45Z,0.2154425578191876
2023-09-18T16:46:17Z,-0.382645383477211
2023-09-18T19:06:58Z,0.0754225198179483
2023-09-19T13:35:07Z,0.8352636117488146
2023-09-19T15:32:53Z,-0.2141510918736457
2023-09-19T16:27:02Z,0.3882654448971152
2023-09-20T13:41:11Z,0.1062199901789426
2023-09-21T14:10:34Z,0.2593581266701221
2023-09-21T15:18:27Z,0.029517613351345
2023-09-21T19:23:09Z,0.1864972533658146
2023-09-22T12:12:42Z,0.87549639493227
2023-09-22T13:00:31Z,0.028329761698842
2023-09-22T13:07:05Z,0.8902377113699913
2023-09-25T12:40:10Z,0.87549639493227
2023-09-25T15:38:44Z,0.0275039598345756
2023-09-25T16:16:54Z,0.0196654107421636
2023-09-25T17:35:31Z,0.0654686745256185
2023-09-25T18:22:17Z,0.905033104121685
2023-09-26T15:31:41Z,-0.0624550282955169
2023-09-26T16:35:52Z,-0.8827831782400608
2023-09-27T07:41:18Z,0.8633266929537058
2023-09-27T16:15:20Z,0.0223054829984903
2023-09-27T18:03:27Z,-0.905326332896948
2023-09-27T20:13:43Z,0.7353922058828175
2023-09-28T15:05:49Z,0.7140798605978489
2023-09-28T19:16:57Z,0.8914726786315441
2023-09-29T20:13:14Z,-0.8728483021259308
2023-10-02T12:34:41Z,0.8972611716017127
2023-10-02T19:01:05Z,-0.3235682845115661
2023-10-03T18:39:20Z,-0.9105134811252356
2023-10-04T10:24:05Z,0.193932194262743
2023-10-04T15:56:20Z,0.7852461412549019
2023-10-04T20:36:54Z,-0.9478454403579236
2023-10-04T20:40:26Z,0.6076558530330658
2023-10-04T20:43:26Z,-0.7648192346096039
2023-10-04T20:50:09Z,-0.9417606303468348
2023-10-05T01:26:34Z,-0.0248305462300777
2023-10-05T17:00:35Z,-0.0336995739489793
2023-10-05T17:47:37Z,0.0297229550778865
2023-10-05T19:21:04Z,-0.0818097293376922
2023-10-06T02:33:14Z,0.287823049351573
2023-10-06T11:21:40Z,0.073533846065402
2023-10-06T12:26:44Z,-0.0194241255521774
2023-10-06T12:55:05Z,0.0452022086828947
2023-10-06T14:23:24Z,-0.2827798724174499
2023-10-06T14:45:46Z,-0.1027523875236511
2023-10-06T14:56:37Z,0.5720478724688292
2023-10-06T15:15:54Z,-0.0237099565565586
2023-10-06T16:10:19Z,0.9039380680769682
2023-10-06T17:59:09Z,-0.8016772624105215
2023-10-06T18:03:04Z,-0.7556198909878731
2023-10-07T18:40:21Z,0.8464335296303034
2023-10-09T06:56:11Z,-0.909548170864582
2023-10-09T11:21:32Z,-0.7306963726878166
2023-10-09T12:31:09Z,-0.5464554131031036
2023-10-09T13:08:39Z,0.0222820974886417
2023-10-09T16:43:18Z,-0.6488632895052433
2023-10-09T17:11:30Z,-0.8624230679124594
2023-10-09T18:42:44Z,-0.2961453534662723
2023-10-09T19:37:07Z,0.0790735185146331
2023-10-10T16:15:52Z,-0.2685116603970527
2023-10-10T18:06:41Z,0.1938172429800033
2023-10-11T00:37:54Z,0.0551952719688415
2023-10-11T10:32:19Z,0.0544172329828143
2023-10-11T11:38:58Z,0.0099065490067005
2023-10-11T13:21:42Z,-0.0239561349153518
2023-10-11T13:56:54Z,0.0267862398177385
2023-10-11T14:46:36Z,-0.6009734869003296
2023-10-11T15:40:08Z,0.5997878760099411
2023-10-11T16:25:19Z,-0.7228115499019623
2023-10-11T16:56:33Z,0.0954843256622552
2023-10-11T16:56:59Z,0.0193999428302049
2023-10-11T17:10:10Z,-0.273901991546154
2023-10-11T19:24:38Z,0.0204636957496404
2023-10-12T07:14:19Z,0.0222560986876487
2023-10-12T07:52:37Z,0.2966141663491726
2023-10-12T11:34:16Z,0.8651508735492826
2023-10-12T13:19:50Z,0.0225450042635202
2023-10-12T15:00:35Z,-0.4336633887141943
2023-10-12T12:21:51Z,0.0139748752117156
2023-10-12T16:50:19Z,0.029517613351345
2023-10-12T19:22:49Z,0.6496325917541981
2023-10-12T21:00:29Z,-0.013873603194952
2023-10-12T21:46:00Z,0.1947695482522249
2023-10-13T14:14:29Z,0.387836204841733
2023-10-13T14:19:43Z,-0.2961453534662723
2023-10-13T17:53:30Z,-0.8965353928506374
2023-10-13T20:33:31Z,-0.4598480835556984
2023-10-16T15:27:16Z,0.1668731365352869
2023-10-16T16:38:35Z,-0.0868736505508422
2023-10-17T09:47:08Z,0.7523698890581727
2023-10-17T15:00:55Z,-0.4501794949173927
2023-10-17T16:47:13Z,0.0584432929754257
2023-10-18T14:31:37Z,0.0292679592967033
2023-10-19T12:49:57Z,0.6541028348729014
2023-10-20T13:26:59Z,0.1087401760742068
2023-10-20T20:08:03Z,-0.9394254591315984
2023-10-21T18:04:58Z,-0.9085397329181432
2023-10-23T07:15:17Z,0.6394302546977997
2023-10-23T13:45:43Z,0.0414475072175264
2023-10-23T18:26:18Z,-0.2370880581438541
2023-10-24T19:46:01Z,0.0292679592967033
2023-10-25T18:52:09Z,-0.1930083036422729
2023-10-26T14:00:41Z,-0.2843045368790626
2023-10-26T16:16:49Z,0.6251892000436783
2023-10-27T07:06:02Z,0.0198588781058788
2023-10-27T08:33:22Z,-0.0907243490219116
2023-10-27T10:31:10Z,0.2686019837856293
2023-10-27T10:32:11Z,0.1057555973529815
2023-10-27T10:34:56Z,0.943524243310094
2023-10-27T10:36:08Z,0.8213512673974037
2023-10-27T10:35:08Z,-0.9413486439734696
2023-10-27T13:40:00Z,-0.8879193663597107
2023-10-27T16:16:00Z,0.0669421637430787
2023-10-27T18:09:07Z,-0.7110266946256161
2023-10-30T07:24:15Z,-0.395656406879425
2023-10-30T07:40:15Z,0.8232080265879631
2023-10-30T18:49:34Z,-0.061912091448903
2023-10-31T15:00:55Z,-0.1574238240718841
2023-11-01T10:50:58Z,-0.2592018991708755
2023-11-01T14:47:34Z,-0.8706024624407291
2023-11-01T19:15:27Z,0.0521115064620971
2023-11-02T19:45:56Z,-0.2904372550547123
2023-11-03T14:25:21Z,-0.4583351239562034
2023-11-06T14:41:43Z,0.934582717716694
2023-11-06T16:45:54Z,-0.279621310532093
2023-11-07T15:01:09Z,-0.3156568631529808
2023-11-08T17:32:00Z,0.0769013464450836
2023-11-09T08:58:56Z,0.7183699663728476
2023-11-09T11:52:20Z,0.0236251018941402
2023-11-10T19:41:51Z,0.7524339510127902
2023-11-12T15:53:16Z,0.3634321661666035
2023-11-13T11:41:30Z,0.0544219445437192
2023-11-13T13:41:06Z,0.7934895269572735
2023-11-13T17:29:54Z,-0.515014385804534
2023-11-13T18:17:07Z,-0.9551477935165168
2023-11-14T13:07:20Z,0.8739401390776038
2023-11-14T13:07:27Z,0.0610504616051912
2023-11-14T15:45:42Z,0.0196654107421636
2023-11-14T18:40:17Z,-0.1752180606126785
2023-11-14T22:37:13Z,0.0379864536225795
2023-11-15T20:17:41Z,-0.191018309444189
2023-11-15T21:47:08Z,0.0160684389993548
2023-11-20T15:20:48Z,0.1384437093511223
2023-11-20T18:32:04Z,-0.4544256776571274
2023-11-20T21:36:41Z,0.0590029275044798
2023-11-21T20:13:41Z,0.0360797066241502
2023-11-22T19:01:35Z,-5.768798291683197e-05
2023-11-27T16:22:18Z,0.8390012718737125
2023-11-27T18:17:08Z,-0.8119366560131311
2023-11-28T19:51:50Z,-0.7517076730728149
2023-11-29T18:01:38Z,0.1094969380646944
2023-11-30T17:12:50Z,0.0057093426585197
2023-11-30T19:40:57Z,-0.0015196558088064
2023-12-04T14:51:58Z,0.167692294344306
2023-12-04T14:55:46Z,-0.8076830953359604
2023-12-05T17:06:28Z,-0.0145439617335796
2023-12-05T14:55:35Z,0.0270699206739664
2023-12-06T11:31:47Z,0.6649716645479202
2023-12-06T11:33:18Z,0.8041157014667988
2023-12-06T11:37:22Z,0.9243504730984567
2023-12-06T11:38:54Z,0.9282444659620523
2023-12-06T13:49:31Z,0.7791499122977257
2023-12-06T13:55:34Z,0.9216338787227868
2023-12-06T15:22:23Z,0.5908578932285309
2023-12-06T16:53:40Z,0.5478833615779877
2023-12-06T19:03:57Z,-0.8841389529407024
2023-12-07T16:32:44Z,0.0105750821530818
2023-12-07T17:07:10Z,0.029517613351345
2023-12-08T16:33:10Z,-0.1139565110206604
2023-12-08T18:00:28Z,0.0425918120890855
2023-12-11T13:30:12Z,0.1573071666061878
2023-12-11T19:01:08Z,0.0292679592967033
2023-12-11T21:14:34Z,0.410735011100769
2023-12-12T14:19:12Z,-0.6141745895147324
2023-12-12T17:47:07Z,0.8622523862868547
2023-12-13T07:31:23Z,0.1995642706751823
2023-12-13T13:55:19Z,0.5207165963947773
2023-12-13T15:43:26Z,0.4304200261831283
2023-12-13T18:56:45Z,0.1936383191496133
2023-12-13T18:59:27Z,0.1908745095133781
2023-12-14T12:12:43Z,-0.7388926893472672
2023-12-14T16:52:01Z,-0.0684204399585723
2023-12-14T21:50:14Z,0.0313485525548458
2023-12-15T00:54:53Z,0.8617454655468464
2023-12-16T15:00:15Z,0.9225870370864868
2023-12-18T12:32:50Z,0.193062855862081
2023-12-18T14:45:09Z,0.6561718210577965
2023-12-18T17:01:29Z,-0.8847980219870806
2023-12-19T15:26:43Z,-0.9429289251565932
2023-12-19T20:30:11Z,0.0210484415292739
2023-12-21T15:42:16Z,-0.903551071882248
2023-12-22T14:27:02Z,-0.5884229522198439
2023-12-22T16:47:23Z,0.0011657811701297
2023-12-27T17:31:25Z,0.0414475072175264
2023-12-28T06:43:05Z,-0.1028195358812809
2023-12-29T14:19:17Z,0.0916482489556074
2024-01-02T12:20:33Z,0.2003835942596197
2024-01-02T18:15:56Z,0.0838919430971145
2024-01-03T13:42:23Z,-0.0842313021421432
2024-01-03T15:26:52Z,0.7375418469309807
2024-01-04T21:36:11Z,0.6062208712100983
2024-01-04T21:36:55Z,-0.9503086861222982
2024-01-04T21:35:29Z,-0.2865601778030395
2024-01-05T16:10:30Z,-0.2801907956600189
2024-01-06T02:30:29Z,0.0413148710504174
2024-01-08T15:46:00Z,0.0292679592967033
2024-01-08T15:54:33Z,-0.9365360150113702
2024-01-09T10:16:15Z,0.8597027081996202
2024-01-09T13:06:08Z,0.020930740982294
2024-01-08T18:15:17Z,-0.8574186787009239
2024-01-12T12:21:24Z,-0.8123063389211893
2024-01-12T13:25:06Z,-0.866762038320303
2024-01-16T17:42:33Z,0.1057123728096485
2024-01-17T12:50:22Z,0.9328712299466132
2024-01-18T16:46:25Z,0.0105750821530818
2024-01-19T17:37:51Z,0.8464447651058435
2024-01-22T04:55:34Z,-0.9327456625178456
2024-01-23T11:02:37Z,0.6893299967050552
2024-01-23T13:41:41Z,-0.780180063098669
2024-01-23T16:03:01Z,0.012179285287857
2024-01-23T18:04:01Z,-0.542327918112278
2024-01-24T19:45:35Z,0.0838919430971145
2024-01-26T16:59:09Z,-0.0163100957870483
2024-01-29T10:51:00Z,0.0560761541128158
2024-01-29T14:02:53Z,0.8932476975023746
2024-01-29T17:20:04Z,-0.3488939106464386
2024-01-30T17:01:19Z,0.0414475072175264
2024-01-31T17:51:10Z,0.1300879046320915
2024-01-31T20:00:11Z,-0.6278873533010483
2024-02-01T14:00:24Z,0.0250231921672821
2024-02-01T14:17:33Z,-0.5147730857133865
2024-02-01T17:14:44Z,0.0712701566517353
2024-02-02T07:10:13Z,-0.0691366661339998
2024-02-02T08:20:35Z,0.0251424089074134
2024-02-02T08:26:05Z,0.8827581033110619
2024-02-02T10:28:06Z,-0.083602612838149
2024-02-02T11:30:50Z,-0.0161374807357788
2024-02-02T11:34:11Z,0.2929315539076924
2024-02-02T12:24:06Z,0.8594452068209648
2024-02-02T14:04:06Z,0.9279002863913774
2024-02-02T17:31:39Z,0.2007551603019237
2024-02-05T15:23:07Z,0.029517613351345
2024-02-05T18:06:36Z,0.9334382228553296
2024-02-05T21:13:32Z,-0.7390606198459864
2024-02-08T14:45:15Z,-0.0223087202757596
2024-02-09T18:45:46Z,0.1094969380646944
2024-02-13T18:32:25Z,-0.4616594109684229
2024-02-14T13:58:08Z,0.1962722539901733
2024-02-15T20:25:41Z,0.5414134291931987
2024-02-15T22:00:40Z,0.0906611643731594
2024-02-16T10:54:02Z,-0.8533669644966722
2024-02-16T16:45:14Z,0.7847880320623517
2024-02-16T16:46:02Z,0.0505022862926125
2024-02-20T22:06:28Z,0.8215912692248821
2024-02-21T17:56:07Z,-0.0083967689424753
2024-02-21T22:11:44Z,0.8732491871342063
2024-02-22T13:24:21Z,0.020537668839097
2024-02-22T18:45:13Z,-0.9134129583835602
2024-02-23T18:01:09Z,0.0196654107421636
2024-02-23T19:55:00Z,0.5590044818818569
2024-02-26T21:57:52Z,-0.6623832583427429
2024-02-28T15:39:44Z,-0.6513696014881134
2024-02-29T20:41:36Z,0.0311553161591291
2024-03-05T16:02:26Z,0.0570457894355058
2024-03-06T15:31:31Z,-0.254081092774868
2024-03-06T17:10:17Z,-0.907654320821166
2024-03-06T17:15:08Z,0.0369396656751632
2024-03-08T15:17:51Z,0.8609138764441013
2024-03-11T14:46:08Z,0.0838919430971145
2024-03-11T16:58:22Z,-0.931981049478054
2024-03-12T15:00:54Z,0.2173319291323423
2024-03-13T07:18:43Z,0.769309438765049
2024-03-13T14:45:41Z,-0.1234486289322376
2024-03-13T17:35:28Z,0.0626367591321468
2024-03-13T19:20:23Z,0.8895103763788939
2024-03-14T14:23:16Z,0.5118832290172577
2024-03-15T17:41:58Z,0.4799908101558685
2024-03-18T14:06:59Z,-0.0720052830874919
2024-03-18T14:22:33Z,0.8703925656154752
2024-03-18T17:42:23Z,-0.1611979380249977
2024-03-19T11:03:06Z,0.7961804270744324
2024-03-19T12:34:32Z,0.018788393586874
2024-03-19T13:48:52Z,-0.0569643676280975
2024-03-19T14:48:08Z,0.0981188938021659
2024-03-19T16:43:28Z,0.7515289448201656
2024-03-19T17:04:44Z,0.3653053157031536
2024-03-20T12:20:57Z,-0.0432344507426023
2024-03-20T14:42:17Z,0.7710729539394379
2024-03-20T14:42:55Z,0.8345354897901416
2024-03-20T18:31:20Z,0.0317171309143304
2024-03-22T05:36:23Z,-0.8891531517729163
2024-03-22T14:54:29Z,0.7800327483564615
2024-03-22T15:27:01Z,-0.0073372405022382
2024-03-22T16:01:53Z,0.8780711768195033
2024-03-25T17:31:05Z,0.0505022862926125
2024-03-25T20:16:42Z,0.2480394495651126
2024-03-26T14:54:17Z,-0.8787851855158806
2024-03-27T15:01:03Z,0.1094969380646944
2024-03-27T17:59:41Z,-0.9321084506809711
2024-03-29T12:22:23Z,0.7311689490452409
2024-04-01T12:45:48Z,0.8777882652357221
2024-04-01T15:40:11Z,0.7241927348077297
2024-04-01T16:32:33Z,0.0042434781789779
2024-04-02T16:15:42Z,0.0292679592967033
2024-04-02T20:53:16Z,-0.5415593385696411
2024-04-03T16:06:51Z,-0.3037232160568237
2024-04-03T17:05:31Z,0.8955573104321957
2024-04-03T20:57:18Z,-0.8198249116539955
2024-04-04T10:45:00Z,-0.9171810671687126
2024-04-04T12:32:05Z,-0.1374697461724281
2024-04-04T12:49:03Z,0.883142489939928
2024-04-04T17:59:45Z,0.9174979906529188
2024-04-05T06:03:08Z,-0.9384730104357004
2024-04-05T14:46:16Z,-0.3087254762649536
2024-04-05T17:42:34Z,0.8313172869384289
2024-04-08T11:34:38Z,-0.8238511867821217
2024-04-08T12:07:03Z,0.9199513262137772
2024-04-08T13:55:45Z,-0.959486530162394
2024-04-09T20:18:01Z,0.9026010893285276
2024-04-10T13:50:36Z,0.7343235621228814
2024-04-10T15:31:01Z,0.0838919430971145
2024-04-10T17:23:33Z,-0.0269971489906311
2024-04-11T15:56:50Z,-0.0308590233325958
2024-04-11T16:05:25Z,0.7743992786854506
2024-04-11T18:44:50Z,0.8195216879248619
2024-04-12T11:22:21Z,0.8862049765884876
2024-04-12T14:07:52Z,0.2019345313310623
2024-04-12T16:08:42Z,0.5847862809896469
2024-04-15T17:58:18Z,-0.0662859827280044
2024-04-15T20:16:54Z,0.2443249393254518
2024-04-16T15:31:41Z,0.7234096899628639
2024-04-18T13:23:34Z,0.8758569713681936
2024-04-18T13:25:25Z,0.037316657602787
2024-04-21T21:45:15Z,0.932366818189621
2024-04-23T12:03:50Z,0.0799742685630917
2024-04-25T12:51:10Z,-0.9154138397425412
2024-04-26T06:34:35Z,-0.915555856190622
2024-04-26T06:59:07Z,-0.8690414093434811
2024-04-26T06:59:18Z,0.0113222748041152
2024-04-26T10:31:31Z,0.680956207215786
2024-04-26T10:48:12Z,-0.1091064661741256
2024-04-26T12:58:39Z,-0.8495196718722582
2024-04-26T15:56:04Z,0.0669267773628234
2024-04-26T16:06:22Z,-0.8857300281524658
2024-04-26T16:10:31Z,-0.9454299034550786
2024-04-26T17:45:42Z,-0.4664129987359047
2024-04-26T17:56:57Z,-0.7869676183909178
2024-04-26T20:28:50Z,0.1804307401180267
2024-04-29T05:51:21Z,0.0181465670466423
2024-04-29T10:22:38Z,0.1690897177904844
2024-04-29T11:04:17Z,0.8659733664244413
2024-04-29T11:27:18Z,-0.5776910185813904
2024-04-29T17:16:06Z,0.0414475072175264
2024-04-30T14:49:06Z,-0.900421935133636
2024-04-30T15:14:21Z,0.8090544808655977
2024-04-30T15:17:02Z,0.8860401269048452
2024-04-30T15:23:39Z,0.6996524073183537
2024-04-30T15:46:12Z,0.8467281572520733
2024-05-01T11:25:43Z,-0.8767952928319573
2024-05-01T12:46:56Z,-0.0763782318681478
2024-05-01T16:19:08Z,-0.0085531175136566
2024-05-01T19:34:10Z,0.7989556761458516
2024-05-01T22:01:41Z,0.1399548649787902
2024-05-02T08:38:54Z,-0.7079158127307892
2024-05-02T13:26:38Z,-0.819697754457593
2024-05-02T13:36:00Z,-0.3288111388683319
2024-05-03T12:28:03Z,0.9129279050976038
2024-05-03T12:45:17Z,0.0713914185762405
2024-05-06T14:55:40Z,0.0261738933622837
2024-05-06T15:17:06Z,-0.577005797997117
2024-05-06T19:27:42Z,0.7032864429056644
2024-05-06T20:31:14Z,0.1094969380646944
2024-05-07T15:50:35Z,0.8111754041165113
2024-05-10T02:41:35Z,0.315612468868494
2024-05-13T06:40:08Z,0.1133093126118183
2024-05-13T15:07:22Z,0.7018251158297062
2024-05-14T15:45:50Z,0.2269476763904094
2024-05-15T06:03:38Z,-0.8505137357860804
2024-05-15T11:00:24Z,0.0031117796897888
2024-05-15T16:45:32Z,0.6827476108446717
2024-05-15T17:36:37Z,-0.736061591655016
2024-05-15T17:36:36Z,-0.3418878279626369
2024-05-15T20:47:53Z,-0.7016967535018921
2024-05-16T13:25:51Z,0.8605596385896206
2024-05-16T15:55:31Z,-0.0916744023561477
2024-05-20T18:01:11Z,0.0196654107421636
2024-05-21T18:16:20Z,-0.0624550282955169
2024-05-22T16:19:04Z,-0.9594874139875174
2024-05-22T16:51:27Z,-0.0839677676558494
2024-05-23T13:06:40Z,0.1402494832873344
2024-05-24T01:15:57Z,-0.7480305694043636
2024-05-24T15:42:00Z,-0.9129095282405616
2024-05-28T13:19:15Z,-0.6986936833709478
2024-05-28T19:30:53Z,-0.0076458994299173
2024-05-28T21:53:30Z,0.3628655653446913
2024-05-29T13:56:05Z,-0.9421542510390282
2024-05-29T15:09:12Z,0.9324418790638448
2024-05-29T16:41:22Z,0.0533759798854589
2024-05-30T13:07:08Z,0.2161991009488701
2024-05-30T16:49:48Z,-0.9286936298012732
2024-05-31T14:36:08Z,-0.9288777206093072
2024-05-31T20:15:22Z,-0.5819709002971649
2024-06-04T16:01:25Z,-0.1324432268738746
2024-06-04T17:00:21Z,-0.816801905632019
2024-06-05T17:31:24Z,-0.0624550282955169
2024-06-07T10:43:38Z,-0.0842608511447906
2024-06-07T13:30:32Z,-0.2772652264684438
2024-06-11T13:55:13Z,-0.2281287759542465
2024-06-12T17:17:14Z,0.0838919430971145
2024-06-13T10:34:29Z,0.5715724350884557
2024-06-13T15:23:14Z,0.0109871178865432
2024-06-14T14:56:50Z,-0.3315527476370334
2024-06-17T20:01:10Z,0.0292679592967033
2024-06-18T04:55:47Z,-0.630256898701191
2024-06-18T12:42:38Z,0.4025544309988618
2024-06-18T13:43:48Z,-0.6987711675465107
2024-06-18T19:34:22Z,-0.9140265695750712
2024-06-20T18:17:49Z,-0.8711553812026978
2024-06-21T12:51:26Z,0.0732874367386102
2024-06-21T13:08:30Z,0.0237868316471576
2024-06-21T14:34:11Z,-0.6174807250499725
2024-06-21T14:34:37Z,-0.9507314180955292
2024-06-21T15:06:11Z,-0.9396761916577816
2024-06-24T15:01:52Z,0.0317171309143304
2024-06-24T15:47:58Z,0.6506423205137253
2024-06-24T17:02:53Z,0.1223727827891707
2024-06-24T17:17:16Z,-0.866994546726346
2024-06-25T12:46:39Z,0.7933035865426064
2024-06-25T13:22:52Z,0.4906808137893677
2024-06-25T14:01:07Z,0.7565868441015482
2024-06-25T15:44:30Z,0.9189711529761552
2024-06-25T16:28:32Z,-0.9510304117575288
2024-06-25T16:43:39Z,0.6226732917129993
2024-06-25T18:33:27Z,0.8241569399833679
2024-06-26T09:35:12Z,0.136863530613482
2024-06-26T10:31:45Z,0.9248564103618264
2024-06-27T19:26:12Z,0.1017009373754262
2024-07-02T13:20:14Z,0.4223783696070313
2024-07-03T09:55:37Z,-0.3161532580852508
2024-07-05T14:49:08Z,-5.768798291683197e-05
2024-07-05T16:31:45Z,-0.0063066929578781
2024-07-08T14:16:12Z,-0.9245421830564736
2024-07-08T15:55:50Z,-0.9557557897642256
2024-07-09T13:02:24Z,0.062864102423191
2024-07-09T14:16:57Z,0.0385165512561798
2024-07-09T18:16:12Z,-0.0112379230558872
2024-07-11T07:00:11Z,0.1415477562695741
2024-07-11T15:44:58Z,-0.6877122186124325
2024-07-11T21:00:04Z,0.1070774272084236
2024-07-12T11:21:40Z,-0.7185658253729343
2024-07-12T14:08:07Z,-0.6032773237675428
2024-07-15T20:01:23Z,-0.0070983208715915
2024-07-16T10:41:36Z,0.92857829015702
2024-07-16T19:57:26Z,-0.942461491562426
2024-07-17T10:00:06Z,-0.577005797997117
2024-07-17T18:10:34Z,-0.0214999318122863
2024-07-17T20:16:32Z,0.0317171309143304
2024-07-18T14:55:48Z,-0.95192592125386
2024-07-18T17:44:21Z,-0.3123519271612167
2024-07-19T13:22:58Z,-0.577005797997117
2024-07-22T14:16:37Z,0.1094969380646944
2024-07-22T15:51:11Z,0.0806043269112706
2024-07-22T16:03:22Z,-0.1173399686813354
2024-07-24T15:09:28Z,0.708077504299581
2024-07-26T17:00:57Z,-0.0002578645944595
2024-07-29T10:25:11Z,0.2100756876170635
2024-07-29T12:32:37Z,0.0026823934167623
2024-07-29T16:16:45Z,0.1018913825973868
2024-07-29T19:01:26Z,-0.0112379230558872
2024-07-30T07:25:38Z,-0.8997322916984558
2024-07-30T15:30:59Z,-0.1829343661665916
2024-07-30T15:32:02Z,0.756506534293294
2024-07-30T18:50:18Z,-0.5346497353166342
2024-07-30T20:58:43Z,-0.905482053756714
2024-08-01T07:46:19Z,-0.9181353701278568
2024-08-02T06:25:16Z,0.0251424089074134
2024-08-02T06:33:44Z,0.0932114273309707
2024-08-02T06:38:22Z,-0.902905212715268
2024-08-02T10:31:08Z,0.5781463533639908
2024-08-02T10:32:26Z,-0.0029284283518791
2024-08-02T12:01:56Z,-0.6081036925315857
2024-08-02T13:22:25Z,0.7340739443898201
2024-08-02T17:49:33Z,-0.7098325155675411
2024-08-02T18:40:38Z,-0.6309030801057816
2024-08-05T10:28:22Z,-0.9626709260046482
2024-08-05T12:52:58Z,0.0680158734321594
2024-08-05T18:38:56Z,0.8811583891510963
2024-08-07T19:05:49Z,0.0317171309143304
2024-08-09T18:45:50Z,-0.0076458994299173
2024-08-13T11:00:18Z,-0.2188884131610393
2024-08-13T11:49:57Z,-0.932957960292697
2024-08-14T20:15:40Z,0.0105750821530818
2024-08-20T12:28:22Z,0.7890689074993134
2024-08-20T15:00:43Z,-0.0076458994299173
2024-08-20T16:16:17Z,-0.0644080489873886
2024-08-20T20:39:21Z,-0.6616679653525352
2024-08-26T14:17:14Z,-0.9632521895691752
2024-08-26T15:39:06Z,0.8201533798128366
2024-08-27T17:09:22Z,0.0805268436670303
2024-08-27T17:04:38Z,-0.5666737407445908
2024-08-28T10:43:26Z,0.0426282295957207
2024-08-28T16:45:55Z,0.0196654107421636
2024-09-04T16:07:32Z,0.0971262045204639
2024-09-04T18:08:07Z,-0.8706331420689821
2024-09-05T12:50:13Z,0.9039235841482878
2024-09-05T14:20:04Z,0.0317171309143304
2024-09-06T15:16:45Z,0.0838919430971145
2024-09-09T12:41:16Z,0.4291423857212066
2024-09-09T14:58:24Z,-0.6218945235013962
2024-09-09T17:02:10Z,0.0144741218537092
2024-09-10T10:33:55Z,0.0116415135562419
2024-09-09T12:08:08Z,0.2169948536902666
2024-09-10T17:39:38Z,-0.9373134020715952
2024-09-11T12:45:57Z,0.6776581332087517
2024-09-11T13:47:11Z,-0.2745723836123943
2024-09-11T18:02:19Z,-0.9453832237049936
2024-09-11T20:30:17Z,-0.960263698361814
2024-09-12T16:45:44Z,0.8744616843760014
2024-09-12T19:06:10Z,-0.0070983208715915
2024-09-13T11:09:28Z,0.6992112314328551
2024-09-16T13:28:52Z,0.7643595300614834
2024-09-16T16:16:55Z,-0.0978811085224151
2024-09-16T19:45:42Z,0.0505022862926125
2024-09-17T16:30:32Z,0.1853771610185504
2024-09-18T15:09:09Z,0.1471233069896698
2024-09-23T15:05:30Z,-0.913635902106762
2024-09-23T15:45:36Z,-0.0070983208715915
2024-09-24T03:44:57Z,-0.9397717900574208
2024-09-24T10:22:17Z,0.7285300642251968
2024-09-24T12:50:41Z,-0.0213100835680961
2024-09-24T13:05:28Z,0.1441490780562162
2024-09-24T16:27:48Z,0.5522707886993885
2024-09-24T19:50:16Z,0.0934829972684383
2024-09-25T17:30:56Z,0.0838919430971145
2024-09-26T16:07:53Z,0.2234994824975729
2024-09-27T10:06:54Z,-0.0519005712121725
2024-09-27T15:33:09Z,0.8848308324813843
2024-09-30T14:26:31Z,-0.0698927640914917
2024-09-30T15:30:49Z,-0.0076458994299173
2024-09-30T16:02:06Z,-0.1370122246444225
2024-10-01T14:29:05Z,0.0891777575016021
2024-10-01T17:01:17Z,-0.002334339544177
2024-10-01T18:45:49Z,0.2331432998180389
2024-10-02T12:59:28Z,0.0079885348677635
2024-10-02T14:30:10Z,0.0220531858503818
2024-10-03T15:35:32Z,0.0786715745925903
2024-10-03T19:59:05Z,0.1281397137790918
2024-10-04T12:20:21Z,0.4006205764599144
2024-10-04T12:48:11Z,-0.7527918666601181
2024-10-04T16:21:19Z,0.8906267760321498
2024-10-04T17:25:51Z,0.851096898317337
2024-10-04T19:33:04Z,0.7641208693385124
2024-10-07T17:44:43Z,0.0585846807807683
2024-10-08T14:09:24Z,0.029517613351345
2024-10-08T15:03:07Z,-0.9566020891070366
2024-10-09T14:48:54Z,-0.0070983208715915
2024-10-09T17:56:02Z,-0.7848585844039917
2024-10-09T22:47:31Z,0.0665356498211622
2024-10-10T12:38:59Z,0.8209611596539617
2024-10-10T12:47:41Z,0.0706666437909007
2024-10-10T12:53:21Z,0.9090611822903156
2024-10-15T00:22:03Z,-0.0562215149402618
2024-10-15T18:15:41Z,-0.2629010155797004
2024-10-15T19:41:01Z,-0.2961453534662723
2024-10-17T16:09:18Z,0.0106096267700195
2024-10-18T20:30:37Z,-0.0112379230558872
2024-10-23T16:42:57Z,0.0516998916864395
2024-10-25T17:19:53Z,-0.2299114316701889
2024-10-25T18:45:37Z,0.8656893111765385
2024-10-25T18:46:17Z,-0.0624550282955169
2024-10-28T12:06:24Z,-0.94458837993443
2024-10-28T11:30:48Z,-0.699052557349205
2024-10-28T16:53:14Z,-0.3922956958413124
2024-10-28T17:33:56Z,-0.515014385804534
2024-10-28T19:45:24Z,-0.0076458994299173
2024-10-31T14:00:47Z,-0.0201781801879405
2024-10-31T16:28:20Z,0.8744200468063354
2024-11-01T07:03:03Z,0.0253350120037794
2024-11-01T07:07:01Z,-0.9043663162738084
2024-11-01T10:31:13Z,0.0065363571047782
2024-11-01T10:31:49Z,0.8782453760504723
2024-11-01T11:20:31Z,0.3810263574123382
2024-11-01T12:24:06Z,0.9179003443568944
2024-11-01T15:42:01Z,-0.435061514377594
2024-11-01T15:35:20Z,-0.8583426997065544
2024-11-01T18:01:35Z,-0.9189723934978248
2024-11-04T15:37:19Z,0.9143744241446256
2024-11-04T16:12:58Z,0.029517613351345
2024-11-04T16:53:51Z,-0.0363460332155227
2024-11-04T19:06:50Z,-0.8186024650931358
2024-11-05T17:11:10Z,0.0177391488105058
2024-11-05T19:31:58Z,-0.0505079105496406
2024-11-06T10:43:52Z,0.8171312483027577
2024-11-11T16:46:54Z,0.68690574914217
2024-11-12T08:50:05Z,-0.596077885478735
2024-11-12T15:16:25Z,0.0821728939190507
2024-11-12T18:44:18Z,0.0316039808094501
2024-11-13T16:37:09Z,-0.515014385804534
2024-11-13T17:40:43Z,0.5117869433015585
2024-11-13T20:24:32Z,0.0602894537150859
2024-11-14T11:36:51Z,-0.7947417944669724
2024-11-14T14:41:04Z,-0.9496171176433564
2024-11-14T16:17:34Z,-0.515014385804534
2024-11-15T00:13:26Z,-0.7122969701886177
2024-11-15T13:00:23Z,-0.0771636590361595
2024-11-15T15:43:44Z,-0.9543092716485262
2024-11-18T15:03:13Z,-0.515014385804534
2024-11-19T16:53:57Z,0.6690264865756035
2024-11-20T11:03:25Z,0.9211389198899268
2024-11-20T13:35:54Z,0.2420502984896302
2024-11-21T13:06:46Z,0.9049678705632688
2024-11-21T16:26:07Z,0.2411683844402432
2024-11-25T20:46:02Z,0.9212903259322048
2024-11-26T16:20:32Z,0.1254617869853973
2024-11-26T17:01:34Z,-0.1541340313851833
2024-11-27T00:07:53Z,0.7498631104826927
2024-11-27T13:01:17Z,-0.9295494630932808
2024-11-27T17:01:15Z,-0.7800429239869118
2024-11-27T21:21:17Z,0.3524557249620557
2024-11-28T18:15:19Z,0.1581960655748844
2024-12-02T23:24:32Z,-0.9288679845631124
2024-12-03T14:29:04Z,0.7847413280978799
2024-12-04T18:45:56Z,0.0011657811701297
2024-12-05T14:19:02Z,0.0328898876905441
2024-12-09T15:40:40Z,0.7366872448474169
2024-12-11T12:10:13Z,0.9262131322175264
2024-12-11T12:10:59Z,0.5276653030887246
2024-12-11T12:24:50Z,-0.9473760919645428
2024-12-11T18:09:23Z,0.3767088642343879
2024-12-11T19:30:33Z,0.1573071666061878
2024-12-12T16:11:58Z,0.0458259396255016
2024-12-12T16:27:09Z,0.076871857047081
2024-12-12T17:37:52Z,0.1306027779355645
2024-12-12T18:17:10Z,0.0838919430971145
2024-12-16T12:26:45Z,-0.2434688657522201
2024-12-16T13:37:29Z,0.0044916607439517
2024-12-16T14:08:31Z,0.9137844834476708
2024-12-16T16:32:08Z,0.3851275146007538
2024-12-17T15:32:24Z,-0.515014385804534
2024-12-17T15:45:40Z,-5.768798291683197e-05
2024-12-19T17:48:23Z,0.198018193244934
2024-12-20T16:59:40Z,0.1109573543071746
2024-12-23T15:30:29Z,0.2269476763904094
2024-12-25T14:00:48Z,0.6010373141616583
2024-12-27T17:41:41Z,-0.8423693999648094
